"lambda","seed","set","sample_id","yhat","y_true"
0,23,"val",1,0.51895397901535,1
0,23,"val",2,0.455762177705765,1
0,23,"val",3,0.465738356113434,0
0,23,"val",4,0.480771332979202,1
0,23,"val",5,0.48626247048378,0
0,23,"val",6,0.433512836694717,0
0,23,"val",7,0.438582569360733,0
0,23,"val",8,0.457606554031372,1
0,23,"val",9,0.443728297948837,1
0,23,"val",10,0.507325172424316,1
0,23,"val",11,0.49949049949646,1
0,23,"val",12,0.285640746355057,0
0,23,"val",13,0.287147045135498,0
0,23,"val",14,0.499343752861023,0
0,23,"val",15,0.471158027648926,0
0,23,"val",16,0.561878621578217,0
0,23,"val",17,0.537658154964447,1
0,23,"val",18,0.608381271362305,1
0,23,"val",19,0.595385551452637,1
0,23,"val",20,0.546007513999939,1
0,23,"val",21,0.495175719261169,1
0,23,"val",22,0.606631100177765,1
0,23,"val",23,0.598163068294525,1
0,23,"val",24,0.566574335098267,1
0,23,"val",25,0.582121789455414,1
0,23,"val",26,0.51895397901535,1
0,23,"val",27,0.512416124343872,0
0,23,"val",28,0.465738356113434,1
0,23,"val",29,0.446801513433456,1
0,23,"val",30,0.48626247048378,1
0,23,"val",31,0.495371401309967,1
0,23,"val",32,0.438582569360733,1
0,23,"val",33,0.464857399463654,0
0,23,"val",34,0.443728297948837,0
0,23,"val",35,0.47488722205162,0
0,23,"val",36,0.49949049949646,1
0,23,"val",37,0.455487966537476,1
0,23,"val",38,0.287147045135498,1
0,23,"val",39,0.263523489236832,1
0,23,"val",40,0.471158027648926,0
0,23,"val",41,0.472147017717361,1
0,23,"val",42,0.537658154964447,1
0,23,"val",43,0.531512022018433,0
0,23,"val",44,0.595385551452637,0
0,23,"val",45,0.585154592990875,0
0,23,"val",46,0.495175719261169,0
0,23,"val",47,0.540821075439453,0
0,23,"val",48,0.598163068294525,1
0,23,"val",49,0.588324069976807,1
0,23,"val",50,0.582121789455414,1
0,23,"val",51,0.558285295963287,0
0,23,"val",52,0.512416124343872,0
0,23,"val",53,0.512134552001953,1
0,23,"val",54,0.446801513433456,1
0,23,"val",55,0.439454406499863,1
0,23,"val",56,0.495371401309967,1
0,23,"val",57,0.509493947029114,1
0,23,"val",58,0.464857399463654,1
0,23,"val",59,0.464768499135971,0
0,23,"val",60,0.47488722205162,0
0,23,"val",61,0.475963711738586,0
0,23,"val",62,0.455487966537476,0
0,23,"val",63,0.493278115987778,0
0,23,"val",64,0.263523489236832,0
0,23,"val",65,0.352262228727341,0
0,23,"val",66,0.472147017717361,0
0,23,"val",67,0.446715474128723,1
0,23,"val",68,0.531512022018433,1
0,23,"val",69,0.566684007644653,1
0,23,"val",70,0.585154592990875,1
0,23,"val",71,0.572731733322144,1
0,23,"val",72,0.540821075439453,1
0,23,"val",73,0.544297873973846,1
0,23,"val",74,0.588324069976807,1
0,23,"val",75,0.673510372638702,1
0,23,"val",76,0.558285295963287,0
0,23,"val",77,0.551332294940948,0
0,23,"val",78,0.512134552001953,1
0,23,"val",79,0.505089521408081,1
0,23,"val",80,0.439454406499863,0
0,23,"val",81,0.460496306419373,0
0,23,"val",82,0.509493947029114,1
0,23,"val",83,0.504300653934479,1
0,23,"val",84,0.464768499135971,1
0,23,"val",85,0.470945447683334,1
0,23,"val",86,0.475963711738586,0
0,23,"val",87,0.462812095880508,0
0,23,"val",88,0.493278115987778,0
0,23,"val",89,0.490472763776779,0
0,23,"val",90,0.352262228727341,0
0,23,"val",91,0.363114893436432,0
0,23,"val",92,0.446715474128723,0
0,23,"val",93,0.49229034781456,0
0,23,"val",94,0.566684007644653,0
0,23,"val",95,0.58918035030365,0
0,23,"val",96,0.572731733322144,1
0,23,"val",97,0.566411674022675,1
0,23,"val",98,0.544297873973846,1
0,23,"val",99,0.518378019332886,1
0,23,"val",100,0.673510372638702,0
0,23,"val",101,0.771268963813782,0
0,23,"val",102,0.551332294940948,0
0,23,"val",103,0.620759069919586,0
0,23,"val",104,0.505089521408081,1
0,23,"val",105,0.507779479026794,1
0,23,"val",106,0.460496306419373,1
0,23,"val",107,0.433389037847519,1
0,23,"val",108,0.504300653934479,1
0,23,"val",109,0.504792749881744,1
0,23,"val",110,0.470945447683334,0
0,23,"val",111,0.470832258462906,1
0,23,"val",112,0.462812095880508,0
0,23,"val",113,0.437827885150909,1
0,23,"val",114,0.490472763776779,0
0,23,"val",115,0.50113582611084,1
0,23,"val",116,0.363114893436432,1
0,23,"val",117,0.425689369440079,1
0,23,"val",118,0.49229034781456,1
0,23,"val",119,0.477797716856003,1
0,23,"val",120,0.58918035030365,0
0,23,"val",121,0.565759003162384,0
0,23,"val",122,0.566411674022675,0
0,23,"val",123,0.563973426818848,1
0,23,"val",124,0.518378019332886,1
0,23,"val",125,0.516964018344879,1
0,23,"val",126,0.771268963813782,1
0,23,"val",127,0.702283143997192,1
0,23,"val",128,0.620759069919586,1
0,23,"val",129,0.604577958583832,1
0,23,"val",130,0.507779479026794,1
0,23,"val",131,0.505741715431213,1
0,23,"val",132,0.433389037847519,1
0,23,"val",133,0.444158881902695,1
0,23,"val",134,0.504792749881744,1
0,23,"val",135,0.493165820837021,1
0,23,"val",136,0.470832258462906,0
0,23,"val",137,0.454060256481171,1
0,23,"val",138,0.437827885150909,1
0,23,"val",139,0.453752398490906,1
0,23,"val",140,0.50113582611084,1
0,23,"val",141,0.45024698972702,1
0,23,"val",142,0.425689369440079,1
0,23,"val",143,0.393463015556335,1
0,23,"val",144,0.477797716856003,1
0,23,"val",145,0.467094421386719,1
0,23,"val",146,0.565759003162384,0
0,23,"val",147,0.609943568706512,0
0,23,"val",148,0.563973426818848,1
0,23,"val",149,0.554342031478882,1
0,23,"val",150,0.516964018344879,1
0,23,"val",151,0.541507184505463,1
0,23,"val",152,0.702283143997192,1
0,23,"val",153,0.749047040939331,1
0,23,"val",154,0.604577958583832,0
0,23,"val",155,0.530015707015991,0
0,23,"val",156,0.505741715431213,0
0,23,"val",157,0.512346565723419,0
0,23,"val",158,0.444158881902695,0
0,23,"val",159,0.426210552453995,1
0,23,"val",160,0.493165820837021,1
0,23,"val",161,0.502272486686707,1
0,23,"val",162,0.454060256481171,1
0,23,"val",163,0.459669381380081,1
0,23,"val",164,0.453752398490906,1
0,23,"val",165,0.425439894199371,1
0,23,"val",166,0.45024698972702,1
0,23,"val",167,0.47715961933136,1
0,23,"val",168,0.393463015556335,0
0,23,"val",169,0.317168563604355,0
0,23,"val",170,0.467094421386719,0
0,23,"val",171,0.456150442361832,1
0,23,"val",172,0.609943568706512,1
0,23,"val",173,0.617159605026245,1
0,23,"val",174,0.554342031478882,1
0,23,"val",175,0.586883366107941,1
0,23,"val",176,0.541507184505463,1
0,23,"val",177,0.540858864784241,1
0,23,"val",178,0.749047040939331,1
0,23,"val",179,0.656724333763123,1
0,23,"val",180,0.530015707015991,1
0,23,"val",181,0.51576030254364,0
0,23,"val",182,0.512346565723419,0
0,23,"val",183,0.510716140270233,0
0,23,"val",184,0.42621049284935,0
0,23,"val",185,0.45745724439621,0
0,23,"val",186,0.502272486686707,0
0,23,"val",187,0.507331132888794,0
0,23,"val",188,0.459669381380081,0
0,23,"val",189,0.453374087810516,0
0,23,"val",190,0.425439894199371,0
0,23,"val",191,0.42196461558342,1
0,23,"val",192,0.47715961933136,1
0,23,"val",193,0.469855457544327,0
0,23,"val",194,0.317168563604355,0
0,23,"val",195,0.372748255729675,0
0,23,"val",196,0.456150442361832,0
0,23,"val",197,0.507046163082123,0
0,23,"val",198,0.617159605026245,0
0,23,"val",199,0.58907014131546,1
0,23,"val",200,0.586883366107941,1
0,23,"val",201,0.545521438121796,1
0,23,"val",202,0.540858864784241,0
0,23,"val",203,0.597934484481812,0
0,23,"val",204,0.656724333763123,0
0,23,"val",205,0.625787496566772,1
0,23,"val",206,0.51576030254364,1
0,23,"val",207,0.609620809555054,0
0,23,"val",208,0.510716140270233,0
0,23,"val",209,0.513353288173676,0
0,23,"val",210,0.45745724439621,1
0,23,"val",211,0.446247667074203,1
0,23,"val",212,0.507331132888794,1
0,23,"val",213,0.500344276428223,1
0,23,"val",214,0.453374087810516,1
0,23,"val",215,0.456726878881454,0
0,23,"val",216,0.42196461558342,0
0,23,"val",217,0.422890782356262,0
0,23,"val",218,0.469855457544327,0
0,23,"val",219,0.440712720155716,0
0,23,"val",220,0.372748255729675,1
0,23,"val",221,0.376573741436005,1
0,23,"val",222,0.507046163082123,1
0,23,"val",223,0.489608883857727,1
0,23,"val",224,0.58907014131546,1
0,23,"val",225,0.583037257194519,1
0,23,"val",226,0.545521438121796,1
0,23,"val",227,0.531731963157654,1
0,23,"val",228,0.597934484481812,1
0,23,"val",229,0.508981943130493,1
0,23,"val",230,0.625787496566772,1
0,23,"val",231,0.614101231098175,0
0,23,"val",232,0.609620809555054,0
0,23,"val",233,0.577884137630463,0
0,23,"val",234,0.513353288173676,0
0,23,"val",235,0.515066027641296,0
0,23,"val",236,0.446247667074203,0
0,23,"val",237,0.479096353054047,0
0,23,"val",238,0.500344276428223,1
0,23,"val",239,0.508375287055969,1
0,23,"val",240,0.456726878881454,1
0,23,"val",241,0.470620959997177,1
0,23,"val",242,0.422890782356262,0
0,23,"val",243,0.40756568312645,0
0,23,"val",244,0.440712720155716,0
0,23,"val",245,0.485003352165222,0
0,23,"val",246,0.376573741436005,0
0,23,"val",247,0.401807188987732,0
0,23,"val",248,0.489608883857727,0
0,23,"val",249,0.466024458408356,0
0,23,"val",250,0.583037257194519,1
0,23,"val",251,0.548016607761383,0
0,23,"val",252,0.531731963157654,0
0,23,"val",253,0.528248250484467,0
0,23,"val",254,0.508981943130493,0
0,23,"val",255,0.479799121618271,0
0,23,"val",256,0.61410117149353,0
0,23,"val",257,0.549458384513855,0
0,23,"val",258,0.577884137630463,0
0,23,"val",259,0.601813733577728,1
0,23,"val",260,0.515066027641296,1
0,23,"val",261,0.514054358005524,1
0,23,"val",262,0.479096353054047,1
0,23,"val",263,0.469316124916077,1
0,23,"val",264,0.508375287055969,1
0,23,"val",265,0.510398805141449,1
0,23,"val",266,0.470620959997177,1
0,23,"val",267,0.457660794258118,0
0,23,"val",268,0.40756568312645,0
0,23,"val",269,0.447832763195038,1
0,23,"val",270,0.485003352165222,1
0,23,"val",271,0.481442660093307,1
0,23,"val",272,0.401807188987732,1
0,23,"val",273,0.383355677127838,1
0,23,"val",274,0.466024458408356,1
0,23,"val",275,0.453325152397156,0
0,23,"val",276,0.548016607761383,1
0,23,"val",277,0.552974879741669,1
0,23,"val",278,0.528248250484467,1
0,23,"val",279,0.576389193534851,1
0,23,"val",280,0.479799121618271,1
0,23,"val",281,0.501657724380493,1
0,23,"val",282,0.549458384513855,1
0,23,"val",283,0.534322142601013,0
0,23,"val",284,0.601813733577728,0
0,23,"val",285,0.638174414634705,0
0,23,"val",286,0.514054358005524,1
0,23,"val",287,0.514392256736755,1
0,23,"val",288,0.469316124916077,1
0,23,"val",289,0.476667135953903,0
0,23,"val",290,0.510398805141449,0
0,23,"val",291,0.51071697473526,0
0,23,"val",292,0.457660794258118,1
0,23,"val",293,0.469717651605606,1
0,23,"val",294,0.447832763195038,1
0,23,"val",295,0.460743725299835,1
0,23,"val",296,0.481442660093307,0
0,23,"val",297,0.477346360683441,0
0,23,"val",298,0.383355677127838,0
0,23,"val",299,0.346939861774445,1
0,23,"val",300,0.453325152397156,1
0,23,"val",301,0.488611251115799,0
0,23,"val",302,0.552974879741669,0
0,23,"val",303,0.571656405925751,1
0,23,"val",304,0.576389193534851,1
0,23,"test",1,0.558708012104034,0
0,23,"test",2,0.501657724380493,0
0,23,"test",3,0.56098997592926,1
0,23,"test",4,0.534322142601013,1
0,23,"test",5,0.535054862499237,1
0,23,"test",6,0.638174414634705,1
0,23,"test",7,0.58334219455719,1
0,23,"test",8,0.514392256736755,1
0,23,"test",9,0.502434849739075,0
0,23,"test",10,0.476667135953903,0
0,23,"test",11,0.474494844675064,0
0,23,"test",12,0.51071697473526,1
0,23,"test",13,0.502487421035767,1
0,23,"test",14,0.469717651605606,0
0,23,"test",15,0.462402671575546,0
0,23,"test",16,0.460743725299835,0
0,23,"test",17,0.448523998260498,0
0,23,"test",18,0.477346360683441,0
0,23,"test",19,0.472013294696808,1
0,23,"test",20,0.346939861774445,1
0,23,"test",21,0.399490922689438,1
0,23,"test",22,0.488611251115799,1
0,23,"test",23,0.488835215568542,1
0,23,"test",24,0.571656405925751,1
0,23,"test",25,0.561006486415863,0
0,23,"test",26,0.558708012104034,0
0,23,"test",27,0.576450884342194,1
0,23,"test",28,0.56098997592926,0
0,23,"test",29,0.524042427539825,1
0,23,"test",30,0.535054862499237,0
0,23,"test",31,0.594747543334961,0
0,23,"test",32,0.5833420753479,0
0,23,"test",33,0.594593048095703,0
0,23,"test",34,0.502434849739075,1
0,23,"test",35,0.51069301366806,1
0,23,"test",36,0.474494844675064,1
0,23,"test",37,0.481226325035095,1
0,23,"test",38,0.502487421035767,1
0,23,"test",39,0.496965229511261,1
0,23,"test",40,0.462402671575546,1
0,23,"test",41,0.457043796777725,1
0,23,"test",42,0.448523998260498,0
0,23,"test",43,0.452540934085846,1
0,23,"test",44,0.472013294696808,1
0,23,"test",45,0.474941432476044,1
0,23,"test",46,0.399490922689438,0
0,23,"test",47,0.427427053451538,0
0,23,"test",48,0.488835215568542,0
0,23,"test",49,0.474044114351273,0
0,23,"test",50,0.561006486415863,0
0,23,"test",51,0.547247111797333,0
0,23,"test",52,0.576450884342194,1
0,23,"test",53,0.548131287097931,1
0,23,"test",54,0.524042427539825,1
0,23,"test",55,0.498862862586975,0
0,23,"test",56,0.594747543334961,0
0,23,"test",57,0.638547241687775,0
0,23,"test",58,0.594593048095703,0
0,23,"test",59,0.572491943836212,0
0,23,"test",60,0.51069301366806,0
0,23,"test",61,0.504728436470032,0
0,23,"test",62,0.481226325035095,0
0,23,"test",63,0.46310618519783,0
0,23,"test",64,0.496965229511261,1
0,23,"test",65,0.503839135169983,1
0,23,"test",66,0.457043796777725,0
0,23,"test",67,0.464611023664474,0
0,23,"test",68,0.452540934085846,0
0,23,"test",69,0.462062329053879,0
0,23,"test",70,0.474941432476044,0
0,23,"test",71,0.46503159403801,1
0,23,"test",72,0.427427053451538,1
0,23,"test",73,0.42456778883934,0
0,23,"test",74,0.474044114351273,0
0,23,"test",75,0.449222952127457,1
0,23,"test",76,0.547247111797333,1
0,23,"test",77,0.56538587808609,0
0,23,"test",78,0.548131287097931,0
0,23,"test",79,0.541399657726288,0
0,23,"test",80,0.498862862586975,0
0,23,"test",81,0.532439529895782,0
0,23,"test",82,0.638547241687775,1
0,23,"test",83,0.576531946659088,1
0,23,"test",84,0.572491943836212,1
0,23,"test",85,0.605422854423523,1
0,23,"test",86,0.504728436470032,1
0,23,"test",87,0.51338392496109,0
0,23,"test",88,0.46310618519783,1
0,23,"test",89,0.446508795022964,0
0,23,"test",90,0.503839135169983,0
0,23,"test",91,0.508342146873474,1
0,23,"test",92,0.464611023664474,0
0,23,"test",93,0.461062133312225,1
0,23,"test",94,0.462062329053879,0
0,23,"test",95,0.456742614507675,0
0,23,"test",96,0.46503159403801,0
0,23,"test",97,0.48721632361412,1
0,23,"test",98,0.42456778883934,1
0,23,"test",99,0.432094752788544,1
0,23,"test",100,0.449222952127457,1
0,23,"test",101,0.435374885797501,1
0,23,"test",102,0.56538587808609,1
0,23,"test",103,0.563904941082001,0
0,23,"test",104,0.541399657726288,0
0,23,"test",105,0.561587512493134,0
0,23,"test",106,0.532439529895782,0
0,23,"test",107,0.510329186916351,0
0,23,"test",108,0.576531946659088,1
0,23,"test",109,0.582083106040955,1
0,23,"test",110,0.605422854423523,1
0,23,"test",111,0.573597133159637,1
0,23,"test",112,0.51338392496109,1
0,23,"test",113,0.503119468688965,1
0,23,"test",114,0.446508795022964,1
0,23,"test",115,0.47526216506958,1
0,23,"test",116,0.508342146873474,1
0,23,"test",117,0.480361044406891,1
0,23,"test",118,0.461062133312225,1
0,23,"test",119,0.462984830141068,0
0,23,"test",120,0.456742614507675,1
0,23,"test",121,0.438772231340408,1
0,23,"test",122,0.48721632361412,1
0,23,"test",123,0.485835671424866,1
0,23,"test",124,0.432094752788544,0
0,23,"test",125,0.381795942783356,0
0,23,"test",126,0.435374885797501,0
0,23,"test",127,0.427262842655182,1
0,23,"test",128,0.563904941082001,1
0,23,"test",129,0.576916515827179,0
0,23,"test",130,0.561587512493134,1
0,23,"test",131,0.572537064552307,0
0,23,"test",132,0.510329186916351,1
0,23,"test",133,0.536654591560364,0
0,23,"test",134,0.582083106040955,0
0,23,"test",135,0.577565610408783,1
0,23,"test",136,0.573597133159637,1
0,23,"test",137,0.580394983291626,1
0,23,"test",138,0.503119468688965,1
0,23,"test",139,0.504921436309814,1
0,23,"test",140,0.47526216506958,1
0,23,"test",141,0.440578460693359,0
0,23,"test",142,0.480361044406891,0
0,23,"test",143,0.487183630466461,0
0,23,"test",144,0.462984830141068,0
0,23,"test",145,0.464241236448288,1
0,23,"test",146,0.438772231340408,0
0,23,"test",147,0.436019062995911,0
0,23,"test",148,0.485835671424866,0
0,23,"test",149,0.499420672655106,0
0,23,"test",150,0.381795942783356,1
0,23,"test",151,0.418983459472656,1
0,23,"test",152,0.427262842655182,1
0,23,"test",153,0.458120137453079,1
0,23,"test",154,0.576916515827179,1
0,23,"test",155,0.53610748052597,0
0,23,"test",156,0.572537064552307,0
0,23,"test",157,0.552725255489349,0
0,23,"test",158,0.536654591560364,1
0,23,"test",159,0.508920252323151,0
0,23,"test",160,0.577565610408783,0
0,23,"test",161,0.506407678127289,0
0,23,"test",162,0.580394983291626,0
0,23,"test",163,0.579359829425812,1
0,23,"test",164,0.504921436309814,0
0,23,"test",165,0.507034301757812,1
0,23,"test",166,0.440578460693359,1
0,23,"test",167,0.432678282260895,0
0,23,"test",168,0.487183630466461,1
0,23,"test",169,0.501169741153717,1
0,23,"test",170,0.464241236448288,1
0,23,"test",171,0.445307970046997,0
0,23,"test",172,0.436019062995911,0
0,23,"test",173,0.419548809528351,1
0,23,"test",174,0.499420672655106,1
0,23,"test",175,0.480265259742737,0
0,23,"test",176,0.418983459472656,0
0,23,"test",177,0.425703465938568,0
0,23,"test",178,0.458120137453079,0
0,23,"test",179,0.468127459287643,0
0,23,"test",180,0.53610748052597,1
0,23,"test",181,0.552387237548828,1
0,23,"test",182,0.552725255489349,0
0,23,"test",183,0.544485628604889,0
0,23,"test",184,0.508920252323151,0
0,23,"test",185,0.493107378482819,0
0,23,"test",186,0.506407678127289,0
0,23,"test",187,0.55049192905426,0
0,23,"test",188,0.579359829425812,0
0,23,"test",189,0.559935212135315,0
0,23,"test",190,0.507034301757812,0
0,23,"test",191,0.551685750484467,0
0,23,"test",192,0.432678282260895,0
0,23,"test",193,0.462476462125778,1
0,23,"test",194,0.501169741153717,1
0,23,"test",195,0.49757707118988,1
0,23,"test",196,0.445307970046997,1
0,23,"test",197,0.460274338722229,1
0,23,"test",198,0.419548809528351,1
0,23,"test",199,0.413325995206833,1
0,23,"test",200,0.480265259742737,0
0,23,"test",201,0.488748490810394,1
0,23,"test",202,0.425703465938568,1
0,23,"test",203,0.421148866415024,1
0,23,"test",204,0.468127459287643,1
0,23,"test",205,0.462564826011658,1
0,23,"test",206,0.552387237548828,0
0,23,"test",207,0.511889219284058,0
0,23,"test",208,0.544485628604889,0
0,23,"test",209,0.546054720878601,0
0,23,"test",210,0.493107378482819,0
0,23,"test",211,0.49881449341774,1
0,23,"test",212,0.55049192905426,0
0,23,"test",213,0.57679671049118,0
0,23,"test",214,0.559935212135315,1
0,23,"test",215,0.604534089565277,1
0,23,"test",216,0.551685750484467,1
0,23,"test",217,0.518138527870178,1
0,23,"test",218,0.462476462125778,1
0,23,"test",219,0.447748631238937,1
0,23,"test",220,0.49757707118988,1
0,23,"test",221,0.482457995414734,1
0,23,"test",222,0.460274338722229,1
0,23,"test",223,0.464245408773422,1
0,23,"test",224,0.413325995206833,1
0,23,"test",225,0.406633079051971,0
0,23,"test",226,0.488748490810394,0
0,23,"test",227,0.4650858938694,0
0,23,"test",228,0.421148866415024,1
0,23,"test",229,0.395465612411499,0
0,23,"test",230,0.462564826011658,0
0,23,"test",231,0.436298489570618,0
0,23,"test",232,0.511889219284058,1
0,23,"test",233,0.577753484249115,1
0,23,"test",234,0.546054720878601,0
0,23,"test",235,0.571794092655182,1
0,23,"test",236,0.49881449341774,1
0,23,"test",237,0.521334171295166,1
0,23,"test",238,0.57679671049118,0
0,23,"test",239,0.530775010585785,0
0,23,"test",240,0.604534089565277,0
0,23,"test",241,0.571433424949646,0
0,23,"test",242,0.518138527870178,1
0,23,"test",243,0.520343661308289,1
0,23,"test",244,0.447748631238937,1
0,23,"test",245,0.464862942695618,1
0,23,"test",246,0.482457995414734,1
0,23,"test",247,0.51151967048645,1
0,23,"test",248,0.464245349168777,0
0,23,"test",249,0.465463489294052,0
0,23,"test",250,0.406633079051971,0
0,23,"test",251,0.382826030254364,0
0,23,"test",252,0.4650858938694,1
0,23,"test",253,0.481481552124023,1
0,23,"test",254,0.395465612411499,0
0,23,"test",255,0.352153956890106,0
0,23,"test",256,0.436298489570618,1
0,23,"test",257,0.440807104110718,1
0,23,"test",258,0.577753484249115,1
0,23,"test",259,0.540564477443695,0
0,23,"test",260,0.571794092655182,1
0,23,"test",261,0.560502707958221,0
0,23,"test",262,0.521334171295166,0
0,23,"test",263,0.546191513538361,0
0,23,"test",264,0.530775010585785,1
0,23,"test",265,0.438432544469833,1
0,23,"test",266,0.571433424949646,1
0,23,"test",267,0.563973426818848,1
0,23,"test",268,0.520343661308289,1
0,23,"test",269,0.511579096317291,0
0,23,"test",270,0.464862942695618,0
0,23,"test",271,0.464125365018845,0
0,23,"test",272,0.51151967048645,1
0,23,"test",273,0.504630863666534,0
0,23,"test",274,0.465463489294052,1
0,23,"test",275,0.463521212339401,1
0,23,"test",276,0.382826030254364,1
0,23,"test",277,0.40339133143425,0
0,23,"test",278,0.481481552124023,1
0,23,"test",279,0.544570088386536,0
0,23,"test",280,0.352153927087784,0
0,23,"test",281,0.372623920440674,0
0,23,"test",282,0.440807104110718,1
0,23,"test",283,0.382266163825989,1
0,23,"test",284,0.540564477443695,1
0,23,"test",285,0.557937562465668,1
0,23,"test",286,0.560502707958221,0
0,23,"test",287,0.641336500644684,0
0,23,"test",288,0.546191513538361,0
0,23,"test",289,0.50300657749176,0
0,23,"test",290,0.438432544469833,0
0,23,"test",291,0.43111526966095,0
0,23,"test",292,0.563973426818848,1
0,23,"test",293,0.509617447853088,1
0,23,"test",294,0.511579096317291,1
0,23,"test",295,0.506987452507019,0
0,23,"test",296,0.464125365018845,0
0,23,"test",297,0.451823800802231,1
0,23,"test",298,0.504630863666534,1
0,23,"test",299,0.510350823402405,1
0,23,"test",300,0.463521212339401,0
0,23,"test",301,0.456218779087067,0
0,23,"test",302,0.40339133143425,0
0,23,"test",303,0.437244713306427,0
0,23,"test",304,0.544570088386536,0
0,23,"test",305,0.515436351299286,0
0,27,"val",1,0.501478731632233,1
0,27,"val",2,0.458661019802094,1
0,27,"val",3,0.451531499624252,0
0,27,"val",4,0.505837202072144,1
0,27,"val",5,0.50531268119812,0
0,27,"val",6,0.451882481575012,0
0,27,"val",7,0.459676414728165,0
0,27,"val",8,0.469289064407349,1
0,27,"val",9,0.461606472730637,1
0,27,"val",10,0.481023102998734,1
0,27,"val",11,0.480206787586212,1
0,27,"val",12,0.421086490154266,0
0,27,"val",13,0.418616950511932,0
0,27,"val",14,0.487917512655258,0
0,27,"val",15,0.481159389019012,0
0,27,"val",16,0.528252124786377,0
0,27,"val",17,0.519868016242981,1
0,27,"val",18,0.569308519363403,1
0,27,"val",19,0.55944436788559,1
0,27,"val",20,0.531651496887207,1
0,27,"val",21,0.514050960540771,1
0,27,"val",22,0.568347096443176,1
0,27,"val",23,0.568301320075989,1
0,27,"val",24,0.5326087474823,1
0,27,"val",25,0.529212594032288,1
0,27,"val",26,0.501478731632233,1
0,27,"val",27,0.499985307455063,0
0,27,"val",28,0.451531499624252,1
0,27,"val",29,0.458276450634003,1
0,27,"val",30,0.50531268119812,1
0,27,"val",31,0.504236936569214,1
0,27,"val",32,0.459676414728165,1
0,27,"val",33,0.480116099119186,0
0,27,"val",34,0.461606472730637,0
0,27,"val",35,0.478606969118118,0
0,27,"val",36,0.480206787586212,1
0,27,"val",37,0.455656349658966,1
0,27,"val",38,0.418616950511932,1
0,27,"val",39,0.409062385559082,1
0,27,"val",40,0.481159389019012,0
0,27,"val",41,0.482198029756546,1
0,27,"val",42,0.519868016242981,1
0,27,"val",43,0.522537291049957,0
0,27,"val",44,0.55944436788559,0
0,27,"val",45,0.5521040558815,0
0,27,"val",46,0.514050960540771,0
0,27,"val",47,0.529520928859711,0
0,27,"val",48,0.568301320075989,1
0,27,"val",49,0.5688396692276,1
0,27,"val",50,0.529212594032288,1
0,27,"val",51,0.531743824481964,0
0,27,"val",52,0.499985307455063,0
0,27,"val",53,0.500494778156281,1
0,27,"val",54,0.458276450634003,1
0,27,"val",55,0.439616322517395,1
0,27,"val",56,0.504236936569214,1
0,27,"val",57,0.502411305904388,1
0,27,"val",58,0.480116099119186,1
0,27,"val",59,0.479877173900604,0
0,27,"val",60,0.478606969118118,0
0,27,"val",61,0.479170024394989,0
0,27,"val",62,0.455656349658966,0
0,27,"val",63,0.475151360034943,0
0,27,"val",64,0.409062385559082,0
0,27,"val",65,0.441920459270477,0
0,27,"val",66,0.482198029756546,0
0,27,"val",67,0.481814712285995,1
0,27,"val",68,0.522537291049957,1
0,27,"val",69,0.531113088130951,1
0,27,"val",70,0.5521040558815,1
0,27,"val",71,0.541015863418579,1
0,27,"val",72,0.529520928859711,1
0,27,"val",73,0.531807124614716,1
0,27,"val",74,0.5688396692276,1
0,27,"val",75,0.592357933521271,1
0,27,"val",76,0.531743824481964,0
0,27,"val",77,0.529425442218781,0
0,27,"val",78,0.500494778156281,1
0,27,"val",79,0.496247321367264,1
0,27,"val",80,0.439616322517395,0
0,27,"val",81,0.446991324424744,0
0,27,"val",82,0.502411305904388,1
0,27,"val",83,0.503365516662598,1
0,27,"val",84,0.479877173900604,1
0,27,"val",85,0.490760803222656,1
0,27,"val",86,0.479170024394989,0
0,27,"val",87,0.471390724182129,0
0,27,"val",88,0.475151360034943,0
0,27,"val",89,0.473739266395569,0
0,27,"val",90,0.441920459270477,0
0,27,"val",91,0.445026725530624,0
0,27,"val",92,0.481814712285995,0
0,27,"val",93,0.486987113952637,0
0,27,"val",94,0.531113088130951,0
0,27,"val",95,0.535178303718567,0
0,27,"val",96,0.541015863418579,1
0,27,"val",97,0.538361072540283,1
0,27,"val",98,0.531807124614716,1
0,27,"val",99,0.518717408180237,1
0,27,"val",100,0.592357933521271,0
0,27,"val",101,0.623763859272003,0
0,27,"val",102,0.529425442218781,0
0,27,"val",103,0.50910359621048,0
0,27,"val",104,0.496247321367264,1
0,27,"val",105,0.49755135178566,1
0,27,"val",106,0.446991324424744,1
0,27,"val",107,0.428338825702667,1
0,27,"val",108,0.503365516662598,1
0,27,"val",109,0.503174006938934,1
0,27,"val",110,0.490760803222656,0
0,27,"val",111,0.492268651723862,1
0,27,"val",112,0.471390724182129,0
0,27,"val",113,0.456685364246368,1
0,27,"val",114,0.473739266395569,0
0,27,"val",115,0.473078995943069,1
0,27,"val",116,0.445026725530624,1
0,27,"val",117,0.466925710439682,1
0,27,"val",118,0.486987113952637,1
0,27,"val",119,0.483422428369522,1
0,27,"val",120,0.535178303718567,0
0,27,"val",121,0.527297496795654,0
0,27,"val",122,0.538361072540283,0
0,27,"val",123,0.537180185317993,1
0,27,"val",124,0.518717408180237,1
0,27,"val",125,0.521771669387817,1
0,27,"val",126,0.623763859272003,1
0,27,"val",127,0.606561303138733,1
0,27,"val",128,0.50910359621048,1
0,27,"val",129,0.52099883556366,1
0,27,"val",130,0.49755135178566,1
0,27,"val",131,0.497861862182617,1
0,27,"val",132,0.428338825702667,1
0,27,"val",133,0.437396675348282,1
0,27,"val",134,0.503174006938934,1
0,27,"val",135,0.504503846168518,1
0,27,"val",136,0.492268651723862,0
0,27,"val",137,0.475802600383759,1
0,27,"val",138,0.456685364246368,1
0,27,"val",139,0.466991692781448,1
0,27,"val",140,0.473078995943069,1
0,27,"val",141,0.46390238404274,1
0,27,"val",142,0.466925710439682,1
0,27,"val",143,0.45606255531311,1
0,27,"val",144,0.483422428369522,1
0,27,"val",145,0.481299936771393,1
0,27,"val",146,0.527297496795654,0
0,27,"val",147,0.545624077320099,0
0,27,"val",148,0.537180185317993,1
0,27,"val",149,0.530670166015625,1
0,27,"val",150,0.521771669387817,1
0,27,"val",151,0.530368983745575,1
0,27,"val",152,0.606561303138733,1
0,27,"val",153,0.611843943595886,1
0,27,"val",154,0.52099883556366,0
0,27,"val",155,0.52809727191925,0
0,27,"val",156,0.497861862182617,0
0,27,"val",157,0.4935702085495,0
0,27,"val",158,0.437396675348282,0
0,27,"val",159,0.429709255695343,1
0,27,"val",160,0.504503846168518,1
0,27,"val",161,0.503584623336792,1
0,27,"val",162,0.475802600383759,1
0,27,"val",163,0.472337692975998,1
0,27,"val",164,0.466991692781448,1
0,27,"val",165,0.450581014156342,1
0,27,"val",166,0.46390238404274,1
0,27,"val",167,0.479058355093002,1
0,27,"val",168,0.45606255531311,0
0,27,"val",169,0.428879350423813,0
0,27,"val",170,0.481299936771393,0
0,27,"val",171,0.480190008878708,1
0,27,"val",172,0.545624077320099,1
0,27,"val",173,0.546535670757294,1
0,27,"val",174,0.530670166015625,1
0,27,"val",175,0.548415720462799,1
0,27,"val",176,0.530368983745575,1
0,27,"val",177,0.527475476264954,1
0,27,"val",178,0.611843943595886,1
0,27,"val",179,0.596191585063934,1
0,27,"val",180,0.52809727191925,1
0,27,"val",181,0.517599999904633,0
0,27,"val",182,0.4935702085495,0
0,27,"val",183,0.499608278274536,0
0,27,"val",184,0.429709255695343,0
0,27,"val",185,0.443366229534149,0
0,27,"val",186,0.503584623336792,0
0,27,"val",187,0.502983629703522,0
0,27,"val",188,0.472337692975998,0
0,27,"val",189,0.476181179285049,0
0,27,"val",190,0.450581014156342,0
0,27,"val",191,0.448356866836548,1
0,27,"val",192,0.479058355093002,1
0,27,"val",193,0.47882553935051,0
0,27,"val",194,0.428879350423813,0
0,27,"val",195,0.449740558862686,0
0,27,"val",196,0.480190008878708,0
0,27,"val",197,0.489365190267563,0
0,27,"val",198,0.546535670757294,0
0,27,"val",199,0.53585547208786,1
0,27,"val",200,0.548415720462799,1
0,27,"val",201,0.52000367641449,1
0,27,"val",202,0.527475476264954,0
0,27,"val",203,0.548507571220398,0
0,27,"val",204,0.596191585063934,0
0,27,"val",205,0.576978743076324,1
0,27,"val",206,0.517599999904633,1
0,27,"val",207,0.518546402454376,0
0,27,"val",208,0.499608278274536,0
0,27,"val",209,0.502636194229126,0
0,27,"val",210,0.443366229534149,1
0,27,"val",211,0.443218618631363,1
0,27,"val",212,0.502983629703522,1
0,27,"val",213,0.503785848617554,1
0,27,"val",214,0.476181179285049,1
0,27,"val",215,0.485854208469391,0
0,27,"val",216,0.448356866836548,0
0,27,"val",217,0.449711799621582,0
0,27,"val",218,0.47882553935051,0
0,27,"val",219,0.45541062951088,0
0,27,"val",220,0.449740558862686,1
0,27,"val",221,0.446968823671341,1
0,27,"val",222,0.489365190267563,1
0,27,"val",223,0.486331939697266,1
0,27,"val",224,0.53585547208786,1
0,27,"val",225,0.533344089984894,1
0,27,"val",226,0.52000367641449,1
0,27,"val",227,0.508599996566772,1
0,27,"val",228,0.548507571220398,1
0,27,"val",229,0.516314148902893,1
0,27,"val",230,0.576978743076324,1
0,27,"val",231,0.577673316001892,0
0,27,"val",232,0.518546402454376,0
0,27,"val",233,0.529938757419586,0
0,27,"val",234,0.502636194229126,0
0,27,"val",235,0.505513191223145,0
0,27,"val",236,0.443218618631363,0
0,27,"val",237,0.465225219726562,0
0,27,"val",238,0.503785848617554,1
0,27,"val",239,0.502734541893005,1
0,27,"val",240,0.485854208469391,1
0,27,"val",241,0.485415875911713,1
0,27,"val",242,0.449711799621582,0
0,27,"val",243,0.435705453157425,0
0,27,"val",244,0.45541062951088,0
0,27,"val",245,0.473772883415222,0
0,27,"val",246,0.446968823671341,0
0,27,"val",247,0.457077234983444,0
0,27,"val",248,0.486331939697266,0
0,27,"val",249,0.481088548898697,0
0,27,"val",250,0.533344089984894,1
0,27,"val",251,0.520617306232452,0
0,27,"val",252,0.508599996566772,0
0,27,"val",253,0.511480391025543,0
0,27,"val",254,0.516314148902893,0
0,27,"val",255,0.506260335445404,0
0,27,"val",256,0.577673316001892,0
0,27,"val",257,0.57019430398941,0
0,27,"val",258,0.529938757419586,0
0,27,"val",259,0.522120952606201,1
0,27,"val",260,0.505513191223145,1
0,27,"val",261,0.502350628376007,1
0,27,"val",262,0.465225219726562,1
0,27,"val",263,0.455468893051147,1
0,27,"val",264,0.502734541893005,1
0,27,"val",265,0.502419352531433,1
0,27,"val",266,0.485415875911713,1
0,27,"val",267,0.483681976795197,0
0,27,"val",268,0.435705453157425,0
0,27,"val",269,0.461843401193619,1
0,27,"val",270,0.473772883415222,1
0,27,"val",271,0.48270770907402,1
0,27,"val",272,0.457077234983444,1
0,27,"val",273,0.451060175895691,1
0,27,"val",274,0.481088548898697,1
0,27,"val",275,0.477537572383881,0
0,27,"val",276,0.520617306232452,1
0,27,"val",277,0.522652328014374,1
0,27,"val",278,0.511480391025543,1
0,27,"val",279,0.544240295886993,1
0,27,"val",280,0.506260335445404,1
0,27,"val",281,0.512174785137177,1
0,27,"val",282,0.57019430398941,1
0,27,"val",283,0.568326413631439,0
0,27,"val",284,0.522120952606201,0
0,27,"val",285,0.493315696716309,0
0,27,"val",286,0.502350628376007,1
0,27,"val",287,0.499459326267242,1
0,27,"val",288,0.455468893051147,1
0,27,"val",289,0.459140539169312,0
0,27,"val",290,0.502419352531433,0
0,27,"val",291,0.502295732498169,0
0,27,"val",292,0.483681976795197,1
0,27,"val",293,0.487409353256226,1
0,27,"val",294,0.461843401193619,1
0,27,"val",295,0.469350934028625,1
0,27,"val",296,0.48270770907402,0
0,27,"val",297,0.470401555299759,0
0,27,"val",298,0.451060175895691,0
0,27,"val",299,0.438320904970169,1
0,27,"val",300,0.477537572383881,1
0,27,"val",301,0.486351728439331,0
0,27,"val",302,0.522652328014374,0
0,27,"val",303,0.528540134429932,1
0,27,"val",304,0.544240295886993,1
0,27,"test",1,0.53365683555603,0
0,27,"test",2,0.512174785137177,0
0,27,"test",3,0.535310506820679,1
0,27,"test",4,0.568326413631439,1
0,27,"test",5,0.579243183135986,1
0,27,"test",6,0.493315696716309,1
0,27,"test",7,0.529069006443024,1
0,27,"test",8,0.499459326267242,1
0,27,"test",9,0.491461336612701,0
0,27,"test",10,0.459140539169312,0
0,27,"test",11,0.463222622871399,0
0,27,"test",12,0.502295732498169,1
0,27,"test",13,0.503482401371002,1
0,27,"test",14,0.487409353256226,0
0,27,"test",15,0.481321722269058,0
0,27,"test",16,0.469350934028625,0
0,27,"test",17,0.463971525430679,0
0,27,"test",18,0.470401555299759,0
0,27,"test",19,0.465539425611496,1
0,27,"test",20,0.438320904970169,1
0,27,"test",21,0.448423027992249,1
0,27,"test",22,0.486351728439331,1
0,27,"test",23,0.487194359302521,1
0,27,"test",24,0.528540134429932,1
0,27,"test",25,0.527031004428864,0
0,27,"test",26,0.53365683555603,0
0,27,"test",27,0.545004189014435,1
0,27,"test",28,0.535310506820679,0
0,27,"test",29,0.522940278053284,1
0,27,"test",30,0.579243183135986,0
0,27,"test",31,0.566461503505707,0
0,27,"test",32,0.529069006443024,0
0,27,"test",33,0.525607466697693,0
0,27,"test",34,0.491461336612701,1
0,27,"test",35,0.500845730304718,1
0,27,"test",36,0.463222622871399,1
0,27,"test",37,0.465694546699524,1
0,27,"test",38,0.503482401371002,1
0,27,"test",39,0.503637075424194,1
0,27,"test",40,0.481321722269058,1
0,27,"test",41,0.480349719524384,1
0,27,"test",42,0.463971525430679,0
0,27,"test",43,0.466506123542786,1
0,27,"test",44,0.465539425611496,1
0,27,"test",45,0.458100646734238,1
0,27,"test",46,0.448423027992249,0
0,27,"test",47,0.45205619931221,0
0,27,"test",48,0.487194359302521,0
0,27,"test",49,0.481123149394989,0
0,27,"test",50,0.527031004428864,0
0,27,"test",51,0.519074857234955,0
0,27,"test",52,0.545004189014435,1
0,27,"test",53,0.523000597953796,1
0,27,"test",54,0.522940278053284,1
0,27,"test",55,0.517032384872437,0
0,27,"test",56,0.566461503505707,0
0,27,"test",57,0.591975450515747,0
0,27,"test",58,0.525607466697693,0
0,27,"test",59,0.529913246631622,0
0,27,"test",60,0.500845730304718,0
0,27,"test",61,0.492714822292328,0
0,27,"test",62,0.465694546699524,0
0,27,"test",63,0.456156641244888,0
0,27,"test",64,0.503637075424194,1
0,27,"test",65,0.503343999385834,1
0,27,"test",66,0.480349719524384,0
0,27,"test",67,0.48710024356842,0
0,27,"test",68,0.466506123542786,0
0,27,"test",69,0.471715360879898,0
0,27,"test",70,0.458100646734238,0
0,27,"test",71,0.458633780479431,1
0,27,"test",72,0.45205619931221,1
0,27,"test",73,0.46098256111145,0
0,27,"test",74,0.481123149394989,0
0,27,"test",75,0.479157030582428,1
0,27,"test",76,0.519074857234955,1
0,27,"test",77,0.527056992053986,0
0,27,"test",78,0.523000597953796,0
0,27,"test",79,0.514817595481873,0
0,27,"test",80,0.517032384872437,0
0,27,"test",81,0.5296790599823,0
0,27,"test",82,0.591975450515747,1
0,27,"test",83,0.560066103935242,1
0,27,"test",84,0.529913246631622,1
0,27,"test",85,0.520091831684113,1
0,27,"test",86,0.492714822292328,1
0,27,"test",87,0.496790885925293,0
0,27,"test",88,0.456156641244888,1
0,27,"test",89,0.437535464763641,0
0,27,"test",90,0.503343999385834,0
0,27,"test",91,0.502774477005005,1
0,27,"test",92,0.48710024356842,0
0,27,"test",93,0.485250860452652,1
0,27,"test",94,0.471715360879898,0
0,27,"test",95,0.468692868947983,0
0,27,"test",96,0.458633780479431,0
0,27,"test",97,0.468756020069122,1
0,27,"test",98,0.46098256111145,1
0,27,"test",99,0.465865254402161,1
0,27,"test",100,0.479157030582428,1
0,27,"test",101,0.479533523321152,1
0,27,"test",102,0.527056992053986,1
0,27,"test",103,0.52611368894577,0
0,27,"test",104,0.514817595481873,0
0,27,"test",105,0.534759163856506,0
0,27,"test",106,0.5296790599823,0
0,27,"test",107,0.515042006969452,0
0,27,"test",108,0.560066103935242,1
0,27,"test",109,0.566004157066345,1
0,27,"test",110,0.520091831684113,1
0,27,"test",111,0.530562102794647,1
0,27,"test",112,0.496790885925293,1
0,27,"test",113,0.491236865520477,1
0,27,"test",114,0.437535464763641,1
0,27,"test",115,0.458677142858505,1
0,27,"test",116,0.502774477005005,1
0,27,"test",117,0.505956888198853,1
0,27,"test",118,0.485250860452652,1
0,27,"test",119,0.48699939250946,0
0,27,"test",120,0.468692868947983,1
0,27,"test",121,0.458860993385315,1
0,27,"test",122,0.468756020069122,1
0,27,"test",123,0.467834889888763,1
0,27,"test",124,0.465865254402161,0
0,27,"test",125,0.445602566003799,0
0,27,"test",126,0.479533523321152,0
0,27,"test",127,0.481280386447906,1
0,27,"test",128,0.52611368894577,1
0,27,"test",129,0.530226349830627,0
0,27,"test",130,0.534759163856506,1
0,27,"test",131,0.541558980941772,0
0,27,"test",132,0.515042006969452,1
0,27,"test",133,0.526667833328247,0
0,27,"test",134,0.566004157066345,0
0,27,"test",135,0.565402090549469,1
0,27,"test",136,0.530562102794647,1
0,27,"test",137,0.529337882995605,1
0,27,"test",138,0.491236865520477,1
0,27,"test",139,0.492208331823349,1
0,27,"test",140,0.458677142858505,1
0,27,"test",141,0.432176470756531,0
0,27,"test",142,0.505956888198853,0
0,27,"test",143,0.50479793548584,0
0,27,"test",144,0.48699939250946,0
0,27,"test",145,0.476545691490173,1
0,27,"test",146,0.458860993385315,0
0,27,"test",147,0.456159830093384,0
0,27,"test",148,0.467834889888763,0
0,27,"test",149,0.473917007446289,0
0,27,"test",150,0.445602566003799,1
0,27,"test",151,0.449008941650391,1
0,27,"test",152,0.481280356645584,1
0,27,"test",153,0.478884637355804,1
0,27,"test",154,0.530226349830627,1
0,27,"test",155,0.521093428134918,0
0,27,"test",156,0.541558980941772,0
0,27,"test",157,0.527538895606995,0
0,27,"test",158,0.526667833328247,1
0,27,"test",159,0.520232200622559,0
0,27,"test",160,0.565402090549469,0
0,27,"test",161,0.577411472797394,0
0,27,"test",162,0.529337882995605,0
0,27,"test",163,0.529167532920837,1
0,27,"test",164,0.492208331823349,0
0,27,"test",165,0.496406644582748,1
0,27,"test",166,0.432176470756531,1
0,27,"test",167,0.428102821111679,0
0,27,"test",168,0.50479793548584,1
0,27,"test",169,0.50338077545166,1
0,27,"test",170,0.476545691490173,1
0,27,"test",171,0.460388541221619,0
0,27,"test",172,0.456159830093384,0
0,27,"test",173,0.444473445415497,1
0,27,"test",174,0.473917007446289,1
0,27,"test",175,0.470326960086823,0
0,27,"test",176,0.449008941650391,0
0,27,"test",177,0.460444629192352,0
0,27,"test",178,0.478884637355804,0
0,27,"test",179,0.479653984308243,0
0,27,"test",180,0.521093428134918,1
0,27,"test",181,0.525217771530151,1
0,27,"test",182,0.527538895606995,0
0,27,"test",183,0.521100282669067,0
0,27,"test",184,0.520232260227203,0
0,27,"test",185,0.50892436504364,0
0,27,"test",186,0.577411472797394,0
0,27,"test",187,0.547975301742554,0
0,27,"test",188,0.529167532920837,0
0,27,"test",189,0.528666794300079,0
0,27,"test",190,0.496406644582748,0
0,27,"test",191,0.516313433647156,0
0,27,"test",192,0.428102821111679,0
0,27,"test",193,0.44432258605957,1
0,27,"test",194,0.50338077545166,1
0,27,"test",195,0.503576576709747,1
0,27,"test",196,0.460388541221619,1
0,27,"test",197,0.482819825410843,1
0,27,"test",198,0.444473445415497,1
0,27,"test",199,0.439501941204071,1
0,27,"test",200,0.470326960086823,0
0,27,"test",201,0.469685077667236,1
0,27,"test",202,0.460444629192352,1
0,27,"test",203,0.452773541212082,1
0,27,"test",204,0.479653984308243,1
0,27,"test",205,0.478827863931656,1
0,27,"test",206,0.525217771530151,0
0,27,"test",207,0.509219288825989,0
0,27,"test",208,0.521100282669067,0
0,27,"test",209,0.521245777606964,0
0,27,"test",210,0.50892436504364,0
0,27,"test",211,0.510431170463562,1
0,27,"test",212,0.547975301742554,0
0,27,"test",213,0.560057997703552,0
0,27,"test",214,0.528666794300079,1
0,27,"test",215,0.522325038909912,1
0,27,"test",216,0.516313433647156,1
0,27,"test",217,0.498822629451752,1
0,27,"test",218,0.44432258605957,1
0,27,"test",219,0.440324068069458,1
0,27,"test",220,0.503576576709747,1
0,27,"test",221,0.505309283733368,1
0,27,"test",222,0.482819825410843,1
0,27,"test",223,0.480282783508301,1
0,27,"test",224,0.439501941204071,1
0,27,"test",225,0.437615483999252,0
0,27,"test",226,0.469685077667236,0
0,27,"test",227,0.458743631839752,0
0,27,"test",228,0.452773541212082,1
0,27,"test",229,0.446851819753647,0
0,27,"test",230,0.478827863931656,0
0,27,"test",231,0.479004591703415,0
0,27,"test",232,0.509219288825989,1
0,27,"test",233,0.539166629314423,1
0,27,"test",234,0.521245777606964,0
0,27,"test",235,0.540276288986206,1
0,27,"test",236,0.510431170463562,1
0,27,"test",237,0.516334295272827,1
0,27,"test",238,0.560057997703552,0
0,27,"test",239,0.576876938343048,0
0,27,"test",240,0.522325038909912,0
0,27,"test",241,0.528912246227264,0
0,27,"test",242,0.498822629451752,1
0,27,"test",243,0.503785490989685,1
0,27,"test",244,0.440324068069458,1
0,27,"test",245,0.447278082370758,1
0,27,"test",246,0.505309283733368,1
0,27,"test",247,0.501741409301758,1
0,27,"test",248,0.480282783508301,0
0,27,"test",249,0.479038685560226,0
0,27,"test",250,0.437615483999252,0
0,27,"test",251,0.411409229040146,0
0,27,"test",252,0.458743631839752,1
0,27,"test",253,0.449716061353683,1
0,27,"test",254,0.446851819753647,0
0,27,"test",255,0.437737911939621,0
0,27,"test",256,0.479004591703415,1
0,27,"test",257,0.476880550384521,1
0,27,"test",258,0.539166629314423,1
0,27,"test",259,0.519059717655182,0
0,27,"test",260,0.540276288986206,1
0,27,"test",261,0.534971058368683,0
0,27,"test",262,0.516334295272827,0
0,27,"test",263,0.526502788066864,0
0,27,"test",264,0.576876938343048,1
0,27,"test",265,0.581642329692841,1
0,27,"test",266,0.528912246227264,1
0,27,"test",267,0.530111074447632,1
0,27,"test",268,0.503785490989685,1
0,27,"test",269,0.501016974449158,0
0,27,"test",270,0.447278082370758,0
0,27,"test",271,0.448286861181259,0
0,27,"test",272,0.501741409301758,1
0,27,"test",273,0.502602934837341,0
0,27,"test",274,0.479038685560226,1
0,27,"test",275,0.487354576587677,1
0,27,"test",276,0.411409229040146,1
0,27,"test",277,0.432864099740982,0
0,27,"test",278,0.449716061353683,1
0,27,"test",279,0.485097229480743,0
0,27,"test",280,0.437737911939621,0
0,27,"test",281,0.433603286743164,0
0,27,"test",282,0.476880550384521,1
0,27,"test",283,0.492110699415207,1
0,27,"test",284,0.519059717655182,1
0,27,"test",285,0.527773499488831,1
0,27,"test",286,0.534971058368683,0
0,27,"test",287,0.588832259178162,0
0,27,"test",288,0.526502788066864,0
0,27,"test",289,0.514436483383179,0
0,27,"test",290,0.581642329692841,0
0,27,"test",291,0.558173656463623,0
0,27,"test",292,0.530111074447632,1
0,27,"test",293,0.52580463886261,1
0,27,"test",294,0.501016974449158,1
0,27,"test",295,0.495779186487198,0
0,27,"test",296,0.448286861181259,0
0,27,"test",297,0.444118350744247,1
0,27,"test",298,0.502602934837341,1
0,27,"test",299,0.502091288566589,1
0,27,"test",300,0.487354576587677,0
0,27,"test",301,0.487536370754242,0
0,27,"test",302,0.432864099740982,0
0,27,"test",303,0.457699209451675,0
0,27,"test",304,0.485097229480743,0
0,27,"test",305,0.483637452125549,0
0,98,"val",1,0.507964134216309,1
0,98,"val",2,0.459237039089203,1
0,98,"val",3,0.465510278940201,0
0,98,"val",4,0.4938143491745,1
0,98,"val",5,0.500005483627319,0
0,98,"val",6,0.467360377311707,0
0,98,"val",7,0.465619802474976,0
0,98,"val",8,0.461524099111557,1
0,98,"val",9,0.453370183706284,1
0,98,"val",10,0.50736141204834,1
0,98,"val",11,0.500393033027649,1
0,98,"val",12,0.271540194749832,0
0,98,"val",13,0.277074217796326,0
0,98,"val",14,0.507265985012054,0
0,98,"val",15,0.477987408638,0
0,98,"val",16,0.541804432868958,0
0,98,"val",17,0.515689134597778,1
0,98,"val",18,0.599343121051788,1
0,98,"val",19,0.589947998523712,1
0,98,"val",20,0.570772111415863,1
0,98,"val",21,0.494618594646454,1
0,98,"val",22,0.621816396713257,1
0,98,"val",23,0.610091149806976,1
0,98,"val",24,0.587652802467346,1
0,98,"val",25,0.600052535533905,1
0,98,"val",26,0.507964134216309,1
0,98,"val",27,0.501440763473511,0
0,98,"val",28,0.465510278940201,1
0,98,"val",29,0.449276745319366,1
0,98,"val",30,0.500005483627319,1
0,98,"val",31,0.509819805622101,1
0,98,"val",32,0.465619802474976,1
0,98,"val",33,0.478642880916595,0
0,98,"val",34,0.453370183706284,0
0,98,"val",35,0.484505712985992,0
0,98,"val",36,0.500393033027649,1
0,98,"val",37,0.447066605091095,1
0,98,"val",38,0.277074217796326,1
0,98,"val",39,0.253254801034927,1
0,98,"val",40,0.477987408638,0
0,98,"val",41,0.478468060493469,1
0,98,"val",42,0.515689134597778,1
0,98,"val",43,0.492790162563324,0
0,98,"val",44,0.589947998523712,0
0,98,"val",45,0.580950021743774,0
0,98,"val",46,0.494618594646454,0
0,98,"val",47,0.562231779098511,0
0,98,"val",48,0.610091149806976,1
0,98,"val",49,0.596011996269226,1
0,98,"val",50,0.600052535533905,1
0,98,"val",51,0.573652803897858,0
0,98,"val",52,0.501440763473511,0
0,98,"val",53,0.501996874809265,1
0,98,"val",54,0.449276745319366,1
0,98,"val",55,0.428360015153885,1
0,98,"val",56,0.509819805622101,1
0,98,"val",57,0.52223938703537,1
0,98,"val",58,0.478642880916595,1
0,98,"val",59,0.478670805692673,0
0,98,"val",60,0.484505712985992,0
0,98,"val",61,0.486784100532532,0
0,98,"val",62,0.447066605091095,0
0,98,"val",63,0.492963314056396,0
0,98,"val",64,0.253254801034927,0
0,98,"val",65,0.345849305391312,0
0,98,"val",66,0.478468060493469,0
0,98,"val",67,0.447440087795258,1
0,98,"val",68,0.492790162563324,1
0,98,"val",69,0.543698787689209,1
0,98,"val",70,0.580950021743774,1
0,98,"val",71,0.558128416538239,1
0,98,"val",72,0.562231779098511,1
0,98,"val",73,0.569578766822815,1
0,98,"val",74,0.596011996269226,1
0,98,"val",75,0.69651997089386,1
0,98,"val",76,0.573652803897858,0
0,98,"val",77,0.560318410396576,0
0,98,"val",78,0.501996874809265,1
0,98,"val",79,0.491888046264648,1
0,98,"val",80,0.428360015153885,0
0,98,"val",81,0.45697882771492,0
0,98,"val",82,0.52223938703537,1
0,98,"val",83,0.516121864318848,1
0,98,"val",84,0.478670805692673,1
0,98,"val",85,0.480091035366058,1
0,98,"val",86,0.486784100532532,0
0,98,"val",87,0.501706719398499,0
0,98,"val",88,0.492963314056396,0
0,98,"val",89,0.48984757065773,0
0,98,"val",90,0.345849305391312,0
0,98,"val",91,0.358892947435379,0
0,98,"val",92,0.447440087795258,0
0,98,"val",93,0.500499725341797,0
0,98,"val",94,0.543698787689209,0
0,98,"val",95,0.576259672641754,0
0,98,"val",96,0.558128416538239,1
0,98,"val",97,0.558096647262573,1
0,98,"val",98,0.569578766822815,1
0,98,"val",99,0.525730013847351,1
0,98,"val",100,0.69651997089386,0
0,98,"val",101,0.796042740345001,0
0,98,"val",102,0.560318410396576,0
0,98,"val",103,0.642225563526154,0
0,98,"val",104,0.491888046264648,1
0,98,"val",105,0.495246559381485,1
0,98,"val",106,0.45697882771492,1
0,98,"val",107,0.408197462558746,1
0,98,"val",108,0.516121864318848,1
0,98,"val",109,0.518266379833221,1
0,98,"val",110,0.480091035366058,0
0,98,"val",111,0.479358464479446,1
0,98,"val",112,0.501706719398499,0
0,98,"val",113,0.50801032781601,1
0,98,"val",114,0.48984757065773,0
0,98,"val",115,0.498684823513031,1
0,98,"val",116,0.358892947435379,1
0,98,"val",117,0.426926583051682,1
0,98,"val",118,0.500499725341797,1
0,98,"val",119,0.484501719474792,1
0,98,"val",120,0.576259672641754,0
0,98,"val",121,0.551616907119751,0
0,98,"val",122,0.558096647262573,0
0,98,"val",123,0.558129608631134,1
0,98,"val",124,0.525730013847351,1
0,98,"val",125,0.526899039745331,1
0,98,"val",126,0.796042740345001,1
0,98,"val",127,0.723329186439514,1
0,98,"val",128,0.642225563526154,1
0,98,"val",129,0.621176958084106,1
0,98,"val",130,0.495246559381485,1
0,98,"val",131,0.494997799396515,1
0,98,"val",132,0.408197462558746,1
0,98,"val",133,0.431735992431641,1
0,98,"val",134,0.518266379833221,1
0,98,"val",135,0.506665706634521,1
0,98,"val",136,0.479358464479446,0
0,98,"val",137,0.469743520021439,1
0,98,"val",138,0.50801032781601,1
0,98,"val",139,0.47389167547226,1
0,98,"val",140,0.498684823513031,1
0,98,"val",141,0.447235316038132,1
0,98,"val",142,0.426926583051682,1
0,98,"val",143,0.390671670436859,1
0,98,"val",144,0.484501719474792,1
0,98,"val",145,0.472813755273819,1
0,98,"val",146,0.551616907119751,0
0,98,"val",147,0.589832186698914,0
0,98,"val",148,0.558129608631134,1
0,98,"val",149,0.548843681812286,1
0,98,"val",150,0.526899039745331,1
0,98,"val",151,0.564324259757996,1
0,98,"val",152,0.723329246044159,1
0,98,"val",153,0.778791546821594,1
0,98,"val",154,0.621176958084106,0
0,98,"val",155,0.5412717461586,0
0,98,"val",156,0.494997799396515,0
0,98,"val",157,0.493986189365387,0
0,98,"val",158,0.431735992431641,0
0,98,"val",159,0.404506355524063,1
0,98,"val",160,0.506665706634521,1
0,98,"val",161,0.515106916427612,1
0,98,"val",162,0.469743520021439,1
0,98,"val",163,0.477620601654053,1
0,98,"val",164,0.47389167547226,1
0,98,"val",165,0.465720981359482,1
0,98,"val",166,0.447235316038132,1
0,98,"val",167,0.479333907365799,1
0,98,"val",168,0.390671670436859,0
0,98,"val",169,0.309665083885193,0
0,98,"val",170,0.472813755273819,0
0,98,"val",171,0.45987743139267,1
0,98,"val",172,0.589832186698914,1
0,98,"val",173,0.60087388753891,1
0,98,"val",174,0.548843681812286,1
0,98,"val",175,0.56188690662384,1
0,98,"val",176,0.564324259757996,1
0,98,"val",177,0.559375703334808,1
0,98,"val",178,0.778791546821594,1
0,98,"val",179,0.670707523822784,1
0,98,"val",180,0.5412717461586,1
0,98,"val",181,0.518080532550812,0
0,98,"val",182,0.493986189365387,0
0,98,"val",183,0.499898195266724,0
0,98,"val",184,0.404506355524063,0
0,98,"val",185,0.451042711734772,0
0,98,"val",186,0.515106916427612,0
0,98,"val",187,0.515736937522888,0
0,98,"val",188,0.477620601654053,0
0,98,"val",189,0.468652874231339,0
0,98,"val",190,0.465720981359482,0
0,98,"val",191,0.4664206802845,1
0,98,"val",192,0.479333907365799,1
0,98,"val",193,0.472052127122879,0
0,98,"val",194,0.309665083885193,0
0,98,"val",195,0.366327106952667,0
0,98,"val",196,0.45987743139267,0
0,98,"val",197,0.514655947685242,0
0,98,"val",198,0.60087388753891,0
0,98,"val",199,0.574548423290253,1
0,98,"val",200,0.56188690662384,1
0,98,"val",201,0.527324855327606,1
0,98,"val",202,0.559375703334808,0
0,98,"val",203,0.659026384353638,0
0,98,"val",204,0.670707523822784,0
0,98,"val",205,0.642747282981873,1
0,98,"val",206,0.518080532550812,1
0,98,"val",207,0.624513983726501,0
0,98,"val",208,0.499898195266724,0
0,98,"val",209,0.505979955196381,0
0,98,"val",210,0.451042711734772,1
0,98,"val",211,0.438718974590302,1
0,98,"val",212,0.515736937522888,1
0,98,"val",213,0.513821065425873,1
0,98,"val",214,0.468652874231339,1
0,98,"val",215,0.465564906597137,0
0,98,"val",216,0.4664206802845,0
0,98,"val",217,0.429286420345306,0
0,98,"val",218,0.472052127122879,0
0,98,"val",219,0.432903230190277,0
0,98,"val",220,0.366327106952667,1
0,98,"val",221,0.379288554191589,1
0,98,"val",222,0.514655947685242,1
0,98,"val",223,0.497859418392181,1
0,98,"val",224,0.574548423290253,1
0,98,"val",225,0.569326937198639,1
0,98,"val",226,0.527324855327606,1
0,98,"val",227,0.509676039218903,1
0,98,"val",228,0.659026384353638,1
0,98,"val",229,0.512772381305695,1
0,98,"val",230,0.642747282981873,1
0,98,"val",231,0.626137495040894,0
0,98,"val",232,0.624513983726501,0
0,98,"val",233,0.593586564064026,0
0,98,"val",234,0.505979955196381,0
0,98,"val",235,0.511662364006042,0
0,98,"val",236,0.438718974590302,0
0,98,"val",237,0.486713290214539,0
0,98,"val",238,0.513821065425873,1
0,98,"val",239,0.520262122154236,1
0,98,"val",240,0.465564906597137,1
0,98,"val",241,0.481912761926651,1
0,98,"val",242,0.429286420345306,0
0,98,"val",243,0.493003129959106,0
0,98,"val",244,0.432903230190277,0
0,98,"val",245,0.484941720962524,0
0,98,"val",246,0.379288554191589,0
0,98,"val",247,0.404256373643875,0
0,98,"val",248,0.497859418392181,0
0,98,"val",249,0.471617132425308,0
0,98,"val",250,0.569326937198639,1
0,98,"val",251,0.534285962581635,0
0,98,"val",252,0.509676039218903,0
0,98,"val",253,0.516696333885193,0
0,98,"val",254,0.512772381305695,0
0,98,"val",255,0.471213072538376,0
0,98,"val",256,0.626137554645538,0
0,98,"val",257,0.539807975292206,0
0,98,"val",258,0.593586564064026,0
0,98,"val",259,0.620185971260071,1
0,98,"val",260,0.511662364006042,1
0,98,"val",261,0.505843043327332,1
0,98,"val",262,0.486713290214539,1
0,98,"val",263,0.471613973379135,1
0,98,"val",264,0.520262122154236,1
0,98,"val",265,0.520938813686371,1
0,98,"val",266,0.481912761926651,1
0,98,"val",267,0.468489795923233,0
0,98,"val",268,0.493003129959106,0
0,98,"val",269,0.529734492301941,1
0,98,"val",270,0.484941720962524,1
0,98,"val",271,0.484253346920013,1
0,98,"val",272,0.404256373643875,1
0,98,"val",273,0.383055031299591,1
0,98,"val",274,0.471617132425308,1
0,98,"val",275,0.457230180501938,0
0,98,"val",276,0.534285962581635,1
0,98,"val",277,0.538742423057556,1
0,98,"val",278,0.516696333885193,1
0,98,"val",279,0.563302755355835,1
0,98,"val",280,0.471213072538376,1
0,98,"val",281,0.501277446746826,1
0,98,"val",282,0.539807975292206,1
0,98,"val",283,0.519283592700958,0
0,98,"val",284,0.620185971260071,0
0,98,"val",285,0.652610063552856,0
0,98,"val",286,0.505843043327332,1
0,98,"val",287,0.502160429954529,1
0,98,"val",288,0.471613973379135,1
0,98,"val",289,0.480914115905762,0
0,98,"val",290,0.520938813686371,0
0,98,"val",291,0.522194027900696,0
0,98,"val",292,0.468489795923233,1
0,98,"val",293,0.480201095342636,1
0,98,"val",294,0.529734492301941,1
0,98,"val",295,0.526181995868683,1
0,98,"val",296,0.484253346920013,0
0,98,"val",297,0.476361215114594,0
0,98,"val",298,0.383055031299591,0
0,98,"val",299,0.343526005744934,1
0,98,"val",300,0.457230180501938,1
0,98,"val",301,0.496856987476349,0
0,98,"val",302,0.538742423057556,0
0,98,"val",303,0.55958878993988,1
0,98,"val",304,0.563302755355835,1
0,98,"test",1,0.553371071815491,0
0,98,"test",2,0.501277446746826,0
0,98,"test",3,0.590423464775085,1
0,98,"test",4,0.519283592700958,1
0,98,"test",5,0.510866463184357,1
0,98,"test",6,0.652610063552856,1
0,98,"test",7,0.604005813598633,1
0,98,"test",8,0.502160429954529,1
0,98,"test",9,0.484131187200546,0
0,98,"test",10,0.480914115905762,0
0,98,"test",11,0.481240123510361,0
0,98,"test",12,0.522194027900696,1
0,98,"test",13,0.510640501976013,1
0,98,"test",14,0.480201095342636,0
0,98,"test",15,0.475525707006454,0
0,98,"test",16,0.526181995868683,0
0,98,"test",17,0.476829141378403,0
0,98,"test",18,0.476361215114594,0
0,98,"test",19,0.468861192464828,1
0,98,"test",20,0.343526005744934,1
0,98,"test",21,0.417436420917511,1
0,98,"test",22,0.496856987476349,1
0,98,"test",23,0.496711909770966,1
0,98,"test",24,0.55958878993988,1
0,98,"test",25,0.543246686458588,0
0,98,"test",26,0.553371071815491,0
0,98,"test",27,0.565851986408234,1
0,98,"test",28,0.590423464775085,0
0,98,"test",29,0.536042213439941,1
0,98,"test",30,0.510866463184357,0
0,98,"test",31,0.606447279453278,0
0,98,"test",32,0.604005813598633,0
0,98,"test",33,0.609427452087402,0
0,98,"test",34,0.484131187200546,1
0,98,"test",35,0.501867294311523,1
0,98,"test",36,0.481240123510361,1
0,98,"test",37,0.488885313272476,1
0,98,"test",38,0.510640501976013,1
0,98,"test",39,0.505168974399567,1
0,98,"test",40,0.475525707006454,1
0,98,"test",41,0.470063894987106,1
0,98,"test",42,0.476829141378403,0
0,98,"test",43,0.457968086004257,1
0,98,"test",44,0.468861192464828,1
0,98,"test",45,0.466552078723907,1
0,98,"test",46,0.417436420917511,0
0,98,"test",47,0.459156960248947,0
0,98,"test",48,0.496711909770966,0
0,98,"test",49,0.481538236141205,0
0,98,"test",50,0.543246686458588,0
0,98,"test",51,0.536583721637726,0
0,98,"test",52,0.565851986408234,1
0,98,"test",53,0.532540082931519,1
0,98,"test",54,0.536042213439941,1
0,98,"test",55,0.501480400562286,0
0,98,"test",56,0.606447279453278,0
0,98,"test",57,0.649121642112732,0
0,98,"test",58,0.609427452087402,0
0,98,"test",59,0.581742703914642,0
0,98,"test",60,0.501867294311523,0
0,98,"test",61,0.487259268760681,0
0,98,"test",62,0.488885313272476,0
0,98,"test",63,0.46559476852417,0
0,98,"test",64,0.505168974399567,1
0,98,"test",65,0.517139315605164,1
0,98,"test",66,0.470063894987106,0
0,98,"test",67,0.474844574928284,0
0,98,"test",68,0.457968086004257,0
0,98,"test",69,0.466366142034531,0
0,98,"test",70,0.466552078723907,0
0,98,"test",71,0.458018213510513,1
0,98,"test",72,0.459156960248947,1
0,98,"test",73,0.438732892274857,0
0,98,"test",74,0.481538236141205,0
0,98,"test",75,0.451664328575134,1
0,98,"test",76,0.536583721637726,1
0,98,"test",77,0.551492631435394,0
0,98,"test",78,0.532540082931519,0
0,98,"test",79,0.518354117870331,0
0,98,"test",80,0.501480400562286,0
0,98,"test",81,0.554643511772156,0
0,98,"test",82,0.649121642112732,1
0,98,"test",83,0.58465588092804,1
0,98,"test",84,0.581742703914642,1
0,98,"test",85,0.624733150005341,1
0,98,"test",86,0.487259268760681,1
0,98,"test",87,0.498465776443481,0
0,98,"test",88,0.46559476852417,1
0,98,"test",89,0.434395104646683,0
0,98,"test",90,0.517139315605164,0
0,98,"test",91,0.519716501235962,1
0,98,"test",92,0.474844574928284,0
0,98,"test",93,0.471724033355713,1
0,98,"test",94,0.466366142034531,0
0,98,"test",95,0.472422212362289,0
0,98,"test",96,0.458018213510513,0
0,98,"test",97,0.484410166740417,1
0,98,"test",98,0.438732892274857,1
0,98,"test",99,0.442361921072006,1
0,98,"test",100,0.451664328575134,1
0,98,"test",101,0.434014439582825,1
0,98,"test",102,0.551492631435394,1
0,98,"test",103,0.550968825817108,0
0,98,"test",104,0.518354117870331,0
0,98,"test",105,0.552461087703705,0
0,98,"test",106,0.554643511772156,0
0,98,"test",107,0.513570070266724,0
0,98,"test",108,0.58465588092804,1
0,98,"test",109,0.589010775089264,1
0,98,"test",110,0.624733150005341,1
0,98,"test",111,0.588933646678925,1
0,98,"test",112,0.498465776443481,1
0,98,"test",113,0.484441667795181,1
0,98,"test",114,0.434395104646683,1
0,98,"test",115,0.479340255260468,1
0,98,"test",116,0.519716501235962,1
0,98,"test",117,0.492795258760452,1
0,98,"test",118,0.471724033355713,1
0,98,"test",119,0.4729984998703,0
0,98,"test",120,0.472422212362289,1
0,98,"test",121,0.439370781183243,1
0,98,"test",122,0.484410166740417,1
0,98,"test",123,0.482666820287704,1
0,98,"test",124,0.442361921072006,0
0,98,"test",125,0.391379088163376,0
0,98,"test",126,0.434014439582825,0
0,98,"test",127,0.422945201396942,1
0,98,"test",128,0.550968825817108,1
0,98,"test",129,0.565297067165375,0
0,98,"test",130,0.552461087703705,1
0,98,"test",131,0.559989631175995,0
0,98,"test",132,0.513570070266724,1
0,98,"test",133,0.553985893726349,0
0,98,"test",134,0.589010775089264,0
0,98,"test",135,0.583026707172394,1
0,98,"test",136,0.588933646678925,1
0,98,"test",137,0.593473374843597,1
0,98,"test",138,0.484441667795181,1
0,98,"test",139,0.486888140439987,1
0,98,"test",140,0.479340255260468,1
0,98,"test",141,0.416711986064911,0
0,98,"test",142,0.492795258760452,0
0,98,"test",143,0.500103950500488,0
0,98,"test",144,0.4729984998703,0
0,98,"test",145,0.479748994112015,1
0,98,"test",146,0.439370781183243,0
0,98,"test",147,0.493053615093231,0
0,98,"test",148,0.482666820287704,0
0,98,"test",149,0.497678428888321,0
0,98,"test",150,0.391379088163376,1
0,98,"test",151,0.449660658836365,1
0,98,"test",152,0.422945201396942,1
0,98,"test",153,0.462849497795105,1
0,98,"test",154,0.565297067165375,1
0,98,"test",155,0.508834540843964,0
0,98,"test",156,0.559989631175995,0
0,98,"test",157,0.540434002876282,0
0,98,"test",158,0.553985893726349,1
0,98,"test",159,0.516209483146667,0
0,98,"test",160,0.583026766777039,0
0,98,"test",161,0.469450086355209,0
0,98,"test",162,0.593473374843597,0
0,98,"test",163,0.584588646888733,1
0,98,"test",164,0.486888140439987,0
0,98,"test",165,0.493209600448608,1
0,98,"test",166,0.416711986064911,1
0,98,"test",167,0.407457768917084,0
0,98,"test",168,0.500103950500488,1
0,98,"test",169,0.515790343284607,1
0,98,"test",170,0.479748994112015,1
0,98,"test",171,0.471639364957809,0
0,98,"test",172,0.493053615093231,0
0,98,"test",173,0.507648110389709,1
0,98,"test",174,0.497678428888321,1
0,98,"test",175,0.479011684656143,0
0,98,"test",176,0.449660658836365,0
0,98,"test",177,0.44192761182785,0
0,98,"test",178,0.462849497795105,0
0,98,"test",179,0.47486013174057,0
0,98,"test",180,0.508834540843964,1
0,98,"test",181,0.530988156795502,1
0,98,"test",182,0.540434002876282,0
0,98,"test",183,0.530265212059021,0
0,98,"test",184,0.516209483146667,0
0,98,"test",185,0.48902615904808,0
0,98,"test",186,0.469450086355209,0
0,98,"test",187,0.554078996181488,0
0,98,"test",188,0.584588646888733,0
0,98,"test",189,0.564335942268372,0
0,98,"test",190,0.493209600448608,0
0,98,"test",191,0.55048656463623,0
0,98,"test",192,0.407457768917084,0
0,98,"test",193,0.456744462251663,1
0,98,"test",194,0.515790343284607,1
0,98,"test",195,0.512106597423553,1
0,98,"test",196,0.471639364957809,1
0,98,"test",197,0.472287386655807,1
0,98,"test",198,0.507648110389709,1
0,98,"test",199,0.506062507629395,1
0,98,"test",200,0.479011684656143,0
0,98,"test",201,0.486273765563965,1
0,98,"test",202,0.44192761182785,1
0,98,"test",203,0.447496950626373,1
0,98,"test",204,0.47486013174057,1
0,98,"test",205,0.468336462974548,1
0,98,"test",206,0.530988156795502,0
0,98,"test",207,0.491889327764511,0
0,98,"test",208,0.530265212059021,0
0,98,"test",209,0.529748022556305,0
0,98,"test",210,0.48902615904808,0
0,98,"test",211,0.496865510940552,1
0,98,"test",212,0.554078996181488,0
0,98,"test",213,0.585031628608704,0
0,98,"test",214,0.564335942268372,1
0,98,"test",215,0.614797472953796,1
0,98,"test",216,0.55048656463623,1
0,98,"test",217,0.504446923732758,1
0,98,"test",218,0.456744462251663,1
0,98,"test",219,0.438164860010147,1
0,98,"test",220,0.512106597423553,1
0,98,"test",221,0.494017720222473,1
0,98,"test",222,0.472287386655807,1
0,98,"test",223,0.477958172559738,1
0,98,"test",224,0.506062507629395,1
0,98,"test",225,0.465752869844437,0
0,98,"test",226,0.486273765563965,0
0,98,"test",227,0.458145171403885,0
0,98,"test",228,0.447496950626373,1
0,98,"test",229,0.413161396980286,0
0,98,"test",230,0.468336462974548,0
0,98,"test",231,0.435364127159119,0
0,98,"test",232,0.491889327764511,1
0,98,"test",233,0.541056156158447,1
0,98,"test",234,0.529748022556305,0
0,98,"test",235,0.557065904140472,1
0,98,"test",236,0.496865510940552,1
0,98,"test",237,0.527875423431396,1
0,98,"test",238,0.585031628608704,0
0,98,"test",239,0.506823480129242,0
0,98,"test",240,0.614797472953796,0
0,98,"test",241,0.57314795255661,0
0,98,"test",242,0.504446923732758,1
0,98,"test",243,0.511752665042877,1
0,98,"test",244,0.438164860010147,1
0,98,"test",245,0.461626082658768,1
0,98,"test",246,0.494017720222473,1
0,98,"test",247,0.524981498718262,1
0,98,"test",248,0.477958172559738,0
0,98,"test",249,0.4797323346138,0
0,98,"test",250,0.465752869844437,0
0,98,"test",251,0.448671936988831,0
0,98,"test",252,0.458145171403885,1
0,98,"test",253,0.465125441551208,1
0,98,"test",254,0.413161396980286,0
0,98,"test",255,0.353771209716797,0
0,98,"test",256,0.435364127159119,1
0,98,"test",257,0.441611558198929,1
0,98,"test",258,0.541056156158447,1
0,98,"test",259,0.523732244968414,0
0,98,"test",260,0.557065904140472,1
0,98,"test",261,0.555770933628082,0
0,98,"test",262,0.527875423431396,0
0,98,"test",263,0.564096987247467,0
0,98,"test",264,0.506823480129242,1
0,98,"test",265,0.31772169470787,1
0,98,"test",266,0.57314795255661,1
0,98,"test",267,0.573253750801086,1
0,98,"test",268,0.511752665042877,1
0,98,"test",269,0.502525210380554,0
0,98,"test",270,0.461626082658768,0
0,98,"test",271,0.46165856719017,0
0,98,"test",272,0.524981498718262,1
0,98,"test",273,0.519299030303955,0
0,98,"test",274,0.4797323346138,1
0,98,"test",275,0.473435640335083,1
0,98,"test",276,0.448671936988831,1
0,98,"test",277,0.483530670404434,0
0,98,"test",278,0.465125441551208,1
0,98,"test",279,0.534357845783234,0
0,98,"test",280,0.353771209716797,0
0,98,"test",281,0.39567506313324,0
0,98,"test",282,0.441611558198929,1
0,98,"test",283,0.355894863605499,1
0,98,"test",284,0.523732244968414,1
0,98,"test",285,0.53521591424942,1
0,98,"test",286,0.555770933628082,0
0,98,"test",287,0.622515022754669,0
0,98,"test",288,0.564096987247467,0
0,98,"test",289,0.504284262657166,0
0,98,"test",290,0.31772169470787,0
0,98,"test",291,0.374118089675903,0
0,98,"test",292,0.573253750801086,1
0,98,"test",293,0.522357046604156,1
0,98,"test",294,0.502525210380554,1
0,98,"test",295,0.492383688688278,0
0,98,"test",296,0.46165856719017,0
0,98,"test",297,0.44555875658989,1
0,98,"test",298,0.519299030303955,1
0,98,"test",299,0.523667633533478,1
0,98,"test",300,0.473435640335083,0
0,98,"test",301,0.463410913944244,0
0,98,"test",302,0.483530670404434,0
0,98,"test",303,0.465754479169846,0
0,98,"test",304,0.534357845783234,0
0,98,"test",305,0.514840960502625,0
0,41,"val",1,0.517345011234283,1
0,41,"val",2,0.48129203915596,1
0,41,"val",3,0.469705373048782,0
0,41,"val",4,0.499759763479233,1
0,41,"val",5,0.503151774406433,0
0,41,"val",6,0.433025270700455,0
0,41,"val",7,0.439487129449844,0
0,41,"val",8,0.471073806285858,1
0,41,"val",9,0.462174773216248,1
0,41,"val",10,0.478600651025772,1
0,41,"val",11,0.472103536128998,1
0,41,"val",12,0.348480373620987,0
0,41,"val",13,0.347661703824997,0
0,41,"val",14,0.488586664199829,0
0,41,"val",15,0.479801148176193,0
0,41,"val",16,0.539968550205231,0
0,41,"val",17,0.526473939418793,1
0,41,"val",18,0.580296695232391,1
0,41,"val",19,0.570032060146332,1
0,41,"val",20,0.545645534992218,1
0,41,"val",21,0.506483793258667,1
0,41,"val",22,0.573863446712494,1
0,41,"val",23,0.571344017982483,1
0,41,"val",24,0.559900045394897,1
0,41,"val",25,0.560778796672821,1
0,41,"val",26,0.517345011234283,1
0,41,"val",27,0.513953745365143,0
0,41,"val",28,0.469705373048782,1
0,41,"val",29,0.483359783887863,1
0,41,"val",30,0.503151774406433,1
0,41,"val",31,0.50703227519989,1
0,41,"val",32,0.439487129449844,1
0,41,"val",33,0.467599838972092,0
0,41,"val",34,0.462174773216248,0
0,41,"val",35,0.481471449136734,0
0,41,"val",36,0.472103536128998,1
0,41,"val",37,0.429468214511871,1
0,41,"val",38,0.347661703824997,1
0,41,"val",39,0.331645339727402,1
0,41,"val",40,0.479801148176193,0
0,41,"val",41,0.47894224524498,1
0,41,"val",42,0.526473939418793,1
0,41,"val",43,0.52442193031311,0
0,41,"val",44,0.570032060146332,0
0,41,"val",45,0.558747291564941,0
0,41,"val",46,0.506483793258667,0
0,41,"val",47,0.541207671165466,0
0,41,"val",48,0.571344017982483,1
0,41,"val",49,0.568995296955109,1
0,41,"val",50,0.560778796672821,1
0,41,"val",51,0.555169463157654,0
0,41,"val",52,0.513953745365143,0
0,41,"val",53,0.515643954277039,1
0,41,"val",54,0.483359783887863,1
0,41,"val",55,0.470799475908279,1
0,41,"val",56,0.50703227519989,1
0,41,"val",57,0.509701192378998,1
0,41,"val",58,0.467599838972092,1
0,41,"val",59,0.467442661523819,0
0,41,"val",60,0.481471449136734,0
0,41,"val",61,0.482010662555695,0
0,41,"val",62,0.429468214511871,0
0,41,"val",63,0.463914752006531,0
0,41,"val",64,0.331645339727402,0
0,41,"val",65,0.390253841876984,0
0,41,"val",66,0.47894224524498,0
0,41,"val",67,0.470463007688522,1
0,41,"val",68,0.52442193031311,1
0,41,"val",69,0.543044328689575,1
0,41,"val",70,0.558747291564941,1
0,41,"val",71,0.517764031887054,1
0,41,"val",72,0.541207671165466,1
0,41,"val",73,0.545274019241333,1
0,41,"val",74,0.568995296955109,1
0,41,"val",75,0.613147139549255,1
0,41,"val",76,0.555169463157654,0
0,41,"val",77,0.549185454845428,0
0,41,"val",78,0.515643954277039,1
0,41,"val",79,0.501948058605194,1
0,41,"val",80,0.470799475908279,0
0,41,"val",81,0.467601537704468,0
0,41,"val",82,0.509701192378998,1
0,41,"val",83,0.50469309091568,1
0,41,"val",84,0.467442661523819,1
0,41,"val",85,0.476256400346756,1
0,41,"val",86,0.482010662555695,0
0,41,"val",87,0.471693366765976,0
0,41,"val",88,0.463914752006531,0
0,41,"val",89,0.46099516749382,0
0,41,"val",90,0.390253841876984,0
0,41,"val",91,0.397357702255249,0
0,41,"val",92,0.470463007688522,0
0,41,"val",93,0.488413542509079,0
0,41,"val",94,0.543044328689575,0
0,41,"val",95,0.554179131984711,0
0,41,"val",96,0.517764031887054,1
0,41,"val",97,0.525200664997101,1
0,41,"val",98,0.545274019241333,1
0,41,"val",99,0.520880341529846,1
0,41,"val",100,0.613147139549255,0
0,41,"val",101,0.673563063144684,0
0,41,"val",102,0.549185454845428,0
0,41,"val",103,0.563987731933594,0
0,41,"val",104,0.501948058605194,1
0,41,"val",105,0.50647759437561,1
0,41,"val",106,0.467601537704468,1
0,41,"val",107,0.456654131412506,1
0,41,"val",108,0.50469309091568,1
0,41,"val",109,0.507895231246948,1
0,41,"val",110,0.476256400346756,0
0,41,"val",111,0.476875275373459,1
0,41,"val",112,0.471693366765976,0
0,41,"val",113,0.4559006690979,1
0,41,"val",114,0.46099516749382,0
0,41,"val",115,0.467976748943329,1
0,41,"val",116,0.397357702255249,1
0,41,"val",117,0.442048728466034,1
0,41,"val",118,0.488413542509079,1
0,41,"val",119,0.480475753545761,1
0,41,"val",120,0.554179131984711,0
0,41,"val",121,0.541134417057037,0
0,41,"val",122,0.525200664997101,0
0,41,"val",123,0.528541028499603,1
0,41,"val",124,0.520880341529846,1
0,41,"val",125,0.523382067680359,1
0,41,"val",126,0.673563063144684,1
0,41,"val",127,0.634485602378845,1
0,41,"val",128,0.563987731933594,1
0,41,"val",129,0.5624178647995,1
0,41,"val",130,0.50647759437561,1
0,41,"val",131,0.507032155990601,1
0,41,"val",132,0.456654131412506,1
0,41,"val",133,0.466202616691589,1
0,41,"val",134,0.507895231246948,1
0,41,"val",135,0.502107381820679,1
0,41,"val",136,0.476875275373459,0
0,41,"val",137,0.457856804132462,1
0,41,"val",138,0.4559006690979,1
0,41,"val",139,0.467831343412399,1
0,41,"val",140,0.467976748943329,1
0,41,"val",141,0.42783460021019,1
0,41,"val",142,0.442048728466034,1
0,41,"val",143,0.418549567461014,1
0,41,"val",144,0.480475753545761,1
0,41,"val",145,0.477359980344772,1
0,41,"val",146,0.541134417057037,0
0,41,"val",147,0.566562533378601,0
0,41,"val",148,0.528541028499603,1
0,41,"val",149,0.519441545009613,1
0,41,"val",150,0.523382067680359,1
0,41,"val",151,0.542483806610107,1
0,41,"val",152,0.634485602378845,1
0,41,"val",153,0.654552102088928,1
0,41,"val",154,0.5624178647995,0
0,41,"val",155,0.545959174633026,0
0,41,"val",156,0.507032155990601,0
0,41,"val",157,0.494332045316696,0
0,41,"val",158,0.466202616691589,0
0,41,"val",159,0.466665536165237,1
0,41,"val",160,0.502107381820679,1
0,41,"val",161,0.505039930343628,1
0,41,"val",162,0.457856804132462,1
0,41,"val",163,0.460910975933075,1
0,41,"val",164,0.467831343412399,1
0,41,"val",165,0.450508803129196,1
0,41,"val",166,0.42783460021019,1
0,41,"val",167,0.453960478305817,1
0,41,"val",168,0.418549567461014,0
0,41,"val",169,0.36658439040184,0
0,41,"val",170,0.477359980344772,0
0,41,"val",171,0.473670601844788,1
0,41,"val",172,0.566562533378601,1
0,41,"val",173,0.570172667503357,1
0,41,"val",174,0.519441545009613,1
0,41,"val",175,0.51185017824173,1
0,41,"val",176,0.542483806610107,1
0,41,"val",177,0.538929224014282,1
0,41,"val",178,0.654552102088928,1
0,41,"val",179,0.611617267131805,1
0,41,"val",180,0.545959174633026,1
0,41,"val",181,0.531309008598328,0
0,41,"val",182,0.494332045316696,0
0,41,"val",183,0.512961566448212,0
0,41,"val",184,0.466665536165237,0
0,41,"val",185,0.46492725610733,0
0,41,"val",186,0.505039930343628,0
0,41,"val",187,0.503348588943481,0
0,41,"val",188,0.460910975933075,0
0,41,"val",189,0.457446157932281,0
0,41,"val",190,0.450508803129196,0
0,41,"val",191,0.448419064283371,1
0,41,"val",192,0.453960478305817,1
0,41,"val",193,0.447898209095001,0
0,41,"val",194,0.36658439040184,0
0,41,"val",195,0.404116719961166,0
0,41,"val",196,0.473670601844788,0
0,41,"val",197,0.490117996931076,0
0,41,"val",198,0.570172667503357,0
0,41,"val",199,0.554393112659454,1
0,41,"val",200,0.51185017824173,1
0,41,"val",201,0.483440607786179,1
0,41,"val",202,0.538929224014282,0
0,41,"val",203,0.588004589080811,0
0,41,"val",204,0.611617267131805,0
0,41,"val",205,0.586219668388367,1
0,41,"val",206,0.531309008598328,1
0,41,"val",207,0.561805903911591,0
0,41,"val",208,0.512961566448212,0
0,41,"val",209,0.522481441497803,0
0,41,"val",210,0.46492725610733,1
0,41,"val",211,0.471256971359253,1
0,41,"val",212,0.503348588943481,1
0,41,"val",213,0.505275666713715,1
0,41,"val",214,0.457446157932281,1
0,41,"val",215,0.463991403579712,0
0,41,"val",216,0.448419064283371,0
0,41,"val",217,0.449444204568863,0
0,41,"val",218,0.447898209095001,0
0,41,"val",219,0.4195336997509,0
0,41,"val",220,0.404116719961166,1
0,41,"val",221,0.404751241207123,1
0,41,"val",222,0.490117996931076,1
0,41,"val",223,0.487956285476685,1
0,41,"val",224,0.554393112659454,1
0,41,"val",225,0.550861001014709,1
0,41,"val",226,0.483440607786179,1
0,41,"val",227,0.464104473590851,1
0,41,"val",228,0.588004589080811,1
0,41,"val",229,0.514559209346771,1
0,41,"val",230,0.586219668388367,1
0,41,"val",231,0.583404660224915,0
0,41,"val",232,0.561805903911591,0
0,41,"val",233,0.558917224407196,0
0,41,"val",234,0.522481441497803,0
0,41,"val",235,0.531611323356628,0
0,41,"val",236,0.471256971359253,0
0,41,"val",237,0.47821894288063,0
0,41,"val",238,0.505275666713715,1
0,41,"val",239,0.507584393024445,1
0,41,"val",240,0.463991403579712,1
0,41,"val",241,0.473712593317032,1
0,41,"val",242,0.449444204568863,0
0,41,"val",243,0.438590705394745,0
0,41,"val",244,0.4195336997509,0
0,41,"val",245,0.457066744565964,0
0,41,"val",246,0.404751241207123,0
0,41,"val",247,0.424164772033691,0
0,41,"val",248,0.487956285476685,0
0,41,"val",249,0.477045178413391,0
0,41,"val",250,0.550861001014709,1
0,41,"val",251,0.530825257301331,0
0,41,"val",252,0.464104473590851,0
0,41,"val",253,0.482614904642105,0
0,41,"val",254,0.514559209346771,0
0,41,"val",255,0.492417335510254,0
0,41,"val",256,0.583404660224915,0
0,41,"val",257,0.560458898544312,0
0,41,"val",258,0.558917224407196,0
0,41,"val",259,0.56308776140213,1
0,41,"val",260,0.531611323356628,1
0,41,"val",261,0.521336257457733,1
0,41,"val",262,0.47821894288063,1
0,41,"val",263,0.472193747758865,1
0,41,"val",264,0.507584393024445,1
0,41,"val",265,0.507466197013855,1
0,41,"val",266,0.473712593317032,1
0,41,"val",267,0.463785886764526,0
0,41,"val",268,0.438590705394745,0
0,41,"val",269,0.459764838218689,1
0,41,"val",270,0.457066744565964,1
0,41,"val",271,0.459464192390442,1
0,41,"val",272,0.424164772033691,1
0,41,"val",273,0.411011099815369,1
0,41,"val",274,0.477045178413391,1
0,41,"val",275,0.473821103572845,0
0,41,"val",276,0.530825257301331,1
0,41,"val",277,0.533809542655945,1
0,41,"val",278,0.482614904642105,1
0,41,"val",279,0.525258183479309,1
0,41,"val",280,0.492417335510254,1
0,41,"val",281,0.507506668567657,1
0,41,"val",282,0.560458898544312,1
0,41,"val",283,0.55542266368866,0
0,41,"val",284,0.56308776140213,0
0,41,"val",285,0.557931244373322,0
0,41,"val",286,0.521336257457733,1
0,41,"val",287,0.512012422084808,1
0,41,"val",288,0.472193747758865,1
0,41,"val",289,0.471587210893631,0
0,41,"val",290,0.507466197013855,0
0,41,"val",291,0.508754014968872,0
0,41,"val",292,0.463785886764526,1
0,41,"val",293,0.473959863185883,1
0,41,"val",294,0.459764838218689,1
0,41,"val",295,0.467674642801285,1
0,41,"val",296,0.459464192390442,0
0,41,"val",297,0.449739038944244,0
0,41,"val",298,0.411011099815369,0
0,41,"val",299,0.38559889793396,1
0,41,"val",300,0.473821103572845,1
0,41,"val",301,0.488453239202499,0
0,41,"val",302,0.533809542655945,0
0,41,"val",303,0.544072687625885,1
0,41,"val",304,0.525258183479309,1
0,41,"test",1,0.524254679679871,0
0,41,"test",2,0.507506668567657,0
0,41,"test",3,0.555288374423981,1
0,41,"test",4,0.55542266368866,1
0,41,"test",5,0.566920280456543,1
0,41,"test",6,0.557931244373322,1
0,41,"test",7,0.562313556671143,1
0,41,"test",8,0.512012422084808,1
0,41,"test",9,0.488097637891769,0
0,41,"test",10,0.471587210893631,0
0,41,"test",11,0.478426873683929,0
0,41,"test",12,0.508754014968872,1
0,41,"test",13,0.499611914157867,1
0,41,"test",14,0.473959863185883,0
0,41,"test",15,0.46632918715477,0
0,41,"test",16,0.467674642801285,0
0,41,"test",17,0.464306592941284,0
0,41,"test",18,0.449739038944244,0
0,41,"test",19,0.443799078464508,1
0,41,"test",20,0.38559889793396,1
0,41,"test",21,0.411848515272141,1
0,41,"test",22,0.488453239202499,1
0,41,"test",23,0.490967303514481,1
0,41,"test",24,0.544072687625885,1
0,41,"test",25,0.539102613925934,0
0,41,"test",26,0.524254679679871,0
0,41,"test",27,0.531055808067322,1
0,41,"test",28,0.555288374423981,0
0,41,"test",29,0.527451515197754,1
0,41,"test",30,0.566920280456543,0
0,41,"test",31,0.568941116333008,0
0,41,"test",32,0.562313556671143,0
0,41,"test",33,0.560722351074219,0
0,41,"test",34,0.488097637891769,1
0,41,"test",35,0.517052233219147,1
0,41,"test",36,0.478426873683929,1
0,41,"test",37,0.477389961481094,1
0,41,"test",38,0.499611914157867,1
0,41,"test",39,0.495903551578522,1
0,41,"test",40,0.46632918715477,1
0,41,"test",41,0.461945354938507,1
0,41,"test",42,0.464306592941284,0
0,41,"test",43,0.467811316251755,1
0,41,"test",44,0.443799078464508,1
0,41,"test",45,0.44276624917984,1
0,41,"test",46,0.411848515272141,0
0,41,"test",47,0.421299755573273,0
0,41,"test",48,0.490967303514481,0
0,41,"test",49,0.483055531978607,0
0,41,"test",50,0.539102613925934,0
0,41,"test",51,0.529623687267303,0
0,41,"test",52,0.531055808067322,1
0,41,"test",53,0.491179585456848,1
0,41,"test",54,0.527451515197754,1
0,41,"test",55,0.511053264141083,0
0,41,"test",56,0.568941116333008,0
0,41,"test",57,0.602730989456177,0
0,41,"test",58,0.560722351074219,0
0,41,"test",59,0.553894519805908,0
0,41,"test",60,0.517052233219147,0
0,41,"test",61,0.49207666516304,0
0,41,"test",62,0.477389961481094,0
0,41,"test",63,0.476278305053711,0
0,41,"test",64,0.495903551578522,1
0,41,"test",65,0.506916344165802,1
0,41,"test",66,0.461945354938507,0
0,41,"test",67,0.470341950654984,0
0,41,"test",68,0.467811316251755,0
0,41,"test",69,0.473868608474731,0
0,41,"test",70,0.44276624917984,0
0,41,"test",71,0.436566889286041,1
0,41,"test",72,0.421299755573273,1
0,41,"test",73,0.437959492206573,0
0,41,"test",74,0.483055531978607,0
0,41,"test",75,0.471614927053452,1
0,41,"test",76,0.529623687267303,1
0,41,"test",77,0.540870547294617,0
0,41,"test",78,0.491179585456848,0
0,41,"test",79,0.470146656036377,0
0,41,"test",80,0.511053264141083,0
0,41,"test",81,0.538496136665344,0
0,41,"test",82,0.602730989456177,1
0,41,"test",83,0.558868885040283,1
0,41,"test",84,0.553894519805908,1
0,41,"test",85,0.563675820827484,1
0,41,"test",86,0.49207666516304,1
0,41,"test",87,0.504108548164368,0
0,41,"test",88,0.476278364658356,1
0,41,"test",89,0.464865177869797,0
0,41,"test",90,0.506916344165802,0
0,41,"test",91,0.506897568702698,1
0,41,"test",92,0.470341950654984,0
0,41,"test",93,0.466999411582947,1
0,41,"test",94,0.473868608474731,0
0,41,"test",95,0.469886928796768,0
0,41,"test",96,0.436566889286041,0
0,41,"test",97,0.455787807703018,1
0,41,"test",98,0.437959492206573,1
0,41,"test",99,0.446263790130615,1
0,41,"test",100,0.471614927053452,1
0,41,"test",101,0.467376351356506,1
0,41,"test",102,0.540870547294617,1
0,41,"test",103,0.539820551872253,0
0,41,"test",104,0.470146656036377,0
0,41,"test",105,0.518242239952087,0
0,41,"test",106,0.538496136665344,0
0,41,"test",107,0.513951301574707,0
0,41,"test",108,0.558868885040283,1
0,41,"test",109,0.565006017684937,1
0,41,"test",110,0.563675820827484,1
0,41,"test",111,0.557994961738586,1
0,41,"test",112,0.504108548164368,1
0,41,"test",113,0.487741649150848,1
0,41,"test",114,0.464865177869797,1
0,41,"test",115,0.472106873989105,1
0,41,"test",116,0.506897568702698,1
0,41,"test",117,0.505010366439819,1
0,41,"test",118,0.466999411582947,1
0,41,"test",119,0.469150245189667,0
0,41,"test",120,0.469886928796768,1
0,41,"test",121,0.459316551685333,1
0,41,"test",122,0.455787807703018,1
0,41,"test",123,0.454348146915436,1
0,41,"test",124,0.446263790130615,0
0,41,"test",125,0.404285728931427,0
0,41,"test",126,0.467376351356506,0
0,41,"test",127,0.465249389410019,1
0,41,"test",128,0.539820551872253,1
0,41,"test",129,0.546978533267975,0
0,41,"test",130,0.518242239952087,1
0,41,"test",131,0.522142589092255,0
0,41,"test",132,0.513951301574707,1
0,41,"test",133,0.536414265632629,0
0,41,"test",134,0.565006017684937,0
0,41,"test",135,0.563289105892181,1
0,41,"test",136,0.557994961738586,1
0,41,"test",137,0.557780385017395,1
0,41,"test",138,0.487741649150848,1
0,41,"test",139,0.490752071142197,1
0,41,"test",140,0.472106873989105,1
0,41,"test",141,0.450644820928574,0
0,41,"test",142,0.505010366439819,0
0,41,"test",143,0.50940603017807,0
0,41,"test",144,0.469150245189667,0
0,41,"test",145,0.46578723192215,1
0,41,"test",146,0.459316551685333,0
0,41,"test",147,0.455767542123795,0
0,41,"test",148,0.454348146915436,0
0,41,"test",149,0.467399090528488,0
0,41,"test",150,0.404285728931427,1
0,41,"test",151,0.41406786441803,1
0,41,"test",152,0.465249389410019,1
0,41,"test",153,0.475100159645081,1
0,41,"test",154,0.546978533267975,1
0,41,"test",155,0.526342451572418,0
0,41,"test",156,0.522142589092255,0
0,41,"test",157,0.502466559410095,0
0,41,"test",158,0.536414265632629,1
0,41,"test",159,0.518520355224609,0
0,41,"test",160,0.563289105892181,0
0,41,"test",161,0.560614049434662,0
0,41,"test",162,0.557780385017395,0
0,41,"test",163,0.55238151550293,1
0,41,"test",164,0.490752071142197,0
0,41,"test",165,0.502916693687439,1
0,41,"test",166,0.450644820928574,1
0,41,"test",167,0.457302302122116,0
0,41,"test",168,0.50940603017807,1
0,41,"test",169,0.509951055049896,1
0,41,"test",170,0.46578723192215,1
0,41,"test",171,0.445626318454742,0
0,41,"test",172,0.455767542123795,0
0,41,"test",173,0.444955050945282,1
0,41,"test",174,0.467399090528488,1
0,41,"test",175,0.451788932085037,0
0,41,"test",176,0.41406786441803,0
0,41,"test",177,0.437596201896667,0
0,41,"test",178,0.475100159645081,0
0,41,"test",179,0.480145990848541,0
0,41,"test",180,0.526342451572418,1
0,41,"test",181,0.534794569015503,1
0,41,"test",182,0.502466559410095,0
0,41,"test",183,0.490794003009796,0
0,41,"test",184,0.518520355224609,0
0,41,"test",185,0.500767529010773,0
0,41,"test",186,0.560614049434662,0
0,41,"test",187,0.542683720588684,0
0,41,"test",188,0.55238151550293,0
0,41,"test",189,0.547374367713928,0
0,41,"test",190,0.502916693687439,0
0,41,"test",191,0.549950659275055,0
0,41,"test",192,0.457302302122116,0
0,41,"test",193,0.461155354976654,1
0,41,"test",194,0.509951055049896,1
0,41,"test",195,0.511107504367828,1
0,41,"test",196,0.445626318454742,1
0,41,"test",197,0.465390384197235,1
0,41,"test",198,0.444955050945282,1
0,41,"test",199,0.441212803125381,1
0,41,"test",200,0.451788932085037,0
0,41,"test",201,0.457358241081238,1
0,41,"test",202,0.437596201896667,1
0,41,"test",203,0.422647505998611,1
0,41,"test",204,0.480145990848541,1
0,41,"test",205,0.477407395839691,1
0,41,"test",206,0.534794569015503,0
0,41,"test",207,0.511049926280975,0
0,41,"test",208,0.490794003009796,0
0,41,"test",209,0.487819463014603,0
0,41,"test",210,0.500767529010773,0
0,41,"test",211,0.504670977592468,1
0,41,"test",212,0.542683720588684,0
0,41,"test",213,0.558938264846802,0
0,41,"test",214,0.547374367713928,1
0,41,"test",215,0.559202015399933,1
0,41,"test",216,0.549950659275055,1
0,41,"test",217,0.509452283382416,1
0,41,"test",218,0.461155354976654,1
0,41,"test",219,0.467573642730713,1
0,41,"test",220,0.511107504367828,1
0,41,"test",221,0.508914709091187,1
0,41,"test",222,0.465390384197235,1
0,41,"test",223,0.467232137918472,1
0,41,"test",224,0.441212803125381,1
0,41,"test",225,0.439394265413284,0
0,41,"test",226,0.457358241081238,0
0,41,"test",227,0.436637789011002,0
0,41,"test",228,0.422647505998611,1
0,41,"test",229,0.408385872840881,0
0,41,"test",230,0.477407395839691,0
0,41,"test",231,0.467663705348969,0
0,41,"test",232,0.511049926280975,1
0,41,"test",233,0.549422800540924,1
0,41,"test",234,0.487819463014603,0
0,41,"test",235,0.516462624073029,1
0,41,"test",236,0.504670977592468,1
0,41,"test",237,0.520041167736053,1
0,41,"test",238,0.558938264846802,0
0,41,"test",239,0.56354945898056,0
0,41,"test",240,0.559202015399933,0
0,41,"test",241,0.547867774963379,0
0,41,"test",242,0.509452283382416,1
0,41,"test",243,0.524179100990295,1
0,41,"test",244,0.467573642730713,1
0,41,"test",245,0.464242458343506,1
0,41,"test",246,0.508914709091187,1
0,41,"test",247,0.512681066989899,1
0,41,"test",248,0.467232137918472,0
0,41,"test",249,0.467605739831924,0
0,41,"test",250,0.439394265413284,0
0,41,"test",251,0.425790816545486,0
0,41,"test",252,0.436637789011002,1
0,41,"test",253,0.443520903587341,1
0,41,"test",254,0.408385872840881,0
0,41,"test",255,0.386494010686874,0
0,41,"test",256,0.467663705348969,1
0,41,"test",257,0.469355940818787,1
0,41,"test",258,0.549422800540924,1
0,41,"test",259,0.527182161808014,0
0,41,"test",260,0.516462624073029,1
0,41,"test",261,0.527638554573059,0
0,41,"test",262,0.520041167736053,0
0,41,"test",263,0.540226519107819,0
0,41,"test",264,0.56354945898056,1
0,41,"test",265,0.574730277061462,1
0,41,"test",266,0.547867774963379,1
0,41,"test",267,0.552191853523254,1
0,41,"test",268,0.524179100990295,1
0,41,"test",269,0.517466843128204,0
0,41,"test",270,0.464242458343506,0
0,41,"test",271,0.466567993164062,0
0,41,"test",272,0.512681066989899,1
0,41,"test",273,0.512716829776764,0
0,41,"test",274,0.467605739831924,1
0,41,"test",275,0.469688206911087,1
0,41,"test",276,0.425790816545486,1
0,41,"test",277,0.436609864234924,0
0,41,"test",278,0.443520903587341,1
0,41,"test",279,0.508525609970093,0
0,41,"test",280,0.386494010686874,0
0,41,"test",281,0.379265904426575,0
0,41,"test",282,0.469355940818787,1
0,41,"test",283,0.457224130630493,1
0,41,"test",284,0.527182161808014,1
0,41,"test",285,0.538114845752716,1
0,41,"test",286,0.527638554573059,0
0,41,"test",287,0.644643545150757,0
0,41,"test",288,0.540226519107819,0
0,41,"test",289,0.510199069976807,0
0,41,"test",290,0.574730277061462,0
0,41,"test",291,0.530291676521301,0
0,41,"test",292,0.552191853523254,1
0,41,"test",293,0.541934490203857,1
0,41,"test",294,0.517466843128204,1
0,41,"test",295,0.501067996025085,0
0,41,"test",296,0.466567993164062,0
0,41,"test",297,0.469506978988647,1
0,41,"test",298,0.512716829776764,1
0,41,"test",299,0.511437594890594,1
0,41,"test",300,0.469688206911087,0
0,41,"test",301,0.464328944683075,0
0,41,"test",302,0.436609864234924,0
0,41,"test",303,0.457683712244034,0
0,41,"test",304,0.508525609970093,0
0,41,"test",305,0.487006485462189,0
0,64,"val",1,0.494521260261536,1
0,64,"val",2,0.464178472757339,1
0,64,"val",3,0.44965398311615,0
0,64,"val",4,0.502476215362549,1
0,64,"val",5,0.506296515464783,0
0,64,"val",6,0.453943431377411,0
0,64,"val",7,0.453857600688934,0
0,64,"val",8,0.460293412208557,1
0,64,"val",9,0.447394162416458,1
0,64,"val",10,0.478991895914078,1
0,64,"val",11,0.472790628671646,1
0,64,"val",12,0.340899139642715,0
0,64,"val",13,0.336649268865585,0
0,64,"val",14,0.484423100948334,0
0,64,"val",15,0.470335185527802,0
0,64,"val",16,0.546566605567932,0
0,64,"val",17,0.531211018562317,1
0,64,"val",18,0.567982256412506,1
0,64,"val",19,0.560295224189758,1
0,64,"val",20,0.544208407402039,1
0,64,"val",21,0.510902166366577,1
0,64,"val",22,0.586986124515533,1
0,64,"val",23,0.585405766963959,1
0,64,"val",24,0.560595750808716,1
0,64,"val",25,0.571116983890533,1
0,64,"val",26,0.494521260261536,1
0,64,"val",27,0.494787871837616,0
0,64,"val",28,0.44965398311615,1
0,64,"val",29,0.464188665151596,1
0,64,"val",30,0.506296515464783,1
0,64,"val",31,0.510664403438568,1
0,64,"val",32,0.453857600688934,1
0,64,"val",33,0.470483243465424,0
0,64,"val",34,0.447394162416458,0
0,64,"val",35,0.476173639297485,0
0,64,"val",36,0.472790628671646,1
0,64,"val",37,0.427883177995682,1
0,64,"val",38,0.336649268865585,1
0,64,"val",39,0.317283570766449,1
0,64,"val",40,0.470335185527802,0
0,64,"val",41,0.468861401081085,1
0,64,"val",42,0.531211018562317,1
0,64,"val",43,0.527618944644928,0
0,64,"val",44,0.560295224189758,0
0,64,"val",45,0.552623927593231,0
0,64,"val",46,0.510902166366577,0
0,64,"val",47,0.540183782577515,0
0,64,"val",48,0.585405766963959,1
0,64,"val",49,0.58407860994339,1
0,64,"val",50,0.571116983890533,1
0,64,"val",51,0.554341852664948,0
0,64,"val",52,0.494787871837616,0
0,64,"val",53,0.496676683425903,1
0,64,"val",54,0.464188665151596,1
0,64,"val",55,0.439807832241058,1
0,64,"val",56,0.510664403438568,1
0,64,"val",57,0.513822376728058,1
0,64,"val",58,0.470483243465424,1
0,64,"val",59,0.470512866973877,0
0,64,"val",60,0.476173639297485,0
0,64,"val",61,0.477279931306839,0
0,64,"val",62,0.427883177995682,0
0,64,"val",63,0.46470719575882,0
0,64,"val",64,0.317283570766449,0
0,64,"val",65,0.384132295846939,0
0,64,"val",66,0.468861401081085,0
0,64,"val",67,0.452006727457047,1
0,64,"val",68,0.527618944644928,1
0,64,"val",69,0.549868106842041,1
0,64,"val",70,0.552623927593231,1
0,64,"val",71,0.538539946079254,1
0,64,"val",72,0.540183782577515,1
0,64,"val",73,0.544314980506897,1
0,64,"val",74,0.58407860994339,1
0,64,"val",75,0.624857902526855,1
0,64,"val",76,0.554341852664948,0
0,64,"val",77,0.548179626464844,0
0,64,"val",78,0.496676683425903,1
0,64,"val",79,0.488797038793564,1
0,64,"val",80,0.439807832241058,0
0,64,"val",81,0.4440798163414,0
0,64,"val",82,0.513822376728058,1
0,64,"val",83,0.507964253425598,1
0,64,"val",84,0.470512866973877,1
0,64,"val",85,0.471685856580734,1
0,64,"val",86,0.477279931306839,0
0,64,"val",87,0.467671126127243,0
0,64,"val",88,0.46470719575882,0
0,64,"val",89,0.461789786815643,0
0,64,"val",90,0.384132295846939,0
0,64,"val",91,0.39087986946106,0
0,64,"val",92,0.452006727457047,0
0,64,"val",93,0.48387810587883,0
0,64,"val",94,0.549868106842041,0
0,64,"val",95,0.562214255332947,0
0,64,"val",96,0.538539946079254,1
0,64,"val",97,0.534593880176544,1
0,64,"val",98,0.544314980506897,1
0,64,"val",99,0.522004246711731,1
0,64,"val",100,0.624857902526855,0
0,64,"val",101,0.682677567005157,0
0,64,"val",102,0.548179626464844,0
0,64,"val",103,0.595989346504211,0
0,64,"val",104,0.488797038793564,1
0,64,"val",105,0.490901619195938,1
0,64,"val",106,0.4440798163414,1
0,64,"val",107,0.419242560863495,1
0,64,"val",108,0.507964253425598,1
0,64,"val",109,0.511703193187714,1
0,64,"val",110,0.471685856580734,0
0,64,"val",111,0.470774412155151,1
0,64,"val",112,0.467671126127243,0
0,64,"val",113,0.438367992639542,1
0,64,"val",114,0.461789786815643,0
0,64,"val",115,0.469070434570312,1
0,64,"val",116,0.39087986946106,1
0,64,"val",117,0.43706151843071,1
0,64,"val",118,0.48387810587883,1
0,64,"val",119,0.471317499876022,1
0,64,"val",120,0.562214255332947,0
0,64,"val",121,0.547982931137085,0
0,64,"val",122,0.534593880176544,0
0,64,"val",123,0.534025430679321,1
0,64,"val",124,0.522004246711731,1
0,64,"val",125,0.525169134140015,1
0,64,"val",126,0.682677567005157,1
0,64,"val",127,0.646249651908875,1
0,64,"val",128,0.595989346504211,1
0,64,"val",129,0.58634477853775,1
0,64,"val",130,0.490901619195938,1
0,64,"val",131,0.494270771741867,1
0,64,"val",132,0.419242560863495,1
0,64,"val",133,0.434852719306946,1
0,64,"val",134,0.511703193187714,1
0,64,"val",135,0.504989147186279,1
0,64,"val",136,0.470774412155151,0
0,64,"val",137,0.460597634315491,1
0,64,"val",138,0.438367992639542,1
0,64,"val",139,0.457435965538025,1
0,64,"val",140,0.469070434570312,1
0,64,"val",141,0.428412139415741,1
0,64,"val",142,0.43706151843071,1
0,64,"val",143,0.41366845369339,1
0,64,"val",144,0.471317499876022,1
0,64,"val",145,0.466195285320282,1
0,64,"val",146,0.547982931137085,0
0,64,"val",147,0.574942648410797,0
0,64,"val",148,0.534025430679321,1
0,64,"val",149,0.527049362659454,1
0,64,"val",150,0.525169134140015,1
0,64,"val",151,0.541608691215515,1
0,64,"val",152,0.646249651908875,1
0,64,"val",153,0.663145124912262,1
0,64,"val",154,0.58634477853775,0
0,64,"val",155,0.534357130527496,0
0,64,"val",156,0.494270771741867,0
0,64,"val",157,0.480041474103928,0
0,64,"val",158,0.434852719306946,0
0,64,"val",159,0.428110659122467,1
0,64,"val",160,0.504989147186279,1
0,64,"val",161,0.508385956287384,1
0,64,"val",162,0.460597634315491,1
0,64,"val",163,0.469082206487656,1
0,64,"val",164,0.457435965538025,1
0,64,"val",165,0.425644069910049,1
0,64,"val",166,0.428412139415741,1
0,64,"val",167,0.456859201192856,1
0,64,"val",168,0.41366845369339,0
0,64,"val",169,0.357599437236786,0
0,64,"val",170,0.466195285320282,0
0,64,"val",171,0.459543526172638,1
0,64,"val",172,0.574942648410797,1
0,64,"val",173,0.578826546669006,1
0,64,"val",174,0.527049362659454,1
0,64,"val",175,0.552021503448486,1
0,64,"val",176,0.541608691215515,1
0,64,"val",177,0.537212669849396,1
0,64,"val",178,0.663145124912262,1
0,64,"val",179,0.625311017036438,1
0,64,"val",180,0.534357130527496,1
0,64,"val",181,0.520916044712067,0
0,64,"val",182,0.480041474103928,0
0,64,"val",183,0.495095551013947,0
0,64,"val",184,0.428110659122467,0
0,64,"val",185,0.438704282045364,0
0,64,"val",186,0.508385956287384,0
0,64,"val",187,0.506214678287506,0
0,64,"val",188,0.469082206487656,0
0,64,"val",189,0.459446609020233,0
0,64,"val",190,0.425644069910049,0
0,64,"val",191,0.420675158500671,1
0,64,"val",192,0.456859201192856,1
0,64,"val",193,0.451976537704468,0
0,64,"val",194,0.357599437236786,0
0,64,"val",195,0.3998703956604,0
0,64,"val",196,0.459543526172638,0
0,64,"val",197,0.486696660518646,0
0,64,"val",198,0.578826546669006,0
0,64,"val",199,0.562422811985016,1
0,64,"val",200,0.552021503448486,1
0,64,"val",201,0.519945085048676,1
0,64,"val",202,0.537212669849396,0
0,64,"val",203,0.583997905254364,0
0,64,"val",204,0.625311017036438,0
0,64,"val",205,0.599358856678009,1
0,64,"val",206,0.520916044712067,1
0,64,"val",207,0.589644014835358,0
0,64,"val",208,0.495095551013947,0
0,64,"val",209,0.502645134925842,0
0,64,"val",210,0.438704282045364,1
0,64,"val",211,0.443527370691299,1
0,64,"val",212,0.506214678287506,1
0,64,"val",213,0.508663177490234,1
0,64,"val",214,0.459446609020233,1
0,64,"val",215,0.456489741802216,0
0,64,"val",216,0.420675158500671,0
0,64,"val",217,0.425992518663406,0
0,64,"val",218,0.451976537704468,0
0,64,"val",219,0.417627096176147,0
0,64,"val",220,0.3998703956604,1
0,64,"val",221,0.395902007818222,1
0,64,"val",222,0.486696660518646,1
0,64,"val",223,0.482993990182877,1
0,64,"val",224,0.562422811985016,1
0,64,"val",225,0.558637142181396,1
0,64,"val",226,0.519945085048676,1
0,64,"val",227,0.511744916439056,1
0,64,"val",228,0.583997905254364,1
0,64,"val",229,0.517038881778717,1
0,64,"val",230,0.599358856678009,1
0,64,"val",231,0.597805082798004,0
0,64,"val",232,0.589644014835358,0
0,64,"val",233,0.567974448204041,0
0,64,"val",234,0.502645134925842,0
0,64,"val",235,0.510488569736481,0
0,64,"val",236,0.443527370691299,0
0,64,"val",237,0.468331754207611,0
0,64,"val",238,0.508663177490234,1
0,64,"val",239,0.511340320110321,1
0,64,"val",240,0.456489741802216,1
0,64,"val",241,0.473989009857178,1
0,64,"val",242,0.425992518663406,0
0,64,"val",243,0.386077702045441,0
0,64,"val",244,0.417627096176147,0
0,64,"val",245,0.458006411790848,0
0,64,"val",246,0.395902007818222,0
0,64,"val",247,0.416983872652054,0
0,64,"val",248,0.482993990182877,0
0,64,"val",249,0.465667247772217,0
0,64,"val",250,0.558637142181396,1
0,64,"val",251,0.536408424377441,0
0,64,"val",252,0.511744916439056,0
0,64,"val",253,0.506366372108459,0
0,64,"val",254,0.517038881778717,0
0,64,"val",255,0.498883843421936,0
0,64,"val",256,0.597805082798004,0
0,64,"val",257,0.577336847782135,0
0,64,"val",258,0.567974448204041,0
0,64,"val",259,0.584518671035767,1
0,64,"val",260,0.510488569736481,1
0,64,"val",261,0.500898718833923,1
0,64,"val",262,0.468331754207611,1
0,64,"val",263,0.4550960958004,1
0,64,"val",264,0.511340320110321,1
0,64,"val",265,0.511164844036102,1
0,64,"val",266,0.473989009857178,1
0,64,"val",267,0.459541171789169,0
0,64,"val",268,0.386077702045441,0
0,64,"val",269,0.451447367668152,1
0,64,"val",270,0.458006411790848,1
0,64,"val",271,0.462949484586716,1
0,64,"val",272,0.416983872652054,1
0,64,"val",273,0.403991043567657,1
0,64,"val",274,0.465667247772217,1
0,64,"val",275,0.460142314434052,0
0,64,"val",276,0.536408424377441,1
0,64,"val",277,0.539781451225281,1
0,64,"val",278,0.506366372108459,1
0,64,"val",279,0.54107928276062,1
0,64,"val",280,0.498883843421936,1
0,64,"val",281,0.510921895503998,1
0,64,"val",282,0.577336847782135,1
0,64,"val",283,0.572320222854614,0
0,64,"val",284,0.584518671035767,0
0,64,"val",285,0.606292605400085,0
0,64,"val",286,0.500898718833923,1
0,64,"val",287,0.491856187582016,1
0,64,"val",288,0.4550960958004,1
0,64,"val",289,0.457221388816833,0
0,64,"val",290,0.511164844036102,0
0,64,"val",291,0.512706816196442,0
0,64,"val",292,0.459541171789169,1
0,64,"val",293,0.472020536661148,1
0,64,"val",294,0.451447367668152,1
0,64,"val",295,0.467668086290359,1
0,64,"val",296,0.462949484586716,0
0,64,"val",297,0.450539320707321,0
0,64,"val",298,0.403991043567657,0
0,64,"val",299,0.377308964729309,1
0,64,"val",300,0.460142314434052,1
0,64,"val",301,0.483442306518555,0
0,64,"val",302,0.539781451225281,0
0,64,"val",303,0.551255285739899,1
0,64,"val",304,0.54107928276062,1
0,64,"test",1,0.530405282974243,0
0,64,"test",2,0.510921895503998,0
0,64,"test",3,0.551408231258392,1
0,64,"test",4,0.572320222854614,1
0,64,"test",5,0.582048118114471,1
0,64,"test",6,0.606292605400085,1
0,64,"test",7,0.572069942951202,1
0,64,"test",8,0.491856187582016,1
0,64,"test",9,0.476387858390808,0
0,64,"test",10,0.457221388816833,0
0,64,"test",11,0.46690833568573,0
0,64,"test",12,0.512706816196442,1
0,64,"test",13,0.501818776130676,1
0,64,"test",14,0.472020536661148,0
0,64,"test",15,0.467067122459412,0
0,64,"test",16,0.467668086290359,0
0,64,"test",17,0.452346473932266,0
0,64,"test",18,0.450539320707321,0
0,64,"test",19,0.444026380777359,1
0,64,"test",20,0.377308964729309,1
0,64,"test",21,0.399050533771515,1
0,64,"test",22,0.483442306518555,1
0,64,"test",23,0.485990613698959,1
0,64,"test",24,0.551255285739899,1
0,64,"test",25,0.54565817117691,0
0,64,"test",26,0.530405282974243,0
0,64,"test",27,0.541382670402527,1
0,64,"test",28,0.551408231258392,0
0,64,"test",29,0.528174340724945,1
0,64,"test",30,0.582048118114471,0
0,64,"test",31,0.582944095134735,0
0,64,"test",32,0.572069942951202,0
0,64,"test",33,0.579483330249786,0
0,64,"test",34,0.476387858390808,1
0,64,"test",35,0.499440252780914,1
0,64,"test",36,0.46690833568573,1
0,64,"test",37,0.467868894338608,1
0,64,"test",38,0.501818776130676,1
0,64,"test",39,0.497347056865692,1
0,64,"test",40,0.467067122459412,1
0,64,"test",41,0.461152672767639,1
0,64,"test",42,0.452346473932266,0
0,64,"test",43,0.45572417974472,1
0,64,"test",44,0.444026380777359,1
0,64,"test",45,0.442757397890091,1
0,64,"test",46,0.399050533771515,0
0,64,"test",47,0.405186653137207,0
0,64,"test",48,0.485990613698959,0
0,64,"test",49,0.47455820441246,0
0,64,"test",50,0.54565817117691,0
0,64,"test",51,0.535111963748932,0
0,64,"test",52,0.541382670402527,1
0,64,"test",53,0.521034061908722,1
0,64,"test",54,0.528174340724945,1
0,64,"test",55,0.515128135681152,0
0,64,"test",56,0.582944095134735,0
0,64,"test",57,0.617138564586639,0
0,64,"test",58,0.579483330249786,0
0,64,"test",59,0.563052296638489,0
0,64,"test",60,0.499440252780914,0
0,64,"test",61,0.478846162557602,0
0,64,"test",62,0.467868894338608,0
0,64,"test",63,0.458968460559845,0
0,64,"test",64,0.49734702706337,1
0,64,"test",65,0.510568737983704,1
0,64,"test",66,0.461152672767639,0
0,64,"test",67,0.466246098279953,0
0,64,"test",68,0.45572417974472,0
0,64,"test",69,0.46431702375412,0
0,64,"test",70,0.442757397890091,0
0,64,"test",71,0.435828000307083,1
0,64,"test",72,0.405186653137207,1
0,64,"test",73,0.426852256059647,0
0,64,"test",74,0.47455820441246,0
0,64,"test",75,0.455847650766373,1
0,64,"test",76,0.535111963748932,1
0,64,"test",77,0.547693908214569,0
0,64,"test",78,0.521034061908722,0
0,64,"test",79,0.519194543361664,0
0,64,"test",80,0.515128135681152,0
0,64,"test",81,0.53929740190506,0
0,64,"test",82,0.617138564586639,1
0,64,"test",83,0.573350489139557,1
0,64,"test",84,0.563052296638489,1
0,64,"test",85,0.586865067481995,1
0,64,"test",86,0.478846162557602,1
0,64,"test",87,0.485791832208633,0
0,64,"test",88,0.458968460559845,1
0,64,"test",89,0.433933109045029,0
0,64,"test",90,0.510568737983704,0
0,64,"test",91,0.510525584220886,1
0,64,"test",92,0.466246098279953,0
0,64,"test",93,0.462960004806519,1
0,64,"test",94,0.46431702375412,0
0,64,"test",95,0.460133641958237,0
0,64,"test",96,0.435828000307083,0
0,64,"test",97,0.456491649150848,1
0,64,"test",98,0.426852256059647,1
0,64,"test",99,0.4369737803936,1
0,64,"test",100,0.455847650766373,1
0,64,"test",101,0.446757972240448,1
0,64,"test",102,0.547693908214569,1
0,64,"test",103,0.546541333198547,0
0,64,"test",104,0.519194543361664,0
0,64,"test",105,0.53076833486557,0
0,64,"test",106,0.53929740190506,0
0,64,"test",107,0.516128063201904,0
0,64,"test",108,0.573350489139557,1
0,64,"test",109,0.580135226249695,1
0,64,"test",110,0.586865067481995,1
0,64,"test",111,0.564945340156555,1
0,64,"test",112,0.485791832208633,1
0,64,"test",113,0.475867718458176,1
0,64,"test",114,0.433933109045029,1
0,64,"test",115,0.457447677850723,1
0,64,"test",116,0.510525584220886,1
0,64,"test",117,0.508406817913055,1
0,64,"test",118,0.462960004806519,1
0,64,"test",119,0.464278280735016,0
0,64,"test",120,0.460133641958237,1
0,64,"test",121,0.442571192979813,1
0,64,"test",122,0.456491649150848,1
0,64,"test",123,0.455005586147308,1
0,64,"test",124,0.4369737803936,0
0,64,"test",125,0.39327397942543,0
0,64,"test",126,0.446757972240448,0
0,64,"test",127,0.440705358982086,1
0,64,"test",128,0.546541333198547,1
0,64,"test",129,0.55444347858429,0
0,64,"test",130,0.53076833486557,1
0,64,"test",131,0.538288831710815,0
0,64,"test",132,0.516128063201904,1
0,64,"test",133,0.535432159900665,0
0,64,"test",134,0.580135226249695,0
0,64,"test",135,0.578691184520721,1
0,64,"test",136,0.564945340156555,1
0,64,"test",137,0.569373309612274,1
0,64,"test",138,0.475867718458176,1
0,64,"test",139,0.47771954536438,1
0,64,"test",140,0.457447677850723,1
0,64,"test",141,0.415770322084427,0
0,64,"test",142,0.508406817913055,0
0,64,"test",143,0.513185799121857,0
0,64,"test",144,0.464278280735016,0
0,64,"test",145,0.471661180257797,1
0,64,"test",146,0.442571192979813,0
0,64,"test",147,0.437125653028488,0
0,64,"test",148,0.455005586147308,0
0,64,"test",149,0.468312919139862,0
0,64,"test",150,0.39327397942543,1
0,64,"test",151,0.398331254720688,1
0,64,"test",152,0.440705358982086,1
0,64,"test",153,0.462425917387009,1
0,64,"test",154,0.55444347858429,1
0,64,"test",155,0.530847728252411,0
0,64,"test",156,0.538288831710815,0
0,64,"test",157,0.523930609226227,0
0,64,"test",158,0.535432159900665,1
0,64,"test",159,0.521407783031464,0
0,64,"test",160,0.578691184520721,0
0,64,"test",161,0.573257744312286,0
0,64,"test",162,0.569373309612274,0
0,64,"test",163,0.566896378993988,1
0,64,"test",164,0.47771954536438,0
0,64,"test",165,0.48778161406517,1
0,64,"test",166,0.415770322084427,1
0,64,"test",167,0.419654726982117,0
0,64,"test",168,0.513185799121857,1
0,64,"test",169,0.514002680778503,1
0,64,"test",170,0.471661180257797,1
0,64,"test",171,0.460850983858109,0
0,64,"test",172,0.437125653028488,0
0,64,"test",173,0.407528579235077,1
0,64,"test",174,0.468312919139862,1
0,64,"test",175,0.452502757310867,0
0,64,"test",176,0.398331254720688,0
0,64,"test",177,0.425781577825546,0
0,64,"test",178,0.462425917387009,0
0,64,"test",179,0.470280885696411,0
0,64,"test",180,0.530847728252411,1
0,64,"test",181,0.540729284286499,1
0,64,"test",182,0.523930609226227,0
0,64,"test",183,0.518150389194489,0
0,64,"test",184,0.521407663822174,0
0,64,"test",185,0.505404472351074,0
0,64,"test",186,0.573257744312286,0
0,64,"test",187,0.557231605052948,0
0,64,"test",188,0.566896378993988,0
0,64,"test",189,0.552714705467224,0
0,64,"test",190,0.48778161406517,0
0,64,"test",191,0.512084364891052,0
0,64,"test",192,0.419654726982117,0
0,64,"test",193,0.435352355241776,1
0,64,"test",194,0.514002680778503,1
0,64,"test",195,0.515227556228638,1
0,64,"test",196,0.460850983858109,1
0,64,"test",197,0.463573098182678,1
0,64,"test",198,0.407528579235077,1
0,64,"test",199,0.394318044185638,1
0,64,"test",200,0.452502757310867,0
0,64,"test",201,0.45810455083847,1
0,64,"test",202,0.425781577825546,1
0,64,"test",203,0.407883375883102,1
0,64,"test",204,0.470280885696411,1
0,64,"test",205,0.466149777173996,1
0,64,"test",206,0.540729284286499,0
0,64,"test",207,0.513120472431183,0
0,64,"test",208,0.518150389194489,0
0,64,"test",209,0.51972097158432,0
0,64,"test",210,0.505404472351074,0
0,64,"test",211,0.508486807346344,1
0,64,"test",212,0.557231605052948,0
0,64,"test",213,0.573390066623688,0
0,64,"test",214,0.552714705467224,1
0,64,"test",215,0.58585524559021,1
0,64,"test",216,0.512084364891052,1
0,64,"test",217,0.488777607679367,1
0,64,"test",218,0.435352355241776,1
0,64,"test",219,0.438432186841965,1
0,64,"test",220,0.515227556228638,1
0,64,"test",221,0.512559056282043,1
0,64,"test",222,0.463573098182678,1
0,64,"test",223,0.469727993011475,1
0,64,"test",224,0.394318044185638,1
0,64,"test",225,0.395026594400406,0
0,64,"test",226,0.45810455083847,0
0,64,"test",227,0.435912817716599,0
0,64,"test",228,0.407883375883102,1
0,64,"test",229,0.395569413900375,0
0,64,"test",230,0.466149777173996,0
0,64,"test",231,0.44768226146698,0
0,64,"test",232,0.513120472431183,1
0,64,"test",233,0.555023670196533,1
0,64,"test",234,0.51972097158432,0
0,64,"test",235,0.537883400917053,1
0,64,"test",236,0.508486807346344,1
0,64,"test",237,0.520390748977661,1
0,64,"test",238,0.573390066623688,0
0,64,"test",239,0.57896500825882,0
0,64,"test",240,0.58585524559021,0
0,64,"test",241,0.559976279735565,0
0,64,"test",242,0.488777607679367,1
0,64,"test",243,0.499738037586212,1
0,64,"test",244,0.438432186841965,1
0,64,"test",245,0.440885573625565,1
0,64,"test",246,0.512559056282043,1
0,64,"test",247,0.517311155796051,1
0,64,"test",248,0.469727993011475,0
0,64,"test",249,0.471684873104095,0
0,64,"test",250,0.395026594400406,0
0,64,"test",251,0.333646476268768,0
0,64,"test",252,0.435912817716599,1
0,64,"test",253,0.445459991693497,1
0,64,"test",254,0.395569413900375,0
0,64,"test",255,0.376449316740036,0
0,64,"test",256,0.44768226146698,1
0,64,"test",257,0.451946020126343,1
0,64,"test",258,0.555023670196533,1
0,64,"test",259,0.532169461250305,0
0,64,"test",260,0.537883400917053,1
0,64,"test",261,0.532200753688812,0
0,64,"test",262,0.520390748977661,0
0,64,"test",263,0.53676176071167,0
0,64,"test",264,0.57896500825882,1
0,64,"test",265,0.533124208450317,1
0,64,"test",266,0.559976279735565,1
0,64,"test",267,0.557056665420532,1
0,64,"test",268,0.499738037586212,1
0,64,"test",269,0.499025762081146,0
0,64,"test",270,0.440885573625565,0
0,64,"test",271,0.444087654352188,0
0,64,"test",272,0.517311155796051,1
0,64,"test",273,0.517174243927002,0
0,64,"test",274,0.471684873104095,1
0,64,"test",275,0.464732378721237,1
0,64,"test",276,0.333646476268768,1
0,64,"test",277,0.380087018013,0
0,64,"test",278,0.445459991693497,1
0,64,"test",279,0.511914491653442,0
0,64,"test",280,0.376449316740036,0
0,64,"test",281,0.364627689123154,0
0,64,"test",282,0.451946020126343,1
0,64,"test",283,0.406657248735428,1
0,64,"test",284,0.532169461250305,1
0,64,"test",285,0.544413566589355,1
0,64,"test",286,0.532200753688812,0
0,64,"test",287,0.610744178295135,0
0,64,"test",288,0.53676176071167,0
0,64,"test",289,0.513491213321686,0
0,64,"test",290,0.533124208450317,0
0,64,"test",291,0.536636054515839,0
0,64,"test",292,0.557056665420532,1
0,64,"test",293,0.521357297897339,1
0,64,"test",294,0.499025762081146,1
0,64,"test",295,0.485923498868942,0
0,64,"test",296,0.444087654352188,0
0,64,"test",297,0.443209379911423,1
0,64,"test",298,0.517174243927002,1
0,64,"test",299,0.515848398208618,1
0,64,"test",300,0.464732378721237,0
0,64,"test",301,0.454259246587753,0
0,64,"test",302,0.380087018013,0
0,64,"test",303,0.440317064523697,0
0,64,"test",304,0.511914491653442,0
0,64,"test",305,0.487007707357407,0
0.05,23,"val",1,0.517317354679108,1
0.05,23,"val",2,0.457659840583801,1
0.05,23,"val",3,0.466873735189438,0
0.05,23,"val",4,0.48014634847641,1
0.05,23,"val",5,0.485742300748825,0
0.05,23,"val",6,0.436311721801758,0
0.05,23,"val",7,0.441187292337418,0
0.05,23,"val",8,0.461450219154358,1
0.05,23,"val",9,0.448082566261292,1
0.05,23,"val",10,0.50767982006073,1
0.05,23,"val",11,0.499988973140717,1
0.05,23,"val",12,0.289542019367218,0
0.05,23,"val",13,0.291201829910278,0
0.05,23,"val",14,0.497404277324677,0
0.05,23,"val",15,0.469411998987198,0
0.05,23,"val",16,0.560964703559875,0
0.05,23,"val",17,0.537258923053741,1
0.05,23,"val",18,0.607054054737091,1
0.05,23,"val",19,0.594286024570465,1
0.05,23,"val",20,0.546804904937744,1
0.05,23,"val",21,0.496939599514008,1
0.05,23,"val",22,0.603609979152679,1
0.05,23,"val",23,0.595141112804413,1
0.05,23,"val",24,0.566539287567139,1
0.05,23,"val",25,0.581678926944733,1
0.05,23,"val",26,0.517317354679108,1
0.05,23,"val",27,0.511518716812134,0
0.05,23,"val",28,0.466873735189438,1
0.05,23,"val",29,0.448972165584564,1
0.05,23,"val",30,0.485742300748825,1
0.05,23,"val",31,0.495021641254425,1
0.05,23,"val",32,0.441187292337418,1
0.05,23,"val",33,0.46670338511467,0
0.05,23,"val",34,0.448082566261292,0
0.05,23,"val",35,0.477849841117859,0
0.05,23,"val",36,0.499988973140717,1
0.05,23,"val",37,0.456684947013855,1
0.05,23,"val",38,0.291201829910278,1
0.05,23,"val",39,0.26776534318924,1
0.05,23,"val",40,0.469411998987198,0
0.05,23,"val",41,0.469903945922852,1
0.05,23,"val",42,0.537258923053741,1
0.05,23,"val",43,0.531366288661957,0
0.05,23,"val",44,0.594286024570465,0
0.05,23,"val",45,0.584342002868652,0
0.05,23,"val",46,0.496939599514008,0
0.05,23,"val",47,0.54166054725647,0
0.05,23,"val",48,0.595141112804413,1
0.05,23,"val",49,0.585268378257751,1
0.05,23,"val",50,0.581678926944733,1
0.05,23,"val",51,0.558152854442596,0
0.05,23,"val",52,0.511518716812134,0
0.05,23,"val",53,0.511460900306702,1
0.05,23,"val",54,0.448972165584564,1
0.05,23,"val",55,0.441162794828415,1
0.05,23,"val",56,0.495021641254425,1
0.05,23,"val",57,0.509503245353699,1
0.05,23,"val",58,0.46670338511467,1
0.05,23,"val",59,0.466622084379196,0
0.05,23,"val",60,0.477849841117859,0
0.05,23,"val",61,0.478855520486832,0
0.05,23,"val",62,0.456684947013855,0
0.05,23,"val",63,0.493850946426392,0
0.05,23,"val",64,0.26776534318924,0
0.05,23,"val",65,0.355647504329681,0
0.05,23,"val",66,0.469903945922852,0
0.05,23,"val",67,0.443637669086456,1
0.05,23,"val",68,0.531366288661957,1
0.05,23,"val",69,0.565673053264618,1
0.05,23,"val",70,0.584342002868652,1
0.05,23,"val",71,0.573101222515106,1
0.05,23,"val",72,0.54166054725647,1
0.05,23,"val",73,0.545232653617859,1
0.05,23,"val",74,0.585268378257751,1
0.05,23,"val",75,0.669148981571198,1
0.05,23,"val",76,0.558152854442596,0
0.05,23,"val",77,0.55110114812851,0
0.05,23,"val",78,0.511460900306702,1
0.05,23,"val",79,0.504341781139374,1
0.05,23,"val",80,0.441162794828415,0
0.05,23,"val",81,0.461624830961227,0
0.05,23,"val",82,0.509503245353699,1
0.05,23,"val",83,0.504169702529907,1
0.05,23,"val",84,0.466622084379196,1
0.05,23,"val",85,0.472410827875137,1
0.05,23,"val",86,0.478855520486832,0
0.05,23,"val",87,0.465987533330917,0
0.05,23,"val",88,0.493850946426392,0
0.05,23,"val",89,0.491088479757309,0
0.05,23,"val",90,0.355647504329681,0
0.05,23,"val",91,0.366387546062469,0
0.05,23,"val",92,0.443637669086456,0
0.05,23,"val",93,0.490961611270905,0
0.05,23,"val",94,0.565673053264618,0
0.05,23,"val",95,0.587729692459106,0
0.05,23,"val",96,0.573101222515106,1
0.05,23,"val",97,0.566553473472595,1
0.05,23,"val",98,0.545232653617859,1
0.05,23,"val",99,0.519401967525482,1
0.05,23,"val",100,0.669148981571198,0
0.05,23,"val",101,0.765835881233215,0
0.05,23,"val",102,0.55110114812851,0
0.05,23,"val",103,0.620197772979736,0
0.05,23,"val",104,0.504341781139374,1
0.05,23,"val",105,0.506944894790649,1
0.05,23,"val",106,0.461624830961227,1
0.05,23,"val",107,0.434162437915802,1
0.05,23,"val",108,0.504169702529907,1
0.05,23,"val",109,0.504652261734009,1
0.05,23,"val",110,0.472410827875137,0
0.05,23,"val",111,0.472251415252686,1
0.05,23,"val",112,0.465987533330917,0
0.05,23,"val",113,0.441678941249847,1
0.05,23,"val",114,0.491088479757309,0
0.05,23,"val",115,0.501542687416077,1
0.05,23,"val",116,0.366387546062469,1
0.05,23,"val",117,0.427970558404922,1
0.05,23,"val",118,0.490961611270905,1
0.05,23,"val",119,0.475444465875626,1
0.05,23,"val",120,0.587729692459106,0
0.05,23,"val",121,0.564796209335327,0
0.05,23,"val",122,0.566553473472595,0
0.05,23,"val",123,0.564001083374023,1
0.05,23,"val",124,0.519401967525482,1
0.05,23,"val",125,0.518301427364349,1
0.05,23,"val",126,0.765835881233215,1
0.05,23,"val",127,0.697197794914246,1
0.05,23,"val",128,0.620197772979736,1
0.05,23,"val",129,0.60381954908371,1
0.05,23,"val",130,0.506944894790649,1
0.05,23,"val",131,0.505460739135742,1
0.05,23,"val",132,0.434162437915802,1
0.05,23,"val",133,0.445499271154404,1
0.05,23,"val",134,0.504652261734009,1
0.05,23,"val",135,0.49272894859314,1
0.05,23,"val",136,0.472251415252686,0
0.05,23,"val",137,0.456131905317307,1
0.05,23,"val",138,0.441678941249847,1
0.05,23,"val",139,0.457576602697372,1
0.05,23,"val",140,0.501542687416077,1
0.05,23,"val",141,0.451541572809219,1
0.05,23,"val",142,0.427970558404922,1
0.05,23,"val",143,0.396269828081131,1
0.05,23,"val",144,0.475444465875626,1
0.05,23,"val",145,0.464850962162018,1
0.05,23,"val",146,0.564796209335327,0
0.05,23,"val",147,0.608095824718475,0
0.05,23,"val",148,0.564001083374023,1
0.05,23,"val",149,0.554617166519165,1
0.05,23,"val",150,0.518301427364349,1
0.05,23,"val",151,0.542415916919708,1
0.05,23,"val",152,0.697197794914246,1
0.05,23,"val",153,0.744028449058533,1
0.05,23,"val",154,0.60381954908371,0
0.05,23,"val",155,0.53035306930542,0
0.05,23,"val",156,0.505460739135742,0
0.05,23,"val",157,0.508579611778259,0
0.05,23,"val",158,0.445499271154404,0
0.05,23,"val",159,0.427842199802399,1
0.05,23,"val",160,0.49272894859314,1
0.05,23,"val",161,0.502065002918243,1
0.05,23,"val",162,0.456131905317307,1
0.05,23,"val",163,0.461778283119202,1
0.05,23,"val",164,0.457576602697372,1
0.05,23,"val",165,0.430107444524765,1
0.05,23,"val",166,0.451541572809219,1
0.05,23,"val",167,0.478058934211731,1
0.05,23,"val",168,0.396269828081131,0
0.05,23,"val",169,0.32098850607872,0
0.05,23,"val",170,0.464850962162018,0
0.05,23,"val",171,0.453696548938751,1
0.05,23,"val",172,0.608095824718475,1
0.05,23,"val",173,0.615158915519714,1
0.05,23,"val",174,0.554617166519165,1
0.05,23,"val",175,0.587334394454956,1
0.05,23,"val",176,0.542415916919708,1
0.05,23,"val",177,0.54145622253418,1
0.05,23,"val",178,0.744028449058533,1
0.05,23,"val",179,0.652066767215729,1
0.05,23,"val",180,0.53035306930542,1
0.05,23,"val",181,0.516147255897522,0
0.05,23,"val",182,0.508579611778259,0
0.05,23,"val",183,0.510018229484558,0
0.05,23,"val",184,0.427842199802399,0
0.05,23,"val",185,0.458480924367905,0
0.05,23,"val",186,0.502065002918243,0
0.05,23,"val",187,0.507403016090393,0
0.05,23,"val",188,0.461778283119202,0
0.05,23,"val",189,0.455441355705261,0
0.05,23,"val",190,0.430107444524765,0
0.05,23,"val",191,0.426695466041565,1
0.05,23,"val",192,0.478058934211731,1
0.05,23,"val",193,0.470879971981049,0
0.05,23,"val",194,0.32098850607872,0
0.05,23,"val",195,0.375826150178909,0
0.05,23,"val",196,0.453696548938751,0
0.05,23,"val",197,0.504810392856598,0
0.05,23,"val",198,0.615158915519714,0
0.05,23,"val",199,0.587611198425293,1
0.05,23,"val",200,0.587334394454956,1
0.05,23,"val",201,0.546854436397552,1
0.05,23,"val",202,0.54145622253418,0
0.05,23,"val",203,0.598547875881195,0
0.05,23,"val",204,0.652066767215729,0
0.05,23,"val",205,0.622257649898529,1
0.05,23,"val",206,0.516147255897522,1
0.05,23,"val",207,0.608753144741058,0
0.05,23,"val",208,0.510018229484558,0
0.05,23,"val",209,0.513109147548676,0
0.05,23,"val",210,0.458480924367905,1
0.05,23,"val",211,0.447863221168518,1
0.05,23,"val",212,0.507403016090393,1
0.05,23,"val",213,0.500079810619354,1
0.05,23,"val",214,0.455441355705261,1
0.05,23,"val",215,0.45848074555397,0
0.05,23,"val",216,0.426695466041565,0
0.05,23,"val",217,0.428028494119644,0
0.05,23,"val",218,0.470879971981049,0
0.05,23,"val",219,0.442164272069931,0
0.05,23,"val",220,0.375826150178909,1
0.05,23,"val",221,0.379763454198837,1
0.05,23,"val",222,0.504810392856598,1
0.05,23,"val",223,0.488407403230667,1
0.05,23,"val",224,0.587611198425293,1
0.05,23,"val",225,0.581708431243896,1
0.05,23,"val",226,0.546854436397552,1
0.05,23,"val",227,0.533613204956055,1
0.05,23,"val",228,0.598547875881195,1
0.05,23,"val",229,0.510278582572937,1
0.05,23,"val",230,0.622257649898529,1
0.05,23,"val",231,0.610518038272858,0
0.05,23,"val",232,0.608753144741058,0
0.05,23,"val",233,0.577409088611603,0
0.05,23,"val",234,0.513109147548676,0
0.05,23,"val",235,0.515262007713318,0
0.05,23,"val",236,0.447863221168518,0
0.05,23,"val",237,0.480304479598999,0
0.05,23,"val",238,0.500079810619354,1
0.05,23,"val",239,0.508367836475372,1
0.05,23,"val",240,0.45848074555397,1
0.05,23,"val",241,0.472252249717712,1
0.05,23,"val",242,0.428028494119644,0
0.05,23,"val",243,0.412162691354752,0
0.05,23,"val",244,0.442164272069931,0
0.05,23,"val",245,0.485721617937088,0
0.05,23,"val",246,0.379763454198837,0
0.05,23,"val",247,0.404548496007919,0
0.05,23,"val",248,0.488407403230667,0
0.05,23,"val",249,0.463791012763977,0
0.05,23,"val",250,0.581708431243896,1
0.05,23,"val",251,0.547452390193939,0
0.05,23,"val",252,0.533613204956055,0
0.05,23,"val",253,0.529616236686707,0
0.05,23,"val",254,0.510278582572937,0
0.05,23,"val",255,0.481763273477554,0
0.05,23,"val",256,0.610518038272858,0
0.05,23,"val",257,0.546331584453583,0
0.05,23,"val",258,0.577409088611603,0
0.05,23,"val",259,0.601160168647766,1
0.05,23,"val",260,0.515262007713318,1
0.05,23,"val",261,0.513610661029816,1
0.05,23,"val",262,0.480304479598999,1
0.05,23,"val",263,0.470499038696289,1
0.05,23,"val",264,0.508367836475372,1
0.05,23,"val",265,0.510493159294128,1
0.05,23,"val",266,0.472252249717712,1
0.05,23,"val",267,0.45947277545929,0
0.05,23,"val",268,0.412162691354752,0
0.05,23,"val",269,0.451100915670395,1
0.05,23,"val",270,0.485721617937088,1
0.05,23,"val",271,0.482297599315643,1
0.05,23,"val",272,0.404548496007919,1
0.05,23,"val",273,0.386376947164536,1
0.05,23,"val",274,0.463791012763977,1
0.05,23,"val",275,0.451520919799805,0
0.05,23,"val",276,0.547452390193939,1
0.05,23,"val",277,0.552293539047241,1
0.05,23,"val",278,0.529616236686707,1
0.05,23,"val",279,0.57655280828476,1
0.05,23,"val",280,0.481763273477554,1
0.05,23,"val",281,0.503026366233826,1
0.05,23,"val",282,0.546331584453583,1
0.05,23,"val",283,0.531316041946411,0
0.05,23,"val",284,0.601160168647766,0
0.05,23,"val",285,0.637326180934906,0
0.05,23,"val",286,0.513610661029816,1
0.05,23,"val",287,0.512918651103973,1
0.05,23,"val",288,0.470499038696289,1
0.05,23,"val",289,0.477635324001312,0
0.05,23,"val",290,0.510493159294128,0
0.05,23,"val",291,0.510793387889862,0
0.05,23,"val",292,0.45947277545929,1
0.05,23,"val",293,0.471299171447754,1
0.05,23,"val",294,0.451100915670395,1
0.05,23,"val",295,0.463632851839066,1
0.05,23,"val",296,0.482297599315643,0
0.05,23,"val",297,0.478185564279556,0
0.05,23,"val",298,0.386376947164536,0
0.05,23,"val",299,0.350471258163452,1
0.05,23,"val",300,0.451520919799805,1
0.05,23,"val",301,0.487625449895859,0
0.05,23,"val",302,0.552293539047241,0
0.05,23,"val",303,0.570587038993835,1
0.05,23,"val",304,0.57655280828476,1
0.05,23,"test",1,0.558848202228546,0
0.05,23,"test",2,0.503026366233826,0
0.05,23,"test",3,0.561274409294128,1
0.05,23,"test",4,0.531316041946411,1
0.05,23,"test",5,0.531337916851044,1
0.05,23,"test",6,0.637326180934906,1
0.05,23,"test",7,0.583010852336884,1
0.05,23,"test",8,0.512918651103973,1
0.05,23,"test",9,0.500175714492798,0
0.05,23,"test",10,0.477635324001312,0
0.05,23,"test",11,0.475833117961884,0
0.05,23,"test",12,0.510793387889862,1
0.05,23,"test",13,0.502412974834442,1
0.05,23,"test",14,0.471299171447754,0
0.05,23,"test",15,0.464239567518234,0
0.05,23,"test",16,0.463632851839066,0
0.05,23,"test",17,0.452471941709518,0
0.05,23,"test",18,0.478185564279556,0
0.05,23,"test",19,0.472929120063782,1
0.05,23,"test",20,0.350471258163452,1
0.05,23,"test",21,0.402530133724213,1
0.05,23,"test",22,0.487625449895859,1
0.05,23,"test",23,0.488428205251694,1
0.05,23,"test",24,0.570587038993835,1
0.05,23,"test",25,0.560119569301605,0
0.05,23,"test",26,0.558848202228546,0
0.05,23,"test",27,0.576447725296021,1
0.05,23,"test",28,0.561274409294128,0
0.05,23,"test",29,0.525123357772827,1
0.05,23,"test",30,0.531337916851044,0
0.05,23,"test",31,0.591835081577301,0
0.05,23,"test",32,0.583010852336884,0
0.05,23,"test",33,0.593852460384369,0
0.05,23,"test",34,0.500175714492798,1
0.05,23,"test",35,0.510394096374512,1
0.05,23,"test",36,0.475833117961884,1
0.05,23,"test",37,0.482340782880783,1
0.05,23,"test",38,0.502412974834442,1
0.05,23,"test",39,0.496722996234894,1
0.05,23,"test",40,0.464239567518234,1
0.05,23,"test",41,0.458959817886353,1
0.05,23,"test",42,0.452471941709518,0
0.05,23,"test",43,0.456584483385086,1
0.05,23,"test",44,0.472929120063782,1
0.05,23,"test",45,0.475789666175842,1
0.05,23,"test",46,0.402530133724213,0
0.05,23,"test",47,0.430152982473373,0
0.05,23,"test",48,0.488428205251694,0
0.05,23,"test",49,0.473040372133255,0
0.05,23,"test",50,0.560119569301605,0
0.05,23,"test",51,0.546743750572205,0
0.05,23,"test",52,0.576447725296021,1
0.05,23,"test",53,0.54925000667572,1
0.05,23,"test",54,0.525123357772827,1
0.05,23,"test",55,0.500675082206726,0
0.05,23,"test",56,0.591835081577301,0
0.05,23,"test",57,0.634106040000916,0
0.05,23,"test",58,0.593852460384369,0
0.05,23,"test",59,0.571862161159515,0
0.05,23,"test",60,0.510394096374512,0
0.05,23,"test",61,0.502531707286835,0
0.05,23,"test",62,0.482340782880783,0
0.05,23,"test",63,0.464627951383591,0
0.05,23,"test",64,0.496722996234894,1
0.05,23,"test",65,0.503672063350677,1
0.05,23,"test",66,0.458959817886353,0
0.05,23,"test",67,0.466254472732544,0
0.05,23,"test",68,0.456584483385086,0
0.05,23,"test",69,0.465703755617142,0
0.05,23,"test",70,0.475789666175842,0
0.05,23,"test",71,0.466059654951096,1
0.05,23,"test",72,0.430152982473373,1
0.05,23,"test",73,0.427024841308594,0
0.05,23,"test",74,0.473040372133255,0
0.05,23,"test",75,0.446783661842346,1
0.05,23,"test",76,0.546743750572205,1
0.05,23,"test",77,0.564433634281158,0
0.05,23,"test",78,0.54925000667572,0
0.05,23,"test",79,0.543078899383545,0
0.05,23,"test",80,0.500675082206726,0
0.05,23,"test",81,0.533816576004028,0
0.05,23,"test",82,0.634106040000916,1
0.05,23,"test",83,0.573997020721436,1
0.05,23,"test",84,0.571862161159515,1
0.05,23,"test",85,0.60478812456131,1
0.05,23,"test",86,0.502531707286835,1
0.05,23,"test",87,0.511050522327423,0
0.05,23,"test",88,0.464627951383591,1
0.05,23,"test",89,0.447721779346466,0
0.05,23,"test",90,0.503672063350677,0
0.05,23,"test",91,0.508346855640411,1
0.05,23,"test",92,0.466254472732544,0
0.05,23,"test",93,0.462795913219452,1
0.05,23,"test",94,0.465703755617142,0
0.05,23,"test",95,0.460489422082901,0
0.05,23,"test",96,0.466059654951096,0
0.05,23,"test",97,0.487864375114441,1
0.05,23,"test",98,0.427024841308594,1
0.05,23,"test",99,0.434347599744797,1
0.05,23,"test",100,0.446783661842346,1
0.05,23,"test",101,0.432527303695679,1
0.05,23,"test",102,0.564433634281158,1
0.05,23,"test",103,0.562995612621307,0
0.05,23,"test",104,0.543078899383545,0
0.05,23,"test",105,0.561926901340485,0
0.05,23,"test",106,0.533816576004028,0
0.05,23,"test",107,0.511484086513519,0
0.05,23,"test",108,0.573997020721436,1
0.05,23,"test",109,0.579197227954865,1
0.05,23,"test",110,0.60478812456131,1
0.05,23,"test",111,0.573177397251129,1
0.05,23,"test",112,0.511050522327423,1
0.05,23,"test",113,0.500576734542847,1
0.05,23,"test",114,0.447721779346466,1
0.05,23,"test",115,0.47629326581955,1
0.05,23,"test",116,0.508346855640411,1
0.05,23,"test",117,0.479855567216873,1
0.05,23,"test",118,0.462795913219452,1
0.05,23,"test",119,0.464647173881531,0
0.05,23,"test",120,0.460489422082901,1
0.05,23,"test",121,0.443414628505707,1
0.05,23,"test",122,0.487864375114441,1
0.05,23,"test",123,0.486505389213562,1
0.05,23,"test",124,0.434347599744797,0
0.05,23,"test",125,0.385018557310104,0
0.05,23,"test",126,0.432527303695679,0
0.05,23,"test",127,0.424029320478439,1
0.05,23,"test",128,0.562995612621307,1
0.05,23,"test",129,0.575738072395325,0
0.05,23,"test",130,0.561926901340485,1
0.05,23,"test",131,0.572784304618835,0
0.05,23,"test",132,0.511484086513519,1
0.05,23,"test",133,0.53741180896759,0
0.05,23,"test",134,0.579197227954865,0
0.05,23,"test",135,0.574716210365295,1
0.05,23,"test",136,0.573177397251129,1
0.05,23,"test",137,0.579774737358093,1
0.05,23,"test",138,0.500576734542847,1
0.05,23,"test",139,0.502429842948914,1
0.05,23,"test",140,0.47629326581955,1
0.05,23,"test",141,0.440775096416473,0
0.05,23,"test",142,0.479855567216873,0
0.05,23,"test",143,0.486825287342072,0
0.05,23,"test",144,0.464647173881531,0
0.05,23,"test",145,0.46619176864624,1
0.05,23,"test",146,0.443414628505707,0
0.05,23,"test",147,0.440108984708786,0
0.05,23,"test",148,0.486505389213562,0
0.05,23,"test",149,0.499866664409637,0
0.05,23,"test",150,0.385018557310104,1
0.05,23,"test",151,0.421883225440979,1
0.05,23,"test",152,0.424029320478439,1
0.05,23,"test",153,0.456175923347473,1
0.05,23,"test",154,0.575738072395325,1
0.05,23,"test",155,0.53574013710022,0
0.05,23,"test",156,0.572784304618835,0
0.05,23,"test",157,0.553520679473877,0
0.05,23,"test",158,0.53741180896759,1
0.05,23,"test",159,0.510519623756409,0
0.05,23,"test",160,0.574716210365295,0
0.05,23,"test",161,0.502787351608276,0
0.05,23,"test",162,0.579774737358093,0
0.05,23,"test",163,0.57848984003067,1
0.05,23,"test",164,0.502429842948914,0
0.05,23,"test",165,0.50591903924942,1
0.05,23,"test",166,0.440775096416473,1
0.05,23,"test",167,0.433511942625046,0
0.05,23,"test",168,0.486825287342072,1
0.05,23,"test",169,0.500956058502197,1
0.05,23,"test",170,0.46619176864624,1
0.05,23,"test",171,0.447838336229324,0
0.05,23,"test",172,0.440108984708786,0
0.05,23,"test",173,0.423791140317917,1
0.05,23,"test",174,0.499866664409637,1
0.05,23,"test",175,0.481050580739975,0
0.05,23,"test",176,0.421883225440979,0
0.05,23,"test",177,0.428164899349213,0
0.05,23,"test",178,0.456175923347473,0
0.05,23,"test",179,0.466874957084656,0
0.05,23,"test",180,0.53574013710022,1
0.05,23,"test",181,0.551671743392944,1
0.05,23,"test",182,0.553520679473877,0
0.05,23,"test",183,0.545618057250977,0
0.05,23,"test",184,0.510519623756409,0
0.05,23,"test",185,0.494664251804352,0
0.05,23,"test",186,0.502787351608276,0
0.05,23,"test",187,0.548648297786713,0
0.05,23,"test",188,0.57848984003067,0
0.05,23,"test",189,0.559386074542999,0
0.05,23,"test",190,0.50591903924942,0
0.05,23,"test",191,0.5489621758461,0
0.05,23,"test",192,0.433511942625046,0
0.05,23,"test",193,0.463147878646851,1
0.05,23,"test",194,0.500956058502197,1
0.05,23,"test",195,0.497332274913788,1
0.05,23,"test",196,0.447838336229324,1
0.05,23,"test",197,0.462088137865067,1
0.05,23,"test",198,0.423791140317917,1
0.05,23,"test",199,0.417675375938416,1
0.05,23,"test",200,0.481050580739975,0
0.05,23,"test",201,0.489372283220291,1
0.05,23,"test",202,0.428164899349213,1
0.05,23,"test",203,0.423892766237259,1
0.05,23,"test",204,0.466874957084656,1
0.05,23,"test",205,0.461008280515671,1
0.05,23,"test",206,0.551671743392944,0
0.05,23,"test",207,0.512076556682587,0
0.05,23,"test",208,0.545618057250977,0
0.05,23,"test",209,0.547269225120544,0
0.05,23,"test",210,0.494664251804352,0
0.05,23,"test",211,0.500210881233215,1
0.05,23,"test",212,0.548648297786713,0
0.05,23,"test",213,0.574262142181396,0
0.05,23,"test",214,0.559386074542999,1
0.05,23,"test",215,0.603518009185791,1
0.05,23,"test",216,0.5489621758461,1
0.05,23,"test",217,0.515622556209564,1
0.05,23,"test",218,0.463147878646851,1
0.05,23,"test",219,0.449117034673691,1
0.05,23,"test",220,0.497332274913788,1
0.05,23,"test",221,0.482080847024918,1
0.05,23,"test",222,0.462088137865067,1
0.05,23,"test",223,0.466093093156815,1
0.05,23,"test",224,0.41767543554306,1
0.05,23,"test",225,0.411621004343033,0
0.05,23,"test",226,0.489372283220291,0
0.05,23,"test",227,0.466113120317459,0
0.05,23,"test",228,0.423892766237259,1
0.05,23,"test",229,0.398581475019455,0
0.05,23,"test",230,0.461008280515671,0
0.05,23,"test",231,0.433564722537994,0
0.05,23,"test",232,0.512076556682587,1
0.05,23,"test",233,0.57677835226059,1
0.05,23,"test",234,0.547269225120544,0
0.05,23,"test",235,0.572199285030365,1
0.05,23,"test",236,0.500210881233215,1
0.05,23,"test",237,0.522068679332733,1
0.05,23,"test",238,0.574262142181396,0
0.05,23,"test",239,0.52721756696701,0
0.05,23,"test",240,0.603518009185791,0
0.05,23,"test",241,0.570599794387817,0
0.05,23,"test",242,0.515622556209564,1
0.05,23,"test",243,0.519237518310547,1
0.05,23,"test",244,0.449117034673691,1
0.05,23,"test",245,0.465692818164825,1
0.05,23,"test",246,0.482080847024918,1
0.05,23,"test",247,0.51158219575882,1
0.05,23,"test",248,0.466093093156815,0
0.05,23,"test",249,0.467333078384399,0
0.05,23,"test",250,0.411621004343033,0
0.05,23,"test",251,0.388051927089691,0
0.05,23,"test",252,0.466113120317459,1
0.05,23,"test",253,0.482221275568008,1
0.05,23,"test",254,0.398581475019455,0
0.05,23,"test",255,0.355717599391937,0
0.05,23,"test",256,0.433564722537994,1
0.05,23,"test",257,0.438623875379562,1
0.05,23,"test",258,0.57677835226059,1
0.05,23,"test",259,0.540134370326996,0
0.05,23,"test",260,0.572199285030365,1
0.05,23,"test",261,0.5605428814888,0
0.05,23,"test",262,0.522068679332733,0
0.05,23,"test",263,0.546375632286072,0
0.05,23,"test",264,0.52721756696701,1
0.05,23,"test",265,0.433728158473969,1
0.05,23,"test",266,0.570599794387817,1
0.05,23,"test",267,0.563498854637146,1
0.05,23,"test",268,0.519237518310547,1
0.05,23,"test",269,0.51117217540741,0
0.05,23,"test",270,0.465692818164825,0
0.05,23,"test",271,0.465115994215012,0
0.05,23,"test",272,0.51158219575882,1
0.05,23,"test",273,0.504520058631897,0
0.05,23,"test",274,0.467333078384399,1
0.05,23,"test",275,0.465167552232742,1
0.05,23,"test",276,0.388051927089691,1
0.05,23,"test",277,0.408158361911774,0
0.05,23,"test",278,0.482221275568008,1
0.05,23,"test",279,0.544185817241669,0
0.05,23,"test",280,0.355717599391937,0
0.05,23,"test",281,0.376322776079178,0
0.05,23,"test",282,0.438623875379562,1
0.05,23,"test",283,0.377992212772369,1
0.05,23,"test",284,0.540134370326996,1
0.05,23,"test",285,0.557104766368866,1
0.05,23,"test",286,0.5605428814888,0
0.05,23,"test",287,0.638354539871216,0
0.05,23,"test",288,0.546375632286072,0
0.05,23,"test",289,0.504449844360352,0
0.05,23,"test",290,0.433728158473969,0
0.05,23,"test",291,0.428669333457947,0
0.05,23,"test",292,0.563498854637146,1
0.05,23,"test",293,0.510537445545197,1
0.05,23,"test",294,0.51117217540741,1
0.05,23,"test",295,0.505629777908325,0
0.05,23,"test",296,0.465115994215012,0
0.05,23,"test",297,0.453234851360321,1
0.05,23,"test",298,0.504520058631897,1
0.05,23,"test",299,0.510378479957581,1
0.05,23,"test",300,0.465167552232742,0
0.05,23,"test",301,0.457924515008926,0
0.05,23,"test",302,0.408158361911774,0
0.05,23,"test",303,0.441633522510529,0
0.05,23,"test",304,0.544185817241669,0
0.05,23,"test",305,0.515659272670746,0
0.05,27,"val",1,0.500723123550415,1
0.05,27,"val",2,0.458093702793121,1
0.05,27,"val",3,0.451150357723236,0
0.05,27,"val",4,0.503572583198547,1
0.05,27,"val",5,0.503113150596619,0
0.05,27,"val",6,0.450776904821396,0
0.05,27,"val",7,0.458460122346878,0
0.05,27,"val",8,0.469086438417435,1
0.05,27,"val",9,0.461668789386749,1
0.05,27,"val",10,0.479493111371994,1
0.05,27,"val",11,0.478659212589264,1
0.05,27,"val",12,0.419931262731552,0
0.05,27,"val",13,0.41745400428772,0
0.05,27,"val",14,0.486946225166321,0
0.05,27,"val",15,0.480049252510071,0
0.05,27,"val",16,0.526178121566772,0
0.05,27,"val",17,0.51798278093338,1
0.05,27,"val",18,0.566002249717712,1
0.05,27,"val",19,0.556398034095764,1
0.05,27,"val",20,0.529219627380371,1
0.05,27,"val",21,0.511813700199127,1
0.05,27,"val",22,0.565097033977509,1
0.05,27,"val",23,0.564980268478394,1
0.05,27,"val",24,0.529245138168335,1
0.05,27,"val",25,0.525744616985321,1
0.05,27,"val",26,0.500723123550415,1
0.05,27,"val",27,0.499049633741379,0
0.05,27,"val",28,0.451150357723236,1
0.05,27,"val",29,0.45769527554512,1
0.05,27,"val",30,0.503113150596619,1
0.05,27,"val",31,0.502153158187866,1
0.05,27,"val",32,0.458460122346878,1
0.05,27,"val",33,0.478715091943741,0
0.05,27,"val",34,0.461668789386749,0
0.05,27,"val",35,0.478087574243546,0
0.05,27,"val",36,0.478659212589264,1
0.05,27,"val",37,0.454039096832275,1
0.05,27,"val",38,0.41745400428772,1
0.05,27,"val",39,0.4079350233078,1
0.05,27,"val",40,0.480049252510071,0
0.05,27,"val",41,0.481124818325043,1
0.05,27,"val",42,0.51798278093338,1
0.05,27,"val",43,0.520646333694458,0
0.05,27,"val",44,0.556398034095764,0
0.05,27,"val",45,0.54919707775116,0
0.05,27,"val",46,0.511813700199127,0
0.05,27,"val",47,0.527132391929626,0
0.05,27,"val",48,0.564980268478394,1
0.05,27,"val",49,0.565412282943726,1
0.05,27,"val",50,0.525744616985321,1
0.05,27,"val",51,0.528591990470886,0
0.05,27,"val",52,0.499049633741379,0
0.05,27,"val",53,0.499490678310394,1
0.05,27,"val",54,0.45769527554512,1
0.05,27,"val",55,0.439334690570831,1
0.05,27,"val",56,0.502153158187866,1
0.05,27,"val",57,0.500540792942047,1
0.05,27,"val",58,0.478715091943741,1
0.05,27,"val",59,0.478479981422424,0
0.05,27,"val",60,0.478087574243546,0
0.05,27,"val",61,0.478629469871521,0
0.05,27,"val",62,0.454039096832275,0
0.05,27,"val",63,0.473595559597015,0
0.05,27,"val",64,0.4079350233078,0
0.05,27,"val",65,0.440630912780762,0
0.05,27,"val",66,0.481124818325043,0
0.05,27,"val",67,0.480647474527359,1
0.05,27,"val",68,0.520646333694458,1
0.05,27,"val",69,0.528991520404816,1
0.05,27,"val",70,0.54919707775116,1
0.05,27,"val",71,0.537865459918976,1
0.05,27,"val",72,0.527132391929626,1
0.05,27,"val",73,0.529333472251892,1
0.05,27,"val",74,0.565412282943726,1
0.05,27,"val",75,0.588574349880219,1
0.05,27,"val",76,0.528591990470886,0
0.05,27,"val",77,0.526501297950745,0
0.05,27,"val",78,0.499490678310394,1
0.05,27,"val",79,0.495287001132965,1
0.05,27,"val",80,0.439334690570831,0
0.05,27,"val",81,0.446679443120956,0
0.05,27,"val",82,0.500540792942047,1
0.05,27,"val",83,0.501461207866669,1
0.05,27,"val",84,0.478479981422424,1
0.05,27,"val",85,0.489198207855225,1
0.05,27,"val",86,0.478629469871521,0
0.05,27,"val",87,0.471183776855469,0
0.05,27,"val",88,0.473595559597015,0
0.05,27,"val",89,0.472178786993027,0
0.05,27,"val",90,0.440630912780762,0
0.05,27,"val",91,0.443716049194336,0
0.05,27,"val",92,0.480647474527359,0
0.05,27,"val",93,0.485933423042297,0
0.05,27,"val",94,0.528991520404816,0
0.05,27,"val",95,0.532907009124756,0
0.05,27,"val",96,0.537865459918976,1
0.05,27,"val",97,0.53548264503479,1
0.05,27,"val",98,0.529333472251892,1
0.05,27,"val",99,0.51654314994812,1
0.05,27,"val",100,0.588574349880219,0
0.05,27,"val",101,0.619046032428741,0
0.05,27,"val",102,0.526501297950745,0
0.05,27,"val",103,0.505192160606384,0
0.05,27,"val",104,0.495287001132965,1
0.05,27,"val",105,0.496610522270203,1
0.05,27,"val",106,0.446679443120956,1
0.05,27,"val",107,0.428278297185898,1
0.05,27,"val",108,0.501461207866669,1
0.05,27,"val",109,0.501239120960236,1
0.05,27,"val",110,0.489198207855225,0
0.05,27,"val",111,0.490677803754807,1
0.05,27,"val",112,0.471183776855469,0
0.05,27,"val",113,0.457081735134125,1
0.05,27,"val",114,0.472178786993027,0
0.05,27,"val",115,0.471529245376587,1
0.05,27,"val",116,0.443716049194336,1
0.05,27,"val",117,0.465489596128464,1
0.05,27,"val",118,0.485933423042297,1
0.05,27,"val",119,0.482378125190735,1
0.05,27,"val",120,0.532907009124756,0
0.05,27,"val",121,0.525206029415131,0
0.05,27,"val",122,0.53548264503479,0
0.05,27,"val",123,0.5344198346138,1
0.05,27,"val",124,0.51654314994812,1
0.05,27,"val",125,0.519448935985565,1
0.05,27,"val",126,0.619046032428741,1
0.05,27,"val",127,0.602307498455048,1
0.05,27,"val",128,0.505192160606384,1
0.05,27,"val",129,0.517323911190033,1
0.05,27,"val",130,0.496610522270203,1
0.05,27,"val",131,0.496736973524094,1
0.05,27,"val",132,0.428278297185898,1
0.05,27,"val",133,0.437183380126953,1
0.05,27,"val",134,0.501239120960236,1
0.05,27,"val",135,0.502418637275696,1
0.05,27,"val",136,0.490677803754807,0
0.05,27,"val",137,0.474408447742462,1
0.05,27,"val",138,0.457081735134125,1
0.05,27,"val",139,0.466923862695694,1
0.05,27,"val",140,0.471529245376587,1
0.05,27,"val",141,0.462284415960312,1
0.05,27,"val",142,0.465489596128464,1
0.05,27,"val",143,0.454689919948578,1
0.05,27,"val",144,0.482378125190735,1
0.05,27,"val",145,0.480204105377197,1
0.05,27,"val",146,0.525206029415131,0
0.05,27,"val",147,0.543161809444427,0
0.05,27,"val",148,0.5344198346138,1
0.05,27,"val",149,0.528038620948792,1
0.05,27,"val",150,0.519448935985565,1
0.05,27,"val",151,0.527939915657043,1
0.05,27,"val",152,0.602307498455048,1
0.05,27,"val",153,0.607622504234314,1
0.05,27,"val",154,0.517323911190033,0
0.05,27,"val",155,0.525391161441803,0
0.05,27,"val",156,0.496736973524094,0
0.05,27,"val",157,0.493263602256775,0
0.05,27,"val",158,0.437183380126953,0
0.05,27,"val",159,0.429537296295166,1
0.05,27,"val",160,0.502418637275696,1
0.05,27,"val",161,0.501635313034058,1
0.05,27,"val",162,0.474408447742462,1
0.05,27,"val",163,0.471046060323715,1
0.05,27,"val",164,0.466923862695694,1
0.05,27,"val",165,0.451097816228867,1
0.05,27,"val",166,0.462284415960312,1
0.05,27,"val",167,0.477446287870407,1
0.05,27,"val",168,0.454689919948578,0
0.05,27,"val",169,0.427657395601273,0
0.05,27,"val",170,0.480204105377197,0
0.05,27,"val",171,0.479053139686584,1
0.05,27,"val",172,0.543161809444427,1
0.05,27,"val",173,0.544031918048859,1
0.05,27,"val",174,0.528038620948792,1
0.05,27,"val",175,0.544835925102234,1
0.05,27,"val",176,0.527939915657043,1
0.05,27,"val",177,0.525206744670868,1
0.05,27,"val",178,0.607622504234314,1
0.05,27,"val",179,0.592112183570862,1
0.05,27,"val",180,0.525391161441803,1
0.05,27,"val",181,0.515387415885925,0
0.05,27,"val",182,0.493263602256775,0
0.05,27,"val",183,0.498615860939026,0
0.05,27,"val",184,0.429537296295166,0
0.05,27,"val",185,0.443118005990982,0
0.05,27,"val",186,0.501635313034058,0
0.05,27,"val",187,0.501174926757812,0
0.05,27,"val",188,0.471046060323715,0
0.05,27,"val",189,0.474774241447449,0
0.05,27,"val",190,0.451097816228867,0
0.05,27,"val",191,0.448951750993729,1
0.05,27,"val",192,0.477446258068085,1
0.05,27,"val",193,0.477187901735306,0
0.05,27,"val",194,0.427657395601273,0
0.05,27,"val",195,0.448406785726547,0
0.05,27,"val",196,0.479053139686584,0
0.05,27,"val",197,0.488437563180923,0
0.05,27,"val",198,0.544031918048859,0
0.05,27,"val",199,0.533581137657166,1
0.05,27,"val",200,0.544835925102234,1
0.05,27,"val",201,0.517092049121857,1
0.05,27,"val",202,0.525206744670868,0
0.05,27,"val",203,0.545641243457794,0
0.05,27,"val",204,0.592112183570862,0
0.05,27,"val",205,0.573518753051758,1
0.05,27,"val",206,0.515387415885925,1
0.05,27,"val",207,0.514849305152893,0
0.05,27,"val",208,0.498615860939026,0
0.05,27,"val",209,0.501483857631683,0
0.05,27,"val",210,0.443118005990982,1
0.05,27,"val",211,0.442902982234955,1
0.05,27,"val",212,0.501174926757812,1
0.05,27,"val",213,0.501798033714294,1
0.05,27,"val",214,0.474774241447449,1
0.05,27,"val",215,0.484290152788162,0
0.05,27,"val",216,0.448951750993729,0
0.05,27,"val",217,0.450082808732986,0
0.05,27,"val",218,0.477187901735306,0
0.05,27,"val",219,0.453786313533783,0
0.05,27,"val",220,0.448406785726547,1
0.05,27,"val",221,0.44562566280365,1
0.05,27,"val",222,0.488437563180923,1
0.05,27,"val",223,0.485249370336533,1
0.05,27,"val",224,0.533581137657166,1
0.05,27,"val",225,0.531118929386139,1
0.05,27,"val",226,0.517092049121857,1
0.05,27,"val",227,0.505761623382568,1
0.05,27,"val",228,0.545641243457794,1
0.05,27,"val",229,0.514129042625427,1
0.05,27,"val",230,0.573518753051758,1
0.05,27,"val",231,0.574090003967285,0
0.05,27,"val",232,0.514849305152893,0
0.05,27,"val",233,0.526559591293335,0
0.05,27,"val",234,0.501483857631683,0
0.05,27,"val",235,0.504189491271973,0
0.05,27,"val",236,0.442902982234955,0
0.05,27,"val",237,0.464593559503555,0
0.05,27,"val",238,0.501798033714294,1
0.05,27,"val",239,0.500871539115906,1
0.05,27,"val",240,0.484290152788162,1
0.05,27,"val",241,0.483949214220047,1
0.05,27,"val",242,0.450082808732986,0
0.05,27,"val",243,0.436735987663269,0
0.05,27,"val",244,0.453786313533783,0
0.05,27,"val",245,0.472202777862549,0
0.05,27,"val",246,0.44562566280365,0
0.05,27,"val",247,0.455692172050476,0
0.05,27,"val",248,0.485249370336533,0
0.05,27,"val",249,0.479987382888794,0
0.05,27,"val",250,0.531118929386139,1
0.05,27,"val",251,0.518664121627808,0
0.05,27,"val",252,0.505761623382568,0
0.05,27,"val",253,0.508978724479675,0
0.05,27,"val",254,0.514129042625427,0
0.05,27,"val",255,0.504153847694397,0
0.05,27,"val",256,0.574090003967285,0
0.05,27,"val",257,0.566377878189087,0
0.05,27,"val",258,0.526559591293335,0
0.05,27,"val",259,0.518442809581757,1
0.05,27,"val",260,0.504189491271973,1
0.05,27,"val",261,0.501266121864319,1
0.05,27,"val",262,0.464593559503555,1
0.05,27,"val",263,0.455018371343613,1
0.05,27,"val",264,0.500871539115906,1
0.05,27,"val",265,0.500600337982178,1
0.05,27,"val",266,0.483949214220047,1
0.05,27,"val",267,0.482167214155197,0
0.05,27,"val",268,0.436735987663269,0
0.05,27,"val",269,0.462020635604858,1
0.05,27,"val",270,0.472202777862549,1
0.05,27,"val",271,0.481084555387497,1
0.05,27,"val",272,0.455692172050476,1
0.05,27,"val",273,0.449710071086884,1
0.05,27,"val",274,0.479987382888794,1
0.05,27,"val",275,0.476344227790833,0
0.05,27,"val",276,0.518664121627808,1
0.05,27,"val",277,0.520660102367401,1
0.05,27,"val",278,0.508978724479675,1
0.05,27,"val",279,0.541091084480286,1
0.05,27,"val",280,0.504153788089752,1
0.05,27,"val",281,0.510065913200378,1
0.05,27,"val",282,0.566377878189087,1
0.05,27,"val",283,0.564449548721313,0
0.05,27,"val",284,0.518442809581757,0
0.05,27,"val",285,0.489369034767151,0
0.05,27,"val",286,0.501266121864319,1
0.05,27,"val",287,0.498677909374237,1
0.05,27,"val",288,0.455018371343613,1
0.05,27,"val",289,0.458649277687073,0
0.05,27,"val",290,0.500600337982178,0
0.05,27,"val",291,0.500462055206299,0
0.05,27,"val",292,0.482167214155197,1
0.05,27,"val",293,0.485902041196823,1
0.05,27,"val",294,0.462020635604858,1
0.05,27,"val",295,0.469191044569016,1
0.05,27,"val",296,0.481084555387497,0
0.05,27,"val",297,0.468820840120316,0
0.05,27,"val",298,0.449710071086884,0
0.05,27,"val",299,0.437039017677307,1
0.05,27,"val",300,0.476344227790833,1
0.05,27,"val",301,0.485231339931488,0
0.05,27,"val",302,0.520660102367401,0
0.05,27,"val",303,0.526406347751617,1
0.05,27,"val",304,0.541091084480286,1
0.05,27,"test",1,0.530978620052338,0
0.05,27,"test",2,0.510065913200378,0
0.05,27,"test",3,0.532937526702881,1
0.05,27,"test",4,0.564449548721313,1
0.05,27,"test",5,0.574922323226929,1
0.05,27,"test",6,0.489369034767151,1
0.05,27,"test",7,0.525535762310028,1
0.05,27,"test",8,0.498677909374237,1
0.05,27,"test",9,0.490912348031998,0
0.05,27,"test",10,0.458649277687073,0
0.05,27,"test",11,0.462618678808212,0
0.05,27,"test",12,0.500462055206299,1
0.05,27,"test",13,0.501628518104553,1
0.05,27,"test",14,0.485902041196823,0
0.05,27,"test",15,0.479884207248688,0
0.05,27,"test",16,0.469191044569016,0
0.05,27,"test",17,0.464030921459198,0
0.05,27,"test",18,0.468820840120316,0
0.05,27,"test",19,0.463950872421265,1
0.05,27,"test",20,0.437039017677307,1
0.05,27,"test",21,0.446975141763687,1
0.05,27,"test",22,0.485231339931488,1
0.05,27,"test",23,0.485942602157593,1
0.05,27,"test",24,0.526406347751617,1
0.05,27,"test",25,0.524969577789307,0
0.05,27,"test",26,0.530978620052338,0
0.05,27,"test",27,0.541931748390198,1
0.05,27,"test",28,0.532937526702881,0
0.05,27,"test",29,0.520651817321777,1
0.05,27,"test",30,0.574922323226929,0
0.05,27,"test",31,0.563187301158905,0
0.05,27,"test",32,0.525535762310028,0
0.05,27,"test",33,0.522065579891205,0
0.05,27,"test",34,0.490912348031998,1
0.05,27,"test",35,0.499718368053436,1
0.05,27,"test",36,0.462618678808212,1
0.05,27,"test",37,0.465061962604523,1
0.05,27,"test",38,0.501628518104553,1
0.05,27,"test",39,0.501713752746582,1
0.05,27,"test",40,0.479884207248688,1
0.05,27,"test",41,0.47889307141304,1
0.05,27,"test",42,0.464030921459198,0
0.05,27,"test",43,0.466398894786835,1
0.05,27,"test",44,0.463950872421265,1
0.05,27,"test",45,0.456489086151123,1
0.05,27,"test",46,0.446975141763687,0
0.05,27,"test",47,0.450467824935913,0
0.05,27,"test",48,0.485942602157593,0
0.05,27,"test",49,0.47992941737175,0
0.05,27,"test",50,0.524969577789307,0
0.05,27,"test",51,0.517130434513092,0
0.05,27,"test",52,0.541931748390198,1
0.05,27,"test",53,0.520127415657043,1
0.05,27,"test",54,0.520651817321777,1
0.05,27,"test",55,0.514715909957886,0
0.05,27,"test",56,0.563187301158905,0
0.05,27,"test",57,0.587954580783844,0
0.05,27,"test",58,0.522065579891205,0
0.05,27,"test",59,0.526723682880402,0
0.05,27,"test",60,0.499718368053436,0
0.05,27,"test",61,0.492143094539642,0
0.05,27,"test",62,0.465061962604523,0
0.05,27,"test",63,0.455661505460739,0
0.05,27,"test",64,0.501713752746582,1
0.05,27,"test",65,0.50140255689621,1
0.05,27,"test",66,0.47889307141304,0
0.05,27,"test",67,0.485570341348648,0
0.05,27,"test",68,0.466398894786835,0
0.05,27,"test",69,0.471433877944946,0
0.05,27,"test",70,0.456489086151123,0
0.05,27,"test",71,0.457026779651642,1
0.05,27,"test",72,0.450467824935913,1
0.05,27,"test",73,0.45954230427742,0
0.05,27,"test",74,0.47992941737175,0
0.05,27,"test",75,0.477987170219421,1
0.05,27,"test",76,0.517130434513092,1
0.05,27,"test",77,0.524968862533569,0
0.05,27,"test",78,0.520127415657043,0
0.05,27,"test",79,0.511833906173706,0
0.05,27,"test",80,0.514715909957886,0
0.05,27,"test",81,0.527147948741913,0
0.05,27,"test",82,0.587954580783844,1
0.05,27,"test",83,0.556889533996582,1
0.05,27,"test",84,0.526723682880402,1
0.05,27,"test",85,0.516361653804779,1
0.05,27,"test",86,0.492143094539642,1
0.05,27,"test",87,0.496216416358948,0
0.05,27,"test",88,0.455661505460739,1
0.05,27,"test",89,0.437336266040802,0
0.05,27,"test",90,0.50140255689621,0
0.05,27,"test",91,0.500921249389648,1
0.05,27,"test",92,0.485570341348648,0
0.05,27,"test",93,0.483731985092163,1
0.05,27,"test",94,0.471433877944946,0
0.05,27,"test",95,0.468552947044373,0
0.05,27,"test",96,0.457026779651642,0
0.05,27,"test",97,0.467185527086258,1
0.05,27,"test",98,0.45954230427742,1
0.05,27,"test",99,0.464423686265945,1
0.05,27,"test",100,0.477987170219421,1
0.05,27,"test",101,0.47831130027771,1
0.05,27,"test",102,0.524968862533569,1
0.05,27,"test",103,0.524038434028625,0
0.05,27,"test",104,0.511833906173706,0
0.05,27,"test",105,0.531911671161652,0
0.05,27,"test",106,0.527147948741913,0
0.05,27,"test",107,0.512919306755066,0
0.05,27,"test",108,0.556889533996582,1
0.05,27,"test",109,0.562638223171234,1
0.05,27,"test",110,0.516361653804779,1
0.05,27,"test",111,0.527237415313721,1
0.05,27,"test",112,0.496216416358948,1
0.05,27,"test",113,0.490745455026627,1
0.05,27,"test",114,0.437336266040802,1
0.05,27,"test",115,0.458187222480774,1
0.05,27,"test",116,0.500921249389648,1
0.05,27,"test",117,0.503671765327454,1
0.05,27,"test",118,0.483731985092163,1
0.05,27,"test",119,0.48546102643013,0
0.05,27,"test",120,0.468552947044373,1
0.05,27,"test",121,0.458954930305481,1
0.05,27,"test",122,0.467185527086258,1
0.05,27,"test",123,0.466261267662048,1
0.05,27,"test",124,0.464423686265945,0
0.05,27,"test",125,0.444223761558533,0
0.05,27,"test",126,0.47831130027771,0
0.05,27,"test",127,0.48002552986145,1
0.05,27,"test",128,0.524038434028625,1
0.05,27,"test",129,0.528052687644958,0
0.05,27,"test",130,0.531911671161652,1
0.05,27,"test",131,0.538471579551697,0
0.05,27,"test",132,0.512919306755066,1
0.05,27,"test",133,0.524373710155487,0
0.05,27,"test",134,0.562638223171234,0
0.05,27,"test",135,0.56202095746994,1
0.05,27,"test",136,0.527237415313721,1
0.05,27,"test",137,0.525981903076172,1
0.05,27,"test",138,0.490745455026627,1
0.05,27,"test",139,0.491699248552322,1
0.05,27,"test",140,0.458187222480774,1
0.05,27,"test",141,0.432158648967743,0
0.05,27,"test",142,0.503671765327454,0
0.05,27,"test",143,0.502590954303741,0
0.05,27,"test",144,0.48546102643013,0
0.05,27,"test",145,0.475205361843109,1
0.05,27,"test",146,0.458954930305481,0
0.05,27,"test",147,0.456555277109146,0
0.05,27,"test",148,0.466261267662048,0
0.05,27,"test",149,0.472368031740189,0
0.05,27,"test",150,0.444223761558533,1
0.05,27,"test",151,0.447426646947861,1
0.05,27,"test",152,0.48002552986145,1
0.05,27,"test",153,0.477727860212326,1
0.05,27,"test",154,0.528052687644958,1
0.05,27,"test",155,0.519207179546356,0
0.05,27,"test",156,0.538471579551697,0
0.05,27,"test",157,0.524703025817871,0
0.05,27,"test",158,0.524373710155487,1
0.05,27,"test",159,0.517886221408844,0
0.05,27,"test",160,0.56202095746994,0
0.05,27,"test",161,0.572888970375061,0
0.05,27,"test",162,0.525981903076172,0
0.05,27,"test",163,0.525974631309509,1
0.05,27,"test",164,0.491699248552322,0
0.05,27,"test",165,0.495552241802216,1
0.05,27,"test",166,0.432158648967743,1
0.05,27,"test",167,0.42803692817688,0
0.05,27,"test",168,0.502590954303741,1
0.05,27,"test",169,0.501367330551147,1
0.05,27,"test",170,0.475205361843109,1
0.05,27,"test",171,0.459215879440308,0
0.05,27,"test",172,0.456555277109146,0
0.05,27,"test",173,0.445291996002197,1
0.05,27,"test",174,0.472368031740189,1
0.05,27,"test",175,0.468750804662704,0
0.05,27,"test",176,0.447426646947861,0
0.05,27,"test",177,0.45899498462677,0
0.05,27,"test",178,0.477727860212326,0
0.05,27,"test",179,0.478470146656036,0
0.05,27,"test",180,0.519207179546356,1
0.05,27,"test",181,0.52321594953537,1
0.05,27,"test",182,0.524703025817871,0
0.05,27,"test",183,0.518312215805054,0
0.05,27,"test",184,0.517886221408844,0
0.05,27,"test",185,0.506844699382782,0
0.05,27,"test",186,0.572888970375061,0
0.05,27,"test",187,0.545019865036011,0
0.05,27,"test",188,0.525974631309509,0
0.05,27,"test",189,0.525739789009094,0
0.05,27,"test",190,0.495552241802216,0
0.05,27,"test",191,0.515685677528381,0
0.05,27,"test",192,0.42803692817688,0
0.05,27,"test",193,0.444109350442886,1
0.05,27,"test",194,0.501367330551147,1
0.05,27,"test",195,0.501503050327301,1
0.05,27,"test",196,0.459215879440308,1
0.05,27,"test",197,0.481340706348419,1
0.05,27,"test",198,0.445291996002197,1
0.05,27,"test",199,0.440457075834274,1
0.05,27,"test",200,0.468750804662704,0
0.05,27,"test",201,0.468117743730545,1
0.05,27,"test",202,0.45899498462677,1
0.05,27,"test",203,0.451246827840805,1
0.05,27,"test",204,0.478470146656036,1
0.05,27,"test",205,0.477655678987503,1
0.05,27,"test",206,0.52321594953537,0
0.05,27,"test",207,0.507544040679932,0
0.05,27,"test",208,0.518312215805054,0
0.05,27,"test",209,0.518378853797913,0
0.05,27,"test",210,0.506844699382782,0
0.05,27,"test",211,0.508354187011719,1
0.05,27,"test",212,0.545019865036011,0
0.05,27,"test",213,0.556884229183197,0
0.05,27,"test",214,0.525739789009094,1
0.05,27,"test",215,0.518754541873932,1
0.05,27,"test",216,0.515685677528381,1
0.05,27,"test",217,0.498269259929657,1
0.05,27,"test",218,0.444109350442886,1
0.05,27,"test",219,0.440072804689407,1
0.05,27,"test",220,0.501503050327301,1
0.05,27,"test",221,0.503044247627258,1
0.05,27,"test",222,0.481340706348419,1
0.05,27,"test",223,0.478875279426575,1
0.05,27,"test",224,0.440457075834274,1
0.05,27,"test",225,0.438535422086716,0
0.05,27,"test",226,0.468117743730545,0
0.05,27,"test",227,0.457136958837509,0
0.05,27,"test",228,0.451246827840805,1
0.05,27,"test",229,0.445406466722488,0
0.05,27,"test",230,0.477655678987503,0
0.05,27,"test",231,0.477783739566803,0
0.05,27,"test",232,0.507544040679932,1
0.05,27,"test",233,0.536881446838379,1
0.05,27,"test",234,0.518378853797913,0
0.05,27,"test",235,0.537133634090424,1
0.05,27,"test",236,0.508354187011719,1
0.05,27,"test",237,0.514290153980255,1
0.05,27,"test",238,0.556884229183197,0
0.05,27,"test",239,0.57261848449707,0
0.05,27,"test",240,0.518754541873932,0
0.05,27,"test",241,0.525892198085785,0
0.05,27,"test",242,0.498269259929657,1
0.05,27,"test",243,0.502885699272156,1
0.05,27,"test",244,0.440072804689407,1
0.05,27,"test",245,0.446999937295914,1
0.05,27,"test",246,0.503044247627258,1
0.05,27,"test",247,0.499870598316193,1
0.05,27,"test",248,0.478875279426575,0
0.05,27,"test",249,0.477660417556763,0
0.05,27,"test",250,0.438535422086716,0
0.05,27,"test",251,0.412735551595688,0
0.05,27,"test",252,0.457136958837509,1
0.05,27,"test",253,0.44803187251091,1
0.05,27,"test",254,0.445406466722488,0
0.05,27,"test",255,0.436431050300598,0
0.05,27,"test",256,0.477783739566803,1
0.05,27,"test",257,0.475654423236847,1
0.05,27,"test",258,0.536881446838379,1
0.05,27,"test",259,0.517160654067993,0
0.05,27,"test",260,0.537133634090424,1
0.05,27,"test",261,0.532295405864716,0
0.05,27,"test",262,0.514290153980255,0
0.05,27,"test",263,0.524389505386353,0
0.05,27,"test",264,0.57261848449707,1
0.05,27,"test",265,0.575482487678528,1
0.05,27,"test",266,0.525892198085785,1
0.05,27,"test",267,0.527023494243622,1
0.05,27,"test",268,0.502885699272156,1
0.05,27,"test",269,0.49992573261261,0
0.05,27,"test",270,0.446999937295914,0
0.05,27,"test",271,0.44797283411026,0
0.05,27,"test",272,0.499870598316193,1
0.05,27,"test",273,0.500622630119324,0
0.05,27,"test",274,0.477660417556763,1
0.05,27,"test",275,0.485813111066818,1
0.05,27,"test",276,0.412735551595688,1
0.05,27,"test",277,0.43394273519516,0
0.05,27,"test",278,0.44803187251091,1
0.05,27,"test",279,0.483613133430481,0
0.05,27,"test",280,0.436431050300598,0
0.05,27,"test",281,0.43207722902298,0
0.05,27,"test",282,0.475654423236847,1
0.05,27,"test",283,0.490661859512329,1
0.05,27,"test",284,0.517160654067993,1
0.05,27,"test",285,0.525723397731781,1
0.05,27,"test",286,0.532295405864716,0
0.05,27,"test",287,0.585609197616577,0
0.05,27,"test",288,0.524389505386353,0
0.05,27,"test",289,0.512260317802429,0
0.05,27,"test",290,0.575482487678528,0
0.05,27,"test",291,0.553616881370544,0
0.05,27,"test",292,0.527023494243622,1
0.05,27,"test",293,0.523336708545685,1
0.05,27,"test",294,0.49992573261261,1
0.05,27,"test",295,0.494992733001709,0
0.05,27,"test",296,0.44797283411026,0
0.05,27,"test",297,0.443813651800156,1
0.05,27,"test",298,0.500622630119324,1
0.05,27,"test",299,0.500214874744415,1
0.05,27,"test",300,0.485813111066818,0
0.05,27,"test",301,0.485935181379318,0
0.05,27,"test",302,0.43394273519516,0
0.05,27,"test",303,0.457960784435272,0
0.05,27,"test",304,0.483613133430481,0
0.05,27,"test",305,0.482125133275986,0
0.05,98,"val",1,0.506671488285065,1
0.05,98,"val",2,0.457824796438217,1
0.05,98,"val",3,0.467438161373138,0
0.05,98,"val",4,0.489226967096329,1
0.05,98,"val",5,0.496029764413834,0
0.05,98,"val",6,0.466757357120514,0
0.05,98,"val",7,0.465110272169113,0
0.05,98,"val",8,0.458783477544785,1
0.05,98,"val",9,0.450995236635208,1
0.05,98,"val",10,0.509029686450958,1
0.05,98,"val",11,0.502008378505707,1
0.05,98,"val",12,0.271261692047119,0
0.05,98,"val",13,0.277935296297073,0
0.05,98,"val",14,0.507256269454956,0
0.05,98,"val",15,0.475965529680252,0
0.05,98,"val",16,0.545673906803131,0
0.05,98,"val",17,0.517531037330627,1
0.05,98,"val",18,0.597109258174896,1
0.05,98,"val",19,0.588301837444305,1
0.05,98,"val",20,0.568704903125763,1
0.05,98,"val",21,0.489612817764282,1
0.05,98,"val",22,0.615191400051117,1
0.05,98,"val",23,0.60212916135788,1
0.05,98,"val",24,0.586692929267883,1
0.05,98,"val",25,0.600377917289734,1
0.05,98,"val",26,0.506671488285065,1
0.05,98,"val",27,0.49954828619957,0
0.05,98,"val",28,0.467438161373138,1
0.05,98,"val",29,0.446677833795547,1
0.05,98,"val",30,0.496029764413834,1
0.05,98,"val",31,0.50684642791748,1
0.05,98,"val",32,0.465110272169113,1
0.05,98,"val",33,0.477809876203537,0
0.05,98,"val",34,0.450995236635208,0
0.05,98,"val",35,0.482639670372009,0
0.05,98,"val",36,0.502008378505707,1
0.05,98,"val",37,0.450044870376587,1
0.05,98,"val",38,0.277935296297073,1
0.05,98,"val",39,0.25450536608696,1
0.05,98,"val",40,0.475965529680252,0
0.05,98,"val",41,0.476483374834061,1
0.05,98,"val",42,0.517531037330627,1
0.05,98,"val",43,0.496271222829819,0
0.05,98,"val",44,0.588301837444305,0
0.05,98,"val",45,0.579464018344879,0
0.05,98,"val",46,0.489612817764282,0
0.05,98,"val",47,0.559895634651184,0
0.05,98,"val",48,0.60212916135788,1
0.05,98,"val",49,0.586228787899017,1
0.05,98,"val",50,0.600377917289734,1
0.05,98,"val",51,0.572578608989716,0
0.05,98,"val",52,0.49954828619957,0
0.05,98,"val",53,0.500135779380798,1
0.05,98,"val",54,0.446677833795547,1
0.05,98,"val",55,0.428133279085159,1
0.05,98,"val",56,0.50684642791748,1
0.05,98,"val",57,0.520744860172272,1
0.05,98,"val",58,0.477809876203537,1
0.05,98,"val",59,0.477843672037125,0
0.05,98,"val",60,0.482639670372009,0
0.05,98,"val",61,0.485063463449478,0
0.05,98,"val",62,0.450044870376587,0
0.05,98,"val",63,0.495137691497803,0
0.05,98,"val",64,0.25450536608696,0
0.05,98,"val",65,0.346279710531235,0
0.05,98,"val",66,0.476483374834061,0
0.05,98,"val",67,0.443090289831161,1
0.05,98,"val",68,0.496271222829819,1
0.05,98,"val",69,0.548404514789581,1
0.05,98,"val",70,0.579464018344879,1
0.05,98,"val",71,0.555618226528168,1
0.05,98,"val",72,0.559895634651184,1
0.05,98,"val",73,0.567326068878174,1
0.05,98,"val",74,0.586228787899017,1
0.05,98,"val",75,0.69109308719635,1
0.05,98,"val",76,0.572578608989716,0
0.05,98,"val",77,0.559121966362,0
0.05,98,"val",78,0.500135779380798,1
0.05,98,"val",79,0.489126890897751,1
0.05,98,"val",80,0.428133279085159,0
0.05,98,"val",81,0.459139049053192,0
0.05,98,"val",82,0.520744860172272,1
0.05,98,"val",83,0.514435946941376,1
0.05,98,"val",84,0.477843672037125,1
0.05,98,"val",85,0.478909343481064,1
0.05,98,"val",86,0.485063463449478,0
0.05,98,"val",87,0.502647995948792,0
0.05,98,"val",88,0.495137691497803,0
0.05,98,"val",89,0.492129445075989,0
0.05,98,"val",90,0.346279710531235,0
0.05,98,"val",91,0.359445154666901,0
0.05,98,"val",92,0.443090289831161,0
0.05,98,"val",93,0.49979954957962,0
0.05,98,"val",94,0.548404514789581,0
0.05,98,"val",95,0.58173006772995,0
0.05,98,"val",96,0.555618226528168,1
0.05,98,"val",97,0.556153655052185,1
0.05,98,"val",98,0.567326068878174,1
0.05,98,"val",99,0.522352457046509,1
0.05,98,"val",100,0.69109308719635,0
0.05,98,"val",101,0.792021155357361,0
0.05,98,"val",102,0.559121966362,0
0.05,98,"val",103,0.643978238105774,0
0.05,98,"val",104,0.489126890897751,1
0.05,98,"val",105,0.492809057235718,1
0.05,98,"val",106,0.459139049053192,1
0.05,98,"val",107,0.411259919404984,1
0.05,98,"val",108,0.514435946941376,1
0.05,98,"val",109,0.516434550285339,1
0.05,98,"val",110,0.478909343481064,0
0.05,98,"val",111,0.478115051984787,1
0.05,98,"val",112,0.502647995948792,0
0.05,98,"val",113,0.511785209178925,1
0.05,98,"val",114,0.492129445075989,0
0.05,98,"val",115,0.501398146152496,1
0.05,98,"val",116,0.359445154666901,1
0.05,98,"val",117,0.426519274711609,1
0.05,98,"val",118,0.49979954957962,1
0.05,98,"val",119,0.482944399118423,1
0.05,98,"val",120,0.581730127334595,0
0.05,98,"val",121,0.55514270067215,0
0.05,98,"val",122,0.556153655052185,0
0.05,98,"val",123,0.556410431861877,1
0.05,98,"val",124,0.522352457046509,1
0.05,98,"val",125,0.523103415966034,1
0.05,98,"val",126,0.792021155357361,1
0.05,98,"val",127,0.716614425182343,1
0.05,98,"val",128,0.643978238105774,1
0.05,98,"val",129,0.622780442237854,1
0.05,98,"val",130,0.492809057235718,1
0.05,98,"val",131,0.49244698882103,1
0.05,98,"val",132,0.411259919404984,1
0.05,98,"val",133,0.433170258998871,1
0.05,98,"val",134,0.516434550285339,1
0.05,98,"val",135,0.503684639930725,1
0.05,98,"val",136,0.478115051984787,0
0.05,98,"val",137,0.469034433364868,1
0.05,98,"val",138,0.511785209178925,1
0.05,98,"val",139,0.472717344760895,1
0.05,98,"val",140,0.501398146152496,1
0.05,98,"val",141,0.44926506280899,1
0.05,98,"val",142,0.426519274711609,1
0.05,98,"val",143,0.390681087970734,1
0.05,98,"val",144,0.482944399118423,1
0.05,98,"val",145,0.470430940389633,1
0.05,98,"val",146,0.55514270067215,0
0.05,98,"val",147,0.598181128501892,0
0.05,98,"val",148,0.556410431861877,1
0.05,98,"val",149,0.547119557857513,1
0.05,98,"val",150,0.523103415966034,1
0.05,98,"val",151,0.561959683895111,1
0.05,98,"val",152,0.716614425182343,1
0.05,98,"val",153,0.776220440864563,1
0.05,98,"val",154,0.622780442237854,0
0.05,98,"val",155,0.53849983215332,0
0.05,98,"val",156,0.49244698882103,0
0.05,98,"val",157,0.492199242115021,0
0.05,98,"val",158,0.433170258998871,0
0.05,98,"val",159,0.404278516769409,1
0.05,98,"val",160,0.503684639930725,1
0.05,98,"val",161,0.513169765472412,1
0.05,98,"val",162,0.469034433364868,1
0.05,98,"val",163,0.476949691772461,1
0.05,98,"val",164,0.472717344760895,1
0.05,98,"val",165,0.466230481863022,1
0.05,98,"val",166,0.44926506280899,1
0.05,98,"val",167,0.480620861053467,1
0.05,98,"val",168,0.390681087970734,0
0.05,98,"val",169,0.31063449382782,0
0.05,98,"val",170,0.470430940389633,0
0.05,98,"val",171,0.456559985876083,1
0.05,98,"val",172,0.598181128501892,1
0.05,98,"val",173,0.609263837337494,1
0.05,98,"val",174,0.547119557857513,1
0.05,98,"val",175,0.558221757411957,1
0.05,98,"val",176,0.561959683895111,1
0.05,98,"val",177,0.557309508323669,1
0.05,98,"val",178,0.776220440864563,1
0.05,98,"val",179,0.661184668540955,1
0.05,98,"val",180,0.53849983215332,1
0.05,98,"val",181,0.515151858329773,0
0.05,98,"val",182,0.492199242115021,0
0.05,98,"val",183,0.497857749462128,0
0.05,98,"val",184,0.404278516769409,0
0.05,98,"val",185,0.453757733106613,0
0.05,98,"val",186,0.513169765472412,0
0.05,98,"val",187,0.514349222183228,0
0.05,98,"val",188,0.476949691772461,0
0.05,98,"val",189,0.467934459447861,0
0.05,98,"val",190,0.466230481863022,0
0.05,98,"val",191,0.467339992523193,1
0.05,98,"val",192,0.480620861053467,1
0.05,98,"val",193,0.473215788602829,0
0.05,98,"val",194,0.31063449382782,0
0.05,98,"val",195,0.366345584392548,0
0.05,98,"val",196,0.456559985876083,0
0.05,98,"val",197,0.515247941017151,0
0.05,98,"val",198,0.609263837337494,0
0.05,98,"val",199,0.580209612846375,1
0.05,98,"val",200,0.558221757411957,1
0.05,98,"val",201,0.524750649929047,1
0.05,98,"val",202,0.557309508323669,0
0.05,98,"val",203,0.659650504589081,0
0.05,98,"val",204,0.661184668540955,0
0.05,98,"val",205,0.635945498943329,1
0.05,98,"val",206,0.515151858329773,1
0.05,98,"val",207,0.626435935497284,0
0.05,98,"val",208,0.497857749462128,0
0.05,98,"val",209,0.504438042640686,0
0.05,98,"val",210,0.453757733106613,1
0.05,98,"val",211,0.438902735710144,1
0.05,98,"val",212,0.514349222183228,1
0.05,98,"val",213,0.51163113117218,1
0.05,98,"val",214,0.467934459447861,1
0.05,98,"val",215,0.464528232812881,0
0.05,98,"val",216,0.467339992523193,0
0.05,98,"val",217,0.426368951797485,0
0.05,98,"val",218,0.473215788602829,0
0.05,98,"val",219,0.435258895158768,0
0.05,98,"val",220,0.366345584392548,1
0.05,98,"val",221,0.380737453699112,1
0.05,98,"val",222,0.515247941017151,1
0.05,98,"val",223,0.496940404176712,1
0.05,98,"val",224,0.580209612846375,1
0.05,98,"val",225,0.5743488073349,1
0.05,98,"val",226,0.524750649929047,1
0.05,98,"val",227,0.506862282752991,1
0.05,98,"val",228,0.659650504589081,1
0.05,98,"val",229,0.508744120597839,1
0.05,98,"val",230,0.635945498943329,1
0.05,98,"val",231,0.617213249206543,0
0.05,98,"val",232,0.626435935497284,0
0.05,98,"val",233,0.593801617622375,0
0.05,98,"val",234,0.504438042640686,0
0.05,98,"val",235,0.510585367679596,0
0.05,98,"val",236,0.438902735710144,0
0.05,98,"val",237,0.487635761499405,0
0.05,98,"val",238,0.51163113117218,1
0.05,98,"val",239,0.518813371658325,1
0.05,98,"val",240,0.464528232812881,1
0.05,98,"val",241,0.480916619300842,1
0.05,98,"val",242,0.426368951797485,0
0.05,98,"val",243,0.498644351959229,0
0.05,98,"val",244,0.435258895158768,0
0.05,98,"val",245,0.487057685852051,0
0.05,98,"val",246,0.380737453699112,0
0.05,98,"val",247,0.404726058244705,0
0.05,98,"val",248,0.496940404176712,0
0.05,98,"val",249,0.469151467084885,0
0.05,98,"val",250,0.5743488073349,1
0.05,98,"val",251,0.536189913749695,0
0.05,98,"val",252,0.506862282752991,0
0.05,98,"val",253,0.514357447624207,0
0.05,98,"val",254,0.508744120597839,0
0.05,98,"val",255,0.46556156873703,0
0.05,98,"val",256,0.617213308811188,0
0.05,98,"val",257,0.52286821603775,0
0.05,98,"val",258,0.593801617622375,0
0.05,98,"val",259,0.621537566184998,1
0.05,98,"val",260,0.510585367679596,1
0.05,98,"val",261,0.504297614097595,1
0.05,98,"val",262,0.487635761499405,1
0.05,98,"val",263,0.473161071538925,1
0.05,98,"val",264,0.518813371658325,1
0.05,98,"val",265,0.519633948802948,1
0.05,98,"val",266,0.480916619300842,1
0.05,98,"val",267,0.467547535896301,0
0.05,98,"val",268,0.498644351959229,0
0.05,98,"val",269,0.534870147705078,1
0.05,98,"val",270,0.487057685852051,1
0.05,98,"val",271,0.485187590122223,1
0.05,98,"val",272,0.404726058244705,1
0.05,98,"val",273,0.383693635463715,1
0.05,98,"val",274,0.469151467084885,1
0.05,98,"val",275,0.453861653804779,0
0.05,98,"val",276,0.536189913749695,1
0.05,98,"val",277,0.541135609149933,1
0.05,98,"val",278,0.514357447624207,1
0.05,98,"val",279,0.560877978801727,1
0.05,98,"val",280,0.46556156873703,1
0.05,98,"val",281,0.496958613395691,1
0.05,98,"val",282,0.52286821603775,1
0.05,98,"val",283,0.500516891479492,0
0.05,98,"val",284,0.621537566184998,0
0.05,98,"val",285,0.655387222766876,0
0.05,98,"val",286,0.504297614097595,1
0.05,98,"val",287,0.500383615493774,1
0.05,98,"val",288,0.473161071538925,1
0.05,98,"val",289,0.482995212078094,0
0.05,98,"val",290,0.519633948802948,0
0.05,98,"val",291,0.520852625370026,0
0.05,98,"val",292,0.467547535896301,1
0.05,98,"val",293,0.479143768548965,1
0.05,98,"val",294,0.534870147705078,1
0.05,98,"val",295,0.529867649078369,1
0.05,98,"val",296,0.485187590122223,0
0.05,98,"val",297,0.478649199008942,0
0.05,98,"val",298,0.383693635463715,0
0.05,98,"val",299,0.344675213098526,1
0.05,98,"val",300,0.453861653804779,1
0.05,98,"val",301,0.495768517255783,0
0.05,98,"val",302,0.541135609149933,0
0.05,98,"val",303,0.563412964344025,1
0.05,98,"val",304,0.560877978801727,1
0.05,98,"test",1,0.551683843135834,0
0.05,98,"test",2,0.496958613395691,0
0.05,98,"test",3,0.589507222175598,1
0.05,98,"test",4,0.500516891479492,1
0.05,98,"test",5,0.487749040126801,1
0.05,98,"test",6,0.655387222766876,1
0.05,98,"test",7,0.604180097579956,1
0.05,98,"test",8,0.500383615493774,1
0.05,98,"test",9,0.481014311313629,0
0.05,98,"test",10,0.482995212078094,0
0.05,98,"test",11,0.481828659772873,0
0.05,98,"test",12,0.520852625370026,1
0.05,98,"test",13,0.508937001228333,1
0.05,98,"test",14,0.479143768548965,0
0.05,98,"test",15,0.474668204784393,0
0.05,98,"test",16,0.529867649078369,0
0.05,98,"test",17,0.476402968168259,0
0.05,98,"test",18,0.478649199008942,0
0.05,98,"test",19,0.471511840820312,1
0.05,98,"test",20,0.344675213098526,1
0.05,98,"test",21,0.421725213527679,1
0.05,98,"test",22,0.495768517255783,1
0.05,98,"test",23,0.495272070169449,1
0.05,98,"test",24,0.563412964344025,1
0.05,98,"test",25,0.546754002571106,0
0.05,98,"test",26,0.551683843135834,0
0.05,98,"test",27,0.563646972179413,1
0.05,98,"test",28,0.589507222175598,0
0.05,98,"test",29,0.532779455184937,1
0.05,98,"test",30,0.487749040126801,0
0.05,98,"test",31,0.59860622882843,0
0.05,98,"test",32,0.604180097579956,0
0.05,98,"test",33,0.610654890537262,0
0.05,98,"test",34,0.481014311313629,1
0.05,98,"test",35,0.499968618154526,1
0.05,98,"test",36,0.481828659772873,1
0.05,98,"test",37,0.490078806877136,1
0.05,98,"test",38,0.508937001228333,1
0.05,98,"test",39,0.502886533737183,1
0.05,98,"test",40,0.474668204784393,1
0.05,98,"test",41,0.469233691692352,1
0.05,98,"test",42,0.476402968168259,0
0.05,98,"test",43,0.455300867557526,1
0.05,98,"test",44,0.471511840820312,1
0.05,98,"test",45,0.47015780210495,1
0.05,98,"test",46,0.421725213527679,0
0.05,98,"test",47,0.466240584850311,0
0.05,98,"test",48,0.495272070169449,0
0.05,98,"test",49,0.479632616043091,0
0.05,98,"test",50,0.546754002571106,0
0.05,98,"test",51,0.538136661052704,0
0.05,98,"test",52,0.563646972179413,1
0.05,98,"test",53,0.530123651027679,1
0.05,98,"test",54,0.532779455184937,1
0.05,98,"test",55,0.496559381484985,0
0.05,98,"test",56,0.59860622882843,0
0.05,98,"test",57,0.638386607170105,0
0.05,98,"test",58,0.610654890537262,0
0.05,98,"test",59,0.581918716430664,0
0.05,98,"test",60,0.499968618154526,0
0.05,98,"test",61,0.484389692544937,0
0.05,98,"test",62,0.490078806877136,0
0.05,98,"test",63,0.46581158041954,0
0.05,98,"test",64,0.502886533737183,1
0.05,98,"test",65,0.515268921852112,1
0.05,98,"test",66,0.469233691692352,0
0.05,98,"test",67,0.47379744052887,0
0.05,98,"test",68,0.455300867557526,0
0.05,98,"test",69,0.463733732700348,0
0.05,98,"test",70,0.47015780210495,0
0.05,98,"test",71,0.461123079061508,1
0.05,98,"test",72,0.466240584850311,1
0.05,98,"test",73,0.440324455499649,0
0.05,98,"test",74,0.479632616043091,0
0.05,98,"test",75,0.447787940502167,1
0.05,98,"test",76,0.538136661052704,1
0.05,98,"test",77,0.554957747459412,0
0.05,98,"test",78,0.530123651027679,0
0.05,98,"test",79,0.515482485294342,0
0.05,98,"test",80,0.496559381484985,0
0.05,98,"test",81,0.55153501033783,0
0.05,98,"test",82,0.638386607170105,1
0.05,98,"test",83,0.576129138469696,1
0.05,98,"test",84,0.581918716430664,1
0.05,98,"test",85,0.626169145107269,1
0.05,98,"test",86,0.484389692544937,1
0.05,98,"test",87,0.496546268463135,0
0.05,98,"test",88,0.465811610221863,1
0.05,98,"test",89,0.436389952898026,0
0.05,98,"test",90,0.515268921852112,0
0.05,98,"test",91,0.518301427364349,1
0.05,98,"test",92,0.47379744052887,0
0.05,98,"test",93,0.47073695063591,1
0.05,98,"test",94,0.463733732700348,0
0.05,98,"test",95,0.470844984054565,0
0.05,98,"test",96,0.461123079061508,0
0.05,98,"test",97,0.487232565879822,1
0.05,98,"test",98,0.440324455499649,1
0.05,98,"test",99,0.442828685045242,1
0.05,98,"test",100,0.447787940502167,1
0.05,98,"test",101,0.428838282823563,1
0.05,98,"test",102,0.554957747459412,1
0.05,98,"test",103,0.55419921875,0
0.05,98,"test",104,0.515482485294342,0
0.05,98,"test",105,0.550462782382965,0
0.05,98,"test",106,0.55153501033783,0
0.05,98,"test",107,0.509784817695618,0
0.05,98,"test",108,0.576129138469696,1
0.05,98,"test",109,0.579247534275055,1
0.05,98,"test",110,0.626169145107269,1
0.05,98,"test",111,0.588898301124573,1
0.05,98,"test",112,0.496546268463135,1
0.05,98,"test",113,0.481439113616943,1
0.05,98,"test",114,0.436389952898026,1
0.05,98,"test",115,0.481240391731262,1
0.05,98,"test",116,0.518301427364349,1
0.05,98,"test",117,0.487863063812256,1
0.05,98,"test",118,0.47073695063591,1
0.05,98,"test",119,0.471950948238373,0
0.05,98,"test",120,0.470844984054565,1
0.05,98,"test",121,0.436057537794113,1
0.05,98,"test",122,0.487232565879822,1
0.05,98,"test",123,0.485555857419968,1
0.05,98,"test",124,0.442828685045242,0
0.05,98,"test",125,0.394270390272141,0
0.05,98,"test",126,0.428838282823563,0
0.05,98,"test",127,0.416922599077225,1
0.05,98,"test",128,0.55419921875,1
0.05,98,"test",129,0.569535732269287,0
0.05,98,"test",130,0.550462782382965,1
0.05,98,"test",131,0.557651877403259,0
0.05,98,"test",132,0.509784817695618,1
0.05,98,"test",133,0.551566004753113,0
0.05,98,"test",134,0.579247534275055,0
0.05,98,"test",135,0.572728872299194,1
0.05,98,"test",136,0.588898301124573,1
0.05,98,"test",137,0.593986332416534,1
0.05,98,"test",138,0.481439113616943,1
0.05,98,"test",139,0.484072685241699,1
0.05,98,"test",140,0.481240391731262,1
0.05,98,"test",141,0.422054499387741,0
0.05,98,"test",142,0.487863063812256,0
0.05,98,"test",143,0.49570819735527,0
0.05,98,"test",144,0.471950948238373,0
0.05,98,"test",145,0.478990823030472,1
0.05,98,"test",146,0.436057537794113,0
0.05,98,"test",147,0.49542498588562,0
0.05,98,"test",148,0.485555857419968,0
0.05,98,"test",149,0.500213265419006,0
0.05,98,"test",150,0.394270390272141,1
0.05,98,"test",151,0.457160979509354,1
0.05,98,"test",152,0.416922569274902,1
0.05,98,"test",153,0.459820181131363,1
0.05,98,"test",154,0.569535732269287,1
0.05,98,"test",155,0.511170744895935,0
0.05,98,"test",156,0.557651877403259,0
0.05,98,"test",157,0.538222312927246,0
0.05,98,"test",158,0.551566004753113,1
0.05,98,"test",159,0.511861145496368,0
0.05,98,"test",160,0.572728872299194,0
0.05,98,"test",161,0.442563414573669,0
0.05,98,"test",162,0.593986332416534,0
0.05,98,"test",163,0.585272789001465,1
0.05,98,"test",164,0.484072685241699,0
0.05,98,"test",165,0.490629345178604,1
0.05,98,"test",166,0.422054499387741,1
0.05,98,"test",167,0.410283505916595,0
0.05,98,"test",168,0.49570819735527,1
0.05,98,"test",169,0.513327121734619,1
0.05,98,"test",170,0.478990823030472,1
0.05,98,"test",171,0.471090614795685,0
0.05,98,"test",172,0.49542498588562,0
0.05,98,"test",173,0.513310372829437,1
0.05,98,"test",174,0.500213265419006,1
0.05,98,"test",175,0.481402337551117,0
0.05,98,"test",176,0.457160979509354,0
0.05,98,"test",177,0.443923354148865,0
0.05,98,"test",178,0.459820181131363,0
0.05,98,"test",179,0.472609221935272,0
0.05,98,"test",180,0.511170744895935,1
0.05,98,"test",181,0.534132719039917,1
0.05,98,"test",182,0.538222312927246,0
0.05,98,"test",183,0.527927994728088,0
0.05,98,"test",184,0.511861145496368,0
0.05,98,"test",185,0.484237015247345,0
0.05,98,"test",186,0.442563414573669,0
0.05,98,"test",187,0.545319437980652,0
0.05,98,"test",188,0.585272789001465,0
0.05,98,"test",189,0.563839375972748,0
0.05,98,"test",190,0.490629345178604,0
0.05,98,"test",191,0.55247962474823,0
0.05,98,"test",192,0.410283535718918,0
0.05,98,"test",193,0.460809886455536,1
0.05,98,"test",194,0.513327121734619,1
0.05,98,"test",195,0.509020805358887,1
0.05,98,"test",196,0.471090614795685,1
0.05,98,"test",197,0.471383988857269,1
0.05,98,"test",198,0.513310372829437,1
0.05,98,"test",199,0.512395620346069,1
0.05,98,"test",200,0.481402337551117,0
0.05,98,"test",201,0.489030957221985,1
0.05,98,"test",202,0.443923354148865,1
0.05,98,"test",203,0.452982366085052,1
0.05,98,"test",204,0.472609221935272,1
0.05,98,"test",205,0.465693861246109,1
0.05,98,"test",206,0.534132719039917,0
0.05,98,"test",207,0.491234064102173,0
0.05,98,"test",208,0.527927994728088,0
0.05,98,"test",209,0.527289092540741,0
0.05,98,"test",210,0.484237015247345,0
0.05,98,"test",211,0.492444902658463,1
0.05,98,"test",212,0.545319437980652,0
0.05,98,"test",213,0.576551854610443,0
0.05,98,"test",214,0.563839375972748,1
0.05,98,"test",215,0.616704642772675,1
0.05,98,"test",216,0.552479684352875,1
0.05,98,"test",217,0.503041505813599,1
0.05,98,"test",218,0.460809886455536,1
0.05,98,"test",219,0.439477920532227,1
0.05,98,"test",220,0.509020805358887,1
0.05,98,"test",221,0.488963395357132,1
0.05,98,"test",222,0.471383988857269,1
0.05,98,"test",223,0.477123409509659,1
0.05,98,"test",224,0.512395620346069,1
0.05,98,"test",225,0.468279361724854,0
0.05,98,"test",226,0.489030957221985,0
0.05,98,"test",227,0.461241036653519,0
0.05,98,"test",228,0.452982366085052,1
0.05,98,"test",229,0.417667329311371,0
0.05,98,"test",230,0.465693861246109,0
0.05,98,"test",231,0.430316507816315,0
0.05,98,"test",232,0.491234064102173,1
0.05,98,"test",233,0.549057602882385,1
0.05,98,"test",234,0.527289092540741,0
0.05,98,"test",235,0.554556369781494,1
0.05,98,"test",236,0.492444902658463,1
0.05,98,"test",237,0.525083422660828,1
0.05,98,"test",238,0.576551854610443,0
0.05,98,"test",239,0.484014689922333,0
0.05,98,"test",240,0.616704642772675,0
0.05,98,"test",241,0.573386907577515,0
0.05,98,"test",242,0.503041505813599,1
0.05,98,"test",243,0.510712921619415,1
0.05,98,"test",244,0.439477920532227,1
0.05,98,"test",245,0.464937210083008,1
0.05,98,"test",246,0.488963395357132,1
0.05,98,"test",247,0.523391485214233,1
0.05,98,"test",248,0.477123409509659,0
0.05,98,"test",249,0.478920489549637,0
0.05,98,"test",250,0.468279361724854,0
0.05,98,"test",251,0.453955501317978,0
0.05,98,"test",252,0.461241036653519,1
0.05,98,"test",253,0.470071405172348,1
0.05,98,"test",254,0.417667329311371,0
0.05,98,"test",255,0.355955511331558,0
0.05,98,"test",256,0.430316537618637,1
0.05,98,"test",257,0.437156945466995,1
0.05,98,"test",258,0.549057602882385,1
0.05,98,"test",259,0.525283575057983,0
0.05,98,"test",260,0.554556369781494,1
0.05,98,"test",261,0.554148554801941,0
0.05,98,"test",262,0.525083422660828,0
0.05,98,"test",263,0.56289803981781,0
0.05,98,"test",264,0.484014689922333,1
0.05,98,"test",265,0.28109672665596,1
0.05,98,"test",266,0.573386907577515,1
0.05,98,"test",267,0.572883069515228,1
0.05,98,"test",268,0.510712921619415,1
0.05,98,"test",269,0.50069272518158,0
0.05,98,"test",270,0.464937210083008,0
0.05,98,"test",271,0.464303433895111,0
0.05,98,"test",272,0.523391485214233,1
0.05,98,"test",273,0.516954481601715,0
0.05,98,"test",274,0.478920489549637,1
0.05,98,"test",275,0.472375839948654,1
0.05,98,"test",276,0.453955501317978,1
0.05,98,"test",277,0.488676518201828,0
0.05,98,"test",278,0.470071405172348,1
0.05,98,"test",279,0.536130547523499,0
0.05,98,"test",280,0.355955511331558,0
0.05,98,"test",281,0.404389977455139,0
0.05,98,"test",282,0.437156945466995,1
0.05,98,"test",283,0.346648991107941,1
0.05,98,"test",284,0.525283575057983,1
0.05,98,"test",285,0.539051353931427,1
0.05,98,"test",286,0.554148554801941,0
0.05,98,"test",287,0.62138295173645,0
0.05,98,"test",288,0.56289803981781,0
0.05,98,"test",289,0.499891519546509,0
0.05,98,"test",290,0.28109672665596,0
0.05,98,"test",291,0.344670355319977,0
0.05,98,"test",292,0.572883069515228,1
0.05,98,"test",293,0.518129348754883,1
0.05,98,"test",294,0.50069272518158,1
0.05,98,"test",295,0.489769339561462,0
0.05,98,"test",296,0.464303433895111,0
0.05,98,"test",297,0.446629673242569,1
0.05,98,"test",298,0.516954481601715,1
0.05,98,"test",299,0.522100031375885,1
0.05,98,"test",300,0.472375839948654,0
0.05,98,"test",301,0.462292194366455,0
0.05,98,"test",302,0.488676518201828,0
0.05,98,"test",303,0.465184509754181,0
0.05,98,"test",304,0.536130547523499,0
0.05,98,"test",305,0.516243517398834,0
0.05,41,"val",1,0.515984892845154,1
0.05,41,"val",2,0.477910757064819,1
0.05,41,"val",3,0.46607917547226,0
0.05,41,"val",4,0.499197363853455,1
0.05,41,"val",5,0.502516686916351,0
0.05,41,"val",6,0.433735877275467,0
0.05,41,"val",7,0.440069437026978,0
0.05,41,"val",8,0.470601350069046,1
0.05,41,"val",9,0.461848169565201,1
0.05,41,"val",10,0.478527069091797,1
0.05,41,"val",11,0.472064256668091,1
0.05,41,"val",12,0.34889617562294,0
0.05,41,"val",13,0.348304927349091,0
0.05,41,"val",14,0.489073902368546,0
0.05,41,"val",15,0.4805668592453,0
0.05,41,"val",16,0.537410080432892,0
0.05,41,"val",17,0.524232685565948,1
0.05,41,"val",18,0.575645327568054,1
0.05,41,"val",19,0.565817177295685,1
0.05,41,"val",20,0.542745292186737,1
0.05,41,"val",21,0.503721058368683,1
0.05,41,"val",22,0.571762442588806,1
0.05,41,"val",23,0.569259583950043,1
0.05,41,"val",24,0.556626319885254,1
0.05,41,"val",25,0.557495594024658,1
0.05,41,"val",26,0.515984892845154,1
0.05,41,"val",27,0.512695848941803,0
0.05,41,"val",28,0.46607917547226,1
0.05,41,"val",29,0.479897171258926,1
0.05,41,"val",30,0.502516686916351,1
0.05,41,"val",31,0.506295442581177,1
0.05,41,"val",32,0.440069437026978,1
0.05,41,"val",33,0.467552065849304,0
0.05,41,"val",34,0.461848169565201,0
0.05,41,"val",35,0.480795234441757,0
0.05,41,"val",36,0.472064256668091,1
0.05,41,"val",37,0.430567115545273,1
0.05,41,"val",38,0.348304927349091,1
0.05,41,"val",39,0.332458704710007,1
0.05,41,"val",40,0.4805668592453,0
0.05,41,"val",41,0.479935824871063,1
0.05,41,"val",42,0.524232685565948,1
0.05,41,"val",43,0.521733462810516,0
0.05,41,"val",44,0.565817177295685,0
0.05,41,"val",45,0.554721117019653,0
0.05,41,"val",46,0.503721058368683,0
0.05,41,"val",47,0.538387477397919,0
0.05,41,"val",48,0.569259583950043,1
0.05,41,"val",49,0.566922783851624,1
0.05,41,"val",50,0.557495594024658,1
0.05,41,"val",51,0.552189826965332,0
0.05,41,"val",52,0.512695848941803,0
0.05,41,"val",53,0.514417469501495,1
0.05,41,"val",54,0.479897171258926,1
0.05,41,"val",55,0.466448664665222,1
0.05,41,"val",56,0.506295442581177,1
0.05,41,"val",57,0.508777022361755,1
0.05,41,"val",58,0.467552065849304,1
0.05,41,"val",59,0.46739873290062,0
0.05,41,"val",60,0.480795234441757,0
0.05,41,"val",61,0.481320053339005,0
0.05,41,"val",62,0.430567115545273,0
0.05,41,"val",63,0.464130133390427,0
0.05,41,"val",64,0.332458704710007,0
0.05,41,"val",65,0.390538513660431,0
0.05,41,"val",66,0.479935824871063,0
0.05,41,"val",67,0.472153693437576,1
0.05,41,"val",68,0.521733462810516,1
0.05,41,"val",69,0.540316224098206,1
0.05,41,"val",70,0.554721117019653,1
0.05,41,"val",71,0.512861311435699,1
0.05,41,"val",72,0.538387477397919,1
0.05,41,"val",73,0.542243242263794,1
0.05,41,"val",74,0.566922783851624,1
0.05,41,"val",75,0.610646784305573,1
0.05,41,"val",76,0.552189826965332,0
0.05,41,"val",77,0.546521186828613,0
0.05,41,"val",78,0.514417469501495,1
0.05,41,"val",79,0.500685453414917,1
0.05,41,"val",80,0.466448664665222,0
0.05,41,"val",81,0.463714063167572,0
0.05,41,"val",82,0.508777022361755,1
0.05,41,"val",83,0.503916501998901,1
0.05,41,"val",84,0.46739873290062,1
0.05,41,"val",85,0.475987672805786,1
0.05,41,"val",86,0.481320053339005,0
0.05,41,"val",87,0.471135437488556,0
0.05,41,"val",88,0.464130133390427,0
0.05,41,"val",89,0.461278736591339,0
0.05,41,"val",90,0.390538513660431,0
0.05,41,"val",91,0.39763468503952,0
0.05,41,"val",92,0.472153693437576,0
0.05,41,"val",93,0.488660424947739,0
0.05,41,"val",94,0.540316224098206,0
0.05,41,"val",95,0.55145400762558,0
0.05,41,"val",96,0.512861311435699,1
0.05,41,"val",97,0.520925998687744,1
0.05,41,"val",98,0.542243242263794,1
0.05,41,"val",99,0.518456399440765,1
0.05,41,"val",100,0.610646784305573,0
0.05,41,"val",101,0.670507371425629,0
0.05,41,"val",102,0.546521186828613,0
0.05,41,"val",103,0.560163915157318,0
0.05,41,"val",104,0.500685453414917,1
0.05,41,"val",105,0.50521445274353,1
0.05,41,"val",106,0.463714063167572,1
0.05,41,"val",107,0.451246529817581,1
0.05,41,"val",108,0.503916501998901,1
0.05,41,"val",109,0.507071554660797,1
0.05,41,"val",110,0.475987672805786,0
0.05,41,"val",111,0.476592004299164,1
0.05,41,"val",112,0.471135437488556,0
0.05,41,"val",113,0.455613702535629,1
0.05,41,"val",114,0.461278736591339,0
0.05,41,"val",115,0.468309909105301,1
0.05,41,"val",116,0.39763468503952,1
0.05,41,"val",117,0.44188392162323,1
0.05,41,"val",118,0.488660424947739,1
0.05,41,"val",119,0.481452375650406,1
0.05,41,"val",120,0.55145400762558,0
0.05,41,"val",121,0.538707733154297,0
0.05,41,"val",122,0.520925998687744,0
0.05,41,"val",123,0.524560928344727,1
0.05,41,"val",124,0.518456399440765,1
0.05,41,"val",125,0.52055698633194,1
0.05,41,"val",126,0.670507371425629,1
0.05,41,"val",127,0.631775856018066,1
0.05,41,"val",128,0.560163915157318,1
0.05,41,"val",129,0.558981359004974,1
0.05,41,"val",130,0.50521445274353,1
0.05,41,"val",131,0.505832552909851,1
0.05,41,"val",132,0.451246529817581,1
0.05,41,"val",133,0.461712449789047,1
0.05,41,"val",134,0.507071554660797,1
0.05,41,"val",135,0.50148344039917,1
0.05,41,"val",136,0.476592004299164,0
0.05,41,"val",137,0.458045035600662,1
0.05,41,"val",138,0.455613702535629,1
0.05,41,"val",139,0.467388153076172,1
0.05,41,"val",140,0.468309909105301,1
0.05,41,"val",141,0.428541600704193,1
0.05,41,"val",142,0.44188392162323,1
0.05,41,"val",143,0.418586492538452,1
0.05,41,"val",144,0.481452375650406,1
0.05,41,"val",145,0.478417605161667,1
0.05,41,"val",146,0.538707733154297,0
0.05,41,"val",147,0.563299357891083,0
0.05,41,"val",148,0.524560928344727,1
0.05,41,"val",149,0.515685319900513,1
0.05,41,"val",150,0.52055698633194,1
0.05,41,"val",151,0.539556086063385,1
0.05,41,"val",152,0.631775915622711,1
0.05,41,"val",153,0.651666045188904,1
0.05,41,"val",154,0.558981359004974,0
0.05,41,"val",155,0.543424665927887,0
0.05,41,"val",156,0.505832552909851,0
0.05,41,"val",157,0.492568284273148,0
0.05,41,"val",158,0.461712449789047,0
0.05,41,"val",159,0.461654007434845,1
0.05,41,"val",160,0.501483500003815,1
0.05,41,"val",161,0.50429105758667,1
0.05,41,"val",162,0.458045035600662,1
0.05,41,"val",163,0.461026251316071,1
0.05,41,"val",164,0.467388153076172,1
0.05,41,"val",165,0.450359165668488,1
0.05,41,"val",166,0.428541600704193,1
0.05,41,"val",167,0.453962296247482,1
0.05,41,"val",168,0.418586492538452,0
0.05,41,"val",169,0.367123365402222,0
0.05,41,"val",170,0.478417605161667,0
0.05,41,"val",171,0.474963277578354,1
0.05,41,"val",172,0.563299357891083,1
0.05,41,"val",173,0.566948533058167,1
0.05,41,"val",174,0.515685319900513,1
0.05,41,"val",175,0.506105661392212,1
0.05,41,"val",176,0.539556086063385,1
0.05,41,"val",177,0.53644198179245,1
0.05,41,"val",178,0.651666045188904,1
0.05,41,"val",179,0.609116673469543,1
0.05,41,"val",180,0.543424665927887,1
0.05,41,"val",181,0.529400527477264,0
0.05,41,"val",182,0.492568284273148,0
0.05,41,"val",183,0.511727631092072,0
0.05,41,"val",184,0.461654007434845,0
0.05,41,"val",185,0.460812240839005,0
0.05,41,"val",186,0.50429105758667,0
0.05,41,"val",187,0.502489805221558,0
0.05,41,"val",188,0.461026251316071,0
0.05,41,"val",189,0.45764347910881,0
0.05,41,"val",190,0.450359165668488,0
0.05,41,"val",191,0.448304384946823,1
0.05,41,"val",192,0.45396226644516,1
0.05,41,"val",193,0.447908341884613,0
0.05,41,"val",194,0.367123365402222,0
0.05,41,"val",195,0.404216140508652,0
0.05,41,"val",196,0.474963277578354,0
0.05,41,"val",197,0.490670025348663,0
0.05,41,"val",198,0.566948533058167,0
0.05,41,"val",199,0.551615953445435,1
0.05,41,"val",200,0.506105661392212,1
0.05,41,"val",201,0.478864520788193,1
0.05,41,"val",202,0.53644198179245,0
0.05,41,"val",203,0.584214746952057,0
0.05,41,"val",204,0.609116673469543,0
0.05,41,"val",205,0.583986639976501,1
0.05,41,"val",206,0.529400527477264,1
0.05,41,"val",207,0.558382213115692,0
0.05,41,"val",208,0.511727631092072,0
0.05,41,"val",209,0.521316349506378,0
0.05,41,"val",210,0.460812240839005,1
0.05,41,"val",211,0.467124670743942,1
0.05,41,"val",212,0.502489805221558,1
0.05,41,"val",213,0.504545032978058,1
0.05,41,"val",214,0.45764347910881,1
0.05,41,"val",215,0.464037925004959,0
0.05,41,"val",216,0.448304384946823,0
0.05,41,"val",217,0.449339032173157,0
0.05,41,"val",218,0.447908341884613,0
0.05,41,"val",219,0.420615941286087,0
0.05,41,"val",220,0.404216140508652,1
0.05,41,"val",221,0.405186146497726,1
0.05,41,"val",222,0.490670025348663,1
0.05,41,"val",223,0.488173693418503,1
0.05,41,"val",224,0.551615953445435,1
0.05,41,"val",225,0.548196792602539,1
0.05,41,"val",226,0.478864520788193,1
0.05,41,"val",227,0.459631443023682,1
0.05,41,"val",228,0.584214746952057,1
0.05,41,"val",229,0.512031376361847,1
0.05,41,"val",230,0.583986639976501,1
0.05,41,"val",231,0.581188082695007,0
0.05,41,"val",232,0.558382213115692,0
0.05,41,"val",233,0.555754601955414,0
0.05,41,"val",234,0.521316349506378,0
0.05,41,"val",235,0.530504524707794,0
0.05,41,"val",236,0.467124670743942,0
0.05,41,"val",237,0.475285977125168,0
0.05,41,"val",238,0.504545032978058,1
0.05,41,"val",239,0.506702065467834,1
0.05,41,"val",240,0.464037925004959,1
0.05,41,"val",241,0.473506242036819,1
0.05,41,"val",242,0.449339032173157,0
0.05,41,"val",243,0.43861922621727,0
0.05,41,"val",244,0.420615941286087,0
0.05,41,"val",245,0.457341402769089,0
0.05,41,"val",246,0.405186146497726,0
0.05,41,"val",247,0.424312263727188,0
0.05,41,"val",248,0.48817366361618,0
0.05,41,"val",249,0.478111624717712,0
0.05,41,"val",250,0.548196792602539,1
0.05,41,"val",251,0.528676211833954,0
0.05,41,"val",252,0.459631443023682,0
0.05,41,"val",253,0.478903234004974,0
0.05,41,"val",254,0.512031376361847,0
0.05,41,"val",255,0.489866107702255,0
0.05,41,"val",256,0.581188082695007,0
0.05,41,"val",257,0.558435678482056,0
0.05,41,"val",258,0.555754601955414,0
0.05,41,"val",259,0.559609949588776,1
0.05,41,"val",260,0.530504524707794,1
0.05,41,"val",261,0.520146608352661,1
0.05,41,"val",262,0.475285977125168,1
0.05,41,"val",263,0.468776881694794,1
0.05,41,"val",264,0.506702065467834,1
0.05,41,"val",265,0.506530523300171,1
0.05,41,"val",266,0.473506242036819,1
0.05,41,"val",267,0.463836520910263,0
0.05,41,"val",268,0.43861922621727,0
0.05,41,"val",269,0.459367275238037,1
0.05,41,"val",270,0.457341402769089,1
0.05,41,"val",271,0.459283083677292,1
0.05,41,"val",272,0.424312263727188,1
0.05,41,"val",273,0.411247879266739,1
0.05,41,"val",274,0.478111624717712,1
0.05,41,"val",275,0.474856704473495,0
0.05,41,"val",276,0.528676211833954,1
0.05,41,"val",277,0.531570494174957,1
0.05,41,"val",278,0.478903234004974,1
0.05,41,"val",279,0.520406007766724,1
0.05,41,"val",280,0.489866107702255,1
0.05,41,"val",281,0.505114316940308,1
0.05,41,"val",282,0.558435678482056,1
0.05,41,"val",283,0.553442478179932,0
0.05,41,"val",284,0.559609949588776,0
0.05,41,"val",285,0.554141640663147,0
0.05,41,"val",286,0.520146608352661,1
0.05,41,"val",287,0.510670244693756,1
0.05,41,"val",288,0.468776881694794,1
0.05,41,"val",289,0.468383282423019,0
0.05,41,"val",290,0.506530523300171,0
0.05,41,"val",291,0.50780862569809,0
0.05,41,"val",292,0.463836520910263,1
0.05,41,"val",293,0.473749905824661,1
0.05,41,"val",294,0.459367275238037,1
0.05,41,"val",295,0.467129707336426,1
0.05,41,"val",296,0.459283083677292,0
0.05,41,"val",297,0.45017147064209,0
0.05,41,"val",298,0.411247879266739,0
0.05,41,"val",299,0.386064082384109,1
0.05,41,"val",300,0.474856704473495,1
0.05,41,"val",301,0.48856782913208,0
0.05,41,"val",302,0.531570494174957,0
0.05,41,"val",303,0.541625499725342,1
0.05,41,"val",304,0.520406007766724,1
0.05,41,"test",1,0.520428895950317,0
0.05,41,"test",2,0.505114316940308,0
0.05,41,"test",3,0.552681982517242,1
0.05,41,"test",4,0.553442478179932,1
0.05,41,"test",5,0.56481921672821,1
0.05,41,"test",6,0.554141640663147,1
0.05,41,"test",7,0.55891364812851,1
0.05,41,"test",8,0.510670244693756,1
0.05,41,"test",9,0.486587762832642,0
0.05,41,"test",10,0.468383282423019,0
0.05,41,"test",11,0.475375294685364,0
0.05,41,"test",12,0.50780862569809,1
0.05,41,"test",13,0.498888492584229,1
0.05,41,"test",14,0.473749905824661,0
0.05,41,"test",15,0.466315388679504,0
0.05,41,"test",16,0.467129707336426,0
0.05,41,"test",17,0.463915824890137,0
0.05,41,"test",18,0.45017147064209,0
0.05,41,"test",19,0.444460690021515,1
0.05,41,"test",20,0.386064082384109,1
0.05,41,"test",21,0.412712216377258,1
0.05,41,"test",22,0.48856782913208,1
0.05,41,"test",23,0.490765810012817,1
0.05,41,"test",24,0.541625499725342,1
0.05,41,"test",25,0.536631941795349,0
0.05,41,"test",26,0.520428895950317,0
0.05,41,"test",27,0.526406466960907,1
0.05,41,"test",28,0.552681982517242,0
0.05,41,"test",29,0.524771451950073,1
0.05,41,"test",30,0.56481921672821,0
0.05,41,"test",31,0.566883206367493,0
0.05,41,"test",32,0.55891364812851,0
0.05,41,"test",33,0.557446002960205,0
0.05,41,"test",34,0.486587762832642,1
0.05,41,"test",35,0.515872240066528,1
0.05,41,"test",36,0.475375294685364,1
0.05,41,"test",37,0.47449517250061,1
0.05,41,"test",38,0.498888492584229,1
0.05,41,"test",39,0.495311975479126,1
0.05,41,"test",40,0.466315388679504,1
0.05,41,"test",41,0.46203875541687,1
0.05,41,"test",42,0.463915824890137,0
0.05,41,"test",43,0.467393040657043,1
0.05,41,"test",44,0.444460690021515,1
0.05,41,"test",45,0.443788975477219,1
0.05,41,"test",46,0.412712216377258,0
0.05,41,"test",47,0.422501176595688,0
0.05,41,"test",48,0.490765810012817,0
0.05,41,"test",49,0.483418077230453,0
0.05,41,"test",50,0.536631941795349,0
0.05,41,"test",51,0.527577519416809,0
0.05,41,"test",52,0.526406466960907,1
0.05,41,"test",53,0.486709296703339,1
0.05,41,"test",54,0.524771451950073,1
0.05,41,"test",55,0.508115768432617,0
0.05,41,"test",56,0.566883206367493,0
0.05,41,"test",57,0.60031270980835,0
0.05,41,"test",58,0.557446002960205,0
0.05,41,"test",59,0.55101752281189,0
0.05,41,"test",60,0.515872240066528,0
0.05,41,"test",61,0.490586251020432,0
0.05,41,"test",62,0.47449517250061,0
0.05,41,"test",63,0.472850203514099,0
0.05,41,"test",64,0.495311975479126,1
0.05,41,"test",65,0.506120145320892,1
0.05,41,"test",66,0.46203875541687,0
0.05,41,"test",67,0.470230340957642,0
0.05,41,"test",68,0.467393040657043,0
0.05,41,"test",69,0.473346173763275,0
0.05,41,"test",70,0.443788975477219,0
0.05,41,"test",71,0.43754518032074,1
0.05,41,"test",72,0.422501176595688,1
0.05,41,"test",73,0.438312113285065,0
0.05,41,"test",74,0.483418077230453,0
0.05,41,"test",75,0.472987443208694,1
0.05,41,"test",76,0.527577519416809,1
0.05,41,"test",77,0.538457214832306,0
0.05,41,"test",78,0.486709296703339,0
0.05,41,"test",79,0.465404152870178,0
0.05,41,"test",80,0.508115768432617,0
0.05,41,"test",81,0.535220146179199,0
0.05,41,"test",82,0.60031270980835,1
0.05,41,"test",83,0.556913077831268,1
0.05,41,"test",84,0.55101752281189,1
0.05,41,"test",85,0.560124695301056,1
0.05,41,"test",86,0.490586251020432,1
0.05,41,"test",87,0.502618432044983,0
0.05,41,"test",88,0.472850203514099,1
0.05,41,"test",89,0.460374772548676,0
0.05,41,"test",90,0.506120145320892,0
0.05,41,"test",91,0.506019711494446,1
0.05,41,"test",92,0.470230340957642,0
0.05,41,"test",93,0.466972142457962,1
0.05,41,"test",94,0.473346173763275,0
0.05,41,"test",95,0.469413787126541,0
0.05,41,"test",96,0.43754518032074,0
0.05,41,"test",97,0.456316322088242,1
0.05,41,"test",98,0.438312113285065,1
0.05,41,"test",99,0.446352511644363,1
0.05,41,"test",100,0.472987443208694,1
0.05,41,"test",101,0.469102025032043,1
0.05,41,"test",102,0.538457214832306,1
0.05,41,"test",103,0.537459075450897,0
0.05,41,"test",104,0.465404152870178,0
0.05,41,"test",105,0.513983547687531,0
0.05,41,"test",106,0.535220146179199,0
0.05,41,"test",107,0.51159405708313,0
0.05,41,"test",108,0.556913077831268,1
0.05,41,"test",109,0.562975406646729,1
0.05,41,"test",110,0.560124695301056,1
0.05,41,"test",111,0.554882884025574,1
0.05,41,"test",112,0.502618432044983,1
0.05,41,"test",113,0.486184358596802,1
0.05,41,"test",114,0.460374772548676,1
0.05,41,"test",115,0.468873113393784,1
0.05,41,"test",116,0.506019711494446,1
0.05,41,"test",117,0.50430965423584,1
0.05,41,"test",118,0.466972142457962,1
0.05,41,"test",119,0.46906977891922,0
0.05,41,"test",120,0.469413787126541,1
0.05,41,"test",121,0.45905002951622,1
0.05,41,"test",122,0.456316322088242,1
0.05,41,"test",123,0.454919964075089,1
0.05,41,"test",124,0.446352511644363,0
0.05,41,"test",125,0.40497013926506,0
0.05,41,"test",126,0.469102025032043,0
0.05,41,"test",127,0.467246204614639,1
0.05,41,"test",128,0.537459075450897,1
0.05,41,"test",129,0.544469952583313,0
0.05,41,"test",130,0.513983547687531,1
0.05,41,"test",131,0.517396986484528,0
0.05,41,"test",132,0.51159405708313,1
0.05,41,"test",133,0.533820927143097,0
0.05,41,"test",134,0.562975406646729,0
0.05,41,"test",135,0.561272799968719,1
0.05,41,"test",136,0.554882884025574,1
0.05,41,"test",137,0.554693579673767,1
0.05,41,"test",138,0.486184358596802,1
0.05,41,"test",139,0.489210307598114,1
0.05,41,"test",140,0.468873113393784,1
0.05,41,"test",141,0.44520178437233,0
0.05,41,"test",142,0.50430965423584,0
0.05,41,"test",143,0.508599281311035,0
0.05,41,"test",144,0.46906977891922,0
0.05,41,"test",145,0.465783089399338,1
0.05,41,"test",146,0.45905002951622,0
0.05,41,"test",147,0.455501824617386,0
0.05,41,"test",148,0.454919964075089,0
0.05,41,"test",149,0.467686533927917,0
0.05,41,"test",150,0.40497013926506,1
0.05,41,"test",151,0.415332466363907,1
0.05,41,"test",152,0.467246234416962,1
0.05,41,"test",153,0.476134419441223,1
0.05,41,"test",154,0.544469952583313,1
0.05,41,"test",155,0.523958206176758,0
0.05,41,"test",156,0.517396986484528,0
0.05,41,"test",157,0.498130410909653,0
0.05,41,"test",158,0.533820927143097,1
0.05,41,"test",159,0.515576362609863,0
0.05,41,"test",160,0.561272799968719,0
0.05,41,"test",161,0.558571755886078,0
0.05,41,"test",162,0.554693579673767,0
0.05,41,"test",163,0.549582540988922,1
0.05,41,"test",164,0.489210307598114,0
0.05,41,"test",165,0.501609802246094,1
0.05,41,"test",166,0.44520178437233,1
0.05,41,"test",167,0.451906114816666,0
0.05,41,"test",168,0.508599281311035,1
0.05,41,"test",169,0.509120345115662,1
0.05,41,"test",170,0.465783089399338,1
0.05,41,"test",171,0.446085661649704,0
0.05,41,"test",172,0.455501824617386,0
0.05,41,"test",173,0.444860428571701,1
0.05,41,"test",174,0.467686533927917,1
0.05,41,"test",175,0.452229112386703,0
0.05,41,"test",176,0.415332466363907,0
0.05,41,"test",177,0.438025563955307,0
0.05,41,"test",178,0.476134419441223,0
0.05,41,"test",179,0.480719059705734,0
0.05,41,"test",180,0.523958206176758,1
0.05,41,"test",181,0.532339930534363,1
0.05,41,"test",182,0.498130410909653,0
0.05,41,"test",183,0.486499518156052,0
0.05,41,"test",184,0.515576362609863,0
0.05,41,"test",185,0.498380303382874,0
0.05,41,"test",186,0.558571755886078,0
0.05,41,"test",187,0.540899813175201,0
0.05,41,"test",188,0.549582540988922,0
0.05,41,"test",189,0.544801533222198,0
0.05,41,"test",190,0.501609802246094,0
0.05,41,"test",191,0.54842084646225,0
0.05,41,"test",192,0.451906114816666,0
0.05,41,"test",193,0.457060128450394,1
0.05,41,"test",194,0.509120345115662,1
0.05,41,"test",195,0.510261058807373,1
0.05,41,"test",196,0.446085661649704,1
0.05,41,"test",197,0.465401440858841,1
0.05,41,"test",198,0.444860428571701,1
0.05,41,"test",199,0.441182315349579,1
0.05,41,"test",200,0.452229112386703,0
0.05,41,"test",201,0.457843005657196,1
0.05,41,"test",202,0.438025563955307,1
0.05,41,"test",203,0.423644065856934,1
0.05,41,"test",204,0.480719059705734,1
0.05,41,"test",205,0.478202968835831,1
0.05,41,"test",206,0.532339930534363,0
0.05,41,"test",207,0.509276151657104,0
0.05,41,"test",208,0.486499518156052,0
0.05,41,"test",209,0.48334875702858,0
0.05,41,"test",210,0.498380303382874,0
0.05,41,"test",211,0.502335250377655,1
0.05,41,"test",212,0.540899813175201,0
0.05,41,"test",213,0.556982040405273,0
0.05,41,"test",214,0.544801533222198,1
0.05,41,"test",215,0.555994391441345,1
0.05,41,"test",216,0.54842084646225,1
0.05,41,"test",217,0.507938623428345,1
0.05,41,"test",218,0.457060128450394,1
0.05,41,"test",219,0.463275730609894,1
0.05,41,"test",220,0.510261058807373,1
0.05,41,"test",221,0.508102178573608,1
0.05,41,"test",222,0.465401440858841,1
0.05,41,"test",223,0.467194110155106,1
0.05,41,"test",224,0.441182345151901,1
0.05,41,"test",225,0.439434558153152,0
0.05,41,"test",226,0.457843005657196,0
0.05,41,"test",227,0.437611073255539,0
0.05,41,"test",228,0.423644065856934,1
0.05,41,"test",229,0.409289598464966,0
0.05,41,"test",230,0.478202968835831,0
0.05,41,"test",231,0.469327926635742,0
0.05,41,"test",232,0.509276151657104,1
0.05,41,"test",233,0.546045243740082,1
0.05,41,"test",234,0.48334875702858,0
0.05,41,"test",235,0.511567771434784,1
0.05,41,"test",236,0.502335250377655,1
0.05,41,"test",237,0.517984747886658,1
0.05,41,"test",238,0.556982040405273,0
0.05,41,"test",239,0.561481177806854,0
0.05,41,"test",240,0.555994391441345,0
0.05,41,"test",241,0.545272648334503,0
0.05,41,"test",242,0.507938623428345,1
0.05,41,"test",243,0.522905290126801,1
0.05,41,"test",244,0.463275730609894,1
0.05,41,"test",245,0.460363477468491,1
0.05,41,"test",246,0.508102178573608,1
0.05,41,"test",247,0.511682450771332,1
0.05,41,"test",248,0.467194110155106,0
0.05,41,"test",249,0.467556655406952,0
0.05,41,"test",250,0.439434558153152,0
0.05,41,"test",251,0.426077306270599,0
0.05,41,"test",252,0.437611073255539,1
0.05,41,"test",253,0.444951891899109,1
0.05,41,"test",254,0.409289598464966,0
0.05,41,"test",255,0.387138575315475,0
0.05,41,"test",256,0.469327926635742,1
0.05,41,"test",257,0.470723271369934,1
0.05,41,"test",258,0.546045243740082,1
0.05,41,"test",259,0.525053083896637,0
0.05,41,"test",260,0.511567771434784,1
0.05,41,"test",261,0.523848235607147,0
0.05,41,"test",262,0.517984747886658,0
0.05,41,"test",263,0.538226068019867,0
0.05,41,"test",264,0.561481177806854,1
0.05,41,"test",265,0.572442531585693,1
0.05,41,"test",266,0.545272648334503,1
0.05,41,"test",267,0.549393117427826,1
0.05,41,"test",268,0.522905290126801,1
0.05,41,"test",269,0.516275584697723,0
0.05,41,"test",270,0.460363477468491,0
0.05,41,"test",271,0.46275806427002,0
0.05,41,"test",272,0.511682450771332,1
0.05,41,"test",273,0.51179826259613,0
0.05,41,"test",274,0.467556655406952,1
0.05,41,"test",275,0.469594240188599,1
0.05,41,"test",276,0.426077306270599,1
0.05,41,"test",277,0.436681360006332,0
0.05,41,"test",278,0.444951891899109,1
0.05,41,"test",279,0.508289575576782,0
0.05,41,"test",280,0.387138575315475,0
0.05,41,"test",281,0.380739718675613,0
0.05,41,"test",282,0.470723271369934,1
0.05,41,"test",283,0.46034175157547,1
0.05,41,"test",284,0.525053083896637,1
0.05,41,"test",285,0.535530805587769,1
0.05,41,"test",286,0.523848235607147,0
0.05,41,"test",287,0.641064167022705,0
0.05,41,"test",288,0.538226068019867,0
0.05,41,"test",289,0.50764787197113,0
0.05,41,"test",290,0.572442531585693,0
0.05,41,"test",291,0.528545498847961,0
0.05,41,"test",292,0.549393117427826,1
0.05,41,"test",293,0.539576768875122,1
0.05,41,"test",294,0.516275584697723,1
0.05,41,"test",295,0.499723851680756,0
0.05,41,"test",296,0.46275806427002,0
0.05,41,"test",297,0.465440332889557,1
0.05,41,"test",298,0.51179826259613,1
0.05,41,"test",299,0.51047670841217,1
0.05,41,"test",300,0.469594240188599,0
0.05,41,"test",301,0.46436819434166,0
0.05,41,"test",302,0.436681360006332,0
0.05,41,"test",303,0.457414537668228,0
0.05,41,"test",304,0.508289575576782,0
0.05,41,"test",305,0.48680117726326,0
0.05,64,"val",1,0.494700908660889,1
0.05,64,"val",2,0.468121111392975,1
0.05,64,"val",3,0.453947901725769,0
0.05,64,"val",4,0.502872228622437,1
0.05,64,"val",5,0.506680011749268,0
0.05,64,"val",6,0.456729978322983,0
0.05,64,"val",7,0.456525415182114,0
0.05,64,"val",8,0.461825042963028,1
0.05,64,"val",9,0.449122369289398,1
0.05,64,"val",10,0.480391800403595,1
0.05,64,"val",11,0.474275678396225,1
0.05,64,"val",12,0.345030933618546,0
0.05,64,"val",13,0.340868175029755,0
0.05,64,"val",14,0.48544904589653,0
0.05,64,"val",15,0.471410840749741,0
0.05,64,"val",16,0.546414613723755,0
0.05,64,"val",17,0.531285464763641,1
0.05,64,"val",18,0.568297266960144,1
0.05,64,"val",19,0.560604214668274,1
0.05,64,"val",20,0.545849204063416,1
0.05,64,"val",21,0.512779533863068,1
0.05,64,"val",22,0.585461318492889,1
0.05,64,"val",23,0.583719074726105,1
0.05,64,"val",24,0.555267810821533,1
0.05,64,"val",25,0.565549373626709,1
0.05,64,"val",26,0.494700908660889,1
0.05,64,"val",27,0.494899690151215,0
0.05,64,"val",28,0.453947901725769,1
0.05,64,"val",29,0.468232780694962,1
0.05,64,"val",30,0.506680011749268,1
0.05,64,"val",31,0.511037886142731,1
0.05,64,"val",32,0.456525415182114,1
0.05,64,"val",33,0.472244560718536,0
0.05,64,"val",34,0.449122369289398,0
0.05,64,"val",35,0.477398753166199,0
0.05,64,"val",36,0.474275678396225,1
0.05,64,"val",37,0.430429309606552,1
0.05,64,"val",38,0.340868175029755,1
0.05,64,"val",39,0.321833848953247,1
0.05,64,"val",40,0.471410840749741,0
0.05,64,"val",41,0.469996005296707,1
0.05,64,"val",42,0.531285464763641,1
0.05,64,"val",43,0.527786314487457,0
0.05,64,"val",44,0.560604214668274,0
0.05,64,"val",45,0.553013682365417,0
0.05,64,"val",46,0.512779533863068,0
0.05,64,"val",47,0.541792154312134,0
0.05,64,"val",48,0.583719074726105,1
0.05,64,"val",49,0.582168877124786,1
0.05,64,"val",50,0.565549373626709,1
0.05,64,"val",51,0.549736678600311,0
0.05,64,"val",52,0.494899690151215,0
0.05,64,"val",53,0.496707081794739,1
0.05,64,"val",54,0.468232780694962,1
0.05,64,"val",55,0.44499483704567,1
0.05,64,"val",56,0.511037886142731,1
0.05,64,"val",57,0.514205992221832,1
0.05,64,"val",58,0.472244560718536,1
0.05,64,"val",59,0.472278505563736,0
0.05,64,"val",60,0.477398753166199,0
0.05,64,"val",61,0.478480517864227,0
0.05,64,"val",62,0.430429309606552,0
0.05,64,"val",63,0.466418623924255,0
0.05,64,"val",64,0.321833848953247,0
0.05,64,"val",65,0.387421667575836,0
0.05,64,"val",66,0.469996005296707,0
0.05,64,"val",67,0.453298598527908,1
0.05,64,"val",68,0.527786314487457,1
0.05,64,"val",69,0.549665331840515,1
0.05,64,"val",70,0.553013682365417,1
0.05,64,"val",71,0.539569675922394,1
0.05,64,"val",72,0.541792154312134,1
0.05,64,"val",73,0.546077907085419,1
0.05,64,"val",74,0.582168877124786,1
0.05,64,"val",75,0.622870206832886,1
0.05,64,"val",76,0.549736678600311,0
0.05,64,"val",77,0.544364273548126,0
0.05,64,"val",78,0.496707081794739,1
0.05,64,"val",79,0.489182740449905,1
0.05,64,"val",80,0.44499483704567,0
0.05,64,"val",81,0.448700785636902,0
0.05,64,"val",82,0.514205992221832,1
0.05,64,"val",83,0.508365392684937,1
0.05,64,"val",84,0.472278505563736,1
0.05,64,"val",85,0.47317311167717,1
0.05,64,"val",86,0.478480517864227,0
0.05,64,"val",87,0.468973308801651,0
0.05,64,"val",88,0.466418623924255,0
0.05,64,"val",89,0.463568776845932,0
0.05,64,"val",90,0.387421667575836,0
0.05,64,"val",91,0.394019395112991,0
0.05,64,"val",92,0.453298598527908,0
0.05,64,"val",93,0.484819263219833,0
0.05,64,"val",94,0.549665331840515,0
0.05,64,"val",95,0.561847388744354,0
0.05,64,"val",96,0.539569675922394,1
0.05,64,"val",97,0.535428106784821,1
0.05,64,"val",98,0.546077907085419,1
0.05,64,"val",99,0.523431777954102,1
0.05,64,"val",100,0.622870206832886,0
0.05,64,"val",101,0.679900050163269,0
0.05,64,"val",102,0.544364273548126,0
0.05,64,"val",103,0.588751077651978,0
0.05,64,"val",104,0.489182740449905,1
0.05,64,"val",105,0.491182535886765,1
0.05,64,"val",106,0.448700785636902,1
0.05,64,"val",107,0.425707101821899,1
0.05,64,"val",108,0.508365392684937,1
0.05,64,"val",109,0.512084722518921,1
0.05,64,"val",110,0.47317311167717,0
0.05,64,"val",111,0.472248196601868,1
0.05,64,"val",112,0.468973308801651,0
0.05,64,"val",113,0.440012544393539,1
0.05,64,"val",114,0.463568776845932,0
0.05,64,"val",115,0.470805943012238,1
0.05,64,"val",116,0.394019395112991,1
0.05,64,"val",117,0.439130812883377,1
0.05,64,"val",118,0.484819263219833,1
0.05,64,"val",119,0.472450643777847,1
0.05,64,"val",120,0.561847388744354,0
0.05,64,"val",121,0.547820568084717,0
0.05,64,"val",122,0.535428106784821,0
0.05,64,"val",123,0.534759998321533,1
0.05,64,"val",124,0.523431777954102,1
0.05,64,"val",125,0.526946365833282,1
0.05,64,"val",126,0.679900050163269,1
0.05,64,"val",127,0.643729209899902,1
0.05,64,"val",128,0.588751077651978,1
0.05,64,"val",129,0.580129861831665,1
0.05,64,"val",130,0.491182535886765,1
0.05,64,"val",131,0.494456946849823,1
0.05,64,"val",132,0.425707101821899,1
0.05,64,"val",133,0.440203726291656,1
0.05,64,"val",134,0.512084722518921,1
0.05,64,"val",135,0.505383610725403,1
0.05,64,"val",136,0.472248196601868,0
0.05,64,"val",137,0.462730675935745,1
0.05,64,"val",138,0.440012544393539,1
0.05,64,"val",139,0.458971500396729,1
0.05,64,"val",140,0.470805943012238,1
0.05,64,"val",141,0.430738836526871,1
0.05,64,"val",142,0.439130812883377,1
0.05,64,"val",143,0.416298508644104,1
0.05,64,"val",144,0.472450643777847,1
0.05,64,"val",145,0.467345297336578,1
0.05,64,"val",146,0.547820568084717,0
0.05,64,"val",147,0.574371576309204,0
0.05,64,"val",148,0.534759998321533,1
0.05,64,"val",149,0.527845442295074,1
0.05,64,"val",150,0.526946365833282,1
0.05,64,"val",151,0.543303489685059,1
0.05,64,"val",152,0.643729209899902,1
0.05,64,"val",153,0.660897374153137,1
0.05,64,"val",154,0.580129861831665,0
0.05,64,"val",155,0.530999362468719,0
0.05,64,"val",156,0.494456946849823,0
0.05,64,"val",157,0.48106837272644,0
0.05,64,"val",158,0.440203726291656,0
0.05,64,"val",159,0.434087991714478,1
0.05,64,"val",160,0.505383610725403,1
0.05,64,"val",161,0.508778750896454,1
0.05,64,"val",162,0.462730675935745,1
0.05,64,"val",163,0.471043467521667,1
0.05,64,"val",164,0.458971500396729,1
0.05,64,"val",165,0.427576035261154,1
0.05,64,"val",166,0.430738836526871,1
0.05,64,"val",167,0.458534061908722,1
0.05,64,"val",168,0.416298508644104,0
0.05,64,"val",169,0.361430376768112,0
0.05,64,"val",170,0.467345297336578,0
0.05,64,"val",171,0.460751950740814,1
0.05,64,"val",172,0.574371576309204,1
0.05,64,"val",173,0.578206956386566,1
0.05,64,"val",174,0.527845442295074,1
0.05,64,"val",175,0.55322802066803,1
0.05,64,"val",176,0.543303489685059,1
0.05,64,"val",177,0.53853976726532,1
0.05,64,"val",178,0.660897374153137,1
0.05,64,"val",179,0.622811079025269,1
0.05,64,"val",180,0.530999362468719,1
0.05,64,"val",181,0.519152820110321,0
0.05,64,"val",182,0.48106837272644,0
0.05,64,"val",183,0.49519419670105,0
0.05,64,"val",184,0.4340880215168,0
0.05,64,"val",185,0.443602830171585,0
0.05,64,"val",186,0.508778750896454,0
0.05,64,"val",187,0.506642818450928,0
0.05,64,"val",188,0.471043467521667,0
0.05,64,"val",189,0.46160501241684,0
0.05,64,"val",190,0.427576035261154,0
0.05,64,"val",191,0.422653287649155,1
0.05,64,"val",192,0.458534061908722,1
0.05,64,"val",193,0.453706443309784,0
0.05,64,"val",194,0.361430376768112,0
0.05,64,"val",195,0.402822852134705,0
0.05,64,"val",196,0.460751950740814,0
0.05,64,"val",197,0.487757414579391,0
0.05,64,"val",198,0.578206956386566,0
0.05,64,"val",199,0.562047779560089,1
0.05,64,"val",200,0.55322802066803,1
0.05,64,"val",201,0.521275579929352,1
0.05,64,"val",202,0.53853976726532,0
0.05,64,"val",203,0.586046159267426,0
0.05,64,"val",204,0.622811079025269,0
0.05,64,"val",205,0.597614884376526,1
0.05,64,"val",206,0.519152820110321,1
0.05,64,"val",207,0.583385288715363,0
0.05,64,"val",208,0.49519419670105,0
0.05,64,"val",209,0.502429723739624,0
0.05,64,"val",210,0.443602830171585,1
0.05,64,"val",211,0.448447942733765,1
0.05,64,"val",212,0.506642818450928,1
0.05,64,"val",213,0.509050369262695,1
0.05,64,"val",214,0.46160501241684,1
0.05,64,"val",215,0.458504915237427,0
0.05,64,"val",216,0.422653287649155,0
0.05,64,"val",217,0.428040146827698,0
0.05,64,"val",218,0.453706443309784,0
0.05,64,"val",219,0.4202481508255,0
0.05,64,"val",220,0.402822852134705,1
0.05,64,"val",221,0.398914188146591,1
0.05,64,"val",222,0.487757414579391,1
0.05,64,"val",223,0.483922094106674,1
0.05,64,"val",224,0.562047779560089,1
0.05,64,"val",225,0.558319985866547,1
0.05,64,"val",226,0.521275579929352,1
0.05,64,"val",227,0.513252556324005,1
0.05,64,"val",228,0.586046159267426,1
0.05,64,"val",229,0.518619418144226,1
0.05,64,"val",230,0.597614884376526,1
0.05,64,"val",231,0.595808327198029,0
0.05,64,"val",232,0.583385288715363,0
0.05,64,"val",233,0.562726438045502,0
0.05,64,"val",234,0.502429723739624,0
0.05,64,"val",235,0.50996208190918,0
0.05,64,"val",236,0.448447942733765,0
0.05,64,"val",237,0.471681505441666,0
0.05,64,"val",238,0.509050369262695,1
0.05,64,"val",239,0.511733889579773,1
0.05,64,"val",240,0.458504915237427,1
0.05,64,"val",241,0.475541532039642,1
0.05,64,"val",242,0.428040146827698,0
0.05,64,"val",243,0.388231247663498,0
0.05,64,"val",244,0.4202481508255,0
0.05,64,"val",245,0.459818094968796,0
0.05,64,"val",246,0.398914188146591,0
0.05,64,"val",247,0.419513940811157,0
0.05,64,"val",248,0.483922094106674,0
0.05,64,"val",249,0.466819524765015,0
0.05,64,"val",250,0.558319985866547,1
0.05,64,"val",251,0.536416292190552,0
0.05,64,"val",252,0.513252556324005,0
0.05,64,"val",253,0.507590055465698,0
0.05,64,"val",254,0.518619418144226,0
0.05,64,"val",255,0.500689744949341,0
0.05,64,"val",256,0.595808327198029,0
0.05,64,"val",257,0.574623644351959,0
0.05,64,"val",258,0.562726438045502,0
0.05,64,"val",259,0.57825630903244,1
0.05,64,"val",260,0.50996208190918,1
0.05,64,"val",261,0.500751137733459,1
0.05,64,"val",262,0.471681505441666,1
0.05,64,"val",263,0.459117829799652,1
0.05,64,"val",264,0.511733889579773,1
0.05,64,"val",265,0.511567950248718,1
0.05,64,"val",266,0.475541532039642,1
0.05,64,"val",267,0.461522966623306,0
0.05,64,"val",268,0.388231247663498,0
0.05,64,"val",269,0.452855467796326,1
0.05,64,"val",270,0.459818094968796,1
0.05,64,"val",271,0.464463084936142,1
0.05,64,"val",272,0.419513940811157,1
0.05,64,"val",273,0.406828671693802,1
0.05,64,"val",274,0.466819524765015,1
0.05,64,"val",275,0.461302667856216,0
0.05,64,"val",276,0.536416292190552,1
0.05,64,"val",277,0.539738893508911,1
0.05,64,"val",278,0.507590055465698,1
0.05,64,"val",279,0.542023301124573,1
0.05,64,"val",280,0.500689744949341,1
0.05,64,"val",281,0.512438714504242,1
0.05,64,"val",282,0.574623644351959,1
0.05,64,"val",283,0.569429397583008,0
0.05,64,"val",284,0.57825630903244,0
0.05,64,"val",285,0.598861396312714,0
0.05,64,"val",286,0.500751137733459,1
0.05,64,"val",287,0.492118328809738,1
0.05,64,"val",288,0.459117829799652,1
0.05,64,"val",289,0.460968673229218,0
0.05,64,"val",290,0.511567950248718,0
0.05,64,"val",291,0.513100922107697,0
0.05,64,"val",292,0.461522966623306,1
0.05,64,"val",293,0.473578184843063,1
0.05,64,"val",294,0.452855467796326,1
0.05,64,"val",295,0.468878358602524,1
0.05,64,"val",296,0.464463084936142,0
0.05,64,"val",297,0.452511608600616,0
0.05,64,"val",298,0.406828671693802,0
0.05,64,"val",299,0.3807373046875,1
0.05,64,"val",300,0.461302667856216,1
0.05,64,"val",301,0.484337449073792,0
0.05,64,"val",302,0.539738893508911,0
0.05,64,"val",303,0.551051080226898,1
0.05,64,"val",304,0.542023301124573,1
0.05,64,"test",1,0.531158089637756,0
0.05,64,"test",2,0.512438714504242,0
0.05,64,"test",3,0.552700102329254,1
0.05,64,"test",4,0.569429397583008,1
0.05,64,"test",5,0.578571557998657,1
0.05,64,"test",6,0.598861396312714,1
0.05,64,"test",7,0.566240906715393,1
0.05,64,"test",8,0.492118328809738,1
0.05,64,"test",9,0.477330803871155,0
0.05,64,"test",10,0.460968673229218,0
0.05,64,"test",11,0.470419198274612,0
0.05,64,"test",12,0.513100922107697,1
0.05,64,"test",13,0.502262473106384,1
0.05,64,"test",14,0.473578184843063,0
0.05,64,"test",15,0.468894571065903,0
0.05,64,"test",16,0.468878358602524,0
0.05,64,"test",17,0.453939169645309,0
0.05,64,"test",18,0.452511608600616,0
0.05,64,"test",19,0.446187287569046,1
0.05,64,"test",20,0.3807373046875,1
0.05,64,"test",21,0.401975035667419,1
0.05,64,"test",22,0.484337449073792,1
0.05,64,"test",23,0.486787855625153,1
0.05,64,"test",24,0.551051080226898,1
0.05,64,"test",25,0.545522511005402,0
0.05,64,"test",26,0.531158089637756,0
0.05,64,"test",27,0.542226850986481,1
0.05,64,"test",28,0.552700102329254,0
0.05,64,"test",29,0.529779314994812,1
0.05,64,"test",30,0.578571557998657,0
0.05,64,"test",31,0.581309795379639,0
0.05,64,"test",32,0.566240906715393,0
0.05,64,"test",33,0.573758840560913,0
0.05,64,"test",34,0.477330803871155,1
0.05,64,"test",35,0.499366402626038,1
0.05,64,"test",36,0.470419198274612,1
0.05,64,"test",37,0.471171587705612,1
0.05,64,"test",38,0.502262473106384,1
0.05,64,"test",39,0.49780797958374,1
0.05,64,"test",40,0.468894571065903,1
0.05,64,"test",41,0.46316722035408,1
0.05,64,"test",42,0.453939169645309,0
0.05,64,"test",43,0.457329630851746,1
0.05,64,"test",44,0.446187287569046,1
0.05,64,"test",45,0.44513538479805,1
0.05,64,"test",46,0.401975035667419,0
0.05,64,"test",47,0.407969057559967,0
0.05,64,"test",48,0.486787855625153,0
0.05,64,"test",49,0.475526422262192,0
0.05,64,"test",50,0.545522511005402,0
0.05,64,"test",51,0.535146355628967,0
0.05,64,"test",52,0.542226850986481,1
0.05,64,"test",53,0.522272706031799,1
0.05,64,"test",54,0.529779314994812,1
0.05,64,"test",55,0.517128646373749,0
0.05,64,"test",56,0.581309795379639,0
0.05,64,"test",57,0.614630103111267,0
0.05,64,"test",58,0.573758840560913,0
0.05,64,"test",59,0.558528482913971,0
0.05,64,"test",60,0.499366402626038,0
0.05,64,"test",61,0.479683101177216,0
0.05,64,"test",62,0.471171587705612,0
0.05,64,"test",63,0.462991863489151,0
0.05,64,"test",64,0.49780797958374,1
0.05,64,"test",65,0.510953605175018,1
0.05,64,"test",66,0.46316722035408,0
0.05,64,"test",67,0.467962116003036,0
0.05,64,"test",68,0.457329630851746,0
0.05,64,"test",69,0.465776801109314,0
0.05,64,"test",70,0.44513538479805,0
0.05,64,"test",71,0.438239604234695,1
0.05,64,"test",72,0.407969057559967,1
0.05,64,"test",73,0.429104417562485,0
0.05,64,"test",74,0.475526422262192,0
0.05,64,"test",75,0.457079648971558,1
0.05,64,"test",76,0.535146355628967,1
0.05,64,"test",77,0.547536432743073,0
0.05,64,"test",78,0.522272706031799,0
0.05,64,"test",79,0.520667433738708,0
0.05,64,"test",80,0.517128646373749,0
0.05,64,"test",81,0.541350901126862,0
0.05,64,"test",82,0.614630103111267,1
0.05,64,"test",83,0.571754276752472,1
0.05,64,"test",84,0.558528482913971,1
0.05,64,"test",85,0.580397248268127,1
0.05,64,"test",86,0.479683101177216,1
0.05,64,"test",87,0.486376345157623,0
0.05,64,"test",88,0.462991863489151,1
0.05,64,"test",89,0.439283162355423,0
0.05,64,"test",90,0.510953605175018,0
0.05,64,"test",91,0.510924160480499,1
0.05,64,"test",92,0.467962116003036,0
0.05,64,"test",93,0.464808940887451,1
0.05,64,"test",94,0.465776801109314,0
0.05,64,"test",95,0.461636692285538,0
0.05,64,"test",96,0.438239604234695,0
0.05,64,"test",97,0.458461254835129,1
0.05,64,"test",98,0.429104417562485,1
0.05,64,"test",99,0.438994348049164,1
0.05,64,"test",100,0.457079648971558,1
0.05,64,"test",101,0.448071211576462,1
0.05,64,"test",102,0.547536432743073,1
0.05,64,"test",103,0.546403169631958,0
0.05,64,"test",104,0.520667433738708,0
0.05,64,"test",105,0.531677961349487,0
0.05,64,"test",106,0.541350901126862,0
0.05,64,"test",107,0.517554879188538,0
0.05,64,"test",108,0.571754276752472,1
0.05,64,"test",109,0.578281164169312,1
0.05,64,"test",110,0.580397248268127,1
0.05,64,"test",111,0.559864044189453,1
0.05,64,"test",112,0.486376345157623,1
0.05,64,"test",113,0.476857602596283,1
0.05,64,"test",114,0.439283162355423,1
0.05,64,"test",115,0.461231976747513,1
0.05,64,"test",116,0.510924160480499,1
0.05,64,"test",117,0.508786916732788,1
0.05,64,"test",118,0.464808940887451,1
0.05,64,"test",119,0.466049402952194,0
0.05,64,"test",120,0.461636692285538,1
0.05,64,"test",121,0.444399803876877,1
0.05,64,"test",122,0.458461254835129,1
0.05,64,"test",123,0.457013994455338,1
0.05,64,"test",124,0.438994348049164,0
0.05,64,"test",125,0.396337598562241,0
0.05,64,"test",126,0.448071211576462,0
0.05,64,"test",127,0.442066788673401,1
0.05,64,"test",128,0.546403169631958,1
0.05,64,"test",129,0.554194271564484,0
0.05,64,"test",130,0.531677961349487,1
0.05,64,"test",131,0.539246022701263,0
0.05,64,"test",132,0.517554879188538,1
0.05,64,"test",133,0.536877155303955,0
0.05,64,"test",134,0.578281164169312,0
0.05,64,"test",135,0.576785743236542,1
0.05,64,"test",136,0.559864044189453,1
0.05,64,"test",137,0.564263880252838,1
0.05,64,"test",138,0.476857602596283,1
0.05,64,"test",139,0.478630036115646,1
0.05,64,"test",140,0.461231976747513,1
0.05,64,"test",141,0.422305017709732,0
0.05,64,"test",142,0.508786916732788,0
0.05,64,"test",143,0.513557732105255,0
0.05,64,"test",144,0.466049402952194,0
0.05,64,"test",145,0.473465979099274,1
0.05,64,"test",146,0.444399803876877,0
0.05,64,"test",147,0.43884003162384,0
0.05,64,"test",148,0.457013994455338,0
0.05,64,"test",149,0.470029354095459,0
0.05,64,"test",150,0.396337598562241,1
0.05,64,"test",151,0.401285380125046,1
0.05,64,"test",152,0.442066788673401,1
0.05,64,"test",153,0.463576704263687,1
0.05,64,"test",154,0.554194271564484,1
0.05,64,"test",155,0.53093034029007,0
0.05,64,"test",156,0.539246022701263,0
0.05,64,"test",157,0.525029063224792,0
0.05,64,"test",158,0.536877155303955,1
0.05,64,"test",159,0.523342669010162,0
0.05,64,"test",160,0.576785743236542,0
0.05,64,"test",161,0.569362223148346,0
0.05,64,"test",162,0.564263880252838,0
0.05,64,"test",163,0.562494933605194,1
0.05,64,"test",164,0.478630036115646,0
0.05,64,"test",165,0.488195031881332,1
0.05,64,"test",166,0.422305017709732,1
0.05,64,"test",167,0.426103323698044,0
0.05,64,"test",168,0.513557732105255,1
0.05,64,"test",169,0.514370977878571,1
0.05,64,"test",170,0.473465979099274,1
0.05,64,"test",171,0.46327930688858,0
0.05,64,"test",172,0.43884003162384,0
0.05,64,"test",173,0.409468322992325,1
0.05,64,"test",174,0.470029354095459,1
0.05,64,"test",175,0.454460471868515,0
0.05,64,"test",176,0.401285380125046,0
0.05,64,"test",177,0.42805415391922,0
0.05,64,"test",178,0.463576704263687,0
0.05,64,"test",179,0.471310675144196,0
0.05,64,"test",180,0.53093034029007,1
0.05,64,"test",181,0.54066276550293,1
0.05,64,"test",182,0.525029063224792,0
0.05,64,"test",183,0.519368648529053,0
0.05,64,"test",184,0.523342669010162,0
0.05,64,"test",185,0.506976723670959,0
0.05,64,"test",186,0.569362223148346,0
0.05,64,"test",187,0.55580085515976,0
0.05,64,"test",188,0.562494933605194,0
0.05,64,"test",189,0.549061834812164,0
0.05,64,"test",190,0.488195031881332,0
0.05,64,"test",191,0.511915743350983,0
0.05,64,"test",192,0.426103323698044,0
0.05,64,"test",193,0.440225780010223,1
0.05,64,"test",194,0.514370977878571,1
0.05,64,"test",195,0.515592694282532,1
0.05,64,"test",196,0.46327930688858,1
0.05,64,"test",197,0.465462476015091,1
0.05,64,"test",198,0.409468322992325,1
0.05,64,"test",199,0.396364599466324,1
0.05,64,"test",200,0.454460471868515,0
0.05,64,"test",201,0.46003383398056,1
0.05,64,"test",202,0.42805415391922,1
0.05,64,"test",203,0.410592347383499,1
0.05,64,"test",204,0.471310675144196,1
0.05,64,"test",205,0.467240750789642,1
0.05,64,"test",206,0.54066276550293,0
0.05,64,"test",207,0.513461351394653,0
0.05,64,"test",208,0.519368648529053,0
0.05,64,"test",209,0.520994365215302,0
0.05,64,"test",210,0.506976723670959,0
0.05,64,"test",211,0.509975433349609,1
0.05,64,"test",212,0.55580085515976,0
0.05,64,"test",213,0.571799874305725,0
0.05,64,"test",214,0.549061834812164,1
0.05,64,"test",215,0.580152451992035,1
0.05,64,"test",216,0.511915624141693,1
0.05,64,"test",217,0.489281952381134,1
0.05,64,"test",218,0.440225780010223,1
0.05,64,"test",219,0.443552732467651,1
0.05,64,"test",220,0.515592694282532,1
0.05,64,"test",221,0.512936413288116,1
0.05,64,"test",222,0.465462476015091,1
0.05,64,"test",223,0.471506088972092,1
0.05,64,"test",224,0.396364599466324,1
0.05,64,"test",225,0.397222906351089,0
0.05,64,"test",226,0.46003383398056,0
0.05,64,"test",227,0.438320845365524,0
0.05,64,"test",228,0.410592347383499,1
0.05,64,"test",229,0.398577660322189,0
0.05,64,"test",230,0.467240750789642,0
0.05,64,"test",231,0.448985308408737,0
0.05,64,"test",232,0.513461351394653,1
0.05,64,"test",233,0.554776966571808,1
0.05,64,"test",234,0.520994365215302,0
0.05,64,"test",235,0.538925111293793,1
0.05,64,"test",236,0.509975433349609,1
0.05,64,"test",237,0.521489024162292,1
0.05,64,"test",238,0.571799874305725,0
0.05,64,"test",239,0.575544595718384,0
0.05,64,"test",240,0.580152451992035,0
0.05,64,"test",241,0.556177794933319,0
0.05,64,"test",242,0.489281952381134,1
0.05,64,"test",243,0.499668776988983,1
0.05,64,"test",244,0.443552732467651,1
0.05,64,"test",245,0.445497423410416,1
0.05,64,"test",246,0.512936413288116,1
0.05,64,"test",247,0.517685949802399,1
0.05,64,"test",248,0.471506088972092,0
0.05,64,"test",249,0.473436951637268,0
0.05,64,"test",250,0.397222906351089,0
0.05,64,"test",251,0.336188912391663,0
0.05,64,"test",252,0.438320845365524,1
0.05,64,"test",253,0.448058694601059,1
0.05,64,"test",254,0.398577660322189,0
0.05,64,"test",255,0.379893362522125,0
0.05,64,"test",256,0.448985308408737,1
0.05,64,"test",257,0.453196167945862,1
0.05,64,"test",258,0.554776966571808,1
0.05,64,"test",259,0.532233774662018,0
0.05,64,"test",260,0.538925111293793,1
0.05,64,"test",261,0.532905340194702,0
0.05,64,"test",262,0.521489024162292,0
0.05,64,"test",263,0.537645101547241,0
0.05,64,"test",264,0.575544595718384,1
0.05,64,"test",265,0.527068316936493,1
0.05,64,"test",266,0.556177794933319,1
0.05,64,"test",267,0.55280727148056,1
0.05,64,"test",268,0.499668776988983,1
0.05,64,"test",269,0.498962104320526,0
0.05,64,"test",270,0.445497423410416,0
0.05,64,"test",271,0.448613822460175,0
0.05,64,"test",272,0.517685949802399,1
0.05,64,"test",273,0.517538964748383,0
0.05,64,"test",274,0.473436951637268,1
0.05,64,"test",275,0.466482758522034,1
0.05,64,"test",276,0.336188912391663,1
0.05,64,"test",277,0.382314413785934,0
0.05,64,"test",278,0.448058694601059,1
0.05,64,"test",279,0.512868344783783,0
0.05,64,"test",280,0.379893362522125,0
0.05,64,"test",281,0.368371576070786,0
0.05,64,"test",282,0.453196167945862,1
0.05,64,"test",283,0.408132791519165,1
0.05,64,"test",284,0.532233774662018,1
0.05,64,"test",285,0.544292032718658,1
0.05,64,"test",286,0.532905340194702,0
0.05,64,"test",287,0.610046207904816,0
0.05,64,"test",288,0.537645101547241,0
0.05,64,"test",289,0.515133321285248,0
0.05,64,"test",290,0.527068316936493,0
0.05,64,"test",291,0.532243967056274,0
0.05,64,"test",292,0.55280727148056,1
0.05,64,"test",293,0.518515825271606,1
0.05,64,"test",294,0.498962104320526,1
0.05,64,"test",295,0.486419439315796,0
0.05,64,"test",296,0.448613822460175,0
0.05,64,"test",297,0.448049515485764,1
0.05,64,"test",298,0.517538964748383,1
0.05,64,"test",299,0.516225516796112,1
0.05,64,"test",300,0.466482758522034,0
0.05,64,"test",301,0.456295490264893,0
0.05,64,"test",302,0.382314413785934,0
0.05,64,"test",303,0.44209149479866,0
0.05,64,"test",304,0.512868344783783,0
0.05,64,"test",305,0.488246291875839,0
0.1,23,"val",1,0.515046954154968,1
0.1,23,"val",2,0.4591044485569,1
0.1,23,"val",3,0.467337727546692,0
0.1,23,"val",4,0.479638487100601,1
0.1,23,"val",5,0.485344529151917,0
0.1,23,"val",6,0.438756674528122,0
0.1,23,"val",7,0.443319201469421,0
0.1,23,"val",8,0.465075045824051,1
0.1,23,"val",9,0.452281981706619,1
0.1,23,"val",10,0.507597208023071,1
0.1,23,"val",11,0.500050723552704,1
0.1,23,"val",12,0.292759150266647,0
0.1,23,"val",13,0.2946457862854,0
0.1,23,"val",14,0.495140343904495,0
0.1,23,"val",15,0.467430919408798,0
0.1,23,"val",16,0.559612095355988,0
0.1,23,"val",17,0.536412358283997,1
0.1,23,"val",18,0.60559093952179,1
0.1,23,"val",19,0.593002021312714,1
0.1,23,"val",20,0.547077476978302,1
0.1,23,"val",21,0.498346626758575,1
0.1,23,"val",22,0.600209891796112,1
0.1,23,"val",23,0.591778755187988,1
0.1,23,"val",24,0.56575083732605,1
0.1,23,"val",25,0.580398857593536,1
0.1,23,"val",26,0.515046954154968,1
0.1,23,"val",27,0.510036885738373,0
0.1,23,"val",28,0.467337727546692,1
0.1,23,"val",29,0.450778245925903,1
0.1,23,"val",30,0.485344529151917,1
0.1,23,"val",31,0.494746387004852,1
0.1,23,"val",32,0.443319201469421,1
0.1,23,"val",33,0.46800172328949,0
0.1,23,"val",34,0.452281981706619,0
0.1,23,"val",35,0.480512410402298,0
0.1,23,"val",36,0.500050723552704,1
0.1,23,"val",37,0.45751565694809,1
0.1,23,"val",38,0.2946457862854,1
0.1,23,"val",39,0.271406769752502,1
0.1,23,"val",40,0.467430919408798,0
0.1,23,"val",41,0.467411041259766,1
0.1,23,"val",42,0.536412358283997,1
0.1,23,"val",43,0.530773520469666,0
0.1,23,"val",44,0.593002021312714,0
0.1,23,"val",45,0.583306968212128,0
0.1,23,"val",46,0.498346626758575,0
0.1,23,"val",47,0.541990637779236,0
0.1,23,"val",48,0.591778755187988,1
0.1,23,"val",49,0.581920742988586,1
0.1,23,"val",50,0.580398857593536,1
0.1,23,"val",51,0.557402849197388,0
0.1,23,"val",52,0.510036885738373,0
0.1,23,"val",53,0.510218262672424,1
0.1,23,"val",54,0.450778245925903,1
0.1,23,"val",55,0.442488044500351,1
0.1,23,"val",56,0.494746387004852,1
0.1,23,"val",57,0.509387791156769,1
0.1,23,"val",58,0.46800172328949,1
0.1,23,"val",59,0.467930525541306,0
0.1,23,"val",60,0.480512410402298,0
0.1,23,"val",61,0.481441766023636,0
0.1,23,"val",62,0.45751565694809,0
0.1,23,"val",63,0.494000613689423,0
0.1,23,"val",64,0.271406769752502,0
0.1,23,"val",65,0.358448326587677,0
0.1,23,"val",66,0.467411041259766,0
0.1,23,"val",67,0.440341234207153,1
0.1,23,"val",68,0.530773520469666,1
0.1,23,"val",69,0.564222574234009,1
0.1,23,"val",70,0.583306968212128,1
0.1,23,"val",71,0.573150515556335,1
0.1,23,"val",72,0.541990637779236,1
0.1,23,"val",73,0.545651972293854,1
0.1,23,"val",74,0.581920742988586,1
0.1,23,"val",75,0.664293110370636,1
0.1,23,"val",76,0.557402849197388,0
0.1,23,"val",77,0.550366401672363,0
0.1,23,"val",78,0.510218262672424,1
0.1,23,"val",79,0.503023862838745,1
0.1,23,"val",80,0.442488044500351,0
0.1,23,"val",81,0.462110072374344,0
0.1,23,"val",82,0.509387791156769,1
0.1,23,"val",83,0.503880977630615,1
0.1,23,"val",84,0.467930525541306,1
0.1,23,"val",85,0.473248839378357,1
0.1,23,"val",86,0.481441766023636,0
0.1,23,"val",87,0.4689080119133,0
0.1,23,"val",88,0.494000613689423,0
0.1,23,"val",89,0.491284787654877,0
0.1,23,"val",90,0.358448326587677,0
0.1,23,"val",91,0.369102895259857,0
0.1,23,"val",92,0.440341234207153,0
0.1,23,"val",93,0.489324152469635,0
0.1,23,"val",94,0.564222574234009,0
0.1,23,"val",95,0.585850059986115,0
0.1,23,"val",96,0.573150515556335,1
0.1,23,"val",97,0.566394031047821,1
0.1,23,"val",98,0.545651972293854,1
0.1,23,"val",99,0.519978106021881,1
0.1,23,"val",100,0.664293110370636,0
0.1,23,"val",101,0.759709537029266,0
0.1,23,"val",102,0.550366401672363,0
0.1,23,"val",103,0.61826491355896,0
0.1,23,"val",104,0.503023862838745,1
0.1,23,"val",105,0.505533814430237,1
0.1,23,"val",106,0.462110072374344,1
0.1,23,"val",107,0.43464457988739,1
0.1,23,"val",108,0.503880977630615,1
0.1,23,"val",109,0.504437923431396,1
0.1,23,"val",110,0.473248839378357,0
0.1,23,"val",111,0.473023414611816,1
0.1,23,"val",112,0.4689080119133,0
0.1,23,"val",113,0.445375889539719,1
0.1,23,"val",114,0.491284787654877,0
0.1,23,"val",115,0.501531600952148,1
0.1,23,"val",116,0.369102895259857,1
0.1,23,"val",117,0.42976126074791,1
0.1,23,"val",118,0.489324152469635,1
0.1,23,"val",119,0.472823321819305,1
0.1,23,"val",120,0.585850059986115,0
0.1,23,"val",121,0.563397645950317,0
0.1,23,"val",122,0.566394031047821,0
0.1,23,"val",123,0.563730299472809,1
0.1,23,"val",124,0.519978106021881,1
0.1,23,"val",125,0.519210636615753,1
0.1,23,"val",126,0.759709537029266,1
0.1,23,"val",127,0.691578984260559,1
0.1,23,"val",128,0.61826491355896,1
0.1,23,"val",129,0.60199373960495,1
0.1,23,"val",130,0.505533814430237,1
0.1,23,"val",131,0.504643380641937,1
0.1,23,"val",132,0.43464457988739,1
0.1,23,"val",133,0.446376651525497,1
0.1,23,"val",134,0.504437923431396,1
0.1,23,"val",135,0.492271304130554,1
0.1,23,"val",136,0.473023414611816,0
0.1,23,"val",137,0.457604080438614,1
0.1,23,"val",138,0.445375889539719,1
0.1,23,"val",139,0.46119812130928,1
0.1,23,"val",140,0.501531600952148,1
0.1,23,"val",141,0.452446192502975,1
0.1,23,"val",142,0.42976126074791,1
0.1,23,"val",143,0.398534893989563,1
0.1,23,"val",144,0.472823321819305,1
0.1,23,"val",145,0.462371796369553,1
0.1,23,"val",146,0.563397645950317,0
0.1,23,"val",147,0.60580587387085,0
0.1,23,"val",148,0.563730299472809,1
0.1,23,"val",149,0.554566264152527,1
0.1,23,"val",150,0.519210636615753,1
0.1,23,"val",151,0.542816042900085,1
0.1,23,"val",152,0.691578984260559,1
0.1,23,"val",153,0.738355219364166,1
0.1,23,"val",154,0.60199373960495,0
0.1,23,"val",155,0.530252754688263,0
0.1,23,"val",156,0.504643380641937,0
0.1,23,"val",157,0.504108905792236,0
0.1,23,"val",158,0.446376651525497,0
0.1,23,"val",159,0.429252535104752,1
0.1,23,"val",160,0.492271304130554,1
0.1,23,"val",161,0.501753330230713,1
0.1,23,"val",162,0.457604080438614,1
0.1,23,"val",163,0.463403105735779,1
0.1,23,"val",164,0.46119812130928,1
0.1,23,"val",165,0.434697270393372,1
0.1,23,"val",166,0.452446192502975,1
0.1,23,"val",167,0.478520214557648,1
0.1,23,"val",168,0.398534893989563,0
0.1,23,"val",169,0.324219793081284,0
0.1,23,"val",170,0.462371796369553,0
0.1,23,"val",171,0.451029568910599,1
0.1,23,"val",172,0.60580587387085,1
0.1,23,"val",173,0.612721085548401,1
0.1,23,"val",174,0.554566264152527,1
0.1,23,"val",175,0.587442934513092,1
0.1,23,"val",176,0.542816042900085,1
0.1,23,"val",177,0.541533410549164,1
0.1,23,"val",178,0.738355219364166,1
0.1,23,"val",179,0.646995365619659,1
0.1,23,"val",180,0.530252754688263,1
0.1,23,"val",181,0.516192376613617,0
0.1,23,"val",182,0.504108905792236,0
0.1,23,"val",183,0.508750796318054,0
0.1,23,"val",184,0.429252535104752,0
0.1,23,"val",185,0.458865493535995,0
0.1,23,"val",186,0.501753330230713,0
0.1,23,"val",187,0.507189154624939,0
0.1,23,"val",188,0.463403105735779,0
0.1,23,"val",189,0.456892848014832,0
0.1,23,"val",190,0.434697270393372,0
0.1,23,"val",191,0.431362271308899,1
0.1,23,"val",192,0.478520214557648,1
0.1,23,"val",193,0.471465528011322,0
0.1,23,"val",194,0.324219793081284,0
0.1,23,"val",195,0.37831437587738,0
0.1,23,"val",196,0.451029568910599,0
0.1,23,"val",197,0.502231657505035,0
0.1,23,"val",198,0.612721085548401,0
0.1,23,"val",199,0.585721552371979,1
0.1,23,"val",200,0.587442934513092,1
0.1,23,"val",201,0.547763586044312,1
0.1,23,"val",202,0.541533410549164,0
0.1,23,"val",203,0.598473370075226,0
0.1,23,"val",204,0.646995365619659,0
0.1,23,"val",205,0.618327856063843,1
0.1,23,"val",206,0.516192376613617,1
0.1,23,"val",207,0.606774210929871,0
0.1,23,"val",208,0.508750796318054,0
0.1,23,"val",209,0.512328147888184,0
0.1,23,"val",210,0.458865493535995,1
0.1,23,"val",211,0.449024081230164,1
0.1,23,"val",212,0.507189154624939,1
0.1,23,"val",213,0.499755650758743,1
0.1,23,"val",214,0.456892848014832,1
0.1,23,"val",215,0.459491372108459,0
0.1,23,"val",216,0.431362271308899,0
0.1,23,"val",217,0.433106511831284,0
0.1,23,"val",218,0.471465528011322,0
0.1,23,"val",219,0.443253427743912,0
0.1,23,"val",220,0.37831437587738,1
0.1,23,"val",221,0.382471024990082,1
0.1,23,"val",222,0.502231657505035,1
0.1,23,"val",223,0.486905813217163,1
0.1,23,"val",224,0.585721552371979,1
0.1,23,"val",225,0.579948842525482,1
0.1,23,"val",226,0.547763586044312,1
0.1,23,"val",227,0.53501284122467,1
0.1,23,"val",228,0.598473370075226,1
0.1,23,"val",229,0.511162877082825,1
0.1,23,"val",230,0.618327856063843,1
0.1,23,"val",231,0.606589615345001,0
0.1,23,"val",232,0.606774210929871,0
0.1,23,"val",233,0.57616662979126,0
0.1,23,"val",234,0.512328147888184,0
0.1,23,"val",235,0.51496160030365,0
0.1,23,"val",236,0.449024081230164,0
0.1,23,"val",237,0.480841517448425,0
0.1,23,"val",238,0.499755650758743,1
0.1,23,"val",239,0.508198022842407,1
0.1,23,"val",240,0.459491372108459,1
0.1,23,"val",241,0.473318845033646,1
0.1,23,"val",242,0.433106511831284,0
0.1,23,"val",243,0.41672670841217,0
0.1,23,"val",244,0.443253427743912,0
0.1,23,"val",245,0.486020147800446,0
0.1,23,"val",246,0.382471024990082,0
0.1,23,"val",247,0.406810641288757,0
0.1,23,"val",248,0.486905872821808,0
0.1,23,"val",249,0.461325228214264,0
0.1,23,"val",250,0.579948842525482,1
0.1,23,"val",251,0.546443521976471,0
0.1,23,"val",252,0.53501284122467,0
0.1,23,"val",253,0.530567586421967,0
0.1,23,"val",254,0.511162877082825,0
0.1,23,"val",255,0.483412235975266,0
0.1,23,"val",256,0.606589615345001,0
0.1,23,"val",257,0.543085515499115,0
0.1,23,"val",258,0.57616662979126,0
0.1,23,"val",259,0.599448502063751,1
0.1,23,"val",260,0.51496160030365,1
0.1,23,"val",261,0.512613117694855,1
0.1,23,"val",262,0.480841517448425,1
0.1,23,"val",263,0.471009761095047,1
0.1,23,"val",264,0.508198022842407,1
0.1,23,"val",265,0.510367751121521,1
0.1,23,"val",266,0.473318845033646,1
0.1,23,"val",267,0.460596472024918,0
0.1,23,"val",268,0.41672670841217,0
0.1,23,"val",269,0.454151570796967,1
0.1,23,"val",270,0.486020147800446,1
0.1,23,"val",271,0.482702970504761,1
0.1,23,"val",272,0.406810641288757,1
0.1,23,"val",273,0.38888692855835,1
0.1,23,"val",274,0.461325228214264,1
0.1,23,"val",275,0.449539542198181,0
0.1,23,"val",276,0.546443521976471,1
0.1,23,"val",277,0.551170468330383,1
0.1,23,"val",278,0.530567586421967,1
0.1,23,"val",279,0.576419413089752,1
0.1,23,"val",280,0.483412235975266,1
0.1,23,"val",281,0.504000902175903,1
0.1,23,"val",282,0.543085515499115,1
0.1,23,"val",283,0.528240978717804,0
0.1,23,"val",284,0.599448502063751,0
0.1,23,"val",285,0.634905993938446,0
0.1,23,"val",286,0.512613117694855,1
0.1,23,"val",287,0.510825216770172,1
0.1,23,"val",288,0.471009761095047,1
0.1,23,"val",289,0.477856010198593,0
0.1,23,"val",290,0.510367751121521,0
0.1,23,"val",291,0.510685443878174,0
0.1,23,"val",292,0.460596472024918,1
0.1,23,"val",293,0.472283065319061,1
0.1,23,"val",294,0.454151570796967,1
0.1,23,"val",295,0.466252952814102,1
0.1,23,"val",296,0.482702970504761,0
0.1,23,"val",297,0.478614747524261,0
0.1,23,"val",298,0.38888692855835,0
0.1,23,"val",299,0.353456974029541,1
0.1,23,"val",300,0.449539542198181,1
0.1,23,"val",301,0.486340671777725,0
0.1,23,"val",302,0.551170468330383,0
0.1,23,"val",303,0.569084703922272,1
0.1,23,"val",304,0.576419413089752,1
0.1,23,"test",1,0.558675646781921,0
0.1,23,"test",2,0.504000902175903,0
0.1,23,"test",3,0.560975193977356,1
0.1,23,"test",4,0.528240978717804,1
0.1,23,"test",5,0.527590930461884,1
0.1,23,"test",6,0.634905993938446,1
0.1,23,"test",7,0.581790208816528,1
0.1,23,"test",8,0.510825216770172,1
0.1,23,"test",9,0.497271418571472,0
0.1,23,"test",10,0.477856010198593,0
0.1,23,"test",11,0.47653865814209,0
0.1,23,"test",12,0.510685443878174,1
0.1,23,"test",13,0.502046704292297,1
0.1,23,"test",14,0.472283065319061,0
0.1,23,"test",15,0.465487092733383,0
0.1,23,"test",16,0.466252952814102,0
0.1,23,"test",17,0.456239581108093,0
0.1,23,"test",18,0.478614747524261,0
0.1,23,"test",19,0.473449110984802,1
0.1,23,"test",20,0.353456974029541,1
0.1,23,"test",21,0.405182003974915,1
0.1,23,"test",22,0.486340671777725,1
0.1,23,"test",23,0.487713485956192,1
0.1,23,"test",24,0.569084703922272,1
0.1,23,"test",25,0.558794498443604,0
0.1,23,"test",26,0.558675646781921,0
0.1,23,"test",27,0.57616400718689,1
0.1,23,"test",28,0.560975193977356,0
0.1,23,"test",29,0.525747358798981,1
0.1,23,"test",30,0.527590930461884,0
0.1,23,"test",31,0.588584125041962,0
0.1,23,"test",32,0.581790208816528,0
0.1,23,"test",33,0.592189848423004,0
0.1,23,"test",34,0.497271418571472,1
0.1,23,"test",35,0.50955605506897,1
0.1,23,"test",36,0.47653865814209,1
0.1,23,"test",37,0.482756108045578,1
0.1,23,"test",38,0.502046704292297,1
0.1,23,"test",39,0.496182322502136,1
0.1,23,"test",40,0.465487092733383,1
0.1,23,"test",41,0.460236459970474,1
0.1,23,"test",42,0.456239581108093,0
0.1,23,"test",43,0.460432559251785,1
0.1,23,"test",44,0.473449110984802,1
0.1,23,"test",45,0.476258873939514,1
0.1,23,"test",46,0.405182003974915,0
0.1,23,"test",47,0.432525664567947,0
0.1,23,"test",48,0.487713485956192,0
0.1,23,"test",49,0.471805363893509,0
0.1,23,"test",50,0.558794498443604,0
0.1,23,"test",51,0.545793831348419,0
0.1,23,"test",52,0.57616400718689,1
0.1,23,"test",53,0.549970030784607,1
0.1,23,"test",54,0.525747358798981,1
0.1,23,"test",55,0.50212436914444,0
0.1,23,"test",56,0.588584125041962,0
0.1,23,"test",57,0.629300534725189,0
0.1,23,"test",58,0.592189848423004,0
0.1,23,"test",59,0.570589900016785,0
0.1,23,"test",60,0.50955605506897,0
0.1,23,"test",61,0.49969071149826,0
0.1,23,"test",62,0.482756108045578,0
0.1,23,"test",63,0.465583562850952,0
0.1,23,"test",64,0.496182322502136,1
0.1,23,"test",65,0.50342321395874,1
0.1,23,"test",66,0.460236459970474,0
0.1,23,"test",67,0.467249691486359,0
0.1,23,"test",68,0.460432559251785,0
0.1,23,"test",69,0.469105809926987,0
0.1,23,"test",70,0.476258873939514,0
0.1,23,"test",71,0.466711312532425,1
0.1,23,"test",72,0.432525664567947,1
0.1,23,"test",73,0.429110080003738,0
0.1,23,"test",74,0.471805363893509,0
0.1,23,"test",75,0.444150477647781,1
0.1,23,"test",76,0.545793831348419,1
0.1,23,"test",77,0.563045561313629,0
0.1,23,"test",78,0.549970030784607,0
0.1,23,"test",79,0.544290900230408,0
0.1,23,"test",80,0.50212436914444,0
0.1,23,"test",81,0.534724652767181,0
0.1,23,"test",82,0.629300534725189,1
0.1,23,"test",83,0.571160554885864,1
0.1,23,"test",84,0.570589900016785,1
0.1,23,"test",85,0.60303521156311,1
0.1,23,"test",86,0.49969071149826,1
0.1,23,"test",87,0.50805926322937,0
0.1,23,"test",88,0.465583562850952,1
0.1,23,"test",89,0.448433607816696,0
0.1,23,"test",90,0.50342321395874,0
0.1,23,"test",91,0.508167803287506,1
0.1,23,"test",92,0.467249691486359,0
0.1,23,"test",93,0.463864088058472,1
0.1,23,"test",94,0.469105809926987,0
0.1,23,"test",95,0.464020401239395,0
0.1,23,"test",96,0.466711312532425,0
0.1,23,"test",97,0.488106191158295,1
0.1,23,"test",98,0.429110080003738,1
0.1,23,"test",99,0.436206012964249,1
0.1,23,"test",100,0.444150477647781,1
0.1,23,"test",101,0.429498642683029,1
0.1,23,"test",102,0.563045561313629,1
0.1,23,"test",103,0.561649858951569,0
0.1,23,"test",104,0.544290900230408,0
0.1,23,"test",105,0.561946034431458,0
0.1,23,"test",106,0.534724652767181,0
0.1,23,"test",107,0.512214958667755,0
0.1,23,"test",108,0.571160554885864,1
0.1,23,"test",109,0.576027691364288,1
0.1,23,"test",110,0.60303521156311,1
0.1,23,"test",111,0.572031319141388,1
0.1,23,"test",112,0.50805926322937,1
0.1,23,"test",113,0.497377574443817,1
0.1,23,"test",114,0.448433607816696,1
0.1,23,"test",115,0.476597249507904,1
0.1,23,"test",116,0.508167803287506,1
0.1,23,"test",117,0.47960576415062,1
0.1,23,"test",118,0.463864088058472,1
0.1,23,"test",119,0.465642422437668,0
0.1,23,"test",120,0.464020401239395,1
0.1,23,"test",121,0.447924494743347,1
0.1,23,"test",122,0.488106191158295,1
0.1,23,"test",123,0.486771404743195,1
0.1,23,"test",124,0.436206012964249,0
0.1,23,"test",125,0.387808531522751,0
0.1,23,"test",126,0.429498642683029,0
0.1,23,"test",127,0.420608341693878,1
0.1,23,"test",128,0.561649858951569,1
0.1,23,"test",129,0.574128925800323,0
0.1,23,"test",130,0.561946034431458,1
0.1,23,"test",131,0.572725117206573,0
0.1,23,"test",132,0.512214958667755,1
0.1,23,"test",133,0.537666380405426,0
0.1,23,"test",134,0.576027691364288,0
0.1,23,"test",135,0.57159960269928,1
0.1,23,"test",136,0.572031319141388,1
0.1,23,"test",137,0.578399300575256,1
0.1,23,"test",138,0.497377574443817,1
0.1,23,"test",139,0.499282598495483,1
0.1,23,"test",140,0.476597249507904,1
0.1,23,"test",141,0.440565645694733,0
0.1,23,"test",142,0.47960576415062,0
0.1,23,"test",143,0.486718952655792,0
0.1,23,"test",144,0.465642422437668,0
0.1,23,"test",145,0.467637747526169,1
0.1,23,"test",146,0.447924494743347,0
0.1,23,"test",147,0.444063633680344,0
0.1,23,"test",148,0.486771404743195,0
0.1,23,"test",149,0.499892771244049,0
0.1,23,"test",150,0.387808531522751,1
0.1,23,"test",151,0.424412995576859,1
0.1,23,"test",152,0.420608341693878,1
0.1,23,"test",153,0.454033046960831,1
0.1,23,"test",154,0.574128925800323,1
0.1,23,"test",155,0.534926414489746,0
0.1,23,"test",156,0.572725117206573,0
0.1,23,"test",157,0.553951919078827,0
0.1,23,"test",158,0.537666380405426,1
0.1,23,"test",159,0.511722266674042,0
0.1,23,"test",160,0.57159960269928,0
0.1,23,"test",161,0.499223291873932,0
0.1,23,"test",162,0.578399300575256,0
0.1,23,"test",163,0.57696533203125,1
0.1,23,"test",164,0.499282598495483,0
0.1,23,"test",165,0.504210412502289,1
0.1,23,"test",166,0.440565645694733,1
0.1,23,"test",167,0.434063732624054,0
0.1,23,"test",168,0.486718952655792,1
0.1,23,"test",169,0.500789284706116,1
0.1,23,"test",170,0.467637747526169,1
0.1,23,"test",171,0.449952989816666,0
0.1,23,"test",172,0.444063633680344,0
0.1,23,"test",173,0.427946984767914,1
0.1,23,"test",174,0.499892771244049,1
0.1,23,"test",175,0.481426030397415,0
0.1,23,"test",176,0.424412995576859,0
0.1,23,"test",177,0.43026676774025,0
0.1,23,"test",178,0.454033046960831,0
0.1,23,"test",179,0.465410947799683,0
0.1,23,"test",180,0.534926414489746,1
0.1,23,"test",181,0.550514698028564,1
0.1,23,"test",182,0.553951919078827,0
0.1,23,"test",183,0.546352446079254,0
0.1,23,"test",184,0.511722266674042,0
0.1,23,"test",185,0.495854735374451,0
0.1,23,"test",186,0.499223291873932,0
0.1,23,"test",187,0.54653787612915,0
0.1,23,"test",188,0.57696533203125,0
0.1,23,"test",189,0.558329939842224,0
0.1,23,"test",190,0.504210412502289,0
0.1,23,"test",191,0.545510828495026,0
0.1,23,"test",192,0.434063732624054,0
0.1,23,"test",193,0.463070631027222,1
0.1,23,"test",194,0.500789284706116,1
0.1,23,"test",195,0.497220516204834,1
0.1,23,"test",196,0.449952989816666,1
0.1,23,"test",197,0.463264644145966,1
0.1,23,"test",198,0.427946984767914,1
0.1,23,"test",199,0.421960264444351,1
0.1,23,"test",200,0.481426030397415,0
0.1,23,"test",201,0.489587396383286,1
0.1,23,"test",202,0.43026676774025,1
0.1,23,"test",203,0.426285803318024,1
0.1,23,"test",204,0.465410947799683,1
0.1,23,"test",205,0.459252119064331,1
0.1,23,"test",206,0.550514698028564,0
0.1,23,"test",207,0.511797547340393,0
0.1,23,"test",208,0.546352446079254,0
0.1,23,"test",209,0.548074781894684,0
0.1,23,"test",210,0.495854735374451,0
0.1,23,"test",211,0.501219809055328,1
0.1,23,"test",212,0.54653787612915,0
0.1,23,"test",213,0.571424901485443,0
0.1,23,"test",214,0.558329939842224,1
0.1,23,"test",215,0.601519107818604,1
0.1,23,"test",216,0.545510828495026,1
0.1,23,"test",217,0.512436091899872,1
0.1,23,"test",218,0.463070631027222,1
0.1,23,"test",219,0.449986815452576,1
0.1,23,"test",220,0.497220516204834,1
0.1,23,"test",221,0.482009738683701,1
0.1,23,"test",222,0.463264644145966,1
0.1,23,"test",223,0.467385053634644,1
0.1,23,"test",224,0.421960264444351,1
0.1,23,"test",225,0.416601926088333,0
0.1,23,"test",226,0.489587396383286,0
0.1,23,"test",227,0.466763526201248,0
0.1,23,"test",228,0.426285803318024,1
0.1,23,"test",229,0.401303797960281,0
0.1,23,"test",230,0.459252119064331,0
0.1,23,"test",231,0.430654317140579,0
0.1,23,"test",232,0.511797547340393,1
0.1,23,"test",233,0.575347244739532,1
0.1,23,"test",234,0.548074781894684,0
0.1,23,"test",235,0.572280287742615,1
0.1,23,"test",236,0.501219809055328,1
0.1,23,"test",237,0.522329032421112,1
0.1,23,"test",238,0.571424901485443,0
0.1,23,"test",239,0.523637592792511,0
0.1,23,"test",240,0.601519107818604,0
0.1,23,"test",241,0.569208383560181,0
0.1,23,"test",242,0.512436091899872,1
0.1,23,"test",243,0.517524361610413,1
0.1,23,"test",244,0.449986815452576,1
0.1,23,"test",245,0.465786397457123,1
0.1,23,"test",246,0.482009738683701,1
0.1,23,"test",247,0.511557638645172,1
0.1,23,"test",248,0.467385053634644,0
0.1,23,"test",249,0.468675017356873,0
0.1,23,"test",250,0.416601926088333,0
0.1,23,"test",251,0.393364101648331,0
0.1,23,"test",252,0.466763526201248,1
0.1,23,"test",253,0.48258900642395,1
0.1,23,"test",254,0.401303797960281,0
0.1,23,"test",255,0.358783572912216,0
0.1,23,"test",256,0.430654317140579,1
0.1,23,"test",257,0.436283320188522,1
0.1,23,"test",258,0.575347244739532,1
0.1,23,"test",259,0.53925621509552,0
0.1,23,"test",260,0.572280287742615,1
0.1,23,"test",261,0.560277163982391,0
0.1,23,"test",262,0.522329032421112,0
0.1,23,"test",263,0.546002626419067,0
0.1,23,"test",264,0.523637592792511,1
0.1,23,"test",265,0.429012924432755,1
0.1,23,"test",266,0.569208383560181,1
0.1,23,"test",267,0.562442779541016,1
0.1,23,"test",268,0.517524361610413,1
0.1,23,"test",269,0.51021683216095,0
0.1,23,"test",270,0.465786397457123,0
0.1,23,"test",271,0.46541041135788,0
0.1,23,"test",272,0.511557638645172,1
0.1,23,"test",273,0.504459261894226,0
0.1,23,"test",274,0.468675017356873,1
0.1,23,"test",275,0.466148346662521,1
0.1,23,"test",276,0.393364101648331,1
0.1,23,"test",277,0.412914276123047,0
0.1,23,"test",278,0.48258900642395,1
0.1,23,"test",279,0.543368458747864,0
0.1,23,"test",280,0.358783572912216,0
0.1,23,"test",281,0.379574924707413,0
0.1,23,"test",282,0.436283320188522,1
0.1,23,"test",283,0.373485833406448,1
0.1,23,"test",284,0.53925621509552,1
0.1,23,"test",285,0.555831730365753,1
0.1,23,"test",286,0.560277163982391,0
0.1,23,"test",287,0.635364234447479,0
0.1,23,"test",288,0.546002626419067,0
0.1,23,"test",289,0.505501747131348,0
0.1,23,"test",290,0.429012924432755,0
0.1,23,"test",291,0.426435470581055,0
0.1,23,"test",292,0.562442779541016,1
0.1,23,"test",293,0.511055290699005,1
0.1,23,"test",294,0.51021683216095,1
0.1,23,"test",295,0.503665387630463,0
0.1,23,"test",296,0.46541041135788,0
0.1,23,"test",297,0.454116970300674,1
0.1,23,"test",298,0.504459261894226,1
0.1,23,"test",299,0.510311245918274,1
0.1,23,"test",300,0.466148346662521,0
0.1,23,"test",301,0.458844989538193,0
0.1,23,"test",302,0.412914276123047,0
0.1,23,"test",303,0.445894658565521,0
0.1,23,"test",304,0.543368458747864,0
0.1,23,"test",305,0.515440165996552,0
0.1,27,"val",1,0.501389503479004,1
0.1,27,"val",2,0.458740711212158,1
0.1,27,"val",3,0.451856702566147,0
0.1,27,"val",4,0.503233909606934,1
0.1,27,"val",5,0.502782702445984,0
0.1,27,"val",6,0.451397567987442,0
0.1,27,"val",7,0.458903223276138,0
0.1,27,"val",8,0.470355540513992,1
0.1,27,"val",9,0.46319904923439,1
0.1,27,"val",10,0.480061531066895,1
0.1,27,"val",11,0.479172676801682,1
0.1,27,"val",12,0.420619636774063,0
0.1,27,"val",13,0.418152630329132,0
0.1,27,"val",14,0.487942636013031,0
0.1,27,"val",15,0.480693310499191,0
0.1,27,"val",16,0.525926411151886,0
0.1,27,"val",17,0.517886817455292,1
0.1,27,"val",18,0.564537167549133,1
0.1,27,"val",19,0.555097162723541,1
0.1,27,"val",20,0.5278040766716,1
0.1,27,"val",21,0.510635554790497,1
0.1,27,"val",22,0.562801957130432,1
0.1,27,"val",23,0.562618434429169,1
0.1,27,"val",24,0.52728009223938,1
0.1,27,"val",25,0.523551762104034,1
0.1,27,"val",26,0.501389503479004,1
0.1,27,"val",27,0.499511241912842,0
0.1,27,"val",28,0.451856702566147,1
0.1,27,"val",29,0.458372235298157,1
0.1,27,"val",30,0.502782702445984,1
0.1,27,"val",31,0.501831412315369,1
0.1,27,"val",32,0.458903223276138,1
0.1,27,"val",33,0.478765308856964,0
0.1,27,"val",34,0.46319904923439,0
0.1,27,"val",35,0.478988289833069,0
0.1,27,"val",36,0.479172676801682,1
0.1,27,"val",37,0.454966276884079,1
0.1,27,"val",38,0.418152630329132,1
0.1,27,"val",39,0.408729434013367,1
0.1,27,"val",40,0.480693310499191,0
0.1,27,"val",41,0.481925219297409,1
0.1,27,"val",42,0.517886817455292,1
0.1,27,"val",43,0.520856559276581,0
0.1,27,"val",44,0.555097162723541,0
0.1,27,"val",45,0.547984480857849,0
0.1,27,"val",46,0.510635554790497,0
0.1,27,"val",47,0.525771379470825,0
0.1,27,"val",48,0.562618434429169,1
0.1,27,"val",49,0.562948346138,1
0.1,27,"val",50,0.523551762104034,1
0.1,27,"val",51,0.526804208755493,0
0.1,27,"val",52,0.499511241912842,0
0.1,27,"val",53,0.499889373779297,1
0.1,27,"val",54,0.458372235298157,1
0.1,27,"val",55,0.440215200185776,1
0.1,27,"val",56,0.501831412315369,1
0.1,27,"val",57,0.500234425067902,1
0.1,27,"val",58,0.478765308856964,1
0.1,27,"val",59,0.478534996509552,0
0.1,27,"val",60,0.478988289833069,0
0.1,27,"val",61,0.479501157999039,0
0.1,27,"val",62,0.454966276884079,0
0.1,27,"val",63,0.474227964878082,0
0.1,27,"val",64,0.408729434013367,0
0.1,27,"val",65,0.441070318222046,0
0.1,27,"val",66,0.481925219297409,0
0.1,27,"val",67,0.481410324573517,1
0.1,27,"val",68,0.520856559276581,1
0.1,27,"val",69,0.528765618801117,1
0.1,27,"val",70,0.547984480857849,1
0.1,27,"val",71,0.536528766155243,1
0.1,27,"val",72,0.525771379470825,1
0.1,27,"val",73,0.527864158153534,1
0.1,27,"val",74,0.562948346138,1
0.1,27,"val",75,0.58565890789032,1
0.1,27,"val",76,0.526804208755493,0
0.1,27,"val",77,0.524900615215302,0
0.1,27,"val",78,0.499889373779297,1
0.1,27,"val",79,0.495675593614578,1
0.1,27,"val",80,0.440215200185776,0
0.1,27,"val",81,0.447448045015335,0
0.1,27,"val",82,0.500234425067902,1
0.1,27,"val",83,0.501129984855652,1
0.1,27,"val",84,0.478534996509552,1
0.1,27,"val",85,0.489044159650803,1
0.1,27,"val",86,0.479501157999039,0
0.1,27,"val",87,0.472277373075485,0
0.1,27,"val",88,0.474227964878082,0
0.1,27,"val",89,0.472832649946213,0
0.1,27,"val",90,0.441070318222046,0
0.1,27,"val",91,0.444113790988922,0
0.1,27,"val",92,0.481410324573517,0
0.1,27,"val",93,0.48668497800827,0
0.1,27,"val",94,0.528765618801117,0
0.1,27,"val",95,0.532397031784058,0
0.1,27,"val",96,0.536528766155243,1
0.1,27,"val",97,0.534285366535187,1
0.1,27,"val",98,0.527864158153534,1
0.1,27,"val",99,0.515464007854462,1
0.1,27,"val",100,0.58565890789032,0
0.1,27,"val",101,0.615202486515045,0
0.1,27,"val",102,0.524900615215302,0
0.1,27,"val",103,0.50245201587677,0
0.1,27,"val",104,0.495675593614578,1
0.1,27,"val",105,0.497037351131439,1
0.1,27,"val",106,0.447448045015335,1
0.1,27,"val",107,0.429256469011307,1
0.1,27,"val",108,0.501129984855652,1
0.1,27,"val",109,0.50091952085495,1
0.1,27,"val",110,0.489044159650803,0
0.1,27,"val",111,0.490493088960648,1
0.1,27,"val",112,0.472277373075485,0
0.1,27,"val",113,0.458728075027466,1
0.1,27,"val",114,0.472832649946213,0
0.1,27,"val",115,0.472309827804565,1
0.1,27,"val",116,0.444113790988922,1
0.1,27,"val",117,0.465624392032623,1
0.1,27,"val",118,0.48668497800827,1
0.1,27,"val",119,0.483263671398163,1
0.1,27,"val",120,0.532397031784058,0
0.1,27,"val",121,0.524836480617523,0
0.1,27,"val",122,0.534285366535187,0
0.1,27,"val",123,0.533294916152954,1
0.1,27,"val",124,0.515464007854462,1
0.1,27,"val",125,0.518165171146393,1
0.1,27,"val",126,0.615202486515045,1
0.1,27,"val",127,0.598916888237,1
0.1,27,"val",128,0.50245189666748,1
0.1,27,"val",129,0.514811217784882,1
0.1,27,"val",130,0.497037351131439,1
0.1,27,"val",131,0.496984988451004,1
0.1,27,"val",132,0.429256469011307,1
0.1,27,"val",133,0.438076883554459,1
0.1,27,"val",134,0.50091952085495,1
0.1,27,"val",135,0.502074360847473,1
0.1,27,"val",136,0.490493088960648,0
0.1,27,"val",137,0.474522978067398,1
0.1,27,"val",138,0.458728075027466,1
0.1,27,"val",139,0.468261122703552,1
0.1,27,"val",140,0.472309827804565,1
0.1,27,"val",141,0.462902247905731,1
0.1,27,"val",142,0.465624392032623,1
0.1,27,"val",143,0.454960823059082,1
0.1,27,"val",144,0.483263671398163,1
0.1,27,"val",145,0.480952531099319,1
0.1,27,"val",146,0.524836480617523,0
0.1,27,"val",147,0.542688429355621,0
0.1,27,"val",148,0.533294916152954,1
0.1,27,"val",149,0.526996910572052,1
0.1,27,"val",150,0.518165171146393,1
0.1,27,"val",151,0.52652633190155,1
0.1,27,"val",152,0.598916888237,1
0.1,27,"val",153,0.604233860969543,1
0.1,27,"val",154,0.514811217784882,0
0.1,27,"val",155,0.524162650108337,0
0.1,27,"val",156,0.496984988451004,0
0.1,27,"val",157,0.494363278150558,0
0.1,27,"val",158,0.438076883554459,0
0.1,27,"val",159,0.430522680282593,1
0.1,27,"val",160,0.502074360847473,1
0.1,27,"val",161,0.501302599906921,1
0.1,27,"val",162,0.474522978067398,1
0.1,27,"val",163,0.471250265836716,1
0.1,27,"val",164,0.468261122703552,1
0.1,27,"val",165,0.453009098768234,1
0.1,27,"val",166,0.462902247905731,1
0.1,27,"val",167,0.477765619754791,1
0.1,27,"val",168,0.454960823059082,0
0.1,27,"val",169,0.428239673376083,0
0.1,27,"val",170,0.480952531099319,0
0.1,27,"val",171,0.479746222496033,1
0.1,27,"val",172,0.542688429355621,1
0.1,27,"val",173,0.543451368808746,1
0.1,27,"val",174,0.526996910572052,1
0.1,27,"val",175,0.543329000473022,1
0.1,27,"val",176,0.52652633190155,1
0.1,27,"val",177,0.524010241031647,1
0.1,27,"val",178,0.604233860969543,1
0.1,27,"val",179,0.588921368122101,1
0.1,27,"val",180,0.524162650108337,1
0.1,27,"val",181,0.514622509479523,0
0.1,27,"val",182,0.494363278150558,0
0.1,27,"val",183,0.499016165733337,0
0.1,27,"val",184,0.430522680282593,0
0.1,27,"val",185,0.443933010101318,0
0.1,27,"val",186,0.501302599906921,0
0.1,27,"val",187,0.500851452350616,0
0.1,27,"val",188,0.471250265836716,0
0.1,27,"val",189,0.474878787994385,0
0.1,27,"val",190,0.453009098768234,0
0.1,27,"val",191,0.450938582420349,1
0.1,27,"val",192,0.477765619754791,1
0.1,27,"val",193,0.477440357208252,0
0.1,27,"val",194,0.428239673376083,0
0.1,27,"val",195,0.448760181665421,0
0.1,27,"val",196,0.479746222496033,0
0.1,27,"val",197,0.489574909210205,0
0.1,27,"val",198,0.543451368808746,0
0.1,27,"val",199,0.533100426197052,1
0.1,27,"val",200,0.543329000473022,1
0.1,27,"val",201,0.515931069850922,1
0.1,27,"val",202,0.524010241031647,0
0.1,27,"val",203,0.543731808662415,0
0.1,27,"val",204,0.588921368122101,0
0.1,27,"val",205,0.570979118347168,1
0.1,27,"val",206,0.514622509479523,1
0.1,27,"val",207,0.512275338172913,0
0.1,27,"val",208,0.499016165733337,0
0.1,27,"val",209,0.501761436462402,0
0.1,27,"val",210,0.443933010101318,1
0.1,27,"val",211,0.443735837936401,1
0.1,27,"val",212,0.500851452350616,1
0.1,27,"val",213,0.501465380191803,1
0.1,27,"val",214,0.474878787994385,1
0.1,27,"val",215,0.484199970960617,0
0.1,27,"val",216,0.450938522815704,0
0.1,27,"val",217,0.451973021030426,0
0.1,27,"val",218,0.477440357208252,0
0.1,27,"val",219,0.454601556062698,0
0.1,27,"val",220,0.448760181665421,1
0.1,27,"val",221,0.445975452661514,1
0.1,27,"val",222,0.489574909210205,1
0.1,27,"val",223,0.485926777124405,1
0.1,27,"val",224,0.533100426197052,1
0.1,27,"val",225,0.530653655529022,1
0.1,27,"val",226,0.515931069850922,1
0.1,27,"val",227,0.504679441452026,1
0.1,27,"val",228,0.543731808662415,1
0.1,27,"val",229,0.513027846813202,1
0.1,27,"val",230,0.570979118347168,1
0.1,27,"val",231,0.571433782577515,0
0.1,27,"val",232,0.512275338172913,0
0.1,27,"val",233,0.524446547031403,0
0.1,27,"val",234,0.501761436462402,0
0.1,27,"val",235,0.504335105419159,0
0.1,27,"val",236,0.443735837936401,0
0.1,27,"val",237,0.465096682310104,0
0.1,27,"val",238,0.501465380191803,1
0.1,27,"val",239,0.500556409358978,1
0.1,27,"val",240,0.484199970960617,1
0.1,27,"val",241,0.483903646469116,1
0.1,27,"val",242,0.451973021030426,0
0.1,27,"val",243,0.439125329256058,0
0.1,27,"val",244,0.454601556062698,0
0.1,27,"val",245,0.472801357507706,0
0.1,27,"val",246,0.445975452661514,0
0.1,27,"val",247,0.455933123826981,0
0.1,27,"val",248,0.485926777124405,0
0.1,27,"val",249,0.480721861124039,0
0.1,27,"val",250,0.530653655529022,1
0.1,27,"val",251,0.518384337425232,0
0.1,27,"val",252,0.504679441452026,0
0.1,27,"val",253,0.508030295372009,0
0.1,27,"val",254,0.513027846813202,0
0.1,27,"val",255,0.503145754337311,0
0.1,27,"val",256,0.57143372297287,0
0.1,27,"val",257,0.563561916351318,0
0.1,27,"val",258,0.524446547031403,0
0.1,27,"val",259,0.515960454940796,1
0.1,27,"val",260,0.504335105419159,1
0.1,27,"val",261,0.501605749130249,1
0.1,27,"val",262,0.465096682310104,1
0.1,27,"val",263,0.455669552087784,1
0.1,27,"val",264,0.500556409358978,1
0.1,27,"val",265,0.500291109085083,1
0.1,27,"val",266,0.483903646469116,1
0.1,27,"val",267,0.482123911380768,0
0.1,27,"val",268,0.439125329256058,0
0.1,27,"val",269,0.463361769914627,1
0.1,27,"val",270,0.472801357507706,1
0.1,27,"val",271,0.481301963329315,1
0.1,27,"val",272,0.455933123826981,1
0.1,27,"val",273,0.450027525424957,1
0.1,27,"val",274,0.480721861124039,1
0.1,27,"val",275,0.476797997951508,0
0.1,27,"val",276,0.518384337425232,1
0.1,27,"val",277,0.520360589027405,1
0.1,27,"val",278,0.508030295372009,1
0.1,27,"val",279,0.539744436740875,1
0.1,27,"val",280,0.503145754337311,1
0.1,27,"val",281,0.509067714214325,1
0.1,27,"val",282,0.563561916351318,1
0.1,27,"val",283,0.561594188213348,0
0.1,27,"val",284,0.515960454940796,0
0.1,27,"val",285,0.486438542604446,0
0.1,27,"val",286,0.501605749130249,1
0.1,27,"val",287,0.49929416179657,1
0.1,27,"val",288,0.455669581890106,1
0.1,27,"val",289,0.459240734577179,0
0.1,27,"val",290,0.500291109085083,0
0.1,27,"val",291,0.500156044960022,0
0.1,27,"val",292,0.482123911380768,1
0.1,27,"val",293,0.485813051462173,1
0.1,27,"val",294,0.463361769914627,1
0.1,27,"val",295,0.470213919878006,1
0.1,27,"val",296,0.481301963329315,0
0.1,27,"val",297,0.469463437795639,0
0.1,27,"val",298,0.450027525424957,0
0.1,27,"val",299,0.437505811452866,1
0.1,27,"val",300,0.476797997951508,1
0.1,27,"val",301,0.48581650853157,0
0.1,27,"val",302,0.520360589027405,0
0.1,27,"val",303,0.525971293449402,1
0.1,27,"val",304,0.539744436740875,1
0.1,27,"test",1,0.529906630516052,0
0.1,27,"test",2,0.509067714214325,0
0.1,27,"test",3,0.531609237194061,1
0.1,27,"test",4,0.561594188213348,1
0.1,27,"test",5,0.571641802787781,1
0.1,27,"test",6,0.486438542604446,1
0.1,27,"test",7,0.523310005664825,1
0.1,27,"test",8,0.49929416179657,1
0.1,27,"test",9,0.491678297519684,0
0.1,27,"test",10,0.459240734577179,0
0.1,27,"test",11,0.463159739971161,0
0.1,27,"test",12,0.500156044960022,1
0.1,27,"test",13,0.501285195350647,1
0.1,27,"test",14,0.485813051462173,0
0.1,27,"test",15,0.479902535676956,0
0.1,27,"test",16,0.470213919878006,0
0.1,27,"test",17,0.465470969676971,0
0.1,27,"test",18,0.469463437795639,0
0.1,27,"test",19,0.464708238840103,1
0.1,27,"test",20,0.437505811452866,1
0.1,27,"test",21,0.447237133979797,1
0.1,27,"test",22,0.48581650853157,1
0.1,27,"test",23,0.486253082752228,1
0.1,27,"test",24,0.525971293449402,1
0.1,27,"test",25,0.524684131145477,0
0.1,27,"test",26,0.529906630516052,0
0.1,27,"test",27,0.540619850158691,1
0.1,27,"test",28,0.531609237194061,0
0.1,27,"test",29,0.519416749477386,1
0.1,27,"test",30,0.571641802787781,0
0.1,27,"test",31,0.560879766941071,0
0.1,27,"test",32,0.523310005664825,0
0.1,27,"test",33,0.519704163074493,0
0.1,27,"test",34,0.491678297519684,1
0.1,27,"test",35,0.500001192092896,1
0.1,27,"test",36,0.463159739971161,1
0.1,27,"test",37,0.465553671121597,1
0.1,27,"test",38,0.501285195350647,1
0.1,27,"test",39,0.50135350227356,1
0.1,27,"test",40,0.479902535676956,1
0.1,27,"test",41,0.478917986154556,1
0.1,27,"test",42,0.465470969676971,0
0.1,27,"test",43,0.467763781547546,1
0.1,27,"test",44,0.464708238840103,1
0.1,27,"test",45,0.457500100135803,1
0.1,27,"test",46,0.447237133979797,0
0.1,27,"test",47,0.450612425804138,0
0.1,27,"test",48,0.486253082752228,0
0.1,27,"test",49,0.480326980352402,0
0.1,27,"test",50,0.524684131145477,0
0.1,27,"test",51,0.516807854175568,0
0.1,27,"test",52,0.540619850158691,1
0.1,27,"test",53,0.518969774246216,1
0.1,27,"test",54,0.519416749477386,1
0.1,27,"test",55,0.513436257839203,0
0.1,27,"test",56,0.560879766941071,0
0.1,27,"test",57,0.58483624458313,0
0.1,27,"test",58,0.519704163074493,0
0.1,27,"test",59,0.524750947952271,0
0.1,27,"test",60,0.500001192092896,0
0.1,27,"test",61,0.492902755737305,0
0.1,27,"test",62,0.465553671121597,0
0.1,27,"test",63,0.456317454576492,0
0.1,27,"test",64,0.50135350227356,1
0.1,27,"test",65,0.501078248023987,1
0.1,27,"test",66,0.478917986154556,0
0.1,27,"test",67,0.48547437787056,0
0.1,27,"test",68,0.467763781547546,0
0.1,27,"test",69,0.472616195678711,0
0.1,27,"test",70,0.457500100135803,0
0.1,27,"test",71,0.457941740751266,1
0.1,27,"test",72,0.450612425804138,1
0.1,27,"test",73,0.459691911935806,0
0.1,27,"test",74,0.480326980352402,0
0.1,27,"test",75,0.47860261797905,1
0.1,27,"test",76,0.516807854175568,1
0.1,27,"test",77,0.524597227573395,0
0.1,27,"test",78,0.518969774246216,0
0.1,27,"test",79,0.510674118995667,0
0.1,27,"test",80,0.513436257839203,0
0.1,27,"test",81,0.525607645511627,0
0.1,27,"test",82,0.58483624458313,1
0.1,27,"test",83,0.554711103439331,1
0.1,27,"test",84,0.524750947952271,1
0.1,27,"test",85,0.5138258934021,1
0.1,27,"test",86,0.492902755737305,1
0.1,27,"test",87,0.497030705213547,0
0.1,27,"test",88,0.456317484378815,1
0.1,27,"test",89,0.438225448131561,0
0.1,27,"test",90,0.501078248023987,0
0.1,27,"test",91,0.500604450702667,1
0.1,27,"test",92,0.48547437787056,0
0.1,27,"test",93,0.483664870262146,1
0.1,27,"test",94,0.472616195678711,0
0.1,27,"test",95,0.469832539558411,0
0.1,27,"test",96,0.457941740751266,0
0.1,27,"test",97,0.467975944280624,1
0.1,27,"test",98,0.459691911935806,1
0.1,27,"test",99,0.464536815881729,1
0.1,27,"test",100,0.47860261797905,1
0.1,27,"test",101,0.478898376226425,1
0.1,27,"test",102,0.524597227573395,1
0.1,27,"test",103,0.523658990859985,0
0.1,27,"test",104,0.510674118995667,0
0.1,27,"test",105,0.53073650598526,0
0.1,27,"test",106,0.525607645511627,0
0.1,27,"test",107,0.511907994747162,0
0.1,27,"test",108,0.554711103439331,1
0.1,27,"test",109,0.560247361660004,1
0.1,27,"test",110,0.5138258934021,1
0.1,27,"test",111,0.525195240974426,1
0.1,27,"test",112,0.497030705213547,1
0.1,27,"test",113,0.491576939821243,1
0.1,27,"test",114,0.438225448131561,1
0.1,27,"test",115,0.458786845207214,1
0.1,27,"test",116,0.500604450702667,1
0.1,27,"test",117,0.50336754322052,1
0.1,27,"test",118,0.483664870262146,1
0.1,27,"test",119,0.485362976789474,0
0.1,27,"test",120,0.469832539558411,1
0.1,27,"test",121,0.460562407970428,1
0.1,27,"test",122,0.467975944280624,1
0.1,27,"test",123,0.467068821191788,1
0.1,27,"test",124,0.464536815881729,0
0.1,27,"test",125,0.444557070732117,0
0.1,27,"test",126,0.478898376226425,0
0.1,27,"test",127,0.48063650727272,1
0.1,27,"test",128,0.523658990859985,1
0.1,27,"test",129,0.527582466602325,0
0.1,27,"test",130,0.53073650598526,1
0.1,27,"test",131,0.537160456180573,0
0.1,27,"test",132,0.511907994747162,1
0.1,27,"test",133,0.523138225078583,0
0.1,27,"test",134,0.560247361660004,0
0.1,27,"test",135,0.55961948633194,1
0.1,27,"test",136,0.525195240974426,1
0.1,27,"test",137,0.523848235607147,1
0.1,27,"test",138,0.491576939821243,1
0.1,27,"test",139,0.492525368928909,1
0.1,27,"test",140,0.458786845207214,1
0.1,27,"test",141,0.433101207017899,0
0.1,27,"test",142,0.50336754322052,0
0.1,27,"test",143,0.502301335334778,0
0.1,27,"test",144,0.485362976789474,0
0.1,27,"test",145,0.475330084562302,1
0.1,27,"test",146,0.460562407970428,0
0.1,27,"test",147,0.45825406908989,0
0.1,27,"test",148,0.467068821191788,0
0.1,27,"test",149,0.473104029893875,0
0.1,27,"test",150,0.444557070732117,1
0.1,27,"test",151,0.447607755661011,1
0.1,27,"test",152,0.48063650727272,1
0.1,27,"test",153,0.4782874584198,1
0.1,27,"test",154,0.527582466602325,1
0.1,27,"test",155,0.519202768802643,0
0.1,27,"test",156,0.537160456180573,0
0.1,27,"test",157,0.523548305034637,0
0.1,27,"test",158,0.523138225078583,1
0.1,27,"test",159,0.516570627689362,0
0.1,27,"test",160,0.55961948633194,0
0.1,27,"test",161,0.56946849822998,0
0.1,27,"test",162,0.523848235607147,0
0.1,27,"test",163,0.523926436901093,1
0.1,27,"test",164,0.492525368928909,0
0.1,27,"test",165,0.496053040027618,1
0.1,27,"test",166,0.433101207017899,1
0.1,27,"test",167,0.429018050432205,0
0.1,27,"test",168,0.502301335334778,1
0.1,27,"test",169,0.501057624816895,1
0.1,27,"test",170,0.475330084562302,1
0.1,27,"test",171,0.459655851125717,0
0.1,27,"test",172,0.45825406908989,0
0.1,27,"test",173,0.447392046451569,1
0.1,27,"test",174,0.473104029893875,1
0.1,27,"test",175,0.469423711299896,0
0.1,27,"test",176,0.447607755661011,0
0.1,27,"test",177,0.459140717983246,0
0.1,27,"test",178,0.4782874584198,0
0.1,27,"test",179,0.478896290063858,0
0.1,27,"test",180,0.519202768802643,1
0.1,27,"test",181,0.523033738136292,1
0.1,27,"test",182,0.523548305034637,0
0.1,27,"test",183,0.517198145389557,0
0.1,27,"test",184,0.516570627689362,0
0.1,27,"test",185,0.505881905555725,0
0.1,27,"test",186,0.56946849822998,0
0.1,27,"test",187,0.54312402009964,0
0.1,27,"test",188,0.523926436901093,0
0.1,27,"test",189,0.524041712284088,0
0.1,27,"test",190,0.496053040027618,0
0.1,27,"test",191,0.516638875007629,0
0.1,27,"test",192,0.42901799082756,0
0.1,27,"test",193,0.444913893938065,1
0.1,27,"test",194,0.501057624816895,1
0.1,27,"test",195,0.501204252243042,1
0.1,27,"test",196,0.459655851125717,1
0.1,27,"test",197,0.481322050094604,1
0.1,27,"test",198,0.447392046451569,1
0.1,27,"test",199,0.442722022533417,1
0.1,27,"test",200,0.469423711299896,0
0.1,27,"test",201,0.468892008066177,1
0.1,27,"test",202,0.459140717983246,1
0.1,27,"test",203,0.451417684555054,1
0.1,27,"test",204,0.478896290063858,1
0.1,27,"test",205,0.4781314432621,1
0.1,27,"test",206,0.523033738136292,0
0.1,27,"test",207,0.507569909095764,0
0.1,27,"test",208,0.517198145389557,0
0.1,27,"test",209,0.51723051071167,0
0.1,27,"test",210,0.505881905555725,0
0.1,27,"test",211,0.507399678230286,1
0.1,27,"test",212,0.54312402009964,0
0.1,27,"test",213,0.554708421230316,0
0.1,27,"test",214,0.524041712284088,1
0.1,27,"test",215,0.516275644302368,1
0.1,27,"test",216,0.516638875007629,1
0.1,27,"test",217,0.499133437871933,1
0.1,27,"test",218,0.444913893938065,1
0.1,27,"test",219,0.440932154655457,1
0.1,27,"test",220,0.501204252243042,1
0.1,27,"test",221,0.50276517868042,1
0.1,27,"test",222,0.481322050094604,1
0.1,27,"test",223,0.478920340538025,1
0.1,27,"test",224,0.442722022533417,1
0.1,27,"test",225,0.440867155790329,0
0.1,27,"test",226,0.468892008066177,0
0.1,27,"test",227,0.458049029111862,0
0.1,27,"test",228,0.451417684555054,1
0.1,27,"test",229,0.445685625076294,0
0.1,27,"test",230,0.4781314432621,0
0.1,27,"test",231,0.478347420692444,0
0.1,27,"test",232,0.507569909095764,1
0.1,27,"test",233,0.536857903003693,1
0.1,27,"test",234,0.51723051071167,0
0.1,27,"test",235,0.535802602767944,1
0.1,27,"test",236,0.507399678230286,1
0.1,27,"test",237,0.513410151004791,1
0.1,27,"test",238,0.554708421230316,0
0.1,27,"test",239,0.569401323795319,0
0.1,27,"test",240,0.516275644302368,0
0.1,27,"test",241,0.52402138710022,0
0.1,27,"test",242,0.499133437871933,1
0.1,27,"test",243,0.50342321395874,1
0.1,27,"test",244,0.440932154655457,1
0.1,27,"test",245,0.447762876749039,1
0.1,27,"test",246,0.50276517868042,1
0.1,27,"test",247,0.499579221010208,1
0.1,27,"test",248,0.478920340538025,0
0.1,27,"test",249,0.477735012769699,0
0.1,27,"test",250,0.440867155790329,0
0.1,27,"test",251,0.415643304586411,0
0.1,27,"test",252,0.458049029111862,1
0.1,27,"test",253,0.449313998222351,1
0.1,27,"test",254,0.445685625076294,0
0.1,27,"test",255,0.436882466077805,0
0.1,27,"test",256,0.478347420692444,1
0.1,27,"test",257,0.476092606782913,1
0.1,27,"test",258,0.536857903003693,1
0.1,27,"test",259,0.516970098018646,0
0.1,27,"test",260,0.535802602767944,1
0.1,27,"test",261,0.5312260389328,0
0.1,27,"test",262,0.513410151004791,0
0.1,27,"test",263,0.523435890674591,0
0.1,27,"test",264,0.569401323795319,1
0.1,27,"test",265,0.570989847183228,1
0.1,27,"test",266,0.52402138710022,1
0.1,27,"test",267,0.525195240974426,1
0.1,27,"test",268,0.50342321395874,1
0.1,27,"test",269,0.500245034694672,0
0.1,27,"test",270,0.447762876749039,0
0.1,27,"test",271,0.448722094297409,0
0.1,27,"test",272,0.499579221010208,1
0.1,27,"test",273,0.500327885150909,0
0.1,27,"test",274,0.477735012769699,1
0.1,27,"test",275,0.485709130764008,1
0.1,27,"test",276,0.415643304586411,1
0.1,27,"test",277,0.436414778232574,0
0.1,27,"test",278,0.449313998222351,1
0.1,27,"test",279,0.484460860490799,0
0.1,27,"test",280,0.436882466077805,0
0.1,27,"test",281,0.432450443506241,0
0.1,27,"test",282,0.476092606782913,1
0.1,27,"test",283,0.491114050149918,1
0.1,27,"test",284,0.516970098018646,1
0.1,27,"test",285,0.525535047054291,1
0.1,27,"test",286,0.5312260389328,0
0.1,27,"test",287,0.584273278713226,0
0.1,27,"test",288,0.523435890674591,0
0.1,27,"test",289,0.511168122291565,0
0.1,27,"test",290,0.570989847183228,0
0.1,27,"test",291,0.550298929214478,0
0.1,27,"test",292,0.525195240974426,1
0.1,27,"test",293,0.522501945495605,1
0.1,27,"test",294,0.500245034694672,1
0.1,27,"test",295,0.495557069778442,0
0.1,27,"test",296,0.448722094297409,0
0.1,27,"test",297,0.444627076387405,1
0.1,27,"test",298,0.500327885150909,1
0.1,27,"test",299,0.499916523694992,1
0.1,27,"test",300,0.485709130764008,0
0.1,27,"test",301,0.485809892416,0
0.1,27,"test",302,0.436414778232574,0
0.1,27,"test",303,0.45962792634964,0
0.1,27,"test",304,0.484460860490799,0
0.1,27,"test",305,0.482687592506409,0
0.1,98,"val",1,0.523672997951508,1
0.1,98,"val",2,0.534288644790649,1
0.1,98,"val",3,0.532439649105072,0
0.1,98,"val",4,0.497489094734192,1
0.1,98,"val",5,0.499844372272491,0
0.1,98,"val",6,0.441358476877213,0
0.1,98,"val",7,0.446465283632278,0
0.1,98,"val",8,0.476412385702133,1
0.1,98,"val",9,0.46679225564003,1
0.1,98,"val",10,0.498034030199051,1
0.1,98,"val",11,0.496012330055237,1
0.1,98,"val",12,0.433096796274185,0
0.1,98,"val",13,0.419641256332397,0
0.1,98,"val",14,0.494733691215515,0
0.1,98,"val",15,0.484179079532623,0
0.1,98,"val",16,0.529117822647095,0
0.1,98,"val",17,0.526356279850006,1
0.1,98,"val",18,0.530240476131439,1
0.1,98,"val",19,0.528114974498749,1
0.1,98,"val",20,0.515296816825867,1
0.1,98,"val",21,0.512258172035217,1
0.1,98,"val",22,0.530843555927277,1
0.1,98,"val",23,0.53024435043335,1
0.1,98,"val",24,0.514554500579834,1
0.1,98,"val",25,0.510129868984222,1
0.1,98,"val",26,0.523672997951508,1
0.1,98,"val",27,0.521598219871521,0
0.1,98,"val",28,0.532439649105072,1
0.1,98,"val",29,0.534451603889465,1
0.1,98,"val",30,0.499844372272491,1
0.1,98,"val",31,0.502335906028748,1
0.1,98,"val",32,0.446465283632278,1
0.1,98,"val",33,0.471816211938858,0
0.1,98,"val",34,0.46679225564003,0
0.1,98,"val",35,0.486392557621002,0
0.1,98,"val",36,0.496012330055237,1
0.1,98,"val",37,0.478305041790009,1
0.1,98,"val",38,0.419641256332397,1
0.1,98,"val",39,0.407556474208832,1
0.1,98,"val",40,0.484179079532623,0
0.1,98,"val",41,0.482833415269852,1
0.1,98,"val",42,0.526356279850006,1
0.1,98,"val",43,0.532152473926544,0
0.1,98,"val",44,0.528114974498749,0
0.1,98,"val",45,0.527928590774536,0
0.1,98,"val",46,0.512258172035217,0
0.1,98,"val",47,0.514787554740906,0
0.1,98,"val",48,0.53024435043335,1
0.1,98,"val",49,0.52983146905899,1
0.1,98,"val",50,0.510129868984222,1
0.1,98,"val",51,0.51014107465744,0
0.1,98,"val",52,0.521598219871521,0
0.1,98,"val",53,0.520815074443817,1
0.1,98,"val",54,0.534451603889465,1
0.1,98,"val",55,0.528502762317657,1
0.1,98,"val",56,0.502335906028748,1
0.1,98,"val",57,0.505638480186462,1
0.1,98,"val",58,0.471816211938858,1
0.1,98,"val",59,0.471643954515457,0
0.1,98,"val",60,0.486392557621002,0
0.1,98,"val",61,0.486924022436142,0
0.1,98,"val",62,0.478305041790009,0
0.1,98,"val",63,0.492575228214264,0
0.1,98,"val",64,0.407556474208832,0
0.1,98,"val",65,0.442872047424316,0
0.1,98,"val",66,0.482833415269852,0
0.1,98,"val",67,0.473003804683685,1
0.1,98,"val",68,0.532152473926544,1
0.1,98,"val",69,0.531292855739594,1
0.1,98,"val",70,0.527928590774536,1
0.1,98,"val",71,0.535999536514282,1
0.1,98,"val",72,0.514787554740906,1
0.1,98,"val",73,0.515482604503632,1
0.1,98,"val",74,0.52983146905899,1
0.1,98,"val",75,0.541893541812897,1
0.1,98,"val",76,0.51014107465744,0
0.1,98,"val",77,0.506079196929932,0
0.1,98,"val",78,0.520815074443817,1
0.1,98,"val",79,0.52086865901947,1
0.1,98,"val",80,0.528502762317657,0
0.1,98,"val",81,0.530655741691589,0
0.1,98,"val",82,0.505638480186462,1
0.1,98,"val",83,0.499560713768005,1
0.1,98,"val",84,0.471643954515457,1
0.1,98,"val",85,0.481291830539703,1
0.1,98,"val",86,0.486924022436142,0
0.1,98,"val",87,0.475522309541702,0
0.1,98,"val",88,0.492575228214264,0
0.1,98,"val",89,0.491443037986755,0
0.1,98,"val",90,0.442872047424316,0
0.1,98,"val",91,0.444583773612976,0
0.1,98,"val",92,0.473003804683685,0
0.1,98,"val",93,0.496191114187241,0
0.1,98,"val",94,0.531292855739594,0
0.1,98,"val",95,0.52902752161026,0
0.1,98,"val",96,0.535999536514282,1
0.1,98,"val",97,0.532136201858521,1
0.1,98,"val",98,0.515482604503632,1
0.1,98,"val",99,0.512571275234222,1
0.1,98,"val",100,0.541893541812897,0
0.1,98,"val",101,0.557883143424988,0
0.1,98,"val",102,0.506079196929932,0
0.1,98,"val",103,0.516811311244965,0
0.1,98,"val",104,0.52086865901947,1
0.1,98,"val",105,0.52118968963623,1
0.1,98,"val",106,0.530655741691589,1
0.1,98,"val",107,0.509700179100037,1
0.1,98,"val",108,0.499560713768005,1
0.1,98,"val",109,0.502722918987274,1
0.1,98,"val",110,0.481291830539703,0
0.1,98,"val",111,0.482081085443497,1
0.1,98,"val",112,0.475522309541702,0
0.1,98,"val",113,0.454007565975189,1
0.1,98,"val",114,0.491443037986755,0
0.1,98,"val",115,0.493366867303848,1
0.1,98,"val",116,0.444583773612976,1
0.1,98,"val",117,0.46929520368576,1
0.1,98,"val",118,0.496191114187241,1
0.1,98,"val",119,0.484415352344513,1
0.1,98,"val",120,0.52902752161026,0
0.1,98,"val",121,0.52656877040863,0
0.1,98,"val",122,0.532136201858521,0
0.1,98,"val",123,0.53003340959549,1
0.1,98,"val",124,0.512571275234222,1
0.1,98,"val",125,0.51340639591217,1
0.1,98,"val",126,0.557883143424988,1
0.1,98,"val",127,0.548047780990601,1
0.1,98,"val",128,0.516811370849609,1
0.1,98,"val",129,0.508379459381104,1
0.1,98,"val",130,0.52118968963623,1
0.1,98,"val",131,0.518814623355865,1
0.1,98,"val",132,0.509700179100037,1
0.1,98,"val",133,0.525627255439758,1
0.1,98,"val",134,0.502722918987274,1
0.1,98,"val",135,0.496745079755783,1
0.1,98,"val",136,0.482081085443497,0
0.1,98,"val",137,0.462638080120087,1
0.1,98,"val",138,0.454007565975189,1
0.1,98,"val",139,0.471837222576141,1
0.1,98,"val",140,0.493366867303848,1
0.1,98,"val",141,0.480111837387085,1
0.1,98,"val",142,0.46929520368576,1
0.1,98,"val",143,0.45730060338974,1
0.1,98,"val",144,0.484415352344513,1
0.1,98,"val",145,0.480970978736877,1
0.1,98,"val",146,0.52656877040863,0
0.1,98,"val",147,0.536231338977814,0
0.1,98,"val",148,0.53003340959549,1
0.1,98,"val",149,0.52897584438324,1
0.1,98,"val",150,0.51340639591217,1
0.1,98,"val",151,0.515067398548126,1
0.1,98,"val",152,0.548047780990601,1
0.1,98,"val",153,0.552709519863129,1
0.1,98,"val",154,0.508379459381104,0
0.1,98,"val",155,0.5108882188797,0
0.1,98,"val",156,0.518814623355865,0
0.1,98,"val",157,0.52169668674469,0
0.1,98,"val",158,0.525627255439758,0
0.1,98,"val",159,0.520674705505371,1
0.1,98,"val",160,0.496745079755783,1
0.1,98,"val",161,0.499486893415451,1
0.1,98,"val",162,0.462638080120087,1
0.1,98,"val",163,0.464984536170959,1
0.1,98,"val",164,0.471837222576141,1
0.1,98,"val",165,0.449474692344666,1
0.1,98,"val",166,0.480111837387085,1
0.1,98,"val",167,0.491079598665237,1
0.1,98,"val",168,0.45730060338974,0
0.1,98,"val",169,0.427993386983871,0
0.1,98,"val",170,0.480970978736877,0
0.1,98,"val",171,0.476562201976776,1
0.1,98,"val",172,0.536231338977814,1
0.1,98,"val",173,0.534891307353973,1
0.1,98,"val",174,0.52897584438324,1
0.1,98,"val",175,0.539640963077545,1
0.1,98,"val",176,0.515067398548126,1
0.1,98,"val",177,0.514206647872925,1
0.1,98,"val",178,0.552709519863129,1
0.1,98,"val",179,0.542173683643341,1
0.1,98,"val",180,0.5108882188797,1
0.1,98,"val",181,0.507342100143433,0
0.1,98,"val",182,0.52169668674469,0
0.1,98,"val",183,0.520823001861572,0
0.1,98,"val",184,0.520674705505371,0
0.1,98,"val",185,0.528293669223785,0
0.1,98,"val",186,0.499486893415451,0
0.1,98,"val",187,0.500525236129761,0
0.1,98,"val",188,0.464984536170959,0
0.1,98,"val",189,0.462270200252533,0
0.1,98,"val",190,0.449474692344666,0
0.1,98,"val",191,0.446119695901871,1
0.1,98,"val",192,0.491079598665237,1
0.1,98,"val",193,0.489617854356766,0
0.1,98,"val",194,0.427993386983871,0
0.1,98,"val",195,0.45229509472847,0
0.1,98,"val",196,0.476562201976776,0
0.1,98,"val",197,0.495244026184082,0
0.1,98,"val",198,0.534891307353973,0
0.1,98,"val",199,0.529985547065735,1
0.1,98,"val",200,0.539640963077545,1
0.1,98,"val",201,0.533529877662659,1
0.1,98,"val",202,0.514206647872925,0
0.1,98,"val",203,0.520563006401062,0
0.1,98,"val",204,0.542173683643341,0
0.1,98,"val",205,0.534422934055328,1
0.1,98,"val",206,0.507342100143433,1
0.1,98,"val",207,0.506790637969971,0
0.1,98,"val",208,0.520823001861572,0
0.1,98,"val",209,0.519008815288544,0
0.1,98,"val",210,0.528293669223785,1
0.1,98,"val",211,0.530132174491882,1
0.1,98,"val",212,0.500525236129761,1
0.1,98,"val",213,0.499627649784088,1
0.1,98,"val",214,0.462270200252533,1
0.1,98,"val",215,0.468589544296265,0
0.1,98,"val",216,0.446119695901871,0
0.1,98,"val",217,0.453258037567139,0
0.1,98,"val",218,0.489617854356766,0
0.1,98,"val",219,0.475440174341202,0
0.1,98,"val",220,0.45229509472847,1
0.1,98,"val",221,0.442121088504791,1
0.1,98,"val",222,0.495244026184082,1
0.1,98,"val",223,0.495676428079605,1
0.1,98,"val",224,0.529985547065735,1
0.1,98,"val",225,0.528682053089142,1
0.1,98,"val",226,0.533529877662659,1
0.1,98,"val",227,0.531545519828796,1
0.1,98,"val",228,0.520563006401062,1
0.1,98,"val",229,0.512251198291779,1
0.1,98,"val",230,0.534422934055328,1
0.1,98,"val",231,0.533905148506165,0
0.1,98,"val",232,0.506790637969971,0
0.1,98,"val",233,0.508318305015564,0
0.1,98,"val",234,0.519008815288544,0
0.1,98,"val",235,0.516561508178711,0
0.1,98,"val",236,0.530132174491882,0
0.1,98,"val",237,0.534044027328491,0
0.1,98,"val",238,0.499627649784088,1
0.1,98,"val",239,0.503397762775421,1
0.1,98,"val",240,0.468589544296265,1
0.1,98,"val",241,0.478125542402267,1
0.1,98,"val",242,0.453258037567139,0
0.1,98,"val",243,0.42313551902771,0
0.1,98,"val",244,0.475440174341202,0
0.1,98,"val",245,0.490369588136673,0
0.1,98,"val",246,0.442121088504791,0
0.1,98,"val",247,0.455983400344849,0
0.1,98,"val",248,0.495676457881927,0
0.1,98,"val",249,0.480601996183395,0
0.1,98,"val",250,0.528682053089142,1
0.1,98,"val",251,0.523916363716125,0
0.1,98,"val",252,0.531545519828796,0
0.1,98,"val",253,0.529096722602844,0
0.1,98,"val",254,0.512251198291779,0
0.1,98,"val",255,0.511122107505798,0
0.1,98,"val",256,0.533905148506165,0
0.1,98,"val",257,0.529259324073792,0
0.1,98,"val",258,0.508318305015564,0
0.1,98,"val",259,0.510243237018585,1
0.1,98,"val",260,0.516561508178711,1
0.1,98,"val",261,0.520020663738251,1
0.1,98,"val",262,0.534044027328491,1
0.1,98,"val",263,0.533490777015686,1
0.1,98,"val",264,0.503397762775421,1
0.1,98,"val",265,0.504506349563599,1
0.1,98,"val",266,0.478125542402267,1
0.1,98,"val",267,0.468463659286499,0
0.1,98,"val",268,0.42313551902771,0
0.1,98,"val",269,0.460291534662247,1
0.1,98,"val",270,0.490369588136673,1
0.1,98,"val",271,0.493570268154144,1
0.1,98,"val",272,0.455983400344849,1
0.1,98,"val",273,0.449425965547562,1
0.1,98,"val",274,0.480601996183395,1
0.1,98,"val",275,0.475996762514114,0
0.1,98,"val",276,0.523916363716125,1
0.1,98,"val",277,0.524855494499207,1
0.1,98,"val",278,0.529096722602844,1
0.1,98,"val",279,0.535625338554382,1
0.1,98,"val",280,0.511122107505798,1
0.1,98,"val",281,0.511578857898712,1
0.1,98,"val",282,0.529259324073792,1
0.1,98,"val",283,0.528502762317657,0
0.1,98,"val",284,0.510243237018585,0
0.1,98,"val",285,0.511658847332001,0
0.1,98,"val",286,0.520020663738251,1
0.1,98,"val",287,0.523090958595276,1
0.1,98,"val",288,0.533490777015686,1
0.1,98,"val",289,0.533911406993866,0
0.1,98,"val",290,0.504506349563599,0
0.1,98,"val",291,0.505465030670166,0
0.1,98,"val",292,0.468463659286499,1
0.1,98,"val",293,0.47864493727684,1
0.1,98,"val",294,0.460291534662247,1
0.1,98,"val",295,0.471680015325546,1
0.1,98,"val",296,0.493570268154144,0
0.1,98,"val",297,0.487568616867065,0
0.1,98,"val",298,0.449425965547562,0
0.1,98,"val",299,0.435203194618225,1
0.1,98,"val",300,0.475996762514114,1
0.1,98,"val",301,0.496424973011017,0
0.1,98,"val",302,0.524855494499207,0
0.1,98,"val",303,0.526196658611298,1
0.1,98,"val",304,0.535625338554382,1
0.1,98,"test",1,0.529212772846222,0
0.1,98,"test",2,0.511578857898712,0
0.1,98,"test",3,0.515935182571411,1
0.1,98,"test",4,0.528502762317657,1
0.1,98,"test",5,0.53392231464386,1
0.1,98,"test",6,0.511658847332001,1
0.1,98,"test",7,0.512900412082672,1
0.1,98,"test",8,0.523090958595276,1
0.1,98,"test",9,0.523276448249817,0
0.1,98,"test",10,0.533911406993866,0
0.1,98,"test",11,0.534139811992645,0
0.1,98,"test",12,0.505465030670166,1
0.1,98,"test",13,0.495485723018646,1
0.1,98,"test",14,0.47864493727684,0
0.1,98,"test",15,0.470802992582321,0
0.1,98,"test",16,0.471680015325546,0
0.1,98,"test",17,0.467351049184799,0
0.1,98,"test",18,0.487568616867065,0
0.1,98,"test",19,0.484766244888306,1
0.1,98,"test",20,0.435203194618225,1
0.1,98,"test",21,0.438467621803284,1
0.1,98,"test",22,0.496424973011017,1
0.1,98,"test",23,0.49876856803894,1
0.1,98,"test",24,0.526196658611298,1
0.1,98,"test",25,0.527815043926239,0
0.1,98,"test",26,0.529212772846222,0
0.1,98,"test",27,0.534255683422089,1
0.1,98,"test",28,0.515935182571411,0
0.1,98,"test",29,0.51343697309494,1
0.1,98,"test",30,0.53392231464386,0
0.1,98,"test",31,0.52952641248703,0
0.1,98,"test",32,0.512900412082672,0
0.1,98,"test",33,0.50652951002121,0
0.1,98,"test",34,0.523276448249817,1
0.1,98,"test",35,0.519079864025116,1
0.1,98,"test",36,0.534139811992645,1
0.1,98,"test",37,0.534032642841339,1
0.1,98,"test",38,0.495485723018646,1
0.1,98,"test",39,0.490927010774612,1
0.1,98,"test",40,0.470802992582321,1
0.1,98,"test",41,0.466620117425919,1
0.1,98,"test",42,0.467351049184799,0
0.1,98,"test",43,0.47302782535553,1
0.1,98,"test",44,0.484766244888306,1
0.1,98,"test",45,0.482896864414215,1
0.1,98,"test",46,0.438467621803284,0
0.1,98,"test",47,0.44333204627037,0
0.1,98,"test",48,0.49876856803894,0
0.1,98,"test",49,0.487603932619095,0
0.1,98,"test",50,0.527815043926239,0
0.1,98,"test",51,0.522223711013794,0
0.1,98,"test",52,0.534255683422089,1
0.1,98,"test",53,0.533387005329132,1
0.1,98,"test",54,0.51343697309494,1
0.1,98,"test",55,0.512949049472809,0
0.1,98,"test",56,0.52952641248703,0
0.1,98,"test",57,0.539885818958282,0
0.1,98,"test",58,0.50652951002121,0
0.1,98,"test",59,0.50355190038681,0
0.1,98,"test",60,0.519079864025116,0
0.1,98,"test",61,0.523321509361267,0
0.1,98,"test",62,0.534032642841339,0
0.1,98,"test",63,0.533848702907562,0
0.1,98,"test",64,0.490927010774612,1
0.1,98,"test",65,0.50157755613327,1
0.1,98,"test",66,0.466620117425919,0
0.1,98,"test",67,0.475115358829498,0
0.1,98,"test",68,0.47302782535553,0
0.1,98,"test",69,0.479130893945694,0
0.1,98,"test",70,0.482896864414215,0
0.1,98,"test",71,0.481098562479019,1
0.1,98,"test",72,0.44333204627037,1
0.1,98,"test",73,0.458681344985962,0
0.1,98,"test",74,0.487603932619095,0
0.1,98,"test",75,0.4741230905056,1
0.1,98,"test",76,0.522223711013794,1
0.1,98,"test",77,0.526381134986877,0
0.1,98,"test",78,0.533387005329132,0
0.1,98,"test",79,0.533146500587463,0
0.1,98,"test",80,0.512949049472809,0
0.1,98,"test",81,0.515506625175476,0
0.1,98,"test",82,0.539885818958282,1
0.1,98,"test",83,0.526640236377716,1
0.1,98,"test",84,0.50355190038681,1
0.1,98,"test",85,0.511531174182892,1
0.1,98,"test",86,0.523321509361267,1
0.1,98,"test",87,0.523719608783722,0
0.1,98,"test",88,0.533848702907562,1
0.1,98,"test",89,0.525057435035706,0
0.1,98,"test",90,0.50157755613327,0
0.1,98,"test",91,0.502874970436096,1
0.1,98,"test",92,0.475115358829498,0
0.1,98,"test",93,0.471707373857498,1
0.1,98,"test",94,0.479130893945694,0
0.1,98,"test",95,0.474327027797699,0
0.1,98,"test",96,0.481098562479019,0
0.1,98,"test",97,0.488903999328613,1
0.1,98,"test",98,0.458681344985962,1
0.1,98,"test",99,0.466318994760513,1
0.1,98,"test",100,0.4741230905056,1
0.1,98,"test",101,0.469612509012222,1
0.1,98,"test",102,0.526381134986877,1
0.1,98,"test",103,0.525652706623077,0
0.1,98,"test",104,0.533146500587463,0
0.1,98,"test",105,0.532269775867462,0
0.1,98,"test",106,0.515506625175476,0
0.1,98,"test",107,0.511970460414886,0
0.1,98,"test",108,0.526640236377716,1
0.1,98,"test",109,0.528648495674133,1
0.1,98,"test",110,0.511531174182892,1
0.1,98,"test",111,0.50837916135788,1
0.1,98,"test",112,0.523719608783722,1
0.1,98,"test",113,0.523186922073364,1
0.1,98,"test",114,0.525057435035706,1
0.1,98,"test",115,0.533886075019836,1
0.1,98,"test",116,0.502874970436096,1
0.1,98,"test",117,0.504851341247559,1
0.1,98,"test",118,0.471707373857498,1
0.1,98,"test",119,0.473924100399017,0
0.1,98,"test",120,0.474327027797699,1
0.1,98,"test",121,0.464871525764465,1
0.1,98,"test",122,0.488903999328613,1
0.1,98,"test",123,0.48829659819603,1
0.1,98,"test",124,0.466318994760513,0
0.1,98,"test",125,0.436728030443192,0
0.1,98,"test",126,0.469612509012222,0
0.1,98,"test",127,0.467851549386978,1
0.1,98,"test",128,0.525652706623077,1
0.1,98,"test",129,0.526624619960785,0
0.1,98,"test",130,0.532269775867462,1
0.1,98,"test",131,0.535081028938293,0
0.1,98,"test",132,0.511970460414886,1
0.1,98,"test",133,0.51407116651535,0
0.1,98,"test",134,0.528648495674133,0
0.1,98,"test",135,0.528237521648407,1
0.1,98,"test",136,0.50837916135788,1
0.1,98,"test",137,0.505784511566162,1
0.1,98,"test",138,0.523186922073364,1
0.1,98,"test",139,0.523269355297089,1
0.1,98,"test",140,0.533886075019836,1
0.1,98,"test",141,0.504404544830322,0
0.1,98,"test",142,0.504851341247559,0
0.1,98,"test",143,0.508586645126343,0
0.1,98,"test",144,0.473924100399017,0
0.1,98,"test",145,0.469720274209976,1
0.1,98,"test",146,0.464871525764465,0
0.1,98,"test",147,0.454605132341385,0
0.1,98,"test",148,0.48829659819603,0
0.1,98,"test",149,0.493337869644165,0
0.1,98,"test",150,0.436728030443192,1
0.1,98,"test",151,0.437961488962173,1
0.1,98,"test",152,0.467851549386978,1
0.1,98,"test",153,0.478049069643021,1
0.1,98,"test",154,0.526624619960785,1
0.1,98,"test",155,0.528427839279175,0
0.1,98,"test",156,0.535081028938293,0
0.1,98,"test",157,0.532904267311096,0
0.1,98,"test",158,0.51407116651535,1
0.1,98,"test",159,0.51337194442749,0
0.1,98,"test",160,0.528237521648407,0
0.1,98,"test",161,0.534627079963684,0
0.1,98,"test",162,0.505784511566162,0
0.1,98,"test",163,0.500015735626221,1
0.1,98,"test",164,0.523269355297089,0
0.1,98,"test",165,0.521996200084686,1
0.1,98,"test",166,0.504404544830322,1
0.1,98,"test",167,0.510317981243134,0
0.1,98,"test",168,0.508586645126343,1
0.1,98,"test",169,0.505205154418945,1
0.1,98,"test",170,0.469720274209976,1
0.1,98,"test",171,0.451348900794983,0
0.1,98,"test",172,0.454605132341385,0
0.1,98,"test",173,0.435104668140411,1
0.1,98,"test",174,0.493337869644165,1
0.1,98,"test",175,0.488107264041901,0
0.1,98,"test",176,0.437961488962173,0
0.1,98,"test",177,0.457677930593491,0
0.1,98,"test",178,0.478049069643021,0
0.1,98,"test",179,0.483829826116562,0
0.1,98,"test",180,0.528427839279175,1
0.1,98,"test",181,0.528333604335785,1
0.1,98,"test",182,0.532904267311096,0
0.1,98,"test",183,0.532481968402863,0
0.1,98,"test",184,0.51337194442749,0
0.1,98,"test",185,0.511173367500305,0
0.1,98,"test",186,0.534627079963684,0
0.1,98,"test",187,0.521822810173035,0
0.1,98,"test",188,0.500015735626221,0
0.1,98,"test",189,0.501915156841278,0
0.1,98,"test",190,0.521996200084686,0
0.1,98,"test",191,0.527565121650696,0
0.1,98,"test",192,0.510317981243134,0
0.1,98,"test",193,0.527064442634583,1
0.1,98,"test",194,0.505205154418945,1
0.1,98,"test",195,0.50751405954361,1
0.1,98,"test",196,0.451348900794983,1
0.1,98,"test",197,0.470029324293137,1
0.1,98,"test",198,0.435104668140411,1
0.1,98,"test",199,0.427338689565659,1
0.1,98,"test",200,0.488107264041901,0
0.1,98,"test",201,0.48955038189888,1
0.1,98,"test",202,0.457677930593491,1
0.1,98,"test",203,0.444619834423065,1
0.1,98,"test",204,0.483829826116562,1
0.1,98,"test",205,0.48056036233902,1
0.1,98,"test",206,0.528333604335785,0
0.1,98,"test",207,0.521639943122864,0
0.1,98,"test",208,0.532481968402863,0
0.1,98,"test",209,0.533259272575378,0
0.1,98,"test",210,0.511173367500305,0
0.1,98,"test",211,0.511321127414703,1
0.1,98,"test",212,0.521822810173035,0
0.1,98,"test",213,0.526654839515686,0
0.1,98,"test",214,0.501915156841278,1
0.1,98,"test",215,0.502164781093597,1
0.1,98,"test",216,0.527565121650696,1
0.1,98,"test",217,0.524014711380005,1
0.1,98,"test",218,0.527064442634583,1
0.1,98,"test",219,0.527785122394562,1
0.1,98,"test",220,0.50751405954361,1
0.1,98,"test",221,0.510070323944092,1
0.1,98,"test",222,0.470029324293137,1
0.1,98,"test",223,0.471508622169495,1
0.1,98,"test",224,0.427338689565659,1
0.1,98,"test",225,0.430039882659912,0
0.1,98,"test",226,0.48955038189888,0
0.1,98,"test",227,0.48114424943924,0
0.1,98,"test",228,0.444619834423065,1
0.1,98,"test",229,0.436017692089081,0
0.1,98,"test",230,0.48056036233902,0
0.1,98,"test",231,0.469787508249283,0
0.1,98,"test",232,0.521639943122864,1
0.1,98,"test",233,0.539217472076416,1
0.1,98,"test",234,0.533259272575378,0
0.1,98,"test",235,0.535962641239166,1
0.1,98,"test",236,0.511321127414703,1
0.1,98,"test",237,0.512269735336304,1
0.1,98,"test",238,0.526654839515686,0
0.1,98,"test",239,0.532797694206238,0
0.1,98,"test",240,0.502164781093597,0
0.1,98,"test",241,0.498873054981232,0
0.1,98,"test",242,0.524014711380005,1
0.1,98,"test",243,0.522802531719208,1
0.1,98,"test",244,0.527785122394562,1
0.1,98,"test",245,0.52980101108551,1
0.1,98,"test",246,0.510070323944092,1
0.1,98,"test",247,0.509245157241821,1
0.1,98,"test",248,0.471508622169495,0
0.1,98,"test",249,0.471670120954514,0
0.1,98,"test",250,0.430039882659912,0
0.1,98,"test",251,0.392381280660629,0
0.1,98,"test",252,0.48114424943924,1
0.1,98,"test",253,0.481909096240997,1
0.1,98,"test",254,0.436017692089081,0
0.1,98,"test",255,0.429981052875519,0
0.1,98,"test",256,0.469787508249283,1
0.1,98,"test",257,0.470809191465378,1
0.1,98,"test",258,0.539217472076416,1
0.1,98,"test",259,0.52440482378006,0
0.1,98,"test",260,0.535962641239166,1
0.1,98,"test",261,0.528781533241272,0
0.1,98,"test",262,0.512269735336304,0
0.1,98,"test",263,0.514313042163849,0
0.1,98,"test",264,0.532797694206238,1
0.1,98,"test",265,0.564883410930634,1
0.1,98,"test",266,0.498873054981232,1
0.1,98,"test",267,0.504596889019012,1
0.1,98,"test",268,0.522802531719208,1
0.1,98,"test",269,0.519663333892822,0
0.1,98,"test",270,0.52980101108551,0
0.1,98,"test",271,0.530862331390381,0
0.1,98,"test",272,0.509245157241821,1
0.1,98,"test",273,0.508634150028229,0
0.1,98,"test",274,0.471670120954514,1
0.1,98,"test",275,0.474480152130127,1
0.1,98,"test",276,0.392381280660629,1
0.1,98,"test",277,0.42003607749939,0
0.1,98,"test",278,0.481909096240997,1
0.1,98,"test",279,0.508919894695282,0
0.1,98,"test",280,0.429981052875519,0
0.1,98,"test",281,0.412800222635269,0
0.1,98,"test",282,0.470809191465378,1
0.1,98,"test",283,0.464784532785416,1
0.1,98,"test",284,0.52440482378006,1
0.1,98,"test",285,0.529815256595612,1
0.1,98,"test",286,0.528781533241272,0
0.1,98,"test",287,0.506938755512238,0
0.1,98,"test",288,0.514313042163849,0
0.1,98,"test",289,0.512008368968964,0
0.1,98,"test",290,0.564883410930634,0
0.1,98,"test",291,0.530905246734619,0
0.1,98,"test",292,0.504596889019012,1
0.1,98,"test",293,0.51529324054718,1
0.1,98,"test",294,0.519663333892822,1
0.1,98,"test",295,0.522538840770721,0
0.1,98,"test",296,0.530862331390381,0
0.1,98,"test",297,0.530052363872528,1
0.1,98,"test",298,0.508634150028229,1
0.1,98,"test",299,0.507598519325256,1
0.1,98,"test",300,0.474480152130127,0
0.1,98,"test",301,0.468794077634811,0
0.1,98,"test",302,0.42003607749939,0
0.1,98,"test",303,0.459737241268158,0
0.1,98,"test",304,0.508919894695282,0
0.1,98,"test",305,0.501062393188477,0
0.1,41,"val",1,0.517350614070892,1
0.1,41,"val",2,0.475306510925293,1
0.1,41,"val",3,0.463571101427078,0
0.1,41,"val",4,0.49933934211731,1
0.1,41,"val",5,0.502535462379456,0
0.1,41,"val",6,0.43558806180954,0
0.1,41,"val",7,0.441838890314102,0
0.1,41,"val",8,0.470605164766312,1
0.1,41,"val",9,0.46192666888237,1
0.1,41,"val",10,0.479282438755035,1
0.1,41,"val",11,0.472842127084732,1
0.1,41,"val",12,0.349905610084534,0
0.1,41,"val",13,0.349533796310425,0
0.1,41,"val",14,0.49045518040657,0
0.1,41,"val",15,0.482300281524658,0
0.1,41,"val",16,0.535419642925262,0
0.1,41,"val",17,0.522569358348846,1
0.1,41,"val",18,0.572608113288879,1
0.1,41,"val",19,0.563020765781403,1
0.1,41,"val",20,0.540975868701935,1
0.1,41,"val",21,0.502141356468201,1
0.1,41,"val",22,0.570404350757599,1
0.1,41,"val",23,0.567924499511719,1
0.1,41,"val",24,0.555108785629272,1
0.1,41,"val",25,0.555839478969574,1
0.1,41,"val",26,0.517350614070892,1
0.1,41,"val",27,0.513825654983521,0
0.1,41,"val",28,0.463571101427078,1
0.1,41,"val",29,0.477118581533432,1
0.1,41,"val",30,0.502535462379456,1
0.1,41,"val",31,0.506207466125488,1
0.1,41,"val",32,0.441838920116425,1
0.1,41,"val",33,0.468623042106628,0
0.1,41,"val",34,0.46192666888237,0
0.1,41,"val",35,0.48071077466011,0
0.1,41,"val",36,0.472842127084732,1
0.1,41,"val",37,0.432224333286285,1
0.1,41,"val",38,0.349533796310425,1
0.1,41,"val",39,0.333785176277161,1
0.1,41,"val",40,0.482300281524658,0
0.1,41,"val",41,0.481902897357941,1
0.1,41,"val",42,0.522569358348846,1
0.1,41,"val",43,0.51934540271759,0
0.1,41,"val",44,0.563020765781403,0
0.1,41,"val",45,0.552040815353394,0
0.1,41,"val",46,0.502141356468201,0
0.1,41,"val",47,0.536697506904602,0
0.1,41,"val",48,0.567924499511719,1
0.1,41,"val",49,0.565606355667114,1
0.1,41,"val",50,0.555839478969574,1
0.1,41,"val",51,0.550866067409515,0
0.1,41,"val",52,0.513825654983521,0
0.1,41,"val",53,0.515496134757996,1
0.1,41,"val",54,0.477118581533432,1
0.1,41,"val",55,0.463079154491425,1
0.1,41,"val",56,0.506207466125488,1
0.1,41,"val",57,0.508621335029602,1
0.1,41,"val",58,0.468623042106628,1
0.1,41,"val",59,0.468472272157669,0
0.1,41,"val",60,0.48071077466011,0
0.1,41,"val",61,0.481230914592743,0
0.1,41,"val",62,0.432224333286285,0
0.1,41,"val",63,0.465117245912552,0
0.1,41,"val",64,0.333785146474838,0
0.1,41,"val",65,0.391571283340454,0
0.1,41,"val",66,0.481902897357941,0
0.1,41,"val",67,0.474876374006271,1
0.1,41,"val",68,0.51934540271759,1
0.1,41,"val",69,0.538098216056824,1
0.1,41,"val",70,0.552040815353394,1
0.1,41,"val",71,0.509677231311798,1
0.1,41,"val",72,0.536697506904602,1
0.1,41,"val",73,0.54035884141922,1
0.1,41,"val",74,0.565606355667114,1
0.1,41,"val",75,0.608778059482574,1
0.1,41,"val",76,0.550866067409515,0
0.1,41,"val",77,0.545389354228973,0
0.1,41,"val",78,0.515496134757996,1
0.1,41,"val",79,0.501580655574799,1
0.1,41,"val",80,0.463079154491425,0
0.1,41,"val",81,0.460973560810089,0
0.1,41,"val",82,0.508621335029602,1
0.1,41,"val",83,0.504037261009216,1
0.1,41,"val",84,0.468472272157669,1
0.1,41,"val",85,0.47687441110611,1
0.1,41,"val",86,0.481230914592743,0
0.1,41,"val",87,0.471128165721893,0
0.1,41,"val",88,0.465117245912552,0
0.1,41,"val",89,0.462319821119308,0
0.1,41,"val",90,0.391571283340454,0
0.1,41,"val",91,0.398680925369263,0
0.1,41,"val",92,0.474876374006271,0
0.1,41,"val",93,0.489803463220596,0
0.1,41,"val",94,0.538098216056824,0
0.1,41,"val",95,0.549379348754883,0
0.1,41,"val",96,0.509677231311798,1
0.1,41,"val",97,0.518103182315826,1
0.1,41,"val",98,0.54035884141922,1
0.1,41,"val",99,0.517155110836029,1
0.1,41,"val",100,0.608778059482574,0
0.1,41,"val",101,0.667941629886627,0
0.1,41,"val",102,0.545389354228973,0
0.1,41,"val",103,0.557994365692139,0
0.1,41,"val",104,0.501580655574799,1
0.1,41,"val",105,0.506215333938599,1
0.1,41,"val",106,0.460973560810089,1
0.1,41,"val",107,0.447079569101334,1
0.1,41,"val",108,0.504037261009216,1
0.1,41,"val",109,0.507019996643066,1
0.1,41,"val",110,0.47687441110611,0
0.1,41,"val",111,0.477478235960007,1
0.1,41,"val",112,0.471128165721893,0
0.1,41,"val",113,0.455778211355209,1
0.1,41,"val",114,0.462319821119308,0
0.1,41,"val",115,0.469409137964249,1
0.1,41,"val",116,0.398680925369263,1
0.1,41,"val",117,0.442608177661896,1
0.1,41,"val",118,0.489803463220596,1
0.1,41,"val",119,0.483393460512161,1
0.1,41,"val",120,0.549379348754883,0
0.1,41,"val",121,0.53694474697113,0
0.1,41,"val",122,0.518103182315826,0
0.1,41,"val",123,0.521929860115051,1
0.1,41,"val",124,0.517155110836029,1
0.1,41,"val",125,0.51889431476593,1
0.1,41,"val",126,0.667941629886627,1
0.1,41,"val",127,0.629641830921173,1
0.1,41,"val",128,0.557994306087494,1
0.1,41,"val",129,0.557079434394836,1
0.1,41,"val",130,0.506215333938599,1
0.1,41,"val",131,0.50661289691925,1
0.1,41,"val",132,0.447079569101334,1
0.1,41,"val",133,0.458335429430008,1
0.1,41,"val",134,0.507019996643066,1
0.1,41,"val",135,0.501692414283752,1
0.1,41,"val",136,0.477478235960007,0
0.1,41,"val",137,0.459425181150436,1
0.1,41,"val",138,0.455778211355209,1
0.1,41,"val",139,0.467408806085587,1
0.1,41,"val",140,0.469409137964249,1
0.1,41,"val",141,0.429884284734726,1
0.1,41,"val",142,0.442608177661896,1
0.1,41,"val",143,0.419456779956818,1
0.1,41,"val",144,0.483393460512161,1
0.1,41,"val",145,0.480459213256836,1
0.1,41,"val",146,0.53694474697113,0
0.1,41,"val",147,0.560536324977875,0
0.1,41,"val",148,0.521929860115051,1
0.1,41,"val",149,0.513225257396698,1
0.1,41,"val",150,0.51889431476593,1
0.1,41,"val",151,0.537768244743347,1
0.1,41,"val",152,0.629641830921173,1
0.1,41,"val",153,0.64931446313858,1
0.1,41,"val",154,0.557079434394836,0
0.1,41,"val",155,0.542548477649689,0
0.1,41,"val",156,0.50661289691925,0
0.1,41,"val",157,0.493979930877686,0
0.1,41,"val",158,0.458335429430008,0
0.1,41,"val",159,0.457675039768219,1
0.1,41,"val",160,0.501692414283752,1
0.1,41,"val",161,0.504395663738251,1
0.1,41,"val",162,0.459425181150436,1
0.1,41,"val",163,0.462237387895584,1
0.1,41,"val",164,0.467408806085587,1
0.1,41,"val",165,0.450554490089417,1
0.1,41,"val",166,0.429884284734726,1
0.1,41,"val",167,0.45476707816124,1
0.1,41,"val",168,0.419456779956818,0
0.1,41,"val",169,0.368323862552643,0
0.1,41,"val",170,0.480459213256836,0
0.1,41,"val",171,0.47726371884346,1
0.1,41,"val",172,0.560536324977875,1
0.1,41,"val",173,0.564283609390259,1
0.1,41,"val",174,0.513225257396698,1
0.1,41,"val",175,0.502555370330811,1
0.1,41,"val",176,0.537768244743347,1
0.1,41,"val",177,0.535051345825195,1
0.1,41,"val",178,0.64931446313858,1
0.1,41,"val",179,0.607249617576599,1
0.1,41,"val",180,0.542548477649689,1
0.1,41,"val",181,0.528916895389557,0
0.1,41,"val",182,0.493979930877686,0
0.1,41,"val",183,0.512777030467987,0
0.1,41,"val",184,0.457675099372864,0
0.1,41,"val",185,0.457898586988449,0
0.1,41,"val",186,0.504395663738251,0
0.1,41,"val",187,0.502618432044983,0
0.1,41,"val",188,0.462237387895584,0
0.1,41,"val",189,0.459046065807343,0
0.1,41,"val",190,0.450554490089417,0
0.1,41,"val",191,0.448526173830032,1
0.1,41,"val",192,0.45476707816124,1
0.1,41,"val",193,0.448721081018448,0
0.1,41,"val",194,0.368323862552643,0
0.1,41,"val",195,0.405110359191895,0
0.1,41,"val",196,0.47726371884346,0
0.1,41,"val",197,0.492110252380371,0
0.1,41,"val",198,0.564283609390259,0
0.1,41,"val",199,0.549461364746094,1
0.1,41,"val",200,0.502555370330811,1
0.1,41,"val",201,0.475961744785309,1
0.1,41,"val",202,0.535051345825195,0
0.1,41,"val",203,0.581579267978668,0
0.1,41,"val",204,0.607249617576599,0
0.1,41,"val",205,0.582459092140198,1
0.1,41,"val",206,0.528916895389557,1
0.1,41,"val",207,0.556444227695465,0
0.1,41,"val",208,0.512777030467987,0
0.1,41,"val",209,0.522325575351715,0
0.1,41,"val",210,0.457898586988449,1
0.1,41,"val",211,0.463986396789551,1
0.1,41,"val",212,0.502618432044983,1
0.1,41,"val",213,0.504627704620361,1
0.1,41,"val",214,0.459046065807343,1
0.1,41,"val",215,0.46535935997963,0
0.1,41,"val",216,0.448526173830032,0
0.1,41,"val",217,0.449550896883011,0
0.1,41,"val",218,0.448721081018448,0
0.1,41,"val",219,0.422237306833267,0
0.1,41,"val",220,0.405110359191895,1
0.1,41,"val",221,0.406403392553329,1
0.1,41,"val",222,0.492110252380371,1
0.1,41,"val",223,0.489295542240143,1
0.1,41,"val",224,0.549461364746094,1
0.1,41,"val",225,0.546177744865417,1
0.1,41,"val",226,0.475961744785309,1
0.1,41,"val",227,0.456872701644897,1
0.1,41,"val",228,0.581579267978668,1
0.1,41,"val",229,0.510648429393768,1
0.1,41,"val",230,0.582459092140198,1
0.1,41,"val",231,0.579683899879456,0
0.1,41,"val",232,0.556444227695465,0
0.1,41,"val",233,0.554182827472687,0
0.1,41,"val",234,0.522325575351715,0
0.1,41,"val",235,0.531437277793884,0
0.1,41,"val",236,0.463986396789551,0
0.1,41,"val",237,0.473339080810547,0
0.1,41,"val",238,0.504627704620361,1
0.1,41,"val",239,0.506657600402832,1
0.1,41,"val",240,0.46535935997963,1
0.1,41,"val",241,0.474412947893143,1
0.1,41,"val",242,0.449550896883011,0
0.1,41,"val",243,0.439020246267319,0
0.1,41,"val",244,0.422237306833267,0
0.1,41,"val",245,0.458369493484497,0
0.1,41,"val",246,0.406403392553329,0
0.1,41,"val",247,0.425300180912018,0
0.1,41,"val",248,0.489295542240143,0
0.1,41,"val",249,0.480163991451263,0
0.1,41,"val",250,0.546177744865417,1
0.1,41,"val",251,0.52722704410553,0
0.1,41,"val",252,0.456872701644897,0
0.1,41,"val",253,0.476566344499588,0
0.1,41,"val",254,0.510648429393768,0
0.1,41,"val",255,0.488496333360672,0
0.1,41,"val",256,0.5796839594841,0
0.1,41,"val",257,0.557204127311707,0
0.1,41,"val",258,0.554182827472687,0
0.1,41,"val",259,0.557715058326721,1
0.1,41,"val",260,0.531437277793884,1
0.1,41,"val",261,0.521219193935394,1
0.1,41,"val",262,0.473339080810547,1
0.1,41,"val",263,0.466433435678482,1
0.1,41,"val",264,0.506657600402832,1
0.1,41,"val",265,0.50646436214447,1
0.1,41,"val",266,0.474412947893143,1
0.1,41,"val",267,0.465122610330582,0
0.1,41,"val",268,0.439020246267319,0
0.1,41,"val",269,0.459521293640137,1
0.1,41,"val",270,0.458369493484497,1
0.1,41,"val",271,0.459942907094955,1
0.1,41,"val",272,0.425300180912018,1
0.1,41,"val",273,0.412291377782822,1
0.1,41,"val",274,0.480163991451263,1
0.1,41,"val",275,0.476902514696121,0
0.1,41,"val",276,0.52722704410553,1
0.1,41,"val",277,0.530014753341675,1
0.1,41,"val",278,0.476566344499588,1
0.1,41,"val",279,0.517237484455109,1
0.1,41,"val",280,0.488496363162994,1
0.1,41,"val",281,0.503863573074341,1
0.1,41,"val",282,0.557204127311707,1
0.1,41,"val",283,0.552275121212006,0
0.1,41,"val",284,0.557715058326721,0
0.1,41,"val",285,0.551849067211151,0
0.1,41,"val",286,0.521219193935394,1
0.1,41,"val",287,0.511934995651245,1
0.1,41,"val",288,0.466433435678482,1
0.1,41,"val",289,0.466312795877457,0
0.1,41,"val",290,0.50646436214447,0
0.1,41,"val",291,0.507686853408813,0
0.1,41,"val",292,0.465122610330582,1
0.1,41,"val",293,0.474678009748459,1
0.1,41,"val",294,0.459521293640137,1
0.1,41,"val",295,0.467193245887756,1
0.1,41,"val",296,0.459942907094955,0
0.1,41,"val",297,0.451321393251419,0
0.1,41,"val",298,0.412291377782822,0
0.1,41,"val",299,0.387256920337677,1
0.1,41,"val",300,0.476902514696121,1
0.1,41,"val",301,0.489590615034103,0
0.1,41,"val",302,0.530014753341675,0
0.1,41,"val",303,0.539868950843811,1
0.1,41,"val",304,0.517237484455109,1
0.1,41,"test",1,0.517911434173584,0
0.1,41,"test",2,0.503863573074341,0
0.1,41,"test",3,0.551154017448425,1
0.1,41,"test",4,0.552275121212006,1
0.1,41,"test",5,0.563509404659271,1
0.1,41,"test",6,0.551849067211151,1
0.1,41,"test",7,0.557201504707336,1
0.1,41,"test",8,0.511934995651245,1
0.1,41,"test",9,0.487690091133118,0
0.1,41,"test",10,0.466312795877457,0
0.1,41,"test",11,0.473273694515228,0
0.1,41,"test",12,0.507686853408813,1
0.1,41,"test",13,0.49923837184906,1
0.1,41,"test",14,0.474678009748459,0
0.1,41,"test",15,0.467455804347992,0
0.1,41,"test",16,0.467193245887756,0
0.1,41,"test",17,0.463967084884644,0
0.1,41,"test",18,0.451321393251419,0
0.1,41,"test",19,0.445790588855743,1
0.1,41,"test",20,0.387256920337677,1
0.1,41,"test",21,0.414340794086456,1
0.1,41,"test",22,0.489590615034103,1
0.1,41,"test",23,0.491493582725525,1
0.1,41,"test",24,0.539868950843811,1
0.1,41,"test",25,0.534770548343658,0
0.1,41,"test",26,0.517911434173584,0
0.1,41,"test",27,0.523346185684204,1
0.1,41,"test",28,0.551154017448425,0
0.1,41,"test",29,0.523230791091919,1
0.1,41,"test",30,0.563509404659271,0
0.1,41,"test",31,0.565582096576691,0
0.1,41,"test",32,0.557201385498047,0
0.1,41,"test",33,0.55568653345108,0
0.1,41,"test",34,0.487690091133118,1
0.1,41,"test",35,0.516826391220093,1
0.1,41,"test",36,0.473273694515228,1
0.1,41,"test",37,0.472621917724609,1
0.1,41,"test",38,0.49923837184906,1
0.1,41,"test",39,0.495877504348755,1
0.1,41,"test",40,0.467455804347992,1
0.1,41,"test",41,0.463337987661362,1
0.1,41,"test",42,0.463967084884644,0
0.1,41,"test",43,0.467423588037491,1
0.1,41,"test",44,0.445790588855743,1
0.1,41,"test",45,0.445422291755676,1
0.1,41,"test",46,0.414340794086456,0
0.1,41,"test",47,0.424433380365372,0
0.1,41,"test",48,0.491493582725525,0
0.1,41,"test",49,0.484746813774109,0
0.1,41,"test",50,0.534770548343658,0
0.1,41,"test",51,0.526284694671631,0
0.1,41,"test",52,0.523346185684204,1
0.1,41,"test",53,0.483841896057129,1
0.1,41,"test",54,0.523230791091919,1
0.1,41,"test",55,0.50637286901474,0
0.1,41,"test",56,0.565582096576691,0
0.1,41,"test",57,0.598552405834198,0
0.1,41,"test",58,0.55568653345108,0
0.1,41,"test",59,0.549605846405029,0
0.1,41,"test",60,0.516826391220093,0
0.1,41,"test",61,0.491738051176071,0
0.1,41,"test",62,0.472621917724609,0
0.1,41,"test",63,0.470359772443771,0
0.1,41,"test",64,0.495877504348755,1
0.1,41,"test",65,0.506122469902039,1
0.1,41,"test",66,0.463337987661362,0
0.1,41,"test",67,0.471305042505264,0
0.1,41,"test",68,0.467423588037491,0
0.1,41,"test",69,0.473326086997986,0
0.1,41,"test",70,0.445422291755676,0
0.1,41,"test",71,0.439121901988983,1
0.1,41,"test",72,0.424433380365372,1
0.1,41,"test",73,0.439515888690948,0
0.1,41,"test",74,0.484746813774109,0
0.1,41,"test",75,0.475378662347794,1
0.1,41,"test",76,0.526284694671631,1
0.1,41,"test",77,0.536712527275085,0
0.1,41,"test",78,0.483841896057129,0
0.1,41,"test",79,0.462464869022369,0
0.1,41,"test",80,0.50637286901474,0
0.1,41,"test",81,0.533129811286926,0
0.1,41,"test",82,0.598552405834198,1
0.1,41,"test",83,0.555745303630829,1
0.1,41,"test",84,0.549605846405029,1
0.1,41,"test",85,0.558173656463623,1
0.1,41,"test",86,0.491738051176071,1
0.1,41,"test",87,0.503963828086853,0
0.1,41,"test",88,0.470359832048416,1
0.1,41,"test",89,0.457039356231689,0
0.1,41,"test",90,0.506122469902039,0
0.1,41,"test",91,0.506006479263306,1
0.1,41,"test",92,0.471305042505264,0
0.1,41,"test",93,0.468153566122055,1
0.1,41,"test",94,0.473326086997986,0
0.1,41,"test",95,0.469418346881866,0
0.1,41,"test",96,0.439121901988983,0
0.1,41,"test",97,0.457558691501617,1
0.1,41,"test",98,0.439515888690948,1
0.1,41,"test",99,0.447322010993958,1
0.1,41,"test",100,0.475378662347794,1
0.1,41,"test",101,0.471867859363556,1
0.1,41,"test",102,0.536712527275085,1
0.1,41,"test",103,0.535785257816315,0
0.1,41,"test",104,0.462464869022369,0
0.1,41,"test",105,0.511182129383087,0
0.1,41,"test",106,0.533129811286926,0
0.1,41,"test",107,0.51036411523819,0
0.1,41,"test",108,0.555745303630829,1
0.1,41,"test",109,0.561713397502899,1
0.1,41,"test",110,0.558173656463623,1
0.1,41,"test",111,0.553368747234344,1
0.1,41,"test",112,0.503963828086853,1
0.1,41,"test",113,0.487336933612823,1
0.1,41,"test",114,0.457039356231689,1
0.1,41,"test",115,0.466750413179398,1
0.1,41,"test",116,0.506006479263306,1
0.1,41,"test",117,0.504050731658936,1
0.1,41,"test",118,0.468153566122055,1
0.1,41,"test",119,0.470193028450012,0
0.1,41,"test",120,0.469418346881866,1
0.1,41,"test",121,0.459164768457413,1
0.1,41,"test",122,0.457558691501617,1
0.1,41,"test",123,0.456196486949921,1
0.1,41,"test",124,0.447322010993958,0
0.1,41,"test",125,0.40642061829567,0
0.1,41,"test",126,0.471867859363556,0
0.1,41,"test",127,0.470293581485748,1
0.1,41,"test",128,0.535785257816315,1
0.1,41,"test",129,0.542652130126953,0
0.1,41,"test",130,0.511182129383087,1
0.1,41,"test",131,0.514292597770691,0
0.1,41,"test",132,0.51036411523819,1
0.1,41,"test",133,0.532341241836548,0
0.1,41,"test",134,0.561713397502899,0
0.1,41,"test",135,0.560030460357666,1
0.1,41,"test",136,0.553368747234344,1
0.1,41,"test",137,0.553129076957703,1
0.1,41,"test",138,0.487336933612823,1
0.1,41,"test",139,0.490399718284607,1
0.1,41,"test",140,0.466750413179398,1
0.1,41,"test",141,0.44112366437912,0
0.1,41,"test",142,0.504050731658936,0
0.1,41,"test",143,0.50816822052002,0
0.1,41,"test",144,0.470193028450012,0
0.1,41,"test",145,0.466871440410614,1
0.1,41,"test",146,0.459164768457413,0
0.1,41,"test",147,0.45565128326416,0
0.1,41,"test",148,0.456196486949921,0
0.1,41,"test",149,0.468743413686752,0
0.1,41,"test",150,0.40642061829567,1
0.1,41,"test",151,0.417309641838074,1
0.1,41,"test",152,0.470293581485748,1
0.1,41,"test",153,0.478168159723282,1
0.1,41,"test",154,0.542652130126953,1
0.1,41,"test",155,0.522063970565796,0
0.1,41,"test",156,0.514292597770691,0
0.1,41,"test",157,0.495313286781311,0
0.1,41,"test",158,0.532341241836548,1
0.1,41,"test",159,0.513815701007843,0
0.1,41,"test",160,0.560030460357666,0
0.1,41,"test",161,0.557363212108612,0
0.1,41,"test",162,0.553129076957703,0
0.1,41,"test",163,0.548139214515686,1
0.1,41,"test",164,0.490399718284607,0
0.1,41,"test",165,0.502649068832397,1
0.1,41,"test",166,0.44112366437912,1
0.1,41,"test",167,0.447737336158752,0
0.1,41,"test",168,0.50816822052002,1
0.1,41,"test",169,0.508912146091461,1
0.1,41,"test",170,0.466871440410614,1
0.1,41,"test",171,0.447661608457565,0
0.1,41,"test",172,0.45565128326416,0
0.1,41,"test",173,0.445174872875214,1
0.1,41,"test",174,0.468743413686752,1
0.1,41,"test",175,0.453388422727585,0
0.1,41,"test",176,0.417309641838074,0
0.1,41,"test",177,0.439299404621124,0
0.1,41,"test",178,0.478168159723282,0
0.1,41,"test",179,0.482271701097488,0
0.1,41,"test",180,0.522063970565796,1
0.1,41,"test",181,0.530446946620941,1
0.1,41,"test",182,0.495313286781311,0
0.1,41,"test",183,0.483742386102676,0
0.1,41,"test",184,0.513815760612488,0
0.1,41,"test",185,0.49714469909668,0
0.1,41,"test",186,0.557363212108612,0
0.1,41,"test",187,0.539957165718079,0
0.1,41,"test",188,0.548139214515686,0
0.1,41,"test",189,0.543625891208649,0
0.1,41,"test",190,0.502649068832397,0
0.1,41,"test",191,0.550231575965881,0
0.1,41,"test",192,0.447737365961075,0
0.1,41,"test",193,0.454287111759186,1
0.1,41,"test",194,0.508912146091461,1
0.1,41,"test",195,0.509918391704559,1
0.1,41,"test",196,0.447661608457565,1
0.1,41,"test",197,0.466605246067047,1
0.1,41,"test",198,0.445174872875214,1
0.1,41,"test",199,0.441555440425873,1
0.1,41,"test",200,0.453388422727585,0
0.1,41,"test",201,0.459050923585892,1
0.1,41,"test",202,0.439299404621124,1
0.1,41,"test",203,0.42540442943573,1
0.1,41,"test",204,0.482271701097488,1
0.1,41,"test",205,0.47998920083046,1
0.1,41,"test",206,0.530446946620941,0
0.1,41,"test",207,0.508158028125763,0
0.1,41,"test",208,0.483742386102676,0
0.1,41,"test",209,0.480492442846298,0
0.1,41,"test",210,0.49714469909668,0
0.1,41,"test",211,0.501139581203461,1
0.1,41,"test",212,0.539957165718079,0
0.1,41,"test",213,0.555813848972321,0
0.1,41,"test",214,0.543625891208649,1
0.1,41,"test",215,0.55417674779892,1
0.1,41,"test",216,0.550231575965881,1
0.1,41,"test",217,0.509378850460052,1
0.1,41,"test",218,0.454287111759186,1
0.1,41,"test",219,0.460071444511414,1
0.1,41,"test",220,0.509918391704559,1
0.1,41,"test",221,0.507588803768158,1
0.1,41,"test",222,0.466605246067047,1
0.1,41,"test",223,0.468282103538513,1
0.1,41,"test",224,0.441555470228195,1
0.1,41,"test",225,0.439787417650223,0
0.1,41,"test",226,0.459050923585892,0
0.1,41,"test",227,0.439183712005615,0
0.1,41,"test",228,0.42540442943573,1
0.1,41,"test",229,0.410947889089584,0
0.1,41,"test",230,0.47998920083046,0
0.1,41,"test",231,0.472030222415924,0
0.1,41,"test",232,0.508158028125763,1
0.1,41,"test",233,0.542930424213409,1
0.1,41,"test",234,0.480492442846298,0
0.1,41,"test",235,0.508390367031097,1
0.1,41,"test",236,0.501139581203461,1
0.1,41,"test",237,0.517010629177094,1
0.1,41,"test",238,0.555813848972321,0
0.1,41,"test",239,0.560213387012482,0
0.1,41,"test",240,0.55417674779892,0
0.1,41,"test",241,0.543981552124023,0
0.1,41,"test",242,0.509378850460052,1
0.1,41,"test",243,0.524219751358032,1
0.1,41,"test",244,0.460071444511414,1
0.1,41,"test",245,0.45773983001709,1
0.1,41,"test",246,0.507588803768158,1
0.1,41,"test",247,0.511360108852386,1
0.1,41,"test",248,0.468282103538513,0
0.1,41,"test",249,0.468611210584641,0
0.1,41,"test",250,0.439787417650223,0
0.1,41,"test",251,0.426719009876251,0
0.1,41,"test",252,0.439183712005615,1
0.1,41,"test",253,0.446952819824219,1
0.1,41,"test",254,0.410947889089584,0
0.1,41,"test",255,0.388505876064301,0
0.1,41,"test",256,0.472030222415924,1
0.1,41,"test",257,0.473121374845505,1
0.1,41,"test",258,0.542930424213409,1
0.1,41,"test",259,0.523583948612213,0
0.1,41,"test",260,0.508390367031097,1
0.1,41,"test",261,0.521351099014282,0
0.1,41,"test",262,0.517010629177094,0
0.1,41,"test",263,0.537261784076691,0
0.1,41,"test",264,0.560213387012482,1
0.1,41,"test",265,0.57139664888382,1
0.1,41,"test",266,0.543981552124023,1
0.1,41,"test",267,0.548090159893036,1
0.1,41,"test",268,0.524219751358032,1
0.1,41,"test",269,0.517280280590057,0
0.1,41,"test",270,0.45773983001709,0
0.1,41,"test",271,0.460139334201813,0
0.1,41,"test",272,0.511360108852386,1
0.1,41,"test",273,0.511440336704254,0
0.1,41,"test",274,0.468611210584641,1
0.1,41,"test",275,0.470701217651367,1
0.1,41,"test",276,0.426719009876251,1
0.1,41,"test",277,0.437106400728226,0
0.1,41,"test",278,0.446952819824219,1
0.1,41,"test",279,0.50898277759552,0
0.1,41,"test",280,0.388505876064301,0
0.1,41,"test",281,0.382833033800125,0
0.1,41,"test",282,0.473121374845505,1
0.1,41,"test",283,0.464468896389008,1
0.1,41,"test",284,0.523583948612213,1
0.1,41,"test",285,0.53347635269165,1
0.1,41,"test",286,0.521351099014282,0
0.1,41,"test",287,0.638845264911652,0
0.1,41,"test",288,0.537261784076691,0
0.1,41,"test",289,0.506251275539398,0
0.1,41,"test",290,0.57139664888382,0
0.1,41,"test",291,0.527787983417511,0
0.1,41,"test",292,0.548090159893036,1
0.1,41,"test",293,0.538976669311523,1
0.1,41,"test",294,0.517280280590057,1
0.1,41,"test",295,0.500807404518127,0
0.1,41,"test",296,0.460139334201813,0
0.1,41,"test",297,0.4624342918396,1
0.1,41,"test",298,0.511440336704254,1
0.1,41,"test",299,0.510225832462311,1
0.1,41,"test",300,0.470701217651367,0
0.1,41,"test",301,0.465711832046509,0
0.1,41,"test",302,0.437106400728226,0
0.1,41,"test",303,0.457529962062836,0
0.1,41,"test",304,0.50898277759552,0
0.1,41,"test",305,0.487450242042542,0
0.1,64,"val",1,0.507564544677734,1
0.1,64,"val",2,0.447651714086533,1
0.1,64,"val",3,0.455353915691376,0
0.1,64,"val",4,0.491651296615601,1
0.1,64,"val",5,0.500746726989746,0
0.1,64,"val",6,0.454070150852203,0
0.1,64,"val",7,0.452761888504028,0
0.1,64,"val",8,0.447250217199326,1
0.1,64,"val",9,0.434016406536102,1
0.1,64,"val",10,0.507844209671021,1
0.1,64,"val",11,0.496920704841614,1
0.1,64,"val",12,0.218044251203537,0
0.1,64,"val",13,0.233075708150864,0
0.1,64,"val",14,0.493292063474655,0
0.1,64,"val",15,0.436404794454575,0
0.1,64,"val",16,0.560154497623444,0
0.1,64,"val",17,0.515846908092499,1
0.1,64,"val",18,0.56890881061554,1
0.1,64,"val",19,0.566688537597656,1
0.1,64,"val",20,0.586374163627625,1
0.1,64,"val",21,0.477581322193146,1
0.1,64,"val",22,0.663162112236023,1
0.1,64,"val",23,0.643190085887909,1
0.1,64,"val",24,0.601279616355896,1
0.1,64,"val",25,0.632277548313141,1
0.1,64,"val",26,0.507564544677734,1
0.1,64,"val",27,0.490353465080261,0
0.1,64,"val",28,0.455353915691376,1
0.1,64,"val",29,0.435683131217957,1
0.1,64,"val",30,0.500746726989746,1
0.1,64,"val",31,0.516716957092285,1
0.1,64,"val",32,0.452761888504028,1
0.1,64,"val",33,0.462135642766953,0
0.1,64,"val",34,0.434016406536102,0
0.1,64,"val",35,0.480614513158798,0
0.1,64,"val",36,0.496920704841614,1
0.1,64,"val",37,0.435493767261505,1
0.1,64,"val",38,0.233075708150864,1
0.1,64,"val",39,0.212687641382217,1
0.1,64,"val",40,0.436404794454575,0
0.1,64,"val",41,0.435436099767685,1
0.1,64,"val",42,0.515846908092499,1
0.1,64,"val",43,0.489457547664642,0
0.1,64,"val",44,0.566688537597656,0
0.1,64,"val",45,0.56141471862793,0
0.1,64,"val",46,0.477581322193146,0
0.1,64,"val",47,0.574728786945343,0
0.1,64,"val",48,0.643190085887909,1
0.1,64,"val",49,0.618172228336334,1
0.1,64,"val",50,0.632277548313141,1
0.1,64,"val",51,0.590596735477448,0
0.1,64,"val",52,0.490353465080261,0
0.1,64,"val",53,0.491233050823212,1
0.1,64,"val",54,0.435683131217957,1
0.1,64,"val",55,0.421962648630142,1
0.1,64,"val",56,0.516716957092285,1
0.1,64,"val",57,0.536168098449707,1
0.1,64,"val",58,0.462135642766953,1
0.1,64,"val",59,0.462278336286545,0
0.1,64,"val",60,0.480614513158798,0
0.1,64,"val",61,0.483902812004089,0
0.1,64,"val",62,0.435493767261505,0
0.1,64,"val",63,0.490037888288498,0
0.1,64,"val",64,0.212687656283379,0
0.1,64,"val",65,0.304076880216599,0
0.1,64,"val",66,0.435436099767685,0
0.1,64,"val",67,0.368711084127426,1
0.1,64,"val",68,0.489457547664642,1
0.1,64,"val",69,0.565111875534058,1
0.1,64,"val",70,0.56141471862793,1
0.1,64,"val",71,0.554921567440033,1
0.1,64,"val",72,0.574728786945343,1
0.1,64,"val",73,0.583829343318939,1
0.1,64,"val",74,0.618172228336334,1
0.1,64,"val",75,0.765967786312103,1
0.1,64,"val",76,0.590596735477448,0
0.1,64,"val",77,0.580770552158356,0
0.1,64,"val",78,0.491233050823212,1
0.1,64,"val",79,0.466444134712219,1
0.1,64,"val",80,0.421962648630142,0
0.1,64,"val",81,0.44927766919136,0
0.1,64,"val",82,0.536168098449707,1
0.1,64,"val",83,0.534670293331146,1
0.1,64,"val",84,0.462278336286545,1
0.1,64,"val",85,0.458182513713837,1
0.1,64,"val",86,0.483902812004089,0
0.1,64,"val",87,0.505999505519867,0
0.1,64,"val",88,0.490037888288498,0
0.1,64,"val",89,0.486349493265152,0
0.1,64,"val",90,0.304076880216599,0
0.1,64,"val",91,0.319885641336441,0
0.1,64,"val",92,0.368711084127426,0
0.1,64,"val",93,0.479537814855576,0
0.1,64,"val",94,0.565111875534058,0
0.1,64,"val",95,0.614401400089264,0
0.1,64,"val",96,0.554921567440033,1
0.1,64,"val",97,0.546898126602173,1
0.1,64,"val",98,0.583829343318939,1
0.1,64,"val",99,0.522943198680878,1
0.1,64,"val",100,0.765967786312103,0
0.1,64,"val",101,0.872617244720459,0
0.1,64,"val",102,0.580770552158356,0
0.1,64,"val",103,0.679200768470764,0
0.1,64,"val",104,0.466444134712219,1
0.1,64,"val",105,0.475356817245483,1
0.1,64,"val",106,0.44927766919136,1
0.1,64,"val",107,0.417341619729996,1
0.1,64,"val",108,0.534670293331146,1
0.1,64,"val",109,0.533358037471771,1
0.1,64,"val",110,0.458182513713837,0
0.1,64,"val",111,0.456176370382309,1
0.1,64,"val",112,0.505999505519867,0
0.1,64,"val",113,0.504103302955627,1
0.1,64,"val",114,0.486349493265152,0
0.1,64,"val",115,0.502793312072754,1
0.1,64,"val",116,0.319885641336441,1
0.1,64,"val",117,0.394939482212067,1
0.1,64,"val",118,0.479537814855576,1
0.1,64,"val",119,0.447067826986313,1
0.1,64,"val",120,0.614401400089264,0
0.1,64,"val",121,0.574076354503632,0
0.1,64,"val",122,0.546898126602173,0
0.1,64,"val",123,0.545156955718994,1
0.1,64,"val",124,0.522943198680878,1
0.1,64,"val",125,0.523964464664459,1
0.1,64,"val",126,0.872617244720459,1
0.1,64,"val",127,0.794953465461731,1
0.1,64,"val",128,0.679200768470764,1
0.1,64,"val",129,0.668432950973511,1
0.1,64,"val",130,0.475356817245483,1
0.1,64,"val",131,0.472988098859787,1
0.1,64,"val",132,0.417341619729996,1
0.1,64,"val",133,0.42953222990036,1
0.1,64,"val",134,0.533358037471771,1
0.1,64,"val",135,0.519323706626892,1
0.1,64,"val",136,0.456176370382309,0
0.1,64,"val",137,0.453176558017731,1
0.1,64,"val",138,0.504103302955627,1
0.1,64,"val",139,0.465054512023926,1
0.1,64,"val",140,0.502793312072754,1
0.1,64,"val",141,0.422671496868134,1
0.1,64,"val",142,0.394939482212067,1
0.1,64,"val",143,0.353605329990387,1
0.1,64,"val",144,0.447067826986313,1
0.1,64,"val",145,0.424216955900192,1
0.1,64,"val",146,0.574076354503632,0
0.1,64,"val",147,0.638766169548035,0
0.1,64,"val",148,0.545156955718994,1
0.1,64,"val",149,0.537911474704742,1
0.1,64,"val",150,0.523964464664459,1
0.1,64,"val",151,0.577062845230103,1
0.1,64,"val",152,0.794953465461731,1
0.1,64,"val",153,0.859128475189209,1
0.1,64,"val",154,0.668432950973511,0
0.1,64,"val",155,0.536836981773376,0
0.1,64,"val",156,0.472988098859787,0
0.1,64,"val",157,0.49706757068634,0
0.1,64,"val",158,0.42953222990036,0
0.1,64,"val",159,0.403529196977615,1
0.1,64,"val",160,0.519323647022247,1
0.1,64,"val",161,0.532561659812927,1
0.1,64,"val",162,0.453176558017731,1
0.1,64,"val",163,0.463743150234222,1
0.1,64,"val",164,0.465054512023926,1
0.1,64,"val",165,0.442842811346054,1
0.1,64,"val",166,0.422671496868134,1
0.1,64,"val",167,0.461764395236969,1
0.1,64,"val",168,0.353605329990387,0
0.1,64,"val",169,0.268079400062561,0
0.1,64,"val",170,0.424216955900192,0
0.1,64,"val",171,0.397585600614548,1
0.1,64,"val",172,0.638766169548035,1
0.1,64,"val",173,0.654081761837006,1
0.1,64,"val",174,0.537911474704742,1
0.1,64,"val",175,0.574581980705261,1
0.1,64,"val",176,0.577062845230103,1
0.1,64,"val",177,0.572592258453369,1
0.1,64,"val",178,0.859128475189209,1
0.1,64,"val",179,0.725509583950043,1
0.1,64,"val",180,0.536836981773376,1
0.1,64,"val",181,0.511496841907501,0
0.1,64,"val",182,0.49706757068634,0
0.1,64,"val",183,0.4863021671772,0
0.1,64,"val",184,0.403529226779938,0
0.1,64,"val",185,0.445997476577759,0
0.1,64,"val",186,0.532561659812927,0
0.1,64,"val",187,0.5323086977005,0
0.1,64,"val",188,0.463743150234222,0
0.1,64,"val",189,0.451795339584351,0
0.1,64,"val",190,0.442842811346054,0
0.1,64,"val",191,0.44118344783783,1
0.1,64,"val",192,0.461764395236969,1
0.1,64,"val",193,0.449391782283783,0
0.1,64,"val",194,0.268079400062561,0
0.1,64,"val",195,0.324909090995789,0
0.1,64,"val",196,0.397585600614548,0
0.1,64,"val",197,0.508130550384521,0
0.1,64,"val",198,0.654081761837006,0
0.1,64,"val",199,0.612169802188873,1
0.1,64,"val",200,0.574581980705261,1
0.1,64,"val",201,0.54246586561203,1
0.1,64,"val",202,0.572592258453369,0
0.1,64,"val",203,0.695169150829315,0
0.1,64,"val",204,0.725509583950043,0
0.1,64,"val",205,0.692888975143433,1
0.1,64,"val",206,0.511496841907501,1
0.1,64,"val",207,0.676935136318207,0
0.1,64,"val",208,0.4863021671772,0
0.1,64,"val",209,0.500626802444458,0
0.1,64,"val",210,0.445997476577759,1
0.1,64,"val",211,0.431418001651764,1
0.1,64,"val",212,0.5323086977005,1
0.1,64,"val",213,0.529558897018433,1
0.1,64,"val",214,0.451795339584351,1
0.1,64,"val",215,0.443280100822449,0
0.1,64,"val",216,0.44118344783783,0
0.1,64,"val",217,0.394737094640732,0
0.1,64,"val",218,0.449391782283783,0
0.1,64,"val",219,0.409290701150894,0
0.1,64,"val",220,0.324909090995789,1
0.1,64,"val",221,0.349879652261734,1
0.1,64,"val",222,0.508130550384521,1
0.1,64,"val",223,0.474495500326157,1
0.1,64,"val",224,0.612169802188873,1
0.1,64,"val",225,0.603392243385315,1
0.1,64,"val",226,0.54246586561203,1
0.1,64,"val",227,0.538222551345825,1
0.1,64,"val",228,0.695169150829315,1
0.1,64,"val",229,0.503657162189484,1
0.1,64,"val",230,0.692888975143433,1
0.1,64,"val",231,0.665051162242889,0
0.1,64,"val",232,0.676935136318207,0
0.1,64,"val",233,0.626945197582245,0
0.1,64,"val",234,0.500626802444458,0
0.1,64,"val",235,0.515434920787811,0
0.1,64,"val",236,0.431418001651764,0
0.1,64,"val",237,0.474590510129929,0
0.1,64,"val",238,0.529558897018433,1
0.1,64,"val",239,0.536261081695557,1
0.1,64,"val",240,0.443280100822449,1
0.1,64,"val",241,0.463855117559433,1
0.1,64,"val",242,0.394737094640732,0
0.1,64,"val",243,0.4516641497612,0
0.1,64,"val",244,0.409290701150894,0
0.1,64,"val",245,0.477601557970047,0
0.1,64,"val",246,0.349879652261734,0
0.1,64,"val",247,0.372604072093964,0
0.1,64,"val",248,0.474495500326157,0
0.1,64,"val",249,0.421906799077988,0
0.1,64,"val",250,0.603392243385315,1
0.1,64,"val",251,0.544190227985382,0
0.1,64,"val",252,0.538222551345825,0
0.1,64,"val",253,0.518674850463867,0
0.1,64,"val",254,0.503657162189484,0
0.1,64,"val",255,0.443174093961716,0
0.1,64,"val",256,0.665051162242889,0
0.1,64,"val",257,0.514390587806702,0
0.1,64,"val",258,0.626945197582245,0
0.1,64,"val",259,0.662542939186096,1
0.1,64,"val",260,0.515434920787811,1
0.1,64,"val",261,0.500086903572083,1
0.1,64,"val",262,0.474590510129929,1
0.1,64,"val",263,0.460143029689789,1
0.1,64,"val",264,0.536261081695557,1
0.1,64,"val",265,0.53550910949707,1
0.1,64,"val",266,0.463855117559433,1
0.1,64,"val",267,0.447914391756058,0
0.1,64,"val",268,0.4516641497612,0
0.1,64,"val",269,0.537297189235687,1
0.1,64,"val",270,0.477601557970047,1
0.1,64,"val",271,0.466870963573456,1
0.1,64,"val",272,0.372604072093964,1
0.1,64,"val",273,0.348610669374466,1
0.1,64,"val",274,0.421906799077988,1
0.1,64,"val",275,0.396709442138672,0
0.1,64,"val",276,0.544190227985382,1
0.1,64,"val",277,0.552110731601715,1
0.1,64,"val",278,0.518674850463867,1
0.1,64,"val",279,0.555318593978882,1
0.1,64,"val",280,0.443174093961716,1
0.1,64,"val",281,0.486527383327484,1
0.1,64,"val",282,0.514390587806702,1
0.1,64,"val",283,0.47741287946701,0
0.1,64,"val",284,0.662542939186096,0
0.1,64,"val",285,0.701683461666107,0
0.1,64,"val",286,0.500086903572083,1
0.1,64,"val",287,0.49404039978981,1
0.1,64,"val",288,0.460143029689789,1
0.1,64,"val",289,0.466806024312973,0
0.1,64,"val",290,0.53550910949707,0
0.1,64,"val",291,0.536312639713287,0
0.1,64,"val",292,0.447914391756058,1
0.1,64,"val",293,0.46041476726532,1
0.1,64,"val",294,0.537297189235687,1
0.1,64,"val",295,0.53847062587738,1
0.1,64,"val",296,0.466870963573456,0
0.1,64,"val",297,0.466658294200897,0
0.1,64,"val",298,0.348610669374466,0
0.1,64,"val",299,0.306749522686005,1
0.1,64,"val",300,0.396709442138672,1
0.1,64,"val",301,0.472396850585938,0
0.1,64,"val",302,0.552110731601715,0
0.1,64,"val",303,0.586759805679321,1
0.1,64,"val",304,0.555318593978882,1
0.1,64,"test",1,0.541357338428497,0
0.1,64,"test",2,0.486527383327484,0
0.1,64,"test",3,0.616732060909271,1
0.1,64,"test",4,0.47741287946701,1
0.1,64,"test",5,0.45596843957901,1
0.1,64,"test",6,0.701683461666107,1
0.1,64,"test",7,0.631403207778931,1
0.1,64,"test",8,0.494040369987488,1
0.1,64,"test",9,0.458114445209503,0
0.1,64,"test",10,0.466806024312973,0
0.1,64,"test",11,0.469923049211502,0
0.1,64,"test",12,0.536312639713287,1
0.1,64,"test",13,0.530804038047791,1
0.1,64,"test",14,0.46041476726532,0
0.1,64,"test",15,0.457611232995987,0
0.1,64,"test",16,0.53847062587738,0
0.1,64,"test",17,0.468168467283249,0
0.1,64,"test",18,0.466658294200897,0
0.1,64,"test",19,0.459952026605606,1
0.1,64,"test",20,0.306749522686005,1
0.1,64,"test",21,0.415196448564529,1
0.1,64,"test",22,0.472396850585938,1
0.1,64,"test",23,0.47178590297699,1
0.1,64,"test",24,0.586759805679321,1
0.1,64,"test",25,0.561414122581482,0
0.1,64,"test",26,0.541357338428497,0
0.1,64,"test",27,0.553703188896179,1
0.1,64,"test",28,0.616732060909271,0
0.1,64,"test",29,0.537532925605774,1
0.1,64,"test",30,0.45596843957901,0
0.1,64,"test",31,0.637936413288116,0
0.1,64,"test",32,0.631403207778931,0
0.1,64,"test",33,0.65572464466095,0
0.1,64,"test",34,0.458114445209503,1
0.1,64,"test",35,0.490759938955307,1
0.1,64,"test",36,0.469923049211502,1
0.1,64,"test",37,0.475789546966553,1
0.1,64,"test",38,0.530804038047791,1
0.1,64,"test",39,0.526525735855103,1
0.1,64,"test",40,0.457611232995987,1
0.1,64,"test",41,0.451503604650497,1
0.1,64,"test",42,0.468168467283249,0
0.1,64,"test",43,0.441810041666031,1
0.1,64,"test",44,0.459952026605606,1
0.1,64,"test",45,0.467714250087738,1
0.1,64,"test",46,0.415196448564529,0
0.1,64,"test",47,0.483926326036453,0
0.1,64,"test",48,0.47178590297699,0
0.1,64,"test",49,0.445133626461029,0
0.1,64,"test",50,0.561414122581482,0
0.1,64,"test",51,0.547092497348785,0
0.1,64,"test",52,0.553703188896179,1
0.1,64,"test",53,0.540564358234406,1
0.1,64,"test",54,0.537532925605774,1
0.1,64,"test",55,0.487684160470963,0
0.1,64,"test",56,0.637936413288116,0
0.1,64,"test",57,0.694020330905914,0
0.1,64,"test",58,0.65572464466095,0
0.1,64,"test",59,0.62157142162323,0
0.1,64,"test",60,0.490759938955307,0
0.1,64,"test",61,0.464885175228119,0
0.1,64,"test",62,0.475789546966553,0
0.1,64,"test",63,0.454856693744659,0
0.1,64,"test",64,0.526525735855103,1
0.1,64,"test",65,0.533075988292694,1
0.1,64,"test",66,0.451503604650497,0
0.1,64,"test",67,0.453611850738525,0
0.1,64,"test",68,0.441810041666031,0
0.1,64,"test",69,0.454409748315811,0
0.1,64,"test",70,0.467714250087738,0
0.1,64,"test",71,0.45090788602829,1
0.1,64,"test",72,0.483926326036453,1
0.1,64,"test",73,0.421040058135986,0
0.1,64,"test",74,0.445133626461029,0
0.1,64,"test",75,0.38186913728714,1
0.1,64,"test",76,0.547092497348785,1
0.1,64,"test",77,0.573772788047791,0
0.1,64,"test",78,0.540564358234406,0
0.1,64,"test",79,0.547716677188873,0
0.1,64,"test",80,0.487684160470963,0
0.1,64,"test",81,0.561689674854279,0
0.1,64,"test",82,0.694020330905914,1
0.1,64,"test",83,0.603053271770477,1
0.1,64,"test",84,0.62157142162323,1
0.1,64,"test",85,0.666166365146637,1
0.1,64,"test",86,0.464885175228119,1
0.1,64,"test",87,0.491376996040344,0
0.1,64,"test",88,0.454856693744659,1
0.1,64,"test",89,0.433005452156067,0
0.1,64,"test",90,0.533075988292694,0
0.1,64,"test",91,0.536110281944275,1
0.1,64,"test",92,0.453611850738525,0
0.1,64,"test",93,0.450842618942261,1
0.1,64,"test",94,0.454409748315811,0
0.1,64,"test",95,0.463267207145691,0
0.1,64,"test",96,0.45090788602829,0
0.1,64,"test",97,0.483485698699951,1
0.1,64,"test",98,0.421040058135986,1
0.1,64,"test",99,0.418232470750809,1
0.1,64,"test",100,0.38186913728714,1
0.1,64,"test",101,0.345524400472641,1
0.1,64,"test",102,0.573772788047791,1
0.1,64,"test",103,0.572542250156403,0
0.1,64,"test",104,0.547716677188873,0
0.1,64,"test",105,0.543959558010101,0
0.1,64,"test",106,0.561689674854279,0
0.1,64,"test",107,0.504833281040192,0
0.1,64,"test",108,0.603053271770477,1
0.1,64,"test",109,0.607372939586639,1
0.1,64,"test",110,0.666166365146637,1
0.1,64,"test",111,0.619523465633392,1
0.1,64,"test",112,0.491376996040344,1
0.1,64,"test",113,0.461711555719376,1
0.1,64,"test",114,0.433005452156067,1
0.1,64,"test",115,0.465953439474106,1
0.1,64,"test",116,0.536110281944275,1
0.1,64,"test",117,0.479025691747665,1
0.1,64,"test",118,0.450842618942261,1
0.1,64,"test",119,0.45136284828186,0
0.1,64,"test",120,0.463267207145691,1
0.1,64,"test",121,0.413292348384857,1
0.1,64,"test",122,0.483485698699951,1
0.1,64,"test",123,0.481685727834702,1
0.1,64,"test",124,0.418232470750809,0
0.1,64,"test",125,0.374526530504227,0
0.1,64,"test",126,0.345524400472641,0
0.1,64,"test",127,0.322081565856934,1
0.1,64,"test",128,0.572542250156403,1
0.1,64,"test",129,0.596108615398407,0
0.1,64,"test",130,0.543959558010101,1
0.1,64,"test",131,0.552888154983521,0
0.1,64,"test",132,0.504833281040192,1
0.1,64,"test",133,0.564083456993103,0
0.1,64,"test",134,0.607372939586639,0
0.1,64,"test",135,0.596946060657501,1
0.1,64,"test",136,0.619523465633392,1
0.1,64,"test",137,0.633505940437317,1
0.1,64,"test",138,0.461711555719376,1
0.1,64,"test",139,0.466825753450394,1
0.1,64,"test",140,0.465953439474106,1
0.1,64,"test",141,0.429247736930847,0
0.1,64,"test",142,0.479025691747665,0
0.1,64,"test",143,0.48772656917572,0
0.1,64,"test",144,0.45136284828186,0
0.1,64,"test",145,0.465036511421204,1
0.1,64,"test",146,0.413292348384857,0
0.1,64,"test",147,0.484254270792007,0
0.1,64,"test",148,0.481685727834702,0
0.1,64,"test",149,0.499911367893219,0
0.1,64,"test",150,0.374526530504227,1
0.1,64,"test",151,0.476174026727676,1
0.1,64,"test",152,0.322081565856934,1
0.1,64,"test",153,0.40646043419838,1
0.1,64,"test",154,0.596108615398407,1
0.1,64,"test",155,0.507466077804565,0
0.1,64,"test",156,0.552888154983521,0
0.1,64,"test",157,0.540042519569397,0
0.1,64,"test",158,0.564083456993103,1
0.1,64,"test",159,0.508567988872528,0
0.1,64,"test",160,0.596945941448212,0
0.1,64,"test",161,0.383683502674103,0
0.1,64,"test",162,0.633505940437317,0
0.1,64,"test",163,0.636009216308594,1
0.1,64,"test",164,0.466825753450394,0
0.1,64,"test",165,0.471522122621536,1
0.1,64,"test",166,0.429247736930847,1
0.1,64,"test",167,0.416107326745987,0
0.1,64,"test",168,0.48772656917572,1
0.1,64,"test",169,0.523987472057343,1
0.1,64,"test",170,0.465036511421204,1
0.1,64,"test",171,0.45890885591507,0
0.1,64,"test",172,0.484254270792007,0
0.1,64,"test",173,0.48494353890419,1
0.1,64,"test",174,0.499911367893219,1
0.1,64,"test",175,0.471538037061691,0
0.1,64,"test",176,0.476174026727676,0
0.1,64,"test",177,0.42755863070488,0
0.1,64,"test",178,0.40646043419838,0
0.1,64,"test",179,0.432232320308685,0
0.1,64,"test",180,0.507466077804565,1
0.1,64,"test",181,0.542283415794373,1
0.1,64,"test",182,0.540042519569397,0
0.1,64,"test",183,0.53596031665802,0
0.1,64,"test",184,0.508567988872528,0
0.1,64,"test",185,0.468360990285873,0
0.1,64,"test",186,0.383683502674103,0
0.1,64,"test",187,0.553887784481049,0
0.1,64,"test",188,0.636009216308594,0
0.1,64,"test",189,0.599415302276611,0
0.1,64,"test",190,0.471522122621536,0
0.1,64,"test",191,0.598269462585449,0
0.1,64,"test",192,0.416107326745987,0
0.1,64,"test",193,0.451283246278763,1
0.1,64,"test",194,0.523987472057343,1
0.1,64,"test",195,0.51282525062561,1
0.1,64,"test",196,0.45890885591507,1
0.1,64,"test",197,0.452873885631561,1
0.1,64,"test",198,0.48494353890419,1
0.1,64,"test",199,0.473616033792496,1
0.1,64,"test",200,0.471538037061691,0
0.1,64,"test",201,0.485501408576965,1
0.1,64,"test",202,0.42755863070488,1
0.1,64,"test",203,0.458875834941864,1
0.1,64,"test",204,0.432232320308685,1
0.1,64,"test",205,0.418850034475327,1
0.1,64,"test",206,0.542283415794373,0
0.1,64,"test",207,0.472105145454407,0
0.1,64,"test",208,0.53596031665802,0
0.1,64,"test",209,0.540004909038544,0
0.1,64,"test",210,0.468360990285873,0
0.1,64,"test",211,0.479840874671936,1
0.1,64,"test",212,0.553887784481049,0
0.1,64,"test",213,0.603734791278839,0
0.1,64,"test",214,0.599415302276611,1
0.1,64,"test",215,0.674460649490356,1
0.1,64,"test",216,0.598269581794739,1
0.1,64,"test",217,0.505802989006042,1
0.1,64,"test",218,0.451283246278763,1
0.1,64,"test",219,0.43389105796814,1
0.1,64,"test",220,0.51282525062561,1
0.1,64,"test",221,0.47387170791626,1
0.1,64,"test",222,0.452873885631561,1
0.1,64,"test",223,0.461178600788116,1
0.1,64,"test",224,0.473616033792496,1
0.1,64,"test",225,0.424627363681793,0
0.1,64,"test",226,0.485501408576965,0
0.1,64,"test",227,0.450959295034409,0
0.1,64,"test",228,0.458875834941864,1
0.1,64,"test",229,0.411876529455185,0
0.1,64,"test",230,0.418850034475327,0
0.1,64,"test",231,0.348993718624115,0
0.1,64,"test",232,0.472105145454407,1
0.1,64,"test",233,0.571572005748749,1
0.1,64,"test",234,0.540004909038544,0
0.1,64,"test",235,0.55457067489624,1
0.1,64,"test",236,0.479840874671936,1
0.1,64,"test",237,0.52685421705246,1
0.1,64,"test",238,0.603734791278839,0
0.1,64,"test",239,0.449967354536057,0
0.1,64,"test",240,0.674460649490356,0
0.1,64,"test",241,0.622210144996643,0
0.1,64,"test",242,0.505802989006042,1
0.1,64,"test",243,0.513833701610565,1
0.1,64,"test",244,0.43389105796814,1
0.1,64,"test",245,0.453431665897369,1
0.1,64,"test",246,0.47387170791626,1
0.1,64,"test",247,0.535105288028717,1
0.1,64,"test",248,0.461178600788116,0
0.1,64,"test",249,0.464020758867264,0
0.1,64,"test",250,0.424627363681793,0
0.1,64,"test",251,0.359019786119461,0
0.1,64,"test",252,0.450959295034409,1
0.1,64,"test",253,0.480235457420349,1
0.1,64,"test",254,0.411876529455185,0
0.1,64,"test",255,0.326171398162842,0
0.1,64,"test",256,0.34899365901947,1
0.1,64,"test",257,0.365064263343811,1
0.1,64,"test",258,0.571572005748749,1
0.1,64,"test",259,0.527119576931,0
0.1,64,"test",260,0.55457067489624,1
0.1,64,"test",261,0.542942881584167,0
0.1,64,"test",262,0.52685421705246,0
0.1,64,"test",263,0.582913756370544,0
0.1,64,"test",264,0.449967354536057,1
0.1,64,"test",265,0.178139790892601,1
0.1,64,"test",266,0.622210144996643,1
0.1,64,"test",267,0.605404138565063,1
0.1,64,"test",268,0.513833701610565,1
0.1,64,"test",269,0.492317020893097,0
0.1,64,"test",270,0.453431665897369,0
0.1,64,"test",271,0.452999979257584,0
0.1,64,"test",272,0.535105288028717,1
0.1,64,"test",273,0.52512526512146,0
0.1,64,"test",274,0.464020758867264,1
0.1,64,"test",275,0.451688379049301,1
0.1,64,"test",276,0.359019786119461,1
0.1,64,"test",277,0.43569153547287,0
0.1,64,"test",278,0.480235457420349,1
0.1,64,"test",279,0.545485615730286,0
0.1,64,"test",280,0.326171457767487,0
0.1,64,"test",281,0.424986571073532,0
0.1,64,"test",282,0.365064263343811,1
0.1,64,"test",283,0.212137073278427,1
0.1,64,"test",284,0.527119576931,1
0.1,64,"test",285,0.550412178039551,1
0.1,64,"test",286,0.542942881584167,0
0.1,64,"test",287,0.615212976932526,0
0.1,64,"test",288,0.582913756370544,0
0.1,64,"test",289,0.491199374198914,0
0.1,64,"test",290,0.178139790892601,0
0.1,64,"test",291,0.242469966411591,0
0.1,64,"test",292,0.605404138565063,1
0.1,64,"test",293,0.495150029659271,1
0.1,64,"test",294,0.492317020893097,1
0.1,64,"test",295,0.470803439617157,0
0.1,64,"test",296,0.452999979257584,0
0.1,64,"test",297,0.438900172710419,1
0.1,64,"test",298,0.52512526512146,1
0.1,64,"test",299,0.535482168197632,1
0.1,64,"test",300,0.451688379049301,0
0.1,64,"test",301,0.439781814813614,0
0.1,64,"test",302,0.43569153547287,0
0.1,64,"test",303,0.449209898710251,0
0.1,64,"test",304,0.545485615730286,0
0.1,64,"test",305,0.517370343208313,0
