"arch","lambda","seed","set","sample_id","yhat","y_true"
"GRU",0,23,"test",1,0.482267379760742,0
"GRU",0,23,"test",2,0.527719914913177,0
"GRU",0,23,"test",3,0.533950924873352,1
"GRU",0,23,"test",4,0.508247137069702,1
"GRU",0,23,"test",5,0.51181560754776,1
"GRU",0,23,"test",6,0.477437913417816,1
"GRU",0,23,"test",7,0.477632075548172,1
"GRU",0,23,"test",8,0.492448598146439,1
"GRU",0,23,"test",9,0.489948004484177,1
"GRU",0,23,"test",10,0.463523000478745,1
"GRU",0,23,"test",11,0.467723160982132,1
"GRU",0,23,"test",12,0.46729964017868,1
"GRU",0,23,"test",13,0.447597235441208,1
"GRU",0,23,"test",14,0.425821185112,1
"GRU",0,23,"test",15,0.426684468984604,1
"GRU",0,23,"test",16,0.481720775365829,1
"GRU",0,23,"test",17,0.489004522562027,0
"GRU",0,23,"test",18,0.533372223377228,0
"GRU",0,23,"test",19,0.540499866008759,0
"GRU",0,23,"test",20,0.528465926647186,1
"GRU",0,23,"test",21,0.532882690429688,1
"GRU",0,23,"test",22,0.534302234649658,1
"GRU",0,23,"test",23,0.532191634178162,0
"GRU",0,23,"test",24,0.499950438737869,0
"GRU",0,23,"test",25,0.516598045825958,0
"GRU",0,23,"test",26,0.482267379760742,1
"GRU",0,23,"test",27,0.487957090139389,1
"GRU",0,23,"test",28,0.533950924873352,1
"GRU",0,23,"test",29,0.542629301548004,0
"GRU",0,23,"test",30,0.51181560754776,0
"GRU",0,23,"test",31,0.523358583450317,0
"GRU",0,23,"test",32,0.477632075548172,0
"GRU",0,23,"test",33,0.469701826572418,0
"GRU",0,23,"test",34,0.489948004484177,1
"GRU",0,23,"test",35,0.496143758296967,1
"GRU",0,23,"test",36,0.467723160982132,1
"GRU",0,23,"test",37,0.469353675842285,1
"GRU",0,23,"test",38,0.447597235441208,1
"GRU",0,23,"test",39,0.449471205472946,1
"GRU",0,23,"test",40,0.426684468984604,1
"GRU",0,23,"test",41,0.428683936595917,1
"GRU",0,23,"test",42,0.489004522562027,0
"GRU",0,23,"test",43,0.491616934537888,0
"GRU",0,23,"test",44,0.540499866008759,1
"GRU",0,23,"test",45,0.535424530506134,1
"GRU",0,23,"test",46,0.532882690429688,1
"GRU",0,23,"test",47,0.516463339328766,0
"GRU",0,23,"test",48,0.532191634178162,0
"GRU",0,23,"test",49,0.525691568851471,0
"GRU",0,23,"test",50,0.516598045825958,0
"GRU",0,23,"test",51,0.503133296966553,1
"GRU",0,23,"test",52,0.487957090139389,1
"GRU",0,23,"test",53,0.493612378835678,1
"GRU",0,23,"test",54,0.542629301548004,1
"GRU",0,23,"test",55,0.54127699136734,0
"GRU",0,23,"test",56,0.523358583450317,0
"GRU",0,23,"test",57,0.570056438446045,0
"GRU",0,23,"test",58,0.469701826572418,0
"GRU",0,23,"test",59,0.46172434091568,1
"GRU",0,23,"test",60,0.496143758296967,1
"GRU",0,23,"test",61,0.48199862241745,1
"GRU",0,23,"test",62,0.469353675842285,0
"GRU",0,23,"test",63,0.465861856937408,1
"GRU",0,23,"test",64,0.449471235275269,1
"GRU",0,23,"test",65,0.455979734659195,1
"GRU",0,23,"test",66,0.428683936595917,1
"GRU",0,23,"test",67,0.419050842523575,1
"GRU",0,23,"test",68,0.491616934537888,0
"GRU",0,23,"test",69,0.488232463598251,0
"GRU",0,23,"test",70,0.535424530506134,0
"GRU",0,23,"test",71,0.543821334838867,1
"GRU",0,23,"test",72,0.516463339328766,1
"GRU",0,23,"test",73,0.511023759841919,0
"GRU",0,23,"test",74,0.525691568851471,0
"GRU",0,23,"test",75,0.533384680747986,0
"GRU",0,23,"test",76,0.503133296966553,0
"GRU",0,23,"test",77,0.511732161045074,0
"GRU",0,23,"test",78,0.493612378835678,1
"GRU",0,23,"test",79,0.50287938117981,0
"GRU",0,23,"test",80,0.54127699136734,0
"GRU",0,23,"test",81,0.555077731609344,1
"GRU",0,23,"test",82,0.570056438446045,1
"GRU",0,23,"test",83,0.529841482639313,1
"GRU",0,23,"test",84,0.46172434091568,1
"GRU",0,23,"test",85,0.469041377305984,0
"GRU",0,23,"test",86,0.48199862241745,0
"GRU",0,23,"test",87,0.489017814397812,0
"GRU",0,23,"test",88,0.465861856937408,0
"GRU",0,23,"test",89,0.456997632980347,0
"GRU",0,23,"test",90,0.455979734659195,0
"GRU",0,23,"test",91,0.450617402791977,1
"GRU",0,23,"test",92,0.419050842523575,0
"GRU",0,23,"test",93,0.418146669864655,0
"GRU",0,23,"test",94,0.488232463598251,0
"GRU",0,23,"test",95,0.489237040281296,0
"GRU",0,23,"test",96,0.543821334838867,0
"GRU",0,23,"test",97,0.530924558639526,1
"GRU",0,23,"test",98,0.511023759841919,1
"GRU",0,23,"test",99,0.516592919826508,1
"GRU",0,23,"test",100,0.533384680747986,1
"GRU",0,23,"test",101,0.529227674007416,1
"GRU",0,23,"test",102,0.511732161045074,0
"GRU",0,23,"test",103,0.509290099143982,0
"GRU",0,23,"test",104,0.50287938117981,0
"GRU",0,23,"test",105,0.50387167930603,0
"GRU",0,23,"test",106,0.555077731609344,0
"GRU",0,23,"test",107,0.528430044651031,0
"GRU",0,23,"test",108,0.529841482639313,0
"GRU",0,23,"test",109,0.537928402423859,0
"GRU",0,23,"test",110,0.469041377305984,1
"GRU",0,23,"test",111,0.430862724781036,1
"GRU",0,23,"test",112,0.489017814397812,1
"GRU",0,23,"test",113,0.49067434668541,0
"GRU",0,23,"test",114,0.456997632980347,1
"GRU",0,23,"test",115,0.468873560428619,1
"GRU",0,23,"test",116,0.450617402791977,1
"GRU",0,23,"test",117,0.459602922201157,1
"GRU",0,23,"test",118,0.418146669864655,1
"GRU",0,23,"test",119,0.431508272886276,0
"GRU",0,23,"test",120,0.489237040281296,0
"GRU",0,23,"test",121,0.485282987356186,0
"GRU",0,23,"test",122,0.530924558639526,1
"GRU",0,23,"test",123,0.530930876731873,1
"GRU",0,23,"test",124,0.516592919826508,1
"GRU",0,23,"test",125,0.509216547012329,0
"GRU",0,23,"test",126,0.529227674007416,0
"GRU",0,23,"test",127,0.524857461452484,0
"GRU",0,23,"test",128,0.509290099143982,1
"GRU",0,23,"test",129,0.501663684844971,1
"GRU",0,23,"test",130,0.50387167930603,1
"GRU",0,23,"test",131,0.502621054649353,1
"GRU",0,23,"test",132,0.528430044651031,0
"GRU",0,23,"test",133,0.612121224403381,0
"GRU",0,23,"test",134,0.537928402423859,0
"GRU",0,23,"test",135,0.528244316577911,0
"GRU",0,23,"test",136,0.430862724781036,0
"GRU",0,23,"test",137,0.468252003192902,1
"GRU",0,23,"test",138,0.49067434668541,1
"GRU",0,23,"test",139,0.489366382360458,1
"GRU",0,23,"test",140,0.468873560428619,1
"GRU",0,23,"test",141,0.468779444694519,1
"GRU",0,23,"test",142,0.459602922201157,1
"GRU",0,23,"test",143,0.460978627204895,1
"GRU",0,23,"test",144,0.431508272886276,1
"GRU",0,23,"test",145,0.429825067520142,1
"GRU",0,23,"test",146,0.485282987356186,1
"GRU",0,23,"test",147,0.487632572650909,1
"GRU",0,23,"test",148,0.530930876731873,1
"GRU",0,23,"test",149,0.537904739379883,1
"GRU",0,23,"test",150,0.509216547012329,1
"GRU",0,23,"test",151,0.514366924762726,1
"GRU",0,23,"test",152,0.524857342243195,0
"GRU",0,23,"test",153,0.540174603462219,0
"GRU",0,23,"test",154,0.501663684844971,1
"GRU",0,23,"test",155,0.492229580879211,1
"GRU",0,23,"test",156,0.502621054649353,1
"GRU",0,23,"test",157,0.503541052341461,0
"GRU",0,23,"test",158,0.612121224403381,0
"GRU",0,23,"test",159,0.564014971256256,0
"GRU",0,23,"test",160,0.528244316577911,0
"GRU",0,23,"test",161,0.525935292243958,0
"GRU",0,23,"test",162,0.468252003192902,0
"GRU",0,23,"test",163,0.483463793992996,0
"GRU",0,23,"test",164,0.489366382360458,0
"GRU",0,23,"test",165,0.493691921234131,1
"GRU",0,23,"test",166,0.468779444694519,1
"GRU",0,23,"test",167,0.466373562812805,0
"GRU",0,23,"test",168,0.460978627204895,1
"GRU",0,23,"test",169,0.455304533243179,1
"GRU",0,23,"test",170,0.429825067520142,1
"GRU",0,23,"test",171,0.43282875418663,0
"GRU",0,23,"test",172,0.487632572650909,0
"GRU",0,23,"test",173,0.483010619878769,1
"GRU",0,23,"test",174,0.537904739379883,1
"GRU",0,23,"test",175,0.53313410282135,1
"GRU",0,23,"test",176,0.514366924762726,1
"GRU",0,23,"test",177,0.517472207546234,0
"GRU",0,23,"test",178,0.540174603462219,0
"GRU",0,23,"test",179,0.523048222064972,0
"GRU",0,23,"test",180,0.492229580879211,0
"GRU",0,23,"test",181,0.531934678554535,0
"GRU",0,23,"test",182,0.503541052341461,0
"GRU",0,23,"test",183,0.504670739173889,0
"GRU",0,23,"test",184,0.564015030860901,0
"GRU",0,23,"test",185,0.549417853355408,0
"GRU",0,23,"test",186,0.525935292243958,1
"GRU",0,23,"test",187,0.520675778388977,0
"GRU",0,23,"test",188,0.483463793992996,0
"GRU",0,23,"test",189,0.484478145837784,0
"GRU",0,23,"test",190,0.493691921234131,0
"GRU",0,23,"test",191,0.470211863517761,0
"GRU",0,23,"test",192,0.466373562812805,0
"GRU",0,23,"test",193,0.465032339096069,0
"GRU",0,23,"test",194,0.455304533243179,0
"GRU",0,23,"test",195,0.467471688985825,0
"GRU",0,23,"test",196,0.43282875418663,0
"GRU",0,23,"test",197,0.435199081897736,1
"GRU",0,23,"test",198,0.483010619878769,1
"GRU",0,23,"test",199,0.484836786985397,1
"GRU",0,23,"test",200,0.53313410282135,0
"GRU",0,23,"test",201,0.53065025806427,0
"GRU",0,23,"test",202,0.517472207546234,1
"GRU",0,23,"test",203,0.5200275182724,0
"GRU",0,23,"test",204,0.523048222064972,0
"GRU",0,23,"test",205,0.526490747928619,0
"GRU",0,23,"test",206,0.531934678554535,1
"GRU",0,23,"test",207,0.522796869277954,0
"GRU",0,23,"test",208,0.504670739173889,0
"GRU",0,23,"test",209,0.496305108070374,0
"GRU",0,23,"test",210,0.549417853355408,0
"GRU",0,23,"test",211,0.550089836120605,0
"GRU",0,23,"test",212,0.520675778388977,1
"GRU",0,23,"test",213,0.548022031784058,0
"GRU",0,23,"test",214,0.484478145837784,1
"GRU",0,23,"test",215,0.445072650909424,1
"GRU",0,23,"test",216,0.470211833715439,1
"GRU",0,23,"test",217,0.470090061426163,0
"GRU",0,23,"test",218,0.465032339096069,0
"GRU",0,23,"test",219,0.463579326868057,1
"GRU",0,23,"test",220,0.467471688985825,1
"GRU",0,23,"test",221,0.456818699836731,0
"GRU",0,23,"test",222,0.435199081897736,1
"GRU",0,23,"test",223,0.428680032491684,1
"GRU",0,23,"test",224,0.484836786985397,1
"GRU",0,23,"test",225,0.487813532352448,0
"GRU",0,23,"test",226,0.53065025806427,0
"GRU",0,23,"test",227,0.557482063770294,0
"GRU",0,23,"test",228,0.5200275182724,1
"GRU",0,23,"test",229,0.518504738807678,1
"GRU",0,23,"test",230,0.526490747928619,0
"GRU",0,23,"test",231,0.514564514160156,1
"GRU",0,23,"test",232,0.522796869277954,1
"GRU",0,23,"test",233,0.504940748214722,1
"GRU",0,23,"test",234,0.496305108070374,1
"GRU",0,23,"test",235,0.498027622699738,1
"GRU",0,23,"test",236,0.550089836120605,1
"GRU",0,23,"test",237,0.562208533287048,0
"GRU",0,23,"test",238,0.548022031784058,0
"GRU",0,23,"test",239,0.528408229351044,0
"GRU",0,23,"test",240,0.445072650909424,0
"GRU",0,23,"test",241,0.431409984827042,0
"GRU",0,23,"test",242,0.470090061426163,0
"GRU",0,23,"test",243,0.484375357627869,0
"GRU",0,23,"test",244,0.463579326868057,1
"GRU",0,23,"test",245,0.455534070730209,1
"GRU",0,23,"test",246,0.456818699836731,1
"GRU",0,23,"test",247,0.470622718334198,1
"GRU",0,23,"test",248,0.428680032491684,1
"GRU",0,23,"test",249,0.406895190477371,1
"GRU",0,23,"test",250,0.487813532352448,1
"GRU",0,23,"test",251,0.494541198015213,1
"GRU",0,23,"test",252,0.557482063770294,0
"GRU",0,23,"test",253,0.560111403465271,0
"GRU",0,23,"test",254,0.518504738807678,0
"GRU",0,23,"test",255,0.51002836227417,1
"GRU",0,23,"test",256,0.514564514160156,1
"GRU",0,23,"test",257,0.532312452793121,1
"GRU",0,23,"test",258,0.504940748214722,1
"GRU",0,23,"test",259,0.515134572982788,1
"GRU",0,23,"test",260,0.498027622699738,1
"GRU",0,23,"test",261,0.490711271762848,1
"GRU",0,23,"test",262,0.562208533287048,0
"GRU",0,23,"test",263,0.540602326393127,0
"GRU",0,23,"test",264,0.528408229351044,1
"GRU",0,23,"test",265,0.532621681690216,1
"GRU",0,23,"test",266,0.431409984827042,1
"GRU",0,23,"test",267,0.478335618972778,1
"GRU",0,23,"test",268,0.484375357627869,1
"GRU",0,23,"test",269,0.487104415893555,1
"GRU",0,23,"test",270,0.455534070730209,1
"GRU",0,23,"test",271,0.466920644044876,1
"GRU",0,23,"test",272,0.470622718334198,1
"GRU",0,23,"test",273,0.466933757066727,1
"GRU",0,23,"test",274,0.406895190477371,1
"GRU",0,23,"test",275,0.428037852048874,1
"GRU",0,23,"test",276,0.494541198015213,1
"GRU",0,23,"test",277,0.492440551519394,1
"GRU",0,23,"test",278,0.560111403465271,0
"GRU",0,23,"test",279,0.553019285202026,0
"GRU",0,23,"test",280,0.51002836227417,0
"GRU",0,23,"test",281,0.513892114162445,0
"GRU",0,23,"test",282,0.532312452793121,0
"GRU",0,23,"test",283,0.523802101612091,0
"GRU",0,23,"test",284,0.515134572982788,0
"GRU",0,23,"test",285,0.49691778421402,0
"GRU",0,23,"test",286,0.490711271762848,0
"GRU",0,23,"test",287,0.503593683242798,0
"GRU",0,23,"test",288,0.540602326393127,0
"GRU",0,23,"test",289,0.553342580795288,0
"GRU",0,23,"test",290,0.532621681690216,0
"GRU",0,23,"test",291,0.509913802146912,0
"GRU",0,23,"test",292,0.478335618972778,1
"GRU",0,23,"test",293,0.490403920412064,1
"GRU",0,23,"test",294,0.487104415893555,1
"GRU",0,23,"test",295,0.493773937225342,0
"GRU",0,23,"test",296,0.466920644044876,0
"GRU",0,23,"test",297,0.466748744249344,1
"GRU",0,23,"test",298,0.466933757066727,0
"GRU",0,23,"test",299,0.466479659080505,0
"GRU",0,23,"test",300,0.428037852048874,1
"GRU",0,23,"test",301,0.411063730716705,1
"GRU",0,23,"test",302,0.492440551519394,1
"GRU",0,23,"test",303,0.502510905265808,0
"GRU",0,23,"test",304,0.553019285202026,1
"GRU",0,23,"test",305,0.553261339664459,0
"GRU",0,27,"test",1,0.496876776218414,0
"GRU",0,27,"test",2,0.547409176826477,0
"GRU",0,27,"test",3,0.555319786071777,1
"GRU",0,27,"test",4,0.517459809780121,1
"GRU",0,27,"test",5,0.526832461357117,1
"GRU",0,27,"test",6,0.449465334415436,1
"GRU",0,27,"test",7,0.441418796777725,1
"GRU",0,27,"test",8,0.504705190658569,1
"GRU",0,27,"test",9,0.499897837638855,1
"GRU",0,27,"test",10,0.457649350166321,1
"GRU",0,27,"test",11,0.466872811317444,1
"GRU",0,27,"test",12,0.477925986051559,1
"GRU",0,27,"test",13,0.458102256059647,1
"GRU",0,27,"test",14,0.406270921230316,1
"GRU",0,27,"test",15,0.412651270627975,1
"GRU",0,27,"test",16,0.471816748380661,1
"GRU",0,27,"test",17,0.483644366264343,0
"GRU",0,27,"test",18,0.532347857952118,0
"GRU",0,27,"test",19,0.536257982254028,0
"GRU",0,27,"test",20,0.544952034950256,1
"GRU",0,27,"test",21,0.553272128105164,1
"GRU",0,27,"test",22,0.511899471282959,1
"GRU",0,27,"test",23,0.508930683135986,0
"GRU",0,27,"test",24,0.49889275431633,0
"GRU",0,27,"test",25,0.499617069959641,0
"GRU",0,27,"test",26,0.496876776218414,1
"GRU",0,27,"test",27,0.502198219299316,1
"GRU",0,27,"test",28,0.555319786071777,1
"GRU",0,27,"test",29,0.556309342384338,0
"GRU",0,27,"test",30,0.526832461357117,0
"GRU",0,27,"test",31,0.537712454795837,0
"GRU",0,27,"test",32,0.441418796777725,0
"GRU",0,27,"test",33,0.423596918582916,0
"GRU",0,27,"test",34,0.499897837638855,1
"GRU",0,27,"test",35,0.504723250865936,1
"GRU",0,27,"test",36,0.466872811317444,1
"GRU",0,27,"test",37,0.471751153469086,1
"GRU",0,27,"test",38,0.458102256059647,1
"GRU",0,27,"test",39,0.459934085607529,1
"GRU",0,27,"test",40,0.412651270627975,1
"GRU",0,27,"test",41,0.410030424594879,1
"GRU",0,27,"test",42,0.483644366264343,0
"GRU",0,27,"test",43,0.501585245132446,0
"GRU",0,27,"test",44,0.536257982254028,1
"GRU",0,27,"test",45,0.533260762691498,1
"GRU",0,27,"test",46,0.553272128105164,1
"GRU",0,27,"test",47,0.532597959041595,0
"GRU",0,27,"test",48,0.508930683135986,0
"GRU",0,27,"test",49,0.514343917369843,0
"GRU",0,27,"test",50,0.499617069959641,0
"GRU",0,27,"test",51,0.497905313968658,1
"GRU",0,27,"test",52,0.502198219299316,1
"GRU",0,27,"test",53,0.503422975540161,1
"GRU",0,27,"test",54,0.556309342384338,1
"GRU",0,27,"test",55,0.546437740325928,0
"GRU",0,27,"test",56,0.537712454795837,0
"GRU",0,27,"test",57,0.577820777893066,0
"GRU",0,27,"test",58,0.423596918582916,0
"GRU",0,27,"test",59,0.409709095954895,1
"GRU",0,27,"test",60,0.504723250865936,1
"GRU",0,27,"test",61,0.490106552839279,1
"GRU",0,27,"test",62,0.471751153469086,0
"GRU",0,27,"test",63,0.462910771369934,1
"GRU",0,27,"test",64,0.459934085607529,1
"GRU",0,27,"test",65,0.465997159481049,1
"GRU",0,27,"test",66,0.410030424594879,1
"GRU",0,27,"test",67,0.397656351327896,1
"GRU",0,27,"test",68,0.501585245132446,0
"GRU",0,27,"test",69,0.496473848819733,0
"GRU",0,27,"test",70,0.533260762691498,0
"GRU",0,27,"test",71,0.5251584649086,1
"GRU",0,27,"test",72,0.532597959041595,1
"GRU",0,27,"test",73,0.524299204349518,0
"GRU",0,27,"test",74,0.514343917369843,0
"GRU",0,27,"test",75,0.514067530632019,0
"GRU",0,27,"test",76,0.497905313968658,0
"GRU",0,27,"test",77,0.497548460960388,0
"GRU",0,27,"test",78,0.503422975540161,1
"GRU",0,27,"test",79,0.518111407756805,0
"GRU",0,27,"test",80,0.546437740325928,0
"GRU",0,27,"test",81,0.556337773799896,1
"GRU",0,27,"test",82,0.577820777893066,1
"GRU",0,27,"test",83,0.543582499027252,1
"GRU",0,27,"test",84,0.409709095954895,1
"GRU",0,27,"test",85,0.42234405875206,0
"GRU",0,27,"test",86,0.490106552839279,0
"GRU",0,27,"test",87,0.498842597007751,0
"GRU",0,27,"test",88,0.462910771369934,0
"GRU",0,27,"test",89,0.447378665208817,0
"GRU",0,27,"test",90,0.465997159481049,0
"GRU",0,27,"test",91,0.460099786520004,1
"GRU",0,27,"test",92,0.397656351327896,0
"GRU",0,27,"test",93,0.39555886387825,0
"GRU",0,27,"test",94,0.496473848819733,0
"GRU",0,27,"test",95,0.49353951215744,0
"GRU",0,27,"test",96,0.5251584649086,0
"GRU",0,27,"test",97,0.522180795669556,1
"GRU",0,27,"test",98,0.524299204349518,1
"GRU",0,27,"test",99,0.532151877880096,1
"GRU",0,27,"test",100,0.514067530632019,1
"GRU",0,27,"test",101,0.513252079486847,1
"GRU",0,27,"test",102,0.497548460960388,0
"GRU",0,27,"test",103,0.496999502182007,0
"GRU",0,27,"test",104,0.518111407756805,0
"GRU",0,27,"test",105,0.530929803848267,0
"GRU",0,27,"test",106,0.556337773799896,0
"GRU",0,27,"test",107,0.535839438438416,0
"GRU",0,27,"test",108,0.543582499027252,0
"GRU",0,27,"test",109,0.550973296165466,0
"GRU",0,27,"test",110,0.42234405875206,1
"GRU",0,27,"test",111,0.375910073518753,1
"GRU",0,27,"test",112,0.498842597007751,1
"GRU",0,27,"test",113,0.500853061676025,0
"GRU",0,27,"test",114,0.447378665208817,1
"GRU",0,27,"test",115,0.471913188695908,1
"GRU",0,27,"test",116,0.460099786520004,1
"GRU",0,27,"test",117,0.469193965196609,1
"GRU",0,27,"test",118,0.39555886387825,1
"GRU",0,27,"test",119,0.409930914640427,0
"GRU",0,27,"test",120,0.49353951215744,0
"GRU",0,27,"test",121,0.472357898950577,0
"GRU",0,27,"test",122,0.522180795669556,1
"GRU",0,27,"test",123,0.521272480487823,1
"GRU",0,27,"test",124,0.532151877880096,1
"GRU",0,27,"test",125,0.523382604122162,0
"GRU",0,27,"test",126,0.513252079486847,0
"GRU",0,27,"test",127,0.516163349151611,0
"GRU",0,27,"test",128,0.496999502182007,1
"GRU",0,27,"test",129,0.49750155210495,1
"GRU",0,27,"test",130,0.530929803848267,1
"GRU",0,27,"test",131,0.532380521297455,1
"GRU",0,27,"test",132,0.535839438438416,0
"GRU",0,27,"test",133,0.594585120677948,0
"GRU",0,27,"test",134,0.550973296165466,0
"GRU",0,27,"test",135,0.540570199489594,0
"GRU",0,27,"test",136,0.375910073518753,0
"GRU",0,27,"test",137,0.420405387878418,1
"GRU",0,27,"test",138,0.500853061676025,1
"GRU",0,27,"test",139,0.500291347503662,1
"GRU",0,27,"test",140,0.471913188695908,1
"GRU",0,27,"test",141,0.47137051820755,1
"GRU",0,27,"test",142,0.469193965196609,1
"GRU",0,27,"test",143,0.466164708137512,1
"GRU",0,27,"test",144,0.409930914640427,1
"GRU",0,27,"test",145,0.403774201869965,1
"GRU",0,27,"test",146,0.472357898950577,1
"GRU",0,27,"test",147,0.473888009786606,1
"GRU",0,27,"test",148,0.521272480487823,1
"GRU",0,27,"test",149,0.538111507892609,1
"GRU",0,27,"test",150,0.523382604122162,1
"GRU",0,27,"test",151,0.527594804763794,1
"GRU",0,27,"test",152,0.516163349151611,0
"GRU",0,27,"test",153,0.523721218109131,0
"GRU",0,27,"test",154,0.49750155210495,1
"GRU",0,27,"test",155,0.498193651437759,1
"GRU",0,27,"test",156,0.532380521297455,1
"GRU",0,27,"test",157,0.524544417858124,0
"GRU",0,27,"test",158,0.594585120677948,0
"GRU",0,27,"test",159,0.565732598304749,0
"GRU",0,27,"test",160,0.540570199489594,0
"GRU",0,27,"test",161,0.537970840930939,0
"GRU",0,27,"test",162,0.420405387878418,0
"GRU",0,27,"test",163,0.455429375171661,0
"GRU",0,27,"test",164,0.500291347503662,0
"GRU",0,27,"test",165,0.503409504890442,1
"GRU",0,27,"test",166,0.47137051820755,1
"GRU",0,27,"test",167,0.465845882892609,0
"GRU",0,27,"test",168,0.466164708137512,1
"GRU",0,27,"test",169,0.460940182209015,1
"GRU",0,27,"test",170,0.403774201869965,1
"GRU",0,27,"test",171,0.409224212169647,0
"GRU",0,27,"test",172,0.473888009786606,0
"GRU",0,27,"test",173,0.46692106127739,1
"GRU",0,27,"test",174,0.538111507892609,1
"GRU",0,27,"test",175,0.529196500778198,1
"GRU",0,27,"test",176,0.527594804763794,1
"GRU",0,27,"test",177,0.528896033763885,0
"GRU",0,27,"test",178,0.523721218109131,0
"GRU",0,27,"test",179,0.517901122570038,0
"GRU",0,27,"test",180,0.498193651437759,0
"GRU",0,27,"test",181,0.495719254016876,0
"GRU",0,27,"test",182,0.524544417858124,0
"GRU",0,27,"test",183,0.52268248796463,0
"GRU",0,27,"test",184,0.565732598304749,0
"GRU",0,27,"test",185,0.549187958240509,0
"GRU",0,27,"test",186,0.537970840930939,1
"GRU",0,27,"test",187,0.531383693218231,0
"GRU",0,27,"test",188,0.455429375171661,0
"GRU",0,27,"test",189,0.459484547376633,0
"GRU",0,27,"test",190,0.503409504890442,0
"GRU",0,27,"test",191,0.466202020645142,0
"GRU",0,27,"test",192,0.465845882892609,0
"GRU",0,27,"test",193,0.461630433797836,0
"GRU",0,27,"test",194,0.460940182209015,0
"GRU",0,27,"test",195,0.476890206336975,0
"GRU",0,27,"test",196,0.409224212169647,0
"GRU",0,27,"test",197,0.420402586460114,1
"GRU",0,27,"test",198,0.46692106127739,1
"GRU",0,27,"test",199,0.471417635679245,1
"GRU",0,27,"test",200,0.529196500778198,0
"GRU",0,27,"test",201,0.527254343032837,0
"GRU",0,27,"test",202,0.528896033763885,1
"GRU",0,27,"test",203,0.542029619216919,0
"GRU",0,27,"test",204,0.517901122570038,0
"GRU",0,27,"test",205,0.512605845928192,0
"GRU",0,27,"test",206,0.495719254016876,1
"GRU",0,27,"test",207,0.496322095394135,0
"GRU",0,27,"test",208,0.52268248796463,0
"GRU",0,27,"test",209,0.506859660148621,0
"GRU",0,27,"test",210,0.549187958240509,0
"GRU",0,27,"test",211,0.549840688705444,0
"GRU",0,27,"test",212,0.531383693218231,1
"GRU",0,27,"test",213,0.559990644454956,0
"GRU",0,27,"test",214,0.459484547376633,1
"GRU",0,27,"test",215,0.388879805803299,1
"GRU",0,27,"test",216,0.466202080249786,1
"GRU",0,27,"test",217,0.458902567625046,0
"GRU",0,27,"test",218,0.461630433797836,0
"GRU",0,27,"test",219,0.458075225353241,1
"GRU",0,27,"test",220,0.476890206336975,1
"GRU",0,27,"test",221,0.462316185235977,0
"GRU",0,27,"test",222,0.420402586460114,1
"GRU",0,27,"test",223,0.403491646051407,1
"GRU",0,27,"test",224,0.471417635679245,1
"GRU",0,27,"test",225,0.482573390007019,0
"GRU",0,27,"test",226,0.527254343032837,0
"GRU",0,27,"test",227,0.533079206943512,0
"GRU",0,27,"test",228,0.542029619216919,1
"GRU",0,27,"test",229,0.530503571033478,1
"GRU",0,27,"test",230,0.512605845928192,0
"GRU",0,27,"test",231,0.511005342006683,1
"GRU",0,27,"test",232,0.496322095394135,1
"GRU",0,27,"test",233,0.501782894134521,1
"GRU",0,27,"test",234,0.506859660148621,1
"GRU",0,27,"test",235,0.508522272109985,1
"GRU",0,27,"test",236,0.549840688705444,1
"GRU",0,27,"test",237,0.557895362377167,0
"GRU",0,27,"test",238,0.559990644454956,0
"GRU",0,27,"test",239,0.540607571601868,0
"GRU",0,27,"test",240,0.388879805803299,0
"GRU",0,27,"test",241,0.378247499465942,0
"GRU",0,27,"test",242,0.458902567625046,0
"GRU",0,27,"test",243,0.492886126041412,0
"GRU",0,27,"test",244,0.458075225353241,1
"GRU",0,27,"test",245,0.444068789482117,1
"GRU",0,27,"test",246,0.462316185235977,1
"GRU",0,27,"test",247,0.479178935289383,1
"GRU",0,27,"test",248,0.403491646051407,1
"GRU",0,27,"test",249,0.379802256822586,1
"GRU",0,27,"test",250,0.482573390007019,1
"GRU",0,27,"test",251,0.488480031490326,1
"GRU",0,27,"test",252,0.533079206943512,0
"GRU",0,27,"test",253,0.538690984249115,0
"GRU",0,27,"test",254,0.530503571033478,0
"GRU",0,27,"test",255,0.521329462528229,1
"GRU",0,27,"test",256,0.511005342006683,1
"GRU",0,27,"test",257,0.516171395778656,1
"GRU",0,27,"test",258,0.501782894134521,1
"GRU",0,27,"test",259,0.497359126806259,1
"GRU",0,27,"test",260,0.508522272109985,1
"GRU",0,27,"test",261,0.502795577049255,1
"GRU",0,27,"test",262,0.557895362377167,0
"GRU",0,27,"test",263,0.539555370807648,0
"GRU",0,27,"test",264,0.540607571601868,1
"GRU",0,27,"test",265,0.546162605285645,1
"GRU",0,27,"test",266,0.378247499465942,1
"GRU",0,27,"test",267,0.452045172452927,1
"GRU",0,27,"test",268,0.492886126041412,1
"GRU",0,27,"test",269,0.496607840061188,1
"GRU",0,27,"test",270,0.444068789482117,1
"GRU",0,27,"test",271,0.467873245477676,1
"GRU",0,27,"test",272,0.479178935289383,1
"GRU",0,27,"test",273,0.476693779230118,1
"GRU",0,27,"test",274,0.379802256822586,1
"GRU",0,27,"test",275,0.403545349836349,1
"GRU",0,27,"test",276,0.488480031490326,1
"GRU",0,27,"test",277,0.476972877979279,1
"GRU",0,27,"test",278,0.538690984249115,0
"GRU",0,27,"test",279,0.548755347728729,0
"GRU",0,27,"test",280,0.521329462528229,0
"GRU",0,27,"test",281,0.530251801013947,0
"GRU",0,27,"test",282,0.516171395778656,0
"GRU",0,27,"test",283,0.510932207107544,0
"GRU",0,27,"test",284,0.497359126806259,0
"GRU",0,27,"test",285,0.500647008419037,0
"GRU",0,27,"test",286,0.502795577049255,0
"GRU",0,27,"test",287,0.530321776866913,0
"GRU",0,27,"test",288,0.539555370807648,0
"GRU",0,27,"test",289,0.55325984954834,0
"GRU",0,27,"test",290,0.546162605285645,0
"GRU",0,27,"test",291,0.523675739765167,0
"GRU",0,27,"test",292,0.452045172452927,1
"GRU",0,27,"test",293,0.477060049772263,1
"GRU",0,27,"test",294,0.496607840061188,1
"GRU",0,27,"test",295,0.502697587013245,0
"GRU",0,27,"test",296,0.467873245477676,0
"GRU",0,27,"test",297,0.467349201440811,1
"GRU",0,27,"test",298,0.476693779230118,0
"GRU",0,27,"test",299,0.474710315465927,0
"GRU",0,27,"test",300,0.403545349836349,1
"GRU",0,27,"test",301,0.365102976560593,1
"GRU",0,27,"test",302,0.476972877979279,1
"GRU",0,27,"test",303,0.491185545921326,0
"GRU",0,27,"test",304,0.548755347728729,1
"GRU",0,27,"test",305,0.543855786323547,0
"GRU",0,98,"test",1,0.492729008197784,0
"GRU",0,98,"test",2,0.538285970687866,0
"GRU",0,98,"test",3,0.546823859214783,1
"GRU",0,98,"test",4,0.503377437591553,1
"GRU",0,98,"test",5,0.517157793045044,1
"GRU",0,98,"test",6,0.480192482471466,1
"GRU",0,98,"test",7,0.462656766176224,1
"GRU",0,98,"test",8,0.511171460151672,1
"GRU",0,98,"test",9,0.499387979507446,1
"GRU",0,98,"test",10,0.476040035486221,1
"GRU",0,98,"test",11,0.480269193649292,1
"GRU",0,98,"test",12,0.483613520860672,1
"GRU",0,98,"test",13,0.476958245038986,1
"GRU",0,98,"test",14,0.429947823286057,1
"GRU",0,98,"test",15,0.438943266868591,1
"GRU",0,98,"test",16,0.464324027299881,1
"GRU",0,98,"test",17,0.473625808954239,0
"GRU",0,98,"test",18,0.539036273956299,0
"GRU",0,98,"test",19,0.54381263256073,0
"GRU",0,98,"test",20,0.539782524108887,1
"GRU",0,98,"test",21,0.543226063251495,1
"GRU",0,98,"test",22,0.531607389450073,1
"GRU",0,98,"test",23,0.526623487472534,0
"GRU",0,98,"test",24,0.52209484577179,0
"GRU",0,98,"test",25,0.546984910964966,0
"GRU",0,98,"test",26,0.492729008197784,1
"GRU",0,98,"test",27,0.50191867351532,1
"GRU",0,98,"test",28,0.546823859214783,1
"GRU",0,98,"test",29,0.553161263465881,0
"GRU",0,98,"test",30,0.517157793045044,0
"GRU",0,98,"test",31,0.52900367975235,0
"GRU",0,98,"test",32,0.462656766176224,0
"GRU",0,98,"test",33,0.436752557754517,0
"GRU",0,98,"test",34,0.499387979507446,1
"GRU",0,98,"test",35,0.507755041122437,1
"GRU",0,98,"test",36,0.480269193649292,1
"GRU",0,98,"test",37,0.482107847929001,1
"GRU",0,98,"test",38,0.476958245038986,1
"GRU",0,98,"test",39,0.477067559957504,1
"GRU",0,98,"test",40,0.438943266868591,1
"GRU",0,98,"test",41,0.432065725326538,1
"GRU",0,98,"test",42,0.473625808954239,0
"GRU",0,98,"test",43,0.490030854940414,0
"GRU",0,98,"test",44,0.54381263256073,1
"GRU",0,98,"test",45,0.540537893772125,1
"GRU",0,98,"test",46,0.543226063251495,1
"GRU",0,98,"test",47,0.528503596782684,0
"GRU",0,98,"test",48,0.526623487472534,0
"GRU",0,98,"test",49,0.529890418052673,0
"GRU",0,98,"test",50,0.546984910964966,0
"GRU",0,98,"test",51,0.522370159626007,1
"GRU",0,98,"test",52,0.50191867351532,1
"GRU",0,98,"test",53,0.505724132061005,1
"GRU",0,98,"test",54,0.553161263465881,1
"GRU",0,98,"test",55,0.547799944877625,0
"GRU",0,98,"test",56,0.52900367975235,0
"GRU",0,98,"test",57,0.5835862159729,0
"GRU",0,98,"test",58,0.436752557754517,0
"GRU",0,98,"test",59,0.425152987241745,1
"GRU",0,98,"test",60,0.507755041122437,1
"GRU",0,98,"test",61,0.48847022652626,1
"GRU",0,98,"test",62,0.482107847929001,0
"GRU",0,98,"test",63,0.47864356637001,1
"GRU",0,98,"test",64,0.477067559957504,1
"GRU",0,98,"test",65,0.479268133640289,1
"GRU",0,98,"test",66,0.432065725326538,1
"GRU",0,98,"test",67,0.42503422498703,1
"GRU",0,98,"test",68,0.490030854940414,0
"GRU",0,98,"test",69,0.486173152923584,0
"GRU",0,98,"test",70,0.540537893772125,0
"GRU",0,98,"test",71,0.546039044857025,1
"GRU",0,98,"test",72,0.528503596782684,1
"GRU",0,98,"test",73,0.523737072944641,0
"GRU",0,98,"test",74,0.529890418052673,0
"GRU",0,98,"test",75,0.534039258956909,0
"GRU",0,98,"test",76,0.522370159626007,0
"GRU",0,98,"test",77,0.533410727977753,0
"GRU",0,98,"test",78,0.505724132061005,1
"GRU",0,98,"test",79,0.524406790733337,0
"GRU",0,98,"test",80,0.547799944877625,0
"GRU",0,98,"test",81,0.563546359539032,1
"GRU",0,98,"test",82,0.5835862159729,1
"GRU",0,98,"test",83,0.535822868347168,1
"GRU",0,98,"test",84,0.425152987241745,1
"GRU",0,98,"test",85,0.435635060071945,0
"GRU",0,98,"test",86,0.48847022652626,0
"GRU",0,98,"test",87,0.497345924377441,0
"GRU",0,98,"test",88,0.478643596172333,0
"GRU",0,98,"test",89,0.468762516975403,0
"GRU",0,98,"test",90,0.479268133640289,0
"GRU",0,98,"test",91,0.478053539991379,1
"GRU",0,98,"test",92,0.42503422498703,0
"GRU",0,98,"test",93,0.422893643379211,0
"GRU",0,98,"test",94,0.486173152923584,0
"GRU",0,98,"test",95,0.48298516869545,0
"GRU",0,98,"test",96,0.54603898525238,0
"GRU",0,98,"test",97,0.536596238613129,1
"GRU",0,98,"test",98,0.523737072944641,1
"GRU",0,98,"test",99,0.528769016265869,1
"GRU",0,98,"test",100,0.534039258956909,1
"GRU",0,98,"test",101,0.530510306358337,1
"GRU",0,98,"test",102,0.533410727977753,0
"GRU",0,98,"test",103,0.524266481399536,0
"GRU",0,98,"test",104,0.524406790733337,0
"GRU",0,98,"test",105,0.538745820522308,0
"GRU",0,98,"test",106,0.563546359539032,0
"GRU",0,98,"test",107,0.533049046993256,0
"GRU",0,98,"test",108,0.535822868347168,0
"GRU",0,98,"test",109,0.545208036899567,0
"GRU",0,98,"test",110,0.435635060071945,1
"GRU",0,98,"test",111,0.393690228462219,1
"GRU",0,98,"test",112,0.497345924377441,1
"GRU",0,98,"test",113,0.501566290855408,0
"GRU",0,98,"test",114,0.468762516975403,1
"GRU",0,98,"test",115,0.483382254838943,1
"GRU",0,98,"test",116,0.478053539991379,1
"GRU",0,98,"test",117,0.480765551328659,1
"GRU",0,98,"test",118,0.422893643379211,1
"GRU",0,98,"test",119,0.427960395812988,0
"GRU",0,98,"test",120,0.48298516869545,0
"GRU",0,98,"test",121,0.463567912578583,0
"GRU",0,98,"test",122,0.536596238613129,1
"GRU",0,98,"test",123,0.536409080028534,1
"GRU",0,98,"test",124,0.528769016265869,1
"GRU",0,98,"test",125,0.521545946598053,0
"GRU",0,98,"test",126,0.530510306358337,0
"GRU",0,98,"test",127,0.531898200511932,0
"GRU",0,98,"test",128,0.524266481399536,1
"GRU",0,98,"test",129,0.51617968082428,1
"GRU",0,98,"test",130,0.538745820522308,1
"GRU",0,98,"test",131,0.540792644023895,1
"GRU",0,98,"test",132,0.533049046993256,0
"GRU",0,98,"test",133,0.62877756357193,0
"GRU",0,98,"test",134,0.545208036899567,0
"GRU",0,98,"test",135,0.530789136886597,0
"GRU",0,98,"test",136,0.393690228462219,0
"GRU",0,98,"test",137,0.436775743961334,1
"GRU",0,98,"test",138,0.501566290855408,1
"GRU",0,98,"test",139,0.502281546592712,1
"GRU",0,98,"test",140,0.483382254838943,1
"GRU",0,98,"test",141,0.483422487974167,1
"GRU",0,98,"test",142,0.480765551328659,1
"GRU",0,98,"test",143,0.480650097131729,1
"GRU",0,98,"test",144,0.427960395812988,1
"GRU",0,98,"test",145,0.42051362991333,1
"GRU",0,98,"test",146,0.463567912578583,1
"GRU",0,98,"test",147,0.463988184928894,1
"GRU",0,98,"test",148,0.536409080028534,1
"GRU",0,98,"test",149,0.541305363178253,1
"GRU",0,98,"test",150,0.521545946598053,1
"GRU",0,98,"test",151,0.52715402841568,1
"GRU",0,98,"test",152,0.531898200511932,0
"GRU",0,98,"test",153,0.553010225296021,0
"GRU",0,98,"test",154,0.51617968082428,1
"GRU",0,98,"test",155,0.504079341888428,1
"GRU",0,98,"test",156,0.540792644023895,1
"GRU",0,98,"test",157,0.531603038311005,0
"GRU",0,98,"test",158,0.62877756357193,0
"GRU",0,98,"test",159,0.574774980545044,0
"GRU",0,98,"test",160,0.530789136886597,0
"GRU",0,98,"test",161,0.527426481246948,0
"GRU",0,98,"test",162,0.436775743961334,0
"GRU",0,98,"test",163,0.468658804893494,0
"GRU",0,98,"test",164,0.502281546592712,0
"GRU",0,98,"test",165,0.505756497383118,1
"GRU",0,98,"test",166,0.483422487974167,1
"GRU",0,98,"test",167,0.480078727006912,0
"GRU",0,98,"test",168,0.480650097131729,1
"GRU",0,98,"test",169,0.479061990976334,1
"GRU",0,98,"test",170,0.42051362991333,1
"GRU",0,98,"test",171,0.424919724464417,0
"GRU",0,98,"test",172,0.463988184928894,0
"GRU",0,98,"test",173,0.458518356084824,1
"GRU",0,98,"test",174,0.541305363178253,1
"GRU",0,98,"test",175,0.539009630680084,1
"GRU",0,98,"test",176,0.52715402841568,1
"GRU",0,98,"test",177,0.530691981315613,0
"GRU",0,98,"test",178,0.553010225296021,0
"GRU",0,98,"test",179,0.533243417739868,0
"GRU",0,98,"test",180,0.504079341888428,0
"GRU",0,98,"test",181,0.551507413387299,0
"GRU",0,98,"test",182,0.531603038311005,0
"GRU",0,98,"test",183,0.529597282409668,0
"GRU",0,98,"test",184,0.574774980545044,0
"GRU",0,98,"test",185,0.556507587432861,0
"GRU",0,98,"test",186,0.527426481246948,1
"GRU",0,98,"test",187,0.519028782844543,0
"GRU",0,98,"test",188,0.468658804893494,0
"GRU",0,98,"test",189,0.468902379274368,0
"GRU",0,98,"test",190,0.505756497383118,0
"GRU",0,98,"test",191,0.461643785238266,0
"GRU",0,98,"test",192,0.480078727006912,0
"GRU",0,98,"test",193,0.477981001138687,0
"GRU",0,98,"test",194,0.479061990976334,0
"GRU",0,98,"test",195,0.48373806476593,0
"GRU",0,98,"test",196,0.424919724464417,0
"GRU",0,98,"test",197,0.439616799354553,1
"GRU",0,98,"test",198,0.458518356084824,1
"GRU",0,98,"test",199,0.46275469660759,1
"GRU",0,98,"test",200,0.539009630680084,0
"GRU",0,98,"test",201,0.537038922309875,0
"GRU",0,98,"test",202,0.530691981315613,1
"GRU",0,98,"test",203,0.531166791915894,0
"GRU",0,98,"test",204,0.533243417739868,0
"GRU",0,98,"test",205,0.528046131134033,0
"GRU",0,98,"test",206,0.551507413387299,1
"GRU",0,98,"test",207,0.533996999263763,0
"GRU",0,98,"test",208,0.529597282409668,0
"GRU",0,98,"test",209,0.510409116744995,0
"GRU",0,98,"test",210,0.556507587432861,0
"GRU",0,98,"test",211,0.557287275791168,0
"GRU",0,98,"test",212,0.519028782844543,1
"GRU",0,98,"test",213,0.557636797428131,0
"GRU",0,98,"test",214,0.468902379274368,1
"GRU",0,98,"test",215,0.402316004037857,1
"GRU",0,98,"test",216,0.461643785238266,1
"GRU",0,98,"test",217,0.451651394367218,0
"GRU",0,98,"test",218,0.477981001138687,0
"GRU",0,98,"test",219,0.475539863109589,1
"GRU",0,98,"test",220,0.48373806476593,1
"GRU",0,98,"test",221,0.479464828968048,0
"GRU",0,98,"test",222,0.439616799354553,1
"GRU",0,98,"test",223,0.421680390834808,1
"GRU",0,98,"test",224,0.462754666805267,1
"GRU",0,98,"test",225,0.47293746471405,0
"GRU",0,98,"test",226,0.537038922309875,0
"GRU",0,98,"test",227,0.553921818733215,0
"GRU",0,98,"test",228,0.531166791915894,1
"GRU",0,98,"test",229,0.531521856784821,1
"GRU",0,98,"test",230,0.528046131134033,0
"GRU",0,98,"test",231,0.518935441970825,1
"GRU",0,98,"test",232,0.533996999263763,1
"GRU",0,98,"test",233,0.535251975059509,1
"GRU",0,98,"test",234,0.510409116744995,1
"GRU",0,98,"test",235,0.512750089168549,1
"GRU",0,98,"test",236,0.557287275791168,1
"GRU",0,98,"test",237,0.571148931980133,0
"GRU",0,98,"test",238,0.557636797428131,0
"GRU",0,98,"test",239,0.530756235122681,0
"GRU",0,98,"test",240,0.402316004037857,0
"GRU",0,98,"test",241,0.38381415605545,0
"GRU",0,98,"test",242,0.451651394367218,0
"GRU",0,98,"test",243,0.48826938867569,0
"GRU",0,98,"test",244,0.475539863109589,1
"GRU",0,98,"test",245,0.465617597103119,1
"GRU",0,98,"test",246,0.479464828968048,1
"GRU",0,98,"test",247,0.484821200370789,1
"GRU",0,98,"test",248,0.421680390834808,1
"GRU",0,98,"test",249,0.41102796792984,1
"GRU",0,98,"test",250,0.47293746471405,1
"GRU",0,98,"test",251,0.476721107959747,1
"GRU",0,98,"test",252,0.553921818733215,0
"GRU",0,98,"test",253,0.553593873977661,0
"GRU",0,98,"test",254,0.531521856784821,0
"GRU",0,98,"test",255,0.523362517356873,1
"GRU",0,98,"test",256,0.518935441970825,1
"GRU",0,98,"test",257,0.536415159702301,1
"GRU",0,98,"test",258,0.535251975059509,1
"GRU",0,98,"test",259,0.537468254566193,1
"GRU",0,98,"test",260,0.512750089168549,1
"GRU",0,98,"test",261,0.503915369510651,1
"GRU",0,98,"test",262,0.571148931980133,0
"GRU",0,98,"test",263,0.548384845256805,0
"GRU",0,98,"test",264,0.530756235122681,1
"GRU",0,98,"test",265,0.539058148860931,1
"GRU",0,98,"test",266,0.38381415605545,1
"GRU",0,98,"test",267,0.453183114528656,1
"GRU",0,98,"test",268,0.48826938867569,1
"GRU",0,98,"test",269,0.494408130645752,1
"GRU",0,98,"test",270,0.465617597103119,1
"GRU",0,98,"test",271,0.481442093849182,1
"GRU",0,98,"test",272,0.484821200370789,1
"GRU",0,98,"test",273,0.483564555644989,1
"GRU",0,98,"test",274,0.41102796792984,1
"GRU",0,98,"test",275,0.422658056020737,1
"GRU",0,98,"test",276,0.476721107959747,1
"GRU",0,98,"test",277,0.463155299425125,1
"GRU",0,98,"test",278,0.553593873977661,0
"GRU",0,98,"test",279,0.540581166744232,0
"GRU",0,98,"test",280,0.523362517356873,0
"GRU",0,98,"test",281,0.52581661939621,0
"GRU",0,98,"test",282,0.536415159702301,0
"GRU",0,98,"test",283,0.524333298206329,0
"GRU",0,98,"test",284,0.537468254566193,0
"GRU",0,98,"test",285,0.522473394870758,0
"GRU",0,98,"test",286,0.503915369510651,0
"GRU",0,98,"test",287,0.538111627101898,0
"GRU",0,98,"test",288,0.548384845256805,0
"GRU",0,98,"test",289,0.561148107051849,0
"GRU",0,98,"test",290,0.539058148860931,0
"GRU",0,98,"test",291,0.512439250946045,0
"GRU",0,98,"test",292,0.453183114528656,1
"GRU",0,98,"test",293,0.490637451410294,1
"GRU",0,98,"test",294,0.494408130645752,1
"GRU",0,98,"test",295,0.502931773662567,0
"GRU",0,98,"test",296,0.481442093849182,0
"GRU",0,98,"test",297,0.480936944484711,1
"GRU",0,98,"test",298,0.483564555644989,0
"GRU",0,98,"test",299,0.483149141073227,0
"GRU",0,98,"test",300,0.422658056020737,1
"GRU",0,98,"test",301,0.383535951375961,1
"GRU",0,98,"test",302,0.463155299425125,1
"GRU",0,98,"test",303,0.476897597312927,0
"GRU",0,98,"test",304,0.540581166744232,1
"GRU",0,98,"test",305,0.548056781291962,0
"GRU",0,41,"test",1,0.498707294464111,0
"GRU",0,41,"test",2,0.542421042919159,0
"GRU",0,41,"test",3,0.54530394077301,1
"GRU",0,41,"test",4,0.489262074232101,1
"GRU",0,41,"test",5,0.505736231803894,1
"GRU",0,41,"test",6,0.481186866760254,1
"GRU",0,41,"test",7,0.477414578199387,1
"GRU",0,41,"test",8,0.495815873146057,1
"GRU",0,41,"test",9,0.494579434394836,1
"GRU",0,41,"test",10,0.480702340602875,1
"GRU",0,41,"test",11,0.484713792800903,1
"GRU",0,41,"test",12,0.485421746969223,1
"GRU",0,41,"test",13,0.467155754566193,1
"GRU",0,41,"test",14,0.433292388916016,1
"GRU",0,41,"test",15,0.437835186719894,1
"GRU",0,41,"test",16,0.475545853376389,1
"GRU",0,41,"test",17,0.478244245052338,0
"GRU",0,41,"test",18,0.515369594097137,0
"GRU",0,41,"test",19,0.516478836536407,0
"GRU",0,41,"test",20,0.523507714271545,1
"GRU",0,41,"test",21,0.525949358940125,1
"GRU",0,41,"test",22,0.524779498577118,1
"GRU",0,41,"test",23,0.522343635559082,0
"GRU",0,41,"test",24,0.507681727409363,0
"GRU",0,41,"test",25,0.50707882642746,0
"GRU",0,41,"test",26,0.498707294464111,1
"GRU",0,41,"test",27,0.504201173782349,1
"GRU",0,41,"test",28,0.54530394077301,1
"GRU",0,41,"test",29,0.545554459095001,0
"GRU",0,41,"test",30,0.505736231803894,0
"GRU",0,41,"test",31,0.512417852878571,0
"GRU",0,41,"test",32,0.477414578199387,0
"GRU",0,41,"test",33,0.467905938625336,0
"GRU",0,41,"test",34,0.494579434394836,1
"GRU",0,41,"test",35,0.499618023633957,1
"GRU",0,41,"test",36,0.484713792800903,1
"GRU",0,41,"test",37,0.486569046974182,1
"GRU",0,41,"test",38,0.467155754566193,1
"GRU",0,41,"test",39,0.467707812786102,1
"GRU",0,41,"test",40,0.437835186719894,1
"GRU",0,41,"test",41,0.436638623476028,1
"GRU",0,41,"test",42,0.478244245052338,0
"GRU",0,41,"test",43,0.490500420331955,0
"GRU",0,41,"test",44,0.516478836536407,1
"GRU",0,41,"test",45,0.515834808349609,1
"GRU",0,41,"test",46,0.525949358940125,1
"GRU",0,41,"test",47,0.515125155448914,0
"GRU",0,41,"test",48,0.522343635559082,0
"GRU",0,41,"test",49,0.523999571800232,0
"GRU",0,41,"test",50,0.50707882642746,0
"GRU",0,41,"test",51,0.508156657218933,1
"GRU",0,41,"test",52,0.504201173782349,1
"GRU",0,41,"test",53,0.507057905197144,1
"GRU",0,41,"test",54,0.545554459095001,1
"GRU",0,41,"test",55,0.539817333221436,0
"GRU",0,41,"test",56,0.512417852878571,0
"GRU",0,41,"test",57,0.545904636383057,0
"GRU",0,41,"test",58,0.467905938625336,0
"GRU",0,41,"test",59,0.463923573493958,1
"GRU",0,41,"test",60,0.499618023633957,1
"GRU",0,41,"test",61,0.4907446205616,1
"GRU",0,41,"test",62,0.486569046974182,0
"GRU",0,41,"test",63,0.482649147510529,1
"GRU",0,41,"test",64,0.467707812786102,1
"GRU",0,41,"test",65,0.474976420402527,1
"GRU",0,41,"test",66,0.436638623476028,1
"GRU",0,41,"test",67,0.425083994865417,1
"GRU",0,41,"test",68,0.490500420331955,0
"GRU",0,41,"test",69,0.489554613828659,0
"GRU",0,41,"test",70,0.515834808349609,0
"GRU",0,41,"test",71,0.521063506603241,1
"GRU",0,41,"test",72,0.515125155448914,1
"GRU",0,41,"test",73,0.512572526931763,0
"GRU",0,41,"test",74,0.523999571800232,0
"GRU",0,41,"test",75,0.526112794876099,0
"GRU",0,41,"test",76,0.508156657218933,0
"GRU",0,41,"test",77,0.509098410606384,0
"GRU",0,41,"test",78,0.507057905197144,1
"GRU",0,41,"test",79,0.510610342025757,0
"GRU",0,41,"test",80,0.539817333221436,0
"GRU",0,41,"test",81,0.543660223484039,1
"GRU",0,41,"test",82,0.545904636383057,1
"GRU",0,41,"test",83,0.51627641916275,1
"GRU",0,41,"test",84,0.463923573493958,1
"GRU",0,41,"test",85,0.467500299215317,0
"GRU",0,41,"test",86,0.4907446205616,0
"GRU",0,41,"test",87,0.494142830371857,0
"GRU",0,41,"test",88,0.482649147510529,0
"GRU",0,41,"test",89,0.477026969194412,0
"GRU",0,41,"test",90,0.474976420402527,0
"GRU",0,41,"test",91,0.47199335694313,1
"GRU",0,41,"test",92,0.425083994865417,0
"GRU",0,41,"test",93,0.423230469226837,0
"GRU",0,41,"test",94,0.489554613828659,0
"GRU",0,41,"test",95,0.486301600933075,0
"GRU",0,41,"test",96,0.521063506603241,0
"GRU",0,41,"test",97,0.517064154148102,1
"GRU",0,41,"test",98,0.512572526931763,1
"GRU",0,41,"test",99,0.515387773513794,1
"GRU",0,41,"test",100,0.526112794876099,1
"GRU",0,41,"test",101,0.524470567703247,1
"GRU",0,41,"test",102,0.509098410606384,0
"GRU",0,41,"test",103,0.509637355804443,0
"GRU",0,41,"test",104,0.510610342025757,0
"GRU",0,41,"test",105,0.510294675827026,0
"GRU",0,41,"test",106,0.543660223484039,0
"GRU",0,41,"test",107,0.534977436065674,0
"GRU",0,41,"test",108,0.51627641916275,0
"GRU",0,41,"test",109,0.522246122360229,0
"GRU",0,41,"test",110,0.467500299215317,1
"GRU",0,41,"test",111,0.451481729745865,1
"GRU",0,41,"test",112,0.494142830371857,1
"GRU",0,41,"test",113,0.494887590408325,0
"GRU",0,41,"test",114,0.477026969194412,1
"GRU",0,41,"test",115,0.483504146337509,1
"GRU",0,41,"test",116,0.47199335694313,1
"GRU",0,41,"test",117,0.480003118515015,1
"GRU",0,41,"test",118,0.423230469226837,1
"GRU",0,41,"test",119,0.436965554952621,0
"GRU",0,41,"test",120,0.486301600933075,0
"GRU",0,41,"test",121,0.470649093389511,0
"GRU",0,41,"test",122,0.517064154148102,1
"GRU",0,41,"test",123,0.517277598381042,1
"GRU",0,41,"test",124,0.515387773513794,1
"GRU",0,41,"test",125,0.51115745306015,0
"GRU",0,41,"test",126,0.524470567703247,0
"GRU",0,41,"test",127,0.524821400642395,0
"GRU",0,41,"test",128,0.509637355804443,1
"GRU",0,41,"test",129,0.507678985595703,1
"GRU",0,41,"test",130,0.510294675827026,1
"GRU",0,41,"test",131,0.507511854171753,1
"GRU",0,41,"test",132,0.534977436065674,0
"GRU",0,41,"test",133,0.55810558795929,0
"GRU",0,41,"test",134,0.522246122360229,0
"GRU",0,41,"test",135,0.510577738285065,0
"GRU",0,41,"test",136,0.451481729745865,0
"GRU",0,41,"test",137,0.46843221783638,1
"GRU",0,41,"test",138,0.494887590408325,1
"GRU",0,41,"test",139,0.493926048278809,1
"GRU",0,41,"test",140,0.483504146337509,1
"GRU",0,41,"test",141,0.482700288295746,1
"GRU",0,41,"test",142,0.480003118515015,1
"GRU",0,41,"test",143,0.485494762659073,1
"GRU",0,41,"test",144,0.436965554952621,1
"GRU",0,41,"test",145,0.431819766759872,1
"GRU",0,41,"test",146,0.470649093389511,1
"GRU",0,41,"test",147,0.468564480543137,1
"GRU",0,41,"test",148,0.517277598381042,1
"GRU",0,41,"test",149,0.514983236789703,1
"GRU",0,41,"test",150,0.51115745306015,1
"GRU",0,41,"test",151,0.514685809612274,1
"GRU",0,41,"test",152,0.52482134103775,0
"GRU",0,41,"test",153,0.534543037414551,0
"GRU",0,41,"test",154,0.507678985595703,1
"GRU",0,41,"test",155,0.503547191619873,1
"GRU",0,41,"test",156,0.507511854171753,1
"GRU",0,41,"test",157,0.509922444820404,0
"GRU",0,41,"test",158,0.55810558795929,0
"GRU",0,41,"test",159,0.548080265522003,0
"GRU",0,41,"test",160,0.510577738285065,0
"GRU",0,41,"test",161,0.507920145988464,0
"GRU",0,41,"test",162,0.46843221783638,0
"GRU",0,41,"test",163,0.479991853237152,0
"GRU",0,41,"test",164,0.493926048278809,0
"GRU",0,41,"test",165,0.497104644775391,1
"GRU",0,41,"test",166,0.482700288295746,1
"GRU",0,41,"test",167,0.482657104730606,0
"GRU",0,41,"test",168,0.485494762659073,1
"GRU",0,41,"test",169,0.480030387639999,1
"GRU",0,41,"test",170,0.431819766759872,1
"GRU",0,41,"test",171,0.436448186635971,0
"GRU",0,41,"test",172,0.468564480543137,0
"GRU",0,41,"test",173,0.466303646564484,1
"GRU",0,41,"test",174,0.514983236789703,1
"GRU",0,41,"test",175,0.516185641288757,1
"GRU",0,41,"test",176,0.514685809612274,1
"GRU",0,41,"test",177,0.517285287380219,0
"GRU",0,41,"test",178,0.534543037414551,0
"GRU",0,41,"test",179,0.525133728981018,0
"GRU",0,41,"test",180,0.503547191619873,0
"GRU",0,41,"test",181,0.509109616279602,0
"GRU",0,41,"test",182,0.509922444820404,0
"GRU",0,41,"test",183,0.511911332607269,0
"GRU",0,41,"test",184,0.548080265522003,0
"GRU",0,41,"test",185,0.53902930021286,0
"GRU",0,41,"test",186,0.507920145988464,1
"GRU",0,41,"test",187,0.500978648662567,0
"GRU",0,41,"test",188,0.479991853237152,0
"GRU",0,41,"test",189,0.480209827423096,0
"GRU",0,41,"test",190,0.497104644775391,0
"GRU",0,41,"test",191,0.485985696315765,0
"GRU",0,41,"test",192,0.482657104730606,0
"GRU",0,41,"test",193,0.4787857234478,0
"GRU",0,41,"test",194,0.480030387639999,0
"GRU",0,41,"test",195,0.488234788179398,0
"GRU",0,41,"test",196,0.436448186635971,0
"GRU",0,41,"test",197,0.445139497518539,1
"GRU",0,41,"test",198,0.466303646564484,1
"GRU",0,41,"test",199,0.470106214284897,1
"GRU",0,41,"test",200,0.516185641288757,0
"GRU",0,41,"test",201,0.515722036361694,0
"GRU",0,41,"test",202,0.517285287380219,1
"GRU",0,41,"test",203,0.515945136547089,0
"GRU",0,41,"test",204,0.525133728981018,0
"GRU",0,41,"test",205,0.523189961910248,0
"GRU",0,41,"test",206,0.509109616279602,1
"GRU",0,41,"test",207,0.512588560581207,0
"GRU",0,41,"test",208,0.511911332607269,0
"GRU",0,41,"test",209,0.508029162883759,0
"GRU",0,41,"test",210,0.53902930021286,0
"GRU",0,41,"test",211,0.539437770843506,0
"GRU",0,41,"test",212,0.500978648662567,1
"GRU",0,41,"test",213,0.530494630336761,0
"GRU",0,41,"test",214,0.480209827423096,1
"GRU",0,41,"test",215,0.454413592815399,1
"GRU",0,41,"test",216,0.48598575592041,1
"GRU",0,41,"test",217,0.486970156431198,0
"GRU",0,41,"test",218,0.4787857234478,0
"GRU",0,41,"test",219,0.477873742580414,1
"GRU",0,41,"test",220,0.488234788179398,1
"GRU",0,41,"test",221,0.481497704982758,0
"GRU",0,41,"test",222,0.445139497518539,1
"GRU",0,41,"test",223,0.431548357009888,1
"GRU",0,41,"test",224,0.470106214284897,1
"GRU",0,41,"test",225,0.478490829467773,0
"GRU",0,41,"test",226,0.515722036361694,0
"GRU",0,41,"test",227,0.520471274852753,0
"GRU",0,41,"test",228,0.515945136547089,1
"GRU",0,41,"test",229,0.517778694629669,1
"GRU",0,41,"test",230,0.523189961910248,0
"GRU",0,41,"test",231,0.517268061637878,1
"GRU",0,41,"test",232,0.512588560581207,1
"GRU",0,41,"test",233,0.508325338363647,1
"GRU",0,41,"test",234,0.508029162883759,1
"GRU",0,41,"test",235,0.508890807628632,1
"GRU",0,41,"test",236,0.539437770843506,1
"GRU",0,41,"test",237,0.542439758777618,0
"GRU",0,41,"test",238,0.530494630336761,0
"GRU",0,41,"test",239,0.510412395000458,0
"GRU",0,41,"test",240,0.454413592815399,0
"GRU",0,41,"test",241,0.443382203578949,0
"GRU",0,41,"test",242,0.486970156431198,0
"GRU",0,41,"test",243,0.492215692996979,0
"GRU",0,41,"test",244,0.477873742580414,1
"GRU",0,41,"test",245,0.475945293903351,1
"GRU",0,41,"test",246,0.481497704982758,1
"GRU",0,41,"test",247,0.492262572050095,1
"GRU",0,41,"test",248,0.431548357009888,1
"GRU",0,41,"test",249,0.406070947647095,1
"GRU",0,41,"test",250,0.478490829467773,1
"GRU",0,41,"test",251,0.477522373199463,1
"GRU",0,41,"test",252,0.520471274852753,0
"GRU",0,41,"test",253,0.518321931362152,0
"GRU",0,41,"test",254,0.517778694629669,0
"GRU",0,41,"test",255,0.512641847133636,1
"GRU",0,41,"test",256,0.517268061637878,1
"GRU",0,41,"test",257,0.527327835559845,1
"GRU",0,41,"test",258,0.508325338363647,1
"GRU",0,41,"test",259,0.509114980697632,1
"GRU",0,41,"test",260,0.508890807628632,1
"GRU",0,41,"test",261,0.505407691001892,1
"GRU",0,41,"test",262,0.542439758777618,0
"GRU",0,41,"test",263,0.528085947036743,0
"GRU",0,41,"test",264,0.510412395000458,1
"GRU",0,41,"test",265,0.518369436264038,1
"GRU",0,41,"test",266,0.443382203578949,1
"GRU",0,41,"test",267,0.47184032201767,1
"GRU",0,41,"test",268,0.492215692996979,1
"GRU",0,41,"test",269,0.493121296167374,1
"GRU",0,41,"test",270,0.475945293903351,1
"GRU",0,41,"test",271,0.481794416904449,1
"GRU",0,41,"test",272,0.492262572050095,1
"GRU",0,41,"test",273,0.48723092675209,1
"GRU",0,41,"test",274,0.406070947647095,1
"GRU",0,41,"test",275,0.431551039218903,1
"GRU",0,41,"test",276,0.477522373199463,1
"GRU",0,41,"test",277,0.461453348398209,1
"GRU",0,41,"test",278,0.518321931362152,0
"GRU",0,41,"test",279,0.511471748352051,0
"GRU",0,41,"test",280,0.512641847133636,0
"GRU",0,41,"test",281,0.513371407985687,0
"GRU",0,41,"test",282,0.527327835559845,0
"GRU",0,41,"test",283,0.521233737468719,0
"GRU",0,41,"test",284,0.509114980697632,0
"GRU",0,41,"test",285,0.507687151432037,0
"GRU",0,41,"test",286,0.505407691001892,0
"GRU",0,41,"test",287,0.509687900543213,0
"GRU",0,41,"test",288,0.528085947036743,0
"GRU",0,41,"test",289,0.54156506061554,0
"GRU",0,41,"test",290,0.518369436264038,0
"GRU",0,41,"test",291,0.499877452850342,0
"GRU",0,41,"test",292,0.47184032201767,1
"GRU",0,41,"test",293,0.488876909017563,1
"GRU",0,41,"test",294,0.493121296167374,1
"GRU",0,41,"test",295,0.497883021831512,0
"GRU",0,41,"test",296,0.481794416904449,0
"GRU",0,41,"test",297,0.482468396425247,1
"GRU",0,41,"test",298,0.48723092675209,0
"GRU",0,41,"test",299,0.488447397947311,0
"GRU",0,41,"test",300,0.431551039218903,1
"GRU",0,41,"test",301,0.390043795108795,1
"GRU",0,41,"test",302,0.461453348398209,1
"GRU",0,41,"test",303,0.473355770111084,0
"GRU",0,41,"test",304,0.511471748352051,1
"GRU",0,41,"test",305,0.515599310398102,0
"GRU",0,64,"test",1,0.474022388458252,0
"GRU",0,64,"test",2,0.508740544319153,0
"GRU",0,64,"test",3,0.515727043151855,1
"GRU",0,64,"test",4,0.52097076177597,1
"GRU",0,64,"test",5,0.52178019285202,1
"GRU",0,64,"test",6,0.470489263534546,1
"GRU",0,64,"test",7,0.452725261449814,1
"GRU",0,64,"test",8,0.509808897972107,1
"GRU",0,64,"test",9,0.49257418513298,1
"GRU",0,64,"test",10,0.475046783685684,1
"GRU",0,64,"test",11,0.473829507827759,1
"GRU",0,64,"test",12,0.464368432760239,1
"GRU",0,64,"test",13,0.454423785209656,1
"GRU",0,64,"test",14,0.376355141401291,1
"GRU",0,64,"test",15,0.377827644348145,1
"GRU",0,64,"test",16,0.473039954900742,1
"GRU",0,64,"test",17,0.487023681402206,0
"GRU",0,64,"test",18,0.531246542930603,0
"GRU",0,64,"test",19,0.539527833461761,0
"GRU",0,64,"test",20,0.525856375694275,1
"GRU",0,64,"test",21,0.535705029964447,1
"GRU",0,64,"test",22,0.509626507759094,1
"GRU",0,64,"test",23,0.502009391784668,0
"GRU",0,64,"test",24,0.502420365810394,0
"GRU",0,64,"test",25,0.52927577495575,0
"GRU",0,64,"test",26,0.474022388458252,1
"GRU",0,64,"test",27,0.487366735935211,1
"GRU",0,64,"test",28,0.515727043151855,1
"GRU",0,64,"test",29,0.523104846477509,0
"GRU",0,64,"test",30,0.52178019285202,0
"GRU",0,64,"test",31,0.538015007972717,0
"GRU",0,64,"test",32,0.452725261449814,0
"GRU",0,64,"test",33,0.422589391469955,0
"GRU",0,64,"test",34,0.49257418513298,1
"GRU",0,64,"test",35,0.496148288249969,1
"GRU",0,64,"test",36,0.473829507827759,1
"GRU",0,64,"test",37,0.473269104957581,1
"GRU",0,64,"test",38,0.454423785209656,1
"GRU",0,64,"test",39,0.450784802436829,1
"GRU",0,64,"test",40,0.377827644348145,1
"GRU",0,64,"test",41,0.380739092826843,1
"GRU",0,64,"test",42,0.487023681402206,0
"GRU",0,64,"test",43,0.492557227611542,0
"GRU",0,64,"test",44,0.539527833461761,1
"GRU",0,64,"test",45,0.53328001499176,1
"GRU",0,64,"test",46,0.535705029964447,1
"GRU",0,64,"test",47,0.512108623981476,0
"GRU",0,64,"test",48,0.502009391784668,0
"GRU",0,64,"test",49,0.512521326541901,0
"GRU",0,64,"test",50,0.52927577495575,0
"GRU",0,64,"test",51,0.497456252574921,1
"GRU",0,64,"test",52,0.487366735935211,1
"GRU",0,64,"test",53,0.477193981409073,1
"GRU",0,64,"test",54,0.523104846477509,1
"GRU",0,64,"test",55,0.52164500951767,0
"GRU",0,64,"test",56,0.538015007972717,0
"GRU",0,64,"test",57,0.585758328437805,0
"GRU",0,64,"test",58,0.422589391469955,0
"GRU",0,64,"test",59,0.405452042818069,1
"GRU",0,64,"test",60,0.496148288249969,1
"GRU",0,64,"test",61,0.495693385601044,1
"GRU",0,64,"test",62,0.473269104957581,0
"GRU",0,64,"test",63,0.474589437246323,1
"GRU",0,64,"test",64,0.450784802436829,1
"GRU",0,64,"test",65,0.456788599491119,1
"GRU",0,64,"test",66,0.380739092826843,1
"GRU",0,64,"test",67,0.366100609302521,1
"GRU",0,64,"test",68,0.492557227611542,0
"GRU",0,64,"test",69,0.485438346862793,0
"GRU",0,64,"test",70,0.53328001499176,0
"GRU",0,64,"test",71,0.520588874816895,1
"GRU",0,64,"test",72,0.512108623981476,1
"GRU",0,64,"test",73,0.502541363239288,0
"GRU",0,64,"test",74,0.512521326541901,0
"GRU",0,64,"test",75,0.51455295085907,0
"GRU",0,64,"test",76,0.497456252574921,0
"GRU",0,64,"test",77,0.506853938102722,0
"GRU",0,64,"test",78,0.477193981409073,1
"GRU",0,64,"test",79,0.479608863592148,0
"GRU",0,64,"test",80,0.52164500951767,0
"GRU",0,64,"test",81,0.53394877910614,1
"GRU",0,64,"test",82,0.585758328437805,1
"GRU",0,64,"test",83,0.546366333961487,1
"GRU",0,64,"test",84,0.405452042818069,1
"GRU",0,64,"test",85,0.421020299196243,0
"GRU",0,64,"test",86,0.495693385601044,0
"GRU",0,64,"test",87,0.490278154611588,0
"GRU",0,64,"test",88,0.474589437246323,0
"GRU",0,64,"test",89,0.475004404783249,0
"GRU",0,64,"test",90,0.456788599491119,0
"GRU",0,64,"test",91,0.461768865585327,1
"GRU",0,64,"test",92,0.366100609302521,0
"GRU",0,64,"test",93,0.36462989449501,0
"GRU",0,64,"test",94,0.485438346862793,0
"GRU",0,64,"test",95,0.487732648849487,0
"GRU",0,64,"test",96,0.520588874816895,0
"GRU",0,64,"test",97,0.513768792152405,1
"GRU",0,64,"test",98,0.502541363239288,1
"GRU",0,64,"test",99,0.511618375778198,1
"GRU",0,64,"test",100,0.51455295085907,1
"GRU",0,64,"test",101,0.511211216449738,1
"GRU",0,64,"test",102,0.506853938102722,0
"GRU",0,64,"test",103,0.492968380451202,0
"GRU",0,64,"test",104,0.479608863592148,0
"GRU",0,64,"test",105,0.491388708353043,0
"GRU",0,64,"test",106,0.53394877910614,0
"GRU",0,64,"test",107,0.509210467338562,0
"GRU",0,64,"test",108,0.546366333961487,0
"GRU",0,64,"test",109,0.555518865585327,0
"GRU",0,64,"test",110,0.421020299196243,1
"GRU",0,64,"test",111,0.359561234712601,1
"GRU",0,64,"test",112,0.490278154611588,1
"GRU",0,64,"test",113,0.495715290307999,0
"GRU",0,64,"test",114,0.475004404783249,1
"GRU",0,64,"test",115,0.475403040647507,1
"GRU",0,64,"test",116,0.461768865585327,1
"GRU",0,64,"test",117,0.464740604162216,1
"GRU",0,64,"test",118,0.36462989449501,1
"GRU",0,64,"test",119,0.384985655546188,0
"GRU",0,64,"test",120,0.487732589244843,0
"GRU",0,64,"test",121,0.481174051761627,0
"GRU",0,64,"test",122,0.513768792152405,1
"GRU",0,64,"test",123,0.512131214141846,1
"GRU",0,64,"test",124,0.511618375778198,1
"GRU",0,64,"test",125,0.501195847988129,0
"GRU",0,64,"test",126,0.511211216449738,0
"GRU",0,64,"test",127,0.516442835330963,0
"GRU",0,64,"test",128,0.492968380451202,1
"GRU",0,64,"test",129,0.487794667482376,1
"GRU",0,64,"test",130,0.491388708353043,1
"GRU",0,64,"test",131,0.508676290512085,1
"GRU",0,64,"test",132,0.509210467338562,0
"GRU",0,64,"test",133,0.573040008544922,0
"GRU",0,64,"test",134,0.555518865585327,0
"GRU",0,64,"test",135,0.546342194080353,0
"GRU",0,64,"test",136,0.359561234712601,0
"GRU",0,64,"test",137,0.421262443065643,1
"GRU",0,64,"test",138,0.495715290307999,1
"GRU",0,64,"test",139,0.500992894172668,1
"GRU",0,64,"test",140,0.475403040647507,1
"GRU",0,64,"test",141,0.475830256938934,1
"GRU",0,64,"test",142,0.464740604162216,1
"GRU",0,64,"test",143,0.480135142803192,1
"GRU",0,64,"test",144,0.384985655546188,1
"GRU",0,64,"test",145,0.382071167230606,1
"GRU",0,64,"test",146,0.481174051761627,1
"GRU",0,64,"test",147,0.485391288995743,1
"GRU",0,64,"test",148,0.512131214141846,1
"GRU",0,64,"test",149,0.541198790073395,1
"GRU",0,64,"test",150,0.501195847988129,1
"GRU",0,64,"test",151,0.506418228149414,1
"GRU",0,64,"test",152,0.516442835330963,0
"GRU",0,64,"test",153,0.540674924850464,0
"GRU",0,64,"test",154,0.487794667482376,1
"GRU",0,64,"test",155,0.478385627269745,1
"GRU",0,64,"test",156,0.508676290512085,1
"GRU",0,64,"test",157,0.485960841178894,0
"GRU",0,64,"test",158,0.573040008544922,0
"GRU",0,64,"test",159,0.541132032871246,0
"GRU",0,64,"test",160,0.546342194080353,0
"GRU",0,64,"test",161,0.543773174285889,0
"GRU",0,64,"test",162,0.421262443065643,0
"GRU",0,64,"test",163,0.461849838495255,0
"GRU",0,64,"test",164,0.500992894172668,0
"GRU",0,64,"test",165,0.497098177671432,1
"GRU",0,64,"test",166,0.475830256938934,1
"GRU",0,64,"test",167,0.474985361099243,0
"GRU",0,64,"test",168,0.480135142803192,1
"GRU",0,64,"test",169,0.476284593343735,1
"GRU",0,64,"test",170,0.382071167230606,1
"GRU",0,64,"test",171,0.386982321739197,0
"GRU",0,64,"test",172,0.485391288995743,0
"GRU",0,64,"test",173,0.478289008140564,1
"GRU",0,64,"test",174,0.541198790073395,1
"GRU",0,64,"test",175,0.526187837123871,1
"GRU",0,64,"test",176,0.506418228149414,1
"GRU",0,64,"test",177,0.507762253284454,0
"GRU",0,64,"test",178,0.540674924850464,0
"GRU",0,64,"test",179,0.519696056842804,0
"GRU",0,64,"test",180,0.478385627269745,0
"GRU",0,64,"test",181,0.517186045646667,0
"GRU",0,64,"test",182,0.485960841178894,0
"GRU",0,64,"test",183,0.480135262012482,0
"GRU",0,64,"test",184,0.541132032871246,0
"GRU",0,64,"test",185,0.529751360416412,0
"GRU",0,64,"test",186,0.543773174285889,1
"GRU",0,64,"test",187,0.537572920322418,0
"GRU",0,64,"test",188,0.461849838495255,0
"GRU",0,64,"test",189,0.462826728820801,0
"GRU",0,64,"test",190,0.497098177671432,0
"GRU",0,64,"test",191,0.482338607311249,0
"GRU",0,64,"test",192,0.474985361099243,0
"GRU",0,64,"test",193,0.47566294670105,0
"GRU",0,64,"test",194,0.476284593343735,0
"GRU",0,64,"test",195,0.473951011896133,0
"GRU",0,64,"test",196,0.386982321739197,0
"GRU",0,64,"test",197,0.390792280435562,1
"GRU",0,64,"test",198,0.478289008140564,1
"GRU",0,64,"test",199,0.480495125055313,1
"GRU",0,64,"test",200,0.526187837123871,0
"GRU",0,64,"test",201,0.522447824478149,0
"GRU",0,64,"test",202,0.507762253284454,1
"GRU",0,64,"test",203,0.523280382156372,0
"GRU",0,64,"test",204,0.519696056842804,0
"GRU",0,64,"test",205,0.508748412132263,0
"GRU",0,64,"test",206,0.517186045646667,1
"GRU",0,64,"test",207,0.496722877025604,0
"GRU",0,64,"test",208,0.480135262012482,0
"GRU",0,64,"test",209,0.478141605854034,0
"GRU",0,64,"test",210,0.529751360416412,0
"GRU",0,64,"test",211,0.530276656150818,0
"GRU",0,64,"test",212,0.537572920322418,1
"GRU",0,64,"test",213,0.565495252609253,0
"GRU",0,64,"test",214,0.462826728820801,1
"GRU",0,64,"test",215,0.37254324555397,1
"GRU",0,64,"test",216,0.482338607311249,1
"GRU",0,64,"test",217,0.462718814611435,0
"GRU",0,64,"test",218,0.47566294670105,0
"GRU",0,64,"test",219,0.47507318854332,1
"GRU",0,64,"test",220,0.473951011896133,1
"GRU",0,64,"test",221,0.477267354726791,0
"GRU",0,64,"test",222,0.390792280435562,1
"GRU",0,64,"test",223,0.380339592695236,1
"GRU",0,64,"test",224,0.480495125055313,1
"GRU",0,64,"test",225,0.484942495822906,0
"GRU",0,64,"test",226,0.522447824478149,0
"GRU",0,64,"test",227,0.540739834308624,0
"GRU",0,64,"test",228,0.523280382156372,1
"GRU",0,64,"test",229,0.509566187858582,1
"GRU",0,64,"test",230,0.508748412132263,0
"GRU",0,64,"test",231,0.50074303150177,1
"GRU",0,64,"test",232,0.496722877025604,1
"GRU",0,64,"test",233,0.525639116764069,1
"GRU",0,64,"test",234,0.478141605854034,1
"GRU",0,64,"test",235,0.47721740603447,1
"GRU",0,64,"test",236,0.530276656150818,1
"GRU",0,64,"test",237,0.540516972541809,0
"GRU",0,64,"test",238,0.565495252609253,0
"GRU",0,64,"test",239,0.546612739562988,0
"GRU",0,64,"test",240,0.37254324555397,0
"GRU",0,64,"test",241,0.347726970911026,0
"GRU",0,64,"test",242,0.462718814611435,0
"GRU",0,64,"test",243,0.483643710613251,0
"GRU",0,64,"test",244,0.47507318854332,1
"GRU",0,64,"test",245,0.473733454942703,1
"GRU",0,64,"test",246,0.477267354726791,1
"GRU",0,64,"test",247,0.480225682258606,1
"GRU",0,64,"test",248,0.380339592695236,1
"GRU",0,64,"test",249,0.347255915403366,1
"GRU",0,64,"test",250,0.484942495822906,1
"GRU",0,64,"test",251,0.495245397090912,1
"GRU",0,64,"test",252,0.540739834308624,0
"GRU",0,64,"test",253,0.551069259643555,0
"GRU",0,64,"test",254,0.509566187858582,0
"GRU",0,64,"test",255,0.499410033226013,1
"GRU",0,64,"test",256,0.50074303150177,1
"GRU",0,64,"test",257,0.519282817840576,1
"GRU",0,64,"test",258,0.525639116764069,1
"GRU",0,64,"test",259,0.510134994983673,1
"GRU",0,64,"test",260,0.47721740603447,1
"GRU",0,64,"test",261,0.482113301753998,1
"GRU",0,64,"test",262,0.540516972541809,0
"GRU",0,64,"test",263,0.525450885295868,0
"GRU",0,64,"test",264,0.546612739562988,1
"GRU",0,64,"test",265,0.549562335014343,1
"GRU",0,64,"test",266,0.347726970911026,1
"GRU",0,64,"test",267,0.447693824768066,1
"GRU",0,64,"test",268,0.483643710613251,1
"GRU",0,64,"test",269,0.490031808614731,1
"GRU",0,64,"test",270,0.473733454942703,1
"GRU",0,64,"test",271,0.475811749696732,1
"GRU",0,64,"test",272,0.480225682258606,1
"GRU",0,64,"test",273,0.471749097108841,1
"GRU",0,64,"test",274,0.347255915403366,1
"GRU",0,64,"test",275,0.379395067691803,1
"GRU",0,64,"test",276,0.495245397090912,1
"GRU",0,64,"test",277,0.492734104394913,1
"GRU",0,64,"test",278,0.551069259643555,0
"GRU",0,64,"test",279,0.557379364967346,0
"GRU",0,64,"test",280,0.499410033226013,0
"GRU",0,64,"test",281,0.509191811084747,0
"GRU",0,64,"test",282,0.519282817840576,0
"GRU",0,64,"test",283,0.503955841064453,0
"GRU",0,64,"test",284,0.510134994983673,0
"GRU",0,64,"test",285,0.510329365730286,0
"GRU",0,64,"test",286,0.482113301753998,0
"GRU",0,64,"test",287,0.492542117834091,0
"GRU",0,64,"test",288,0.525450885295868,0
"GRU",0,64,"test",289,0.532775104045868,0
"GRU",0,64,"test",290,0.549562335014343,0
"GRU",0,64,"test",291,0.521688759326935,0
"GRU",0,64,"test",292,0.447693824768066,1
"GRU",0,64,"test",293,0.483454525470734,1
"GRU",0,64,"test",294,0.490031808614731,1
"GRU",0,64,"test",295,0.49005126953125,0
"GRU",0,64,"test",296,0.475811749696732,0
"GRU",0,64,"test",297,0.475330650806427,1
"GRU",0,64,"test",298,0.471749097108841,0
"GRU",0,64,"test",299,0.476979553699493,0
"GRU",0,64,"test",300,0.379395067691803,1
"GRU",0,64,"test",301,0.349791347980499,1
"GRU",0,64,"test",302,0.492734104394913,1
"GRU",0,64,"test",303,0.503002226352692,0
"GRU",0,64,"test",304,0.557379364967346,1
"GRU",0,64,"test",305,0.554822325706482,0
"GRU",0.05,23,"test",1,0.471283584833145,0
"GRU",0.05,23,"test",2,0.506767630577087,0
"GRU",0.05,23,"test",3,0.513321340084076,1
"GRU",0.05,23,"test",4,0.503075242042542,1
"GRU",0.05,23,"test",5,0.510364413261414,1
"GRU",0.05,23,"test",6,0.462930798530579,1
"GRU",0.05,23,"test",7,0.452144593000412,1
"GRU",0.05,23,"test",8,0.509903490543365,1
"GRU",0.05,23,"test",9,0.496738195419312,1
"GRU",0.05,23,"test",10,0.457714527845383,1
"GRU",0.05,23,"test",11,0.463547170162201,1
"GRU",0.05,23,"test",12,0.461822688579559,1
"GRU",0.05,23,"test",13,0.445292949676514,1
"GRU",0.05,23,"test",14,0.387616991996765,1
"GRU",0.05,23,"test",15,0.389750242233276,1
"GRU",0.05,23,"test",16,0.474145650863647,1
"GRU",0.05,23,"test",17,0.481096684932709,0
"GRU",0.05,23,"test",18,0.506170332431793,0
"GRU",0.05,23,"test",19,0.51115483045578,0
"GRU",0.05,23,"test",20,0.517656326293945,1
"GRU",0.05,23,"test",21,0.525492370128632,1
"GRU",0.05,23,"test",22,0.523084104061127,1
"GRU",0.05,23,"test",23,0.520192086696625,0
"GRU",0.05,23,"test",24,0.49997615814209,0
"GRU",0.05,23,"test",25,0.523139834403992,0
"GRU",0.05,23,"test",26,0.471283584833145,1
"GRU",0.05,23,"test",27,0.482242822647095,1
"GRU",0.05,23,"test",28,0.513321340084076,1
"GRU",0.05,23,"test",29,0.522158682346344,0
"GRU",0.05,23,"test",30,0.510364413261414,0
"GRU",0.05,23,"test",31,0.524814426898956,0
"GRU",0.05,23,"test",32,0.452144593000412,0
"GRU",0.05,23,"test",33,0.424668461084366,0
"GRU",0.05,23,"test",34,0.496738195419312,1
"GRU",0.05,23,"test",35,0.505014181137085,1
"GRU",0.05,23,"test",36,0.463547170162201,1
"GRU",0.05,23,"test",37,0.465480595827103,1
"GRU",0.05,23,"test",38,0.445292949676514,1
"GRU",0.05,23,"test",39,0.444808304309845,1
"GRU",0.05,23,"test",40,0.389750242233276,1
"GRU",0.05,23,"test",41,0.391631245613098,1
"GRU",0.05,23,"test",42,0.481096684932709,0
"GRU",0.05,23,"test",43,0.481289595365524,0
"GRU",0.05,23,"test",44,0.51115483045578,1
"GRU",0.05,23,"test",45,0.507384181022644,1
"GRU",0.05,23,"test",46,0.525492370128632,1
"GRU",0.05,23,"test",47,0.505942463874817,0
"GRU",0.05,23,"test",48,0.520192086696625,0
"GRU",0.05,23,"test",49,0.515124678611755,0
"GRU",0.05,23,"test",50,0.523139834403992,0
"GRU",0.05,23,"test",51,0.499050915241241,1
"GRU",0.05,23,"test",52,0.482242822647095,1
"GRU",0.05,23,"test",53,0.483013778924942,1
"GRU",0.05,23,"test",54,0.522158682346344,1
"GRU",0.05,23,"test",55,0.521176755428314,0
"GRU",0.05,23,"test",56,0.524814426898956,0
"GRU",0.05,23,"test",57,0.581339359283447,0
"GRU",0.05,23,"test",58,0.424668461084366,0
"GRU",0.05,23,"test",59,0.406758457422256,1
"GRU",0.05,23,"test",60,0.505014181137085,1
"GRU",0.05,23,"test",61,0.493976205587387,1
"GRU",0.05,23,"test",62,0.465480595827103,0
"GRU",0.05,23,"test",63,0.460887581110001,1
"GRU",0.05,23,"test",64,0.444808274507523,1
"GRU",0.05,23,"test",65,0.451539874076843,1
"GRU",0.05,23,"test",66,0.391631245613098,1
"GRU",0.05,23,"test",67,0.378173857927322,1
"GRU",0.05,23,"test",68,0.481289595365524,0
"GRU",0.05,23,"test",69,0.478221148252487,0
"GRU",0.05,23,"test",70,0.507384181022644,0
"GRU",0.05,23,"test",71,0.503352224826813,1
"GRU",0.05,23,"test",72,0.505942463874817,1
"GRU",0.05,23,"test",73,0.497944921255112,0
"GRU",0.05,23,"test",74,0.515124678611755,0
"GRU",0.05,23,"test",75,0.52278083562851,0
"GRU",0.05,23,"test",76,0.499050915241241,0
"GRU",0.05,23,"test",77,0.508447587490082,0
"GRU",0.05,23,"test",78,0.483013778924942,1
"GRU",0.05,23,"test",79,0.494399070739746,0
"GRU",0.05,23,"test",80,0.521176755428314,0
"GRU",0.05,23,"test",81,0.53556352853775,1
"GRU",0.05,23,"test",82,0.581339359283447,1
"GRU",0.05,23,"test",83,0.532809197902679,1
"GRU",0.05,23,"test",84,0.406758457422256,1
"GRU",0.05,23,"test",85,0.42305526137352,0
"GRU",0.05,23,"test",86,0.493976205587387,0
"GRU",0.05,23,"test",87,0.494365513324738,0
"GRU",0.05,23,"test",88,0.460887581110001,0
"GRU",0.05,23,"test",89,0.44828537106514,0
"GRU",0.05,23,"test",90,0.451539874076843,0
"GRU",0.05,23,"test",91,0.450406551361084,1
"GRU",0.05,23,"test",92,0.378173857927322,0
"GRU",0.05,23,"test",93,0.376723974943161,0
"GRU",0.05,23,"test",94,0.478221148252487,0
"GRU",0.05,23,"test",95,0.479913175106049,0
"GRU",0.05,23,"test",96,0.503352224826813,0
"GRU",0.05,23,"test",97,0.499895751476288,1
"GRU",0.05,23,"test",98,0.497944921255112,1
"GRU",0.05,23,"test",99,0.505525827407837,1
"GRU",0.05,23,"test",100,0.52278083562851,1
"GRU",0.05,23,"test",101,0.518365025520325,1
"GRU",0.05,23,"test",102,0.508447587490082,0
"GRU",0.05,23,"test",103,0.500174760818481,0
"GRU",0.05,23,"test",104,0.494399070739746,0
"GRU",0.05,23,"test",105,0.50312864780426,0
"GRU",0.05,23,"test",106,0.53556352853775,0
"GRU",0.05,23,"test",107,0.508188784122467,0
"GRU",0.05,23,"test",108,0.532809197902679,0
"GRU",0.05,23,"test",109,0.542766153812408,0
"GRU",0.05,23,"test",110,0.42305526137352,1
"GRU",0.05,23,"test",111,0.353928238153458,1
"GRU",0.05,23,"test",112,0.494365513324738,1
"GRU",0.05,23,"test",113,0.499517619609833,0
"GRU",0.05,23,"test",114,0.44828537106514,1
"GRU",0.05,23,"test",115,0.462155103683472,1
"GRU",0.05,23,"test",116,0.450406551361084,1
"GRU",0.05,23,"test",117,0.457489788532257,1
"GRU",0.05,23,"test",118,0.376723974943161,1
"GRU",0.05,23,"test",119,0.394835233688354,0
"GRU",0.05,23,"test",120,0.479913175106049,0
"GRU",0.05,23,"test",121,0.478269875049591,0
"GRU",0.05,23,"test",122,0.499895751476288,1
"GRU",0.05,23,"test",123,0.499446928501129,1
"GRU",0.05,23,"test",124,0.505525827407837,1
"GRU",0.05,23,"test",125,0.496995061635971,0
"GRU",0.05,23,"test",126,0.518365025520325,0
"GRU",0.05,23,"test",127,0.514807939529419,0
"GRU",0.05,23,"test",128,0.500174760818481,1
"GRU",0.05,23,"test",129,0.49333131313324,1
"GRU",0.05,23,"test",130,0.50312864780426,1
"GRU",0.05,23,"test",131,0.5109503865242,1
"GRU",0.05,23,"test",132,0.508188784122467,0
"GRU",0.05,23,"test",133,0.596574127674103,0
"GRU",0.05,23,"test",134,0.542766153812408,0
"GRU",0.05,23,"test",135,0.530161619186401,0
"GRU",0.05,23,"test",136,0.353928238153458,0
"GRU",0.05,23,"test",137,0.422719120979309,1
"GRU",0.05,23,"test",138,0.499517619609833,1
"GRU",0.05,23,"test",139,0.502031207084656,1
"GRU",0.05,23,"test",140,0.462155103683472,1
"GRU",0.05,23,"test",141,0.461158275604248,1
"GRU",0.05,23,"test",142,0.457489788532257,1
"GRU",0.05,23,"test",143,0.464739918708801,1
"GRU",0.05,23,"test",144,0.394835233688354,1
"GRU",0.05,23,"test",145,0.391591489315033,1
"GRU",0.05,23,"test",146,0.478269875049591,1
"GRU",0.05,23,"test",147,0.480731874704361,1
"GRU",0.05,23,"test",148,0.499446928501129,1
"GRU",0.05,23,"test",149,0.511699855327606,1
"GRU",0.05,23,"test",150,0.496995061635971,1
"GRU",0.05,23,"test",151,0.501146256923676,1
"GRU",0.05,23,"test",152,0.514807939529419,0
"GRU",0.05,23,"test",153,0.53301328420639,0
"GRU",0.05,23,"test",154,0.49333131313324,1
"GRU",0.05,23,"test",155,0.482923805713654,1
"GRU",0.05,23,"test",156,0.5109503865242,1
"GRU",0.05,23,"test",157,0.499128401279449,0
"GRU",0.05,23,"test",158,0.596574127674103,0
"GRU",0.05,23,"test",159,0.544777631759644,0
"GRU",0.05,23,"test",160,0.530161619186401,0
"GRU",0.05,23,"test",161,0.527052402496338,0
"GRU",0.05,23,"test",162,0.422719120979309,0
"GRU",0.05,23,"test",163,0.464432150125504,0
"GRU",0.05,23,"test",164,0.502031207084656,0
"GRU",0.05,23,"test",165,0.503072619438171,1
"GRU",0.05,23,"test",166,0.461158275604248,1
"GRU",0.05,23,"test",167,0.460879445075989,0
"GRU",0.05,23,"test",168,0.464739918708801,1
"GRU",0.05,23,"test",169,0.459219515323639,1
"GRU",0.05,23,"test",170,0.391591489315033,1
"GRU",0.05,23,"test",171,0.396161437034607,0
"GRU",0.05,23,"test",172,0.480731874704361,0
"GRU",0.05,23,"test",173,0.476238876581192,1
"GRU",0.05,23,"test",174,0.511699855327606,1
"GRU",0.05,23,"test",175,0.504199266433716,1
"GRU",0.05,23,"test",176,0.501146256923676,1
"GRU",0.05,23,"test",177,0.502336621284485,0
"GRU",0.05,23,"test",178,0.53301328420639,0
"GRU",0.05,23,"test",179,0.513495624065399,0
"GRU",0.05,23,"test",180,0.482923805713654,0
"GRU",0.05,23,"test",181,0.523705303668976,0
"GRU",0.05,23,"test",182,0.499128401279449,0
"GRU",0.05,23,"test",183,0.496852457523346,0
"GRU",0.05,23,"test",184,0.544777631759644,0
"GRU",0.05,23,"test",185,0.530208468437195,0
"GRU",0.05,23,"test",186,0.527052402496338,1
"GRU",0.05,23,"test",187,0.519516408443451,0
"GRU",0.05,23,"test",188,0.464432150125504,0
"GRU",0.05,23,"test",189,0.466155678033829,0
"GRU",0.05,23,"test",190,0.503072619438171,0
"GRU",0.05,23,"test",191,0.479739099740982,0
"GRU",0.05,23,"test",192,0.460879445075989,0
"GRU",0.05,23,"test",193,0.45461431145668,0
"GRU",0.05,23,"test",194,0.459219515323639,0
"GRU",0.05,23,"test",195,0.466651737689972,0
"GRU",0.05,23,"test",196,0.396161437034607,0
"GRU",0.05,23,"test",197,0.401097387075424,1
"GRU",0.05,23,"test",198,0.476238876581192,1
"GRU",0.05,23,"test",199,0.477864235639572,1
"GRU",0.05,23,"test",200,0.504199266433716,0
"GRU",0.05,23,"test",201,0.502441763877869,0
"GRU",0.05,23,"test",202,0.502336621284485,1
"GRU",0.05,23,"test",203,0.514738321304321,0
"GRU",0.05,23,"test",204,0.513495624065399,0
"GRU",0.05,23,"test",205,0.515445590019226,0
"GRU",0.05,23,"test",206,0.523705303668976,1
"GRU",0.05,23,"test",207,0.509311437606812,0
"GRU",0.05,23,"test",208,0.496852457523346,0
"GRU",0.05,23,"test",209,0.486274480819702,0
"GRU",0.05,23,"test",210,0.530208468437195,0
"GRU",0.05,23,"test",211,0.530861020088196,0
"GRU",0.05,23,"test",212,0.519516408443451,1
"GRU",0.05,23,"test",213,0.555067896842957,0
"GRU",0.05,23,"test",214,0.466155678033829,1
"GRU",0.05,23,"test",215,0.372534245252609,1
"GRU",0.05,23,"test",216,0.479739099740982,1
"GRU",0.05,23,"test",217,0.468185484409332,0
"GRU",0.05,23,"test",218,0.45461431145668,0
"GRU",0.05,23,"test",219,0.452647268772125,1
"GRU",0.05,23,"test",220,0.466651737689972,1
"GRU",0.05,23,"test",221,0.460676699876785,0
"GRU",0.05,23,"test",222,0.401097387075424,1
"GRU",0.05,23,"test",223,0.390262961387634,1
"GRU",0.05,23,"test",224,0.477864235639572,1
"GRU",0.05,23,"test",225,0.479898065328598,0
"GRU",0.05,23,"test",226,0.502441763877869,0
"GRU",0.05,23,"test",227,0.51462584733963,0
"GRU",0.05,23,"test",228,0.514738321304321,1
"GRU",0.05,23,"test",229,0.503883183002472,1
"GRU",0.05,23,"test",230,0.515445590019226,0
"GRU",0.05,23,"test",231,0.503190636634827,1
"GRU",0.05,23,"test",232,0.509311437606812,1
"GRU",0.05,23,"test",233,0.515897333621979,1
"GRU",0.05,23,"test",234,0.486274480819702,1
"GRU",0.05,23,"test",235,0.487606972455978,1
"GRU",0.05,23,"test",236,0.530861020088196,1
"GRU",0.05,23,"test",237,0.543607890605927,0
"GRU",0.05,23,"test",238,0.555067896842957,0
"GRU",0.05,23,"test",239,0.530295670032501,0
"GRU",0.05,23,"test",240,0.372534245252609,0
"GRU",0.05,23,"test",241,0.346583008766174,0
"GRU",0.05,23,"test",242,0.468185484409332,0
"GRU",0.05,23,"test",243,0.486525356769562,0
"GRU",0.05,23,"test",244,0.452647268772125,1
"GRU",0.05,23,"test",245,0.445184171199799,1
"GRU",0.05,23,"test",246,0.460676699876785,1
"GRU",0.05,23,"test",247,0.471511006355286,1
"GRU",0.05,23,"test",248,0.390263020992279,1
"GRU",0.05,23,"test",249,0.360625505447388,1
"GRU",0.05,23,"test",250,0.479898065328598,1
"GRU",0.05,23,"test",251,0.486459285020828,1
"GRU",0.05,23,"test",252,0.51462584733963,0
"GRU",0.05,23,"test",253,0.522955060005188,0
"GRU",0.05,23,"test",254,0.503883183002472,0
"GRU",0.05,23,"test",255,0.495133221149445,1
"GRU",0.05,23,"test",256,0.503190636634827,1
"GRU",0.05,23,"test",257,0.522334039211273,1
"GRU",0.05,23,"test",258,0.515897333621979,1
"GRU",0.05,23,"test",259,0.511865735054016,1
"GRU",0.05,23,"test",260,0.487606972455978,1
"GRU",0.05,23,"test",261,0.482498407363892,1
"GRU",0.05,23,"test",262,0.543607890605927,0
"GRU",0.05,23,"test",263,0.523370504379272,0
"GRU",0.05,23,"test",264,0.530295670032501,1
"GRU",0.05,23,"test",265,0.536242842674255,1
"GRU",0.05,23,"test",266,0.346583008766174,1
"GRU",0.05,23,"test",267,0.447935968637466,1
"GRU",0.05,23,"test",268,0.486525356769562,1
"GRU",0.05,23,"test",269,0.492971658706665,1
"GRU",0.05,23,"test",270,0.445184171199799,1
"GRU",0.05,23,"test",271,0.459682434797287,1
"GRU",0.05,23,"test",272,0.471511006355286,1
"GRU",0.05,23,"test",273,0.465283334255219,1
"GRU",0.05,23,"test",274,0.360625505447388,1
"GRU",0.05,23,"test",275,0.389561891555786,1
"GRU",0.05,23,"test",276,0.486459285020828,1
"GRU",0.05,23,"test",277,0.485455840826035,1
"GRU",0.05,23,"test",278,0.522955060005188,0
"GRU",0.05,23,"test",279,0.532366633415222,0
"GRU",0.05,23,"test",280,0.495133221149445,0
"GRU",0.05,23,"test",281,0.503630936145782,0
"GRU",0.05,23,"test",282,0.522334039211273,0
"GRU",0.05,23,"test",283,0.512327134609222,0
"GRU",0.05,23,"test",284,0.511865735054016,0
"GRU",0.05,23,"test",285,0.502870738506317,0
"GRU",0.05,23,"test",286,0.482498407363892,0
"GRU",0.05,23,"test",287,0.503394842147827,0
"GRU",0.05,23,"test",288,0.523370504379272,0
"GRU",0.05,23,"test",289,0.534012794494629,0
"GRU",0.05,23,"test",290,0.536242842674255,0
"GRU",0.05,23,"test",291,0.50783634185791,0
"GRU",0.05,23,"test",292,0.447935968637466,1
"GRU",0.05,23,"test",293,0.48758739233017,1
"GRU",0.05,23,"test",294,0.492971658706665,1
"GRU",0.05,23,"test",295,0.498330861330032,0
"GRU",0.05,23,"test",296,0.459682434797287,0
"GRU",0.05,23,"test",297,0.460625529289246,1
"GRU",0.05,23,"test",298,0.465283334255219,0
"GRU",0.05,23,"test",299,0.467379182577133,0
"GRU",0.05,23,"test",300,0.389561891555786,1
"GRU",0.05,23,"test",301,0.361605405807495,1
"GRU",0.05,23,"test",302,0.485455840826035,1
"GRU",0.05,23,"test",303,0.494178980588913,0
"GRU",0.05,23,"test",304,0.532366633415222,1
"GRU",0.05,23,"test",305,0.524645209312439,0
"GRU",0.05,27,"test",1,0.495254039764404,0
"GRU",0.05,27,"test",2,0.545083224773407,0
"GRU",0.05,27,"test",3,0.552882969379425,1
"GRU",0.05,27,"test",4,0.515277862548828,1
"GRU",0.05,27,"test",5,0.524244904518127,1
"GRU",0.05,27,"test",6,0.451848745346069,1
"GRU",0.05,27,"test",7,0.443584233522415,1
"GRU",0.05,27,"test",8,0.503814578056335,1
"GRU",0.05,27,"test",9,0.498582005500793,1
"GRU",0.05,27,"test",10,0.456120043992996,1
"GRU",0.05,27,"test",11,0.465368300676346,1
"GRU",0.05,27,"test",12,0.476977348327637,1
"GRU",0.05,27,"test",13,0.458302140235901,1
"GRU",0.05,27,"test",14,0.408059865236282,1
"GRU",0.05,27,"test",15,0.414357006549835,1
"GRU",0.05,27,"test",16,0.470783025026321,1
"GRU",0.05,27,"test",17,0.482485979795456,0
"GRU",0.05,27,"test",18,0.529981911182404,0
"GRU",0.05,27,"test",19,0.533868789672852,0
"GRU",0.05,27,"test",20,0.542807459831238,1
"GRU",0.05,27,"test",21,0.551155924797058,1
"GRU",0.05,27,"test",22,0.510567426681519,1
"GRU",0.05,27,"test",23,0.507547497749329,0
"GRU",0.05,27,"test",24,0.497578173875809,0
"GRU",0.05,27,"test",25,0.498668313026428,0
"GRU",0.05,27,"test",26,0.495254039764404,1
"GRU",0.05,27,"test",27,0.500916838645935,1
"GRU",0.05,27,"test",28,0.552882969379425,1
"GRU",0.05,27,"test",29,0.55359673500061,0
"GRU",0.05,27,"test",30,0.524244904518127,0
"GRU",0.05,27,"test",31,0.534854471683502,0
"GRU",0.05,27,"test",32,0.443584233522415,0
"GRU",0.05,27,"test",33,0.425738930702209,0
"GRU",0.05,27,"test",34,0.498582005500793,1
"GRU",0.05,27,"test",35,0.503653049468994,1
"GRU",0.05,27,"test",36,0.465368300676346,1
"GRU",0.05,27,"test",37,0.47021758556366,1
"GRU",0.05,27,"test",38,0.458302140235901,1
"GRU",0.05,27,"test",39,0.460081517696381,1
"GRU",0.05,27,"test",40,0.414357006549835,1
"GRU",0.05,27,"test",41,0.411636710166931,1
"GRU",0.05,27,"test",42,0.482485979795456,0
"GRU",0.05,27,"test",43,0.500040948390961,0
"GRU",0.05,27,"test",44,0.533868789672852,1
"GRU",0.05,27,"test",45,0.530884683132172,1
"GRU",0.05,27,"test",46,0.551155924797058,1
"GRU",0.05,27,"test",47,0.530498564243317,0
"GRU",0.05,27,"test",48,0.507547497749329,0
"GRU",0.05,27,"test",49,0.512966215610504,0
"GRU",0.05,27,"test",50,0.498668313026428,0
"GRU",0.05,27,"test",51,0.496618270874023,1
"GRU",0.05,27,"test",52,0.500916838645935,1
"GRU",0.05,27,"test",53,0.502167701721191,1
"GRU",0.05,27,"test",54,0.55359673500061,1
"GRU",0.05,27,"test",55,0.543562948703766,0
"GRU",0.05,27,"test",56,0.534854471683502,0
"GRU",0.05,27,"test",57,0.57398933172226,0
"GRU",0.05,27,"test",58,0.425738930702209,0
"GRU",0.05,27,"test",59,0.412240475416183,1
"GRU",0.05,27,"test",60,0.503653049468994,1
"GRU",0.05,27,"test",61,0.488867610692978,1
"GRU",0.05,27,"test",62,0.47021758556366,0
"GRU",0.05,27,"test",63,0.461383730173111,1
"GRU",0.05,27,"test",64,0.460081517696381,1
"GRU",0.05,27,"test",65,0.46572345495224,1
"GRU",0.05,27,"test",66,0.411636710166931,1
"GRU",0.05,27,"test",67,0.399876534938812,1
"GRU",0.05,27,"test",68,0.500040948390961,0
"GRU",0.05,27,"test",69,0.4949551820755,0
"GRU",0.05,27,"test",70,0.530884683132172,0
"GRU",0.05,27,"test",71,0.522705495357513,1
"GRU",0.05,27,"test",72,0.530498564243317,1
"GRU",0.05,27,"test",73,0.52219945192337,0
"GRU",0.05,27,"test",74,0.512966215610504,0
"GRU",0.05,27,"test",75,0.512756586074829,0
"GRU",0.05,27,"test",76,0.496618270874023,0
"GRU",0.05,27,"test",77,0.496449798345566,0
"GRU",0.05,27,"test",78,0.502167701721191,1
"GRU",0.05,27,"test",79,0.517034471035004,0
"GRU",0.05,27,"test",80,0.543562948703766,0
"GRU",0.05,27,"test",81,0.553218126296997,1
"GRU",0.05,27,"test",82,0.57398933172226,1
"GRU",0.05,27,"test",83,0.540583789348602,1
"GRU",0.05,27,"test",84,0.412240475416183,1
"GRU",0.05,27,"test",85,0.424517542123795,0
"GRU",0.05,27,"test",86,0.488867610692978,0
"GRU",0.05,27,"test",87,0.497459828853607,0
"GRU",0.05,27,"test",88,0.461383730173111,0
"GRU",0.05,27,"test",89,0.445706933736801,0
"GRU",0.05,27,"test",90,0.46572345495224,0
"GRU",0.05,27,"test",91,0.460062563419342,1
"GRU",0.05,27,"test",92,0.399876534938812,0
"GRU",0.05,27,"test",93,0.397845655679703,0
"GRU",0.05,27,"test",94,0.4949551820755,0
"GRU",0.05,27,"test",95,0.492134004831314,0
"GRU",0.05,27,"test",96,0.522705495357513,0
"GRU",0.05,27,"test",97,0.519798278808594,1
"GRU",0.05,27,"test",98,0.52219945192337,1
"GRU",0.05,27,"test",99,0.530045807361603,1
"GRU",0.05,27,"test",100,0.512756586074829,1
"GRU",0.05,27,"test",101,0.511891067028046,1
"GRU",0.05,27,"test",102,0.496449798345566,0
"GRU",0.05,27,"test",103,0.49576610326767,0
"GRU",0.05,27,"test",104,0.517034471035004,0
"GRU",0.05,27,"test",105,0.529959678649902,0
"GRU",0.05,27,"test",106,0.553218126296997,0
"GRU",0.05,27,"test",107,0.533214509487152,0
"GRU",0.05,27,"test",108,0.540583789348602,0
"GRU",0.05,27,"test",109,0.547785222530365,0
"GRU",0.05,27,"test",110,0.424517542123795,1
"GRU",0.05,27,"test",111,0.379465252161026,1
"GRU",0.05,27,"test",112,0.497459828853607,1
"GRU",0.05,27,"test",113,0.499621391296387,0
"GRU",0.05,27,"test",114,0.445706933736801,1
"GRU",0.05,27,"test",115,0.470172584056854,1
"GRU",0.05,27,"test",116,0.460062563419342,1
"GRU",0.05,27,"test",117,0.468648165464401,1
"GRU",0.05,27,"test",118,0.397845655679703,1
"GRU",0.05,27,"test",119,0.411389976739883,0
"GRU",0.05,27,"test",120,0.492134004831314,0
"GRU",0.05,27,"test",121,0.471420973539352,0
"GRU",0.05,27,"test",122,0.519798278808594,1
"GRU",0.05,27,"test",123,0.518888711929321,1
"GRU",0.05,27,"test",124,0.530045807361603,1
"GRU",0.05,27,"test",125,0.521301090717316,0
"GRU",0.05,27,"test",126,0.511891067028046,0
"GRU",0.05,27,"test",127,0.514809608459473,0
"GRU",0.05,27,"test",128,0.49576610326767,1
"GRU",0.05,27,"test",129,0.496115267276764,1
"GRU",0.05,27,"test",130,0.529959678649902,1
"GRU",0.05,27,"test",131,0.531398475170135,1
"GRU",0.05,27,"test",132,0.533214509487152,0
"GRU",0.05,27,"test",133,0.590878248214722,0
"GRU",0.05,27,"test",134,0.547785222530365,0
"GRU",0.05,27,"test",135,0.537711918354034,0
"GRU",0.05,27,"test",136,0.379465252161026,0
"GRU",0.05,27,"test",137,0.422771871089935,1
"GRU",0.05,27,"test",138,0.499621391296387,1
"GRU",0.05,27,"test",139,0.499162077903748,1
"GRU",0.05,27,"test",140,0.470172584056854,1
"GRU",0.05,27,"test",141,0.469577103853226,1
"GRU",0.05,27,"test",142,0.468648165464401,1
"GRU",0.05,27,"test",143,0.46549516916275,1
"GRU",0.05,27,"test",144,0.411389976739883,1
"GRU",0.05,27,"test",145,0.405386537313461,1
"GRU",0.05,27,"test",146,0.471420973539352,1
"GRU",0.05,27,"test",147,0.472967147827148,1
"GRU",0.05,27,"test",148,0.518888711929321,1
"GRU",0.05,27,"test",149,0.535755395889282,1
"GRU",0.05,27,"test",150,0.521301090717316,1
"GRU",0.05,27,"test",151,0.525477707386017,1
"GRU",0.05,27,"test",152,0.514809608459473,0
"GRU",0.05,27,"test",153,0.522666394710541,0
"GRU",0.05,27,"test",154,0.496115267276764,1
"GRU",0.05,27,"test",155,0.496563911437988,1
"GRU",0.05,27,"test",156,0.531398475170135,1
"GRU",0.05,27,"test",157,0.523524284362793,0
"GRU",0.05,27,"test",158,0.590878248214722,0
"GRU",0.05,27,"test",159,0.562552213668823,0
"GRU",0.05,27,"test",160,0.537711918354034,0
"GRU",0.05,27,"test",161,0.535191297531128,0
"GRU",0.05,27,"test",162,0.422771871089935,0
"GRU",0.05,27,"test",163,0.456870168447495,0
"GRU",0.05,27,"test",164,0.499162077903748,0
"GRU",0.05,27,"test",165,0.502275347709656,1
"GRU",0.05,27,"test",166,0.469577103853226,1
"GRU",0.05,27,"test",167,0.464234262704849,0
"GRU",0.05,27,"test",168,0.46549516916275,1
"GRU",0.05,27,"test",169,0.460587829351425,1
"GRU",0.05,27,"test",170,0.405386537313461,1
"GRU",0.05,27,"test",171,0.410625249147415,0
"GRU",0.05,27,"test",172,0.472967147827148,0
"GRU",0.05,27,"test",173,0.466097921133041,1
"GRU",0.05,27,"test",174,0.535755395889282,1
"GRU",0.05,27,"test",175,0.526816546916962,1
"GRU",0.05,27,"test",176,0.525477707386017,1
"GRU",0.05,27,"test",177,0.526751637458801,0
"GRU",0.05,27,"test",178,0.522666394710541,0
"GRU",0.05,27,"test",179,0.516565501689911,0
"GRU",0.05,27,"test",180,0.496563911437988,0
"GRU",0.05,27,"test",181,0.494927585124969,0
"GRU",0.05,27,"test",182,0.523524284362793,0
"GRU",0.05,27,"test",183,0.521641969680786,0
"GRU",0.05,27,"test",184,0.562552213668823,0
"GRU",0.05,27,"test",185,0.546063601970673,0
"GRU",0.05,27,"test",186,0.535191297531128,1
"GRU",0.05,27,"test",187,0.528808176517487,0
"GRU",0.05,27,"test",188,0.456870168447495,0
"GRU",0.05,27,"test",189,0.460608422756195,0
"GRU",0.05,27,"test",190,0.502275347709656,0
"GRU",0.05,27,"test",191,0.464951276779175,0
"GRU",0.05,27,"test",192,0.464234262704849,0
"GRU",0.05,27,"test",193,0.459729075431824,0
"GRU",0.05,27,"test",194,0.460587829351425,0
"GRU",0.05,27,"test",195,0.475857973098755,0
"GRU",0.05,27,"test",196,0.410625249147415,0
"GRU",0.05,27,"test",197,0.421583443880081,1
"GRU",0.05,27,"test",198,0.466097921133041,1
"GRU",0.05,27,"test",199,0.470497369766235,1
"GRU",0.05,27,"test",200,0.526816546916962,0
"GRU",0.05,27,"test",201,0.524886429309845,0
"GRU",0.05,27,"test",202,0.526751637458801,1
"GRU",0.05,27,"test",203,0.539988398551941,0
"GRU",0.05,27,"test",204,0.516565501689911,0
"GRU",0.05,27,"test",205,0.511209487915039,0
"GRU",0.05,27,"test",206,0.494927585124969,1
"GRU",0.05,27,"test",207,0.495269060134888,0
"GRU",0.05,27,"test",208,0.521641969680786,0
"GRU",0.05,27,"test",209,0.505662143230438,0
"GRU",0.05,27,"test",210,0.546063601970673,0
"GRU",0.05,27,"test",211,0.546711623668671,0
"GRU",0.05,27,"test",212,0.528808176517487,1
"GRU",0.05,27,"test",213,0.556564748287201,0
"GRU",0.05,27,"test",214,0.460608422756195,1
"GRU",0.05,27,"test",215,0.391796112060547,1
"GRU",0.05,27,"test",216,0.464951246976852,1
"GRU",0.05,27,"test",217,0.457338988780975,0
"GRU",0.05,27,"test",218,0.459729075431824,0
"GRU",0.05,27,"test",219,0.456169843673706,1
"GRU",0.05,27,"test",220,0.475857973098755,1
"GRU",0.05,27,"test",221,0.461879044771194,0
"GRU",0.05,27,"test",222,0.421583443880081,1
"GRU",0.05,27,"test",223,0.40516260266304,1
"GRU",0.05,27,"test",224,0.470497369766235,1
"GRU",0.05,27,"test",225,0.481415092945099,0
"GRU",0.05,27,"test",226,0.524886429309845,0
"GRU",0.05,27,"test",227,0.530631899833679,0
"GRU",0.05,27,"test",228,0.539988398551941,1
"GRU",0.05,27,"test",229,0.52835875749588,1
"GRU",0.05,27,"test",230,0.511209487915039,0
"GRU",0.05,27,"test",231,0.50946581363678,1
"GRU",0.05,27,"test",232,0.495269060134888,1
"GRU",0.05,27,"test",233,0.500608205795288,1
"GRU",0.05,27,"test",234,0.505662143230438,1
"GRU",0.05,27,"test",235,0.507345199584961,1
"GRU",0.05,27,"test",236,0.546711623668671,1
"GRU",0.05,27,"test",237,0.554567575454712,0
"GRU",0.05,27,"test",238,0.556564748287201,0
"GRU",0.05,27,"test",239,0.537751913070679,0
"GRU",0.05,27,"test",240,0.391796112060547,0
"GRU",0.05,27,"test",241,0.381180942058563,0
"GRU",0.05,27,"test",242,0.457338988780975,0
"GRU",0.05,27,"test",243,0.491326987743378,0
"GRU",0.05,27,"test",244,0.456169843673706,1
"GRU",0.05,27,"test",245,0.442304998636246,1
"GRU",0.05,27,"test",246,0.461879044771194,1
"GRU",0.05,27,"test",247,0.477952480316162,1
"GRU",0.05,27,"test",248,0.405162632465363,1
"GRU",0.05,27,"test",249,0.382841110229492,1
"GRU",0.05,27,"test",250,0.481415092945099,1
"GRU",0.05,27,"test",251,0.487304657697678,1
"GRU",0.05,27,"test",252,0.530631899833679,0
"GRU",0.05,27,"test",253,0.53628134727478,0
"GRU",0.05,27,"test",254,0.52835875749588,0
"GRU",0.05,27,"test",255,0.519219577312469,1
"GRU",0.05,27,"test",256,0.50946581363678,1
"GRU",0.05,27,"test",257,0.514885902404785,1
"GRU",0.05,27,"test",258,0.500608205795288,1
"GRU",0.05,27,"test",259,0.49632740020752,1
"GRU",0.05,27,"test",260,0.507345199584961,1
"GRU",0.05,27,"test",261,0.50153124332428,1
"GRU",0.05,27,"test",262,0.554567575454712,0
"GRU",0.05,27,"test",263,0.536340534687042,0
"GRU",0.05,27,"test",264,0.537751913070679,1
"GRU",0.05,27,"test",265,0.543096542358398,1
"GRU",0.05,27,"test",266,0.381180942058563,1
"GRU",0.05,27,"test",267,0.452879816293716,1
"GRU",0.05,27,"test",268,0.491326987743378,1
"GRU",0.05,27,"test",269,0.495208263397217,1
"GRU",0.05,27,"test",270,0.442304998636246,1
"GRU",0.05,27,"test",271,0.466117769479752,1
"GRU",0.05,27,"test",272,0.477952480316162,1
"GRU",0.05,27,"test",273,0.475702673196793,1
"GRU",0.05,27,"test",274,0.382841110229492,1
"GRU",0.05,27,"test",275,0.405247062444687,1
"GRU",0.05,27,"test",276,0.487304657697678,1
"GRU",0.05,27,"test",277,0.476085633039474,1
"GRU",0.05,27,"test",278,0.53628134727478,0
"GRU",0.05,27,"test",279,0.546533644199371,0
"GRU",0.05,27,"test",280,0.519219577312469,0
"GRU",0.05,27,"test",281,0.528167963027954,0
"GRU",0.05,27,"test",282,0.514885902404785,0
"GRU",0.05,27,"test",283,0.509487748146057,0
"GRU",0.05,27,"test",284,0.49632740020752,0
"GRU",0.05,27,"test",285,0.499297142028809,0
"GRU",0.05,27,"test",286,0.50153124332428,0
"GRU",0.05,27,"test",287,0.529346227645874,0
"GRU",0.05,27,"test",288,0.536340594291687,0
"GRU",0.05,27,"test",289,0.55011522769928,0
"GRU",0.05,27,"test",290,0.543096542358398,0
"GRU",0.05,27,"test",291,0.521234750747681,0
"GRU",0.05,27,"test",292,0.452879816293716,1
"GRU",0.05,27,"test",293,0.477815061807632,1
"GRU",0.05,27,"test",294,0.495208263397217,1
"GRU",0.05,27,"test",295,0.50141704082489,0
"GRU",0.05,27,"test",296,0.466117769479752,0
"GRU",0.05,27,"test",297,0.465674638748169,1
"GRU",0.05,27,"test",298,0.475702673196793,0
"GRU",0.05,27,"test",299,0.473723888397217,0
"GRU",0.05,27,"test",300,0.405247062444687,1
"GRU",0.05,27,"test",301,0.368172734975815,1
"GRU",0.05,27,"test",302,0.476085633039474,1
"GRU",0.05,27,"test",303,0.490039855241776,0
"GRU",0.05,27,"test",304,0.546533644199371,1
"GRU",0.05,27,"test",305,0.541503250598907,0
"GRU",0.05,98,"test",1,0.4899041056633,0
"GRU",0.05,98,"test",2,0.53512579202652,0
"GRU",0.05,98,"test",3,0.543561220169067,1
"GRU",0.05,98,"test",4,0.500584721565247,1
"GRU",0.05,98,"test",5,0.514113247394562,1
"GRU",0.05,98,"test",6,0.477969288825989,1
"GRU",0.05,98,"test",7,0.460538506507874,1
"GRU",0.05,98,"test",8,0.508220076560974,1
"GRU",0.05,98,"test",9,0.49648118019104,1
"GRU",0.05,98,"test",10,0.47380918264389,1
"GRU",0.05,98,"test",11,0.478112399578094,1
"GRU",0.05,98,"test",12,0.481739372014999,1
"GRU",0.05,98,"test",13,0.475929856300354,1
"GRU",0.05,98,"test",14,0.429759204387665,1
"GRU",0.05,98,"test",15,0.438605844974518,1
"GRU",0.05,98,"test",16,0.462862998247147,1
"GRU",0.05,98,"test",17,0.471864342689514,0
"GRU",0.05,98,"test",18,0.534223079681396,0
"GRU",0.05,98,"test",19,0.538682579994202,0
"GRU",0.05,98,"test",20,0.534115731716156,1
"GRU",0.05,98,"test",21,0.537164688110352,1
"GRU",0.05,98,"test",22,0.526768207550049,1
"GRU",0.05,98,"test",23,0.522089004516602,0
"GRU",0.05,98,"test",24,0.517691791057587,0
"GRU",0.05,98,"test",25,0.541585445404053,0
"GRU",0.05,98,"test",26,0.4899041056633,1
"GRU",0.05,98,"test",27,0.498881906270981,1
"GRU",0.05,98,"test",28,0.543561220169067,1
"GRU",0.05,98,"test",29,0.549775362014771,0
"GRU",0.05,98,"test",30,0.514113247394562,0
"GRU",0.05,98,"test",31,0.52580600976944,0
"GRU",0.05,98,"test",32,0.460538506507874,0
"GRU",0.05,98,"test",33,0.434794396162033,0
"GRU",0.05,98,"test",34,0.49648118019104,1
"GRU",0.05,98,"test",35,0.504978716373444,1
"GRU",0.05,98,"test",36,0.478112399578094,1
"GRU",0.05,98,"test",37,0.479929089546204,1
"GRU",0.05,98,"test",38,0.475929856300354,1
"GRU",0.05,98,"test",39,0.475954800844193,1
"GRU",0.05,98,"test",40,0.438605844974518,1
"GRU",0.05,98,"test",41,0.43177056312561,1
"GRU",0.05,98,"test",42,0.471864342689514,0
"GRU",0.05,98,"test",43,0.487642794847488,0
"GRU",0.05,98,"test",44,0.538682579994202,1
"GRU",0.05,98,"test",45,0.535625815391541,1
"GRU",0.05,98,"test",46,0.537164688110352,1
"GRU",0.05,98,"test",47,0.523724853992462,0
"GRU",0.05,98,"test",48,0.522089004516602,0
"GRU",0.05,98,"test",49,0.524955987930298,0
"GRU",0.05,98,"test",50,0.541585445404053,0
"GRU",0.05,98,"test",51,0.518014311790466,1
"GRU",0.05,98,"test",52,0.498881906270981,1
"GRU",0.05,98,"test",53,0.502805888652802,1
"GRU",0.05,98,"test",54,0.549775362014771,1
"GRU",0.05,98,"test",55,0.544423878192902,0
"GRU",0.05,98,"test",56,0.52580600976944,0
"GRU",0.05,98,"test",57,0.579722702503204,0
"GRU",0.05,98,"test",58,0.434794396162033,0
"GRU",0.05,98,"test",59,0.423278629779816,1
"GRU",0.05,98,"test",60,0.504978716373444,1
"GRU",0.05,98,"test",61,0.485330015420914,1
"GRU",0.05,98,"test",62,0.479929089546204,0
"GRU",0.05,98,"test",63,0.476441144943237,1
"GRU",0.05,98,"test",64,0.475954800844193,1
"GRU",0.05,98,"test",65,0.477880269289017,1
"GRU",0.05,98,"test",66,0.43177056312561,1
"GRU",0.05,98,"test",67,0.425092607736588,1
"GRU",0.05,98,"test",68,0.487642794847488,0
"GRU",0.05,98,"test",69,0.483905166387558,0
"GRU",0.05,98,"test",70,0.535625815391541,0
"GRU",0.05,98,"test",71,0.540429949760437,1
"GRU",0.05,98,"test",72,0.523724853992462,1
"GRU",0.05,98,"test",73,0.519342303276062,0
"GRU",0.05,98,"test",74,0.524955987930298,0
"GRU",0.05,98,"test",75,0.529001295566559,0
"GRU",0.05,98,"test",76,0.518014311790466,0
"GRU",0.05,98,"test",77,0.528607904911041,0
"GRU",0.05,98,"test",78,0.502805888652802,1
"GRU",0.05,98,"test",79,0.521398544311523,0
"GRU",0.05,98,"test",80,0.544423878192902,0
"GRU",0.05,98,"test",81,0.559993267059326,1
"GRU",0.05,98,"test",82,0.579722702503204,1
"GRU",0.05,98,"test",83,0.532538652420044,1
"GRU",0.05,98,"test",84,0.423278629779816,1
"GRU",0.05,98,"test",85,0.433684885501862,0
"GRU",0.05,98,"test",86,0.485330015420914,0
"GRU",0.05,98,"test",87,0.494431912899017,0
"GRU",0.05,98,"test",88,0.476441144943237,0
"GRU",0.05,98,"test",89,0.466237097978592,0
"GRU",0.05,98,"test",90,0.477880269289017,0
"GRU",0.05,98,"test",91,0.4769147336483,1
"GRU",0.05,98,"test",92,0.425092607736588,0
"GRU",0.05,98,"test",93,0.423005700111389,0
"GRU",0.05,98,"test",94,0.483905166387558,0
"GRU",0.05,98,"test",95,0.480863094329834,0
"GRU",0.05,98,"test",96,0.540429949760437,0
"GRU",0.05,98,"test",97,0.531767785549164,1
"GRU",0.05,98,"test",98,0.519342303276062,1
"GRU",0.05,98,"test",99,0.523984134197235,1
"GRU",0.05,98,"test",100,0.529001295566559,1
"GRU",0.05,98,"test",101,0.52562016248703,1
"GRU",0.05,98,"test",102,0.528607904911041,0
"GRU",0.05,98,"test",103,0.519913911819458,0
"GRU",0.05,98,"test",104,0.521398544311523,0
"GRU",0.05,98,"test",105,0.535551071166992,0
"GRU",0.05,98,"test",106,0.559993267059326,0
"GRU",0.05,98,"test",107,0.529851496219635,0
"GRU",0.05,98,"test",108,0.532538652420044,0
"GRU",0.05,98,"test",109,0.541800975799561,0
"GRU",0.05,98,"test",110,0.433684885501862,1
"GRU",0.05,98,"test",111,0.392058163881302,1
"GRU",0.05,98,"test",112,0.494431912899017,1
"GRU",0.05,98,"test",113,0.49865585565567,0
"GRU",0.05,98,"test",114,0.466237097978592,1
"GRU",0.05,98,"test",115,0.480902522802353,1
"GRU",0.05,98,"test",116,0.4769147336483,1
"GRU",0.05,98,"test",117,0.479249060153961,1
"GRU",0.05,98,"test",118,0.423005700111389,1
"GRU",0.05,98,"test",119,0.427647918462753,0
"GRU",0.05,98,"test",120,0.480863094329834,0
"GRU",0.05,98,"test",121,0.462160974740982,0
"GRU",0.05,98,"test",122,0.531767785549164,1
"GRU",0.05,98,"test",123,0.531569600105286,1
"GRU",0.05,98,"test",124,0.523984134197235,1
"GRU",0.05,98,"test",125,0.51727420091629,0
"GRU",0.05,98,"test",126,0.52562016248703,0
"GRU",0.05,98,"test",127,0.526791512966156,0
"GRU",0.05,98,"test",128,0.519913911819458,1
"GRU",0.05,98,"test",129,0.512155413627625,1
"GRU",0.05,98,"test",130,0.535551071166992,1
"GRU",0.05,98,"test",131,0.537390410900116,1
"GRU",0.05,98,"test",132,0.529851496219635,0
"GRU",0.05,98,"test",133,0.624716877937317,0
"GRU",0.05,98,"test",134,0.541800975799561,0
"GRU",0.05,98,"test",135,0.527594447135925,0
"GRU",0.05,98,"test",136,0.392058163881302,0
"GRU",0.05,98,"test",137,0.434823751449585,1
"GRU",0.05,98,"test",138,0.49865585565567,1
"GRU",0.05,98,"test",139,0.49930065870285,1
"GRU",0.05,98,"test",140,0.480902522802353,1
"GRU",0.05,98,"test",141,0.480852365493774,1
"GRU",0.05,98,"test",142,0.479249060153961,1
"GRU",0.05,98,"test",143,0.479184836149216,1
"GRU",0.05,98,"test",144,0.427647918462753,1
"GRU",0.05,98,"test",145,0.420352280139923,1
"GRU",0.05,98,"test",146,0.462160974740982,1
"GRU",0.05,98,"test",147,0.462555944919586,1
"GRU",0.05,98,"test",148,0.531569600105286,1
"GRU",0.05,98,"test",149,0.536375045776367,1
"GRU",0.05,98,"test",150,0.51727420091629,1
"GRU",0.05,98,"test",151,0.52252870798111,1
"GRU",0.05,98,"test",152,0.526791512966156,0
"GRU",0.05,98,"test",153,0.546817541122437,0
"GRU",0.05,98,"test",154,0.512155413627625,1
"GRU",0.05,98,"test",155,0.5006263256073,1
"GRU",0.05,98,"test",156,0.537390410900116,1
"GRU",0.05,98,"test",157,0.528486728668213,0
"GRU",0.05,98,"test",158,0.624716877937317,0
"GRU",0.05,98,"test",159,0.571120202541351,0
"GRU",0.05,98,"test",160,0.527594447135925,0
"GRU",0.05,98,"test",161,0.524281084537506,0
"GRU",0.05,98,"test",162,0.434823751449585,0
"GRU",0.05,98,"test",163,0.466478645801544,0
"GRU",0.05,98,"test",164,0.49930065870285,0
"GRU",0.05,98,"test",165,0.502914309501648,1
"GRU",0.05,98,"test",166,0.480852365493774,1
"GRU",0.05,98,"test",167,0.4777712225914,0
"GRU",0.05,98,"test",168,0.479184836149216,1
"GRU",0.05,98,"test",169,0.477805763483047,1
"GRU",0.05,98,"test",170,0.420352280139923,1
"GRU",0.05,98,"test",171,0.424614995718002,0
"GRU",0.05,98,"test",172,0.462555944919586,0
"GRU",0.05,98,"test",173,0.457279413938522,1
"GRU",0.05,98,"test",174,0.536375045776367,1
"GRU",0.05,98,"test",175,0.534151554107666,1
"GRU",0.05,98,"test",176,0.52252870798111,1
"GRU",0.05,98,"test",177,0.525840163230896,0
"GRU",0.05,98,"test",178,0.546817541122437,0
"GRU",0.05,98,"test",179,0.527986168861389,0
"GRU",0.05,98,"test",180,0.5006263256073,0
"GRU",0.05,98,"test",181,0.5461066365242,0
"GRU",0.05,98,"test",182,0.528486728668213,0
"GRU",0.05,98,"test",183,0.526577115058899,0
"GRU",0.05,98,"test",184,0.571120202541351,0
"GRU",0.05,98,"test",185,0.553012847900391,0
"GRU",0.05,98,"test",186,0.524281084537506,1
"GRU",0.05,98,"test",187,0.516009151935577,0
"GRU",0.05,98,"test",188,0.466478645801544,0
"GRU",0.05,98,"test",189,0.466701805591583,0
"GRU",0.05,98,"test",190,0.502914309501648,0
"GRU",0.05,98,"test",191,0.458371102809906,0
"GRU",0.05,98,"test",192,0.4777712225914,0
"GRU",0.05,98,"test",193,0.47513285279274,0
"GRU",0.05,98,"test",194,0.477805763483047,0
"GRU",0.05,98,"test",195,0.48192286491394,0
"GRU",0.05,98,"test",196,0.424614995718002,0
"GRU",0.05,98,"test",197,0.439037561416626,1
"GRU",0.05,98,"test",198,0.457279413938522,1
"GRU",0.05,98,"test",199,0.46137547492981,1
"GRU",0.05,98,"test",200,0.534151554107666,0
"GRU",0.05,98,"test",201,0.53229421377182,0
"GRU",0.05,98,"test",202,0.525840163230896,1
"GRU",0.05,98,"test",203,0.526044130325317,0
"GRU",0.05,98,"test",204,0.527986168861389,0
"GRU",0.05,98,"test",205,0.523268759250641,0
"GRU",0.05,98,"test",206,0.5461066365242,1
"GRU",0.05,98,"test",207,0.529325723648071,0
"GRU",0.05,98,"test",208,0.526577115058899,0
"GRU",0.05,98,"test",209,0.507459163665771,0
"GRU",0.05,98,"test",210,0.553012847900391,0
"GRU",0.05,98,"test",211,0.553785145282745,0
"GRU",0.05,98,"test",212,0.516009151935577,1
"GRU",0.05,98,"test",213,0.554068505764008,0
"GRU",0.05,98,"test",214,0.466701805591583,1
"GRU",0.05,98,"test",215,0.400601655244827,1
"GRU",0.05,98,"test",216,0.458371102809906,1
"GRU",0.05,98,"test",217,0.448491871356964,0
"GRU",0.05,98,"test",218,0.47513285279274,0
"GRU",0.05,98,"test",219,0.472643822431564,1
"GRU",0.05,98,"test",220,0.48192286491394,1
"GRU",0.05,98,"test",221,0.47815278172493,0
"GRU",0.05,98,"test",222,0.439037561416626,1
"GRU",0.05,98,"test",223,0.421533316373825,1
"GRU",0.05,98,"test",224,0.46137547492981,1
"GRU",0.05,98,"test",225,0.471199184656143,0
"GRU",0.05,98,"test",226,0.53229421377182,0
"GRU",0.05,98,"test",227,0.547734260559082,0
"GRU",0.05,98,"test",228,0.526044130325317,1
"GRU",0.05,98,"test",229,0.526599287986755,1
"GRU",0.05,98,"test",230,0.523268759250641,0
"GRU",0.05,98,"test",231,0.51457542181015,1
"GRU",0.05,98,"test",232,0.529325723648071,1
"GRU",0.05,98,"test",233,0.530226469039917,1
"GRU",0.05,98,"test",234,0.507459163665771,1
"GRU",0.05,98,"test",235,0.509806871414185,1
"GRU",0.05,98,"test",236,0.553785145282745,1
"GRU",0.05,98,"test",237,0.567505180835724,0
"GRU",0.05,98,"test",238,0.554068505764008,0
"GRU",0.05,98,"test",239,0.527563154697418,0
"GRU",0.05,98,"test",240,0.400601655244827,0
"GRU",0.05,98,"test",241,0.382241278886795,0
"GRU",0.05,98,"test",242,0.448491871356964,0
"GRU",0.05,98,"test",243,0.485280126333237,0
"GRU",0.05,98,"test",244,0.472643822431564,1
"GRU",0.05,98,"test",245,0.462877362966537,1
"GRU",0.05,98,"test",246,0.47815278172493,1
"GRU",0.05,98,"test",247,0.482914716005325,1
"GRU",0.05,98,"test",248,0.421533316373825,1
"GRU",0.05,98,"test",249,0.411589860916138,1
"GRU",0.05,98,"test",250,0.471199184656143,1
"GRU",0.05,98,"test",251,0.47482693195343,1
"GRU",0.05,98,"test",252,0.547734260559082,0
"GRU",0.05,98,"test",253,0.547538340091705,0
"GRU",0.05,98,"test",254,0.526599287986755,0
"GRU",0.05,98,"test",255,0.519028782844543,1
"GRU",0.05,98,"test",256,0.51457542181015,1
"GRU",0.05,98,"test",257,0.53117561340332,1
"GRU",0.05,98,"test",258,0.530226469039917,1
"GRU",0.05,98,"test",259,0.532512187957764,1
"GRU",0.05,98,"test",260,0.509806871414185,1
"GRU",0.05,98,"test",261,0.500935673713684,1
"GRU",0.05,98,"test",262,0.567505180835724,0
"GRU",0.05,98,"test",263,0.544947981834412,0
"GRU",0.05,98,"test",264,0.527563154697418,1
"GRU",0.05,98,"test",265,0.53573077917099,1
"GRU",0.05,98,"test",266,0.382241278886795,1
"GRU",0.05,98,"test",267,0.451043725013733,1
"GRU",0.05,98,"test",268,0.485280126333237,1
"GRU",0.05,98,"test",269,0.491443157196045,1
"GRU",0.05,98,"test",270,0.462877362966537,1
"GRU",0.05,98,"test",271,0.478920191526413,1
"GRU",0.05,98,"test",272,0.482914716005325,1
"GRU",0.05,98,"test",273,0.481757074594498,1
"GRU",0.05,98,"test",274,0.411589860916138,1
"GRU",0.05,98,"test",275,0.422514259815216,1
"GRU",0.05,98,"test",276,0.47482693195343,1
"GRU",0.05,98,"test",277,0.461659103631973,1
"GRU",0.05,98,"test",278,0.547538340091705,0
"GRU",0.05,98,"test",279,0.535482704639435,0
"GRU",0.05,98,"test",280,0.519028782844543,0
"GRU",0.05,98,"test",281,0.521216690540314,0
"GRU",0.05,98,"test",282,0.53117561340332,0
"GRU",0.05,98,"test",283,0.519767165184021,0
"GRU",0.05,98,"test",284,0.532512187957764,0
"GRU",0.05,98,"test",285,0.517981469631195,0
"GRU",0.05,98,"test",286,0.500935673713684,0
"GRU",0.05,98,"test",287,0.5349001288414,0
"GRU",0.05,98,"test",288,0.544947981834412,0
"GRU",0.05,98,"test",289,0.557611048221588,0
"GRU",0.05,98,"test",290,0.53573077917099,0
"GRU",0.05,98,"test",291,0.509484767913818,0
"GRU",0.05,98,"test",292,0.451043725013733,1
"GRU",0.05,98,"test",293,0.488296151161194,1
"GRU",0.05,98,"test",294,0.491443157196045,1
"GRU",0.05,98,"test",295,0.500141382217407,0
"GRU",0.05,98,"test",296,0.478920191526413,0
"GRU",0.05,98,"test",297,0.478542387485504,1
"GRU",0.05,98,"test",298,0.481757074594498,0
"GRU",0.05,98,"test",299,0.481406897306442,0
"GRU",0.05,98,"test",300,0.422514259815216,1
"GRU",0.05,98,"test",301,0.384322613477707,1
"GRU",0.05,98,"test",302,0.461659103631973,1
"GRU",0.05,98,"test",303,0.47488734126091,0
"GRU",0.05,98,"test",304,0.535482704639435,1
"GRU",0.05,98,"test",305,0.542561650276184,0
"GRU",0.05,41,"test",1,0.472130566835403,0
"GRU",0.05,41,"test",2,0.530928015708923,0
"GRU",0.05,41,"test",3,0.538842022418976,1
"GRU",0.05,41,"test",4,0.514464557170868,1
"GRU",0.05,41,"test",5,0.524294853210449,1
"GRU",0.05,41,"test",6,0.458710819482803,1
"GRU",0.05,41,"test",7,0.442150682210922,1
"GRU",0.05,41,"test",8,0.512060940265656,1
"GRU",0.05,41,"test",9,0.49371537566185,1
"GRU",0.05,41,"test",10,0.464925616979599,1
"GRU",0.05,41,"test",11,0.47055584192276,1
"GRU",0.05,41,"test",12,0.474791169166565,1
"GRU",0.05,41,"test",13,0.466945946216583,1
"GRU",0.05,41,"test",14,0.387745946645737,1
"GRU",0.05,41,"test",15,0.39464396238327,1
"GRU",0.05,41,"test",16,0.465560346841812,1
"GRU",0.05,41,"test",17,0.473563820123672,0
"GRU",0.05,41,"test",18,0.520798563957214,0
"GRU",0.05,41,"test",19,0.525698363780975,0
"GRU",0.05,41,"test",20,0.523238480091095,1
"GRU",0.05,41,"test",21,0.533065021038055,1
"GRU",0.05,41,"test",22,0.516287088394165,1
"GRU",0.05,41,"test",23,0.511725723743439,0
"GRU",0.05,41,"test",24,0.49088853597641,0
"GRU",0.05,41,"test",25,0.498554885387421,0
"GRU",0.05,41,"test",26,0.472130566835403,1
"GRU",0.05,41,"test",27,0.483724027872086,1
"GRU",0.05,41,"test",28,0.538842022418976,1
"GRU",0.05,41,"test",29,0.544938266277313,0
"GRU",0.05,41,"test",30,0.524294853210449,0
"GRU",0.05,41,"test",31,0.54301530122757,0
"GRU",0.05,41,"test",32,0.442150682210922,0
"GRU",0.05,41,"test",33,0.408938497304916,0
"GRU",0.05,41,"test",34,0.49371537566185,1
"GRU",0.05,41,"test",35,0.50660228729248,1
"GRU",0.05,41,"test",36,0.47055584192276,1
"GRU",0.05,41,"test",37,0.473172873258591,1
"GRU",0.05,41,"test",38,0.466945946216583,1
"GRU",0.05,41,"test",39,0.465009927749634,1
"GRU",0.05,41,"test",40,0.39464396238327,1
"GRU",0.05,41,"test",41,0.391714662313461,1
"GRU",0.05,41,"test",42,0.473563820123672,0
"GRU",0.05,41,"test",43,0.486273765563965,0
"GRU",0.05,41,"test",44,0.525698363780975,1
"GRU",0.05,41,"test",45,0.521965622901917,1
"GRU",0.05,41,"test",46,0.533065021038055,1
"GRU",0.05,41,"test",47,0.509170353412628,0
"GRU",0.05,41,"test",48,0.511725723743439,0
"GRU",0.05,41,"test",49,0.516143023967743,0
"GRU",0.05,41,"test",50,0.498554885387421,0
"GRU",0.05,41,"test",51,0.488835364580154,1
"GRU",0.05,41,"test",52,0.483724027872086,1
"GRU",0.05,41,"test",53,0.484867483377457,1
"GRU",0.05,41,"test",54,0.544938266277313,1
"GRU",0.05,41,"test",55,0.538959383964539,0
"GRU",0.05,41,"test",56,0.543015360832214,0
"GRU",0.05,41,"test",57,0.609565913677216,0
"GRU",0.05,41,"test",58,0.408938497304916,0
"GRU",0.05,41,"test",59,0.389955252408981,1
"GRU",0.05,41,"test",60,0.50660228729248,1
"GRU",0.05,41,"test",61,0.487903714179993,1
"GRU",0.05,41,"test",62,0.473172873258591,0
"GRU",0.05,41,"test",63,0.46807673573494,1
"GRU",0.05,41,"test",64,0.465009927749634,1
"GRU",0.05,41,"test",65,0.469274193048477,1
"GRU",0.05,41,"test",66,0.391714662313461,1
"GRU",0.05,41,"test",67,0.378351658582687,1
"GRU",0.05,41,"test",68,0.486273765563965,0
"GRU",0.05,41,"test",69,0.482268214225769,0
"GRU",0.05,41,"test",70,0.521965622901917,0
"GRU",0.05,41,"test",71,0.511809229850769,1
"GRU",0.05,41,"test",72,0.509170353412628,1
"GRU",0.05,41,"test",73,0.501550436019897,0
"GRU",0.05,41,"test",74,0.516143023967743,0
"GRU",0.05,41,"test",75,0.518951892852783,0
"GRU",0.05,41,"test",76,0.488835364580154,0
"GRU",0.05,41,"test",77,0.491495758295059,0
"GRU",0.05,41,"test",78,0.484867483377457,1
"GRU",0.05,41,"test",79,0.50095796585083,0
"GRU",0.05,41,"test",80,0.538959383964539,0
"GRU",0.05,41,"test",81,0.55217170715332,1
"GRU",0.05,41,"test",82,0.609565913677216,1
"GRU",0.05,41,"test",83,0.553144454956055,1
"GRU",0.05,41,"test",84,0.389955252408981,1
"GRU",0.05,41,"test",85,0.407189637422562,0
"GRU",0.05,41,"test",86,0.487903714179993,0
"GRU",0.05,41,"test",87,0.490584313869476,0
"GRU",0.05,41,"test",88,0.46807673573494,0
"GRU",0.05,41,"test",89,0.458761096000671,0
"GRU",0.05,41,"test",90,0.469274193048477,0
"GRU",0.05,41,"test",91,0.471549361944199,1
"GRU",0.05,41,"test",92,0.378351658582687,0
"GRU",0.05,41,"test",93,0.37602511048317,0
"GRU",0.05,41,"test",94,0.482268214225769,0
"GRU",0.05,41,"test",95,0.480912506580353,0
"GRU",0.05,41,"test",96,0.511809110641479,0
"GRU",0.05,41,"test",97,0.509840309619904,1
"GRU",0.05,41,"test",98,0.501550436019897,1
"GRU",0.05,41,"test",99,0.508898019790649,1
"GRU",0.05,41,"test",100,0.518951892852783,1
"GRU",0.05,41,"test",101,0.516220390796661,1
"GRU",0.05,41,"test",102,0.491495758295059,0
"GRU",0.05,41,"test",103,0.487651467323303,0
"GRU",0.05,41,"test",104,0.50095796585083,0
"GRU",0.05,41,"test",105,0.517710030078888,0
"GRU",0.05,41,"test",106,0.55217170715332,0
"GRU",0.05,41,"test",107,0.525733649730682,0
"GRU",0.05,41,"test",108,0.553144454956055,0
"GRU",0.05,41,"test",109,0.565415501594543,0
"GRU",0.05,41,"test",110,0.407189637422562,1
"GRU",0.05,41,"test",111,0.33278676867485,1
"GRU",0.05,41,"test",112,0.490584313869476,1
"GRU",0.05,41,"test",113,0.497315227985382,0
"GRU",0.05,41,"test",114,0.458761096000671,1
"GRU",0.05,41,"test",115,0.471341341733932,1
"GRU",0.05,41,"test",116,0.471549361944199,1
"GRU",0.05,41,"test",117,0.474473923444748,1
"GRU",0.05,41,"test",118,0.37602511048317,1
"GRU",0.05,41,"test",119,0.391199707984924,0
"GRU",0.05,41,"test",120,0.480912506580353,0
"GRU",0.05,41,"test",121,0.464030176401138,0
"GRU",0.05,41,"test",122,0.509840309619904,1
"GRU",0.05,41,"test",123,0.50885397195816,1
"GRU",0.05,41,"test",124,0.508898019790649,1
"GRU",0.05,41,"test",125,0.500196218490601,0
"GRU",0.05,41,"test",126,0.516220390796661,0
"GRU",0.05,41,"test",127,0.518292427062988,0
"GRU",0.05,41,"test",128,0.487651526927948,1
"GRU",0.05,41,"test",129,0.485629677772522,1
"GRU",0.05,41,"test",130,0.517710030078888,1
"GRU",0.05,41,"test",131,0.52631539106369,1
"GRU",0.05,41,"test",132,0.525733649730682,0
"GRU",0.05,41,"test",133,0.60434627532959,0
"GRU",0.05,41,"test",134,0.565415501594543,0
"GRU",0.05,41,"test",135,0.550018787384033,0
"GRU",0.05,41,"test",136,0.33278676867485,0
"GRU",0.05,41,"test",137,0.40767902135849,1
"GRU",0.05,41,"test",138,0.497315227985382,1
"GRU",0.05,41,"test",139,0.500152707099915,1
"GRU",0.05,41,"test",140,0.471341341733932,1
"GRU",0.05,41,"test",141,0.470474183559418,1
"GRU",0.05,41,"test",142,0.474473923444748,1
"GRU",0.05,41,"test",143,0.483260065317154,1
"GRU",0.05,41,"test",144,0.391199707984924,1
"GRU",0.05,41,"test",145,0.384233444929123,1
"GRU",0.05,41,"test",146,0.464030176401138,1
"GRU",0.05,41,"test",147,0.463394433259964,1
"GRU",0.05,41,"test",148,0.50885397195816,1
"GRU",0.05,41,"test",149,0.527365148067474,1
"GRU",0.05,41,"test",150,0.500196218490601,1
"GRU",0.05,41,"test",151,0.504932463169098,1
"GRU",0.05,41,"test",152,0.518292427062988,0
"GRU",0.05,41,"test",153,0.536225557327271,0
"GRU",0.05,41,"test",154,0.485629677772522,1
"GRU",0.05,41,"test",155,0.481172442436218,1
"GRU",0.05,41,"test",156,0.52631539106369,1
"GRU",0.05,41,"test",157,0.508707284927368,0
"GRU",0.05,41,"test",158,0.60434627532959,0
"GRU",0.05,41,"test",159,0.562439858913422,0
"GRU",0.05,41,"test",160,0.550018787384033,0
"GRU",0.05,41,"test",161,0.546096801757812,0
"GRU",0.05,41,"test",162,0.40767902135849,0
"GRU",0.05,41,"test",163,0.453887313604355,0
"GRU",0.05,41,"test",164,0.500152707099915,0
"GRU",0.05,41,"test",165,0.502994298934937,1
"GRU",0.05,41,"test",166,0.470474183559418,1
"GRU",0.05,41,"test",167,0.469295591115952,0
"GRU",0.05,41,"test",168,0.483260065317154,1
"GRU",0.05,41,"test",169,0.480049341917038,1
"GRU",0.05,41,"test",170,0.384233444929123,1
"GRU",0.05,41,"test",171,0.390063464641571,0
"GRU",0.05,41,"test",172,0.463394433259964,0
"GRU",0.05,41,"test",173,0.458684056997299,1
"GRU",0.05,41,"test",174,0.527365148067474,1
"GRU",0.05,41,"test",175,0.517446219921112,1
"GRU",0.05,41,"test",176,0.504932463169098,1
"GRU",0.05,41,"test",177,0.50683581829071,0
"GRU",0.05,41,"test",178,0.536225557327271,0
"GRU",0.05,41,"test",179,0.519892811775208,0
"GRU",0.05,41,"test",180,0.481172442436218,0
"GRU",0.05,41,"test",181,0.491197794675827,0
"GRU",0.05,41,"test",182,0.508707284927368,0
"GRU",0.05,41,"test",183,0.506127119064331,0
"GRU",0.05,41,"test",184,0.562439858913422,0
"GRU",0.05,41,"test",185,0.544838488101959,0
"GRU",0.05,41,"test",186,0.546096801757812,1
"GRU",0.05,41,"test",187,0.536470234394073,0
"GRU",0.05,41,"test",188,0.453887313604355,0
"GRU",0.05,41,"test",189,0.455441176891327,0
"GRU",0.05,41,"test",190,0.502994298934937,0
"GRU",0.05,41,"test",191,0.467572152614594,0
"GRU",0.05,41,"test",192,0.469295591115952,0
"GRU",0.05,41,"test",193,0.464146196842194,0
"GRU",0.05,41,"test",194,0.480049341917038,0
"GRU",0.05,41,"test",195,0.480958729982376,0
"GRU",0.05,41,"test",196,0.390063464641571,0
"GRU",0.05,41,"test",197,0.402541518211365,1
"GRU",0.05,41,"test",198,0.458684056997299,1
"GRU",0.05,41,"test",199,0.463248550891876,1
"GRU",0.05,41,"test",200,0.517446219921112,0
"GRU",0.05,41,"test",201,0.515246629714966,0
"GRU",0.05,41,"test",202,0.50683581829071,1
"GRU",0.05,41,"test",203,0.518226623535156,0
"GRU",0.05,41,"test",204,0.519892811775208,0
"GRU",0.05,41,"test",205,0.514166653156281,0
"GRU",0.05,41,"test",206,0.491197794675827,1
"GRU",0.05,41,"test",207,0.489370077848434,0
"GRU",0.05,41,"test",208,0.506127119064331,0
"GRU",0.05,41,"test",209,0.488798856735229,0
"GRU",0.05,41,"test",210,0.544838488101959,0
"GRU",0.05,41,"test",211,0.545592069625854,0
"GRU",0.05,41,"test",212,0.536470234394073,1
"GRU",0.05,41,"test",213,0.579995393753052,0
"GRU",0.05,41,"test",214,0.455441176891327,1
"GRU",0.05,41,"test",215,0.352057367563248,1
"GRU",0.05,41,"test",216,0.467572152614594,1
"GRU",0.05,41,"test",217,0.451293915510178,0
"GRU",0.05,41,"test",218,0.464146196842194,0
"GRU",0.05,41,"test",219,0.462163329124451,1
"GRU",0.05,41,"test",220,0.480958729982376,1
"GRU",0.05,41,"test",221,0.480879545211792,0
"GRU",0.05,41,"test",222,0.402541518211365,1
"GRU",0.05,41,"test",223,0.384164094924927,1
"GRU",0.05,41,"test",224,0.463248550891876,1
"GRU",0.05,41,"test",225,0.473003149032593,0
"GRU",0.05,41,"test",226,0.515246629714966,0
"GRU",0.05,41,"test",227,0.522223055362701,0
"GRU",0.05,41,"test",228,0.518226623535156,1
"GRU",0.05,41,"test",229,0.508304834365845,1
"GRU",0.05,41,"test",230,0.514166653156281,0
"GRU",0.05,41,"test",231,0.505874276161194,1
"GRU",0.05,41,"test",232,0.489370077848434,1
"GRU",0.05,41,"test",233,0.50109201669693,1
"GRU",0.05,41,"test",234,0.488798856735229,1
"GRU",0.05,41,"test",235,0.490670651197433,1
"GRU",0.05,41,"test",236,0.545592069625854,1
"GRU",0.05,41,"test",237,0.556616067886353,0
"GRU",0.05,41,"test",238,0.579995393753052,0
"GRU",0.05,41,"test",239,0.550202965736389,0
"GRU",0.05,41,"test",240,0.352057367563248,0
"GRU",0.05,41,"test",241,0.319904983043671,0
"GRU",0.05,41,"test",242,0.451293915510178,0
"GRU",0.05,41,"test",243,0.479597300291061,0
"GRU",0.05,41,"test",244,0.462163329124451,1
"GRU",0.05,41,"test",245,0.45641615986824,1
"GRU",0.05,41,"test",246,0.480879545211792,1
"GRU",0.05,41,"test",247,0.485216230154037,1
"GRU",0.05,41,"test",248,0.384164094924927,1
"GRU",0.05,41,"test",249,0.357387632131577,1
"GRU",0.05,41,"test",250,0.473003149032593,1
"GRU",0.05,41,"test",251,0.475773364305496,1
"GRU",0.05,41,"test",252,0.522223055362701,0
"GRU",0.05,41,"test",253,0.53088515996933,0
"GRU",0.05,41,"test",254,0.508304834365845,0
"GRU",0.05,41,"test",255,0.499468088150024,1
"GRU",0.05,41,"test",256,0.505874276161194,1
"GRU",0.05,41,"test",257,0.521586418151855,1
"GRU",0.05,41,"test",258,0.50109201669693,1
"GRU",0.05,41,"test",259,0.492085874080658,1
"GRU",0.05,41,"test",260,0.490670651197433,1
"GRU",0.05,41,"test",261,0.484035730361938,1
"GRU",0.05,41,"test",262,0.556616067886353,0
"GRU",0.05,41,"test",263,0.533386647701263,0
"GRU",0.05,41,"test",264,0.550202965736389,1
"GRU",0.05,41,"test",265,0.557413637638092,1
"GRU",0.05,41,"test",266,0.319904983043671,1
"GRU",0.05,41,"test",267,0.434914588928223,1
"GRU",0.05,41,"test",268,0.479597300291061,1
"GRU",0.05,41,"test",269,0.48800465464592,1
"GRU",0.05,41,"test",270,0.45641615986824,1
"GRU",0.05,41,"test",271,0.469208121299744,1
"GRU",0.05,41,"test",272,0.485216230154037,1
"GRU",0.05,41,"test",273,0.479534924030304,1
"GRU",0.05,41,"test",274,0.357387632131577,1
"GRU",0.05,41,"test",275,0.384358525276184,1
"GRU",0.05,41,"test",276,0.475773364305496,1
"GRU",0.05,41,"test",277,0.458401322364807,1
"GRU",0.05,41,"test",278,0.53088515996933,0
"GRU",0.05,41,"test",279,0.540533363819122,0
"GRU",0.05,41,"test",280,0.499468088150024,0
"GRU",0.05,41,"test",281,0.506474137306213,0
"GRU",0.05,41,"test",282,0.521586418151855,0
"GRU",0.05,41,"test",283,0.510762512683868,0
"GRU",0.05,41,"test",284,0.492085874080658,0
"GRU",0.05,41,"test",285,0.494926750659943,0
"GRU",0.05,41,"test",286,0.484035730361938,0
"GRU",0.05,41,"test",287,0.517219245433807,0
"GRU",0.05,41,"test",288,0.533386647701263,0
"GRU",0.05,41,"test",289,0.549390554428101,0
"GRU",0.05,41,"test",290,0.557413637638092,0
"GRU",0.05,41,"test",291,0.52077454328537,0
"GRU",0.05,41,"test",292,0.434914588928223,1
"GRU",0.05,41,"test",293,0.481006294488907,1
"GRU",0.05,41,"test",294,0.48800465464592,1
"GRU",0.05,41,"test",295,0.497894674539566,0
"GRU",0.05,41,"test",296,0.469208121299744,0
"GRU",0.05,41,"test",297,0.469658017158508,1
"GRU",0.05,41,"test",298,0.479534924030304,0
"GRU",0.05,41,"test",299,0.482637017965317,0
"GRU",0.05,41,"test",300,0.384358525276184,1
"GRU",0.05,41,"test",301,0.336945354938507,1
"GRU",0.05,41,"test",302,0.458401322364807,1
"GRU",0.05,41,"test",303,0.473682284355164,0
"GRU",0.05,41,"test",304,0.540533363819122,1
"GRU",0.05,41,"test",305,0.536222219467163,0
"GRU",0.05,64,"test",1,0.494171470403671,0
"GRU",0.05,64,"test",2,0.523088574409485,0
"GRU",0.05,64,"test",3,0.528099477291107,1
"GRU",0.05,64,"test",4,0.529773831367493,1
"GRU",0.05,64,"test",5,0.525477588176727,1
"GRU",0.05,64,"test",6,0.51394522190094,1
"GRU",0.05,64,"test",7,0.501777470111847,1
"GRU",0.05,64,"test",8,0.504485845565796,1
"GRU",0.05,64,"test",9,0.492355585098267,1
"GRU",0.05,64,"test",10,0.482373297214508,1
"GRU",0.05,64,"test",11,0.482794642448425,1
"GRU",0.05,64,"test",12,0.474791526794434,1
"GRU",0.05,64,"test",13,0.464367717504501,1
"GRU",0.05,64,"test",14,0.40277835726738,1
"GRU",0.05,64,"test",15,0.405594557523727,1
"GRU",0.05,64,"test",16,0.460657626390457,1
"GRU",0.05,64,"test",17,0.468562334775925,0
"GRU",0.05,64,"test",18,0.52171266078949,0
"GRU",0.05,64,"test",19,0.526512444019318,0
"GRU",0.05,64,"test",20,0.532579779624939,1
"GRU",0.05,64,"test",21,0.539237678050995,1
"GRU",0.05,64,"test",22,0.504499435424805,1
"GRU",0.05,64,"test",23,0.498764872550964,0
"GRU",0.05,64,"test",24,0.503512263298035,0
"GRU",0.05,64,"test",25,0.519457101821899,0
"GRU",0.05,64,"test",26,0.494171470403671,1
"GRU",0.05,64,"test",27,0.51448118686676,1
"GRU",0.05,64,"test",28,0.528099477291107,1
"GRU",0.05,64,"test",29,0.531504213809967,0
"GRU",0.05,64,"test",30,0.525477588176727,0
"GRU",0.05,64,"test",31,0.537468671798706,0
"GRU",0.05,64,"test",32,0.501777410507202,0
"GRU",0.05,64,"test",33,0.483254641294479,0
"GRU",0.05,64,"test",34,0.492355585098267,1
"GRU",0.05,64,"test",35,0.497553527355194,1
"GRU",0.05,64,"test",36,0.482794642448425,1
"GRU",0.05,64,"test",37,0.48261171579361,1
"GRU",0.05,64,"test",38,0.464367717504501,1
"GRU",0.05,64,"test",39,0.462116032838821,1
"GRU",0.05,64,"test",40,0.405594557523727,1
"GRU",0.05,64,"test",41,0.406549543142319,1
"GRU",0.05,64,"test",42,0.468562334775925,0
"GRU",0.05,64,"test",43,0.481110364198685,0
"GRU",0.05,64,"test",44,0.526512444019318,1
"GRU",0.05,64,"test",45,0.522979557514191,1
"GRU",0.05,64,"test",46,0.539237678050995,1
"GRU",0.05,64,"test",47,0.520226180553436,0
"GRU",0.05,64,"test",48,0.498764872550964,0
"GRU",0.05,64,"test",49,0.508935213088989,0
"GRU",0.05,64,"test",50,0.519457101821899,0
"GRU",0.05,64,"test",51,0.499270349740982,1
"GRU",0.05,64,"test",52,0.51448118686676,1
"GRU",0.05,64,"test",53,0.505046844482422,1
"GRU",0.05,64,"test",54,0.531504213809967,1
"GRU",0.05,64,"test",55,0.528006792068481,0
"GRU",0.05,64,"test",56,0.537468671798706,0
"GRU",0.05,64,"test",57,0.567692518234253,0
"GRU",0.05,64,"test",58,0.483254641294479,0
"GRU",0.05,64,"test",59,0.47428035736084,1
"GRU",0.05,64,"test",60,0.497553527355194,1
"GRU",0.05,64,"test",61,0.489086776971817,1
"GRU",0.05,64,"test",62,0.48261171579361,0
"GRU",0.05,64,"test",63,0.482650399208069,1
"GRU",0.05,64,"test",64,0.462116032838821,1
"GRU",0.05,64,"test",65,0.46757972240448,1
"GRU",0.05,64,"test",66,0.406549543142319,1
"GRU",0.05,64,"test",67,0.393798977136612,1
"GRU",0.05,64,"test",68,0.481110364198685,0
"GRU",0.05,64,"test",69,0.477527111768723,0
"GRU",0.05,64,"test",70,0.522979557514191,0
"GRU",0.05,64,"test",71,0.51795482635498,1
"GRU",0.05,64,"test",72,0.520226180553436,1
"GRU",0.05,64,"test",73,0.512991607189178,0
"GRU",0.05,64,"test",74,0.508935213088989,0
"GRU",0.05,64,"test",75,0.508701741695404,0
"GRU",0.05,64,"test",76,0.499270349740982,0
"GRU",0.05,64,"test",77,0.504374027252197,0
"GRU",0.05,64,"test",78,0.505046844482422,1
"GRU",0.05,64,"test",79,0.50898277759552,0
"GRU",0.05,64,"test",80,0.528006792068481,0
"GRU",0.05,64,"test",81,0.53550136089325,1
"GRU",0.05,64,"test",82,0.567692518234253,1
"GRU",0.05,64,"test",83,0.543432712554932,1
"GRU",0.05,64,"test",84,0.47428035736084,1
"GRU",0.05,64,"test",85,0.482429832220078,0
"GRU",0.05,64,"test",86,0.489086776971817,0
"GRU",0.05,64,"test",87,0.490508109331131,0
"GRU",0.05,64,"test",88,0.482650399208069,0
"GRU",0.05,64,"test",89,0.47850826382637,0
"GRU",0.05,64,"test",90,0.46757972240448,0
"GRU",0.05,64,"test",91,0.470229506492615,1
"GRU",0.05,64,"test",92,0.393798977136612,0
"GRU",0.05,64,"test",93,0.392260640859604,0
"GRU",0.05,64,"test",94,0.477527111768723,0
"GRU",0.05,64,"test",95,0.47528213262558,0
"GRU",0.05,64,"test",96,0.51795482635498,0
"GRU",0.05,64,"test",97,0.513151586055756,1
"GRU",0.05,64,"test",98,0.512991607189178,1
"GRU",0.05,64,"test",99,0.520089089870453,1
"GRU",0.05,64,"test",100,0.508701741695404,1
"GRU",0.05,64,"test",101,0.507008075714111,1
"GRU",0.05,64,"test",102,0.504374027252197,0
"GRU",0.05,64,"test",103,0.494800090789795,0
"GRU",0.05,64,"test",104,0.50898277759552,0
"GRU",0.05,64,"test",105,0.519561886787415,0
"GRU",0.05,64,"test",106,0.53550136089325,0
"GRU",0.05,64,"test",107,0.519587814807892,0
"GRU",0.05,64,"test",108,0.543432712554932,0
"GRU",0.05,64,"test",109,0.549420714378357,0
"GRU",0.05,64,"test",110,0.482429832220078,1
"GRU",0.05,64,"test",111,0.449469119310379,1
"GRU",0.05,64,"test",112,0.490508109331131,1
"GRU",0.05,64,"test",113,0.494593024253845,0
"GRU",0.05,64,"test",114,0.47850826382637,1
"GRU",0.05,64,"test",115,0.481718212366104,1
"GRU",0.05,64,"test",116,0.470229506492615,1
"GRU",0.05,64,"test",117,0.473715156316757,1
"GRU",0.05,64,"test",118,0.392260640859604,1
"GRU",0.05,64,"test",119,0.408977955579758,0
"GRU",0.05,64,"test",120,0.47528213262558,0
"GRU",0.05,64,"test",121,0.461388200521469,0
"GRU",0.05,64,"test",122,0.513151586055756,1
"GRU",0.05,64,"test",123,0.512327134609222,1
"GRU",0.05,64,"test",124,0.520089089870453,1
"GRU",0.05,64,"test",125,0.511304318904877,0
"GRU",0.05,64,"test",126,0.507008075714111,0
"GRU",0.05,64,"test",127,0.512277543544769,0
"GRU",0.05,64,"test",128,0.494800090789795,1
"GRU",0.05,64,"test",129,0.492587178945541,1
"GRU",0.05,64,"test",130,0.519561886787415,1
"GRU",0.05,64,"test",131,0.535759150981903,1
"GRU",0.05,64,"test",132,0.519587814807892,0
"GRU",0.05,64,"test",133,0.555597245693207,0
"GRU",0.05,64,"test",134,0.549420714378357,0
"GRU",0.05,64,"test",135,0.545031309127808,0
"GRU",0.05,64,"test",136,0.449469119310379,0
"GRU",0.05,64,"test",137,0.483507692813873,1
"GRU",0.05,64,"test",138,0.494593024253845,1
"GRU",0.05,64,"test",139,0.497107625007629,1
"GRU",0.05,64,"test",140,0.481718212366104,1
"GRU",0.05,64,"test",141,0.481198787689209,1
"GRU",0.05,64,"test",142,0.473715156316757,1
"GRU",0.05,64,"test",143,0.485149562358856,1
"GRU",0.05,64,"test",144,0.408977955579758,1
"GRU",0.05,64,"test",145,0.405425995588303,1
"GRU",0.05,64,"test",146,0.461388200521469,1
"GRU",0.05,64,"test",147,0.462431877851486,1
"GRU",0.05,64,"test",148,0.512327134609222,1
"GRU",0.05,64,"test",149,0.526518940925598,1
"GRU",0.05,64,"test",150,0.511304318904877,1
"GRU",0.05,64,"test",151,0.516584098339081,1
"GRU",0.05,64,"test",152,0.512277543544769,0
"GRU",0.05,64,"test",153,0.527528822422028,0
"GRU",0.05,64,"test",154,0.492587178945541,1
"GRU",0.05,64,"test",155,0.487887322902679,1
"GRU",0.05,64,"test",156,0.535759150981903,1
"GRU",0.05,64,"test",157,0.51504921913147,0
"GRU",0.05,64,"test",158,0.555597245693207,0
"GRU",0.05,64,"test",159,0.540618717670441,0
"GRU",0.05,64,"test",160,0.545031309127808,0
"GRU",0.05,64,"test",161,0.543636977672577,0
"GRU",0.05,64,"test",162,0.483507692813873,0
"GRU",0.05,64,"test",163,0.502958178520203,0
"GRU",0.05,64,"test",164,0.497107625007629,0
"GRU",0.05,64,"test",165,0.49700391292572,1
"GRU",0.05,64,"test",166,0.481198787689209,1
"GRU",0.05,64,"test",167,0.482213109731674,0
"GRU",0.05,64,"test",168,0.485149562358856,1
"GRU",0.05,64,"test",169,0.481733202934265,1
"GRU",0.05,64,"test",170,0.405425995588303,1
"GRU",0.05,64,"test",171,0.409884691238403,0
"GRU",0.05,64,"test",172,0.462431877851486,0
"GRU",0.05,64,"test",173,0.458059936761856,1
"GRU",0.05,64,"test",174,0.526518940925598,1
"GRU",0.05,64,"test",175,0.519454896450043,1
"GRU",0.05,64,"test",176,0.516584098339081,1
"GRU",0.05,64,"test",177,0.518839716911316,0
"GRU",0.05,64,"test",178,0.527528822422028,0
"GRU",0.05,64,"test",179,0.515285730361938,0
"GRU",0.05,64,"test",180,0.487887322902679,0
"GRU",0.05,64,"test",181,0.509362459182739,0
"GRU",0.05,64,"test",182,0.51504921913147,0
"GRU",0.05,64,"test",183,0.509198367595673,0
"GRU",0.05,64,"test",184,0.540618717670441,0
"GRU",0.05,64,"test",185,0.53161633014679,0
"GRU",0.05,64,"test",186,0.543636977672577,1
"GRU",0.05,64,"test",187,0.540449023246765,0
"GRU",0.05,64,"test",188,0.502958178520203,0
"GRU",0.05,64,"test",189,0.501679062843323,0
"GRU",0.05,64,"test",190,0.49700391292572,0
"GRU",0.05,64,"test",191,0.47179040312767,0
"GRU",0.05,64,"test",192,0.482213109731674,0
"GRU",0.05,64,"test",193,0.47710508108139,0
"GRU",0.05,64,"test",194,0.481733202934265,0
"GRU",0.05,64,"test",195,0.481266498565674,0
"GRU",0.05,64,"test",196,0.409884691238403,0
"GRU",0.05,64,"test",197,0.41560971736908,1
"GRU",0.05,64,"test",198,0.458059936761856,1
"GRU",0.05,64,"test",199,0.460800468921661,1
"GRU",0.05,64,"test",200,0.519454896450043,0
"GRU",0.05,64,"test",201,0.517308533191681,0
"GRU",0.05,64,"test",202,0.518839716911316,1
"GRU",0.05,64,"test",203,0.527182579040527,0
"GRU",0.05,64,"test",204,0.515285730361938,0
"GRU",0.05,64,"test",205,0.505683183670044,0
"GRU",0.05,64,"test",206,0.509362459182739,1
"GRU",0.05,64,"test",207,0.4952632188797,0
"GRU",0.05,64,"test",208,0.509198367595673,0
"GRU",0.05,64,"test",209,0.506856918334961,0
"GRU",0.05,64,"test",210,0.53161633014679,0
"GRU",0.05,64,"test",211,0.532031416893005,0
"GRU",0.05,64,"test",212,0.540449023246765,1
"GRU",0.05,64,"test",213,0.555402874946594,0
"GRU",0.05,64,"test",214,0.501679062843323,1
"GRU",0.05,64,"test",215,0.454430669546127,1
"GRU",0.05,64,"test",216,0.471790373325348,1
"GRU",0.05,64,"test",217,0.457416743040085,0
"GRU",0.05,64,"test",218,0.47710508108139,0
"GRU",0.05,64,"test",219,0.475668638944626,1
"GRU",0.05,64,"test",220,0.481266498565674,1
"GRU",0.05,64,"test",221,0.482617557048798,0
"GRU",0.05,64,"test",222,0.41560971736908,1
"GRU",0.05,64,"test",223,0.404333680868149,1
"GRU",0.05,64,"test",224,0.460800468921661,1
"GRU",0.05,64,"test",225,0.46782323718071,0
"GRU",0.05,64,"test",226,0.517308533191681,0
"GRU",0.05,64,"test",227,0.529080212116241,0
"GRU",0.05,64,"test",228,0.527182579040527,1
"GRU",0.05,64,"test",229,0.520188987255096,1
"GRU",0.05,64,"test",230,0.505683183670044,0
"GRU",0.05,64,"test",231,0.502145528793335,1
"GRU",0.05,64,"test",232,0.4952632188797,1
"GRU",0.05,64,"test",233,0.518893420696259,1
"GRU",0.05,64,"test",234,0.506856918334961,1
"GRU",0.05,64,"test",235,0.506150722503662,1
"GRU",0.05,64,"test",236,0.532031416893005,1
"GRU",0.05,64,"test",237,0.537963628768921,0
"GRU",0.05,64,"test",238,0.555402874946594,0
"GRU",0.05,64,"test",239,0.54530793428421,0
"GRU",0.05,64,"test",240,0.454430669546127,0
"GRU",0.05,64,"test",241,0.437516540288925,0
"GRU",0.05,64,"test",242,0.457416743040085,0
"GRU",0.05,64,"test",243,0.483605891466141,0
"GRU",0.05,64,"test",244,0.475668638944626,1
"GRU",0.05,64,"test",245,0.474742829799652,1
"GRU",0.05,64,"test",246,0.482617557048798,1
"GRU",0.05,64,"test",247,0.486059010028839,1
"GRU",0.05,64,"test",248,0.404333680868149,1
"GRU",0.05,64,"test",249,0.37595796585083,1
"GRU",0.05,64,"test",250,0.46782323718071,1
"GRU",0.05,64,"test",251,0.471807956695557,1
"GRU",0.05,64,"test",252,0.529080212116241,0
"GRU",0.05,64,"test",253,0.533623576164246,0
"GRU",0.05,64,"test",254,0.520188987255096,0
"GRU",0.05,64,"test",255,0.511115968227386,1
"GRU",0.05,64,"test",256,0.502145528793335,1
"GRU",0.05,64,"test",257,0.512735486030579,1
"GRU",0.05,64,"test",258,0.518893420696259,1
"GRU",0.05,64,"test",259,0.50618314743042,1
"GRU",0.05,64,"test",260,0.506150722503662,1
"GRU",0.05,64,"test",261,0.509732902050018,1
"GRU",0.05,64,"test",262,0.537963628768921,0
"GRU",0.05,64,"test",263,0.525474488735199,0
"GRU",0.05,64,"test",264,0.54530793428421,1
"GRU",0.05,64,"test",265,0.545528948307037,1
"GRU",0.05,64,"test",266,0.437516540288925,1
"GRU",0.05,64,"test",267,0.492137670516968,1
"GRU",0.05,64,"test",268,0.483605891466141,1
"GRU",0.05,64,"test",269,0.48907208442688,1
"GRU",0.05,64,"test",270,0.474742829799652,1
"GRU",0.05,64,"test",271,0.481119751930237,1
"GRU",0.05,64,"test",272,0.486059010028839,1
"GRU",0.05,64,"test",273,0.479670882225037,1
"GRU",0.05,64,"test",274,0.37595796585083,1
"GRU",0.05,64,"test",275,0.40379410982132,1
"GRU",0.05,64,"test",276,0.471807956695557,1
"GRU",0.05,64,"test",277,0.463880985975266,1
"GRU",0.05,64,"test",278,0.533623576164246,0
"GRU",0.05,64,"test",279,0.5305455327034,0
"GRU",0.05,64,"test",280,0.511115968227386,0
"GRU",0.05,64,"test",281,0.517461240291595,0
"GRU",0.05,64,"test",282,0.512735486030579,0
"GRU",0.05,64,"test",283,0.502432823181152,0
"GRU",0.05,64,"test",284,0.50618314743042,0
"GRU",0.05,64,"test",285,0.509880840778351,0
"GRU",0.05,64,"test",286,0.509732902050018,0
"GRU",0.05,64,"test",287,0.520802974700928,0
"GRU",0.05,64,"test",288,0.525474369525909,0
"GRU",0.05,64,"test",289,0.534075498580933,0
"GRU",0.05,64,"test",290,0.545528948307037,0
"GRU",0.05,64,"test",291,0.527042925357819,0
"GRU",0.05,64,"test",292,0.492137670516968,1
"GRU",0.05,64,"test",293,0.510285437107086,1
"GRU",0.05,64,"test",294,0.48907208442688,1
"GRU",0.05,64,"test",295,0.493082344532013,0
"GRU",0.05,64,"test",296,0.481119751930237,0
"GRU",0.05,64,"test",297,0.481837183237076,1
"GRU",0.05,64,"test",298,0.479670882225037,0
"GRU",0.05,64,"test",299,0.483282148838043,0
"GRU",0.05,64,"test",300,0.40379410982132,1
"GRU",0.05,64,"test",301,0.374964207410812,1
"GRU",0.05,64,"test",302,0.463880985975266,1
"GRU",0.05,64,"test",303,0.473305761814117,0
"GRU",0.05,64,"test",304,0.5305455327034,1
"GRU",0.05,64,"test",305,0.533571183681488,0
"GRU",0.1,23,"test",1,0.474942445755005,0
"GRU",0.1,23,"test",2,0.518349647521973,0
"GRU",0.1,23,"test",3,0.524223327636719,1
"GRU",0.1,23,"test",4,0.500281453132629,1
"GRU",0.1,23,"test",5,0.504606604576111,1
"GRU",0.1,23,"test",6,0.469937860965729,1
"GRU",0.1,23,"test",7,0.469925880432129,1
"GRU",0.1,23,"test",8,0.488332957029343,1
"GRU",0.1,23,"test",9,0.48567658662796,1
"GRU",0.1,23,"test",10,0.461468875408173,1
"GRU",0.1,23,"test",11,0.465299874544144,1
"GRU",0.1,23,"test",12,0.463633865118027,1
"GRU",0.1,23,"test",13,0.445340394973755,1
"GRU",0.1,23,"test",14,0.421553254127502,1
"GRU",0.1,23,"test",15,0.422526866197586,1
"GRU",0.1,23,"test",16,0.475769430398941,1
"GRU",0.1,23,"test",17,0.482928663492203,0
"GRU",0.1,23,"test",18,0.524583995342255,0
"GRU",0.1,23,"test",19,0.531328201293945,0
"GRU",0.1,23,"test",20,0.519044458866119,1
"GRU",0.1,23,"test",21,0.523290753364563,1
"GRU",0.1,23,"test",22,0.52835613489151,1
"GRU",0.1,23,"test",23,0.526295304298401,0
"GRU",0.1,23,"test",24,0.494171857833862,0
"GRU",0.1,23,"test",25,0.510660886764526,0
"GRU",0.1,23,"test",26,0.474942445755005,1
"GRU",0.1,23,"test",27,0.478101938962936,1
"GRU",0.1,23,"test",28,0.524223327636719,1
"GRU",0.1,23,"test",29,0.532907247543335,0
"GRU",0.1,23,"test",30,0.504606604576111,0
"GRU",0.1,23,"test",31,0.515684187412262,0
"GRU",0.1,23,"test",32,0.469925880432129,0
"GRU",0.1,23,"test",33,0.461289823055267,0
"GRU",0.1,23,"test",34,0.48567658662796,1
"GRU",0.1,23,"test",35,0.491407454013824,1
"GRU",0.1,23,"test",36,0.465299874544144,1
"GRU",0.1,23,"test",37,0.466655671596527,1
"GRU",0.1,23,"test",38,0.445340394973755,1
"GRU",0.1,23,"test",39,0.446830779314041,1
"GRU",0.1,23,"test",40,0.422526866197586,1
"GRU",0.1,23,"test",41,0.424348294734955,1
"GRU",0.1,23,"test",42,0.482928663492203,0
"GRU",0.1,23,"test",43,0.485670477151871,0
"GRU",0.1,23,"test",44,0.531328201293945,1
"GRU",0.1,23,"test",45,0.526494026184082,1
"GRU",0.1,23,"test",46,0.523290753364563,1
"GRU",0.1,23,"test",47,0.508243083953857,0
"GRU",0.1,23,"test",48,0.526295304298401,0
"GRU",0.1,23,"test",49,0.519689202308655,0
"GRU",0.1,23,"test",50,0.510660886764526,0
"GRU",0.1,23,"test",51,0.497484147548676,1
"GRU",0.1,23,"test",52,0.478101938962936,1
"GRU",0.1,23,"test",53,0.484192192554474,1
"GRU",0.1,23,"test",54,0.532907247543335,1
"GRU",0.1,23,"test",55,0.532186210155487,0
"GRU",0.1,23,"test",56,0.515684187412262,0
"GRU",0.1,23,"test",57,0.561207830905914,0
"GRU",0.1,23,"test",58,0.461289823055267,0
"GRU",0.1,23,"test",59,0.452764093875885,1
"GRU",0.1,23,"test",60,0.491407454013824,1
"GRU",0.1,23,"test",61,0.478564530611038,1
"GRU",0.1,23,"test",62,0.466655671596527,0
"GRU",0.1,23,"test",63,0.463587522506714,1
"GRU",0.1,23,"test",64,0.446830779314041,1
"GRU",0.1,23,"test",65,0.453065663576126,1
"GRU",0.1,23,"test",66,0.424348294734955,1
"GRU",0.1,23,"test",67,0.41493171453476,1
"GRU",0.1,23,"test",68,0.485670477151871,0
"GRU",0.1,23,"test",69,0.482350170612335,0
"GRU",0.1,23,"test",70,0.526494026184082,0
"GRU",0.1,23,"test",71,0.533123373985291,1
"GRU",0.1,23,"test",72,0.508243083953857,1
"GRU",0.1,23,"test",73,0.503012835979462,0
"GRU",0.1,23,"test",74,0.519689202308655,0
"GRU",0.1,23,"test",75,0.527391910552979,0
"GRU",0.1,23,"test",76,0.497484147548676,0
"GRU",0.1,23,"test",77,0.506105303764343,0
"GRU",0.1,23,"test",78,0.484192192554474,1
"GRU",0.1,23,"test",79,0.492390543222427,0
"GRU",0.1,23,"test",80,0.532186210155487,0
"GRU",0.1,23,"test",81,0.545546770095825,1
"GRU",0.1,23,"test",82,0.561207830905914,1
"GRU",0.1,23,"test",83,0.521921753883362,1
"GRU",0.1,23,"test",84,0.452764093875885,1
"GRU",0.1,23,"test",85,0.460578352212906,0
"GRU",0.1,23,"test",86,0.478564530611038,0
"GRU",0.1,23,"test",87,0.484759151935577,0
"GRU",0.1,23,"test",88,0.463587522506714,0
"GRU",0.1,23,"test",89,0.455114871263504,0
"GRU",0.1,23,"test",90,0.453065663576126,0
"GRU",0.1,23,"test",91,0.448521494865417,1
"GRU",0.1,23,"test",92,0.41493171453476,0
"GRU",0.1,23,"test",93,0.414022594690323,0
"GRU",0.1,23,"test",94,0.482350170612335,0
"GRU",0.1,23,"test",95,0.483295291662216,0
"GRU",0.1,23,"test",96,0.533123433589935,0
"GRU",0.1,23,"test",97,0.521605849266052,1
"GRU",0.1,23,"test",98,0.503012835979462,1
"GRU",0.1,23,"test",99,0.50830340385437,1
"GRU",0.1,23,"test",100,0.527391910552979,1
"GRU",0.1,23,"test",101,0.523254096508026,1
"GRU",0.1,23,"test",102,0.506105303764343,0
"GRU",0.1,23,"test",103,0.50379079580307,0
"GRU",0.1,23,"test",104,0.492390543222427,0
"GRU",0.1,23,"test",105,0.492338359355927,0
"GRU",0.1,23,"test",106,0.545546770095825,0
"GRU",0.1,23,"test",107,0.519851684570312,0
"GRU",0.1,23,"test",108,0.521921753883362,0
"GRU",0.1,23,"test",109,0.529788494110107,0
"GRU",0.1,23,"test",110,0.460578352212906,1
"GRU",0.1,23,"test",111,0.420958876609802,1
"GRU",0.1,23,"test",112,0.484759151935577,1
"GRU",0.1,23,"test",113,0.486432373523712,0
"GRU",0.1,23,"test",114,0.455114871263504,1
"GRU",0.1,23,"test",115,0.46579921245575,1
"GRU",0.1,23,"test",116,0.448521494865417,1
"GRU",0.1,23,"test",117,0.456830084323883,1
"GRU",0.1,23,"test",118,0.414022594690323,1
"GRU",0.1,23,"test",119,0.427003771066666,0
"GRU",0.1,23,"test",120,0.483295291662216,0
"GRU",0.1,23,"test",121,0.479132652282715,0
"GRU",0.1,23,"test",122,0.521605849266052,1
"GRU",0.1,23,"test",123,0.521547317504883,1
"GRU",0.1,23,"test",124,0.50830340385437,1
"GRU",0.1,23,"test",125,0.501462578773499,0
"GRU",0.1,23,"test",126,0.523254096508026,0
"GRU",0.1,23,"test",127,0.518801808357239,0
"GRU",0.1,23,"test",128,0.50379079580307,1
"GRU",0.1,23,"test",129,0.496086239814758,1
"GRU",0.1,23,"test",130,0.492338359355927,1
"GRU",0.1,23,"test",131,0.490048378705978,1
"GRU",0.1,23,"test",132,0.519851684570312,0
"GRU",0.1,23,"test",133,0.601091027259827,0
"GRU",0.1,23,"test",134,0.529788494110107,0
"GRU",0.1,23,"test",135,0.520079612731934,0
"GRU",0.1,23,"test",136,0.420958876609802,0
"GRU",0.1,23,"test",137,0.459708392620087,1
"GRU",0.1,23,"test",138,0.486432373523712,1
"GRU",0.1,23,"test",139,0.485375016927719,1
"GRU",0.1,23,"test",140,0.46579921245575,1
"GRU",0.1,23,"test",141,0.465618491172791,1
"GRU",0.1,23,"test",142,0.456830084323883,1
"GRU",0.1,23,"test",143,0.459072709083557,1
"GRU",0.1,23,"test",144,0.427003771066666,1
"GRU",0.1,23,"test",145,0.425260633230209,1
"GRU",0.1,23,"test",146,0.479132652282715,1
"GRU",0.1,23,"test",147,0.481366127729416,1
"GRU",0.1,23,"test",148,0.521547317504883,1
"GRU",0.1,23,"test",149,0.529211163520813,1
"GRU",0.1,23,"test",150,0.501462578773499,1
"GRU",0.1,23,"test",151,0.506044149398804,1
"GRU",0.1,23,"test",152,0.518801808357239,0
"GRU",0.1,23,"test",153,0.533832311630249,0
"GRU",0.1,23,"test",154,0.496086239814758,1
"GRU",0.1,23,"test",155,0.486532032489777,1
"GRU",0.1,23,"test",156,0.490048378705978,1
"GRU",0.1,23,"test",157,0.492422044277191,0
"GRU",0.1,23,"test",158,0.601091027259827,0
"GRU",0.1,23,"test",159,0.553984045982361,0
"GRU",0.1,23,"test",160,0.520079612731934,0
"GRU",0.1,23,"test",161,0.517775237560272,0
"GRU",0.1,23,"test",162,0.459708392620087,0
"GRU",0.1,23,"test",163,0.476415634155273,0
"GRU",0.1,23,"test",164,0.485375016927719,0
"GRU",0.1,23,"test",165,0.489204257726669,1
"GRU",0.1,23,"test",166,0.465618491172791,1
"GRU",0.1,23,"test",167,0.463846206665039,0
"GRU",0.1,23,"test",168,0.459072709083557,1
"GRU",0.1,23,"test",169,0.453658133745193,1
"GRU",0.1,23,"test",170,0.425260633230209,1
"GRU",0.1,23,"test",171,0.42822453379631,0
"GRU",0.1,23,"test",172,0.481366127729416,0
"GRU",0.1,23,"test",173,0.476808369159698,1
"GRU",0.1,23,"test",174,0.529211163520813,1
"GRU",0.1,23,"test",175,0.524097323417664,1
"GRU",0.1,23,"test",176,0.506044149398804,1
"GRU",0.1,23,"test",177,0.508651316165924,0
"GRU",0.1,23,"test",178,0.533832311630249,0
"GRU",0.1,23,"test",179,0.516932010650635,0
"GRU",0.1,23,"test",180,0.486532032489777,0
"GRU",0.1,23,"test",181,0.526455581188202,0
"GRU",0.1,23,"test",182,0.492422044277191,0
"GRU",0.1,23,"test",183,0.494046956300735,0
"GRU",0.1,23,"test",184,0.553984045982361,0
"GRU",0.1,23,"test",185,0.540353298187256,0
"GRU",0.1,23,"test",186,0.517775237560272,1
"GRU",0.1,23,"test",187,0.512466609477997,0
"GRU",0.1,23,"test",188,0.476415634155273,0
"GRU",0.1,23,"test",189,0.477611184120178,0
"GRU",0.1,23,"test",190,0.489204257726669,0
"GRU",0.1,23,"test",191,0.467493981122971,0
"GRU",0.1,23,"test",192,0.463846206665039,0
"GRU",0.1,23,"test",193,0.462031573057175,0
"GRU",0.1,23,"test",194,0.453658133745193,0
"GRU",0.1,23,"test",195,0.464482635259628,0
"GRU",0.1,23,"test",196,0.42822453379631,0
"GRU",0.1,23,"test",197,0.430740892887115,1
"GRU",0.1,23,"test",198,0.476808369159698,1
"GRU",0.1,23,"test",199,0.478684782981873,1
"GRU",0.1,23,"test",200,0.524097323417664,0
"GRU",0.1,23,"test",201,0.521740615367889,0
"GRU",0.1,23,"test",202,0.508651316165924,1
"GRU",0.1,23,"test",203,0.511937499046326,0
"GRU",0.1,23,"test",204,0.516932010650635,0
"GRU",0.1,23,"test",205,0.520530998706818,0
"GRU",0.1,23,"test",206,0.526455581188202,1
"GRU",0.1,23,"test",207,0.517443716526031,0
"GRU",0.1,23,"test",208,0.494046956300735,0
"GRU",0.1,23,"test",209,0.486497938632965,0
"GRU",0.1,23,"test",210,0.540353298187256,0
"GRU",0.1,23,"test",211,0.540984988212585,0
"GRU",0.1,23,"test",212,0.512466609477997,1
"GRU",0.1,23,"test",213,0.539683103561401,0
"GRU",0.1,23,"test",214,0.477611184120178,1
"GRU",0.1,23,"test",215,0.435422211885452,1
"GRU",0.1,23,"test",216,0.467493981122971,1
"GRU",0.1,23,"test",217,0.467209100723267,0
"GRU",0.1,23,"test",218,0.462031573057175,0
"GRU",0.1,23,"test",219,0.4606853723526,1
"GRU",0.1,23,"test",220,0.464482635259628,1
"GRU",0.1,23,"test",221,0.455102503299713,0
"GRU",0.1,23,"test",222,0.430740892887115,1
"GRU",0.1,23,"test",223,0.424177318811417,1
"GRU",0.1,23,"test",224,0.47868475317955,1
"GRU",0.1,23,"test",225,0.4817735850811,0
"GRU",0.1,23,"test",226,0.521740615367889,0
"GRU",0.1,23,"test",227,0.546319425106049,0
"GRU",0.1,23,"test",228,0.511937499046326,1
"GRU",0.1,23,"test",229,0.50964891910553,1
"GRU",0.1,23,"test",230,0.520530998706818,0
"GRU",0.1,23,"test",231,0.508627414703369,1
"GRU",0.1,23,"test",232,0.517443716526031,1
"GRU",0.1,23,"test",233,0.498833239078522,1
"GRU",0.1,23,"test",234,0.486497938632965,1
"GRU",0.1,23,"test",235,0.48816779255867,1
"GRU",0.1,23,"test",236,0.540984988212585,1
"GRU",0.1,23,"test",237,0.552765071392059,0
"GRU",0.1,23,"test",238,0.539683103561401,0
"GRU",0.1,23,"test",239,0.520219504833221,0
"GRU",0.1,23,"test",240,0.435422211885452,0
"GRU",0.1,23,"test",241,0.421587973833084,0
"GRU",0.1,23,"test",242,0.467209100723267,0
"GRU",0.1,23,"test",243,0.480386555194855,0
"GRU",0.1,23,"test",244,0.4606853723526,1
"GRU",0.1,23,"test",245,0.453516721725464,1
"GRU",0.1,23,"test",246,0.455102503299713,1
"GRU",0.1,23,"test",247,0.4677394926548,1
"GRU",0.1,23,"test",248,0.424177318811417,1
"GRU",0.1,23,"test",249,0.402911603450775,1
"GRU",0.1,23,"test",250,0.4817735850811,1
"GRU",0.1,23,"test",251,0.488298237323761,1
"GRU",0.1,23,"test",252,0.546319425106049,0
"GRU",0.1,23,"test",253,0.549636662006378,0
"GRU",0.1,23,"test",254,0.50964891910553,0
"GRU",0.1,23,"test",255,0.501887619495392,1
"GRU",0.1,23,"test",256,0.508627414703369,1
"GRU",0.1,23,"test",257,0.526262104511261,1
"GRU",0.1,23,"test",258,0.498833239078522,1
"GRU",0.1,23,"test",259,0.509515762329102,1
"GRU",0.1,23,"test",260,0.48816779255867,1
"GRU",0.1,23,"test",261,0.481055080890656,1
"GRU",0.1,23,"test",262,0.552765071392059,0
"GRU",0.1,23,"test",263,0.532449960708618,0
"GRU",0.1,23,"test",264,0.520219504833221,1
"GRU",0.1,23,"test",265,0.524626910686493,1
"GRU",0.1,23,"test",266,0.421587973833084,1
"GRU",0.1,23,"test",267,0.4710353910923,1
"GRU",0.1,23,"test",268,0.480386555194855,1
"GRU",0.1,23,"test",269,0.483048915863037,1
"GRU",0.1,23,"test",270,0.453516721725464,1
"GRU",0.1,23,"test",271,0.464032024145126,1
"GRU",0.1,23,"test",272,0.4677394926548,1
"GRU",0.1,23,"test",273,0.463846296072006,1
"GRU",0.1,23,"test",274,0.402911603450775,1
"GRU",0.1,23,"test",275,0.42357462644577,1
"GRU",0.1,23,"test",276,0.488298237323761,1
"GRU",0.1,23,"test",277,0.485845267772675,1
"GRU",0.1,23,"test",278,0.549636662006378,0
"GRU",0.1,23,"test",279,0.544927895069122,0
"GRU",0.1,23,"test",280,0.501887619495392,0
"GRU",0.1,23,"test",281,0.505937457084656,0
"GRU",0.1,23,"test",282,0.526262104511261,0
"GRU",0.1,23,"test",283,0.51787531375885,0
"GRU",0.1,23,"test",284,0.509515762329102,0
"GRU",0.1,23,"test",285,0.490940630435944,0
"GRU",0.1,23,"test",286,0.481055080890656,0
"GRU",0.1,23,"test",287,0.491976886987686,0
"GRU",0.1,23,"test",288,0.532449960708618,0
"GRU",0.1,23,"test",289,0.544024407863617,0
"GRU",0.1,23,"test",290,0.524626910686493,0
"GRU",0.1,23,"test",291,0.502516627311707,0
"GRU",0.1,23,"test",292,0.4710353910923,1
"GRU",0.1,23,"test",293,0.484335541725159,1
"GRU",0.1,23,"test",294,0.483048915863037,1
"GRU",0.1,23,"test",295,0.489009469747543,0
"GRU",0.1,23,"test",296,0.464032024145126,0
"GRU",0.1,23,"test",297,0.464043766260147,1
"GRU",0.1,23,"test",298,0.463846296072006,0
"GRU",0.1,23,"test",299,0.463818252086639,0
"GRU",0.1,23,"test",300,0.42357462644577,1
"GRU",0.1,23,"test",301,0.406477421522141,1
"GRU",0.1,23,"test",302,0.485845267772675,1
"GRU",0.1,23,"test",303,0.495944023132324,0
"GRU",0.1,23,"test",304,0.544927895069122,1
"GRU",0.1,23,"test",305,0.544025361537933,0
"GRU",0.1,27,"test",1,0.495029807090759,0
"GRU",0.1,27,"test",2,0.5442835688591,0
"GRU",0.1,27,"test",3,0.551970601081848,1
"GRU",0.1,27,"test",4,0.513389527797699,1
"GRU",0.1,27,"test",5,0.522219121456146,1
"GRU",0.1,27,"test",6,0.45528444647789,1
"GRU",0.1,27,"test",7,0.446791917085648,1
"GRU",0.1,27,"test",8,0.503772974014282,1
"GRU",0.1,27,"test",9,0.498136311769485,1
"GRU",0.1,27,"test",10,0.455921083688736,1
"GRU",0.1,27,"test",11,0.465257853269577,1
"GRU",0.1,27,"test",12,0.477004766464233,1
"GRU",0.1,27,"test",13,0.458997845649719,1
"GRU",0.1,27,"test",14,0.410431832075119,1
"GRU",0.1,27,"test",15,0.416636019945145,1
"GRU",0.1,27,"test",16,0.470361262559891,1
"GRU",0.1,27,"test",17,0.481831908226013,0
"GRU",0.1,27,"test",18,0.528440237045288,0
"GRU",0.1,27,"test",19,0.532205879688263,0
"GRU",0.1,27,"test",20,0.541384100914001,1
"GRU",0.1,27,"test",21,0.549652755260468,1
"GRU",0.1,27,"test",22,0.510473966598511,1
"GRU",0.1,27,"test",23,0.507454037666321,0
"GRU",0.1,27,"test",24,0.49812376499176,0
"GRU",0.1,27,"test",25,0.499850988388062,0
"GRU",0.1,27,"test",26,0.495029807090759,1
"GRU",0.1,27,"test",27,0.501287937164307,1
"GRU",0.1,27,"test",28,0.551970601081848,1
"GRU",0.1,27,"test",29,0.552269041538239,0
"GRU",0.1,27,"test",30,0.522219121456146,0
"GRU",0.1,27,"test",31,0.532390713691711,0
"GRU",0.1,27,"test",32,0.446791917085648,0
"GRU",0.1,27,"test",33,0.428943008184433,0
"GRU",0.1,27,"test",34,0.498136311769485,1
"GRU",0.1,27,"test",35,0.503628373146057,1
"GRU",0.1,27,"test",36,0.465257853269577,1
"GRU",0.1,27,"test",37,0.470077067613602,1
"GRU",0.1,27,"test",38,0.458997845649719,1
"GRU",0.1,27,"test",39,0.460718303918839,1
"GRU",0.1,27,"test",40,0.416636019945145,1
"GRU",0.1,27,"test",41,0.413861095905304,1
"GRU",0.1,27,"test",42,0.481831908226013,0
"GRU",0.1,27,"test",43,0.499258637428284,0
"GRU",0.1,27,"test",44,0.532205879688263,1
"GRU",0.1,27,"test",45,0.529308497905731,1
"GRU",0.1,27,"test",46,0.549652755260468,1
"GRU",0.1,27,"test",47,0.529276847839355,0
"GRU",0.1,27,"test",48,0.507454037666321,0
"GRU",0.1,27,"test",49,0.512719094753265,0
"GRU",0.1,27,"test",50,0.499850988388062,0
"GRU",0.1,27,"test",51,0.497116446495056,1
"GRU",0.1,27,"test",52,0.501287937164307,1
"GRU",0.1,27,"test",53,0.502555906772614,1
"GRU",0.1,27,"test",54,0.552269041538239,1
"GRU",0.1,27,"test",55,0.541902780532837,0
"GRU",0.1,27,"test",56,0.532390713691711,0
"GRU",0.1,27,"test",57,0.570237219333649,0
"GRU",0.1,27,"test",58,0.428943008184433,0
"GRU",0.1,27,"test",59,0.415922164916992,1
"GRU",0.1,27,"test",60,0.503628373146057,1
"GRU",0.1,27,"test",61,0.488312661647797,1
"GRU",0.1,27,"test",62,0.470077067613602,0
"GRU",0.1,27,"test",63,0.461212188005447,1
"GRU",0.1,27,"test",64,0.460718303918839,1
"GRU",0.1,27,"test",65,0.466146320104599,1
"GRU",0.1,27,"test",66,0.413861095905304,1
"GRU",0.1,27,"test",67,0.402595639228821,1
"GRU",0.1,27,"test",68,0.499258637428284,0
"GRU",0.1,27,"test",69,0.494271814823151,0
"GRU",0.1,27,"test",70,0.529308497905731,0
"GRU",0.1,27,"test",71,0.521047949790955,1
"GRU",0.1,27,"test",72,0.529276847839355,1
"GRU",0.1,27,"test",73,0.521072447299957,0
"GRU",0.1,27,"test",74,0.512719094753265,0
"GRU",0.1,27,"test",75,0.512629270553589,0
"GRU",0.1,27,"test",76,0.497116446495056,0
"GRU",0.1,27,"test",77,0.497227966785431,0
"GRU",0.1,27,"test",78,0.502555906772614,1
"GRU",0.1,27,"test",79,0.517783463001251,0
"GRU",0.1,27,"test",80,0.541902780532837,0
"GRU",0.1,27,"test",81,0.551232159137726,1
"GRU",0.1,27,"test",82,0.570237219333649,1
"GRU",0.1,27,"test",83,0.537898004055023,1
"GRU",0.1,27,"test",84,0.415922164916992,1
"GRU",0.1,27,"test",85,0.427759647369385,0
"GRU",0.1,27,"test",86,0.488312661647797,0
"GRU",0.1,27,"test",87,0.496938943862915,0
"GRU",0.1,27,"test",88,0.461212188005447,0
"GRU",0.1,27,"test",89,0.445203095674515,0
"GRU",0.1,27,"test",90,0.466146320104599,0
"GRU",0.1,27,"test",91,0.460680693387985,1
"GRU",0.1,27,"test",92,0.402595639228821,0
"GRU",0.1,27,"test",93,0.400622248649597,0
"GRU",0.1,27,"test",94,0.494271814823151,0
"GRU",0.1,27,"test",95,0.491442739963531,0
"GRU",0.1,27,"test",96,0.521047949790955,0
"GRU",0.1,27,"test",97,0.518355190753937,1
"GRU",0.1,27,"test",98,0.521072447299957,1
"GRU",0.1,27,"test",99,0.52882194519043,1
"GRU",0.1,27,"test",100,0.512629270553589,1
"GRU",0.1,27,"test",101,0.511706471443176,1
"GRU",0.1,27,"test",102,0.497227966785431,0
"GRU",0.1,27,"test",103,0.496229469776154,0
"GRU",0.1,27,"test",104,0.517783463001251,0
"GRU",0.1,27,"test",105,0.53097528219223,0
"GRU",0.1,27,"test",106,0.551232159137726,0
"GRU",0.1,27,"test",107,0.531861364841461,0
"GRU",0.1,27,"test",108,0.537898004055023,0
"GRU",0.1,27,"test",109,0.544846534729004,0
"GRU",0.1,27,"test",110,0.427759647369385,1
"GRU",0.1,27,"test",111,0.384524643421173,1
"GRU",0.1,27,"test",112,0.496938943862915,1
"GRU",0.1,27,"test",113,0.499257624149323,0
"GRU",0.1,27,"test",114,0.445203095674515,1
"GRU",0.1,27,"test",115,0.469646453857422,1
"GRU",0.1,27,"test",116,0.460680693387985,1
"GRU",0.1,27,"test",117,0.468959927558899,1
"GRU",0.1,27,"test",118,0.400622248649597,1
"GRU",0.1,27,"test",119,0.413505166769028,0
"GRU",0.1,27,"test",120,0.491442739963531,0
"GRU",0.1,27,"test",121,0.470867037773132,0
"GRU",0.1,27,"test",122,0.518355190753937,1
"GRU",0.1,27,"test",123,0.517452299594879,1
"GRU",0.1,27,"test",124,0.52882194519043,1
"GRU",0.1,27,"test",125,0.520206212997437,0
"GRU",0.1,27,"test",126,0.511706471443176,0
"GRU",0.1,27,"test",127,0.514539241790771,0
"GRU",0.1,27,"test",128,0.496229469776154,1
"GRU",0.1,27,"test",129,0.496378123760223,1
"GRU",0.1,27,"test",130,0.53097528219223,1
"GRU",0.1,27,"test",131,0.53251576423645,1
"GRU",0.1,27,"test",132,0.531861364841461,0
"GRU",0.1,27,"test",133,0.588013410568237,0
"GRU",0.1,27,"test",134,0.544846534729004,0
"GRU",0.1,27,"test",135,0.535073339939117,0
"GRU",0.1,27,"test",136,0.384524643421173,0
"GRU",0.1,27,"test",137,0.426236271858215,1
"GRU",0.1,27,"test",138,0.499257624149323,1
"GRU",0.1,27,"test",139,0.498836755752563,1
"GRU",0.1,27,"test",140,0.469646453857422,1
"GRU",0.1,27,"test",141,0.468950510025024,1
"GRU",0.1,27,"test",142,0.468959927558899,1
"GRU",0.1,27,"test",143,0.465906262397766,1
"GRU",0.1,27,"test",144,0.413505166769028,1
"GRU",0.1,27,"test",145,0.407631248235703,1
"GRU",0.1,27,"test",146,0.470867037773132,1
"GRU",0.1,27,"test",147,0.47232261300087,1
"GRU",0.1,27,"test",148,0.517452299594879,1
"GRU",0.1,27,"test",149,0.534125030040741,1
"GRU",0.1,27,"test",150,0.520206212997437,1
"GRU",0.1,27,"test",151,0.524293184280396,1
"GRU",0.1,27,"test",152,0.514539241790771,0
"GRU",0.1,27,"test",153,0.522609233856201,0
"GRU",0.1,27,"test",154,0.496378123760223,1
"GRU",0.1,27,"test",155,0.496442556381226,1
"GRU",0.1,27,"test",156,0.53251576423645,1
"GRU",0.1,27,"test",157,0.524418592453003,0
"GRU",0.1,27,"test",158,0.588013410568237,0
"GRU",0.1,27,"test",159,0.56052702665329,0
"GRU",0.1,27,"test",160,0.535073339939117,0
"GRU",0.1,27,"test",161,0.532631576061249,0
"GRU",0.1,27,"test",162,0.426236271858215,0
"GRU",0.1,27,"test",163,0.459285527467728,0
"GRU",0.1,27,"test",164,0.498836755752563,0
"GRU",0.1,27,"test",165,0.502092599868774,1
"GRU",0.1,27,"test",166,0.468950510025024,1
"GRU",0.1,27,"test",167,0.463918507099152,0
"GRU",0.1,27,"test",168,0.465906262397766,1
"GRU",0.1,27,"test",169,0.46117028594017,1
"GRU",0.1,27,"test",170,0.407631248235703,1
"GRU",0.1,27,"test",171,0.412695914506912,0
"GRU",0.1,27,"test",172,0.47232261300087,0
"GRU",0.1,27,"test",173,0.465585559606552,1
"GRU",0.1,27,"test",174,0.534125030040741,1
"GRU",0.1,27,"test",175,0.525295078754425,1
"GRU",0.1,27,"test",176,0.524293184280396,1
"GRU",0.1,27,"test",177,0.525517880916595,0
"GRU",0.1,27,"test",178,0.522609233856201,0
"GRU",0.1,27,"test",179,0.51626193523407,0
"GRU",0.1,27,"test",180,0.496442556381226,0
"GRU",0.1,27,"test",181,0.496005445718765,0
"GRU",0.1,27,"test",182,0.524418592453003,0
"GRU",0.1,27,"test",183,0.522461175918579,0
"GRU",0.1,27,"test",184,0.56052702665329,0
"GRU",0.1,27,"test",185,0.544013798236847,0
"GRU",0.1,27,"test",186,0.532631576061249,1
"GRU",0.1,27,"test",187,0.526440858840942,0
"GRU",0.1,27,"test",188,0.459285527467728,0
"GRU",0.1,27,"test",189,0.462684273719788,0
"GRU",0.1,27,"test",190,0.502092599868774,0
"GRU",0.1,27,"test",191,0.464317381381989,0
"GRU",0.1,27,"test",192,0.463918566703796,0
"GRU",0.1,27,"test",193,0.458855271339417,0
"GRU",0.1,27,"test",194,0.46117028594017,0
"GRU",0.1,27,"test",195,0.475919187068939,0
"GRU",0.1,27,"test",196,0.412695914506912,0
"GRU",0.1,27,"test",197,0.423457473516464,1
"GRU",0.1,27,"test",198,0.465585559606552,1
"GRU",0.1,27,"test",199,0.469954937696457,1
"GRU",0.1,27,"test",200,0.525295078754425,0
"GRU",0.1,27,"test",201,0.523412704467773,0
"GRU",0.1,27,"test",202,0.525517880916595,1
"GRU",0.1,27,"test",203,0.538704812526703,0
"GRU",0.1,27,"test",204,0.51626193523407,0
"GRU",0.1,27,"test",205,0.510988295078278,0
"GRU",0.1,27,"test",206,0.496005445718765,1
"GRU",0.1,27,"test",207,0.495876014232635,0
"GRU",0.1,27,"test",208,0.522461175918579,0
"GRU",0.1,27,"test",209,0.506165146827698,0
"GRU",0.1,27,"test",210,0.544013798236847,0
"GRU",0.1,27,"test",211,0.544659376144409,0
"GRU",0.1,27,"test",212,0.526440858840942,1
"GRU",0.1,27,"test",213,0.553343296051025,0
"GRU",0.1,27,"test",214,0.462684273719788,1
"GRU",0.1,27,"test",215,0.39602130651474,1
"GRU",0.1,27,"test",216,0.464317440986633,1
"GRU",0.1,27,"test",217,0.456432938575745,0
"GRU",0.1,27,"test",218,0.458855271339417,0
"GRU",0.1,27,"test",219,0.455270648002625,1
"GRU",0.1,27,"test",220,0.475919187068939,1
"GRU",0.1,27,"test",221,0.462415903806686,0
"GRU",0.1,27,"test",222,0.423457473516464,1
"GRU",0.1,27,"test",223,0.407454401254654,1
"GRU",0.1,27,"test",224,0.469954937696457,1
"GRU",0.1,27,"test",225,0.480795830488205,0
"GRU",0.1,27,"test",226,0.523412704467773,0
"GRU",0.1,27,"test",227,0.528729677200317,0
"GRU",0.1,27,"test",228,0.538704812526703,1
"GRU",0.1,27,"test",229,0.527106940746307,1
"GRU",0.1,27,"test",230,0.510988295078278,0
"GRU",0.1,27,"test",231,0.509076654911041,1
"GRU",0.1,27,"test",232,0.495876014232635,1
"GRU",0.1,27,"test",233,0.501573801040649,1
"GRU",0.1,27,"test",234,0.506165146827698,1
"GRU",0.1,27,"test",235,0.50788551568985,1
"GRU",0.1,27,"test",236,0.544659376144409,1
"GRU",0.1,27,"test",237,0.55223822593689,0
"GRU",0.1,27,"test",238,0.553343296051025,0
"GRU",0.1,27,"test",239,0.535108149051666,0
"GRU",0.1,27,"test",240,0.39602130651474,0
"GRU",0.1,27,"test",241,0.385533392429352,0
"GRU",0.1,27,"test",242,0.456432938575745,0
"GRU",0.1,27,"test",243,0.490557312965393,0
"GRU",0.1,27,"test",244,0.455270648002625,1
"GRU",0.1,27,"test",245,0.441612750291824,1
"GRU",0.1,27,"test",246,0.462415903806686,1
"GRU",0.1,27,"test",247,0.477944284677505,1
"GRU",0.1,27,"test",248,0.407454401254654,1
"GRU",0.1,27,"test",249,0.386227458715439,1
"GRU",0.1,27,"test",250,0.480795830488205,1
"GRU",0.1,27,"test",251,0.486498266458511,1
"GRU",0.1,27,"test",252,0.528729677200317,0
"GRU",0.1,27,"test",253,0.534330725669861,0
"GRU",0.1,27,"test",254,0.527106940746307,0
"GRU",0.1,27,"test",255,0.518109977245331,1
"GRU",0.1,27,"test",256,0.509076654911041,1
"GRU",0.1,27,"test",257,0.514727830886841,1
"GRU",0.1,27,"test",258,0.501573801040649,1
"GRU",0.1,27,"test",259,0.497197359800339,1
"GRU",0.1,27,"test",260,0.50788551568985,1
"GRU",0.1,27,"test",261,0.50191742181778,1
"GRU",0.1,27,"test",262,0.55223822593689,0
"GRU",0.1,27,"test",263,0.53404825925827,0
"GRU",0.1,27,"test",264,0.535108149051666,1
"GRU",0.1,27,"test",265,0.54032164812088,1
"GRU",0.1,27,"test",266,0.385533392429352,1
"GRU",0.1,27,"test",267,0.454610019922256,1
"GRU",0.1,27,"test",268,0.490557312965393,1
"GRU",0.1,27,"test",269,0.494618773460388,1
"GRU",0.1,27,"test",270,0.441612750291824,1
"GRU",0.1,27,"test",271,0.465545028448105,1
"GRU",0.1,27,"test",272,0.477944284677505,1
"GRU",0.1,27,"test",273,0.475769639015198,1
"GRU",0.1,27,"test",274,0.386227458715439,1
"GRU",0.1,27,"test",275,0.407562971115112,1
"GRU",0.1,27,"test",276,0.486498266458511,1
"GRU",0.1,27,"test",277,0.475204169750214,1
"GRU",0.1,27,"test",278,0.534330725669861,0
"GRU",0.1,27,"test",279,0.544713735580444,0
"GRU",0.1,27,"test",280,0.518109977245331,0
"GRU",0.1,27,"test",281,0.526991605758667,0
"GRU",0.1,27,"test",282,0.514727830886841,0
"GRU",0.1,27,"test",283,0.509241104125977,0
"GRU",0.1,27,"test",284,0.497197359800339,0
"GRU",0.1,27,"test",285,0.499915033578873,0
"GRU",0.1,27,"test",286,0.50191742181778,0
"GRU",0.1,27,"test",287,0.530361711978912,0
"GRU",0.1,27,"test",288,0.53404825925827,0
"GRU",0.1,27,"test",289,0.548064231872559,0
"GRU",0.1,27,"test",290,0.54032164812088,0
"GRU",0.1,27,"test",291,0.519264221191406,0
"GRU",0.1,27,"test",292,0.454610019922256,1
"GRU",0.1,27,"test",293,0.479565352201462,1
"GRU",0.1,27,"test",294,0.494618773460388,1
"GRU",0.1,27,"test",295,0.501161098480225,0
"GRU",0.1,27,"test",296,0.465545028448105,0
"GRU",0.1,27,"test",297,0.465249091386795,1
"GRU",0.1,27,"test",298,0.475769639015198,0
"GRU",0.1,27,"test",299,0.473856121301651,0
"GRU",0.1,27,"test",300,0.407562971115112,1
"GRU",0.1,27,"test",301,0.371596485376358,1
"GRU",0.1,27,"test",302,0.475204169750214,1
"GRU",0.1,27,"test",303,0.48902902007103,0
"GRU",0.1,27,"test",304,0.544713735580444,1
"GRU",0.1,27,"test",305,0.539646327495575,0
"GRU",0.1,98,"test",1,0.487852424383163,0
"GRU",0.1,98,"test",2,0.532301247119904,0
"GRU",0.1,98,"test",3,0.54060173034668,1
"GRU",0.1,98,"test",4,0.499105751514435,1
"GRU",0.1,98,"test",5,0.512006819248199,1
"GRU",0.1,98,"test",6,0.477583080530167,1
"GRU",0.1,98,"test",7,0.460273593664169,1
"GRU",0.1,98,"test",8,0.506539046764374,1
"GRU",0.1,98,"test",9,0.49475371837616,1
"GRU",0.1,98,"test",10,0.472441911697388,1
"GRU",0.1,98,"test",11,0.476737767457962,1
"GRU",0.1,98,"test",12,0.480776578187943,1
"GRU",0.1,98,"test",13,0.475922673940659,1
"GRU",0.1,98,"test",14,0.430893629789352,1
"GRU",0.1,98,"test",15,0.439574152231216,1
"GRU",0.1,98,"test",16,0.462415128946304,1
"GRU",0.1,98,"test",17,0.471135050058365,0
"GRU",0.1,98,"test",18,0.530290842056274,0
"GRU",0.1,98,"test",19,0.534443438053131,0
"GRU",0.1,98,"test",20,0.529871582984924,1
"GRU",0.1,98,"test",21,0.532573640346527,1
"GRU",0.1,98,"test",22,0.523007750511169,1
"GRU",0.1,98,"test",23,0.518625199794769,0
"GRU",0.1,98,"test",24,0.514718592166901,0
"GRU",0.1,98,"test",25,0.538067519664764,0
"GRU",0.1,98,"test",26,0.487852424383163,1
"GRU",0.1,98,"test",27,0.496621012687683,1
"GRU",0.1,98,"test",28,0.54060173034668,1
"GRU",0.1,98,"test",29,0.54673159122467,0
"GRU",0.1,98,"test",30,0.512006819248199,0
"GRU",0.1,98,"test",31,0.523552298545837,0
"GRU",0.1,98,"test",32,0.460273593664169,0
"GRU",0.1,98,"test",33,0.43486350774765,0
"GRU",0.1,98,"test",34,0.49475371837616,1
"GRU",0.1,98,"test",35,0.503229856491089,1
"GRU",0.1,98,"test",36,0.476737767457962,1
"GRU",0.1,98,"test",37,0.478509247303009,1
"GRU",0.1,98,"test",38,0.475922673940659,1
"GRU",0.1,98,"test",39,0.475857675075531,1
"GRU",0.1,98,"test",40,0.439574152231216,1
"GRU",0.1,98,"test",41,0.432773143053055,1
"GRU",0.1,98,"test",42,0.471135050058365,0
"GRU",0.1,98,"test",43,0.486125707626343,0
"GRU",0.1,98,"test",44,0.534443438053131,1
"GRU",0.1,98,"test",45,0.531602740287781,1
"GRU",0.1,98,"test",46,0.532573640346527,1
"GRU",0.1,98,"test",47,0.52012026309967,0
"GRU",0.1,98,"test",48,0.518625199794769,0
"GRU",0.1,98,"test",49,0.520994603633881,0
"GRU",0.1,98,"test",50,0.538067519664764,0
"GRU",0.1,98,"test",51,0.51507431268692,1
"GRU",0.1,98,"test",52,0.496621012687683,1
"GRU",0.1,98,"test",53,0.500595271587372,1
"GRU",0.1,98,"test",54,0.54673159122467,1
"GRU",0.1,98,"test",55,0.541482388973236,0
"GRU",0.1,98,"test",56,0.523552298545837,0
"GRU",0.1,98,"test",57,0.576613247394562,0
"GRU",0.1,98,"test",58,0.43486350774765,0
"GRU",0.1,98,"test",59,0.423604369163513,1
"GRU",0.1,98,"test",60,0.503229856491089,1
"GRU",0.1,98,"test",61,0.483739942312241,1
"GRU",0.1,98,"test",62,0.478509247303009,0
"GRU",0.1,98,"test",63,0.475057035684586,1
"GRU",0.1,98,"test",64,0.475857675075531,1
"GRU",0.1,98,"test",65,0.477471828460693,1
"GRU",0.1,98,"test",66,0.432773143053055,1
"GRU",0.1,98,"test",67,0.426533341407776,1
"GRU",0.1,98,"test",68,0.486125707626343,0
"GRU",0.1,98,"test",69,0.482497721910477,0
"GRU",0.1,98,"test",70,0.531602740287781,0
"GRU",0.1,98,"test",71,0.535985589027405,1
"GRU",0.1,98,"test",72,0.52012026309967,1
"GRU",0.1,98,"test",73,0.516085505485535,0
"GRU",0.1,98,"test",74,0.520994603633881,0
"GRU",0.1,98,"test",75,0.525021910667419,0
"GRU",0.1,98,"test",76,0.51507431268692,0
"GRU",0.1,98,"test",77,0.525421798229218,0
"GRU",0.1,98,"test",78,0.500595271587372,1
"GRU",0.1,98,"test",79,0.519008755683899,0
"GRU",0.1,98,"test",80,0.541482388973236,0
"GRU",0.1,98,"test",81,0.556855440139771,1
"GRU",0.1,98,"test",82,0.576613247394562,1
"GRU",0.1,98,"test",83,0.530197441577911,1
"GRU",0.1,98,"test",84,0.423604369163513,1
"GRU",0.1,98,"test",85,0.433777749538422,0
"GRU",0.1,98,"test",86,0.483739942312241,0
"GRU",0.1,98,"test",87,0.492701292037964,0
"GRU",0.1,98,"test",88,0.475057035684586,0
"GRU",0.1,98,"test",89,0.464734554290771,0
"GRU",0.1,98,"test",90,0.477471828460693,0
"GRU",0.1,98,"test",91,0.476780503988266,1
"GRU",0.1,98,"test",92,0.426533341407776,0
"GRU",0.1,98,"test",93,0.424511104822159,0
"GRU",0.1,98,"test",94,0.482497721910477,0
"GRU",0.1,98,"test",95,0.479647010564804,0
"GRU",0.1,98,"test",96,0.535985589027405,0
"GRU",0.1,98,"test",97,0.52795547246933,1
"GRU",0.1,98,"test",98,0.516085505485535,1
"GRU",0.1,98,"test",99,0.520386934280396,1
"GRU",0.1,98,"test",100,0.525021910667419,1
"GRU",0.1,98,"test",101,0.521745443344116,1
"GRU",0.1,98,"test",102,0.525421798229218,0
"GRU",0.1,98,"test",103,0.516988575458527,0
"GRU",0.1,98,"test",104,0.519008755683899,0
"GRU",0.1,98,"test",105,0.532923817634583,0
"GRU",0.1,98,"test",106,0.556855440139771,0
"GRU",0.1,98,"test",107,0.527124524116516,0
"GRU",0.1,98,"test",108,0.530197441577911,0
"GRU",0.1,98,"test",109,0.539303839206696,0
"GRU",0.1,98,"test",110,0.433777749538422,1
"GRU",0.1,98,"test",111,0.393007665872574,1
"GRU",0.1,98,"test",112,0.492701292037964,1
"GRU",0.1,98,"test",113,0.496938049793243,0
"GRU",0.1,98,"test",114,0.464734554290771,1
"GRU",0.1,98,"test",115,0.47925078868866,1
"GRU",0.1,98,"test",116,0.476780503988266,1
"GRU",0.1,98,"test",117,0.478684961795807,1
"GRU",0.1,98,"test",118,0.424511104822159,1
"GRU",0.1,98,"test",119,0.428618669509888,0
"GRU",0.1,98,"test",120,0.479647010564804,0
"GRU",0.1,98,"test",121,0.461904913187027,0
"GRU",0.1,98,"test",122,0.52795547246933,1
"GRU",0.1,98,"test",123,0.527761280536652,1
"GRU",0.1,98,"test",124,0.520386934280396,1
"GRU",0.1,98,"test",125,0.51409375667572,0
"GRU",0.1,98,"test",126,0.521745443344116,0
"GRU",0.1,98,"test",127,0.522643148899078,0
"GRU",0.1,98,"test",128,0.516988575458527,1
"GRU",0.1,98,"test",129,0.509414076805115,1
"GRU",0.1,98,"test",130,0.532923817634583,1
"GRU",0.1,98,"test",131,0.534633874893188,1
"GRU",0.1,98,"test",132,0.527124524116516,0
"GRU",0.1,98,"test",133,0.621033370494843,0
"GRU",0.1,98,"test",134,0.539303839206696,0
"GRU",0.1,98,"test",135,0.525468051433563,0
"GRU",0.1,98,"test",136,0.393007665872574,0
"GRU",0.1,98,"test",137,0.434948593378067,1
"GRU",0.1,98,"test",138,0.496938049793243,1
"GRU",0.1,98,"test",139,0.497620344161987,1
"GRU",0.1,98,"test",140,0.47925078868866,1
"GRU",0.1,98,"test",141,0.479137361049652,1
"GRU",0.1,98,"test",142,0.478684961795807,1
"GRU",0.1,98,"test",143,0.478673279285431,1
"GRU",0.1,98,"test",144,0.428618669509888,1
"GRU",0.1,98,"test",145,0.421505451202393,1
"GRU",0.1,98,"test",146,0.461904913187027,1
"GRU",0.1,98,"test",147,0.462346702814102,1
"GRU",0.1,98,"test",148,0.527761280536652,1
"GRU",0.1,98,"test",149,0.532277166843414,1
"GRU",0.1,98,"test",150,0.51409375667572,1
"GRU",0.1,98,"test",151,0.51909863948822,1
"GRU",0.1,98,"test",152,0.522643148899078,0
"GRU",0.1,98,"test",153,0.541767597198486,0
"GRU",0.1,98,"test",154,0.509414076805115,1
"GRU",0.1,98,"test",155,0.498230338096619,1
"GRU",0.1,98,"test",156,0.534633874893188,1
"GRU",0.1,98,"test",157,0.525974214076996,0
"GRU",0.1,98,"test",158,0.621033370494843,0
"GRU",0.1,98,"test",159,0.567840218544006,0
"GRU",0.1,98,"test",160,0.525468170642853,0
"GRU",0.1,98,"test",161,0.522238671779633,0
"GRU",0.1,98,"test",162,0.434948593378067,0
"GRU",0.1,98,"test",163,0.465919554233551,0
"GRU",0.1,98,"test",164,0.497620344161987,0
"GRU",0.1,98,"test",165,0.501178503036499,1
"GRU",0.1,98,"test",166,0.479137361049652,1
"GRU",0.1,98,"test",167,0.476287007331848,0
"GRU",0.1,98,"test",168,0.478673279285431,1
"GRU",0.1,98,"test",169,0.477540194988251,1
"GRU",0.1,98,"test",170,0.421505451202393,1
"GRU",0.1,98,"test",171,0.425590544939041,0
"GRU",0.1,98,"test",172,0.462346702814102,0
"GRU",0.1,98,"test",173,0.457267463207245,1
"GRU",0.1,98,"test",174,0.532277166843414,1
"GRU",0.1,98,"test",175,0.530223309993744,1
"GRU",0.1,98,"test",176,0.51909863948822,1
"GRU",0.1,98,"test",177,0.522280812263489,0
"GRU",0.1,98,"test",178,0.541767597198486,0
"GRU",0.1,98,"test",179,0.523665368556976,0
"GRU",0.1,98,"test",180,0.498230338096619,0
"GRU",0.1,98,"test",181,0.542649328708649,0
"GRU",0.1,98,"test",182,0.525974214076996,0
"GRU",0.1,98,"test",183,0.524140000343323,0
"GRU",0.1,98,"test",184,0.567840218544006,0
"GRU",0.1,98,"test",185,0.549981355667114,0
"GRU",0.1,98,"test",186,0.522238671779633,1
"GRU",0.1,98,"test",187,0.514196634292603,0
"GRU",0.1,98,"test",188,0.465919554233551,0
"GRU",0.1,98,"test",189,0.466043829917908,0
"GRU",0.1,98,"test",190,0.501178503036499,0
"GRU",0.1,98,"test",191,0.457012534141541,0
"GRU",0.1,98,"test",192,0.476286977529526,0
"GRU",0.1,98,"test",193,0.47328394651413,0
"GRU",0.1,98,"test",194,0.477540194988251,0
"GRU",0.1,98,"test",195,0.48100546002388,0
"GRU",0.1,98,"test",196,0.425590544939041,0
"GRU",0.1,98,"test",197,0.439695477485657,1
"GRU",0.1,98,"test",198,0.457267463207245,1
"GRU",0.1,98,"test",199,0.461154580116272,1
"GRU",0.1,98,"test",200,0.530223309993744,0
"GRU",0.1,98,"test",201,0.52847957611084,0
"GRU",0.1,98,"test",202,0.522280812263489,1
"GRU",0.1,98,"test",203,0.522072374820709,0
"GRU",0.1,98,"test",204,0.523665368556976,0
"GRU",0.1,98,"test",205,0.519480764865875,0
"GRU",0.1,98,"test",206,0.542649328708649,1
"GRU",0.1,98,"test",207,0.526249706745148,0
"GRU",0.1,98,"test",208,0.524140000343323,0
"GRU",0.1,98,"test",209,0.505199551582336,0
"GRU",0.1,98,"test",210,0.549981355667114,0
"GRU",0.1,98,"test",211,0.550742745399475,0
"GRU",0.1,98,"test",212,0.514196634292603,1
"GRU",0.1,98,"test",213,0.551344513893127,0
"GRU",0.1,98,"test",214,0.466043829917908,1
"GRU",0.1,98,"test",215,0.40132400393486,1
"GRU",0.1,98,"test",216,0.457012563943863,1
"GRU",0.1,98,"test",217,0.447122305631638,0
"GRU",0.1,98,"test",218,0.47328394651413,0
"GRU",0.1,98,"test",219,0.470786303281784,1
"GRU",0.1,98,"test",220,0.48100546002388,1
"GRU",0.1,98,"test",221,0.47782176733017,0
"GRU",0.1,98,"test",222,0.439695477485657,1
"GRU",0.1,98,"test",223,0.422705739736557,1
"GRU",0.1,98,"test",224,0.461154580116272,1
"GRU",0.1,98,"test",225,0.470477640628815,0
"GRU",0.1,98,"test",226,0.52847957611084,0
"GRU",0.1,98,"test",227,0.542669475078583,0
"GRU",0.1,98,"test",228,0.522072374820709,1
"GRU",0.1,98,"test",229,0.522976100444794,1
"GRU",0.1,98,"test",230,0.519480764865875,0
"GRU",0.1,98,"test",231,0.511101603507996,1
"GRU",0.1,98,"test",232,0.526249706745148,1
"GRU",0.1,98,"test",233,0.526895701885223,1
"GRU",0.1,98,"test",234,0.505199551582336,1
"GRU",0.1,98,"test",235,0.507536888122559,1
"GRU",0.1,98,"test",236,0.550742745399475,1
"GRU",0.1,98,"test",237,0.564308345317841,0
"GRU",0.1,98,"test",238,0.551344513893127,0
"GRU",0.1,98,"test",239,0.525445759296417,0
"GRU",0.1,98,"test",240,0.40132400393486,0
"GRU",0.1,98,"test",241,0.383231163024902,0
"GRU",0.1,98,"test",242,0.447122305631638,0
"GRU",0.1,98,"test",243,0.483580321073532,0
"GRU",0.1,98,"test",244,0.470786303281784,1
"GRU",0.1,98,"test",245,0.461241692304611,1
"GRU",0.1,98,"test",246,0.47782176733017,1
"GRU",0.1,98,"test",247,0.481882601976395,1
"GRU",0.1,98,"test",248,0.422705739736557,1
"GRU",0.1,98,"test",249,0.413654327392578,1
"GRU",0.1,98,"test",250,0.470477640628815,1
"GRU",0.1,98,"test",251,0.47402748465538,1
"GRU",0.1,98,"test",252,0.542669475078583,0
"GRU",0.1,98,"test",253,0.542468011379242,0
"GRU",0.1,98,"test",254,0.522976100444794,0
"GRU",0.1,98,"test",255,0.515858829021454,1
"GRU",0.1,98,"test",256,0.511101603507996,1
"GRU",0.1,98,"test",257,0.526975929737091,1
"GRU",0.1,98,"test",258,0.526895701885223,1
"GRU",0.1,98,"test",259,0.52924633026123,1
"GRU",0.1,98,"test",260,0.507536888122559,1
"GRU",0.1,98,"test",261,0.498696863651276,1
"GRU",0.1,98,"test",262,0.564308345317841,0
"GRU",0.1,98,"test",263,0.542075932025909,0
"GRU",0.1,98,"test",264,0.525445759296417,1
"GRU",0.1,98,"test",265,0.533334493637085,1
"GRU",0.1,98,"test",266,0.383231163024902,1
"GRU",0.1,98,"test",267,0.450530290603638,1
"GRU",0.1,98,"test",268,0.483580321073532,1
"GRU",0.1,98,"test",269,0.489739984273911,1
"GRU",0.1,98,"test",270,0.461241692304611,1
"GRU",0.1,98,"test",271,0.477263003587723,1
"GRU",0.1,98,"test",272,0.481882601976395,1
"GRU",0.1,98,"test",273,0.480852216482162,1
"GRU",0.1,98,"test",274,0.413654327392578,1
"GRU",0.1,98,"test",275,0.423692137002945,1
"GRU",0.1,98,"test",276,0.47402748465538,1
"GRU",0.1,98,"test",277,0.461603283882141,1
"GRU",0.1,98,"test",278,0.542468011379242,0
"GRU",0.1,98,"test",279,0.531111061573029,0
"GRU",0.1,98,"test",280,0.515858829021454,0
"GRU",0.1,98,"test",281,0.517741143703461,0
"GRU",0.1,98,"test",282,0.526975929737091,0
"GRU",0.1,98,"test",283,0.516172170639038,0
"GRU",0.1,98,"test",284,0.52924633026123,0
"GRU",0.1,98,"test",285,0.514952719211578,0
"GRU",0.1,98,"test",286,0.498696863651276,0
"GRU",0.1,98,"test",287,0.53227037191391,0
"GRU",0.1,98,"test",288,0.542075932025909,0
"GRU",0.1,98,"test",289,0.55451375246048,0
"GRU",0.1,98,"test",290,0.533334493637085,0
"GRU",0.1,98,"test",291,0.507581412792206,0
"GRU",0.1,98,"test",292,0.450530290603638,1
"GRU",0.1,98,"test",293,0.487265795469284,1
"GRU",0.1,98,"test",294,0.489739984273911,1
"GRU",0.1,98,"test",295,0.498366177082062,0
"GRU",0.1,98,"test",296,0.477263003587723,0
"GRU",0.1,98,"test",297,0.476982831954956,1
"GRU",0.1,98,"test",298,0.480852216482162,0
"GRU",0.1,98,"test",299,0.48056948184967,0
"GRU",0.1,98,"test",300,0.423692137002945,1
"GRU",0.1,98,"test",301,0.386748939752579,1
"GRU",0.1,98,"test",302,0.461603283882141,1
"GRU",0.1,98,"test",303,0.474121272563934,0
"GRU",0.1,98,"test",304,0.531111061573029,1
"GRU",0.1,98,"test",305,0.537902653217316,0
"GRU",0.1,41,"test",1,0.471949905157089,0
"GRU",0.1,41,"test",2,0.53053206205368,0
"GRU",0.1,41,"test",3,0.538364946842194,1
"GRU",0.1,41,"test",4,0.51593029499054,1
"GRU",0.1,41,"test",5,0.524471044540405,1
"GRU",0.1,41,"test",6,0.463171452283859,1
"GRU",0.1,41,"test",7,0.446757197380066,1
"GRU",0.1,41,"test",8,0.512533247470856,1
"GRU",0.1,41,"test",9,0.494280993938446,1
"GRU",0.1,41,"test",10,0.467612355947495,1
"GRU",0.1,41,"test",11,0.472814649343491,1
"GRU",0.1,41,"test",12,0.475529104471207,1
"GRU",0.1,41,"test",13,0.468156546354294,1
"GRU",0.1,41,"test",14,0.392583847045898,1
"GRU",0.1,41,"test",15,0.399122774600983,1
"GRU",0.1,41,"test",16,0.466927170753479,1
"GRU",0.1,41,"test",17,0.474522680044174,0
"GRU",0.1,41,"test",18,0.519885063171387,0
"GRU",0.1,41,"test",19,0.524695754051208,0
"GRU",0.1,41,"test",20,0.522004246711731,1
"GRU",0.1,41,"test",21,0.531601190567017,1
"GRU",0.1,41,"test",22,0.517511069774628,1
"GRU",0.1,41,"test",23,0.512941062450409,0
"GRU",0.1,41,"test",24,0.491365075111389,0
"GRU",0.1,41,"test",25,0.499747574329376,0
"GRU",0.1,41,"test",26,0.471949905157089,1
"GRU",0.1,41,"test",27,0.48312321305275,1
"GRU",0.1,41,"test",28,0.538364946842194,1
"GRU",0.1,41,"test",29,0.544304013252258,0
"GRU",0.1,41,"test",30,0.524471044540405,0
"GRU",0.1,41,"test",31,0.542972207069397,0
"GRU",0.1,41,"test",32,0.446757197380066,0
"GRU",0.1,41,"test",33,0.414281368255615,0
"GRU",0.1,41,"test",34,0.494280993938446,1
"GRU",0.1,41,"test",35,0.506921648979187,1
"GRU",0.1,41,"test",36,0.472814649343491,1
"GRU",0.1,41,"test",37,0.475162595510483,1
"GRU",0.1,41,"test",38,0.468156546354294,1
"GRU",0.1,41,"test",39,0.466152280569077,1
"GRU",0.1,41,"test",40,0.399122774600983,1
"GRU",0.1,41,"test",41,0.396334260702133,1
"GRU",0.1,41,"test",42,0.474522680044174,0
"GRU",0.1,41,"test",43,0.486319035291672,0
"GRU",0.1,41,"test",44,0.524695754051208,1
"GRU",0.1,41,"test",45,0.52102929353714,1
"GRU",0.1,41,"test",46,0.531601190567017,1
"GRU",0.1,41,"test",47,0.508331298828125,0
"GRU",0.1,41,"test",48,0.512941062450409,0
"GRU",0.1,41,"test",49,0.517004430294037,0
"GRU",0.1,41,"test",50,0.499747574329376,0
"GRU",0.1,41,"test",51,0.489558398723602,1
"GRU",0.1,41,"test",52,0.48312321305275,1
"GRU",0.1,41,"test",53,0.484633475542068,1
"GRU",0.1,41,"test",54,0.544304013252258,1
"GRU",0.1,41,"test",55,0.538287162780762,0
"GRU",0.1,41,"test",56,0.542972207069397,0
"GRU",0.1,41,"test",57,0.60812771320343,0
"GRU",0.1,41,"test",58,0.414281368255615,0
"GRU",0.1,41,"test",59,0.396020919084549,1
"GRU",0.1,41,"test",60,0.506921648979187,1
"GRU",0.1,41,"test",61,0.488647252321243,1
"GRU",0.1,41,"test",62,0.475162595510483,0
"GRU",0.1,41,"test",63,0.470516204833984,1
"GRU",0.1,41,"test",64,0.466152280569077,1
"GRU",0.1,41,"test",65,0.470265507698059,1
"GRU",0.1,41,"test",66,0.396334260702133,1
"GRU",0.1,41,"test",67,0.383711665868759,1
"GRU",0.1,41,"test",68,0.486319035291672,0
"GRU",0.1,41,"test",69,0.482499897480011,0
"GRU",0.1,41,"test",70,0.52102929353714,0
"GRU",0.1,41,"test",71,0.511104166507721,1
"GRU",0.1,41,"test",72,0.508331298828125,1
"GRU",0.1,41,"test",73,0.500931143760681,0
"GRU",0.1,41,"test",74,0.517004430294037,0
"GRU",0.1,41,"test",75,0.520096063613892,0
"GRU",0.1,41,"test",76,0.489558398723602,0
"GRU",0.1,41,"test",77,0.492632687091827,0
"GRU",0.1,41,"test",78,0.484633475542068,1
"GRU",0.1,41,"test",79,0.500973582267761,0
"GRU",0.1,41,"test",80,0.538287162780762,0
"GRU",0.1,41,"test",81,0.551330745220184,1
"GRU",0.1,41,"test",82,0.60812771320343,1
"GRU",0.1,41,"test",83,0.55296927690506,1
"GRU",0.1,41,"test",84,0.396020919084549,1
"GRU",0.1,41,"test",85,0.412597864866257,0
"GRU",0.1,41,"test",86,0.488647252321243,0
"GRU",0.1,41,"test",87,0.491178423166275,0
"GRU",0.1,41,"test",88,0.470516204833984,0
"GRU",0.1,41,"test",89,0.461662858724594,0
"GRU",0.1,41,"test",90,0.470265507698059,0
"GRU",0.1,41,"test",91,0.472732216119766,1
"GRU",0.1,41,"test",92,0.383711665868759,0
"GRU",0.1,41,"test",93,0.381509155035019,0
"GRU",0.1,41,"test",94,0.482499897480011,0
"GRU",0.1,41,"test",95,0.481296896934509,0
"GRU",0.1,41,"test",96,0.511104166507721,0
"GRU",0.1,41,"test",97,0.509176731109619,1
"GRU",0.1,41,"test",98,0.500931143760681,1
"GRU",0.1,41,"test",99,0.508063077926636,1
"GRU",0.1,41,"test",100,0.520096063613892,1
"GRU",0.1,41,"test",101,0.517231166362762,1
"GRU",0.1,41,"test",102,0.492632687091827,0
"GRU",0.1,41,"test",103,0.488771945238113,0
"GRU",0.1,41,"test",104,0.500973582267761,0
"GRU",0.1,41,"test",105,0.517690658569336,0
"GRU",0.1,41,"test",106,0.551330745220184,0
"GRU",0.1,41,"test",107,0.525241017341614,0
"GRU",0.1,41,"test",108,0.55296927690506,0
"GRU",0.1,41,"test",109,0.564981460571289,0
"GRU",0.1,41,"test",110,0.412597864866257,1
"GRU",0.1,41,"test",111,0.340437084436417,1
"GRU",0.1,41,"test",112,0.491178423166275,1
"GRU",0.1,41,"test",113,0.497858732938766,0
"GRU",0.1,41,"test",114,0.461662858724594,1
"GRU",0.1,41,"test",115,0.473173379898071,1
"GRU",0.1,41,"test",116,0.472732216119766,1
"GRU",0.1,41,"test",117,0.475429028272629,1
"GRU",0.1,41,"test",118,0.381509155035019,1
"GRU",0.1,41,"test",119,0.39584544301033,0
"GRU",0.1,41,"test",120,0.481296896934509,0
"GRU",0.1,41,"test",121,0.465646207332611,0
"GRU",0.1,41,"test",122,0.509176731109619,1
"GRU",0.1,41,"test",123,0.508214235305786,1
"GRU",0.1,41,"test",124,0.508063077926636,1
"GRU",0.1,41,"test",125,0.499629020690918,0
"GRU",0.1,41,"test",126,0.517231166362762,0
"GRU",0.1,41,"test",127,0.519084513187408,0
"GRU",0.1,41,"test",128,0.488771945238113,1
"GRU",0.1,41,"test",129,0.48637443780899,1
"GRU",0.1,41,"test",130,0.517690658569336,1
"GRU",0.1,41,"test",131,0.52584582567215,1
"GRU",0.1,41,"test",132,0.525241017341614,0
"GRU",0.1,41,"test",133,0.603078961372375,0
"GRU",0.1,41,"test",134,0.564981460571289,0
"GRU",0.1,41,"test",135,0.550273358821869,0
"GRU",0.1,41,"test",136,0.340437084436417,0
"GRU",0.1,41,"test",137,0.413241297006607,1
"GRU",0.1,41,"test",138,0.497858732938766,1
"GRU",0.1,41,"test",139,0.50073254108429,1
"GRU",0.1,41,"test",140,0.473173379898071,1
"GRU",0.1,41,"test",141,0.472282111644745,1
"GRU",0.1,41,"test",142,0.475429028272629,1
"GRU",0.1,41,"test",143,0.484442293643951,1
"GRU",0.1,41,"test",144,0.39584544301033,1
"GRU",0.1,41,"test",145,0.389257729053497,1
"GRU",0.1,41,"test",146,0.465646207332611,1
"GRU",0.1,41,"test",147,0.465115994215012,1
"GRU",0.1,41,"test",148,0.508214235305786,1
"GRU",0.1,41,"test",149,0.526323556900024,1
"GRU",0.1,41,"test",150,0.499629020690918,1
"GRU",0.1,41,"test",151,0.50420355796814,1
"GRU",0.1,41,"test",152,0.519084513187408,0
"GRU",0.1,41,"test",153,0.537482857704163,0
"GRU",0.1,41,"test",154,0.48637443780899,1
"GRU",0.1,41,"test",155,0.481539249420166,1
"GRU",0.1,41,"test",156,0.52584582567215,1
"GRU",0.1,41,"test",157,0.508667707443237,0
"GRU",0.1,41,"test",158,0.603078961372375,0
"GRU",0.1,41,"test",159,0.561524152755737,0
"GRU",0.1,41,"test",160,0.550273358821869,0
"GRU",0.1,41,"test",161,0.546508252620697,0
"GRU",0.1,41,"test",162,0.413241297006607,0
"GRU",0.1,41,"test",163,0.457535117864609,0
"GRU",0.1,41,"test",164,0.50073254108429,0
"GRU",0.1,41,"test",165,0.50342583656311,1
"GRU",0.1,41,"test",166,0.472282111644745,1
"GRU",0.1,41,"test",167,0.471524983644485,0
"GRU",0.1,41,"test",168,0.484442293643951,1
"GRU",0.1,41,"test",169,0.481324911117554,1
"GRU",0.1,41,"test",170,0.389257729053497,1
"GRU",0.1,41,"test",171,0.39477527141571,0
"GRU",0.1,41,"test",172,0.465115994215012,0
"GRU",0.1,41,"test",173,0.460667669773102,1
"GRU",0.1,41,"test",174,0.526323556900024,1
"GRU",0.1,41,"test",175,0.516605854034424,1
"GRU",0.1,41,"test",176,0.50420355796814,1
"GRU",0.1,41,"test",177,0.506035923957825,0
"GRU",0.1,41,"test",178,0.537482857704163,0
"GRU",0.1,41,"test",179,0.520585477352142,0
"GRU",0.1,41,"test",180,0.481539249420166,0
"GRU",0.1,41,"test",181,0.493485748767853,0
"GRU",0.1,41,"test",182,0.508667707443237,0
"GRU",0.1,41,"test",183,0.506253719329834,0
"GRU",0.1,41,"test",184,0.561524152755737,0
"GRU",0.1,41,"test",185,0.544040739536285,0
"GRU",0.1,41,"test",186,0.546508252620697,1
"GRU",0.1,41,"test",187,0.53732305765152,0
"GRU",0.1,41,"test",188,0.457535117864609,0
"GRU",0.1,41,"test",189,0.458767384290695,0
"GRU",0.1,41,"test",190,0.50342583656311,0
"GRU",0.1,41,"test",191,0.468465536832809,0
"GRU",0.1,41,"test",192,0.471524983644485,0
"GRU",0.1,41,"test",193,0.466162741184235,0
"GRU",0.1,41,"test",194,0.481324911117554,0
"GRU",0.1,41,"test",195,0.481802582740784,0
"GRU",0.1,41,"test",196,0.39477527141571,0
"GRU",0.1,41,"test",197,0.406572312116623,1
"GRU",0.1,41,"test",198,0.460667669773102,1
"GRU",0.1,41,"test",199,0.464915186166763,1
"GRU",0.1,41,"test",200,0.516605854034424,0
"GRU",0.1,41,"test",201,0.514455854892731,0
"GRU",0.1,41,"test",202,0.506035923957825,1
"GRU",0.1,41,"test",203,0.517164468765259,0
"GRU",0.1,41,"test",204,0.520585477352142,0
"GRU",0.1,41,"test",205,0.515096306800842,0
"GRU",0.1,41,"test",206,0.493485748767853,1
"GRU",0.1,41,"test",207,0.491227090358734,0
"GRU",0.1,41,"test",208,0.506253719329834,0
"GRU",0.1,41,"test",209,0.488599210977554,0
"GRU",0.1,41,"test",210,0.544040739536285,0
"GRU",0.1,41,"test",211,0.544787704944611,0
"GRU",0.1,41,"test",212,0.53732305765152,1
"GRU",0.1,41,"test",213,0.579175472259521,0
"GRU",0.1,41,"test",214,0.458767384290695,1
"GRU",0.1,41,"test",215,0.359050899744034,1
"GRU",0.1,41,"test",216,0.468465536832809,1
"GRU",0.1,41,"test",217,0.452230960130692,0
"GRU",0.1,41,"test",218,0.466162741184235,0
"GRU",0.1,41,"test",219,0.464264631271362,1
"GRU",0.1,41,"test",220,0.481802582740784,1
"GRU",0.1,41,"test",221,0.482128709554672,0
"GRU",0.1,41,"test",222,0.406572312116623,1
"GRU",0.1,41,"test",223,0.389189779758453,1
"GRU",0.1,41,"test",224,0.464915186166763,1
"GRU",0.1,41,"test",225,0.473972886800766,0
"GRU",0.1,41,"test",226,0.514455854892731,0
"GRU",0.1,41,"test",227,0.521370112895966,0
"GRU",0.1,41,"test",228,0.517164468765259,1
"GRU",0.1,41,"test",229,0.507463812828064,1
"GRU",0.1,41,"test",230,0.515096306800842,0
"GRU",0.1,41,"test",231,0.506460428237915,1
"GRU",0.1,41,"test",232,0.491227090358734,1
"GRU",0.1,41,"test",233,0.501555562019348,1
"GRU",0.1,41,"test",234,0.488599210977554,1
"GRU",0.1,41,"test",235,0.490542590618134,1
"GRU",0.1,41,"test",236,0.544787704944611,1
"GRU",0.1,41,"test",237,0.555676758289337,0
"GRU",0.1,41,"test",238,0.579175472259521,0
"GRU",0.1,41,"test",239,0.550477266311646,0
"GRU",0.1,41,"test",240,0.359050899744034,0
"GRU",0.1,41,"test",241,0.327240139245987,0
"GRU",0.1,41,"test",242,0.452230960130692,0
"GRU",0.1,41,"test",243,0.480323255062103,0
"GRU",0.1,41,"test",244,0.464264631271362,1
"GRU",0.1,41,"test",245,0.459194540977478,1
"GRU",0.1,41,"test",246,0.482128709554672,1
"GRU",0.1,41,"test",247,0.486076086759567,1
"GRU",0.1,41,"test",248,0.389189779758453,1
"GRU",0.1,41,"test",249,0.363898038864136,1
"GRU",0.1,41,"test",250,0.473972886800766,1
"GRU",0.1,41,"test",251,0.476683765649796,1
"GRU",0.1,41,"test",252,0.521370112895966,0
"GRU",0.1,41,"test",253,0.529899537563324,0
"GRU",0.1,41,"test",254,0.507463812828064,0
"GRU",0.1,41,"test",255,0.49890261888504,1
"GRU",0.1,41,"test",256,0.506460428237915,1
"GRU",0.1,41,"test",257,0.522648274898529,1
"GRU",0.1,41,"test",258,0.501555562019348,1
"GRU",0.1,41,"test",259,0.493398666381836,1
"GRU",0.1,41,"test",260,0.490542590618134,1
"GRU",0.1,41,"test",261,0.483615040779114,1
"GRU",0.1,41,"test",262,0.555676758289337,0
"GRU",0.1,41,"test",263,0.532658159732819,0
"GRU",0.1,41,"test",264,0.550477266311646,1
"GRU",0.1,41,"test",265,0.557146191596985,1
"GRU",0.1,41,"test",266,0.327240139245987,1
"GRU",0.1,41,"test",267,0.438544064760208,1
"GRU",0.1,41,"test",268,0.480323255062103,1
"GRU",0.1,41,"test",269,0.488657921552658,1
"GRU",0.1,41,"test",270,0.459194540977478,1
"GRU",0.1,41,"test",271,0.471209436655045,1
"GRU",0.1,41,"test",272,0.486076086759567,1
"GRU",0.1,41,"test",273,0.48036190867424,1
"GRU",0.1,41,"test",274,0.363898038864136,1
"GRU",0.1,41,"test",275,0.389373064041138,1
"GRU",0.1,41,"test",276,0.476683765649796,1
"GRU",0.1,41,"test",277,0.460561782121658,1
"GRU",0.1,41,"test",278,0.529899537563324,0
"GRU",0.1,41,"test",279,0.539335370063782,0
"GRU",0.1,41,"test",280,0.49890261888504,0
"GRU",0.1,41,"test",281,0.505720973014832,0
"GRU",0.1,41,"test",282,0.522648274898529,0
"GRU",0.1,41,"test",283,0.511641800403595,0
"GRU",0.1,41,"test",284,0.493398666381836,0
"GRU",0.1,41,"test",285,0.495108723640442,0
"GRU",0.1,41,"test",286,0.483615040779114,0
"GRU",0.1,41,"test",287,0.517140805721283,0
"GRU",0.1,41,"test",288,0.532658159732819,0
"GRU",0.1,41,"test",289,0.548556685447693,0
"GRU",0.1,41,"test",290,0.557146191596985,0
"GRU",0.1,41,"test",291,0.5213583111763,0
"GRU",0.1,41,"test",292,0.438544064760208,1
"GRU",0.1,41,"test",293,0.483347773551941,1
"GRU",0.1,41,"test",294,0.488657921552658,1
"GRU",0.1,41,"test",295,0.498290956020355,0
"GRU",0.1,41,"test",296,0.471209436655045,0
"GRU",0.1,41,"test",297,0.471761912107468,1
"GRU",0.1,41,"test",298,0.48036190867424,0
"GRU",0.1,41,"test",299,0.483567029237747,0
"GRU",0.1,41,"test",300,0.389373064041138,1
"GRU",0.1,41,"test",301,0.344336479902267,1
"GRU",0.1,41,"test",302,0.460561782121658,1
"GRU",0.1,41,"test",303,0.474848300218582,0
"GRU",0.1,41,"test",304,0.539335370063782,1
"GRU",0.1,41,"test",305,0.535094618797302,0
"GRU",0.1,64,"test",1,0.494004547595978,0
"GRU",0.1,64,"test",2,0.5216965675354,0
"GRU",0.1,64,"test",3,0.52652496099472,1
"GRU",0.1,64,"test",4,0.529345750808716,1
"GRU",0.1,64,"test",5,0.525276303291321,1
"GRU",0.1,64,"test",6,0.513013064861298,1
"GRU",0.1,64,"test",7,0.500959992408752,1
"GRU",0.1,64,"test",8,0.504881680011749,1
"GRU",0.1,64,"test",9,0.492899686098099,1
"GRU",0.1,64,"test",10,0.482931971549988,1
"GRU",0.1,64,"test",11,0.483289390802383,1
"GRU",0.1,64,"test",12,0.475816756486893,1
"GRU",0.1,64,"test",13,0.466045647859573,1
"GRU",0.1,64,"test",14,0.405951589345932,1
"GRU",0.1,64,"test",15,0.408740937709808,1
"GRU",0.1,64,"test",16,0.461616069078445,1
"GRU",0.1,64,"test",17,0.469497323036194,0
"GRU",0.1,64,"test",18,0.521806478500366,0
"GRU",0.1,64,"test",19,0.526606023311615,0
"GRU",0.1,64,"test",20,0.531531929969788,1
"GRU",0.1,64,"test",21,0.537984609603882,1
"GRU",0.1,64,"test",22,0.504876255989075,1
"GRU",0.1,64,"test",23,0.499258875846863,0
"GRU",0.1,64,"test",24,0.504043817520142,0
"GRU",0.1,64,"test",25,0.5200235247612,0
"GRU",0.1,64,"test",26,0.494004547595978,1
"GRU",0.1,64,"test",27,0.51309996843338,1
"GRU",0.1,64,"test",28,0.52652496099472,1
"GRU",0.1,64,"test",29,0.530070126056671,0
"GRU",0.1,64,"test",30,0.525276303291321,0
"GRU",0.1,64,"test",31,0.537031888961792,0
"GRU",0.1,64,"test",32,0.500959992408752,0
"GRU",0.1,64,"test",33,0.482530921697617,0
"GRU",0.1,64,"test",34,0.492899686098099,1
"GRU",0.1,64,"test",35,0.497944861650467,1
"GRU",0.1,64,"test",36,0.483289390802383,1
"GRU",0.1,64,"test",37,0.483103215694427,1
"GRU",0.1,64,"test",38,0.466045647859573,1
"GRU",0.1,64,"test",39,0.463805288076401,1
"GRU",0.1,64,"test",40,0.408740937709808,1
"GRU",0.1,64,"test",41,0.409585177898407,1
"GRU",0.1,64,"test",42,0.469497323036194,0
"GRU",0.1,64,"test",43,0.481924027204514,0
"GRU",0.1,64,"test",44,0.526606023311615,1
"GRU",0.1,64,"test",45,0.52306604385376,1
"GRU",0.1,64,"test",46,0.537984609603882,1
"GRU",0.1,64,"test",47,0.51965069770813,0
"GRU",0.1,64,"test",48,0.499258875846863,0
"GRU",0.1,64,"test",49,0.509121596813202,0
"GRU",0.1,64,"test",50,0.5200235247612,0
"GRU",0.1,64,"test",51,0.499885439872742,1
"GRU",0.1,64,"test",52,0.51309996843338,1
"GRU",0.1,64,"test",53,0.503834962844849,1
"GRU",0.1,64,"test",54,0.530070126056671,1
"GRU",0.1,64,"test",55,0.52700001001358,0
"GRU",0.1,64,"test",56,0.537031888961792,0
"GRU",0.1,64,"test",57,0.566645801067352,0
"GRU",0.1,64,"test",58,0.482530921697617,0
"GRU",0.1,64,"test",59,0.473485857248306,1
"GRU",0.1,64,"test",60,0.497944861650467,1
"GRU",0.1,64,"test",61,0.489778757095337,1
"GRU",0.1,64,"test",62,0.483103215694427,0
"GRU",0.1,64,"test",63,0.483178555965424,1
"GRU",0.1,64,"test",64,0.463805288076401,1
"GRU",0.1,64,"test",65,0.468996226787567,1
"GRU",0.1,64,"test",66,0.409585177898407,1
"GRU",0.1,64,"test",67,0.397302001714706,1
"GRU",0.1,64,"test",68,0.481924027204514,0
"GRU",0.1,64,"test",69,0.478334784507751,0
"GRU",0.1,64,"test",70,0.52306604385376,0
"GRU",0.1,64,"test",71,0.517856121063232,1
"GRU",0.1,64,"test",72,0.51965069770813,1
"GRU",0.1,64,"test",73,0.512623846530914,0
"GRU",0.1,64,"test",74,0.509121596813202,0
"GRU",0.1,64,"test",75,0.50896692276001,0
"GRU",0.1,64,"test",76,0.499885439872742,0
"GRU",0.1,64,"test",77,0.50504332780838,0
"GRU",0.1,64,"test",78,0.503834962844849,1
"GRU",0.1,64,"test",79,0.507064044475555,0
"GRU",0.1,64,"test",80,0.52700001001358,0
"GRU",0.1,64,"test",81,0.534352421760559,1
"GRU",0.1,64,"test",82,0.566645801067352,1
"GRU",0.1,64,"test",83,0.542875349521637,1
"GRU",0.1,64,"test",84,0.473485857248306,1
"GRU",0.1,64,"test",85,0.481701046228409,0
"GRU",0.1,64,"test",86,0.489778757095337,0
"GRU",0.1,64,"test",87,0.491082787513733,0
"GRU",0.1,64,"test",88,0.483178555965424,0
"GRU",0.1,64,"test",89,0.479262113571167,0
"GRU",0.1,64,"test",90,0.468996226787567,0
"GRU",0.1,64,"test",91,0.471704095602036,1
"GRU",0.1,64,"test",92,0.397302001714706,0
"GRU",0.1,64,"test",93,0.395808279514313,0
"GRU",0.1,64,"test",94,0.478334784507751,0
"GRU",0.1,64,"test",95,0.476142644882202,0
"GRU",0.1,64,"test",96,0.517856121063232,0
"GRU",0.1,64,"test",97,0.513146102428436,1
"GRU",0.1,64,"test",98,0.512623846530914,1
"GRU",0.1,64,"test",99,0.519509255886078,1
"GRU",0.1,64,"test",100,0.50896692276001,1
"GRU",0.1,64,"test",101,0.507277369499207,1
"GRU",0.1,64,"test",102,0.50504332780838,0
"GRU",0.1,64,"test",103,0.495535135269165,0
"GRU",0.1,64,"test",104,0.507064044475555,0
"GRU",0.1,64,"test",105,0.516926825046539,0
"GRU",0.1,64,"test",106,0.534352421760559,0
"GRU",0.1,64,"test",107,0.51879096031189,0
"GRU",0.1,64,"test",108,0.542875349521637,0
"GRU",0.1,64,"test",109,0.548746883869171,0
"GRU",0.1,64,"test",110,0.481701046228409,1
"GRU",0.1,64,"test",111,0.448436468839645,1
"GRU",0.1,64,"test",112,0.491082787513733,1
"GRU",0.1,64,"test",113,0.495106935501099,0
"GRU",0.1,64,"test",114,0.479262113571167,1
"GRU",0.1,64,"test",115,0.482339233160019,1
"GRU",0.1,64,"test",116,0.471704095602036,1
"GRU",0.1,64,"test",117,0.47491580247879,1
"GRU",0.1,64,"test",118,0.395808279514313,1
"GRU",0.1,64,"test",119,0.411871820688248,0
"GRU",0.1,64,"test",120,0.47614261507988,0
"GRU",0.1,64,"test",121,0.462350726127625,0
"GRU",0.1,64,"test",122,0.513146102428436,1
"GRU",0.1,64,"test",123,0.512312710285187,1
"GRU",0.1,64,"test",124,0.519509255886078,1
"GRU",0.1,64,"test",125,0.511008381843567,0
"GRU",0.1,64,"test",126,0.507277369499207,0
"GRU",0.1,64,"test",127,0.512365698814392,0
"GRU",0.1,64,"test",128,0.495535135269165,1
"GRU",0.1,64,"test",129,0.493248611688614,1
"GRU",0.1,64,"test",130,0.516926825046539,1
"GRU",0.1,64,"test",131,0.532637417316437,1
"GRU",0.1,64,"test",132,0.51879096031189,0
"GRU",0.1,64,"test",133,0.554114878177643,0
"GRU",0.1,64,"test",134,0.548746883869171,0
"GRU",0.1,64,"test",135,0.544403493404388,0
"GRU",0.1,64,"test",136,0.448436468839645,0
"GRU",0.1,64,"test",137,0.482716977596283,1
"GRU",0.1,64,"test",138,0.495106935501099,1
"GRU",0.1,64,"test",139,0.497620612382889,1
"GRU",0.1,64,"test",140,0.482339233160019,1
"GRU",0.1,64,"test",141,0.481860607862473,1
"GRU",0.1,64,"test",142,0.47491580247879,1
"GRU",0.1,64,"test",143,0.486088842153549,1
"GRU",0.1,64,"test",144,0.411871820688248,1
"GRU",0.1,64,"test",145,0.408399373292923,1
"GRU",0.1,64,"test",146,0.462350726127625,1
"GRU",0.1,64,"test",147,0.463384360074997,1
"GRU",0.1,64,"test",148,0.512312710285187,1
"GRU",0.1,64,"test",149,0.526670277118683,1
"GRU",0.1,64,"test",150,0.511008381843567,1
"GRU",0.1,64,"test",151,0.516088962554932,1
"GRU",0.1,64,"test",152,0.512365758419037,0
"GRU",0.1,64,"test",153,0.527351796627045,0
"GRU",0.1,64,"test",154,0.493248611688614,1
"GRU",0.1,64,"test",155,0.488469153642654,1
"GRU",0.1,64,"test",156,0.532637417316437,1
"GRU",0.1,64,"test",157,0.512734711170197,0
"GRU",0.1,64,"test",158,0.554114878177643,0
"GRU",0.1,64,"test",159,0.539244592189789,0
"GRU",0.1,64,"test",160,0.544403493404388,0
"GRU",0.1,64,"test",161,0.543025493621826,0
"GRU",0.1,64,"test",162,0.482716977596283,0
"GRU",0.1,64,"test",163,0.502345204353333,0
"GRU",0.1,64,"test",164,0.497620612382889,0
"GRU",0.1,64,"test",165,0.49744501709938,1
"GRU",0.1,64,"test",166,0.481860607862473,1
"GRU",0.1,64,"test",167,0.482782065868378,0
"GRU",0.1,64,"test",168,0.486088842153549,1
"GRU",0.1,64,"test",169,0.48286759853363,1
"GRU",0.1,64,"test",170,0.408399373292923,1
"GRU",0.1,64,"test",171,0.412712037563324,0
"GRU",0.1,64,"test",172,0.463384360074997,0
"GRU",0.1,64,"test",173,0.459023863077164,1
"GRU",0.1,64,"test",174,0.526670277118683,1
"GRU",0.1,64,"test",175,0.519505441188812,1
"GRU",0.1,64,"test",176,0.516088962554932,1
"GRU",0.1,64,"test",177,0.518221735954285,0
"GRU",0.1,64,"test",178,0.527351796627045,0
"GRU",0.1,64,"test",179,0.515270709991455,0
"GRU",0.1,64,"test",180,0.488469153642654,0
"GRU",0.1,64,"test",181,0.510192096233368,0
"GRU",0.1,64,"test",182,0.512734711170197,0
"GRU",0.1,64,"test",183,0.507137417793274,0
"GRU",0.1,64,"test",184,0.539244592189789,0
"GRU",0.1,64,"test",185,0.530704438686371,0
"GRU",0.1,64,"test",186,0.543025493621826,1
"GRU",0.1,64,"test",187,0.539860427379608,0
"GRU",0.1,64,"test",188,0.502345204353333,0
"GRU",0.1,64,"test",189,0.501162886619568,0
"GRU",0.1,64,"test",190,0.49744501709938,0
"GRU",0.1,64,"test",191,0.472756445407867,0
"GRU",0.1,64,"test",192,0.482782065868378,0
"GRU",0.1,64,"test",193,0.4779432117939,0
"GRU",0.1,64,"test",194,0.48286759853363,0
"GRU",0.1,64,"test",195,0.482141107320786,0
"GRU",0.1,64,"test",196,0.412712037563324,0
"GRU",0.1,64,"test",197,0.418340861797333,1
"GRU",0.1,64,"test",198,0.459023863077164,1
"GRU",0.1,64,"test",199,0.461764335632324,1
"GRU",0.1,64,"test",200,0.519505441188812,0
"GRU",0.1,64,"test",201,0.517363011837006,0
"GRU",0.1,64,"test",202,0.518221735954285,1
"GRU",0.1,64,"test",203,0.526426434516907,0
"GRU",0.1,64,"test",204,0.515270709991455,0
"GRU",0.1,64,"test",205,0.505961179733276,0
"GRU",0.1,64,"test",206,0.510192096233368,1
"GRU",0.1,64,"test",207,0.496145963668823,0
"GRU",0.1,64,"test",208,0.507137417793274,0
"GRU",0.1,64,"test",209,0.50542289018631,0
"GRU",0.1,64,"test",210,0.530704438686371,0
"GRU",0.1,64,"test",211,0.531100809574127,0
"GRU",0.1,64,"test",212,0.539860427379608,1
"GRU",0.1,64,"test",213,0.554614543914795,0
"GRU",0.1,64,"test",214,0.501162886619568,1
"GRU",0.1,64,"test",215,0.453610867261887,1
"GRU",0.1,64,"test",216,0.472756445407867,1
"GRU",0.1,64,"test",217,0.45853927731514,0
"GRU",0.1,64,"test",218,0.4779432117939,0
"GRU",0.1,64,"test",219,0.476550608873367,1
"GRU",0.1,64,"test",220,0.482141107320786,1
"GRU",0.1,64,"test",221,0.483700037002563,0
"GRU",0.1,64,"test",222,0.418340861797333,1
"GRU",0.1,64,"test",223,0.407363563776016,1
"GRU",0.1,64,"test",224,0.461764335632324,1
"GRU",0.1,64,"test",225,0.468756318092346,0
"GRU",0.1,64,"test",226,0.517363011837006,0
"GRU",0.1,64,"test",227,0.529088258743286,0
"GRU",0.1,64,"test",228,0.526426434516907,1
"GRU",0.1,64,"test",229,0.519533276557922,1
"GRU",0.1,64,"test",230,0.505961179733276,0
"GRU",0.1,64,"test",231,0.502411663532257,1
"GRU",0.1,64,"test",232,0.496145963668823,1
"GRU",0.1,64,"test",233,0.519330561161041,1
"GRU",0.1,64,"test",234,0.50542289018631,1
"GRU",0.1,64,"test",235,0.50466787815094,1
"GRU",0.1,64,"test",236,0.531100809574127,1
"GRU",0.1,64,"test",237,0.536935865879059,0
"GRU",0.1,64,"test",238,0.554614543914795,0
"GRU",0.1,64,"test",239,0.544671952724457,0
"GRU",0.1,64,"test",240,0.453610867261887,0
"GRU",0.1,64,"test",241,0.436767339706421,0
"GRU",0.1,64,"test",242,0.45853927731514,0
"GRU",0.1,64,"test",243,0.484316855669022,0
"GRU",0.1,64,"test",244,0.476550608873367,1
"GRU",0.1,64,"test",245,0.475628465414047,1
"GRU",0.1,64,"test",246,0.483700037002563,1
"GRU",0.1,64,"test",247,0.486767828464508,1
"GRU",0.1,64,"test",248,0.407363563776016,1
"GRU",0.1,64,"test",249,0.380084812641144,1
"GRU",0.1,64,"test",250,0.468756318092346,1
"GRU",0.1,64,"test",251,0.472751677036285,1
"GRU",0.1,64,"test",252,0.529088258743286,0
"GRU",0.1,64,"test",253,0.533754467964172,0
"GRU",0.1,64,"test",254,0.519533276557922,0
"GRU",0.1,64,"test",255,0.510777652263641,1
"GRU",0.1,64,"test",256,0.502411663532257,1
"GRU",0.1,64,"test",257,0.512885987758636,1
"GRU",0.1,64,"test",258,0.519330561161041,1
"GRU",0.1,64,"test",259,0.50687301158905,1
"GRU",0.1,64,"test",260,0.50466787815094,1
"GRU",0.1,64,"test",261,0.508426785469055,1
"GRU",0.1,64,"test",262,0.536935865879059,0
"GRU",0.1,64,"test",263,0.525022625923157,0
"GRU",0.1,64,"test",264,0.544671952724457,1
"GRU",0.1,64,"test",265,0.544931411743164,1
"GRU",0.1,64,"test",266,0.436767339706421,1
"GRU",0.1,64,"test",267,0.491739630699158,1
"GRU",0.1,64,"test",268,0.484316855669022,1
"GRU",0.1,64,"test",269,0.489692479372025,1
"GRU",0.1,64,"test",270,0.475628465414047,1
"GRU",0.1,64,"test",271,0.48177769780159,1
"GRU",0.1,64,"test",272,0.486767828464508,1
"GRU",0.1,64,"test",273,0.480591088533401,1
"GRU",0.1,64,"test",274,0.380084812641144,1
"GRU",0.1,64,"test",275,0.40685561299324,1
"GRU",0.1,64,"test",276,0.472751677036285,1
"GRU",0.1,64,"test",277,0.464779287576675,1
"GRU",0.1,64,"test",278,0.533754467964172,0
"GRU",0.1,64,"test",279,0.53097265958786,0
"GRU",0.1,64,"test",280,0.510777652263641,0
"GRU",0.1,64,"test",281,0.516986429691315,0
"GRU",0.1,64,"test",282,0.512885987758636,0
"GRU",0.1,64,"test",283,0.502769112586975,0
"GRU",0.1,64,"test",284,0.50687301158905,0
"GRU",0.1,64,"test",285,0.510306715965271,0
"GRU",0.1,64,"test",286,0.508426785469055,0
"GRU",0.1,64,"test",287,0.518145799636841,0
"GRU",0.1,64,"test",288,0.525022625923157,0
"GRU",0.1,64,"test",289,0.533043384552002,0
"GRU",0.1,64,"test",290,0.544931411743164,0
"GRU",0.1,64,"test",291,0.526777744293213,0
"GRU",0.1,64,"test",292,0.491739630699158,1
"GRU",0.1,64,"test",293,0.509862959384918,1
"GRU",0.1,64,"test",294,0.489692479372025,1
"GRU",0.1,64,"test",295,0.493545889854431,0
"GRU",0.1,64,"test",296,0.48177769780159,0
"GRU",0.1,64,"test",297,0.482440441846848,1
"GRU",0.1,64,"test",298,0.480591088533401,0
"GRU",0.1,64,"test",299,0.484134823083878,0
"GRU",0.1,64,"test",300,0.40685561299324,1
"GRU",0.1,64,"test",301,0.378883928060532,1
"GRU",0.1,64,"test",302,0.464779287576675,1
"GRU",0.1,64,"test",303,0.474268764257431,0
"GRU",0.1,64,"test",304,0.53097265958786,1
"GRU",0.1,64,"test",305,0.533801972866058,0
