"arch","lambda","seed","set","sample_id","yhat","y_true"
"Transformer",0,23,"test",1,0.307161599397659,0
"Transformer",0,23,"test",2,0.469227641820908,0
"Transformer",0,23,"test",3,0.482597947120667,1
"Transformer",0,23,"test",4,0.473829686641693,1
"Transformer",0,23,"test",5,0.489757388830185,1
"Transformer",0,23,"test",6,0.474685668945312,1
"Transformer",0,23,"test",7,0.452030301094055,1
"Transformer",0,23,"test",8,0.477011799812317,1
"Transformer",0,23,"test",9,0.452630758285522,1
"Transformer",0,23,"test",10,0.456020057201385,1
"Transformer",0,23,"test",11,0.436415791511536,1
"Transformer",0,23,"test",12,0.379049807786942,1
"Transformer",0,23,"test",13,0.422836661338806,1
"Transformer",0,23,"test",14,0.343417346477509,1
"Transformer",0,23,"test",15,0.317641288042068,1
"Transformer",0,23,"test",16,0.419686377048492,1
"Transformer",0,23,"test",17,0.471887171268463,0
"Transformer",0,23,"test",18,0.489399701356888,0
"Transformer",0,23,"test",19,0.494057506322861,0
"Transformer",0,23,"test",20,0.530181527137756,1
"Transformer",0,23,"test",21,0.54469221830368,1
"Transformer",0,23,"test",22,0.438527703285217,1
"Transformer",0,23,"test",23,0.398548513650894,0
"Transformer",0,23,"test",24,0.461436212062836,0
"Transformer",0,23,"test",25,0.478796720504761,0
"Transformer",0,23,"test",26,0.307161599397659,1
"Transformer",0,23,"test",27,0.458222717046738,1
"Transformer",0,23,"test",28,0.482597947120667,1
"Transformer",0,23,"test",29,0.48450642824173,0
"Transformer",0,23,"test",30,0.489757388830185,0
"Transformer",0,23,"test",31,0.524187684059143,0
"Transformer",0,23,"test",32,0.452030301094055,0
"Transformer",0,23,"test",33,0.412078350782394,0
"Transformer",0,23,"test",34,0.452630758285522,1
"Transformer",0,23,"test",35,0.431606769561768,1
"Transformer",0,23,"test",36,0.436415791511536,1
"Transformer",0,23,"test",37,0.41622793674469,1
"Transformer",0,23,"test",38,0.422836661338806,1
"Transformer",0,23,"test",39,0.411777377128601,1
"Transformer",0,23,"test",40,0.317641288042068,1
"Transformer",0,23,"test",41,0.338758260011673,1
"Transformer",0,23,"test",42,0.471887171268463,0
"Transformer",0,23,"test",43,0.450968474149704,0
"Transformer",0,23,"test",44,0.494057506322861,1
"Transformer",0,23,"test",45,0.489701867103577,1
"Transformer",0,23,"test",46,0.54469221830368,1
"Transformer",0,23,"test",47,0.524871289730072,0
"Transformer",0,23,"test",48,0.398548513650894,0
"Transformer",0,23,"test",49,0.450761646032333,0
"Transformer",0,23,"test",50,0.478796720504761,0
"Transformer",0,23,"test",51,0.44675812125206,1
"Transformer",0,23,"test",52,0.458222717046738,1
"Transformer",0,23,"test",53,0.446716517210007,1
"Transformer",0,23,"test",54,0.48450642824173,1
"Transformer",0,23,"test",55,0.456258893013,0
"Transformer",0,23,"test",56,0.524187684059143,0
"Transformer",0,23,"test",57,0.57394939661026,0
"Transformer",0,23,"test",58,0.412078350782394,0
"Transformer",0,23,"test",59,0.403472572565079,1
"Transformer",0,23,"test",60,0.431606769561768,1
"Transformer",0,23,"test",61,0.465140610933304,1
"Transformer",0,23,"test",62,0.41622793674469,0
"Transformer",0,23,"test",63,0.444802671670914,1
"Transformer",0,23,"test",64,0.411777377128601,1
"Transformer",0,23,"test",65,0.405196577310562,1
"Transformer",0,23,"test",66,0.338758260011673,1
"Transformer",0,23,"test",67,0.354046046733856,1
"Transformer",0,23,"test",68,0.450968474149704,0
"Transformer",0,23,"test",69,0.430463790893555,0
"Transformer",0,23,"test",70,0.489701867103577,0
"Transformer",0,23,"test",71,0.463753700256348,1
"Transformer",0,23,"test",72,0.524871289730072,1
"Transformer",0,23,"test",73,0.500502288341522,0
"Transformer",0,23,"test",74,0.450761646032333,0
"Transformer",0,23,"test",75,0.454188495874405,0
"Transformer",0,23,"test",76,0.44675812125206,0
"Transformer",0,23,"test",77,0.457107782363892,0
"Transformer",0,23,"test",78,0.446716517210007,1
"Transformer",0,23,"test",79,0.473040670156479,0
"Transformer",0,23,"test",80,0.456258893013,0
"Transformer",0,23,"test",81,0.468181222677231,1
"Transformer",0,23,"test",82,0.57394939661026,1
"Transformer",0,23,"test",83,0.536261975765228,1
"Transformer",0,23,"test",84,0.403472572565079,1
"Transformer",0,23,"test",85,0.411015212535858,0
"Transformer",0,23,"test",86,0.465140610933304,0
"Transformer",0,23,"test",87,0.449289172887802,0
"Transformer",0,23,"test",88,0.444802671670914,0
"Transformer",0,23,"test",89,0.45288810133934,0
"Transformer",0,23,"test",90,0.405196577310562,0
"Transformer",0,23,"test",91,0.425815552473068,1
"Transformer",0,23,"test",92,0.354046046733856,0
"Transformer",0,23,"test",93,0.358203023672104,0
"Transformer",0,23,"test",94,0.430463790893555,0
"Transformer",0,23,"test",95,0.458400785923004,0
"Transformer",0,23,"test",96,0.463753700256348,0
"Transformer",0,23,"test",97,0.467363774776459,1
"Transformer",0,23,"test",98,0.500502288341522,1
"Transformer",0,23,"test",99,0.521650493144989,1
"Transformer",0,23,"test",100,0.454188495874405,1
"Transformer",0,23,"test",101,0.447705090045929,1
"Transformer",0,23,"test",102,0.457107782363892,0
"Transformer",0,23,"test",103,0.418413728475571,0
"Transformer",0,23,"test",104,0.473040670156479,0
"Transformer",0,23,"test",105,0.487828463315964,0
"Transformer",0,23,"test",106,0.468181222677231,0
"Transformer",0,23,"test",107,0.43340989947319,0
"Transformer",0,23,"test",108,0.536261975765228,0
"Transformer",0,23,"test",109,0.548333585262299,0
"Transformer",0,23,"test",110,0.411015212535858,1
"Transformer",0,23,"test",111,0.386692047119141,1
"Transformer",0,23,"test",112,0.449289172887802,1
"Transformer",0,23,"test",113,0.45810329914093,0
"Transformer",0,23,"test",114,0.45288810133934,1
"Transformer",0,23,"test",115,0.452696919441223,1
"Transformer",0,23,"test",116,0.425815552473068,1
"Transformer",0,23,"test",117,0.414164364337921,1
"Transformer",0,23,"test",118,0.358203023672104,1
"Transformer",0,23,"test",119,0.348073095083237,0
"Transformer",0,23,"test",120,0.458400785923004,0
"Transformer",0,23,"test",121,0.46808734536171,0
"Transformer",0,23,"test",122,0.467363774776459,1
"Transformer",0,23,"test",123,0.465432167053223,1
"Transformer",0,23,"test",124,0.521650493144989,1
"Transformer",0,23,"test",125,0.500661611557007,0
"Transformer",0,23,"test",126,0.447705090045929,0
"Transformer",0,23,"test",127,0.459862649440765,0
"Transformer",0,23,"test",128,0.418413728475571,1
"Transformer",0,23,"test",129,0.412043809890747,1
"Transformer",0,23,"test",130,0.487828463315964,1
"Transformer",0,23,"test",131,0.533141672611237,1
"Transformer",0,23,"test",132,0.43340989947319,0
"Transformer",0,23,"test",133,0.4900261759758,0
"Transformer",0,23,"test",134,0.548333585262299,0
"Transformer",0,23,"test",135,0.53155243396759,0
"Transformer",0,23,"test",136,0.386692047119141,0
"Transformer",0,23,"test",137,0.417950540781021,1
"Transformer",0,23,"test",138,0.45810329914093,1
"Transformer",0,23,"test",139,0.466449320316315,1
"Transformer",0,23,"test",140,0.452696919441223,1
"Transformer",0,23,"test",141,0.455268442630768,1
"Transformer",0,23,"test",142,0.414164364337921,1
"Transformer",0,23,"test",143,0.416661024093628,1
"Transformer",0,23,"test",144,0.348073095083237,1
"Transformer",0,23,"test",145,0.358989983797073,1
"Transformer",0,23,"test",146,0.46808734536171,1
"Transformer",0,23,"test",147,0.478220790624619,1
"Transformer",0,23,"test",148,0.465432167053223,1
"Transformer",0,23,"test",149,0.502685189247131,1
"Transformer",0,23,"test",150,0.500661611557007,1
"Transformer",0,23,"test",151,0.506789207458496,1
"Transformer",0,23,"test",152,0.459862649440765,0
"Transformer",0,23,"test",153,0.495275974273682,0
"Transformer",0,23,"test",154,0.412043809890747,1
"Transformer",0,23,"test",155,0.366113394498825,1
"Transformer",0,23,"test",156,0.533141672611237,1
"Transformer",0,23,"test",157,0.488217741250992,0
"Transformer",0,23,"test",158,0.4900261759758,0
"Transformer",0,23,"test",159,0.483971625566483,0
"Transformer",0,23,"test",160,0.53155243396759,0
"Transformer",0,23,"test",161,0.526638865470886,0
"Transformer",0,23,"test",162,0.417950540781021,0
"Transformer",0,23,"test",163,0.452631056308746,0
"Transformer",0,23,"test",164,0.466449320316315,0
"Transformer",0,23,"test",165,0.450424998998642,1
"Transformer",0,23,"test",166,0.455268442630768,1
"Transformer",0,23,"test",167,0.448932498693466,0
"Transformer",0,23,"test",168,0.416661024093628,1
"Transformer",0,23,"test",169,0.424925982952118,1
"Transformer",0,23,"test",170,0.358989983797073,1
"Transformer",0,23,"test",171,0.353462249040604,0
"Transformer",0,23,"test",172,0.478220790624619,0
"Transformer",0,23,"test",173,0.462612211704254,1
"Transformer",0,23,"test",174,0.502685189247131,1
"Transformer",0,23,"test",175,0.48143669962883,1
"Transformer",0,23,"test",176,0.506789207458496,1
"Transformer",0,23,"test",177,0.499789595603943,0
"Transformer",0,23,"test",178,0.495275974273682,0
"Transformer",0,23,"test",179,0.467060089111328,0
"Transformer",0,23,"test",180,0.366113394498825,0
"Transformer",0,23,"test",181,0.427646040916443,0
"Transformer",0,23,"test",182,0.488217741250992,0
"Transformer",0,23,"test",183,0.46904730796814,0
"Transformer",0,23,"test",184,0.483971625566483,0
"Transformer",0,23,"test",185,0.448379993438721,0
"Transformer",0,23,"test",186,0.526638865470886,1
"Transformer",0,23,"test",187,0.513128042221069,0
"Transformer",0,23,"test",188,0.452631056308746,0
"Transformer",0,23,"test",189,0.448401212692261,0
"Transformer",0,23,"test",190,0.450424998998642,0
"Transformer",0,23,"test",191,0.461494833230972,0
"Transformer",0,23,"test",192,0.448932498693466,0
"Transformer",0,23,"test",193,0.448507785797119,0
"Transformer",0,23,"test",194,0.424925982952118,0
"Transformer",0,23,"test",195,0.395603597164154,0
"Transformer",0,23,"test",196,0.353462249040604,0
"Transformer",0,23,"test",197,0.319809257984161,1
"Transformer",0,23,"test",198,0.462612211704254,1
"Transformer",0,23,"test",199,0.466260850429535,1
"Transformer",0,23,"test",200,0.48143669962883,0
"Transformer",0,23,"test",201,0.479377210140228,0
"Transformer",0,23,"test",202,0.499789595603943,1
"Transformer",0,23,"test",203,0.551816523075104,0
"Transformer",0,23,"test",204,0.467060089111328,0
"Transformer",0,23,"test",205,0.442511588335037,0
"Transformer",0,23,"test",206,0.427646040916443,1
"Transformer",0,23,"test",207,0.382862329483032,0
"Transformer",0,23,"test",208,0.46904730796814,0
"Transformer",0,23,"test",209,0.460737943649292,0
"Transformer",0,23,"test",210,0.448379993438721,0
"Transformer",0,23,"test",211,0.449930280447006,0
"Transformer",0,23,"test",212,0.513128042221069,1
"Transformer",0,23,"test",213,0.558585584163666,0
"Transformer",0,23,"test",214,0.448401212692261,1
"Transformer",0,23,"test",215,0.377740323543549,1
"Transformer",0,23,"test",216,0.461494833230972,1
"Transformer",0,23,"test",217,0.441043972969055,0
"Transformer",0,23,"test",218,0.448507785797119,0
"Transformer",0,23,"test",219,0.448610693216324,1
"Transformer",0,23,"test",220,0.395603597164154,1
"Transformer",0,23,"test",221,0.423014491796494,0
"Transformer",0,23,"test",222,0.319809257984161,1
"Transformer",0,23,"test",223,0.35820147395134,1
"Transformer",0,23,"test",224,0.466260850429535,1
"Transformer",0,23,"test",225,0.468773782253265,0
"Transformer",0,23,"test",226,0.479377210140228,0
"Transformer",0,23,"test",227,0.487343907356262,0
"Transformer",0,23,"test",228,0.551816523075104,1
"Transformer",0,23,"test",229,0.504736840724945,1
"Transformer",0,23,"test",230,0.442511588335037,0
"Transformer",0,23,"test",231,0.422617137432098,1
"Transformer",0,23,"test",232,0.382862329483032,1
"Transformer",0,23,"test",233,0.488432377576828,1
"Transformer",0,23,"test",234,0.460737943649292,1
"Transformer",0,23,"test",235,0.461039304733276,1
"Transformer",0,23,"test",236,0.449930280447006,1
"Transformer",0,23,"test",237,0.45858445763588,0
"Transformer",0,23,"test",238,0.558585584163666,0
"Transformer",0,23,"test",239,0.531645655632019,0
"Transformer",0,23,"test",240,0.377740323543549,0
"Transformer",0,23,"test",241,0.350528568029404,0
"Transformer",0,23,"test",242,0.441043972969055,0
"Transformer",0,23,"test",243,0.443730235099792,0
"Transformer",0,23,"test",244,0.448610693216324,1
"Transformer",0,23,"test",245,0.453421533107758,1
"Transformer",0,23,"test",246,0.423014491796494,1
"Transformer",0,23,"test",247,0.374532967805862,1
"Transformer",0,23,"test",248,0.35820147395134,1
"Transformer",0,23,"test",249,0.377530425786972,1
"Transformer",0,23,"test",250,0.468773782253265,1
"Transformer",0,23,"test",251,0.480893492698669,1
"Transformer",0,23,"test",252,0.487343907356262,0
"Transformer",0,23,"test",253,0.505758166313171,0
"Transformer",0,23,"test",254,0.504736840724945,0
"Transformer",0,23,"test",255,0.479768604040146,1
"Transformer",0,23,"test",256,0.422617137432098,1
"Transformer",0,23,"test",257,0.463732481002808,1
"Transformer",0,23,"test",258,0.488432377576828,1
"Transformer",0,23,"test",259,0.456578254699707,1
"Transformer",0,23,"test",260,0.461039304733276,1
"Transformer",0,23,"test",261,0.454425632953644,1
"Transformer",0,23,"test",262,0.45858445763588,0
"Transformer",0,23,"test",263,0.409232050180435,0
"Transformer",0,23,"test",264,0.531645655632019,1
"Transformer",0,23,"test",265,0.540754973888397,1
"Transformer",0,23,"test",266,0.350528568029404,1
"Transformer",0,23,"test",267,0.414711028337479,1
"Transformer",0,23,"test",268,0.443730235099792,1
"Transformer",0,23,"test",269,0.450762569904327,1
"Transformer",0,23,"test",270,0.453421533107758,1
"Transformer",0,23,"test",271,0.45720249414444,1
"Transformer",0,23,"test",272,0.374532967805862,1
"Transformer",0,23,"test",273,0.397635877132416,1
"Transformer",0,23,"test",274,0.377530425786972,1
"Transformer",0,23,"test",275,0.357377380132675,1
"Transformer",0,23,"test",276,0.480893492698669,1
"Transformer",0,23,"test",277,0.487788259983063,1
"Transformer",0,23,"test",278,0.505758166313171,0
"Transformer",0,23,"test",279,0.529954373836517,0
"Transformer",0,23,"test",280,0.479768604040146,0
"Transformer",0,23,"test",281,0.522749722003937,0
"Transformer",0,23,"test",282,0.463732481002808,0
"Transformer",0,23,"test",283,0.428352504968643,0
"Transformer",0,23,"test",284,0.456578254699707,0
"Transformer",0,23,"test",285,0.475618243217468,0
"Transformer",0,23,"test",286,0.454425632953644,0
"Transformer",0,23,"test",287,0.493987172842026,0
"Transformer",0,23,"test",288,0.409232050180435,0
"Transformer",0,23,"test",289,0.458918631076813,0
"Transformer",0,23,"test",290,0.540754973888397,0
"Transformer",0,23,"test",291,0.485031217336655,0
"Transformer",0,23,"test",292,0.414711028337479,1
"Transformer",0,23,"test",293,0.478117913007736,1
"Transformer",0,23,"test",294,0.450762569904327,1
"Transformer",0,23,"test",295,0.423864364624023,0
"Transformer",0,23,"test",296,0.45720249414444,0
"Transformer",0,23,"test",297,0.454330295324326,1
"Transformer",0,23,"test",298,0.397635877132416,0
"Transformer",0,23,"test",299,0.399036973714828,0
"Transformer",0,23,"test",300,0.357377380132675,1
"Transformer",0,23,"test",301,0.388726979494095,1
"Transformer",0,23,"test",302,0.487788259983063,1
"Transformer",0,23,"test",303,0.488438457250595,0
"Transformer",0,23,"test",304,0.529954373836517,1
"Transformer",0,23,"test",305,0.519724011421204,0
"Transformer",0,27,"test",1,0.463515430688858,0
"Transformer",0,27,"test",2,0.579024910926819,0
"Transformer",0,27,"test",3,0.585400283336639,1
"Transformer",0,27,"test",4,0.524266183376312,1
"Transformer",0,27,"test",5,0.537480413913727,1
"Transformer",0,27,"test",6,0.40159860253334,1
"Transformer",0,27,"test",7,0.412456721067429,1
"Transformer",0,27,"test",8,0.450424909591675,1
"Transformer",0,27,"test",9,0.461637705564499,1
"Transformer",0,27,"test",10,0.470683723688126,1
"Transformer",0,27,"test",11,0.408775597810745,1
"Transformer",0,27,"test",12,0.506948232650757,1
"Transformer",0,27,"test",13,0.521864056587219,1
"Transformer",0,27,"test",14,0.440595477819443,1
"Transformer",0,27,"test",15,0.420111447572708,1
"Transformer",0,27,"test",16,0.319211453199387,1
"Transformer",0,27,"test",17,0.394206643104553,0
"Transformer",0,27,"test",18,0.612926304340363,0
"Transformer",0,27,"test",19,0.639577388763428,0
"Transformer",0,27,"test",20,0.548024356365204,1
"Transformer",0,27,"test",21,0.577179908752441,1
"Transformer",0,27,"test",22,0.546867966651917,1
"Transformer",0,27,"test",23,0.527527093887329,0
"Transformer",0,27,"test",24,0.523224353790283,0
"Transformer",0,27,"test",25,0.573836982250214,0
"Transformer",0,27,"test",26,0.463515430688858,1
"Transformer",0,27,"test",27,0.509004592895508,1
"Transformer",0,27,"test",28,0.585400283336639,1
"Transformer",0,27,"test",29,0.58792632818222,0
"Transformer",0,27,"test",30,0.537480413913727,0
"Transformer",0,27,"test",31,0.558111906051636,0
"Transformer",0,27,"test",32,0.412456721067429,0
"Transformer",0,27,"test",33,0.432209014892578,0
"Transformer",0,27,"test",34,0.461637705564499,1
"Transformer",0,27,"test",35,0.365823030471802,1
"Transformer",0,27,"test",36,0.408775597810745,1
"Transformer",0,27,"test",37,0.390377730131149,1
"Transformer",0,27,"test",38,0.521864056587219,1
"Transformer",0,27,"test",39,0.531868755817413,1
"Transformer",0,27,"test",40,0.420111447572708,1
"Transformer",0,27,"test",41,0.440749645233154,1
"Transformer",0,27,"test",42,0.394206643104553,0
"Transformer",0,27,"test",43,0.400866121053696,0
"Transformer",0,27,"test",44,0.639577388763428,1
"Transformer",0,27,"test",45,0.620451390743256,1
"Transformer",0,27,"test",46,0.577179908752441,1
"Transformer",0,27,"test",47,0.50979483127594,0
"Transformer",0,27,"test",48,0.527527093887329,0
"Transformer",0,27,"test",49,0.539603352546692,0
"Transformer",0,27,"test",50,0.573836982250214,0
"Transformer",0,27,"test",51,0.51973682641983,1
"Transformer",0,27,"test",52,0.509004592895508,1
"Transformer",0,27,"test",53,0.508780002593994,1
"Transformer",0,27,"test",54,0.58792632818222,1
"Transformer",0,27,"test",55,0.582847952842712,0
"Transformer",0,27,"test",56,0.558111906051636,0
"Transformer",0,27,"test",57,0.617116808891296,0
"Transformer",0,27,"test",58,0.432209014892578,0
"Transformer",0,27,"test",59,0.433992564678192,1
"Transformer",0,27,"test",60,0.365823030471802,1
"Transformer",0,27,"test",61,0.468605875968933,1
"Transformer",0,27,"test",62,0.390377730131149,0
"Transformer",0,27,"test",63,0.447337299585342,1
"Transformer",0,27,"test",64,0.531868755817413,1
"Transformer",0,27,"test",65,0.53608101606369,1
"Transformer",0,27,"test",66,0.440749645233154,1
"Transformer",0,27,"test",67,0.440019816160202,1
"Transformer",0,27,"test",68,0.400866121053696,0
"Transformer",0,27,"test",69,0.350692510604858,0
"Transformer",0,27,"test",70,0.620451390743256,0
"Transformer",0,27,"test",71,0.591208338737488,1
"Transformer",0,27,"test",72,0.50979483127594,1
"Transformer",0,27,"test",73,0.46019783616066,0
"Transformer",0,27,"test",74,0.539603352546692,0
"Transformer",0,27,"test",75,0.55824887752533,0
"Transformer",0,27,"test",76,0.51973682641983,0
"Transformer",0,27,"test",77,0.551779091358185,0
"Transformer",0,27,"test",78,0.508780002593994,1
"Transformer",0,27,"test",79,0.529998123645782,0
"Transformer",0,27,"test",80,0.582847952842712,0
"Transformer",0,27,"test",81,0.596122443675995,1
"Transformer",0,27,"test",82,0.617116808891296,1
"Transformer",0,27,"test",83,0.566046059131622,1
"Transformer",0,27,"test",84,0.433992564678192,1
"Transformer",0,27,"test",85,0.432560443878174,0
"Transformer",0,27,"test",86,0.468605875968933,0
"Transformer",0,27,"test",87,0.460477262735367,0
"Transformer",0,27,"test",88,0.447337299585342,0
"Transformer",0,27,"test",89,0.474006861448288,0
"Transformer",0,27,"test",90,0.53608101606369,0
"Transformer",0,27,"test",91,0.517609179019928,1
"Transformer",0,27,"test",92,0.440019816160202,0
"Transformer",0,27,"test",93,0.442783534526825,0
"Transformer",0,27,"test",94,0.350692510604858,0
"Transformer",0,27,"test",95,0.380223363637924,0
"Transformer",0,27,"test",96,0.591208338737488,0
"Transformer",0,27,"test",97,0.535137951374054,1
"Transformer",0,27,"test",98,0.46019783616066,1
"Transformer",0,27,"test",99,0.505902171134949,1
"Transformer",0,27,"test",100,0.55824887752533,1
"Transformer",0,27,"test",101,0.543460965156555,1
"Transformer",0,27,"test",102,0.551779091358185,0
"Transformer",0,27,"test",103,0.528480589389801,0
"Transformer",0,27,"test",104,0.529998123645782,0
"Transformer",0,27,"test",105,0.543835759162903,0
"Transformer",0,27,"test",106,0.596122443675995,0
"Transformer",0,27,"test",107,0.568386912345886,0
"Transformer",0,27,"test",108,0.566046059131622,0
"Transformer",0,27,"test",109,0.574101507663727,0
"Transformer",0,27,"test",110,0.432560443878174,1
"Transformer",0,27,"test",111,0.431355178356171,1
"Transformer",0,27,"test",112,0.460477262735367,1
"Transformer",0,27,"test",113,0.461470186710358,0
"Transformer",0,27,"test",114,0.474006861448288,1
"Transformer",0,27,"test",115,0.466066181659698,1
"Transformer",0,27,"test",116,0.517609179019928,1
"Transformer",0,27,"test",117,0.507866561412811,1
"Transformer",0,27,"test",118,0.442783534526825,1
"Transformer",0,27,"test",119,0.452301055192947,0
"Transformer",0,27,"test",120,0.380223363637924,0
"Transformer",0,27,"test",121,0.369522660970688,0
"Transformer",0,27,"test",122,0.535137951374054,1
"Transformer",0,27,"test",123,0.52618408203125,1
"Transformer",0,27,"test",124,0.505902171134949,1
"Transformer",0,27,"test",125,0.460044831037521,0
"Transformer",0,27,"test",126,0.543460965156555,0
"Transformer",0,27,"test",127,0.547058701515198,0
"Transformer",0,27,"test",128,0.528480589389801,1
"Transformer",0,27,"test",129,0.488922238349915,1
"Transformer",0,27,"test",130,0.543835759162903,1
"Transformer",0,27,"test",131,0.530106663703918,1
"Transformer",0,27,"test",132,0.568386912345886,0
"Transformer",0,27,"test",133,0.651241540908813,0
"Transformer",0,27,"test",134,0.574101507663727,0
"Transformer",0,27,"test",135,0.55810558795929,0
"Transformer",0,27,"test",136,0.431355178356171,0
"Transformer",0,27,"test",137,0.427514940500259,1
"Transformer",0,27,"test",138,0.461470186710358,1
"Transformer",0,27,"test",139,0.466007858514786,1
"Transformer",0,27,"test",140,0.466066181659698,1
"Transformer",0,27,"test",141,0.467189937829971,1
"Transformer",0,27,"test",142,0.507866561412811,1
"Transformer",0,27,"test",143,0.456036597490311,1
"Transformer",0,27,"test",144,0.452301055192947,1
"Transformer",0,27,"test",145,0.46014392375946,1
"Transformer",0,27,"test",146,0.369522660970688,1
"Transformer",0,27,"test",147,0.400835871696472,1
"Transformer",0,27,"test",148,0.52618408203125,1
"Transformer",0,27,"test",149,0.64103764295578,1
"Transformer",0,27,"test",150,0.460044831037521,1
"Transformer",0,27,"test",151,0.475665479898453,1
"Transformer",0,27,"test",152,0.547058701515198,0
"Transformer",0,27,"test",153,0.61307018995285,0
"Transformer",0,27,"test",154,0.488922238349915,1
"Transformer",0,27,"test",155,0.397425562143326,1
"Transformer",0,27,"test",156,0.530106663703918,1
"Transformer",0,27,"test",157,0.536196708679199,0
"Transformer",0,27,"test",158,0.651241540908813,0
"Transformer",0,27,"test",159,0.605096995830536,0
"Transformer",0,27,"test",160,0.55810558795929,0
"Transformer",0,27,"test",161,0.553770661354065,0
"Transformer",0,27,"test",162,0.427514940500259,0
"Transformer",0,27,"test",163,0.415276080369949,0
"Transformer",0,27,"test",164,0.466007858514786,0
"Transformer",0,27,"test",165,0.433084666728973,1
"Transformer",0,27,"test",166,0.467189937829971,1
"Transformer",0,27,"test",167,0.461898386478424,0
"Transformer",0,27,"test",168,0.456036597490311,1
"Transformer",0,27,"test",169,0.491085201501846,1
"Transformer",0,27,"test",170,0.46014392375946,1
"Transformer",0,27,"test",171,0.457954555749893,0
"Transformer",0,27,"test",172,0.400835871696472,0
"Transformer",0,27,"test",173,0.35956135392189,1
"Transformer",0,27,"test",174,0.64103764295578,1
"Transformer",0,27,"test",175,0.594288468360901,1
"Transformer",0,27,"test",176,0.475665479898453,1
"Transformer",0,27,"test",177,0.471307963132858,0
"Transformer",0,27,"test",178,0.61307018995285,0
"Transformer",0,27,"test",179,0.549625515937805,0
"Transformer",0,27,"test",180,0.397425562143326,0
"Transformer",0,27,"test",181,0.605088770389557,0
"Transformer",0,27,"test",182,0.536196708679199,0
"Transformer",0,27,"test",183,0.538751542568207,0
"Transformer",0,27,"test",184,0.605096995830536,0
"Transformer",0,27,"test",185,0.588526785373688,0
"Transformer",0,27,"test",186,0.553770661354065,1
"Transformer",0,27,"test",187,0.543771743774414,0
"Transformer",0,27,"test",188,0.415276080369949,0
"Transformer",0,27,"test",189,0.418008089065552,0
"Transformer",0,27,"test",190,0.433084666728973,0
"Transformer",0,27,"test",191,0.451026290655136,0
"Transformer",0,27,"test",192,0.461898386478424,0
"Transformer",0,27,"test",193,0.430844366550446,0
"Transformer",0,27,"test",194,0.491085201501846,0
"Transformer",0,27,"test",195,0.450798749923706,0
"Transformer",0,27,"test",196,0.457954555749893,0
"Transformer",0,27,"test",197,0.434902846813202,1
"Transformer",0,27,"test",198,0.35956135392189,1
"Transformer",0,27,"test",199,0.365976452827454,1
"Transformer",0,27,"test",200,0.594288468360901,0
"Transformer",0,27,"test",201,0.577054083347321,0
"Transformer",0,27,"test",202,0.471307963132858,1
"Transformer",0,27,"test",203,0.556852400302887,0
"Transformer",0,27,"test",204,0.549625515937805,0
"Transformer",0,27,"test",205,0.531122803688049,0
"Transformer",0,27,"test",206,0.605088770389557,1
"Transformer",0,27,"test",207,0.60685533285141,0
"Transformer",0,27,"test",208,0.538751542568207,0
"Transformer",0,27,"test",209,0.513582646846771,0
"Transformer",0,27,"test",210,0.588526785373688,0
"Transformer",0,27,"test",211,0.588941037654877,0
"Transformer",0,27,"test",212,0.543771743774414,1
"Transformer",0,27,"test",213,0.585767567157745,0
"Transformer",0,27,"test",214,0.418008089065552,1
"Transformer",0,27,"test",215,0.446332961320877,1
"Transformer",0,27,"test",216,0.451026290655136,1
"Transformer",0,27,"test",217,0.413818866014481,0
"Transformer",0,27,"test",218,0.430844366550446,0
"Transformer",0,27,"test",219,0.420656025409698,1
"Transformer",0,27,"test",220,0.450798749923706,1
"Transformer",0,27,"test",221,0.482225626707077,0
"Transformer",0,27,"test",222,0.434902846813202,1
"Transformer",0,27,"test",223,0.457767695188522,1
"Transformer",0,27,"test",224,0.365976452827454,1
"Transformer",0,27,"test",225,0.379120856523514,0
"Transformer",0,27,"test",226,0.577054083347321,0
"Transformer",0,27,"test",227,0.653839111328125,0
"Transformer",0,27,"test",228,0.556852400302887,1
"Transformer",0,27,"test",229,0.481516033411026,1
"Transformer",0,27,"test",230,0.531122803688049,0
"Transformer",0,27,"test",231,0.470428377389908,1
"Transformer",0,27,"test",232,0.60685533285141,1
"Transformer",0,27,"test",233,0.556783318519592,1
"Transformer",0,27,"test",234,0.513582646846771,1
"Transformer",0,27,"test",235,0.515656352043152,1
"Transformer",0,27,"test",236,0.588941037654877,1
"Transformer",0,27,"test",237,0.604584038257599,0
"Transformer",0,27,"test",238,0.585767567157745,0
"Transformer",0,27,"test",239,0.557834565639496,0
"Transformer",0,27,"test",240,0.446332961320877,0
"Transformer",0,27,"test",241,0.469147861003876,0
"Transformer",0,27,"test",242,0.413818866014481,0
"Transformer",0,27,"test",243,0.452370077371597,0
"Transformer",0,27,"test",244,0.420656025409698,1
"Transformer",0,27,"test",245,0.446185499429703,1
"Transformer",0,27,"test",246,0.482225626707077,1
"Transformer",0,27,"test",247,0.42966040968895,1
"Transformer",0,27,"test",248,0.457767695188522,1
"Transformer",0,27,"test",249,0.446961611509323,1
"Transformer",0,27,"test",250,0.379120856523514,1
"Transformer",0,27,"test",251,0.443824410438538,1
"Transformer",0,27,"test",252,0.653839111328125,0
"Transformer",0,27,"test",253,0.674060165882111,0
"Transformer",0,27,"test",254,0.481516033411026,0
"Transformer",0,27,"test",255,0.43458354473114,1
"Transformer",0,27,"test",256,0.470428377389908,1
"Transformer",0,27,"test",257,0.568017601966858,1
"Transformer",0,27,"test",258,0.556783318519592,1
"Transformer",0,27,"test",259,0.560653507709503,1
"Transformer",0,27,"test",260,0.515656352043152,1
"Transformer",0,27,"test",261,0.507727146148682,1
"Transformer",0,27,"test",262,0.604584038257599,0
"Transformer",0,27,"test",263,0.642703831195831,0
"Transformer",0,27,"test",264,0.557834565639496,1
"Transformer",0,27,"test",265,0.568816244602203,1
"Transformer",0,27,"test",266,0.469147861003876,1
"Transformer",0,27,"test",267,0.447273194789886,1
"Transformer",0,27,"test",268,0.452370077371597,1
"Transformer",0,27,"test",269,0.464528441429138,1
"Transformer",0,27,"test",270,0.446185499429703,1
"Transformer",0,27,"test",271,0.468437701463699,1
"Transformer",0,27,"test",272,0.42966040968895,1
"Transformer",0,27,"test",273,0.460279047489166,1
"Transformer",0,27,"test",274,0.446961611509323,1
"Transformer",0,27,"test",275,0.455908894538879,1
"Transformer",0,27,"test",276,0.443824410438538,1
"Transformer",0,27,"test",277,0.452977567911148,1
"Transformer",0,27,"test",278,0.674060165882111,0
"Transformer",0,27,"test",279,0.720223724842072,0
"Transformer",0,27,"test",280,0.43458354473114,0
"Transformer",0,27,"test",281,0.500040054321289,0
"Transformer",0,27,"test",282,0.568017601966858,0
"Transformer",0,27,"test",283,0.511732876300812,0
"Transformer",0,27,"test",284,0.560653507709503,0
"Transformer",0,27,"test",285,0.528261244297028,0
"Transformer",0,27,"test",286,0.507727146148682,0
"Transformer",0,27,"test",287,0.540300726890564,0
"Transformer",0,27,"test",288,0.642703831195831,0
"Transformer",0,27,"test",289,0.592927813529968,0
"Transformer",0,27,"test",290,0.568816244602203,0
"Transformer",0,27,"test",291,0.533252477645874,0
"Transformer",0,27,"test",292,0.447273194789886,1
"Transformer",0,27,"test",293,0.400357246398926,1
"Transformer",0,27,"test",294,0.464528441429138,1
"Transformer",0,27,"test",295,0.408041834831238,0
"Transformer",0,27,"test",296,0.468437701463699,0
"Transformer",0,27,"test",297,0.469555765390396,1
"Transformer",0,27,"test",298,0.460279047489166,0
"Transformer",0,27,"test",299,0.443540841341019,0
"Transformer",0,27,"test",300,0.455908894538879,1
"Transformer",0,27,"test",301,0.479349732398987,1
"Transformer",0,27,"test",302,0.452977567911148,1
"Transformer",0,27,"test",303,0.48413872718811,0
"Transformer",0,27,"test",304,0.720223724842072,1
"Transformer",0,27,"test",305,0.676684200763702,0
"Transformer",0,98,"test",1,0.419564485549927,0
"Transformer",0,98,"test",2,0.549116134643555,0
"Transformer",0,98,"test",3,0.559765577316284,1
"Transformer",0,98,"test",4,0.509293437004089,1
"Transformer",0,98,"test",5,0.520414769649506,1
"Transformer",0,98,"test",6,0.502270519733429,1
"Transformer",0,98,"test",7,0.481296420097351,1
"Transformer",0,98,"test",8,0.501928806304932,1
"Transformer",0,98,"test",9,0.460023134946823,1
"Transformer",0,98,"test",10,0.493064194917679,1
"Transformer",0,98,"test",11,0.496903657913208,1
"Transformer",0,98,"test",12,0.382130533456802,1
"Transformer",0,98,"test",13,0.420495867729187,1
"Transformer",0,98,"test",14,0.397191226482391,1
"Transformer",0,98,"test",15,0.383115887641907,1
"Transformer",0,98,"test",16,0.476502656936646,1
"Transformer",0,98,"test",17,0.494074791669846,0
"Transformer",0,98,"test",18,0.535920083522797,0
"Transformer",0,98,"test",19,0.542680859565735,0
"Transformer",0,98,"test",20,0.50727766752243,1
"Transformer",0,98,"test",21,0.512982308864594,1
"Transformer",0,98,"test",22,0.580173373222351,1
"Transformer",0,98,"test",23,0.580433309078217,0
"Transformer",0,98,"test",24,0.468754172325134,0
"Transformer",0,98,"test",25,0.480956077575684,0
"Transformer",0,98,"test",26,0.419564485549927,1
"Transformer",0,98,"test",27,0.545182108879089,1
"Transformer",0,98,"test",28,0.559765577316284,1
"Transformer",0,98,"test",29,0.561034977436066,0
"Transformer",0,98,"test",30,0.520414769649506,0
"Transformer",0,98,"test",31,0.537075281143188,0
"Transformer",0,98,"test",32,0.481296420097351,0
"Transformer",0,98,"test",33,0.460111379623413,0
"Transformer",0,98,"test",34,0.460023134946823,1
"Transformer",0,98,"test",35,0.482323825359344,1
"Transformer",0,98,"test",36,0.496903657913208,1
"Transformer",0,98,"test",37,0.509779751300812,1
"Transformer",0,98,"test",38,0.420495867729187,1
"Transformer",0,98,"test",39,0.404159098863602,1
"Transformer",0,98,"test",40,0.383115887641907,1
"Transformer",0,98,"test",41,0.394926816225052,1
"Transformer",0,98,"test",42,0.494074791669846,0
"Transformer",0,98,"test",43,0.47206062078476,0
"Transformer",0,98,"test",44,0.542680859565735,1
"Transformer",0,98,"test",45,0.536112070083618,1
"Transformer",0,98,"test",46,0.512982308864594,1
"Transformer",0,98,"test",47,0.53292191028595,0
"Transformer",0,98,"test",48,0.580433309078217,0
"Transformer",0,98,"test",49,0.535150706768036,0
"Transformer",0,98,"test",50,0.480956077575684,0
"Transformer",0,98,"test",51,0.455841034650803,1
"Transformer",0,98,"test",52,0.545182108879089,1
"Transformer",0,98,"test",53,0.516578137874603,1
"Transformer",0,98,"test",54,0.561034977436066,1
"Transformer",0,98,"test",55,0.538072884082794,0
"Transformer",0,98,"test",56,0.537075281143188,0
"Transformer",0,98,"test",57,0.564187347888947,0
"Transformer",0,98,"test",58,0.460111379623413,0
"Transformer",0,98,"test",59,0.46311941742897,1
"Transformer",0,98,"test",60,0.482323825359344,1
"Transformer",0,98,"test",61,0.483773291110992,1
"Transformer",0,98,"test",62,0.509779751300812,0
"Transformer",0,98,"test",63,0.489052802324295,1
"Transformer",0,98,"test",64,0.404159098863602,1
"Transformer",0,98,"test",65,0.396409660577774,1
"Transformer",0,98,"test",66,0.394926816225052,1
"Transformer",0,98,"test",67,0.402358502149582,1
"Transformer",0,98,"test",68,0.47206062078476,0
"Transformer",0,98,"test",69,0.453802824020386,0
"Transformer",0,98,"test",70,0.536112070083618,0
"Transformer",0,98,"test",71,0.480065762996674,1
"Transformer",0,98,"test",72,0.53292191028595,1
"Transformer",0,98,"test",73,0.547043740749359,0
"Transformer",0,98,"test",74,0.535150706768036,0
"Transformer",0,98,"test",75,0.555656492710114,0
"Transformer",0,98,"test",76,0.455841034650803,0
"Transformer",0,98,"test",77,0.461285084486008,0
"Transformer",0,98,"test",78,0.516578137874603,1
"Transformer",0,98,"test",79,0.525449693202972,0
"Transformer",0,98,"test",80,0.538072884082794,0
"Transformer",0,98,"test",81,0.545562028884888,1
"Transformer",0,98,"test",82,0.564187347888947,1
"Transformer",0,98,"test",83,0.542465925216675,1
"Transformer",0,98,"test",84,0.46311941742897,1
"Transformer",0,98,"test",85,0.460187047719955,0
"Transformer",0,98,"test",86,0.483773291110992,0
"Transformer",0,98,"test",87,0.454128324985504,0
"Transformer",0,98,"test",88,0.489052802324295,0
"Transformer",0,98,"test",89,0.496683061122894,0
"Transformer",0,98,"test",90,0.396409660577774,0
"Transformer",0,98,"test",91,0.429529517889023,1
"Transformer",0,98,"test",92,0.402358502149582,0
"Transformer",0,98,"test",93,0.404965668916702,0
"Transformer",0,98,"test",94,0.453802824020386,0
"Transformer",0,98,"test",95,0.472711443901062,0
"Transformer",0,98,"test",96,0.480065762996674,0
"Transformer",0,98,"test",97,0.475051373243332,1
"Transformer",0,98,"test",98,0.547043740749359,1
"Transformer",0,98,"test",99,0.529813170433044,1
"Transformer",0,98,"test",100,0.555656492710114,1
"Transformer",0,98,"test",101,0.552827775478363,1
"Transformer",0,98,"test",102,0.461285084486008,0
"Transformer",0,98,"test",103,0.436258137226105,0
"Transformer",0,98,"test",104,0.525449693202972,0
"Transformer",0,98,"test",105,0.546806633472443,0
"Transformer",0,98,"test",106,0.545562028884888,0
"Transformer",0,98,"test",107,0.522273361682892,0
"Transformer",0,98,"test",108,0.542465925216675,0
"Transformer",0,98,"test",109,0.548224985599518,0
"Transformer",0,98,"test",110,0.460187047719955,1
"Transformer",0,98,"test",111,0.473863065242767,1
"Transformer",0,98,"test",112,0.454128324985504,1
"Transformer",0,98,"test",113,0.468906253576279,0
"Transformer",0,98,"test",114,0.496683061122894,1
"Transformer",0,98,"test",115,0.482017010450363,1
"Transformer",0,98,"test",116,0.429529517889023,1
"Transformer",0,98,"test",117,0.410314202308655,1
"Transformer",0,98,"test",118,0.404965668916702,1
"Transformer",0,98,"test",119,0.402111142873764,0
"Transformer",0,98,"test",120,0.472711443901062,0
"Transformer",0,98,"test",121,0.498763233423233,0
"Transformer",0,98,"test",122,0.475051373243332,1
"Transformer",0,98,"test",123,0.469157636165619,1
"Transformer",0,98,"test",124,0.529813170433044,1
"Transformer",0,98,"test",125,0.557793617248535,0
"Transformer",0,98,"test",126,0.552827775478363,0
"Transformer",0,98,"test",127,0.526841104030609,0
"Transformer",0,98,"test",128,0.436258137226105,1
"Transformer",0,98,"test",129,0.433123260736465,1
"Transformer",0,98,"test",130,0.546806633472443,1
"Transformer",0,98,"test",131,0.583519339561462,1
"Transformer",0,98,"test",132,0.522273361682892,0
"Transformer",0,98,"test",133,0.555266082286835,0
"Transformer",0,98,"test",134,0.548224985599518,0
"Transformer",0,98,"test",135,0.539031803607941,0
"Transformer",0,98,"test",136,0.473863065242767,0
"Transformer",0,98,"test",137,0.466042131185532,1
"Transformer",0,98,"test",138,0.468906253576279,1
"Transformer",0,98,"test",139,0.484915435314178,1
"Transformer",0,98,"test",140,0.482017010450363,1
"Transformer",0,98,"test",141,0.480699449777603,1
"Transformer",0,98,"test",142,0.410314202308655,1
"Transformer",0,98,"test",143,0.436426401138306,1
"Transformer",0,98,"test",144,0.402111142873764,1
"Transformer",0,98,"test",145,0.411128014326096,1
"Transformer",0,98,"test",146,0.498763233423233,1
"Transformer",0,98,"test",147,0.509399473667145,1
"Transformer",0,98,"test",148,0.469157636165619,1
"Transformer",0,98,"test",149,0.563943862915039,1
"Transformer",0,98,"test",150,0.557793617248535,1
"Transformer",0,98,"test",151,0.532788574695587,1
"Transformer",0,98,"test",152,0.526841104030609,0
"Transformer",0,98,"test",153,0.528618097305298,0
"Transformer",0,98,"test",154,0.433123260736465,1
"Transformer",0,98,"test",155,0.410703718662262,1
"Transformer",0,98,"test",156,0.583519339561462,1
"Transformer",0,98,"test",157,0.540565073490143,0
"Transformer",0,98,"test",158,0.555266082286835,0
"Transformer",0,98,"test",159,0.557685077190399,0
"Transformer",0,98,"test",160,0.539031803607941,0
"Transformer",0,98,"test",161,0.536080300807953,0
"Transformer",0,98,"test",162,0.466042131185532,0
"Transformer",0,98,"test",163,0.470450520515442,0
"Transformer",0,98,"test",164,0.484915435314178,0
"Transformer",0,98,"test",165,0.467278301715851,1
"Transformer",0,98,"test",166,0.480699449777603,1
"Transformer",0,98,"test",167,0.487720936536789,0
"Transformer",0,98,"test",168,0.436426401138306,1
"Transformer",0,98,"test",169,0.436750829219818,1
"Transformer",0,98,"test",170,0.411128014326096,1
"Transformer",0,98,"test",171,0.405833154916763,0
"Transformer",0,98,"test",172,0.509399473667145,0
"Transformer",0,98,"test",173,0.504293084144592,1
"Transformer",0,98,"test",174,0.563943862915039,1
"Transformer",0,98,"test",175,0.515545129776001,1
"Transformer",0,98,"test",176,0.532788574695587,1
"Transformer",0,98,"test",177,0.514700055122375,0
"Transformer",0,98,"test",178,0.528618097305298,0
"Transformer",0,98,"test",179,0.522553265094757,0
"Transformer",0,98,"test",180,0.410703718662262,0
"Transformer",0,98,"test",181,0.453414082527161,0
"Transformer",0,98,"test",182,0.540565073490143,0
"Transformer",0,98,"test",183,0.521032750606537,0
"Transformer",0,98,"test",184,0.557685077190399,0
"Transformer",0,98,"test",185,0.528975903987885,0
"Transformer",0,98,"test",186,0.536080300807953,1
"Transformer",0,98,"test",187,0.528464198112488,0
"Transformer",0,98,"test",188,0.470450520515442,0
"Transformer",0,98,"test",189,0.46277642250061,0
"Transformer",0,98,"test",190,0.467278301715851,0
"Transformer",0,98,"test",191,0.482554793357849,0
"Transformer",0,98,"test",192,0.487720936536789,0
"Transformer",0,98,"test",193,0.47638612985611,0
"Transformer",0,98,"test",194,0.436750829219818,0
"Transformer",0,98,"test",195,0.423206686973572,0
"Transformer",0,98,"test",196,0.405833154916763,0
"Transformer",0,98,"test",197,0.384531885385513,1
"Transformer",0,98,"test",198,0.504293084144592,1
"Transformer",0,98,"test",199,0.499407112598419,1
"Transformer",0,98,"test",200,0.515545129776001,0
"Transformer",0,98,"test",201,0.509027600288391,0
"Transformer",0,98,"test",202,0.514700055122375,1
"Transformer",0,98,"test",203,0.550596952438354,0
"Transformer",0,98,"test",204,0.522553265094757,0
"Transformer",0,98,"test",205,0.552227735519409,0
"Transformer",0,98,"test",206,0.453414082527161,1
"Transformer",0,98,"test",207,0.437051385641098,0
"Transformer",0,98,"test",208,0.521032750606537,0
"Transformer",0,98,"test",209,0.523898065090179,0
"Transformer",0,98,"test",210,0.528975903987885,0
"Transformer",0,98,"test",211,0.530281901359558,0
"Transformer",0,98,"test",212,0.528464198112488,1
"Transformer",0,98,"test",213,0.554684162139893,0
"Transformer",0,98,"test",214,0.46277642250061,1
"Transformer",0,98,"test",215,0.463556587696075,1
"Transformer",0,98,"test",216,0.482554793357849,1
"Transformer",0,98,"test",217,0.459481418132782,0
"Transformer",0,98,"test",218,0.47638612985611,0
"Transformer",0,98,"test",219,0.477468073368073,1
"Transformer",0,98,"test",220,0.423206686973572,1
"Transformer",0,98,"test",221,0.436001420021057,0
"Transformer",0,98,"test",222,0.384531885385513,1
"Transformer",0,98,"test",223,0.409316420555115,1
"Transformer",0,98,"test",224,0.499407112598419,1
"Transformer",0,98,"test",225,0.48770397901535,0
"Transformer",0,98,"test",226,0.509027600288391,0
"Transformer",0,98,"test",227,0.508913338184357,0
"Transformer",0,98,"test",228,0.550596952438354,1
"Transformer",0,98,"test",229,0.5123450756073,1
"Transformer",0,98,"test",230,0.552227735519409,0
"Transformer",0,98,"test",231,0.540934145450592,1
"Transformer",0,98,"test",232,0.437051385641098,1
"Transformer",0,98,"test",233,0.491937071084976,1
"Transformer",0,98,"test",234,0.523898065090179,1
"Transformer",0,98,"test",235,0.520925998687744,1
"Transformer",0,98,"test",236,0.530281901359558,1
"Transformer",0,98,"test",237,0.534217059612274,0
"Transformer",0,98,"test",238,0.554684162139893,0
"Transformer",0,98,"test",239,0.538836896419525,0
"Transformer",0,98,"test",240,0.463556587696075,0
"Transformer",0,98,"test",241,0.46453520655632,0
"Transformer",0,98,"test",242,0.459481418132782,0
"Transformer",0,98,"test",243,0.446254432201385,0
"Transformer",0,98,"test",244,0.477468073368073,1
"Transformer",0,98,"test",245,0.496310710906982,1
"Transformer",0,98,"test",246,0.436001420021057,1
"Transformer",0,98,"test",247,0.452899307012558,1
"Transformer",0,98,"test",248,0.409316420555115,1
"Transformer",0,98,"test",249,0.417864739894867,1
"Transformer",0,98,"test",250,0.48770397901535,1
"Transformer",0,98,"test",251,0.515015542507172,1
"Transformer",0,98,"test",252,0.508913338184357,0
"Transformer",0,98,"test",253,0.536203503608704,0
"Transformer",0,98,"test",254,0.5123450756073,0
"Transformer",0,98,"test",255,0.53822934627533,1
"Transformer",0,98,"test",256,0.540934145450592,1
"Transformer",0,98,"test",257,0.536901473999023,1
"Transformer",0,98,"test",258,0.491937071084976,1
"Transformer",0,98,"test",259,0.462000787258148,1
"Transformer",0,98,"test",260,0.520925998687744,1
"Transformer",0,98,"test",261,0.533560872077942,1
"Transformer",0,98,"test",262,0.534217059612274,0
"Transformer",0,98,"test",263,0.501914739608765,0
"Transformer",0,98,"test",264,0.538836896419525,1
"Transformer",0,98,"test",265,0.54461669921875,1
"Transformer",0,98,"test",266,0.46453520655632,1
"Transformer",0,98,"test",267,0.432448744773865,1
"Transformer",0,98,"test",268,0.446254432201385,1
"Transformer",0,98,"test",269,0.459107875823975,1
"Transformer",0,98,"test",270,0.496310710906982,1
"Transformer",0,98,"test",271,0.487146556377411,1
"Transformer",0,98,"test",272,0.452899307012558,1
"Transformer",0,98,"test",273,0.415295869112015,1
"Transformer",0,98,"test",274,0.417864739894867,1
"Transformer",0,98,"test",275,0.407916396856308,1
"Transformer",0,98,"test",276,0.515015542507172,1
"Transformer",0,98,"test",277,0.535512447357178,1
"Transformer",0,98,"test",278,0.536203503608704,0
"Transformer",0,98,"test",279,0.624388754367828,0
"Transformer",0,98,"test",280,0.53822934627533,0
"Transformer",0,98,"test",281,0.54398775100708,0
"Transformer",0,98,"test",282,0.536901473999023,0
"Transformer",0,98,"test",283,0.562610507011414,0
"Transformer",0,98,"test",284,0.462000787258148,0
"Transformer",0,98,"test",285,0.484967172145844,0
"Transformer",0,98,"test",286,0.533560872077942,0
"Transformer",0,98,"test",287,0.551761865615845,0
"Transformer",0,98,"test",288,0.501914739608765,0
"Transformer",0,98,"test",289,0.537278234958649,0
"Transformer",0,98,"test",290,0.54461669921875,0
"Transformer",0,98,"test",291,0.516699910163879,0
"Transformer",0,98,"test",292,0.432448744773865,1
"Transformer",0,98,"test",293,0.491399586200714,1
"Transformer",0,98,"test",294,0.459107875823975,1
"Transformer",0,98,"test",295,0.444316029548645,0
"Transformer",0,98,"test",296,0.487146556377411,0
"Transformer",0,98,"test",297,0.488675385713577,1
"Transformer",0,98,"test",298,0.415295869112015,0
"Transformer",0,98,"test",299,0.433016777038574,0
"Transformer",0,98,"test",300,0.407916396856308,1
"Transformer",0,98,"test",301,0.443945616483688,1
"Transformer",0,98,"test",302,0.535512447357178,1
"Transformer",0,98,"test",303,0.535022795200348,0
"Transformer",0,98,"test",304,0.624388754367828,1
"Transformer",0,98,"test",305,0.577144026756287,0
"Transformer",0,41,"test",1,0.366060644388199,0
"Transformer",0,41,"test",2,0.499985307455063,0
"Transformer",0,41,"test",3,0.508385300636292,1
"Transformer",0,41,"test",4,0.502579808235168,1
"Transformer",0,41,"test",5,0.53008908033371,1
"Transformer",0,41,"test",6,0.469177722930908,1
"Transformer",0,41,"test",7,0.448927074670792,1
"Transformer",0,41,"test",8,0.510474622249603,1
"Transformer",0,41,"test",9,0.492090582847595,1
"Transformer",0,41,"test",10,0.482465535402298,1
"Transformer",0,41,"test",11,0.476058334112167,1
"Transformer",0,41,"test",12,0.43762993812561,1
"Transformer",0,41,"test",13,0.456885308027267,1
"Transformer",0,41,"test",14,0.383586376905441,1
"Transformer",0,41,"test",15,0.382056057453156,1
"Transformer",0,41,"test",16,0.382967680692673,1
"Transformer",0,41,"test",17,0.433562725782394,0
"Transformer",0,41,"test",18,0.554311573505402,0
"Transformer",0,41,"test",19,0.558516383171082,0
"Transformer",0,41,"test",20,0.50307309627533,1
"Transformer",0,41,"test",21,0.513453483581543,1
"Transformer",0,41,"test",22,0.470864534378052,1
"Transformer",0,41,"test",23,0.438004523515701,0
"Transformer",0,41,"test",24,0.440717697143555,0
"Transformer",0,41,"test",25,0.479804337024689,0
"Transformer",0,41,"test",26,0.366060644388199,1
"Transformer",0,41,"test",27,0.485010623931885,1
"Transformer",0,41,"test",28,0.508385300636292,1
"Transformer",0,41,"test",29,0.512105345726013,0
"Transformer",0,41,"test",30,0.53008908033371,0
"Transformer",0,41,"test",31,0.546197950839996,0
"Transformer",0,41,"test",32,0.448927074670792,0
"Transformer",0,41,"test",33,0.416615724563599,0
"Transformer",0,41,"test",34,0.492090582847595,1
"Transformer",0,41,"test",35,0.479516446590424,1
"Transformer",0,41,"test",36,0.476058334112167,1
"Transformer",0,41,"test",37,0.465702921152115,1
"Transformer",0,41,"test",38,0.456885308027267,1
"Transformer",0,41,"test",39,0.448652565479279,1
"Transformer",0,41,"test",40,0.382056057453156,1
"Transformer",0,41,"test",41,0.381841868162155,1
"Transformer",0,41,"test",42,0.433562725782394,0
"Transformer",0,41,"test",43,0.438750863075256,0
"Transformer",0,41,"test",44,0.558516383171082,1
"Transformer",0,41,"test",45,0.55511087179184,1
"Transformer",0,41,"test",46,0.513453483581543,1
"Transformer",0,41,"test",47,0.50047641992569,0
"Transformer",0,41,"test",48,0.438004523515701,0
"Transformer",0,41,"test",49,0.47122123837471,0
"Transformer",0,41,"test",50,0.479804337024689,0
"Transformer",0,41,"test",51,0.420853734016418,1
"Transformer",0,41,"test",52,0.485010623931885,1
"Transformer",0,41,"test",53,0.455888271331787,1
"Transformer",0,41,"test",54,0.512105345726013,1
"Transformer",0,41,"test",55,0.495359808206558,0
"Transformer",0,41,"test",56,0.546197950839996,0
"Transformer",0,41,"test",57,0.546856224536896,0
"Transformer",0,41,"test",58,0.416615724563599,0
"Transformer",0,41,"test",59,0.408376157283783,1
"Transformer",0,41,"test",60,0.479516446590424,1
"Transformer",0,41,"test",61,0.488690286874771,1
"Transformer",0,41,"test",62,0.465702921152115,0
"Transformer",0,41,"test",63,0.482203900814056,1
"Transformer",0,41,"test",64,0.448652565479279,1
"Transformer",0,41,"test",65,0.449457436800003,1
"Transformer",0,41,"test",66,0.381841868162155,1
"Transformer",0,41,"test",67,0.387283593416214,1
"Transformer",0,41,"test",68,0.438750863075256,0
"Transformer",0,41,"test",69,0.412657111883163,0
"Transformer",0,41,"test",70,0.55511087179184,0
"Transformer",0,41,"test",71,0.515809774398804,1
"Transformer",0,41,"test",72,0.50047641992569,1
"Transformer",0,41,"test",73,0.481440514326096,0
"Transformer",0,41,"test",74,0.47122123837471,0
"Transformer",0,41,"test",75,0.481026530265808,0
"Transformer",0,41,"test",76,0.420853734016418,0
"Transformer",0,41,"test",77,0.438483953475952,0
"Transformer",0,41,"test",78,0.455888271331787,1
"Transformer",0,41,"test",79,0.461497247219086,0
"Transformer",0,41,"test",80,0.495359808206558,0
"Transformer",0,41,"test",81,0.502375364303589,1
"Transformer",0,41,"test",82,0.546856224536896,1
"Transformer",0,41,"test",83,0.551364183425903,1
"Transformer",0,41,"test",84,0.408376157283783,1
"Transformer",0,41,"test",85,0.415608167648315,0
"Transformer",0,41,"test",86,0.488690286874771,0
"Transformer",0,41,"test",87,0.487999707460403,0
"Transformer",0,41,"test",88,0.482203900814056,0
"Transformer",0,41,"test",89,0.472982406616211,0
"Transformer",0,41,"test",90,0.449457436800003,0
"Transformer",0,41,"test",91,0.459719181060791,1
"Transformer",0,41,"test",92,0.387283593416214,0
"Transformer",0,41,"test",93,0.387745171785355,0
"Transformer",0,41,"test",94,0.412657111883163,0
"Transformer",0,41,"test",95,0.426918745040894,0
"Transformer",0,41,"test",96,0.515809774398804,0
"Transformer",0,41,"test",97,0.514857351779938,1
"Transformer",0,41,"test",98,0.481440514326096,1
"Transformer",0,41,"test",99,0.49848398566246,1
"Transformer",0,41,"test",100,0.481026530265808,1
"Transformer",0,41,"test",101,0.473665744066238,1
"Transformer",0,41,"test",102,0.438483953475952,0
"Transformer",0,41,"test",103,0.391780912876129,0
"Transformer",0,41,"test",104,0.461497247219086,0
"Transformer",0,41,"test",105,0.485574543476105,0
"Transformer",0,41,"test",106,0.502375364303589,0
"Transformer",0,41,"test",107,0.484543204307556,0
"Transformer",0,41,"test",108,0.551364183425903,0
"Transformer",0,41,"test",109,0.555806875228882,0
"Transformer",0,41,"test",110,0.415608167648315,1
"Transformer",0,41,"test",111,0.395642668008804,1
"Transformer",0,41,"test",112,0.487999707460403,1
"Transformer",0,41,"test",113,0.496965557336807,0
"Transformer",0,41,"test",114,0.472982406616211,1
"Transformer",0,41,"test",115,0.491700381040573,1
"Transformer",0,41,"test",116,0.459719181060791,1
"Transformer",0,41,"test",117,0.459075778722763,1
"Transformer",0,41,"test",118,0.387745171785355,1
"Transformer",0,41,"test",119,0.380369037389755,0
"Transformer",0,41,"test",120,0.426918745040894,0
"Transformer",0,41,"test",121,0.417675286531448,0
"Transformer",0,41,"test",122,0.514857351779938,1
"Transformer",0,41,"test",123,0.510112285614014,1
"Transformer",0,41,"test",124,0.49848398566246,1
"Transformer",0,41,"test",125,0.484161078929901,0
"Transformer",0,41,"test",126,0.473665744066238,0
"Transformer",0,41,"test",127,0.472310811281204,0
"Transformer",0,41,"test",128,0.391780912876129,1
"Transformer",0,41,"test",129,0.377565175294876,1
"Transformer",0,41,"test",130,0.485574543476105,1
"Transformer",0,41,"test",131,0.528062105178833,1
"Transformer",0,41,"test",132,0.484543204307556,0
"Transformer",0,41,"test",133,0.511408150196075,0
"Transformer",0,41,"test",134,0.555806875228882,0
"Transformer",0,41,"test",135,0.548923373222351,0
"Transformer",0,41,"test",136,0.395642668008804,0
"Transformer",0,41,"test",137,0.418652445077896,1
"Transformer",0,41,"test",138,0.496965557336807,1
"Transformer",0,41,"test",139,0.502936959266663,1
"Transformer",0,41,"test",140,0.491700381040573,1
"Transformer",0,41,"test",141,0.490078896284103,1
"Transformer",0,41,"test",142,0.459075778722763,1
"Transformer",0,41,"test",143,0.455558240413666,1
"Transformer",0,41,"test",144,0.380369037389755,1
"Transformer",0,41,"test",145,0.382315516471863,1
"Transformer",0,41,"test",146,0.417675286531448,1
"Transformer",0,41,"test",147,0.430314958095551,1
"Transformer",0,41,"test",148,0.510112285614014,1
"Transformer",0,41,"test",149,0.56428200006485,1
"Transformer",0,41,"test",150,0.484161078929901,1
"Transformer",0,41,"test",151,0.487112730741501,1
"Transformer",0,41,"test",152,0.472310811281204,0
"Transformer",0,41,"test",153,0.505945265293121,0
"Transformer",0,41,"test",154,0.377565175294876,1
"Transformer",0,41,"test",155,0.311478346586227,1
"Transformer",0,41,"test",156,0.528062105178833,1
"Transformer",0,41,"test",157,0.479558348655701,0
"Transformer",0,41,"test",158,0.511408150196075,0
"Transformer",0,41,"test",159,0.513788282871246,0
"Transformer",0,41,"test",160,0.548923373222351,0
"Transformer",0,41,"test",161,0.545253157615662,0
"Transformer",0,41,"test",162,0.418652445077896,0
"Transformer",0,41,"test",163,0.462043702602386,0
"Transformer",0,41,"test",164,0.502936959266663,0
"Transformer",0,41,"test",165,0.498531639575958,1
"Transformer",0,41,"test",166,0.490078896284103,1
"Transformer",0,41,"test",167,0.488359332084656,0
"Transformer",0,41,"test",168,0.455558240413666,1
"Transformer",0,41,"test",169,0.461016178131104,1
"Transformer",0,41,"test",170,0.382315516471863,1
"Transformer",0,41,"test",171,0.379756182432175,0
"Transformer",0,41,"test",172,0.430314958095551,0
"Transformer",0,41,"test",173,0.409663826227188,1
"Transformer",0,41,"test",174,0.56428200006485,1
"Transformer",0,41,"test",175,0.544542670249939,1
"Transformer",0,41,"test",176,0.487112730741501,1
"Transformer",0,41,"test",177,0.479881167411804,0
"Transformer",0,41,"test",178,0.505945265293121,0
"Transformer",0,41,"test",179,0.469103425741196,0
"Transformer",0,41,"test",180,0.311478346586227,0
"Transformer",0,41,"test",181,0.422268718481064,0
"Transformer",0,41,"test",182,0.479558348655701,0
"Transformer",0,41,"test",183,0.455262154340744,0
"Transformer",0,41,"test",184,0.513788282871246,0
"Transformer",0,41,"test",185,0.491967797279358,0
"Transformer",0,41,"test",186,0.545253157615662,1
"Transformer",0,41,"test",187,0.532220125198364,0
"Transformer",0,41,"test",188,0.462043702602386,0
"Transformer",0,41,"test",189,0.462157428264618,0
"Transformer",0,41,"test",190,0.498531639575958,0
"Transformer",0,41,"test",191,0.465564101934433,0
"Transformer",0,41,"test",192,0.488359332084656,0
"Transformer",0,41,"test",193,0.474315226078033,0
"Transformer",0,41,"test",194,0.461016178131104,0
"Transformer",0,41,"test",195,0.439511030912399,0
"Transformer",0,41,"test",196,0.379756182432175,0
"Transformer",0,41,"test",197,0.37727552652359,1
"Transformer",0,41,"test",198,0.409663826227188,1
"Transformer",0,41,"test",199,0.415684193372726,1
"Transformer",0,41,"test",200,0.544542670249939,0
"Transformer",0,41,"test",201,0.540775060653687,0
"Transformer",0,41,"test",202,0.479881167411804,1
"Transformer",0,41,"test",203,0.514649450778961,0
"Transformer",0,41,"test",204,0.469103425741196,0
"Transformer",0,41,"test",205,0.467731267213821,0
"Transformer",0,41,"test",206,0.422268718481064,1
"Transformer",0,41,"test",207,0.375919550657272,0
"Transformer",0,41,"test",208,0.455262154340744,0
"Transformer",0,41,"test",209,0.463406562805176,0
"Transformer",0,41,"test",210,0.491967797279358,0
"Transformer",0,41,"test",211,0.492734730243683,0
"Transformer",0,41,"test",212,0.532220125198364,1
"Transformer",0,41,"test",213,0.556357622146606,0
"Transformer",0,41,"test",214,0.462157428264618,1
"Transformer",0,41,"test",215,0.395613878965378,1
"Transformer",0,41,"test",216,0.465564101934433,1
"Transformer",0,41,"test",217,0.449573129415512,0
"Transformer",0,41,"test",218,0.474315226078033,0
"Transformer",0,41,"test",219,0.47014394402504,1
"Transformer",0,41,"test",220,0.439511030912399,1
"Transformer",0,41,"test",221,0.461501389741898,0
"Transformer",0,41,"test",222,0.37727552652359,1
"Transformer",0,41,"test",223,0.382458955049515,1
"Transformer",0,41,"test",224,0.415684193372726,1
"Transformer",0,41,"test",225,0.426380395889282,0
"Transformer",0,41,"test",226,0.540775060653687,0
"Transformer",0,41,"test",227,0.538722634315491,0
"Transformer",0,41,"test",228,0.514649450778961,1
"Transformer",0,41,"test",229,0.483383268117905,1
"Transformer",0,41,"test",230,0.467731267213821,0
"Transformer",0,41,"test",231,0.42952162027359,1
"Transformer",0,41,"test",232,0.375919550657272,1
"Transformer",0,41,"test",233,0.485085606575012,1
"Transformer",0,41,"test",234,0.463406562805176,1
"Transformer",0,41,"test",235,0.458764731884003,1
"Transformer",0,41,"test",236,0.492734730243683,1
"Transformer",0,41,"test",237,0.496359050273895,0
"Transformer",0,41,"test",238,0.556357622146606,0
"Transformer",0,41,"test",239,0.54877382516861,0
"Transformer",0,41,"test",240,0.395613878965378,0
"Transformer",0,41,"test",241,0.387013763189316,0
"Transformer",0,41,"test",242,0.449573129415512,0
"Transformer",0,41,"test",243,0.475417077541351,0
"Transformer",0,41,"test",244,0.47014394402504,1
"Transformer",0,41,"test",245,0.466996997594833,1
"Transformer",0,41,"test",246,0.461501389741898,1
"Transformer",0,41,"test",247,0.416437685489655,1
"Transformer",0,41,"test",248,0.382458955049515,1
"Transformer",0,41,"test",249,0.392073422670364,1
"Transformer",0,41,"test",250,0.426380395889282,1
"Transformer",0,41,"test",251,0.458529949188232,1
"Transformer",0,41,"test",252,0.538722634315491,0
"Transformer",0,41,"test",253,0.555507361888885,0
"Transformer",0,41,"test",254,0.483383268117905,0
"Transformer",0,41,"test",255,0.463045746088028,1
"Transformer",0,41,"test",256,0.42952162027359,1
"Transformer",0,41,"test",257,0.48565199971199,1
"Transformer",0,41,"test",258,0.485085606575012,1
"Transformer",0,41,"test",259,0.441142052412033,1
"Transformer",0,41,"test",260,0.458764731884003,1
"Transformer",0,41,"test",261,0.473763048648834,1
"Transformer",0,41,"test",262,0.496359050273895,0
"Transformer",0,41,"test",263,0.457113415002823,0
"Transformer",0,41,"test",264,0.54877382516861,1
"Transformer",0,41,"test",265,0.553034424781799,1
"Transformer",0,41,"test",266,0.387013763189316,1
"Transformer",0,41,"test",267,0.429722964763641,1
"Transformer",0,41,"test",268,0.475417077541351,1
"Transformer",0,41,"test",269,0.487192720174789,1
"Transformer",0,41,"test",270,0.466996997594833,1
"Transformer",0,41,"test",271,0.489244729280472,1
"Transformer",0,41,"test",272,0.416437685489655,1
"Transformer",0,41,"test",273,0.44518631696701,1
"Transformer",0,41,"test",274,0.392073422670364,1
"Transformer",0,41,"test",275,0.382684141397476,1
"Transformer",0,41,"test",276,0.458529949188232,1
"Transformer",0,41,"test",277,0.446993231773376,1
"Transformer",0,41,"test",278,0.555507361888885,0
"Transformer",0,41,"test",279,0.550277411937714,0
"Transformer",0,41,"test",280,0.463045746088028,0
"Transformer",0,41,"test",281,0.49990701675415,0
"Transformer",0,41,"test",282,0.48565199971199,0
"Transformer",0,41,"test",283,0.455511152744293,0
"Transformer",0,41,"test",284,0.441142052412033,0
"Transformer",0,41,"test",285,0.461385369300842,0
"Transformer",0,41,"test",286,0.473763048648834,0
"Transformer",0,41,"test",287,0.491404354572296,0
"Transformer",0,41,"test",288,0.457113415002823,0
"Transformer",0,41,"test",289,0.49705845117569,0
"Transformer",0,41,"test",290,0.553034424781799,0
"Transformer",0,41,"test",291,0.526162922382355,0
"Transformer",0,41,"test",292,0.429722964763641,1
"Transformer",0,41,"test",293,0.504127383232117,1
"Transformer",0,41,"test",294,0.487192720174789,1
"Transformer",0,41,"test",295,0.477853864431381,0
"Transformer",0,41,"test",296,0.489244729280472,0
"Transformer",0,41,"test",297,0.490062922239304,1
"Transformer",0,41,"test",298,0.44518631696701,0
"Transformer",0,41,"test",299,0.440567135810852,0
"Transformer",0,41,"test",300,0.382684141397476,1
"Transformer",0,41,"test",301,0.390943318605423,1
"Transformer",0,41,"test",302,0.446993231773376,1
"Transformer",0,41,"test",303,0.478001087903976,0
"Transformer",0,41,"test",304,0.550277411937714,1
"Transformer",0,41,"test",305,0.567139744758606,0
"Transformer",0,64,"test",1,0.434465348720551,0
"Transformer",0,64,"test",2,0.489651381969452,0
"Transformer",0,64,"test",3,0.497141480445862,1
"Transformer",0,64,"test",4,0.534811437129974,1
"Transformer",0,64,"test",5,0.534541189670563,1
"Transformer",0,64,"test",6,0.48589888215065,1
"Transformer",0,64,"test",7,0.471619784832001,1
"Transformer",0,64,"test",8,0.507862508296967,1
"Transformer",0,64,"test",9,0.483142703771591,1
"Transformer",0,64,"test",10,0.492985963821411,1
"Transformer",0,64,"test",11,0.498109400272369,1
"Transformer",0,64,"test",12,0.449516892433167,1
"Transformer",0,64,"test",13,0.481174230575562,1
"Transformer",0,64,"test",14,0.391888558864594,1
"Transformer",0,64,"test",15,0.378925055265427,1
"Transformer",0,64,"test",16,0.492696136236191,1
"Transformer",0,64,"test",17,0.505920231342316,0
"Transformer",0,64,"test",18,0.557112693786621,0
"Transformer",0,64,"test",19,0.569352626800537,0
"Transformer",0,64,"test",20,0.530483543872833,1
"Transformer",0,64,"test",21,0.542853832244873,1
"Transformer",0,64,"test",22,0.50312864780426,1
"Transformer",0,64,"test",23,0.472580552101135,0
"Transformer",0,64,"test",24,0.484021097421646,0
"Transformer",0,64,"test",25,0.51915031671524,0
"Transformer",0,64,"test",26,0.434465348720551,1
"Transformer",0,64,"test",27,0.460277855396271,1
"Transformer",0,64,"test",28,0.497141480445862,1
"Transformer",0,64,"test",29,0.505916059017181,0
"Transformer",0,64,"test",30,0.534541189670563,0
"Transformer",0,64,"test",31,0.572544753551483,0
"Transformer",0,64,"test",32,0.471619784832001,0
"Transformer",0,64,"test",33,0.453420996665955,0
"Transformer",0,64,"test",34,0.483142703771591,1
"Transformer",0,64,"test",35,0.480656057596207,1
"Transformer",0,64,"test",36,0.498109400272369,1
"Transformer",0,64,"test",37,0.49605992436409,1
"Transformer",0,64,"test",38,0.481174230575562,1
"Transformer",0,64,"test",39,0.470871239900589,1
"Transformer",0,64,"test",40,0.378925055265427,1
"Transformer",0,64,"test",41,0.387076646089554,1
"Transformer",0,64,"test",42,0.505920231342316,0
"Transformer",0,64,"test",43,0.501362383365631,0
"Transformer",0,64,"test",44,0.569352626800537,1
"Transformer",0,64,"test",45,0.559655129909515,1
"Transformer",0,64,"test",46,0.542853832244873,1
"Transformer",0,64,"test",47,0.526558995246887,0
"Transformer",0,64,"test",48,0.472580552101135,0
"Transformer",0,64,"test",49,0.510282814502716,0
"Transformer",0,64,"test",50,0.51915031671524,0
"Transformer",0,64,"test",51,0.471945613622665,1
"Transformer",0,64,"test",52,0.460277855396271,1
"Transformer",0,64,"test",53,0.441846251487732,1
"Transformer",0,64,"test",54,0.505916059017181,1
"Transformer",0,64,"test",55,0.513869881629944,0
"Transformer",0,64,"test",56,0.572544753551483,0
"Transformer",0,64,"test",57,0.581393182277679,0
"Transformer",0,64,"test",58,0.453420996665955,0
"Transformer",0,64,"test",59,0.453127861022949,1
"Transformer",0,64,"test",60,0.480656057596207,1
"Transformer",0,64,"test",61,0.494745701551437,1
"Transformer",0,64,"test",62,0.49605992436409,0
"Transformer",0,64,"test",63,0.494802564382553,1
"Transformer",0,64,"test",64,0.470871239900589,1
"Transformer",0,64,"test",65,0.465263903141022,1
"Transformer",0,64,"test",66,0.387076646089554,1
"Transformer",0,64,"test",67,0.403671950101852,1
"Transformer",0,64,"test",68,0.501362383365631,0
"Transformer",0,64,"test",69,0.497809916734695,0
"Transformer",0,64,"test",70,0.559655129909515,0
"Transformer",0,64,"test",71,0.523548603057861,1
"Transformer",0,64,"test",72,0.526558995246887,1
"Transformer",0,64,"test",73,0.511718571186066,0
"Transformer",0,64,"test",74,0.510282814502716,0
"Transformer",0,64,"test",75,0.514352142810822,0
"Transformer",0,64,"test",76,0.471945613622665,0
"Transformer",0,64,"test",77,0.487605392932892,0
"Transformer",0,64,"test",78,0.441846251487732,1
"Transformer",0,64,"test",79,0.448242217302322,0
"Transformer",0,64,"test",80,0.513869881629944,0
"Transformer",0,64,"test",81,0.522940158843994,1
"Transformer",0,64,"test",82,0.581393182277679,1
"Transformer",0,64,"test",83,0.580340445041656,1
"Transformer",0,64,"test",84,0.453127861022949,1
"Transformer",0,64,"test",85,0.453221470117569,0
"Transformer",0,64,"test",86,0.494745701551437,0
"Transformer",0,64,"test",87,0.480252087116241,0
"Transformer",0,64,"test",88,0.494802564382553,0
"Transformer",0,64,"test",89,0.489550441503525,0
"Transformer",0,64,"test",90,0.465263903141022,0
"Transformer",0,64,"test",91,0.481324076652527,1
"Transformer",0,64,"test",92,0.403671950101852,0
"Transformer",0,64,"test",93,0.408292949199677,0
"Transformer",0,64,"test",94,0.497809916734695,0
"Transformer",0,64,"test",95,0.502999365329742,0
"Transformer",0,64,"test",96,0.523548603057861,0
"Transformer",0,64,"test",97,0.526559889316559,1
"Transformer",0,64,"test",98,0.511718571186066,1
"Transformer",0,64,"test",99,0.524092435836792,1
"Transformer",0,64,"test",100,0.514352142810822,1
"Transformer",0,64,"test",101,0.50811755657196,1
"Transformer",0,64,"test",102,0.487605392932892,0
"Transformer",0,64,"test",103,0.459525018930435,0
"Transformer",0,64,"test",104,0.448242217302322,0
"Transformer",0,64,"test",105,0.45990177989006,0
"Transformer",0,64,"test",106,0.522940158843994,0
"Transformer",0,64,"test",107,0.505545794963837,0
"Transformer",0,64,"test",108,0.580340445041656,0
"Transformer",0,64,"test",109,0.584105551242828,0
"Transformer",0,64,"test",110,0.453221470117569,1
"Transformer",0,64,"test",111,0.45981302857399,1
"Transformer",0,64,"test",112,0.480252087116241,1
"Transformer",0,64,"test",113,0.488589912652969,0
"Transformer",0,64,"test",114,0.489550441503525,1
"Transformer",0,64,"test",115,0.507146716117859,1
"Transformer",0,64,"test",116,0.481324076652527,1
"Transformer",0,64,"test",117,0.473123520612717,1
"Transformer",0,64,"test",118,0.408292949199677,1
"Transformer",0,64,"test",119,0.392261177301407,0
"Transformer",0,64,"test",120,0.502999365329742,0
"Transformer",0,64,"test",121,0.498422920703888,0
"Transformer",0,64,"test",122,0.526559889316559,1
"Transformer",0,64,"test",123,0.523992955684662,1
"Transformer",0,64,"test",124,0.524092435836792,1
"Transformer",0,64,"test",125,0.514261305332184,0
"Transformer",0,64,"test",126,0.50811755657196,0
"Transformer",0,64,"test",127,0.516818940639496,0
"Transformer",0,64,"test",128,0.459525018930435,1
"Transformer",0,64,"test",129,0.44436314702034,1
"Transformer",0,64,"test",130,0.45990177989006,1
"Transformer",0,64,"test",131,0.482922405004501,1
"Transformer",0,64,"test",132,0.505545794963837,0
"Transformer",0,64,"test",133,0.54060435295105,0
"Transformer",0,64,"test",134,0.584105551242828,0
"Transformer",0,64,"test",135,0.582186043262482,0
"Transformer",0,64,"test",136,0.45981302857399,0
"Transformer",0,64,"test",137,0.455740243196487,1
"Transformer",0,64,"test",138,0.488589912652969,1
"Transformer",0,64,"test",139,0.498546242713928,1
"Transformer",0,64,"test",140,0.507146716117859,1
"Transformer",0,64,"test",141,0.509172081947327,1
"Transformer",0,64,"test",142,0.473123520612717,1
"Transformer",0,64,"test",143,0.475653111934662,1
"Transformer",0,64,"test",144,0.392261177301407,1
"Transformer",0,64,"test",145,0.405329763889313,1
"Transformer",0,64,"test",146,0.498422920703888,1
"Transformer",0,64,"test",147,0.49550473690033,1
"Transformer",0,64,"test",148,0.523992955684662,1
"Transformer",0,64,"test",149,0.577796339988708,1
"Transformer",0,64,"test",150,0.514261305332184,1
"Transformer",0,64,"test",151,0.512071788311005,1
"Transformer",0,64,"test",152,0.516818940639496,0
"Transformer",0,64,"test",153,0.553995907306671,0
"Transformer",0,64,"test",154,0.44436314702034,1
"Transformer",0,64,"test",155,0.400844186544418,1
"Transformer",0,64,"test",156,0.482922405004501,1
"Transformer",0,64,"test",157,0.455073237419128,0
"Transformer",0,64,"test",158,0.54060435295105,0
"Transformer",0,64,"test",159,0.522789716720581,0
"Transformer",0,64,"test",160,0.582186043262482,0
"Transformer",0,64,"test",161,0.579984307289124,0
"Transformer",0,64,"test",162,0.455740243196487,0
"Transformer",0,64,"test",163,0.474892973899841,0
"Transformer",0,64,"test",164,0.498546242713928,0
"Transformer",0,64,"test",165,0.486297577619553,1
"Transformer",0,64,"test",166,0.509172081947327,1
"Transformer",0,64,"test",167,0.49976834654808,0
"Transformer",0,64,"test",168,0.475653111934662,1
"Transformer",0,64,"test",169,0.482440531253815,1
"Transformer",0,64,"test",170,0.405329763889313,1
"Transformer",0,64,"test",171,0.39599397778511,0
"Transformer",0,64,"test",172,0.49550473690033,0
"Transformer",0,64,"test",173,0.493526428937912,1
"Transformer",0,64,"test",174,0.577796339988708,1
"Transformer",0,64,"test",175,0.544744789600372,1
"Transformer",0,64,"test",176,0.512071788311005,1
"Transformer",0,64,"test",177,0.505862236022949,0
"Transformer",0,64,"test",178,0.553995907306671,0
"Transformer",0,64,"test",179,0.520966053009033,0
"Transformer",0,64,"test",180,0.400844186544418,0
"Transformer",0,64,"test",181,0.482729077339172,0
"Transformer",0,64,"test",182,0.455073237419128,0
"Transformer",0,64,"test",183,0.448612004518509,0
"Transformer",0,64,"test",184,0.522789716720581,0
"Transformer",0,64,"test",185,0.529415309429169,0
"Transformer",0,64,"test",186,0.579984307289124,1
"Transformer",0,64,"test",187,0.569529473781586,0
"Transformer",0,64,"test",188,0.474892973899841,0
"Transformer",0,64,"test",189,0.472243010997772,0
"Transformer",0,64,"test",190,0.486297577619553,0
"Transformer",0,64,"test",191,0.494547963142395,0
"Transformer",0,64,"test",192,0.49976834654808,0
"Transformer",0,64,"test",193,0.504219889640808,0
"Transformer",0,64,"test",194,0.482440531253815,0
"Transformer",0,64,"test",195,0.470029950141907,0
"Transformer",0,64,"test",196,0.39599397778511,0
"Transformer",0,64,"test",197,0.371716737747192,1
"Transformer",0,64,"test",198,0.493526428937912,1
"Transformer",0,64,"test",199,0.497989326715469,1
"Transformer",0,64,"test",200,0.544744789600372,0
"Transformer",0,64,"test",201,0.541854918003082,0
"Transformer",0,64,"test",202,0.505862236022949,1
"Transformer",0,64,"test",203,0.549056947231293,0
"Transformer",0,64,"test",204,0.520966053009033,0
"Transformer",0,64,"test",205,0.50217342376709,0
"Transformer",0,64,"test",206,0.482729077339172,1
"Transformer",0,64,"test",207,0.459321141242981,0
"Transformer",0,64,"test",208,0.448612004518509,0
"Transformer",0,64,"test",209,0.444722294807434,0
"Transformer",0,64,"test",210,0.529415309429169,0
"Transformer",0,64,"test",211,0.528951287269592,0
"Transformer",0,64,"test",212,0.569529473781586,1
"Transformer",0,64,"test",213,0.582903206348419,0
"Transformer",0,64,"test",214,0.472243010997772,1
"Transformer",0,64,"test",215,0.453945368528366,1
"Transformer",0,64,"test",216,0.494547963142395,1
"Transformer",0,64,"test",217,0.482532143592834,0
"Transformer",0,64,"test",218,0.504219889640808,0
"Transformer",0,64,"test",219,0.502511978149414,1
"Transformer",0,64,"test",220,0.470029950141907,1
"Transformer",0,64,"test",221,0.481643289327621,0
"Transformer",0,64,"test",222,0.371716737747192,1
"Transformer",0,64,"test",223,0.404808163642883,1
"Transformer",0,64,"test",224,0.497989326715469,1
"Transformer",0,64,"test",225,0.505494117736816,0
"Transformer",0,64,"test",226,0.541854918003082,0
"Transformer",0,64,"test",227,0.562500953674316,0
"Transformer",0,64,"test",228,0.549056947231293,1
"Transformer",0,64,"test",229,0.508827745914459,1
"Transformer",0,64,"test",230,0.50217342376709,0
"Transformer",0,64,"test",231,0.476894974708557,1
"Transformer",0,64,"test",232,0.459321141242981,1
"Transformer",0,64,"test",233,0.52483993768692,1
"Transformer",0,64,"test",234,0.444722294807434,1
"Transformer",0,64,"test",235,0.4442158639431,1
"Transformer",0,64,"test",236,0.528951287269592,1
"Transformer",0,64,"test",237,0.536795735359192,0
"Transformer",0,64,"test",238,0.582903206348419,0
"Transformer",0,64,"test",239,0.582271039485931,0
"Transformer",0,64,"test",240,0.453945368528366,0
"Transformer",0,64,"test",241,0.458581924438477,0
"Transformer",0,64,"test",242,0.482532143592834,0
"Transformer",0,64,"test",243,0.477888911962509,0
"Transformer",0,64,"test",244,0.502511978149414,1
"Transformer",0,64,"test",245,0.49164217710495,1
"Transformer",0,64,"test",246,0.481643289327621,1
"Transformer",0,64,"test",247,0.473766684532166,1
"Transformer",0,64,"test",248,0.404808163642883,1
"Transformer",0,64,"test",249,0.434030652046204,1
"Transformer",0,64,"test",250,0.505494117736816,1
"Transformer",0,64,"test",251,0.515118420124054,1
"Transformer",0,64,"test",252,0.562500953674316,0
"Transformer",0,64,"test",253,0.586680948734283,0
"Transformer",0,64,"test",254,0.508827745914459,0
"Transformer",0,64,"test",255,0.496504127979279,1
"Transformer",0,64,"test",256,0.476894974708557,1
"Transformer",0,64,"test",257,0.524478435516357,1
"Transformer",0,64,"test",258,0.52483993768692,1
"Transformer",0,64,"test",259,0.490491598844528,1
"Transformer",0,64,"test",260,0.4442158639431,1
"Transformer",0,64,"test",261,0.452195137739182,1
"Transformer",0,64,"test",262,0.536795735359192,0
"Transformer",0,64,"test",263,0.544923782348633,0
"Transformer",0,64,"test",264,0.582271039485931,1
"Transformer",0,64,"test",265,0.581627488136292,1
"Transformer",0,64,"test",266,0.458581924438477,1
"Transformer",0,64,"test",267,0.453618556261063,1
"Transformer",0,64,"test",268,0.477888911962509,1
"Transformer",0,64,"test",269,0.482028245925903,1
"Transformer",0,64,"test",270,0.49164217710495,1
"Transformer",0,64,"test",271,0.506049633026123,1
"Transformer",0,64,"test",272,0.473766684532166,1
"Transformer",0,64,"test",273,0.467765748500824,1
"Transformer",0,64,"test",274,0.434030652046204,1
"Transformer",0,64,"test",275,0.403850972652435,1
"Transformer",0,64,"test",276,0.515118420124054,1
"Transformer",0,64,"test",277,0.489624619483948,1
"Transformer",0,64,"test",278,0.586680948734283,0
"Transformer",0,64,"test",279,0.5900017619133,0
"Transformer",0,64,"test",280,0.496504127979279,0
"Transformer",0,64,"test",281,0.526744365692139,0
"Transformer",0,64,"test",282,0.524478435516357,0
"Transformer",0,64,"test",283,0.490970432758331,0
"Transformer",0,64,"test",284,0.490491598844528,0
"Transformer",0,64,"test",285,0.501551032066345,0
"Transformer",0,64,"test",286,0.452195137739182,0
"Transformer",0,64,"test",287,0.462696343660355,0
"Transformer",0,64,"test",288,0.544923782348633,0
"Transformer",0,64,"test",289,0.526295006275177,0
"Transformer",0,64,"test",290,0.581627488136292,0
"Transformer",0,64,"test",291,0.541916847229004,0
"Transformer",0,64,"test",292,0.453618556261063,1
"Transformer",0,64,"test",293,0.502883076667786,1
"Transformer",0,64,"test",294,0.482028245925903,1
"Transformer",0,64,"test",295,0.470595479011536,0
"Transformer",0,64,"test",296,0.506049633026123,0
"Transformer",0,64,"test",297,0.50289785861969,1
"Transformer",0,64,"test",298,0.467765748500824,0
"Transformer",0,64,"test",299,0.473201900720596,0
"Transformer",0,64,"test",300,0.403850972652435,1
"Transformer",0,64,"test",301,0.458179473876953,1
"Transformer",0,64,"test",302,0.489624619483948,1
"Transformer",0,64,"test",303,0.530290961265564,0
"Transformer",0,64,"test",304,0.5900017619133,1
"Transformer",0,64,"test",305,0.599613606929779,0
"Transformer",0.05,23,"test",1,0.305330455303192,0
"Transformer",0.05,23,"test",2,0.473111897706985,0
"Transformer",0.05,23,"test",3,0.486289471387863,1
"Transformer",0.05,23,"test",4,0.476508587598801,1
"Transformer",0.05,23,"test",5,0.493194490671158,1
"Transformer",0.05,23,"test",6,0.477577924728394,1
"Transformer",0.05,23,"test",7,0.455232173204422,1
"Transformer",0.05,23,"test",8,0.48059606552124,1
"Transformer",0.05,23,"test",9,0.457127273082733,1
"Transformer",0.05,23,"test",10,0.459249824285507,1
"Transformer",0.05,23,"test",11,0.438180536031723,1
"Transformer",0.05,23,"test",12,0.380069106817245,1
"Transformer",0.05,23,"test",13,0.424922227859497,1
"Transformer",0.05,23,"test",14,0.345263481140137,1
"Transformer",0.05,23,"test",15,0.319392800331116,1
"Transformer",0.05,23,"test",16,0.420225590467453,1
"Transformer",0.05,23,"test",17,0.475192785263062,0
"Transformer",0.05,23,"test",18,0.49247732758522,0
"Transformer",0.05,23,"test",19,0.497039079666138,0
"Transformer",0.05,23,"test",20,0.533038079738617,1
"Transformer",0.05,23,"test",21,0.547361254692078,1
"Transformer",0.05,23,"test",22,0.439504325389862,1
"Transformer",0.05,23,"test",23,0.399004280567169,0
"Transformer",0.05,23,"test",24,0.463153183460236,0
"Transformer",0.05,23,"test",25,0.479824095964432,0
"Transformer",0.05,23,"test",26,0.305330455303192,1
"Transformer",0.05,23,"test",27,0.45811066031456,1
"Transformer",0.05,23,"test",28,0.486289471387863,1
"Transformer",0.05,23,"test",29,0.487641751766205,0
"Transformer",0.05,23,"test",30,0.493194490671158,0
"Transformer",0.05,23,"test",31,0.52706104516983,0
"Transformer",0.05,23,"test",32,0.455232173204422,0
"Transformer",0.05,23,"test",33,0.414592236280441,0
"Transformer",0.05,23,"test",34,0.457127273082733,1
"Transformer",0.05,23,"test",35,0.434268265962601,1
"Transformer",0.05,23,"test",36,0.438180536031723,1
"Transformer",0.05,23,"test",37,0.416670829057693,1
"Transformer",0.05,23,"test",38,0.424922227859497,1
"Transformer",0.05,23,"test",39,0.413089334964752,1
"Transformer",0.05,23,"test",40,0.319392800331116,1
"Transformer",0.05,23,"test",41,0.340643733739853,1
"Transformer",0.05,23,"test",42,0.475192785263062,0
"Transformer",0.05,23,"test",43,0.455009013414383,0
"Transformer",0.05,23,"test",44,0.497039079666138,1
"Transformer",0.05,23,"test",45,0.492694497108459,1
"Transformer",0.05,23,"test",46,0.547361254692078,1
"Transformer",0.05,23,"test",47,0.527162373065948,0
"Transformer",0.05,23,"test",48,0.399004280567169,0
"Transformer",0.05,23,"test",49,0.452268302440643,0
"Transformer",0.05,23,"test",50,0.479824095964432,0
"Transformer",0.05,23,"test",51,0.448743879795074,1
"Transformer",0.05,23,"test",52,0.45811066031456,1
"Transformer",0.05,23,"test",53,0.44739305973053,1
"Transformer",0.05,23,"test",54,0.487641751766205,1
"Transformer",0.05,23,"test",55,0.458615958690643,0
"Transformer",0.05,23,"test",56,0.52706104516983,0
"Transformer",0.05,23,"test",57,0.575497448444366,0
"Transformer",0.05,23,"test",58,0.414592236280441,0
"Transformer",0.05,23,"test",59,0.405582696199417,1
"Transformer",0.05,23,"test",60,0.434268265962601,1
"Transformer",0.05,23,"test",61,0.469012022018433,1
"Transformer",0.05,23,"test",62,0.416670829057693,0
"Transformer",0.05,23,"test",63,0.447723865509033,1
"Transformer",0.05,23,"test",64,0.413089334964752,1
"Transformer",0.05,23,"test",65,0.406411409378052,1
"Transformer",0.05,23,"test",66,0.340643733739853,1
"Transformer",0.05,23,"test",67,0.355810582637787,1
"Transformer",0.05,23,"test",68,0.455009013414383,0
"Transformer",0.05,23,"test",69,0.435077667236328,0
"Transformer",0.05,23,"test",70,0.492694497108459,0
"Transformer",0.05,23,"test",71,0.466493397951126,1
"Transformer",0.05,23,"test",72,0.527162373065948,1
"Transformer",0.05,23,"test",73,0.502582669258118,0
"Transformer",0.05,23,"test",74,0.452268302440643,0
"Transformer",0.05,23,"test",75,0.455466985702515,0
"Transformer",0.05,23,"test",76,0.448743879795074,0
"Transformer",0.05,23,"test",77,0.458970725536346,0
"Transformer",0.05,23,"test",78,0.44739305973053,1
"Transformer",0.05,23,"test",79,0.474010497331619,0
"Transformer",0.05,23,"test",80,0.458615958690643,0
"Transformer",0.05,23,"test",81,0.469871282577515,1
"Transformer",0.05,23,"test",82,0.575497448444366,1
"Transformer",0.05,23,"test",83,0.538991749286652,1
"Transformer",0.05,23,"test",84,0.405582696199417,1
"Transformer",0.05,23,"test",85,0.413489490747452,0
"Transformer",0.05,23,"test",86,0.469012022018433,0
"Transformer",0.05,23,"test",87,0.45369428396225,0
"Transformer",0.05,23,"test",88,0.447723865509033,0
"Transformer",0.05,23,"test",89,0.455490082502365,0
"Transformer",0.05,23,"test",90,0.406411409378052,0
"Transformer",0.05,23,"test",91,0.428086996078491,1
"Transformer",0.05,23,"test",92,0.355810582637787,0
"Transformer",0.05,23,"test",93,0.359914720058441,0
"Transformer",0.05,23,"test",94,0.435077667236328,0
"Transformer",0.05,23,"test",95,0.462508916854858,0
"Transformer",0.05,23,"test",96,0.466493397951126,0
"Transformer",0.05,23,"test",97,0.471370190382004,1
"Transformer",0.05,23,"test",98,0.502582669258118,1
"Transformer",0.05,23,"test",99,0.523940682411194,1
"Transformer",0.05,23,"test",100,0.455466985702515,1
"Transformer",0.05,23,"test",101,0.44917356967926,1
"Transformer",0.05,23,"test",102,0.458970725536346,0
"Transformer",0.05,23,"test",103,0.420598894357681,0
"Transformer",0.05,23,"test",104,0.474010497331619,0
"Transformer",0.05,23,"test",105,0.487267434597015,0
"Transformer",0.05,23,"test",106,0.469871282577515,0
"Transformer",0.05,23,"test",107,0.436233401298523,0
"Transformer",0.05,23,"test",108,0.538991749286652,0
"Transformer",0.05,23,"test",109,0.550860524177551,0
"Transformer",0.05,23,"test",110,0.413489490747452,1
"Transformer",0.05,23,"test",111,0.387270212173462,1
"Transformer",0.05,23,"test",112,0.45369428396225,1
"Transformer",0.05,23,"test",113,0.462252229452133,0
"Transformer",0.05,23,"test",114,0.455490082502365,1
"Transformer",0.05,23,"test",115,0.455278545618057,1
"Transformer",0.05,23,"test",116,0.428086996078491,1
"Transformer",0.05,23,"test",117,0.416389644145966,1
"Transformer",0.05,23,"test",118,0.359914720058441,1
"Transformer",0.05,23,"test",119,0.349725514650345,0
"Transformer",0.05,23,"test",120,0.462508916854858,0
"Transformer",0.05,23,"test",121,0.470825046300888,0
"Transformer",0.05,23,"test",122,0.471370190382004,1
"Transformer",0.05,23,"test",123,0.469553619623184,1
"Transformer",0.05,23,"test",124,0.523940682411194,1
"Transformer",0.05,23,"test",125,0.502738237380981,0
"Transformer",0.05,23,"test",126,0.44917356967926,0
"Transformer",0.05,23,"test",127,0.46165406703949,0
"Transformer",0.05,23,"test",128,0.420598894357681,1
"Transformer",0.05,23,"test",129,0.414709180593491,1
"Transformer",0.05,23,"test",130,0.487267434597015,1
"Transformer",0.05,23,"test",131,0.531103372573853,1
"Transformer",0.05,23,"test",132,0.436233401298523,0
"Transformer",0.05,23,"test",133,0.489872395992279,0
"Transformer",0.05,23,"test",134,0.550860524177551,0
"Transformer",0.05,23,"test",135,0.534068703651428,0
"Transformer",0.05,23,"test",136,0.387270212173462,0
"Transformer",0.05,23,"test",137,0.420585513114929,1
"Transformer",0.05,23,"test",138,0.462252229452133,1
"Transformer",0.05,23,"test",139,0.469855338335037,1
"Transformer",0.05,23,"test",140,0.455278545618057,1
"Transformer",0.05,23,"test",141,0.458072245121002,1
"Transformer",0.05,23,"test",142,0.416389644145966,1
"Transformer",0.05,23,"test",143,0.418658941984177,1
"Transformer",0.05,23,"test",144,0.349725514650345,1
"Transformer",0.05,23,"test",145,0.360161423683167,1
"Transformer",0.05,23,"test",146,0.470825046300888,1
"Transformer",0.05,23,"test",147,0.480834931135178,1
"Transformer",0.05,23,"test",148,0.469553619623184,1
"Transformer",0.05,23,"test",149,0.505993962287903,1
"Transformer",0.05,23,"test",150,0.502738237380981,1
"Transformer",0.05,23,"test",151,0.509093403816223,1
"Transformer",0.05,23,"test",152,0.46165406703949,0
"Transformer",0.05,23,"test",153,0.496958673000336,0
"Transformer",0.05,23,"test",154,0.414709180593491,1
"Transformer",0.05,23,"test",155,0.369234144687653,1
"Transformer",0.05,23,"test",156,0.531103372573853,1
"Transformer",0.05,23,"test",157,0.488410711288452,0
"Transformer",0.05,23,"test",158,0.489872395992279,0
"Transformer",0.05,23,"test",159,0.485711991786957,0
"Transformer",0.05,23,"test",160,0.534068703651428,0
"Transformer",0.05,23,"test",161,0.529159605503082,0
"Transformer",0.05,23,"test",162,0.420585513114929,0
"Transformer",0.05,23,"test",163,0.455785542726517,0
"Transformer",0.05,23,"test",164,0.469855338335037,0
"Transformer",0.05,23,"test",165,0.454275220632553,1
"Transformer",0.05,23,"test",166,0.458072245121002,1
"Transformer",0.05,23,"test",167,0.451341092586517,0
"Transformer",0.05,23,"test",168,0.418658941984177,1
"Transformer",0.05,23,"test",169,0.4272780418396,1
"Transformer",0.05,23,"test",170,0.360161423683167,1
"Transformer",0.05,23,"test",171,0.354759633541107,0
"Transformer",0.05,23,"test",172,0.480834931135178,0
"Transformer",0.05,23,"test",173,0.464675933122635,1
"Transformer",0.05,23,"test",174,0.505993962287903,1
"Transformer",0.05,23,"test",175,0.48453015089035,1
"Transformer",0.05,23,"test",176,0.509093403816223,1
"Transformer",0.05,23,"test",177,0.502129197120667,0
"Transformer",0.05,23,"test",178,0.496958673000336,0
"Transformer",0.05,23,"test",179,0.469246000051498,0
"Transformer",0.05,23,"test",180,0.369234144687653,0
"Transformer",0.05,23,"test",181,0.429230660200119,0
"Transformer",0.05,23,"test",182,0.488410711288452,0
"Transformer",0.05,23,"test",183,0.470328092575073,0
"Transformer",0.05,23,"test",184,0.485711991786957,0
"Transformer",0.05,23,"test",185,0.449593245983124,0
"Transformer",0.05,23,"test",186,0.529159605503082,1
"Transformer",0.05,23,"test",187,0.515597939491272,0
"Transformer",0.05,23,"test",188,0.455785542726517,0
"Transformer",0.05,23,"test",189,0.451559901237488,0
"Transformer",0.05,23,"test",190,0.454275220632553,0
"Transformer",0.05,23,"test",191,0.466063052415848,0
"Transformer",0.05,23,"test",192,0.451341092586517,0
"Transformer",0.05,23,"test",193,0.451145499944687,0
"Transformer",0.05,23,"test",194,0.4272780418396,0
"Transformer",0.05,23,"test",195,0.397389203310013,0
"Transformer",0.05,23,"test",196,0.354759633541107,0
"Transformer",0.05,23,"test",197,0.321850925683975,1
"Transformer",0.05,23,"test",198,0.464675933122635,1
"Transformer",0.05,23,"test",199,0.468879580497742,1
"Transformer",0.05,23,"test",200,0.48453015089035,0
"Transformer",0.05,23,"test",201,0.482823669910431,0
"Transformer",0.05,23,"test",202,0.502129197120667,1
"Transformer",0.05,23,"test",203,0.554681479930878,0
"Transformer",0.05,23,"test",204,0.469246000051498,0
"Transformer",0.05,23,"test",205,0.444057643413544,0
"Transformer",0.05,23,"test",206,0.429230660200119,1
"Transformer",0.05,23,"test",207,0.384452730417252,0
"Transformer",0.05,23,"test",208,0.470328092575073,0
"Transformer",0.05,23,"test",209,0.46141916513443,0
"Transformer",0.05,23,"test",210,0.449593245983124,0
"Transformer",0.05,23,"test",211,0.451159656047821,0
"Transformer",0.05,23,"test",212,0.515597939491272,1
"Transformer",0.05,23,"test",213,0.560836136341095,0
"Transformer",0.05,23,"test",214,0.451559901237488,1
"Transformer",0.05,23,"test",215,0.378446727991104,1
"Transformer",0.05,23,"test",216,0.466063052415848,1
"Transformer",0.05,23,"test",217,0.44612193107605,0
"Transformer",0.05,23,"test",218,0.451145499944687,0
"Transformer",0.05,23,"test",219,0.45151960849762,1
"Transformer",0.05,23,"test",220,0.397389203310013,1
"Transformer",0.05,23,"test",221,0.42521733045578,0
"Transformer",0.05,23,"test",222,0.321850925683975,1
"Transformer",0.05,23,"test",223,0.3594890832901,1
"Transformer",0.05,23,"test",224,0.468879580497742,1
"Transformer",0.05,23,"test",225,0.472017794847488,0
"Transformer",0.05,23,"test",226,0.482823669910431,0
"Transformer",0.05,23,"test",227,0.489596903324127,0
"Transformer",0.05,23,"test",228,0.554681479930878,1
"Transformer",0.05,23,"test",229,0.507139921188354,1
"Transformer",0.05,23,"test",230,0.444057643413544,0
"Transformer",0.05,23,"test",231,0.424354612827301,1
"Transformer",0.05,23,"test",232,0.384452730417252,1
"Transformer",0.05,23,"test",233,0.489385098218918,1
"Transformer",0.05,23,"test",234,0.46141916513443,1
"Transformer",0.05,23,"test",235,0.462011069059372,1
"Transformer",0.05,23,"test",236,0.451159656047821,1
"Transformer",0.05,23,"test",237,0.45917871594429,0
"Transformer",0.05,23,"test",238,0.560836136341095,0
"Transformer",0.05,23,"test",239,0.534154236316681,0
"Transformer",0.05,23,"test",240,0.378446727991104,0
"Transformer",0.05,23,"test",241,0.349663376808167,0
"Transformer",0.05,23,"test",242,0.44612193107605,0
"Transformer",0.05,23,"test",243,0.447884231805801,0
"Transformer",0.05,23,"test",244,0.45151960849762,1
"Transformer",0.05,23,"test",245,0.456400394439697,1
"Transformer",0.05,23,"test",246,0.42521733045578,1
"Transformer",0.05,23,"test",247,0.374415069818497,1
"Transformer",0.05,23,"test",248,0.3594890832901,1
"Transformer",0.05,23,"test",249,0.378887593746185,1
"Transformer",0.05,23,"test",250,0.472017794847488,1
"Transformer",0.05,23,"test",251,0.483297795057297,1
"Transformer",0.05,23,"test",252,0.489596903324127,0
"Transformer",0.05,23,"test",253,0.508242726325989,0
"Transformer",0.05,23,"test",254,0.507139921188354,0
"Transformer",0.05,23,"test",255,0.481690853834152,1
"Transformer",0.05,23,"test",256,0.424354612827301,1
"Transformer",0.05,23,"test",257,0.464899659156799,1
"Transformer",0.05,23,"test",258,0.489385098218918,1
"Transformer",0.05,23,"test",259,0.458405733108521,1
"Transformer",0.05,23,"test",260,0.462011069059372,1
"Transformer",0.05,23,"test",261,0.454590320587158,1
"Transformer",0.05,23,"test",262,0.45917871594429,0
"Transformer",0.05,23,"test",263,0.406664103269577,0
"Transformer",0.05,23,"test",264,0.534154236316681,1
"Transformer",0.05,23,"test",265,0.543417513370514,1
"Transformer",0.05,23,"test",266,0.349663376808167,1
"Transformer",0.05,23,"test",267,0.417471170425415,1
"Transformer",0.05,23,"test",268,0.447884231805801,1
"Transformer",0.05,23,"test",269,0.454658359289169,1
"Transformer",0.05,23,"test",270,0.456400394439697,1
"Transformer",0.05,23,"test",271,0.459990948438644,1
"Transformer",0.05,23,"test",272,0.374415069818497,1
"Transformer",0.05,23,"test",273,0.399566054344177,1
"Transformer",0.05,23,"test",274,0.378887593746185,1
"Transformer",0.05,23,"test",275,0.35872682929039,1
"Transformer",0.05,23,"test",276,0.483297795057297,1
"Transformer",0.05,23,"test",277,0.489317119121552,1
"Transformer",0.05,23,"test",278,0.508242726325989,0
"Transformer",0.05,23,"test",279,0.534133553504944,0
"Transformer",0.05,23,"test",280,0.481690853834152,0
"Transformer",0.05,23,"test",281,0.525094985961914,0
"Transformer",0.05,23,"test",282,0.464899659156799,0
"Transformer",0.05,23,"test",283,0.429667353630066,0
"Transformer",0.05,23,"test",284,0.458405733108521,0
"Transformer",0.05,23,"test",285,0.476926922798157,0
"Transformer",0.05,23,"test",286,0.454590320587158,0
"Transformer",0.05,23,"test",287,0.493096798658371,0
"Transformer",0.05,23,"test",288,0.406664103269577,0
"Transformer",0.05,23,"test",289,0.460370987653732,0
"Transformer",0.05,23,"test",290,0.543417513370514,0
"Transformer",0.05,23,"test",291,0.488144546747208,0
"Transformer",0.05,23,"test",292,0.417471170425415,1
"Transformer",0.05,23,"test",293,0.481001853942871,1
"Transformer",0.05,23,"test",294,0.454658359289169,1
"Transformer",0.05,23,"test",295,0.427757799625397,0
"Transformer",0.05,23,"test",296,0.459990948438644,0
"Transformer",0.05,23,"test",297,0.45687073469162,1
"Transformer",0.05,23,"test",298,0.399566054344177,0
"Transformer",0.05,23,"test",299,0.400606691837311,0
"Transformer",0.05,23,"test",300,0.35872682929039,1
"Transformer",0.05,23,"test",301,0.38877284526825,1
"Transformer",0.05,23,"test",302,0.489317119121552,1
"Transformer",0.05,23,"test",303,0.4907166659832,0
"Transformer",0.05,23,"test",304,0.534133553504944,1
"Transformer",0.05,23,"test",305,0.522915184497833,0
"Transformer",0.05,27,"test",1,0.471792936325073,0
"Transformer",0.05,27,"test",2,0.586098194122314,0
"Transformer",0.05,27,"test",3,0.592346370220184,1
"Transformer",0.05,27,"test",4,0.532957196235657,1
"Transformer",0.05,27,"test",5,0.545933306217194,1
"Transformer",0.05,27,"test",6,0.40763533115387,1
"Transformer",0.05,27,"test",7,0.419083386659622,1
"Transformer",0.05,27,"test",8,0.457344353199005,1
"Transformer",0.05,27,"test",9,0.468307495117188,1
"Transformer",0.05,27,"test",10,0.4761001765728,1
"Transformer",0.05,27,"test",11,0.414747267961502,1
"Transformer",0.05,27,"test",12,0.518086016178131,1
"Transformer",0.05,27,"test",13,0.529615104198456,1
"Transformer",0.05,27,"test",14,0.449906289577484,1
"Transformer",0.05,27,"test",15,0.430030852556229,1
"Transformer",0.05,27,"test",16,0.327611267566681,1
"Transformer",0.05,27,"test",17,0.400682628154755,0
"Transformer",0.05,27,"test",18,0.621071338653564,0
"Transformer",0.05,27,"test",19,0.647582828998566,0
"Transformer",0.05,27,"test",20,0.556352078914642,1
"Transformer",0.05,27,"test",21,0.584839761257172,1
"Transformer",0.05,27,"test",22,0.551785707473755,1
"Transformer",0.05,27,"test",23,0.533107697963715,0
"Transformer",0.05,27,"test",24,0.528910934925079,0
"Transformer",0.05,27,"test",25,0.57896500825882,0
"Transformer",0.05,27,"test",26,0.471792936325073,1
"Transformer",0.05,27,"test",27,0.515245318412781,1
"Transformer",0.05,27,"test",28,0.592346370220184,1
"Transformer",0.05,27,"test",29,0.594615817070007,0
"Transformer",0.05,27,"test",30,0.545933306217194,0
"Transformer",0.05,27,"test",31,0.566523194313049,0
"Transformer",0.05,27,"test",32,0.419083386659622,0
"Transformer",0.05,27,"test",33,0.439633995294571,0
"Transformer",0.05,27,"test",34,0.468307495117188,1
"Transformer",0.05,27,"test",35,0.373368591070175,1
"Transformer",0.05,27,"test",36,0.414747267961502,1
"Transformer",0.05,27,"test",37,0.396703839302063,1
"Transformer",0.05,27,"test",38,0.529615104198456,1
"Transformer",0.05,27,"test",39,0.541370511054993,1
"Transformer",0.05,27,"test",40,0.430030852556229,1
"Transformer",0.05,27,"test",41,0.450057595968246,1
"Transformer",0.05,27,"test",42,0.400682628154755,0
"Transformer",0.05,27,"test",43,0.406838834285736,0
"Transformer",0.05,27,"test",44,0.647582828998566,1
"Transformer",0.05,27,"test",45,0.628579437732697,1
"Transformer",0.05,27,"test",46,0.584839761257172,1
"Transformer",0.05,27,"test",47,0.517902135848999,0
"Transformer",0.05,27,"test",48,0.533107697963715,0
"Transformer",0.05,27,"test",49,0.544311285018921,0
"Transformer",0.05,27,"test",50,0.57896500825882,0
"Transformer",0.05,27,"test",51,0.525570809841156,1
"Transformer",0.05,27,"test",52,0.515245318412781,1
"Transformer",0.05,27,"test",53,0.515165269374847,1
"Transformer",0.05,27,"test",54,0.594615817070007,1
"Transformer",0.05,27,"test",55,0.590416252613068,0
"Transformer",0.05,27,"test",56,0.566523194313049,0
"Transformer",0.05,27,"test",57,0.626266837120056,0
"Transformer",0.05,27,"test",58,0.439633995294571,0
"Transformer",0.05,27,"test",59,0.441537588834763,1
"Transformer",0.05,27,"test",60,0.373368591070175,1
"Transformer",0.05,27,"test",61,0.475343346595764,1
"Transformer",0.05,27,"test",62,0.396703839302063,0
"Transformer",0.05,27,"test",63,0.453056514263153,1
"Transformer",0.05,27,"test",64,0.541370511054993,1
"Transformer",0.05,27,"test",65,0.544764637947083,1
"Transformer",0.05,27,"test",66,0.450057595968246,1
"Transformer",0.05,27,"test",67,0.448979198932648,1
"Transformer",0.05,27,"test",68,0.406838834285736,0
"Transformer",0.05,27,"test",69,0.35698589682579,0
"Transformer",0.05,27,"test",70,0.628579437732697,0
"Transformer",0.05,27,"test",71,0.601619958877563,1
"Transformer",0.05,27,"test",72,0.517902135848999,1
"Transformer",0.05,27,"test",73,0.469094693660736,0
"Transformer",0.05,27,"test",74,0.544311285018921,0
"Transformer",0.05,27,"test",75,0.562819063663483,0
"Transformer",0.05,27,"test",76,0.525570809841156,0
"Transformer",0.05,27,"test",77,0.557409286499023,0
"Transformer",0.05,27,"test",78,0.515165269374847,1
"Transformer",0.05,27,"test",79,0.536719918251038,0
"Transformer",0.05,27,"test",80,0.590416252613068,0
"Transformer",0.05,27,"test",81,0.604009091854095,1
"Transformer",0.05,27,"test",82,0.626266837120056,1
"Transformer",0.05,27,"test",83,0.574006855487823,1
"Transformer",0.05,27,"test",84,0.441537588834763,1
"Transformer",0.05,27,"test",85,0.440005451440811,0
"Transformer",0.05,27,"test",86,0.475343346595764,0
"Transformer",0.05,27,"test",87,0.467125594615936,0
"Transformer",0.05,27,"test",88,0.453056514263153,0
"Transformer",0.05,27,"test",89,0.479070991277695,0
"Transformer",0.05,27,"test",90,0.544764637947083,0
"Transformer",0.05,27,"test",91,0.524419605731964,1
"Transformer",0.05,27,"test",92,0.448979198932648,0
"Transformer",0.05,27,"test",93,0.451642543077469,0
"Transformer",0.05,27,"test",94,0.35698589682579,0
"Transformer",0.05,27,"test",95,0.386334240436554,0
"Transformer",0.05,27,"test",96,0.601619958877563,0
"Transformer",0.05,27,"test",97,0.545222818851471,1
"Transformer",0.05,27,"test",98,0.469094693660736,1
"Transformer",0.05,27,"test",99,0.514418721199036,1
"Transformer",0.05,27,"test",100,0.562819063663483,1
"Transformer",0.05,27,"test",101,0.548171818256378,1
"Transformer",0.05,27,"test",102,0.557409286499023,0
"Transformer",0.05,27,"test",103,0.53484183549881,0
"Transformer",0.05,27,"test",104,0.536719918251038,0
"Transformer",0.05,27,"test",105,0.550521731376648,0
"Transformer",0.05,27,"test",106,0.604009091854095,0
"Transformer",0.05,27,"test",107,0.576285421848297,0
"Transformer",0.05,27,"test",108,0.574006855487823,0
"Transformer",0.05,27,"test",109,0.58215743303299,0
"Transformer",0.05,27,"test",110,0.440005451440811,1
"Transformer",0.05,27,"test",111,0.439208835363388,1
"Transformer",0.05,27,"test",112,0.467125594615936,1
"Transformer",0.05,27,"test",113,0.468158036470413,0
"Transformer",0.05,27,"test",114,0.479070991277695,1
"Transformer",0.05,27,"test",115,0.471505135297775,1
"Transformer",0.05,27,"test",116,0.524419605731964,1
"Transformer",0.05,27,"test",117,0.516464233398438,1
"Transformer",0.05,27,"test",118,0.451642543077469,1
"Transformer",0.05,27,"test",119,0.461039066314697,0
"Transformer",0.05,27,"test",120,0.386334240436554,0
"Transformer",0.05,27,"test",121,0.377339363098145,0
"Transformer",0.05,27,"test",122,0.545222818851471,1
"Transformer",0.05,27,"test",123,0.536494731903076,1
"Transformer",0.05,27,"test",124,0.514418721199036,1
"Transformer",0.05,27,"test",125,0.468749940395355,0
"Transformer",0.05,27,"test",126,0.548171818256378,0
"Transformer",0.05,27,"test",127,0.551687836647034,0
"Transformer",0.05,27,"test",128,0.53484183549881,1
"Transformer",0.05,27,"test",129,0.495388567447662,1
"Transformer",0.05,27,"test",130,0.550521731376648,1
"Transformer",0.05,27,"test",131,0.536261558532715,1
"Transformer",0.05,27,"test",132,0.576285421848297,0
"Transformer",0.05,27,"test",133,0.660659790039062,0
"Transformer",0.05,27,"test",134,0.58215743303299,0
"Transformer",0.05,27,"test",135,0.565874576568604,0
"Transformer",0.05,27,"test",136,0.439208835363388,0
"Transformer",0.05,27,"test",137,0.434747487306595,1
"Transformer",0.05,27,"test",138,0.468158036470413,1
"Transformer",0.05,27,"test",139,0.472563683986664,1
"Transformer",0.05,27,"test",140,0.471505135297775,1
"Transformer",0.05,27,"test",141,0.472688108682632,1
"Transformer",0.05,27,"test",142,0.516464233398438,1
"Transformer",0.05,27,"test",143,0.465660274028778,1
"Transformer",0.05,27,"test",144,0.461039066314697,1
"Transformer",0.05,27,"test",145,0.468869477510452,1
"Transformer",0.05,27,"test",146,0.377339363098145,1
"Transformer",0.05,27,"test",147,0.408316731452942,1
"Transformer",0.05,27,"test",148,0.536494731903076,1
"Transformer",0.05,27,"test",149,0.648447513580322,1
"Transformer",0.05,27,"test",150,0.468749940395355,1
"Transformer",0.05,27,"test",151,0.484904319047928,1
"Transformer",0.05,27,"test",152,0.551687836647034,0
"Transformer",0.05,27,"test",153,0.616800248622894,0
"Transformer",0.05,27,"test",154,0.495388567447662,1
"Transformer",0.05,27,"test",155,0.404921323060989,1
"Transformer",0.05,27,"test",156,0.536261558532715,1
"Transformer",0.05,27,"test",157,0.542778193950653,0
"Transformer",0.05,27,"test",158,0.660659790039062,0
"Transformer",0.05,27,"test",159,0.612664103507996,0
"Transformer",0.05,27,"test",160,0.565874576568604,0
"Transformer",0.05,27,"test",161,0.561880469322205,0
"Transformer",0.05,27,"test",162,0.434747487306595,0
"Transformer",0.05,27,"test",163,0.421907395124435,0
"Transformer",0.05,27,"test",164,0.472563683986664,0
"Transformer",0.05,27,"test",165,0.440275877714157,1
"Transformer",0.05,27,"test",166,0.472688108682632,1
"Transformer",0.05,27,"test",167,0.467402905225754,0
"Transformer",0.05,27,"test",168,0.465660274028778,1
"Transformer",0.05,27,"test",169,0.499516069889069,1
"Transformer",0.05,27,"test",170,0.468869477510452,1
"Transformer",0.05,27,"test",171,0.466728121042252,0
"Transformer",0.05,27,"test",172,0.408316731452942,0
"Transformer",0.05,27,"test",173,0.367981672286987,1
"Transformer",0.05,27,"test",174,0.648447513580322,1
"Transformer",0.05,27,"test",175,0.602955758571625,1
"Transformer",0.05,27,"test",176,0.484904319047928,1
"Transformer",0.05,27,"test",177,0.481057405471802,0
"Transformer",0.05,27,"test",178,0.616800248622894,0
"Transformer",0.05,27,"test",179,0.554265260696411,0
"Transformer",0.05,27,"test",180,0.404921323060989,0
"Transformer",0.05,27,"test",181,0.611358642578125,0
"Transformer",0.05,27,"test",182,0.542778193950653,0
"Transformer",0.05,27,"test",183,0.545738518238068,0
"Transformer",0.05,27,"test",184,0.612664103507996,0
"Transformer",0.05,27,"test",185,0.596955478191376,0
"Transformer",0.05,27,"test",186,0.561880469322205,1
"Transformer",0.05,27,"test",187,0.551960945129395,0
"Transformer",0.05,27,"test",188,0.421907395124435,0
"Transformer",0.05,27,"test",189,0.424760103225708,0
"Transformer",0.05,27,"test",190,0.440275877714157,0
"Transformer",0.05,27,"test",191,0.458177030086517,0
"Transformer",0.05,27,"test",192,0.467402905225754,0
"Transformer",0.05,27,"test",193,0.437317371368408,0
"Transformer",0.05,27,"test",194,0.499516069889069,0
"Transformer",0.05,27,"test",195,0.460093557834625,0
"Transformer",0.05,27,"test",196,0.466728121042252,0
"Transformer",0.05,27,"test",197,0.444336742162704,1
"Transformer",0.05,27,"test",198,0.367981672286987,1
"Transformer",0.05,27,"test",199,0.373877704143524,1
"Transformer",0.05,27,"test",200,0.602955758571625,0
"Transformer",0.05,27,"test",201,0.585909903049469,0
"Transformer",0.05,27,"test",202,0.481057405471802,1
"Transformer",0.05,27,"test",203,0.564079642295837,0
"Transformer",0.05,27,"test",204,0.554265260696411,0
"Transformer",0.05,27,"test",205,0.535950601100922,0
"Transformer",0.05,27,"test",206,0.611358642578125,1
"Transformer",0.05,27,"test",207,0.614063739776611,0
"Transformer",0.05,27,"test",208,0.545738518238068,0
"Transformer",0.05,27,"test",209,0.519952416419983,0
"Transformer",0.05,27,"test",210,0.596955478191376,0
"Transformer",0.05,27,"test",211,0.597347557544708,0
"Transformer",0.05,27,"test",212,0.551960945129395,1
"Transformer",0.05,27,"test",213,0.594077587127686,0
"Transformer",0.05,27,"test",214,0.424760103225708,1
"Transformer",0.05,27,"test",215,0.454508692026138,1
"Transformer",0.05,27,"test",216,0.458177030086517,1
"Transformer",0.05,27,"test",217,0.42133703827858,0
"Transformer",0.05,27,"test",218,0.437317371368408,0
"Transformer",0.05,27,"test",219,0.427209109067917,1
"Transformer",0.05,27,"test",220,0.460093557834625,1
"Transformer",0.05,27,"test",221,0.49091625213623,0
"Transformer",0.05,27,"test",222,0.444336742162704,1
"Transformer",0.05,27,"test",223,0.466458886861801,1
"Transformer",0.05,27,"test",224,0.373877704143524,1
"Transformer",0.05,27,"test",225,0.385905832052231,0
"Transformer",0.05,27,"test",226,0.585909903049469,0
"Transformer",0.05,27,"test",227,0.663005769252777,0
"Transformer",0.05,27,"test",228,0.564079642295837,1
"Transformer",0.05,27,"test",229,0.491068005561829,1
"Transformer",0.05,27,"test",230,0.535950601100922,0
"Transformer",0.05,27,"test",231,0.476018041372299,1
"Transformer",0.05,27,"test",232,0.614063739776611,1
"Transformer",0.05,27,"test",233,0.562098145484924,1
"Transformer",0.05,27,"test",234,0.519952416419983,1
"Transformer",0.05,27,"test",235,0.522166192531586,1
"Transformer",0.05,27,"test",236,0.597347557544708,1
"Transformer",0.05,27,"test",237,0.61348032951355,0
"Transformer",0.05,27,"test",238,0.594077587127686,0
"Transformer",0.05,27,"test",239,0.565527558326721,0
"Transformer",0.05,27,"test",240,0.454508692026138,0
"Transformer",0.05,27,"test",241,0.47837421298027,0
"Transformer",0.05,27,"test",242,0.42133703827858,0
"Transformer",0.05,27,"test",243,0.459518194198608,0
"Transformer",0.05,27,"test",244,0.427209109067917,1
"Transformer",0.05,27,"test",245,0.451671987771988,1
"Transformer",0.05,27,"test",246,0.49091625213623,1
"Transformer",0.05,27,"test",247,0.438122808933258,1
"Transformer",0.05,27,"test",248,0.466458886861801,1
"Transformer",0.05,27,"test",249,0.455836743116379,1
"Transformer",0.05,27,"test",250,0.385905832052231,1
"Transformer",0.05,27,"test",251,0.450043022632599,1
"Transformer",0.05,27,"test",252,0.663005769252777,0
"Transformer",0.05,27,"test",253,0.682418763637543,0
"Transformer",0.05,27,"test",254,0.491068005561829,0
"Transformer",0.05,27,"test",255,0.444548070430756,1
"Transformer",0.05,27,"test",256,0.476018041372299,1
"Transformer",0.05,27,"test",257,0.572402536869049,1
"Transformer",0.05,27,"test",258,0.562098145484924,1
"Transformer",0.05,27,"test",259,0.566229522228241,1
"Transformer",0.05,27,"test",260,0.522166192531586,1
"Transformer",0.05,27,"test",261,0.513995170593262,1
"Transformer",0.05,27,"test",262,0.61348032951355,0
"Transformer",0.05,27,"test",263,0.653440892696381,0
"Transformer",0.05,27,"test",264,0.565527558326721,1
"Transformer",0.05,27,"test",265,0.576803982257843,1
"Transformer",0.05,27,"test",266,0.47837421298027,1
"Transformer",0.05,27,"test",267,0.455614060163498,1
"Transformer",0.05,27,"test",268,0.459518194198608,1
"Transformer",0.05,27,"test",269,0.471203446388245,1
"Transformer",0.05,27,"test",270,0.451671987771988,1
"Transformer",0.05,27,"test",271,0.473714709281921,1
"Transformer",0.05,27,"test",272,0.438122808933258,1
"Transformer",0.05,27,"test",273,0.469683170318604,1
"Transformer",0.05,27,"test",274,0.455836743116379,1
"Transformer",0.05,27,"test",275,0.464593797922134,1
"Transformer",0.05,27,"test",276,0.450043022632599,1
"Transformer",0.05,27,"test",277,0.460265338420868,1
"Transformer",0.05,27,"test",278,0.682418763637543,0
"Transformer",0.05,27,"test",279,0.726747274398804,0
"Transformer",0.05,27,"test",280,0.444548070430756,0
"Transformer",0.05,27,"test",281,0.508144617080688,0
"Transformer",0.05,27,"test",282,0.572402536869049,0
"Transformer",0.05,27,"test",283,0.516802549362183,0
"Transformer",0.05,27,"test",284,0.566229522228241,0
"Transformer",0.05,27,"test",285,0.533909201622009,0
"Transformer",0.05,27,"test",286,0.513995170593262,0
"Transformer",0.05,27,"test",287,0.546881973743439,0
"Transformer",0.05,27,"test",288,0.653440892696381,0
"Transformer",0.05,27,"test",289,0.601142942905426,0
"Transformer",0.05,27,"test",290,0.576803982257843,0
"Transformer",0.05,27,"test",291,0.54177188873291,0
"Transformer",0.05,27,"test",292,0.455614060163498,1
"Transformer",0.05,27,"test",293,0.40678396821022,1
"Transformer",0.05,27,"test",294,0.471203446388245,1
"Transformer",0.05,27,"test",295,0.415503531694412,0
"Transformer",0.05,27,"test",296,0.473714709281921,0
"Transformer",0.05,27,"test",297,0.474915206432343,1
"Transformer",0.05,27,"test",298,0.469683170318604,0
"Transformer",0.05,27,"test",299,0.452875435352325,0
"Transformer",0.05,27,"test",300,0.464593797922134,1
"Transformer",0.05,27,"test",301,0.487834364175797,1
"Transformer",0.05,27,"test",302,0.460265338420868,1
"Transformer",0.05,27,"test",303,0.490293592214584,0
"Transformer",0.05,27,"test",304,0.726747274398804,1
"Transformer",0.05,27,"test",305,0.684037148952484,0
"Transformer",0.05,98,"test",1,0.421885371208191,0
"Transformer",0.05,98,"test",2,0.549175560474396,0
"Transformer",0.05,98,"test",3,0.559622645378113,1
"Transformer",0.05,98,"test",4,0.509954154491425,1
"Transformer",0.05,98,"test",5,0.521043181419373,1
"Transformer",0.05,98,"test",6,0.502606511116028,1
"Transformer",0.05,98,"test",7,0.481988459825516,1
"Transformer",0.05,98,"test",8,0.499947994947433,1
"Transformer",0.05,98,"test",9,0.458274573087692,1
"Transformer",0.05,98,"test",10,0.495668470859528,1
"Transformer",0.05,98,"test",11,0.500555753707886,1
"Transformer",0.05,98,"test",12,0.384698748588562,1
"Transformer",0.05,98,"test",13,0.42187574505806,1
"Transformer",0.05,98,"test",14,0.395185261964798,1
"Transformer",0.05,98,"test",15,0.381344199180603,1
"Transformer",0.05,98,"test",16,0.475671082735062,1
"Transformer",0.05,98,"test",17,0.492352426052094,0
"Transformer",0.05,98,"test",18,0.533603549003601,0
"Transformer",0.05,98,"test",19,0.540160596370697,0
"Transformer",0.05,98,"test",20,0.508070707321167,1
"Transformer",0.05,98,"test",21,0.513704299926758,1
"Transformer",0.05,98,"test",22,0.577286422252655,1
"Transformer",0.05,98,"test",23,0.577479898929596,0
"Transformer",0.05,98,"test",24,0.468802809715271,0
"Transformer",0.05,98,"test",25,0.480441302061081,0
"Transformer",0.05,98,"test",26,0.421885371208191,1
"Transformer",0.05,98,"test",27,0.544485449790955,1
"Transformer",0.05,98,"test",28,0.559622645378113,1
"Transformer",0.05,98,"test",29,0.561124086380005,0
"Transformer",0.05,98,"test",30,0.521043181419373,0
"Transformer",0.05,98,"test",31,0.537496209144592,0
"Transformer",0.05,98,"test",32,0.481988459825516,0
"Transformer",0.05,98,"test",33,0.460417121648788,0
"Transformer",0.05,98,"test",34,0.458274573087692,1
"Transformer",0.05,98,"test",35,0.482548981904984,1
"Transformer",0.05,98,"test",36,0.500555753707886,1
"Transformer",0.05,98,"test",37,0.514120697975159,1
"Transformer",0.05,98,"test",38,0.42187574505806,1
"Transformer",0.05,98,"test",39,0.405898422002792,1
"Transformer",0.05,98,"test",40,0.381344199180603,1
"Transformer",0.05,98,"test",41,0.393018454313278,1
"Transformer",0.05,98,"test",42,0.492352426052094,0
"Transformer",0.05,98,"test",43,0.470314681529999,0
"Transformer",0.05,98,"test",44,0.540160596370697,1
"Transformer",0.05,98,"test",45,0.533749759197235,1
"Transformer",0.05,98,"test",46,0.513704299926758,1
"Transformer",0.05,98,"test",47,0.533289968967438,0
"Transformer",0.05,98,"test",48,0.577479898929596,0
"Transformer",0.05,98,"test",49,0.534640312194824,0
"Transformer",0.05,98,"test",50,0.480441302061081,0
"Transformer",0.05,98,"test",51,0.456356078386307,1
"Transformer",0.05,98,"test",52,0.544485449790955,1
"Transformer",0.05,98,"test",53,0.516303718090057,1
"Transformer",0.05,98,"test",54,0.561124086380005,1
"Transformer",0.05,98,"test",55,0.53858357667923,0
"Transformer",0.05,98,"test",56,0.537496209144592,0
"Transformer",0.05,98,"test",57,0.564531862735748,0
"Transformer",0.05,98,"test",58,0.460417121648788,0
"Transformer",0.05,98,"test",59,0.463523715734482,1
"Transformer",0.05,98,"test",60,0.482548981904984,1
"Transformer",0.05,98,"test",61,0.4816754758358,1
"Transformer",0.05,98,"test",62,0.514120697975159,0
"Transformer",0.05,98,"test",63,0.492028832435608,1
"Transformer",0.05,98,"test",64,0.405898422002792,1
"Transformer",0.05,98,"test",65,0.398285180330276,1
"Transformer",0.05,98,"test",66,0.393018454313278,1
"Transformer",0.05,98,"test",67,0.400107860565186,1
"Transformer",0.05,98,"test",68,0.470314681529999,0
"Transformer",0.05,98,"test",69,0.452441066503525,0
"Transformer",0.05,98,"test",70,0.533749759197235,0
"Transformer",0.05,98,"test",71,0.478585481643677,1
"Transformer",0.05,98,"test",72,0.533289968967438,1
"Transformer",0.05,98,"test",73,0.546404361724854,0
"Transformer",0.05,98,"test",74,0.534640312194824,0
"Transformer",0.05,98,"test",75,0.554577827453613,0
"Transformer",0.05,98,"test",76,0.456356078386307,0
"Transformer",0.05,98,"test",77,0.461472243070602,0
"Transformer",0.05,98,"test",78,0.516303718090057,1
"Transformer",0.05,98,"test",79,0.524920046329498,0
"Transformer",0.05,98,"test",80,0.53858357667923,0
"Transformer",0.05,98,"test",81,0.546000421047211,1
"Transformer",0.05,98,"test",82,0.564531862735748,1
"Transformer",0.05,98,"test",83,0.542856872081757,1
"Transformer",0.05,98,"test",84,0.463523715734482,1
"Transformer",0.05,98,"test",85,0.460494577884674,0
"Transformer",0.05,98,"test",86,0.4816754758358,0
"Transformer",0.05,98,"test",87,0.452385604381561,0
"Transformer",0.05,98,"test",88,0.492028832435608,0
"Transformer",0.05,98,"test",89,0.498521238565445,0
"Transformer",0.05,98,"test",90,0.398285180330276,0
"Transformer",0.05,98,"test",91,0.430651515722275,1
"Transformer",0.05,98,"test",92,0.400107860565186,0
"Transformer",0.05,98,"test",93,0.402659147977829,0
"Transformer",0.05,98,"test",94,0.452441066503525,0
"Transformer",0.05,98,"test",95,0.471183776855469,0
"Transformer",0.05,98,"test",96,0.478585481643677,0
"Transformer",0.05,98,"test",97,0.473714649677277,1
"Transformer",0.05,98,"test",98,0.546404361724854,1
"Transformer",0.05,98,"test",99,0.530332803726196,1
"Transformer",0.05,98,"test",100,0.554577827453613,1
"Transformer",0.05,98,"test",101,0.552035927772522,1
"Transformer",0.05,98,"test",102,0.461472243070602,0
"Transformer",0.05,98,"test",103,0.436268419027328,0
"Transformer",0.05,98,"test",104,0.524920046329498,0
"Transformer",0.05,98,"test",105,0.545461356639862,0
"Transformer",0.05,98,"test",106,0.546000421047211,0
"Transformer",0.05,98,"test",107,0.523013591766357,0
"Transformer",0.05,98,"test",108,0.542856872081757,0
"Transformer",0.05,98,"test",109,0.548606097698212,0
"Transformer",0.05,98,"test",110,0.460494577884674,1
"Transformer",0.05,98,"test",111,0.474059253931046,1
"Transformer",0.05,98,"test",112,0.452385604381561,1
"Transformer",0.05,98,"test",113,0.467078506946564,0
"Transformer",0.05,98,"test",114,0.498521238565445,1
"Transformer",0.05,98,"test",115,0.484630465507507,1
"Transformer",0.05,98,"test",116,0.430651515722275,1
"Transformer",0.05,98,"test",117,0.411917746067047,1
"Transformer",0.05,98,"test",118,0.402659147977829,1
"Transformer",0.05,98,"test",119,0.400172263383865,0
"Transformer",0.05,98,"test",120,0.471183776855469,0
"Transformer",0.05,98,"test",121,0.497299075126648,0
"Transformer",0.05,98,"test",122,0.473714649677277,1
"Transformer",0.05,98,"test",123,0.467902988195419,1
"Transformer",0.05,98,"test",124,0.530332803726196,1
"Transformer",0.05,98,"test",125,0.557303965091705,0
"Transformer",0.05,98,"test",126,0.552035927772522,0
"Transformer",0.05,98,"test",127,0.526897430419922,0
"Transformer",0.05,98,"test",128,0.436268419027328,1
"Transformer",0.05,98,"test",129,0.433925777673721,1
"Transformer",0.05,98,"test",130,0.545461356639862,1
"Transformer",0.05,98,"test",131,0.581465661525726,1
"Transformer",0.05,98,"test",132,0.523013591766357,0
"Transformer",0.05,98,"test",133,0.555628657341003,0
"Transformer",0.05,98,"test",134,0.548606097698212,0
"Transformer",0.05,98,"test",135,0.539625287055969,0
"Transformer",0.05,98,"test",136,0.474059253931046,0
"Transformer",0.05,98,"test",137,0.466595083475113,1
"Transformer",0.05,98,"test",138,0.467078506946564,1
"Transformer",0.05,98,"test",139,0.482776403427124,1
"Transformer",0.05,98,"test",140,0.484630465507507,1
"Transformer",0.05,98,"test",141,0.483042448759079,1
"Transformer",0.05,98,"test",142,0.411917746067047,1
"Transformer",0.05,98,"test",143,0.43735483288765,1
"Transformer",0.05,98,"test",144,0.400172263383865,1
"Transformer",0.05,98,"test",145,0.409018516540527,1
"Transformer",0.05,98,"test",146,0.497299075126648,1
"Transformer",0.05,98,"test",147,0.50792407989502,1
"Transformer",0.05,98,"test",148,0.467902988195419,1
"Transformer",0.05,98,"test",149,0.561088681221008,1
"Transformer",0.05,98,"test",150,0.557303965091705,1
"Transformer",0.05,98,"test",151,0.532930910587311,1
"Transformer",0.05,98,"test",152,0.526897430419922,0
"Transformer",0.05,98,"test",153,0.52848094701767,0
"Transformer",0.05,98,"test",154,0.433925777673721,1
"Transformer",0.05,98,"test",155,0.41202649474144,1
"Transformer",0.05,98,"test",156,0.581465661525726,1
"Transformer",0.05,98,"test",157,0.539497673511505,0
"Transformer",0.05,98,"test",158,0.555628657341003,0
"Transformer",0.05,98,"test",159,0.557994604110718,0
"Transformer",0.05,98,"test",160,0.539625287055969,0
"Transformer",0.05,98,"test",161,0.536671876907349,0
"Transformer",0.05,98,"test",162,0.466595083475113,0
"Transformer",0.05,98,"test",163,0.470860809087753,0
"Transformer",0.05,98,"test",164,0.482776403427124,0
"Transformer",0.05,98,"test",165,0.466469973325729,1
"Transformer",0.05,98,"test",166,0.483042448759079,1
"Transformer",0.05,98,"test",167,0.490344673395157,0
"Transformer",0.05,98,"test",168,0.43735483288765,1
"Transformer",0.05,98,"test",169,0.437574416399002,1
"Transformer",0.05,98,"test",170,0.409018516540527,1
"Transformer",0.05,98,"test",171,0.403733670711517,0
"Transformer",0.05,98,"test",172,0.50792407989502,0
"Transformer",0.05,98,"test",173,0.503168940544128,1
"Transformer",0.05,98,"test",174,0.561088681221008,1
"Transformer",0.05,98,"test",175,0.513588845729828,1
"Transformer",0.05,98,"test",176,0.532930910587311,1
"Transformer",0.05,98,"test",177,0.514842629432678,0
"Transformer",0.05,98,"test",178,0.52848094701767,0
"Transformer",0.05,98,"test",179,0.522801756858826,0
"Transformer",0.05,98,"test",180,0.41202649474144,0
"Transformer",0.05,98,"test",181,0.453271120786667,0
"Transformer",0.05,98,"test",182,0.539497673511505,0
"Transformer",0.05,98,"test",183,0.520626604557037,0
"Transformer",0.05,98,"test",184,0.557994604110718,0
"Transformer",0.05,98,"test",185,0.529617190361023,0
"Transformer",0.05,98,"test",186,0.536671876907349,1
"Transformer",0.05,98,"test",187,0.529140889644623,0
"Transformer",0.05,98,"test",188,0.470860809087753,0
"Transformer",0.05,98,"test",189,0.463167726993561,0
"Transformer",0.05,98,"test",190,0.466469973325729,0
"Transformer",0.05,98,"test",191,0.480814784765244,0
"Transformer",0.05,98,"test",192,0.490344673395157,0
"Transformer",0.05,98,"test",193,0.478143602609634,0
"Transformer",0.05,98,"test",194,0.437574416399002,0
"Transformer",0.05,98,"test",195,0.425165712833405,0
"Transformer",0.05,98,"test",196,0.403733670711517,0
"Transformer",0.05,98,"test",197,0.382818341255188,1
"Transformer",0.05,98,"test",198,0.503168940544128,1
"Transformer",0.05,98,"test",199,0.498015642166138,1
"Transformer",0.05,98,"test",200,0.513588845729828,0
"Transformer",0.05,98,"test",201,0.507239401340485,0
"Transformer",0.05,98,"test",202,0.514842629432678,1
"Transformer",0.05,98,"test",203,0.551335275173187,0
"Transformer",0.05,98,"test",204,0.522801756858826,0
"Transformer",0.05,98,"test",205,0.551431238651276,0
"Transformer",0.05,98,"test",206,0.453271120786667,1
"Transformer",0.05,98,"test",207,0.435227513313293,0
"Transformer",0.05,98,"test",208,0.520626604557037,0
"Transformer",0.05,98,"test",209,0.523461997509003,0
"Transformer",0.05,98,"test",210,0.529617190361023,0
"Transformer",0.05,98,"test",211,0.530906438827515,0
"Transformer",0.05,98,"test",212,0.529140889644623,1
"Transformer",0.05,98,"test",213,0.55506831407547,0
"Transformer",0.05,98,"test",214,0.463167726993561,1
"Transformer",0.05,98,"test",215,0.463586390018463,1
"Transformer",0.05,98,"test",216,0.480814784765244,1
"Transformer",0.05,98,"test",217,0.457670420408249,0
"Transformer",0.05,98,"test",218,0.478143602609634,0
"Transformer",0.05,98,"test",219,0.479175865650177,1
"Transformer",0.05,98,"test",220,0.425165712833405,1
"Transformer",0.05,98,"test",221,0.436807096004486,0
"Transformer",0.05,98,"test",222,0.382818341255188,1
"Transformer",0.05,98,"test",223,0.407214283943176,1
"Transformer",0.05,98,"test",224,0.498015642166138,1
"Transformer",0.05,98,"test",225,0.48599961400032,0
"Transformer",0.05,98,"test",226,0.507239401340485,0
"Transformer",0.05,98,"test",227,0.50710529088974,0
"Transformer",0.05,98,"test",228,0.551335275173187,1
"Transformer",0.05,98,"test",229,0.512923538684845,1
"Transformer",0.05,98,"test",230,0.551431238651276,0
"Transformer",0.05,98,"test",231,0.540641665458679,1
"Transformer",0.05,98,"test",232,0.435227513313293,1
"Transformer",0.05,98,"test",233,0.490814566612244,1
"Transformer",0.05,98,"test",234,0.523461997509003,1
"Transformer",0.05,98,"test",235,0.520530879497528,1
"Transformer",0.05,98,"test",236,0.530906438827515,1
"Transformer",0.05,98,"test",237,0.534795701503754,0
"Transformer",0.05,98,"test",238,0.55506831407547,0
"Transformer",0.05,98,"test",239,0.539431393146515,0
"Transformer",0.05,98,"test",240,0.463586390018463,0
"Transformer",0.05,98,"test",241,0.46374174952507,0
"Transformer",0.05,98,"test",242,0.457670420408249,0
"Transformer",0.05,98,"test",243,0.444315791130066,0
"Transformer",0.05,98,"test",244,0.479175865650177,1
"Transformer",0.05,98,"test",245,0.498179495334625,1
"Transformer",0.05,98,"test",246,0.436807096004486,1
"Transformer",0.05,98,"test",247,0.455481886863708,1
"Transformer",0.05,98,"test",248,0.407214283943176,1
"Transformer",0.05,98,"test",249,0.414866000413895,1
"Transformer",0.05,98,"test",250,0.48599961400032,1
"Transformer",0.05,98,"test",251,0.513101637363434,1
"Transformer",0.05,98,"test",252,0.50710529088974,0
"Transformer",0.05,98,"test",253,0.533691763877869,0
"Transformer",0.05,98,"test",254,0.512923538684845,0
"Transformer",0.05,98,"test",255,0.536644279956818,1
"Transformer",0.05,98,"test",256,0.540641665458679,1
"Transformer",0.05,98,"test",257,0.536015868186951,1
"Transformer",0.05,98,"test",258,0.490814566612244,1
"Transformer",0.05,98,"test",259,0.462247997522354,1
"Transformer",0.05,98,"test",260,0.520530879497528,1
"Transformer",0.05,98,"test",261,0.532895803451538,1
"Transformer",0.05,98,"test",262,0.534795701503754,0
"Transformer",0.05,98,"test",263,0.503005146980286,0
"Transformer",0.05,98,"test",264,0.539431393146515,1
"Transformer",0.05,98,"test",265,0.545004367828369,1
"Transformer",0.05,98,"test",266,0.46374174952507,1
"Transformer",0.05,98,"test",267,0.432101130485535,1
"Transformer",0.05,98,"test",268,0.444315791130066,1
"Transformer",0.05,98,"test",269,0.457185357809067,1
"Transformer",0.05,98,"test",270,0.498179495334625,1
"Transformer",0.05,98,"test",271,0.489296913146973,1
"Transformer",0.05,98,"test",272,0.455481886863708,1
"Transformer",0.05,98,"test",273,0.41716057062149,1
"Transformer",0.05,98,"test",274,0.414866000413895,1
"Transformer",0.05,98,"test",275,0.40582937002182,1
"Transformer",0.05,98,"test",276,0.513101637363434,1
"Transformer",0.05,98,"test",277,0.534200847148895,1
"Transformer",0.05,98,"test",278,0.533691763877869,0
"Transformer",0.05,98,"test",279,0.621884644031525,0
"Transformer",0.05,98,"test",280,0.536644279956818,0
"Transformer",0.05,98,"test",281,0.544463276863098,0
"Transformer",0.05,98,"test",282,0.536015868186951,0
"Transformer",0.05,98,"test",283,0.560879945755005,0
"Transformer",0.05,98,"test",284,0.462247997522354,0
"Transformer",0.05,98,"test",285,0.484171599149704,0
"Transformer",0.05,98,"test",286,0.532895803451538,0
"Transformer",0.05,98,"test",287,0.550213694572449,0
"Transformer",0.05,98,"test",288,0.503005146980286,0
"Transformer",0.05,98,"test",289,0.537811815738678,0
"Transformer",0.05,98,"test",290,0.545004367828369,0
"Transformer",0.05,98,"test",291,0.517219245433807,0
"Transformer",0.05,98,"test",292,0.432101130485535,1
"Transformer",0.05,98,"test",293,0.491444557905197,1
"Transformer",0.05,98,"test",294,0.457185357809067,1
"Transformer",0.05,98,"test",295,0.444501787424088,0
"Transformer",0.05,98,"test",296,0.489296913146973,0
"Transformer",0.05,98,"test",297,0.49124601483345,1
"Transformer",0.05,98,"test",298,0.41716057062149,0
"Transformer",0.05,98,"test",299,0.434709668159485,0
"Transformer",0.05,98,"test",300,0.40582937002182,1
"Transformer",0.05,98,"test",301,0.440785735845566,1
"Transformer",0.05,98,"test",302,0.534200847148895,1
"Transformer",0.05,98,"test",303,0.532890558242798,0
"Transformer",0.05,98,"test",304,0.621884644031525,1
"Transformer",0.05,98,"test",305,0.573841691017151,0
"Transformer",0.05,41,"test",1,0.37960147857666,0
"Transformer",0.05,41,"test",2,0.512527644634247,0
"Transformer",0.05,41,"test",3,0.520696818828583,1
"Transformer",0.05,41,"test",4,0.517162919044495,1
"Transformer",0.05,41,"test",5,0.544605135917664,1
"Transformer",0.05,41,"test",6,0.483495801687241,1
"Transformer",0.05,41,"test",7,0.463423758745193,1
"Transformer",0.05,41,"test",8,0.52309113740921,1
"Transformer",0.05,41,"test",9,0.504975914955139,1
"Transformer",0.05,41,"test",10,0.495889663696289,1
"Transformer",0.05,41,"test",11,0.489169538021088,1
"Transformer",0.05,41,"test",12,0.449205666780472,1
"Transformer",0.05,41,"test",13,0.467572063207626,1
"Transformer",0.05,41,"test",14,0.394169449806213,1
"Transformer",0.05,41,"test",15,0.392009705305099,1
"Transformer",0.05,41,"test",16,0.395177245140076,1
"Transformer",0.05,41,"test",17,0.447836607694626,0
"Transformer",0.05,41,"test",18,0.567419171333313,0
"Transformer",0.05,41,"test",19,0.571481645107269,0
"Transformer",0.05,41,"test",20,0.517395555973053,1
"Transformer",0.05,41,"test",21,0.526958167552948,1
"Transformer",0.05,41,"test",22,0.484121292829514,1
"Transformer",0.05,41,"test",23,0.450574070215225,0
"Transformer",0.05,41,"test",24,0.453488916158676,0
"Transformer",0.05,41,"test",25,0.492030173540115,0
"Transformer",0.05,41,"test",26,0.37960147857666,1
"Transformer",0.05,41,"test",27,0.498548686504364,1
"Transformer",0.05,41,"test",28,0.520696818828583,1
"Transformer",0.05,41,"test",29,0.524372577667236,0
"Transformer",0.05,41,"test",30,0.544605135917664,0
"Transformer",0.05,41,"test",31,0.560148179531097,0
"Transformer",0.05,41,"test",32,0.463423758745193,0
"Transformer",0.05,41,"test",33,0.43059304356575,0
"Transformer",0.05,41,"test",34,0.504975914955139,1
"Transformer",0.05,41,"test",35,0.492073982954025,1
"Transformer",0.05,41,"test",36,0.489169538021088,1
"Transformer",0.05,41,"test",37,0.478465884923935,1
"Transformer",0.05,41,"test",38,0.467572063207626,1
"Transformer",0.05,41,"test",39,0.459301859140396,1
"Transformer",0.05,41,"test",40,0.392009705305099,1
"Transformer",0.05,41,"test",41,0.392444521188736,1
"Transformer",0.05,41,"test",42,0.447836607694626,0
"Transformer",0.05,41,"test",43,0.452253997325897,0
"Transformer",0.05,41,"test",44,0.571481645107269,1
"Transformer",0.05,41,"test",45,0.56821346282959,1
"Transformer",0.05,41,"test",46,0.526958167552948,1
"Transformer",0.05,41,"test",47,0.515116155147552,0
"Transformer",0.05,41,"test",48,0.450574070215225,0
"Transformer",0.05,41,"test",49,0.484669119119644,0
"Transformer",0.05,41,"test",50,0.492030173540115,0
"Transformer",0.05,41,"test",51,0.433153480291367,1
"Transformer",0.05,41,"test",52,0.498548686504364,1
"Transformer",0.05,41,"test",53,0.468779325485229,1
"Transformer",0.05,41,"test",54,0.524372577667236,1
"Transformer",0.05,41,"test",55,0.508113145828247,0
"Transformer",0.05,41,"test",56,0.560148179531097,0
"Transformer",0.05,41,"test",57,0.560693502426147,0
"Transformer",0.05,41,"test",58,0.43059304356575,0
"Transformer",0.05,41,"test",59,0.422207832336426,1
"Transformer",0.05,41,"test",60,0.492073982954025,1
"Transformer",0.05,41,"test",61,0.502216875553131,1
"Transformer",0.05,41,"test",62,0.478465884923935,0
"Transformer",0.05,41,"test",63,0.495632708072662,1
"Transformer",0.05,41,"test",64,0.459301859140396,1
"Transformer",0.05,41,"test",65,0.460342794656754,1
"Transformer",0.05,41,"test",66,0.392444521188736,1
"Transformer",0.05,41,"test",67,0.397581815719604,1
"Transformer",0.05,41,"test",68,0.452253997325897,0
"Transformer",0.05,41,"test",69,0.425907105207443,0
"Transformer",0.05,41,"test",70,0.56821346282959,0
"Transformer",0.05,41,"test",71,0.530279994010925,1
"Transformer",0.05,41,"test",72,0.515116155147552,1
"Transformer",0.05,41,"test",73,0.496285676956177,0
"Transformer",0.05,41,"test",74,0.484669119119644,0
"Transformer",0.05,41,"test",75,0.494665652513504,0
"Transformer",0.05,41,"test",76,0.433153480291367,0
"Transformer",0.05,41,"test",77,0.450443089008331,0
"Transformer",0.05,41,"test",78,0.468779325485229,1
"Transformer",0.05,41,"test",79,0.473140954971313,0
"Transformer",0.05,41,"test",80,0.508113145828247,0
"Transformer",0.05,41,"test",81,0.514980673789978,1
"Transformer",0.05,41,"test",82,0.560693502426147,1
"Transformer",0.05,41,"test",83,0.565201997756958,1
"Transformer",0.05,41,"test",84,0.422207832336426,1
"Transformer",0.05,41,"test",85,0.429571330547333,0
"Transformer",0.05,41,"test",86,0.502216875553131,0
"Transformer",0.05,41,"test",87,0.500895619392395,0
"Transformer",0.05,41,"test",88,0.495632708072662,0
"Transformer",0.05,41,"test",89,0.486053973436356,0
"Transformer",0.05,41,"test",90,0.460342794656754,0
"Transformer",0.05,41,"test",91,0.470094114542007,1
"Transformer",0.05,41,"test",92,0.397581815719604,0
"Transformer",0.05,41,"test",93,0.398345828056335,0
"Transformer",0.05,41,"test",94,0.425907105207443,0
"Transformer",0.05,41,"test",95,0.440710663795471,0
"Transformer",0.05,41,"test",96,0.530279994010925,0
"Transformer",0.05,41,"test",97,0.528890013694763,1
"Transformer",0.05,41,"test",98,0.496285676956177,1
"Transformer",0.05,41,"test",99,0.513277411460876,1
"Transformer",0.05,41,"test",100,0.494665652513504,1
"Transformer",0.05,41,"test",101,0.487443685531616,1
"Transformer",0.05,41,"test",102,0.450443089008331,0
"Transformer",0.05,41,"test",103,0.402913123369217,0
"Transformer",0.05,41,"test",104,0.473140954971313,0
"Transformer",0.05,41,"test",105,0.496953248977661,0
"Transformer",0.05,41,"test",106,0.514980673789978,0
"Transformer",0.05,41,"test",107,0.497451305389404,0
"Transformer",0.05,41,"test",108,0.565201997756958,0
"Transformer",0.05,41,"test",109,0.569461226463318,0
"Transformer",0.05,41,"test",110,0.429571330547333,1
"Transformer",0.05,41,"test",111,0.409018099308014,1
"Transformer",0.05,41,"test",112,0.500895619392395,1
"Transformer",0.05,41,"test",113,0.509786546230316,0
"Transformer",0.05,41,"test",114,0.486053973436356,1
"Transformer",0.05,41,"test",115,0.504828810691833,1
"Transformer",0.05,41,"test",116,0.470094114542007,1
"Transformer",0.05,41,"test",117,0.470307856798172,1
"Transformer",0.05,41,"test",118,0.398345828056335,1
"Transformer",0.05,41,"test",119,0.391675025224686,0
"Transformer",0.05,41,"test",120,0.440710663795471,0
"Transformer",0.05,41,"test",121,0.431829482316971,0
"Transformer",0.05,41,"test",122,0.528890013694763,1
"Transformer",0.05,41,"test",123,0.52415919303894,1
"Transformer",0.05,41,"test",124,0.513277411460876,1
"Transformer",0.05,41,"test",125,0.49897176027298,0
"Transformer",0.05,41,"test",126,0.487443685531616,0
"Transformer",0.05,41,"test",127,0.48619470000267,0
"Transformer",0.05,41,"test",128,0.402913123369217,1
"Transformer",0.05,41,"test",129,0.389075756072998,1
"Transformer",0.05,41,"test",130,0.496953248977661,1
"Transformer",0.05,41,"test",131,0.539644002914429,1
"Transformer",0.05,41,"test",132,0.497451305389404,0
"Transformer",0.05,41,"test",133,0.523691117763519,0
"Transformer",0.05,41,"test",134,0.569461226463318,0
"Transformer",0.05,41,"test",135,0.563014566898346,0
"Transformer",0.05,41,"test",136,0.409018099308014,0
"Transformer",0.05,41,"test",137,0.432801932096481,1
"Transformer",0.05,41,"test",138,0.509786546230316,1
"Transformer",0.05,41,"test",139,0.515513896942139,1
"Transformer",0.05,41,"test",140,0.504828810691833,1
"Transformer",0.05,41,"test",141,0.503449141979218,1
"Transformer",0.05,41,"test",142,0.470307856798172,1
"Transformer",0.05,41,"test",143,0.466903984546661,1
"Transformer",0.05,41,"test",144,0.391675025224686,1
"Transformer",0.05,41,"test",145,0.393981784582138,1
"Transformer",0.05,41,"test",146,0.431829482316971,1
"Transformer",0.05,41,"test",147,0.44502180814743,1
"Transformer",0.05,41,"test",148,0.52415919303894,1
"Transformer",0.05,41,"test",149,0.576915562152863,1
"Transformer",0.05,41,"test",150,0.49897176027298,1
"Transformer",0.05,41,"test",151,0.502343416213989,1
"Transformer",0.05,41,"test",152,0.48619470000267,0
"Transformer",0.05,41,"test",153,0.518386483192444,0
"Transformer",0.05,41,"test",154,0.389075756072998,1
"Transformer",0.05,41,"test",155,0.323438704013824,1
"Transformer",0.05,41,"test",156,0.539644002914429,1
"Transformer",0.05,41,"test",157,0.491194248199463,0
"Transformer",0.05,41,"test",158,0.523691117763519,0
"Transformer",0.05,41,"test",159,0.526106178760529,0
"Transformer",0.05,41,"test",160,0.563014566898346,0
"Transformer",0.05,41,"test",161,0.559438109397888,0
"Transformer",0.05,41,"test",162,0.432801932096481,0
"Transformer",0.05,41,"test",163,0.475745469331741,0
"Transformer",0.05,41,"test",164,0.515513896942139,0
"Transformer",0.05,41,"test",165,0.511557757854462,1
"Transformer",0.05,41,"test",166,0.503449141979218,1
"Transformer",0.05,41,"test",167,0.501935601234436,0
"Transformer",0.05,41,"test",168,0.466903984546661,1
"Transformer",0.05,41,"test",169,0.472159594297409,1
"Transformer",0.05,41,"test",170,0.393981784582138,1
"Transformer",0.05,41,"test",171,0.391331136226654,0
"Transformer",0.05,41,"test",172,0.44502180814743,0
"Transformer",0.05,41,"test",173,0.423616081476212,1
"Transformer",0.05,41,"test",174,0.576915562152863,1
"Transformer",0.05,41,"test",175,0.558088541030884,1
"Transformer",0.05,41,"test",176,0.502343416213989,1
"Transformer",0.05,41,"test",177,0.495400905609131,0
"Transformer",0.05,41,"test",178,0.518386483192444,0
"Transformer",0.05,41,"test",179,0.482742309570312,0
"Transformer",0.05,41,"test",180,0.323438704013824,0
"Transformer",0.05,41,"test",181,0.432251185178757,0
"Transformer",0.05,41,"test",182,0.491194248199463,0
"Transformer",0.05,41,"test",183,0.466539233922958,0
"Transformer",0.05,41,"test",184,0.526106178760529,0
"Transformer",0.05,41,"test",185,0.50521320104599,0
"Transformer",0.05,41,"test",186,0.559438109397888,1
"Transformer",0.05,41,"test",187,0.546723365783691,0
"Transformer",0.05,41,"test",188,0.475745469331741,0
"Transformer",0.05,41,"test",189,0.475454777479172,0
"Transformer",0.05,41,"test",190,0.511557757854462,0
"Transformer",0.05,41,"test",191,0.480324745178223,0
"Transformer",0.05,41,"test",192,0.501935601234436,0
"Transformer",0.05,41,"test",193,0.487328082323074,0
"Transformer",0.05,41,"test",194,0.472159594297409,0
"Transformer",0.05,41,"test",195,0.450465708971024,0
"Transformer",0.05,41,"test",196,0.391331136226654,0
"Transformer",0.05,41,"test",197,0.387740135192871,1
"Transformer",0.05,41,"test",198,0.423616081476212,1
"Transformer",0.05,41,"test",199,0.429772555828094,1
"Transformer",0.05,41,"test",200,0.558088541030884,0
"Transformer",0.05,41,"test",201,0.554388821125031,0
"Transformer",0.05,41,"test",202,0.495400905609131,1
"Transformer",0.05,41,"test",203,0.528227984905243,0
"Transformer",0.05,41,"test",204,0.482742309570312,0
"Transformer",0.05,41,"test",205,0.481628686189651,0
"Transformer",0.05,41,"test",206,0.432251185178757,1
"Transformer",0.05,41,"test",207,0.385305434465408,0
"Transformer",0.05,41,"test",208,0.466539233922958,0
"Transformer",0.05,41,"test",209,0.476016670465469,0
"Transformer",0.05,41,"test",210,0.50521320104599,0
"Transformer",0.05,41,"test",211,0.505885303020477,0
"Transformer",0.05,41,"test",212,0.546723365783691,1
"Transformer",0.05,41,"test",213,0.570479810237885,0
"Transformer",0.05,41,"test",214,0.475454777479172,1
"Transformer",0.05,41,"test",215,0.40886515378952,1
"Transformer",0.05,41,"test",216,0.480324745178223,1
"Transformer",0.05,41,"test",217,0.464034825563431,0
"Transformer",0.05,41,"test",218,0.487328082323074,0
"Transformer",0.05,41,"test",219,0.483240187168121,1
"Transformer",0.05,41,"test",220,0.450465708971024,1
"Transformer",0.05,41,"test",221,0.472705006599426,0
"Transformer",0.05,41,"test",222,0.387740135192871,1
"Transformer",0.05,41,"test",223,0.394010931253433,1
"Transformer",0.05,41,"test",224,0.429772555828094,1
"Transformer",0.05,41,"test",225,0.440403252840042,0
"Transformer",0.05,41,"test",226,0.554388821125031,0
"Transformer",0.05,41,"test",227,0.552559435367584,0
"Transformer",0.05,41,"test",228,0.528227984905243,1
"Transformer",0.05,41,"test",229,0.498937964439392,1
"Transformer",0.05,41,"test",230,0.481628686189651,0
"Transformer",0.05,41,"test",231,0.444503396749496,1
"Transformer",0.05,41,"test",232,0.385305434465408,1
"Transformer",0.05,41,"test",233,0.4979088306427,1
"Transformer",0.05,41,"test",234,0.476016670465469,1
"Transformer",0.05,41,"test",235,0.471084713935852,1
"Transformer",0.05,41,"test",236,0.505885303020477,1
"Transformer",0.05,41,"test",237,0.509433031082153,0
"Transformer",0.05,41,"test",238,0.570479810237885,0
"Transformer",0.05,41,"test",239,0.56287145614624,0
"Transformer",0.05,41,"test",240,0.40886515378952,0
"Transformer",0.05,41,"test",241,0.399709910154343,0
"Transformer",0.05,41,"test",242,0.464034825563431,0
"Transformer",0.05,41,"test",243,0.488322257995605,0
"Transformer",0.05,41,"test",244,0.483240187168121,1
"Transformer",0.05,41,"test",245,0.480204492807388,1
"Transformer",0.05,41,"test",246,0.472705006599426,1
"Transformer",0.05,41,"test",247,0.42691108584404,1
"Transformer",0.05,41,"test",248,0.394010931253433,1
"Transformer",0.05,41,"test",249,0.402801930904388,1
"Transformer",0.05,41,"test",250,0.440403252840042,1
"Transformer",0.05,41,"test",251,0.473435640335083,1
"Transformer",0.05,41,"test",252,0.552559435367584,0
"Transformer",0.05,41,"test",253,0.568711221218109,0
"Transformer",0.05,41,"test",254,0.498937964439392,0
"Transformer",0.05,41,"test",255,0.477712720632553,1
"Transformer",0.05,41,"test",256,0.444503396749496,1
"Transformer",0.05,41,"test",257,0.498861134052277,1
"Transformer",0.05,41,"test",258,0.4979088306427,1
"Transformer",0.05,41,"test",259,0.452932417392731,1
"Transformer",0.05,41,"test",260,0.471084713935852,1
"Transformer",0.05,41,"test",261,0.487034380435944,1
"Transformer",0.05,41,"test",262,0.509433031082153,0
"Transformer",0.05,41,"test",263,0.470539212226868,0
"Transformer",0.05,41,"test",264,0.56287145614624,1
"Transformer",0.05,41,"test",265,0.566820800304413,1
"Transformer",0.05,41,"test",266,0.399709910154343,1
"Transformer",0.05,41,"test",267,0.4428950548172,1
"Transformer",0.05,41,"test",268,0.488322257995605,1
"Transformer",0.05,41,"test",269,0.500034034252167,1
"Transformer",0.05,41,"test",270,0.480204492807388,1
"Transformer",0.05,41,"test",271,0.502111673355103,1
"Transformer",0.05,41,"test",272,0.42691108584404,1
"Transformer",0.05,41,"test",273,0.456703156232834,1
"Transformer",0.05,41,"test",274,0.402801930904388,1
"Transformer",0.05,41,"test",275,0.394171059131622,1
"Transformer",0.05,41,"test",276,0.473435640335083,1
"Transformer",0.05,41,"test",277,0.463301420211792,1
"Transformer",0.05,41,"test",278,0.568711221218109,0
"Transformer",0.05,41,"test",279,0.562750935554504,0
"Transformer",0.05,41,"test",280,0.477712720632553,0
"Transformer",0.05,41,"test",281,0.514749825000763,0
"Transformer",0.05,41,"test",282,0.498861134052277,0
"Transformer",0.05,41,"test",283,0.469972372055054,0
"Transformer",0.05,41,"test",284,0.452932417392731,0
"Transformer",0.05,41,"test",285,0.474451959133148,0
"Transformer",0.05,41,"test",286,0.487034380435944,0
"Transformer",0.05,41,"test",287,0.502899527549744,0
"Transformer",0.05,41,"test",288,0.470539212226868,0
"Transformer",0.05,41,"test",289,0.50979608297348,0
"Transformer",0.05,41,"test",290,0.566820800304413,0
"Transformer",0.05,41,"test",291,0.540502071380615,0
"Transformer",0.05,41,"test",292,0.4428950548172,1
"Transformer",0.05,41,"test",293,0.516502320766449,1
"Transformer",0.05,41,"test",294,0.500034034252167,1
"Transformer",0.05,41,"test",295,0.491016656160355,0
"Transformer",0.05,41,"test",296,0.502111673355103,0
"Transformer",0.05,41,"test",297,0.503231525421143,1
"Transformer",0.05,41,"test",298,0.456703156232834,0
"Transformer",0.05,41,"test",299,0.451495707035065,0
"Transformer",0.05,41,"test",300,0.394171059131622,1
"Transformer",0.05,41,"test",301,0.404289931058884,1
"Transformer",0.05,41,"test",302,0.463301420211792,1
"Transformer",0.05,41,"test",303,0.49335840344429,0
"Transformer",0.05,41,"test",304,0.562750935554504,1
"Transformer",0.05,41,"test",305,0.579642653465271,0
"Transformer",0.05,64,"test",1,0.442630380392075,0
"Transformer",0.05,64,"test",2,0.493169724941254,0
"Transformer",0.05,64,"test",3,0.499283522367477,1
"Transformer",0.05,64,"test",4,0.531784355640411,1
"Transformer",0.05,64,"test",5,0.529449284076691,1
"Transformer",0.05,64,"test",6,0.486687690019608,1
"Transformer",0.05,64,"test",7,0.471289664506912,1
"Transformer",0.05,64,"test",8,0.503124833106995,1
"Transformer",0.05,64,"test",9,0.476700156927109,1
"Transformer",0.05,64,"test",10,0.46660965681076,1
"Transformer",0.05,64,"test",11,0.473941922187805,1
"Transformer",0.05,64,"test",12,0.431535303592682,1
"Transformer",0.05,64,"test",13,0.47320744395256,1
"Transformer",0.05,64,"test",14,0.388526827096939,1
"Transformer",0.05,64,"test",15,0.3672816157341,1
"Transformer",0.05,64,"test",16,0.478727370500565,1
"Transformer",0.05,64,"test",17,0.493484497070312,0
"Transformer",0.05,64,"test",18,0.560866594314575,0
"Transformer",0.05,64,"test",19,0.573486268520355,0
"Transformer",0.05,64,"test",20,0.523266017436981,1
"Transformer",0.05,64,"test",21,0.533909559249878,1
"Transformer",0.05,64,"test",22,0.494287729263306,1
"Transformer",0.05,64,"test",23,0.455356180667877,0
"Transformer",0.05,64,"test",24,0.492446899414062,0
"Transformer",0.05,64,"test",25,0.530676007270813,0
"Transformer",0.05,64,"test",26,0.442630380392075,1
"Transformer",0.05,64,"test",27,0.462937712669373,1
"Transformer",0.05,64,"test",28,0.499283522367477,1
"Transformer",0.05,64,"test",29,0.504438519477844,0
"Transformer",0.05,64,"test",30,0.529449284076691,0
"Transformer",0.05,64,"test",31,0.567651987075806,0
"Transformer",0.05,64,"test",32,0.471289664506912,0
"Transformer",0.05,64,"test",33,0.449107795953751,0
"Transformer",0.05,64,"test",34,0.476700156927109,1
"Transformer",0.05,64,"test",35,0.48658099770546,1
"Transformer",0.05,64,"test",36,0.473941922187805,1
"Transformer",0.05,64,"test",37,0.470348060131073,1
"Transformer",0.05,64,"test",38,0.47320744395256,1
"Transformer",0.05,64,"test",39,0.462739050388336,1
"Transformer",0.05,64,"test",40,0.3672816157341,1
"Transformer",0.05,64,"test",41,0.382359772920609,1
"Transformer",0.05,64,"test",42,0.493484497070312,0
"Transformer",0.05,64,"test",43,0.488727897405624,0
"Transformer",0.05,64,"test",44,0.573486268520355,1
"Transformer",0.05,64,"test",45,0.563745260238647,1
"Transformer",0.05,64,"test",46,0.533909559249878,1
"Transformer",0.05,64,"test",47,0.517317712306976,0
"Transformer",0.05,64,"test",48,0.455356180667877,0
"Transformer",0.05,64,"test",49,0.502596259117126,0
"Transformer",0.05,64,"test",50,0.530676007270813,0
"Transformer",0.05,64,"test",51,0.479072988033295,1
"Transformer",0.05,64,"test",52,0.462937712669373,1
"Transformer",0.05,64,"test",53,0.447902143001556,1
"Transformer",0.05,64,"test",54,0.504438519477844,1
"Transformer",0.05,64,"test",55,0.51035487651825,0
"Transformer",0.05,64,"test",56,0.567651987075806,0
"Transformer",0.05,64,"test",57,0.571194350719452,0
"Transformer",0.05,64,"test",58,0.449107795953751,0
"Transformer",0.05,64,"test",59,0.448080241680145,1
"Transformer",0.05,64,"test",60,0.48658099770546,1
"Transformer",0.05,64,"test",61,0.485359102487564,1
"Transformer",0.05,64,"test",62,0.470348060131073,0
"Transformer",0.05,64,"test",63,0.468212485313416,1
"Transformer",0.05,64,"test",64,0.462739050388336,1
"Transformer",0.05,64,"test",65,0.454996883869171,1
"Transformer",0.05,64,"test",66,0.382359772920609,1
"Transformer",0.05,64,"test",67,0.402548402547836,1
"Transformer",0.05,64,"test",68,0.488727897405624,0
"Transformer",0.05,64,"test",69,0.484143078327179,0
"Transformer",0.05,64,"test",70,0.563745260238647,0
"Transformer",0.05,64,"test",71,0.535308063030243,1
"Transformer",0.05,64,"test",72,0.517317712306976,1
"Transformer",0.05,64,"test",73,0.502724707126617,0
"Transformer",0.05,64,"test",74,0.502596259117126,0
"Transformer",0.05,64,"test",75,0.508540749549866,0
"Transformer",0.05,64,"test",76,0.479072988033295,0
"Transformer",0.05,64,"test",77,0.49577808380127,0
"Transformer",0.05,64,"test",78,0.447902143001556,1
"Transformer",0.05,64,"test",79,0.456666946411133,0
"Transformer",0.05,64,"test",80,0.51035487651825,0
"Transformer",0.05,64,"test",81,0.515566527843475,1
"Transformer",0.05,64,"test",82,0.571194350719452,1
"Transformer",0.05,64,"test",83,0.576146364212036,1
"Transformer",0.05,64,"test",84,0.448080241680145,1
"Transformer",0.05,64,"test",85,0.448797434568405,0
"Transformer",0.05,64,"test",86,0.485359102487564,0
"Transformer",0.05,64,"test",87,0.47266873717308,0
"Transformer",0.05,64,"test",88,0.468212485313416,0
"Transformer",0.05,64,"test",89,0.462275594472885,0
"Transformer",0.05,64,"test",90,0.454996883869171,0
"Transformer",0.05,64,"test",91,0.470387905836105,1
"Transformer",0.05,64,"test",92,0.402548402547836,0
"Transformer",0.05,64,"test",93,0.408684372901917,0
"Transformer",0.05,64,"test",94,0.484143078327179,0
"Transformer",0.05,64,"test",95,0.491083800792694,0
"Transformer",0.05,64,"test",96,0.535308063030243,0
"Transformer",0.05,64,"test",97,0.533190965652466,1
"Transformer",0.05,64,"test",98,0.502724707126617,1
"Transformer",0.05,64,"test",99,0.51510226726532,1
"Transformer",0.05,64,"test",100,0.508540749549866,1
"Transformer",0.05,64,"test",101,0.500906765460968,1
"Transformer",0.05,64,"test",102,0.49577808380127,0
"Transformer",0.05,64,"test",103,0.462672173976898,0
"Transformer",0.05,64,"test",104,0.456666946411133,0
"Transformer",0.05,64,"test",105,0.468886822462082,0
"Transformer",0.05,64,"test",106,0.515566527843475,0
"Transformer",0.05,64,"test",107,0.504690170288086,0
"Transformer",0.05,64,"test",108,0.576146364212036,0
"Transformer",0.05,64,"test",109,0.579251110553741,0
"Transformer",0.05,64,"test",110,0.448797434568405,1
"Transformer",0.05,64,"test",111,0.451852321624756,1
"Transformer",0.05,64,"test",112,0.47266873717308,1
"Transformer",0.05,64,"test",113,0.482732594013214,0
"Transformer",0.05,64,"test",114,0.462275594472885,1
"Transformer",0.05,64,"test",115,0.479906916618347,1
"Transformer",0.05,64,"test",116,0.470387905836105,1
"Transformer",0.05,64,"test",117,0.459951102733612,1
"Transformer",0.05,64,"test",118,0.408684372901917,1
"Transformer",0.05,64,"test",119,0.392201006412506,0
"Transformer",0.05,64,"test",120,0.491083800792694,0
"Transformer",0.05,64,"test",121,0.480527490377426,0
"Transformer",0.05,64,"test",122,0.533190965652466,1
"Transformer",0.05,64,"test",123,0.530910432338715,1
"Transformer",0.05,64,"test",124,0.51510226726532,1
"Transformer",0.05,64,"test",125,0.503099799156189,0
"Transformer",0.05,64,"test",126,0.500906765460968,0
"Transformer",0.05,64,"test",127,0.509183406829834,0
"Transformer",0.05,64,"test",128,0.462672173976898,1
"Transformer",0.05,64,"test",129,0.447295099496841,1
"Transformer",0.05,64,"test",130,0.468886822462082,1
"Transformer",0.05,64,"test",131,0.488832414150238,1
"Transformer",0.05,64,"test",132,0.504690170288086,0
"Transformer",0.05,64,"test",133,0.534333229064941,0
"Transformer",0.05,64,"test",134,0.579251110553741,0
"Transformer",0.05,64,"test",135,0.579034745693207,0
"Transformer",0.05,64,"test",136,0.451852321624756,0
"Transformer",0.05,64,"test",137,0.452094316482544,1
"Transformer",0.05,64,"test",138,0.482732594013214,1
"Transformer",0.05,64,"test",139,0.492011785507202,1
"Transformer",0.05,64,"test",140,0.479906916618347,1
"Transformer",0.05,64,"test",141,0.482139080762863,1
"Transformer",0.05,64,"test",142,0.459951102733612,1
"Transformer",0.05,64,"test",143,0.452601969242096,1
"Transformer",0.05,64,"test",144,0.392201006412506,1
"Transformer",0.05,64,"test",145,0.407452255487442,1
"Transformer",0.05,64,"test",146,0.480527490377426,1
"Transformer",0.05,64,"test",147,0.478364884853363,1
"Transformer",0.05,64,"test",148,0.530910432338715,1
"Transformer",0.05,64,"test",149,0.578862547874451,1
"Transformer",0.05,64,"test",150,0.503099799156189,1
"Transformer",0.05,64,"test",151,0.503017425537109,1
"Transformer",0.05,64,"test",152,0.509183406829834,0
"Transformer",0.05,64,"test",153,0.554242253303528,0
"Transformer",0.05,64,"test",154,0.447295099496841,1
"Transformer",0.05,64,"test",155,0.397096067667007,1
"Transformer",0.05,64,"test",156,0.488832414150238,1
"Transformer",0.05,64,"test",157,0.46281623840332,0
"Transformer",0.05,64,"test",158,0.534333229064941,0
"Transformer",0.05,64,"test",159,0.514798164367676,0
"Transformer",0.05,64,"test",160,0.579034745693207,0
"Transformer",0.05,64,"test",161,0.576739907264709,0
"Transformer",0.05,64,"test",162,0.452094316482544,0
"Transformer",0.05,64,"test",163,0.47535651922226,0
"Transformer",0.05,64,"test",164,0.492011785507202,0
"Transformer",0.05,64,"test",165,0.483949840068817,1
"Transformer",0.05,64,"test",166,0.482139080762863,1
"Transformer",0.05,64,"test",167,0.473150819540024,0
"Transformer",0.05,64,"test",168,0.452601969242096,1
"Transformer",0.05,64,"test",169,0.465727746486664,1
"Transformer",0.05,64,"test",170,0.407452255487442,1
"Transformer",0.05,64,"test",171,0.39670917391777,0
"Transformer",0.05,64,"test",172,0.478364884853363,0
"Transformer",0.05,64,"test",173,0.473199337720871,1
"Transformer",0.05,64,"test",174,0.578862547874451,1
"Transformer",0.05,64,"test",175,0.549054622650146,1
"Transformer",0.05,64,"test",176,0.503017425537109,1
"Transformer",0.05,64,"test",177,0.497890293598175,0
"Transformer",0.05,64,"test",178,0.554242253303528,0
"Transformer",0.05,64,"test",179,0.511562287807465,0
"Transformer",0.05,64,"test",180,0.397096067667007,0
"Transformer",0.05,64,"test",181,0.480918288230896,0
"Transformer",0.05,64,"test",182,0.46281623840332,0
"Transformer",0.05,64,"test",183,0.457981020212173,0
"Transformer",0.05,64,"test",184,0.514798164367676,0
"Transformer",0.05,64,"test",185,0.524419486522675,0
"Transformer",0.05,64,"test",186,0.576739907264709,1
"Transformer",0.05,64,"test",187,0.566482424736023,0
"Transformer",0.05,64,"test",188,0.47535651922226,0
"Transformer",0.05,64,"test",189,0.472778826951981,0
"Transformer",0.05,64,"test",190,0.483949840068817,0
"Transformer",0.05,64,"test",191,0.486253082752228,0
"Transformer",0.05,64,"test",192,0.473150819540024,0
"Transformer",0.05,64,"test",193,0.479019165039062,0
"Transformer",0.05,64,"test",194,0.465727746486664,0
"Transformer",0.05,64,"test",195,0.442847937345505,0
"Transformer",0.05,64,"test",196,0.39670917391777,0
"Transformer",0.05,64,"test",197,0.364245712757111,1
"Transformer",0.05,64,"test",198,0.473199337720871,1
"Transformer",0.05,64,"test",199,0.479783982038498,1
"Transformer",0.05,64,"test",200,0.549054622650146,0
"Transformer",0.05,64,"test",201,0.546000778675079,0
"Transformer",0.05,64,"test",202,0.497890293598175,1
"Transformer",0.05,64,"test",203,0.536469459533691,0
"Transformer",0.05,64,"test",204,0.511562287807465,0
"Transformer",0.05,64,"test",205,0.493342459201813,0
"Transformer",0.05,64,"test",206,0.480918288230896,1
"Transformer",0.05,64,"test",207,0.455533742904663,0
"Transformer",0.05,64,"test",208,0.457981020212173,0
"Transformer",0.05,64,"test",209,0.451099187135696,0
"Transformer",0.05,64,"test",210,0.524419486522675,0
"Transformer",0.05,64,"test",211,0.523724257946014,0
"Transformer",0.05,64,"test",212,0.566482424736023,1
"Transformer",0.05,64,"test",213,0.575167953968048,0
"Transformer",0.05,64,"test",214,0.472778826951981,1
"Transformer",0.05,64,"test",215,0.446113526821136,1
"Transformer",0.05,64,"test",216,0.486253082752228,1
"Transformer",0.05,64,"test",217,0.475301444530487,0
"Transformer",0.05,64,"test",218,0.479019165039062,0
"Transformer",0.05,64,"test",219,0.477699100971222,1
"Transformer",0.05,64,"test",220,0.442847937345505,1
"Transformer",0.05,64,"test",221,0.464011877775192,0
"Transformer",0.05,64,"test",222,0.364245712757111,1
"Transformer",0.05,64,"test",223,0.406970918178558,1
"Transformer",0.05,64,"test",224,0.479783982038498,1
"Transformer",0.05,64,"test",225,0.491355746984482,0
"Transformer",0.05,64,"test",226,0.546000778675079,0
"Transformer",0.05,64,"test",227,0.575083911418915,0
"Transformer",0.05,64,"test",228,0.536469459533691,1
"Transformer",0.05,64,"test",229,0.501290857791901,1
"Transformer",0.05,64,"test",230,0.493342459201813,0
"Transformer",0.05,64,"test",231,0.459913641214371,1
"Transformer",0.05,64,"test",232,0.455533742904663,1
"Transformer",0.05,64,"test",233,0.537614405155182,1
"Transformer",0.05,64,"test",234,0.451099187135696,1
"Transformer",0.05,64,"test",235,0.451076984405518,1
"Transformer",0.05,64,"test",236,0.523724257946014,1
"Transformer",0.05,64,"test",237,0.530854880809784,0
"Transformer",0.05,64,"test",238,0.575167953968048,0
"Transformer",0.05,64,"test",239,0.579166531562805,0
"Transformer",0.05,64,"test",240,0.446113526821136,0
"Transformer",0.05,64,"test",241,0.447984933853149,0
"Transformer",0.05,64,"test",242,0.475301444530487,0
"Transformer",0.05,64,"test",243,0.468371242284775,0
"Transformer",0.05,64,"test",244,0.477699100971222,1
"Transformer",0.05,64,"test",245,0.465000063180923,1
"Transformer",0.05,64,"test",246,0.464011877775192,1
"Transformer",0.05,64,"test",247,0.441196709871292,1
"Transformer",0.05,64,"test",248,0.406970918178558,1
"Transformer",0.05,64,"test",249,0.439570188522339,1
"Transformer",0.05,64,"test",250,0.491355746984482,1
"Transformer",0.05,64,"test",251,0.505446135997772,1
"Transformer",0.05,64,"test",252,0.575083911418915,0
"Transformer",0.05,64,"test",253,0.593519747257233,0
"Transformer",0.05,64,"test",254,0.501290857791901,0
"Transformer",0.05,64,"test",255,0.485777497291565,1
"Transformer",0.05,64,"test",256,0.459913641214371,1
"Transformer",0.05,64,"test",257,0.520218729972839,1
"Transformer",0.05,64,"test",258,0.537614405155182,1
"Transformer",0.05,64,"test",259,0.498135656118393,1
"Transformer",0.05,64,"test",260,0.451076984405518,1
"Transformer",0.05,64,"test",261,0.456475406885147,1
"Transformer",0.05,64,"test",262,0.530854880809784,0
"Transformer",0.05,64,"test",263,0.544423460960388,0
"Transformer",0.05,64,"test",264,0.579166531562805,1
"Transformer",0.05,64,"test",265,0.577353119850159,1
"Transformer",0.05,64,"test",266,0.447984933853149,1
"Transformer",0.05,64,"test",267,0.44901704788208,1
"Transformer",0.05,64,"test",268,0.468371242284775,1
"Transformer",0.05,64,"test",269,0.474221408367157,1
"Transformer",0.05,64,"test",270,0.465000063180923,1
"Transformer",0.05,64,"test",271,0.479120403528214,1
"Transformer",0.05,64,"test",272,0.441196709871292,1
"Transformer",0.05,64,"test",273,0.443602085113525,1
"Transformer",0.05,64,"test",274,0.439570188522339,1
"Transformer",0.05,64,"test",275,0.405824273824692,1
"Transformer",0.05,64,"test",276,0.505446135997772,1
"Transformer",0.05,64,"test",277,0.476343810558319,1
"Transformer",0.05,64,"test",278,0.593519747257233,0
"Transformer",0.05,64,"test",279,0.588297784328461,0
"Transformer",0.05,64,"test",280,0.485777497291565,0
"Transformer",0.05,64,"test",281,0.516539454460144,0
"Transformer",0.05,64,"test",282,0.520218729972839,0
"Transformer",0.05,64,"test",283,0.4801105260849,0
"Transformer",0.05,64,"test",284,0.498135656118393,0
"Transformer",0.05,64,"test",285,0.511189043521881,0
"Transformer",0.05,64,"test",286,0.456475406885147,0
"Transformer",0.05,64,"test",287,0.471362262964249,0
"Transformer",0.05,64,"test",288,0.544423460960388,0
"Transformer",0.05,64,"test",289,0.519780576229095,0
"Transformer",0.05,64,"test",290,0.577353119850159,0
"Transformer",0.05,64,"test",291,0.538452088832855,0
"Transformer",0.05,64,"test",292,0.44901704788208,1
"Transformer",0.05,64,"test",293,0.503516495227814,1
"Transformer",0.05,64,"test",294,0.474221408367157,1
"Transformer",0.05,64,"test",295,0.469617068767548,0
"Transformer",0.05,64,"test",296,0.479120403528214,0
"Transformer",0.05,64,"test",297,0.476045101881027,1
"Transformer",0.05,64,"test",298,0.443602085113525,0
"Transformer",0.05,64,"test",299,0.445597618818283,0
"Transformer",0.05,64,"test",300,0.405824273824692,1
"Transformer",0.05,64,"test",301,0.463757395744324,1
"Transformer",0.05,64,"test",302,0.476343810558319,1
"Transformer",0.05,64,"test",303,0.52419102191925,0
"Transformer",0.05,64,"test",304,0.588297784328461,1
"Transformer",0.05,64,"test",305,0.600096464157104,0
"Transformer",0.1,23,"test",1,0.310284435749054,0
"Transformer",0.1,23,"test",2,0.482641100883484,0
"Transformer",0.1,23,"test",3,0.495455145835876,1
"Transformer",0.1,23,"test",4,0.487907379865646,1
"Transformer",0.1,23,"test",5,0.505213558673859,1
"Transformer",0.1,23,"test",6,0.487263441085815,1
"Transformer",0.1,23,"test",7,0.465593665838242,1
"Transformer",0.1,23,"test",8,0.489046484231949,1
"Transformer",0.1,23,"test",9,0.466118454933167,1
"Transformer",0.1,23,"test",10,0.467416852712631,1
"Transformer",0.1,23,"test",11,0.446150958538055,1
"Transformer",0.1,23,"test",12,0.388146311044693,1
"Transformer",0.1,23,"test",13,0.431324869394302,1
"Transformer",0.1,23,"test",14,0.354668438434601,1
"Transformer",0.1,23,"test",15,0.328524380922318,1
"Transformer",0.1,23,"test",16,0.431294232606888,1
"Transformer",0.1,23,"test",17,0.487265169620514,0
"Transformer",0.1,23,"test",18,0.500467658042908,0
"Transformer",0.1,23,"test",19,0.504530549049377,0
"Transformer",0.1,23,"test",20,0.53995543718338,1
"Transformer",0.1,23,"test",21,0.554050743579865,1
"Transformer",0.1,23,"test",22,0.447535395622253,1
"Transformer",0.1,23,"test",23,0.407065480947495,0
"Transformer",0.1,23,"test",24,0.471896439790726,0
"Transformer",0.1,23,"test",25,0.486646771430969,0
"Transformer",0.1,23,"test",26,0.310284435749054,1
"Transformer",0.1,23,"test",27,0.463464379310608,1
"Transformer",0.1,23,"test",28,0.495455145835876,1
"Transformer",0.1,23,"test",29,0.496429562568665,0
"Transformer",0.1,23,"test",30,0.505213558673859,0
"Transformer",0.1,23,"test",31,0.538196563720703,0
"Transformer",0.1,23,"test",32,0.465593665838242,0
"Transformer",0.1,23,"test",33,0.424715995788574,0
"Transformer",0.1,23,"test",34,0.466118454933167,1
"Transformer",0.1,23,"test",35,0.443284869194031,1
"Transformer",0.1,23,"test",36,0.446150958538055,1
"Transformer",0.1,23,"test",37,0.424987763166428,1
"Transformer",0.1,23,"test",38,0.431324869394302,1
"Transformer",0.1,23,"test",39,0.419938266277313,1
"Transformer",0.1,23,"test",40,0.328524380922318,1
"Transformer",0.1,23,"test",41,0.350048154592514,1
"Transformer",0.1,23,"test",42,0.487265169620514,0
"Transformer",0.1,23,"test",43,0.46881902217865,0
"Transformer",0.1,23,"test",44,0.504530549049377,1
"Transformer",0.1,23,"test",45,0.500535726547241,1
"Transformer",0.1,23,"test",46,0.554050743579865,1
"Transformer",0.1,23,"test",47,0.534406185150146,0
"Transformer",0.1,23,"test",48,0.407065480947495,0
"Transformer",0.1,23,"test",49,0.460851460695267,0
"Transformer",0.1,23,"test",50,0.486646771430969,0
"Transformer",0.1,23,"test",51,0.457493722438812,1
"Transformer",0.1,23,"test",52,0.463464379310608,1
"Transformer",0.1,23,"test",53,0.452716618776321,1
"Transformer",0.1,23,"test",54,0.496429562568665,1
"Transformer",0.1,23,"test",55,0.46744105219841,0
"Transformer",0.1,23,"test",56,0.538196563720703,0
"Transformer",0.1,23,"test",57,0.584032893180847,0
"Transformer",0.1,23,"test",58,0.424715995788574,0
"Transformer",0.1,23,"test",59,0.415369272232056,1
"Transformer",0.1,23,"test",60,0.443284869194031,1
"Transformer",0.1,23,"test",61,0.477284520864487,1
"Transformer",0.1,23,"test",62,0.424987763166428,0
"Transformer",0.1,23,"test",63,0.455630481243134,1
"Transformer",0.1,23,"test",64,0.419938266277313,1
"Transformer",0.1,23,"test",65,0.41399085521698,1
"Transformer",0.1,23,"test",66,0.350048154592514,1
"Transformer",0.1,23,"test",67,0.365190207958221,1
"Transformer",0.1,23,"test",68,0.46881902217865,0
"Transformer",0.1,23,"test",69,0.448715716600418,0
"Transformer",0.1,23,"test",70,0.500535726547241,0
"Transformer",0.1,23,"test",71,0.474056959152222,1
"Transformer",0.1,23,"test",72,0.534406185150146,1
"Transformer",0.1,23,"test",73,0.5101078748703,0
"Transformer",0.1,23,"test",74,0.460851460695267,0
"Transformer",0.1,23,"test",75,0.463538616895676,0
"Transformer",0.1,23,"test",76,0.457493722438812,0
"Transformer",0.1,23,"test",77,0.466680258512497,0
"Transformer",0.1,23,"test",78,0.452716618776321,1
"Transformer",0.1,23,"test",79,0.477140933275223,0
"Transformer",0.1,23,"test",80,0.46744105219841,0
"Transformer",0.1,23,"test",81,0.477774232625961,1
"Transformer",0.1,23,"test",82,0.584032893180847,1
"Transformer",0.1,23,"test",83,0.549631297588348,1
"Transformer",0.1,23,"test",84,0.415369272232056,1
"Transformer",0.1,23,"test",85,0.42358535528183,0
"Transformer",0.1,23,"test",86,0.477284520864487,0
"Transformer",0.1,23,"test",87,0.462779104709625,0
"Transformer",0.1,23,"test",88,0.455630481243134,0
"Transformer",0.1,23,"test",89,0.462485760450363,0
"Transformer",0.1,23,"test",90,0.41399085521698,0
"Transformer",0.1,23,"test",91,0.433846086263657,1
"Transformer",0.1,23,"test",92,0.365190207958221,0
"Transformer",0.1,23,"test",93,0.369259864091873,0
"Transformer",0.1,23,"test",94,0.448715716600418,0
"Transformer",0.1,23,"test",95,0.476115494966507,0
"Transformer",0.1,23,"test",96,0.474056959152222,0
"Transformer",0.1,23,"test",97,0.480197787284851,1
"Transformer",0.1,23,"test",98,0.5101078748703,1
"Transformer",0.1,23,"test",99,0.531208395957947,1
"Transformer",0.1,23,"test",100,0.463538616895676,1
"Transformer",0.1,23,"test",101,0.457845747470856,1
"Transformer",0.1,23,"test",102,0.466680258512497,0
"Transformer",0.1,23,"test",103,0.428970605134964,0
"Transformer",0.1,23,"test",104,0.477140933275223,0
"Transformer",0.1,23,"test",105,0.4867844581604,0
"Transformer",0.1,23,"test",106,0.477774232625961,0
"Transformer",0.1,23,"test",107,0.446080029010773,0
"Transformer",0.1,23,"test",108,0.549631297588348,0
"Transformer",0.1,23,"test",109,0.561084449291229,0
"Transformer",0.1,23,"test",110,0.42358535528183,1
"Transformer",0.1,23,"test",111,0.395703047513962,1
"Transformer",0.1,23,"test",112,0.462779104709625,1
"Transformer",0.1,23,"test",113,0.471457004547119,0
"Transformer",0.1,23,"test",114,0.462485760450363,1
"Transformer",0.1,23,"test",115,0.462582170963287,1
"Transformer",0.1,23,"test",116,0.433846086263657,1
"Transformer",0.1,23,"test",117,0.423665463924408,1
"Transformer",0.1,23,"test",118,0.369259864091873,1
"Transformer",0.1,23,"test",119,0.358990728855133,0
"Transformer",0.1,23,"test",120,0.476115494966507,0
"Transformer",0.1,23,"test",121,0.482538461685181,0
"Transformer",0.1,23,"test",122,0.480197787284851,1
"Transformer",0.1,23,"test",123,0.478191524744034,1
"Transformer",0.1,23,"test",124,0.531208395957947,1
"Transformer",0.1,23,"test",125,0.510277330875397,0
"Transformer",0.1,23,"test",126,0.457845747470856,0
"Transformer",0.1,23,"test",127,0.470120221376419,0
"Transformer",0.1,23,"test",128,0.428970605134964,1
"Transformer",0.1,23,"test",129,0.423840671777725,1
"Transformer",0.1,23,"test",130,0.4867844581604,1
"Transformer",0.1,23,"test",131,0.529811263084412,1
"Transformer",0.1,23,"test",132,0.446080029010773,0
"Transformer",0.1,23,"test",133,0.494748324155807,0
"Transformer",0.1,23,"test",134,0.561084449291229,0
"Transformer",0.1,23,"test",135,0.544342935085297,0
"Transformer",0.1,23,"test",136,0.395703047513962,0
"Transformer",0.1,23,"test",137,0.430694162845612,1
"Transformer",0.1,23,"test",138,0.471457004547119,1
"Transformer",0.1,23,"test",139,0.478665471076965,1
"Transformer",0.1,23,"test",140,0.462582170963287,1
"Transformer",0.1,23,"test",141,0.465417921543121,1
"Transformer",0.1,23,"test",142,0.423665463924408,1
"Transformer",0.1,23,"test",143,0.426973253488541,1
"Transformer",0.1,23,"test",144,0.358990728855133,1
"Transformer",0.1,23,"test",145,0.368160367012024,1
"Transformer",0.1,23,"test",146,0.482538461685181,1
"Transformer",0.1,23,"test",147,0.492603451013565,1
"Transformer",0.1,23,"test",148,0.478191524744034,1
"Transformer",0.1,23,"test",149,0.513722538948059,1
"Transformer",0.1,23,"test",150,0.510277330875397,1
"Transformer",0.1,23,"test",151,0.516585290431976,1
"Transformer",0.1,23,"test",152,0.470120221376419,0
"Transformer",0.1,23,"test",153,0.503608763217926,0
"Transformer",0.1,23,"test",154,0.423840671777725,1
"Transformer",0.1,23,"test",155,0.378709852695465,1
"Transformer",0.1,23,"test",156,0.529811263084412,1
"Transformer",0.1,23,"test",157,0.48972150683403,0
"Transformer",0.1,23,"test",158,0.494748324155807,0
"Transformer",0.1,23,"test",159,0.493189334869385,0
"Transformer",0.1,23,"test",160,0.544342935085297,0
"Transformer",0.1,23,"test",161,0.53957724571228,0
"Transformer",0.1,23,"test",162,0.430694162845612,0
"Transformer",0.1,23,"test",163,0.466246575117111,0
"Transformer",0.1,23,"test",164,0.478665471076965,0
"Transformer",0.1,23,"test",165,0.463757991790771,1
"Transformer",0.1,23,"test",166,0.465417921543121,1
"Transformer",0.1,23,"test",167,0.459964960813522,0
"Transformer",0.1,23,"test",168,0.426973253488541,1
"Transformer",0.1,23,"test",169,0.43546923995018,1
"Transformer",0.1,23,"test",170,0.368160367012024,1
"Transformer",0.1,23,"test",171,0.362887173891068,0
"Transformer",0.1,23,"test",172,0.492603451013565,0
"Transformer",0.1,23,"test",173,0.476179301738739,1
"Transformer",0.1,23,"test",174,0.513722538948059,1
"Transformer",0.1,23,"test",175,0.492626339197159,1
"Transformer",0.1,23,"test",176,0.516585290431976,1
"Transformer",0.1,23,"test",177,0.509620249271393,0
"Transformer",0.1,23,"test",178,0.503608763217926,0
"Transformer",0.1,23,"test",179,0.477503925561905,0
"Transformer",0.1,23,"test",180,0.378709852695465,0
"Transformer",0.1,23,"test",181,0.43636816740036,0
"Transformer",0.1,23,"test",182,0.48972150683403,0
"Transformer",0.1,23,"test",183,0.473093897104263,0
"Transformer",0.1,23,"test",184,0.493189334869385,0
"Transformer",0.1,23,"test",185,0.457140266895294,0
"Transformer",0.1,23,"test",186,0.53957724571228,1
"Transformer",0.1,23,"test",187,0.526386380195618,0
"Transformer",0.1,23,"test",188,0.466246575117111,0
"Transformer",0.1,23,"test",189,0.462139308452606,0
"Transformer",0.1,23,"test",190,0.463757991790771,0
"Transformer",0.1,23,"test",191,0.474736750125885,0
"Transformer",0.1,23,"test",192,0.459964960813522,0
"Transformer",0.1,23,"test",193,0.458134323358536,0
"Transformer",0.1,23,"test",194,0.43546923995018,0
"Transformer",0.1,23,"test",195,0.404361039400101,0
"Transformer",0.1,23,"test",196,0.362887173891068,0
"Transformer",0.1,23,"test",197,0.331301003694534,1
"Transformer",0.1,23,"test",198,0.476179301738739,1
"Transformer",0.1,23,"test",199,0.480564713478088,1
"Transformer",0.1,23,"test",200,0.492626339197159,0
"Transformer",0.1,23,"test",201,0.491174966096878,0
"Transformer",0.1,23,"test",202,0.509620249271393,1
"Transformer",0.1,23,"test",203,0.56152755022049,0
"Transformer",0.1,23,"test",204,0.477503925561905,0
"Transformer",0.1,23,"test",205,0.452852994203568,0
"Transformer",0.1,23,"test",206,0.43636816740036,1
"Transformer",0.1,23,"test",207,0.392120659351349,0
"Transformer",0.1,23,"test",208,0.473093897104263,0
"Transformer",0.1,23,"test",209,0.466193199157715,0
"Transformer",0.1,23,"test",210,0.457140266895294,0
"Transformer",0.1,23,"test",211,0.458759188652039,0
"Transformer",0.1,23,"test",212,0.526386380195618,1
"Transformer",0.1,23,"test",213,0.570246636867523,0
"Transformer",0.1,23,"test",214,0.462139308452606,1
"Transformer",0.1,23,"test",215,0.387069851160049,1
"Transformer",0.1,23,"test",216,0.474736750125885,1
"Transformer",0.1,23,"test",217,0.454732269048691,0
"Transformer",0.1,23,"test",218,0.458134323358536,0
"Transformer",0.1,23,"test",219,0.458368271589279,1
"Transformer",0.1,23,"test",220,0.404361039400101,1
"Transformer",0.1,23,"test",221,0.43330043554306,0
"Transformer",0.1,23,"test",222,0.331301003694534,1
"Transformer",0.1,23,"test",223,0.36755245923996,1
"Transformer",0.1,23,"test",224,0.480564713478088,1
"Transformer",0.1,23,"test",225,0.484203785657883,0
"Transformer",0.1,23,"test",226,0.491174966096878,0
"Transformer",0.1,23,"test",227,0.496439814567566,0
"Transformer",0.1,23,"test",228,0.56152755022049,1
"Transformer",0.1,23,"test",229,0.51455169916153,1
"Transformer",0.1,23,"test",230,0.452852994203568,0
"Transformer",0.1,23,"test",231,0.43355455994606,1
"Transformer",0.1,23,"test",232,0.392120659351349,1
"Transformer",0.1,23,"test",233,0.496575027704239,1
"Transformer",0.1,23,"test",234,0.466193199157715,1
"Transformer",0.1,23,"test",235,0.466726511716843,1
"Transformer",0.1,23,"test",236,0.458759188652039,1
"Transformer",0.1,23,"test",237,0.465820014476776,0
"Transformer",0.1,23,"test",238,0.570246636867523,0
"Transformer",0.1,23,"test",239,0.544411540031433,0
"Transformer",0.1,23,"test",240,0.387069851160049,0
"Transformer",0.1,23,"test",241,0.356586158275604,0
"Transformer",0.1,23,"test",242,0.454732269048691,0
"Transformer",0.1,23,"test",243,0.456563353538513,0
"Transformer",0.1,23,"test",244,0.458368271589279,1
"Transformer",0.1,23,"test",245,0.463143199682236,1
"Transformer",0.1,23,"test",246,0.43330043554306,1
"Transformer",0.1,23,"test",247,0.381517380475998,1
"Transformer",0.1,23,"test",248,0.36755245923996,1
"Transformer",0.1,23,"test",249,0.387053549289703,1
"Transformer",0.1,23,"test",250,0.484203785657883,1
"Transformer",0.1,23,"test",251,0.494910538196564,1
"Transformer",0.1,23,"test",252,0.496439814567566,0
"Transformer",0.1,23,"test",253,0.515031158924103,0
"Transformer",0.1,23,"test",254,0.51455169916153,0
"Transformer",0.1,23,"test",255,0.489202350378036,1
"Transformer",0.1,23,"test",256,0.43355455994606,1
"Transformer",0.1,23,"test",257,0.472943872213364,1
"Transformer",0.1,23,"test",258,0.496575027704239,1
"Transformer",0.1,23,"test",259,0.466040819883347,1
"Transformer",0.1,23,"test",260,0.466726511716843,1
"Transformer",0.1,23,"test",261,0.459951043128967,1
"Transformer",0.1,23,"test",262,0.465820014476776,0
"Transformer",0.1,23,"test",263,0.41385743021965,0
"Transformer",0.1,23,"test",264,0.544411540031433,1
"Transformer",0.1,23,"test",265,0.553912699222565,1
"Transformer",0.1,23,"test",266,0.356586158275604,1
"Transformer",0.1,23,"test",267,0.428006887435913,1
"Transformer",0.1,23,"test",268,0.456563353538513,1
"Transformer",0.1,23,"test",269,0.463511407375336,1
"Transformer",0.1,23,"test",270,0.463143199682236,1
"Transformer",0.1,23,"test",271,0.467485040426254,1
"Transformer",0.1,23,"test",272,0.381517380475998,1
"Transformer",0.1,23,"test",273,0.406871885061264,1
"Transformer",0.1,23,"test",274,0.387053549289703,1
"Transformer",0.1,23,"test",275,0.366877257823944,1
"Transformer",0.1,23,"test",276,0.494910538196564,1
"Transformer",0.1,23,"test",277,0.500481724739075,1
"Transformer",0.1,23,"test",278,0.515031158924103,0
"Transformer",0.1,23,"test",279,0.543748795986176,0
"Transformer",0.1,23,"test",280,0.489202350378036,0
"Transformer",0.1,23,"test",281,0.532394051551819,0
"Transformer",0.1,23,"test",282,0.472943872213364,0
"Transformer",0.1,23,"test",283,0.438551336526871,0
"Transformer",0.1,23,"test",284,0.466040819883347,0
"Transformer",0.1,23,"test",285,0.485274225473404,0
"Transformer",0.1,23,"test",286,0.459951043128967,0
"Transformer",0.1,23,"test",287,0.492235362529755,0
"Transformer",0.1,23,"test",288,0.41385743021965,0
"Transformer",0.1,23,"test",289,0.468306750059128,0
"Transformer",0.1,23,"test",290,0.553912699222565,0
"Transformer",0.1,23,"test",291,0.499774992465973,0
"Transformer",0.1,23,"test",292,0.428006887435913,1
"Transformer",0.1,23,"test",293,0.49104630947113,1
"Transformer",0.1,23,"test",294,0.463511407375336,1
"Transformer",0.1,23,"test",295,0.436725109815598,0
"Transformer",0.1,23,"test",296,0.467485040426254,0
"Transformer",0.1,23,"test",297,0.465084046125412,1
"Transformer",0.1,23,"test",298,0.406871885061264,0
"Transformer",0.1,23,"test",299,0.408325999975204,0
"Transformer",0.1,23,"test",300,0.366877257823944,1
"Transformer",0.1,23,"test",301,0.39599534869194,1
"Transformer",0.1,23,"test",302,0.500481724739075,1
"Transformer",0.1,23,"test",303,0.50181519985199,0
"Transformer",0.1,23,"test",304,0.543748795986176,1
"Transformer",0.1,23,"test",305,0.530436813831329,0
"Transformer",0.1,27,"test",1,0.432488888502121,0
"Transformer",0.1,27,"test",2,0.557984948158264,0
"Transformer",0.1,27,"test",3,0.571452021598816,1
"Transformer",0.1,27,"test",4,0.528571546077728,1
"Transformer",0.1,27,"test",5,0.5617436170578,1
"Transformer",0.1,27,"test",6,0.463422775268555,1
"Transformer",0.1,27,"test",7,0.452120155096054,1
"Transformer",0.1,27,"test",8,0.491538286209106,1
"Transformer",0.1,27,"test",9,0.486585766077042,1
"Transformer",0.1,27,"test",10,0.471667438745499,1
"Transformer",0.1,27,"test",11,0.434323042631149,1
"Transformer",0.1,27,"test",12,0.482136011123657,1
"Transformer",0.1,27,"test",13,0.475907117128372,1
"Transformer",0.1,27,"test",14,0.391436189413071,1
"Transformer",0.1,27,"test",15,0.374668180942535,1
"Transformer",0.1,27,"test",16,0.413723945617676,1
"Transformer",0.1,27,"test",17,0.472777038812637,0
"Transformer",0.1,27,"test",18,0.597170412540436,0
"Transformer",0.1,27,"test",19,0.604222595691681,0
"Transformer",0.1,27,"test",20,0.552872717380524,1
"Transformer",0.1,27,"test",21,0.566610038280487,1
"Transformer",0.1,27,"test",22,0.528622508049011,1
"Transformer",0.1,27,"test",23,0.503679037094116,0
"Transformer",0.1,27,"test",24,0.517743647098541,0
"Transformer",0.1,27,"test",25,0.565132081508636,0
"Transformer",0.1,27,"test",26,0.432488888502121,1
"Transformer",0.1,27,"test",27,0.529502391815186,1
"Transformer",0.1,27,"test",28,0.571452021598816,1
"Transformer",0.1,27,"test",29,0.583201766014099,0
"Transformer",0.1,27,"test",30,0.5617436170578,0
"Transformer",0.1,27,"test",31,0.583405435085297,0
"Transformer",0.1,27,"test",32,0.452120155096054,0
"Transformer",0.1,27,"test",33,0.434638381004333,0
"Transformer",0.1,27,"test",34,0.486585766077042,1
"Transformer",0.1,27,"test",35,0.451096892356873,1
"Transformer",0.1,27,"test",36,0.434323042631149,1
"Transformer",0.1,27,"test",37,0.428211331367493,1
"Transformer",0.1,27,"test",38,0.475907117128372,1
"Transformer",0.1,27,"test",39,0.481555342674255,1
"Transformer",0.1,27,"test",40,0.374668180942535,1
"Transformer",0.1,27,"test",41,0.389378547668457,1
"Transformer",0.1,27,"test",42,0.472777038812637,0
"Transformer",0.1,27,"test",43,0.467170774936676,0
"Transformer",0.1,27,"test",44,0.604222595691681,1
"Transformer",0.1,27,"test",45,0.597957730293274,1
"Transformer",0.1,27,"test",46,0.566610038280487,1
"Transformer",0.1,27,"test",47,0.543580770492554,0
"Transformer",0.1,27,"test",48,0.503679037094116,0
"Transformer",0.1,27,"test",49,0.521367609500885,0
"Transformer",0.1,27,"test",50,0.565132081508636,0
"Transformer",0.1,27,"test",51,0.506915092468262,1
"Transformer",0.1,27,"test",52,0.529502391815186,1
"Transformer",0.1,27,"test",53,0.507842421531677,1
"Transformer",0.1,27,"test",54,0.583201766014099,1
"Transformer",0.1,27,"test",55,0.569965779781342,0
"Transformer",0.1,27,"test",56,0.583405435085297,0
"Transformer",0.1,27,"test",57,0.623344540596008,0
"Transformer",0.1,27,"test",58,0.434638381004333,0
"Transformer",0.1,27,"test",59,0.423877984285355,1
"Transformer",0.1,27,"test",60,0.451096892356873,1
"Transformer",0.1,27,"test",61,0.458569437265396,1
"Transformer",0.1,27,"test",62,0.428211331367493,0
"Transformer",0.1,27,"test",63,0.458898425102234,1
"Transformer",0.1,27,"test",64,0.481555342674255,1
"Transformer",0.1,27,"test",65,0.485070675611496,1
"Transformer",0.1,27,"test",66,0.389378547668457,1
"Transformer",0.1,27,"test",67,0.395745396614075,1
"Transformer",0.1,27,"test",68,0.467170774936676,0
"Transformer",0.1,27,"test",69,0.430616825819016,0
"Transformer",0.1,27,"test",70,0.597957730293274,0
"Transformer",0.1,27,"test",71,0.538764476776123,1
"Transformer",0.1,27,"test",72,0.543580770492554,1
"Transformer",0.1,27,"test",73,0.520115315914154,0
"Transformer",0.1,27,"test",74,0.521367609500885,0
"Transformer",0.1,27,"test",75,0.537261247634888,0
"Transformer",0.1,27,"test",76,0.506915092468262,0
"Transformer",0.1,27,"test",77,0.532425165176392,0
"Transformer",0.1,27,"test",78,0.507842421531677,1
"Transformer",0.1,27,"test",79,0.511658012866974,0
"Transformer",0.1,27,"test",80,0.569965779781342,0
"Transformer",0.1,27,"test",81,0.588814496994019,1
"Transformer",0.1,27,"test",82,0.623344540596008,1
"Transformer",0.1,27,"test",83,0.59018474817276,1
"Transformer",0.1,27,"test",84,0.423877984285355,1
"Transformer",0.1,27,"test",85,0.433563768863678,0
"Transformer",0.1,27,"test",86,0.458569437265396,0
"Transformer",0.1,27,"test",87,0.482430756092072,0
"Transformer",0.1,27,"test",88,0.458898425102234,0
"Transformer",0.1,27,"test",89,0.472425550222397,0
"Transformer",0.1,27,"test",90,0.485070675611496,0
"Transformer",0.1,27,"test",91,0.467439234256744,1
"Transformer",0.1,27,"test",92,0.395745396614075,0
"Transformer",0.1,27,"test",93,0.398031294345856,0
"Transformer",0.1,27,"test",94,0.430616825819016,0
"Transformer",0.1,27,"test",95,0.457709759473801,0
"Transformer",0.1,27,"test",96,0.538764476776123,0
"Transformer",0.1,27,"test",97,0.543050706386566,1
"Transformer",0.1,27,"test",98,0.520115315914154,1
"Transformer",0.1,27,"test",99,0.54025411605835,1
"Transformer",0.1,27,"test",100,0.537261247634888,1
"Transformer",0.1,27,"test",101,0.525592148303986,1
"Transformer",0.1,27,"test",102,0.532425165176392,0
"Transformer",0.1,27,"test",103,0.491851150989532,0
"Transformer",0.1,27,"test",104,0.511658012866974,0
"Transformer",0.1,27,"test",105,0.524124264717102,0
"Transformer",0.1,27,"test",106,0.588814496994019,0
"Transformer",0.1,27,"test",107,0.54487282037735,0
"Transformer",0.1,27,"test",108,0.59018474817276,0
"Transformer",0.1,27,"test",109,0.599973499774933,0
"Transformer",0.1,27,"test",110,0.433563768863678,1
"Transformer",0.1,27,"test",111,0.39914682507515,1
"Transformer",0.1,27,"test",112,0.482430756092072,1
"Transformer",0.1,27,"test",113,0.488702684640884,0
"Transformer",0.1,27,"test",114,0.472425550222397,1
"Transformer",0.1,27,"test",115,0.492326140403748,1
"Transformer",0.1,27,"test",116,0.467439234256744,1
"Transformer",0.1,27,"test",117,0.474987596273422,1
"Transformer",0.1,27,"test",118,0.398031294345856,1
"Transformer",0.1,27,"test",119,0.399574816226959,0
"Transformer",0.1,27,"test",120,0.457709759473801,0
"Transformer",0.1,27,"test",121,0.460519015789032,0
"Transformer",0.1,27,"test",122,0.543050706386566,1
"Transformer",0.1,27,"test",123,0.537594795227051,1
"Transformer",0.1,27,"test",124,0.54025411605835,1
"Transformer",0.1,27,"test",125,0.522638738155365,0
"Transformer",0.1,27,"test",126,0.525592148303986,0
"Transformer",0.1,27,"test",127,0.526715874671936,0
"Transformer",0.1,27,"test",128,0.491851150989532,1
"Transformer",0.1,27,"test",129,0.464301586151123,1
"Transformer",0.1,27,"test",130,0.524124264717102,1
"Transformer",0.1,27,"test",131,0.546380758285522,1
"Transformer",0.1,27,"test",132,0.54487282037735,0
"Transformer",0.1,27,"test",133,0.632647395133972,0
"Transformer",0.1,27,"test",134,0.599973499774933,0
"Transformer",0.1,27,"test",135,0.579435646533966,0
"Transformer",0.1,27,"test",136,0.39914682507515,0
"Transformer",0.1,27,"test",137,0.432118743658066,1
"Transformer",0.1,27,"test",138,0.488702684640884,1
"Transformer",0.1,27,"test",139,0.484975397586823,1
"Transformer",0.1,27,"test",140,0.492326140403748,1
"Transformer",0.1,27,"test",141,0.499229788780212,1
"Transformer",0.1,27,"test",142,0.474987596273422,1
"Transformer",0.1,27,"test",143,0.439355194568634,1
"Transformer",0.1,27,"test",144,0.399574816226959,1
"Transformer",0.1,27,"test",145,0.407757550477982,1
"Transformer",0.1,27,"test",146,0.460519015789032,1
"Transformer",0.1,27,"test",147,0.47974956035614,1
"Transformer",0.1,27,"test",148,0.537594795227051,1
"Transformer",0.1,27,"test",149,0.620494604110718,1
"Transformer",0.1,27,"test",150,0.522638738155365,1
"Transformer",0.1,27,"test",151,0.523744106292725,1
"Transformer",0.1,27,"test",152,0.526715874671936,0
"Transformer",0.1,27,"test",153,0.579439580440521,0
"Transformer",0.1,27,"test",154,0.464301586151123,1
"Transformer",0.1,27,"test",155,0.384403884410858,1
"Transformer",0.1,27,"test",156,0.546380758285522,1
"Transformer",0.1,27,"test",157,0.522067546844482,0
"Transformer",0.1,27,"test",158,0.632647395133972,0
"Transformer",0.1,27,"test",159,0.604081749916077,0
"Transformer",0.1,27,"test",160,0.579435646533966,0
"Transformer",0.1,27,"test",161,0.574329972267151,0
"Transformer",0.1,27,"test",162,0.432118743658066,0
"Transformer",0.1,27,"test",163,0.464248150587082,0
"Transformer",0.1,27,"test",164,0.484975397586823,0
"Transformer",0.1,27,"test",165,0.482217192649841,1
"Transformer",0.1,27,"test",166,0.499229788780212,1
"Transformer",0.1,27,"test",167,0.47460812330246,0
"Transformer",0.1,27,"test",168,0.439355194568634,1
"Transformer",0.1,27,"test",169,0.449945151805878,1
"Transformer",0.1,27,"test",170,0.407757550477982,1
"Transformer",0.1,27,"test",171,0.404517620801926,0
"Transformer",0.1,27,"test",172,0.47974956035614,0
"Transformer",0.1,27,"test",173,0.454579681158066,1
"Transformer",0.1,27,"test",174,0.620494604110718,1
"Transformer",0.1,27,"test",175,0.580473005771637,1
"Transformer",0.1,27,"test",176,0.523744106292725,1
"Transformer",0.1,27,"test",177,0.518338859081268,0
"Transformer",0.1,27,"test",178,0.579439580440521,0
"Transformer",0.1,27,"test",179,0.527859807014465,0
"Transformer",0.1,27,"test",180,0.384403884410858,0
"Transformer",0.1,27,"test",181,0.542769610881805,0
"Transformer",0.1,27,"test",182,0.522067546844482,0
"Transformer",0.1,27,"test",183,0.506318211555481,0
"Transformer",0.1,27,"test",184,0.604081749916077,0
"Transformer",0.1,27,"test",185,0.571826100349426,0
"Transformer",0.1,27,"test",186,0.574329972267151,1
"Transformer",0.1,27,"test",187,0.56049782037735,0
"Transformer",0.1,27,"test",188,0.464248150587082,0
"Transformer",0.1,27,"test",189,0.467325210571289,0
"Transformer",0.1,27,"test",190,0.482217192649841,0
"Transformer",0.1,27,"test",191,0.423519641160965,0
"Transformer",0.1,27,"test",192,0.47460812330246,0
"Transformer",0.1,27,"test",193,0.480789333581924,0
"Transformer",0.1,27,"test",194,0.449945151805878,0
"Transformer",0.1,27,"test",195,0.453060686588287,0
"Transformer",0.1,27,"test",196,0.404517620801926,0
"Transformer",0.1,27,"test",197,0.379805654287338,1
"Transformer",0.1,27,"test",198,0.454579681158066,1
"Transformer",0.1,27,"test",199,0.458541512489319,1
"Transformer",0.1,27,"test",200,0.580473005771637,0
"Transformer",0.1,27,"test",201,0.57428765296936,0
"Transformer",0.1,27,"test",202,0.518338859081268,1
"Transformer",0.1,27,"test",203,0.57025134563446,0
"Transformer",0.1,27,"test",204,0.527859807014465,0
"Transformer",0.1,27,"test",205,0.516268908977509,0
"Transformer",0.1,27,"test",206,0.542769610881805,1
"Transformer",0.1,27,"test",207,0.522432029247284,0
"Transformer",0.1,27,"test",208,0.506318211555481,0
"Transformer",0.1,27,"test",209,0.513012588024139,0
"Transformer",0.1,27,"test",210,0.571826100349426,0
"Transformer",0.1,27,"test",211,0.573243677616119,0
"Transformer",0.1,27,"test",212,0.56049782037735,1
"Transformer",0.1,27,"test",213,0.609173774719238,0
"Transformer",0.1,27,"test",214,0.467325210571289,1
"Transformer",0.1,27,"test",215,0.408177375793457,1
"Transformer",0.1,27,"test",216,0.423519641160965,1
"Transformer",0.1,27,"test",217,0.412039488554001,0
"Transformer",0.1,27,"test",218,0.480789333581924,0
"Transformer",0.1,27,"test",219,0.473290473222733,1
"Transformer",0.1,27,"test",220,0.453060686588287,1
"Transformer",0.1,27,"test",221,0.448356091976166,0
"Transformer",0.1,27,"test",222,0.379805654287338,1
"Transformer",0.1,27,"test",223,0.405812382698059,1
"Transformer",0.1,27,"test",224,0.458541512489319,1
"Transformer",0.1,27,"test",225,0.463507831096649,0
"Transformer",0.1,27,"test",226,0.57428765296936,0
"Transformer",0.1,27,"test",227,0.571634650230408,0
"Transformer",0.1,27,"test",228,0.57025134563446,1
"Transformer",0.1,27,"test",229,0.522639572620392,1
"Transformer",0.1,27,"test",230,0.516268908977509,0
"Transformer",0.1,27,"test",231,0.466349869966507,1
"Transformer",0.1,27,"test",232,0.522432029247284,1
"Transformer",0.1,27,"test",233,0.558726489543915,1
"Transformer",0.1,27,"test",234,0.513012588024139,1
"Transformer",0.1,27,"test",235,0.510070562362671,1
"Transformer",0.1,27,"test",236,0.573243677616119,1
"Transformer",0.1,27,"test",237,0.587141931056976,0
"Transformer",0.1,27,"test",238,0.609173774719238,0
"Transformer",0.1,27,"test",239,0.579117774963379,0
"Transformer",0.1,27,"test",240,0.408177375793457,0
"Transformer",0.1,27,"test",241,0.399356514215469,0
"Transformer",0.1,27,"test",242,0.412039488554001,0
"Transformer",0.1,27,"test",243,0.463206142187119,0
"Transformer",0.1,27,"test",244,0.473290473222733,1
"Transformer",0.1,27,"test",245,0.461873412132263,1
"Transformer",0.1,27,"test",246,0.448356091976166,1
"Transformer",0.1,27,"test",247,0.43201157450676,1
"Transformer",0.1,27,"test",248,0.405812382698059,1
"Transformer",0.1,27,"test",249,0.406136631965637,1
"Transformer",0.1,27,"test",250,0.463507831096649,1
"Transformer",0.1,27,"test",251,0.502121388912201,1
"Transformer",0.1,27,"test",252,0.571634650230408,0
"Transformer",0.1,27,"test",253,0.603559136390686,0
"Transformer",0.1,27,"test",254,0.522639572620392,0
"Transformer",0.1,27,"test",255,0.499789118766785,1
"Transformer",0.1,27,"test",256,0.466349869966507,1
"Transformer",0.1,27,"test",257,0.544019639492035,1
"Transformer",0.1,27,"test",258,0.558726489543915,1
"Transformer",0.1,27,"test",259,0.538509488105774,1
"Transformer",0.1,27,"test",260,0.510070562362671,1
"Transformer",0.1,27,"test",261,0.520148634910583,1
"Transformer",0.1,27,"test",262,0.587141931056976,0
"Transformer",0.1,27,"test",263,0.565054178237915,0
"Transformer",0.1,27,"test",264,0.579117774963379,1
"Transformer",0.1,27,"test",265,0.593756496906281,1
"Transformer",0.1,27,"test",266,0.399356514215469,1
"Transformer",0.1,27,"test",267,0.459487527608871,1
"Transformer",0.1,27,"test",268,0.463206142187119,1
"Transformer",0.1,27,"test",269,0.476618647575378,1
"Transformer",0.1,27,"test",270,0.461873412132263,1
"Transformer",0.1,27,"test",271,0.49382022023201,1
"Transformer",0.1,27,"test",272,0.43201157450676,1
"Transformer",0.1,27,"test",273,0.459885120391846,1
"Transformer",0.1,27,"test",274,0.406136631965637,1
"Transformer",0.1,27,"test",275,0.404213964939117,1
"Transformer",0.1,27,"test",276,0.502121388912201,1
"Transformer",0.1,27,"test",277,0.50741720199585,1
"Transformer",0.1,27,"test",278,0.603559136390686,0
"Transformer",0.1,27,"test",279,0.66711163520813,0
"Transformer",0.1,27,"test",280,0.499789118766785,0
"Transformer",0.1,27,"test",281,0.542191505432129,0
"Transformer",0.1,27,"test",282,0.544019639492035,0
"Transformer",0.1,27,"test",283,0.501933932304382,0
"Transformer",0.1,27,"test",284,0.538509488105774,0
"Transformer",0.1,27,"test",285,0.531485438346863,0
"Transformer",0.1,27,"test",286,0.520148634910583,0
"Transformer",0.1,27,"test",287,0.527656197547913,0
"Transformer",0.1,27,"test",288,0.565054178237915,0
"Transformer",0.1,27,"test",289,0.581576287746429,0
"Transformer",0.1,27,"test",290,0.593756496906281,0
"Transformer",0.1,27,"test",291,0.551061809062958,0
"Transformer",0.1,27,"test",292,0.459487527608871,1
"Transformer",0.1,27,"test",293,0.487145155668259,1
"Transformer",0.1,27,"test",294,0.476618647575378,1
"Transformer",0.1,27,"test",295,0.462342441082001,0
"Transformer",0.1,27,"test",296,0.49382022023201,0
"Transformer",0.1,27,"test",297,0.485759168863297,1
"Transformer",0.1,27,"test",298,0.459885120391846,0
"Transformer",0.1,27,"test",299,0.444654762744904,0
"Transformer",0.1,27,"test",300,0.404213964939117,1
"Transformer",0.1,27,"test",301,0.433826953172684,1
"Transformer",0.1,27,"test",302,0.50741720199585,1
"Transformer",0.1,27,"test",303,0.524507761001587,0
"Transformer",0.1,27,"test",304,0.66711163520813,1
"Transformer",0.1,27,"test",305,0.634297668933868,0
"Transformer",0.1,98,"test",1,0.330960094928741,0
"Transformer",0.1,98,"test",2,0.493176966905594,0
"Transformer",0.1,98,"test",3,0.501729726791382,1
"Transformer",0.1,98,"test",4,0.494909316301346,1
"Transformer",0.1,98,"test",5,0.495247900485992,1
"Transformer",0.1,98,"test",6,0.43691748380661,1
"Transformer",0.1,98,"test",7,0.428623229265213,1
"Transformer",0.1,98,"test",8,0.368078976869583,1
"Transformer",0.1,98,"test",9,0.340043514966965,1
"Transformer",0.1,98,"test",10,0.397003382444382,1
"Transformer",0.1,98,"test",11,0.404930204153061,1
"Transformer",0.1,98,"test",12,0.342136383056641,1
"Transformer",0.1,98,"test",13,0.358139187097549,1
"Transformer",0.1,98,"test",14,0.320594847202301,1
"Transformer",0.1,98,"test",15,0.304073095321655,1
"Transformer",0.1,98,"test",16,0.329366534948349,1
"Transformer",0.1,98,"test",17,0.350434929132462,0
"Transformer",0.1,98,"test",18,0.443847239017487,0
"Transformer",0.1,98,"test",19,0.445352405309677,0
"Transformer",0.1,98,"test",20,0.479359090328217,1
"Transformer",0.1,98,"test",21,0.482779681682587,1
"Transformer",0.1,98,"test",22,0.523608505725861,1
"Transformer",0.1,98,"test",23,0.530355215072632,0
"Transformer",0.1,98,"test",24,0.32756182551384,0
"Transformer",0.1,98,"test",25,0.337346911430359,0
"Transformer",0.1,98,"test",26,0.330960094928741,1
"Transformer",0.1,98,"test",27,0.433737397193909,1
"Transformer",0.1,98,"test",28,0.501729726791382,1
"Transformer",0.1,98,"test",29,0.505587995052338,0
"Transformer",0.1,98,"test",30,0.495247900485992,0
"Transformer",0.1,98,"test",31,0.503572344779968,0
"Transformer",0.1,98,"test",32,0.428623229265213,0
"Transformer",0.1,98,"test",33,0.415422797203064,0
"Transformer",0.1,98,"test",34,0.340043514966965,1
"Transformer",0.1,98,"test",35,0.385694921016693,1
"Transformer",0.1,98,"test",36,0.404930204153061,1
"Transformer",0.1,98,"test",37,0.427788227796555,1
"Transformer",0.1,98,"test",38,0.358139187097549,1
"Transformer",0.1,98,"test",39,0.341519832611084,1
"Transformer",0.1,98,"test",40,0.304073095321655,1
"Transformer",0.1,98,"test",41,0.319530487060547,1
"Transformer",0.1,98,"test",42,0.350434929132462,0
"Transformer",0.1,98,"test",43,0.353927344083786,0
"Transformer",0.1,98,"test",44,0.445352405309677,1
"Transformer",0.1,98,"test",45,0.443467289209366,1
"Transformer",0.1,98,"test",46,0.482779681682587,1
"Transformer",0.1,98,"test",47,0.506163716316223,0
"Transformer",0.1,98,"test",48,0.530355215072632,0
"Transformer",0.1,98,"test",49,0.479238629341125,0
"Transformer",0.1,98,"test",50,0.337346911430359,0
"Transformer",0.1,98,"test",51,0.319411069154739,1
"Transformer",0.1,98,"test",52,0.433737397193909,1
"Transformer",0.1,98,"test",53,0.404701441526413,1
"Transformer",0.1,98,"test",54,0.505587995052338,1
"Transformer",0.1,98,"test",55,0.484008967876434,0
"Transformer",0.1,98,"test",56,0.503572344779968,0
"Transformer",0.1,98,"test",57,0.501415371894836,0
"Transformer",0.1,98,"test",58,0.415422797203064,0
"Transformer",0.1,98,"test",59,0.41817370057106,1
"Transformer",0.1,98,"test",60,0.385694921016693,1
"Transformer",0.1,98,"test",61,0.351821929216385,1
"Transformer",0.1,98,"test",62,0.427788227796555,0
"Transformer",0.1,98,"test",63,0.396039098501205,1
"Transformer",0.1,98,"test",64,0.341519832611084,1
"Transformer",0.1,98,"test",65,0.344928652048111,1
"Transformer",0.1,98,"test",66,0.319530487060547,1
"Transformer",0.1,98,"test",67,0.323085099458694,1
"Transformer",0.1,98,"test",68,0.353927344083786,0
"Transformer",0.1,98,"test",69,0.339510679244995,0
"Transformer",0.1,98,"test",70,0.443467289209366,0
"Transformer",0.1,98,"test",71,0.407364785671234,1
"Transformer",0.1,98,"test",72,0.506163716316223,1
"Transformer",0.1,98,"test",73,0.527399003505707,0
"Transformer",0.1,98,"test",74,0.479238629341125,0
"Transformer",0.1,98,"test",75,0.492117583751678,0
"Transformer",0.1,98,"test",76,0.319411069154739,0
"Transformer",0.1,98,"test",77,0.323250472545624,0
"Transformer",0.1,98,"test",78,0.404701441526413,1
"Transformer",0.1,98,"test",79,0.404689729213715,0
"Transformer",0.1,98,"test",80,0.484008967876434,0
"Transformer",0.1,98,"test",81,0.486444473266602,1
"Transformer",0.1,98,"test",82,0.501415371894836,1
"Transformer",0.1,98,"test",83,0.505585193634033,1
"Transformer",0.1,98,"test",84,0.41817370057106,1
"Transformer",0.1,98,"test",85,0.415520519018173,0
"Transformer",0.1,98,"test",86,0.351821929216385,0
"Transformer",0.1,98,"test",87,0.335313230752945,0
"Transformer",0.1,98,"test",88,0.396039098501205,0
"Transformer",0.1,98,"test",89,0.411268442869186,0
"Transformer",0.1,98,"test",90,0.344928652048111,0
"Transformer",0.1,98,"test",91,0.370599985122681,1
"Transformer",0.1,98,"test",92,0.323085099458694,0
"Transformer",0.1,98,"test",93,0.325471132993698,0
"Transformer",0.1,98,"test",94,0.339510679244995,0
"Transformer",0.1,98,"test",95,0.347871154546738,0
"Transformer",0.1,98,"test",96,0.407364785671234,0
"Transformer",0.1,98,"test",97,0.400441646575928,1
"Transformer",0.1,98,"test",98,0.527399003505707,1
"Transformer",0.1,98,"test",99,0.503744661808014,1
"Transformer",0.1,98,"test",100,0.492117583751678,1
"Transformer",0.1,98,"test",101,0.491755694150925,1
"Transformer",0.1,98,"test",102,0.323250472545624,0
"Transformer",0.1,98,"test",103,0.312810301780701,0
"Transformer",0.1,98,"test",104,0.404689729213715,0
"Transformer",0.1,98,"test",105,0.419426143169403,0
"Transformer",0.1,98,"test",106,0.486444473266602,0
"Transformer",0.1,98,"test",107,0.472794443368912,0
"Transformer",0.1,98,"test",108,0.505585193634033,0
"Transformer",0.1,98,"test",109,0.506398737430573,0
"Transformer",0.1,98,"test",110,0.415520519018173,1
"Transformer",0.1,98,"test",111,0.429749250411987,1
"Transformer",0.1,98,"test",112,0.335313230752945,1
"Transformer",0.1,98,"test",113,0.346261262893677,0
"Transformer",0.1,98,"test",114,0.411268442869186,1
"Transformer",0.1,98,"test",115,0.393597394227982,1
"Transformer",0.1,98,"test",116,0.370599985122681,1
"Transformer",0.1,98,"test",117,0.357461601495743,1
"Transformer",0.1,98,"test",118,0.325471132993698,1
"Transformer",0.1,98,"test",119,0.326437801122665,0
"Transformer",0.1,98,"test",120,0.347871154546738,0
"Transformer",0.1,98,"test",121,0.337281554937363,0
"Transformer",0.1,98,"test",122,0.400441646575928,1
"Transformer",0.1,98,"test",123,0.395719170570374,1
"Transformer",0.1,98,"test",124,0.503744661808014,1
"Transformer",0.1,98,"test",125,0.538762927055359,0
"Transformer",0.1,98,"test",126,0.491755694150925,0
"Transformer",0.1,98,"test",127,0.47167444229126,0
"Transformer",0.1,98,"test",128,0.312810301780701,1
"Transformer",0.1,98,"test",129,0.311466008424759,1
"Transformer",0.1,98,"test",130,0.419426143169403,1
"Transformer",0.1,98,"test",131,0.449671298265457,1
"Transformer",0.1,98,"test",132,0.472794443368912,0
"Transformer",0.1,98,"test",133,0.479705423116684,0
"Transformer",0.1,98,"test",134,0.506398737430573,0
"Transformer",0.1,98,"test",135,0.505545735359192,0
"Transformer",0.1,98,"test",136,0.429749250411987,0
"Transformer",0.1,98,"test",137,0.419551610946655,1
"Transformer",0.1,98,"test",138,0.346261262893677,1
"Transformer",0.1,98,"test",139,0.354814380407333,1
"Transformer",0.1,98,"test",140,0.393597394227982,1
"Transformer",0.1,98,"test",141,0.393318593502045,1
"Transformer",0.1,98,"test",142,0.357461601495743,1
"Transformer",0.1,98,"test",143,0.367234766483307,1
"Transformer",0.1,98,"test",144,0.326437801122665,1
"Transformer",0.1,98,"test",145,0.332208395004272,1
"Transformer",0.1,98,"test",146,0.337281554937363,1
"Transformer",0.1,98,"test",147,0.34554585814476,1
"Transformer",0.1,98,"test",148,0.395719170570374,1
"Transformer",0.1,98,"test",149,0.455974996089935,1
"Transformer",0.1,98,"test",150,0.538762927055359,1
"Transformer",0.1,98,"test",151,0.506026864051819,1
"Transformer",0.1,98,"test",152,0.47167444229126,0
"Transformer",0.1,98,"test",153,0.464986681938171,0
"Transformer",0.1,98,"test",154,0.311466008424759,1
"Transformer",0.1,98,"test",155,0.311822563409805,1
"Transformer",0.1,98,"test",156,0.449671298265457,1
"Transformer",0.1,98,"test",157,0.415099442005157,0
"Transformer",0.1,98,"test",158,0.479705423116684,0
"Transformer",0.1,98,"test",159,0.499457120895386,0
"Transformer",0.1,98,"test",160,0.505545735359192,0
"Transformer",0.1,98,"test",161,0.505036115646362,0
"Transformer",0.1,98,"test",162,0.419551610946655,0
"Transformer",0.1,98,"test",163,0.422245383262634,0
"Transformer",0.1,98,"test",164,0.354814380407333,0
"Transformer",0.1,98,"test",165,0.35203891992569,1
"Transformer",0.1,98,"test",166,0.393318593502045,1
"Transformer",0.1,98,"test",167,0.396482646465302,0
"Transformer",0.1,98,"test",168,0.367234766483307,1
"Transformer",0.1,98,"test",169,0.373418539762497,1
"Transformer",0.1,98,"test",170,0.332208395004272,1
"Transformer",0.1,98,"test",171,0.329418241977692,0
"Transformer",0.1,98,"test",172,0.34554585814476,0
"Transformer",0.1,98,"test",173,0.333976298570633,1
"Transformer",0.1,98,"test",174,0.455974996089935,1
"Transformer",0.1,98,"test",175,0.430970221757889,1
"Transformer",0.1,98,"test",176,0.506026864051819,1
"Transformer",0.1,98,"test",177,0.487364739179611,0
"Transformer",0.1,98,"test",178,0.464986681938171,0
"Transformer",0.1,98,"test",179,0.467920452356339,0
"Transformer",0.1,98,"test",180,0.311822563409805,0
"Transformer",0.1,98,"test",181,0.332443386316299,0
"Transformer",0.1,98,"test",182,0.415099442005157,0
"Transformer",0.1,98,"test",183,0.401915192604065,0
"Transformer",0.1,98,"test",184,0.499457120895386,0
"Transformer",0.1,98,"test",185,0.465507239103317,0
"Transformer",0.1,98,"test",186,0.505036115646362,1
"Transformer",0.1,98,"test",187,0.503390312194824,0
"Transformer",0.1,98,"test",188,0.422245383262634,0
"Transformer",0.1,98,"test",189,0.417282283306122,0
"Transformer",0.1,98,"test",190,0.35203891992569,0
"Transformer",0.1,98,"test",191,0.357004553079605,0
"Transformer",0.1,98,"test",192,0.396482646465302,0
"Transformer",0.1,98,"test",193,0.38344669342041,0
"Transformer",0.1,98,"test",194,0.373418539762497,0
"Transformer",0.1,98,"test",195,0.363467007875443,0
"Transformer",0.1,98,"test",196,0.329418241977692,0
"Transformer",0.1,98,"test",197,0.312321126461029,1
"Transformer",0.1,98,"test",198,0.333976298570633,1
"Transformer",0.1,98,"test",199,0.336540073156357,1
"Transformer",0.1,98,"test",200,0.430970221757889,0
"Transformer",0.1,98,"test",201,0.426193624734879,0
"Transformer",0.1,98,"test",202,0.487364739179611,1
"Transformer",0.1,98,"test",203,0.519066274166107,0
"Transformer",0.1,98,"test",204,0.467920452356339,0
"Transformer",0.1,98,"test",205,0.493157535791397,0
"Transformer",0.1,98,"test",206,0.332443386316299,1
"Transformer",0.1,98,"test",207,0.334657430648804,0
"Transformer",0.1,98,"test",208,0.401915192604065,0
"Transformer",0.1,98,"test",209,0.407156378030777,0
"Transformer",0.1,98,"test",210,0.465507239103317,0
"Transformer",0.1,98,"test",211,0.466969341039658,0
"Transformer",0.1,98,"test",212,0.503390312194824,1
"Transformer",0.1,98,"test",213,0.505701303482056,0
"Transformer",0.1,98,"test",214,0.417282283306122,1
"Transformer",0.1,98,"test",215,0.420372068881989,1
"Transformer",0.1,98,"test",216,0.357004553079605,1
"Transformer",0.1,98,"test",217,0.335757493972778,0
"Transformer",0.1,98,"test",218,0.38344669342041,0
"Transformer",0.1,98,"test",219,0.382165759801865,1
"Transformer",0.1,98,"test",220,0.363467007875443,1
"Transformer",0.1,98,"test",221,0.371381342411041,0
"Transformer",0.1,98,"test",222,0.312321126461029,1
"Transformer",0.1,98,"test",223,0.331249088048935,1
"Transformer",0.1,98,"test",224,0.336540073156357,1
"Transformer",0.1,98,"test",225,0.344786077737808,0
"Transformer",0.1,98,"test",226,0.426193624734879,0
"Transformer",0.1,98,"test",227,0.427751630544662,0
"Transformer",0.1,98,"test",228,0.519066274166107,1
"Transformer",0.1,98,"test",229,0.484306573867798,1
"Transformer",0.1,98,"test",230,0.493157535791397,0
"Transformer",0.1,98,"test",231,0.499626576900482,1
"Transformer",0.1,98,"test",232,0.334657430648804,1
"Transformer",0.1,98,"test",233,0.343064844608307,1
"Transformer",0.1,98,"test",234,0.407156378030777,1
"Transformer",0.1,98,"test",235,0.403703838586807,1
"Transformer",0.1,98,"test",236,0.466969341039658,1
"Transformer",0.1,98,"test",237,0.464937329292297,0
"Transformer",0.1,98,"test",238,0.505701303482056,0
"Transformer",0.1,98,"test",239,0.505646944046021,0
"Transformer",0.1,98,"test",240,0.420372068881989,0
"Transformer",0.1,98,"test",241,0.423985540866852,0
"Transformer",0.1,98,"test",242,0.335757493972778,0
"Transformer",0.1,98,"test",243,0.324828952550888,0
"Transformer",0.1,98,"test",244,0.382165759801865,1
"Transformer",0.1,98,"test",245,0.405007272958755,1
"Transformer",0.1,98,"test",246,0.371381342411041,1
"Transformer",0.1,98,"test",247,0.382882356643677,1
"Transformer",0.1,98,"test",248,0.331249088048935,1
"Transformer",0.1,98,"test",249,0.332539200782776,1
"Transformer",0.1,98,"test",250,0.344786077737808,1
"Transformer",0.1,98,"test",251,0.3747438788414,1
"Transformer",0.1,98,"test",252,0.427751630544662,0
"Transformer",0.1,98,"test",253,0.43862846493721,0
"Transformer",0.1,98,"test",254,0.484306573867798,0
"Transformer",0.1,98,"test",255,0.523415207862854,1
"Transformer",0.1,98,"test",256,0.499626576900482,1
"Transformer",0.1,98,"test",257,0.474953204393387,1
"Transformer",0.1,98,"test",258,0.343064844608307,1
"Transformer",0.1,98,"test",259,0.324473679065704,1
"Transformer",0.1,98,"test",260,0.403703838586807,1
"Transformer",0.1,98,"test",261,0.421282351016998,1
"Transformer",0.1,98,"test",262,0.464937329292297,0
"Transformer",0.1,98,"test",263,0.429222792387009,0
"Transformer",0.1,98,"test",264,0.505646944046021,1
"Transformer",0.1,98,"test",265,0.505988955497742,1
"Transformer",0.1,98,"test",266,0.423985540866852,1
"Transformer",0.1,98,"test",267,0.393913388252258,1
"Transformer",0.1,98,"test",268,0.324828952550888,1
"Transformer",0.1,98,"test",269,0.336495757102966,1
"Transformer",0.1,98,"test",270,0.405007272958755,1
"Transformer",0.1,98,"test",271,0.397702991962433,1
"Transformer",0.1,98,"test",272,0.382882356643677,1
"Transformer",0.1,98,"test",273,0.360000044107437,1
"Transformer",0.1,98,"test",274,0.332539200782776,1
"Transformer",0.1,98,"test",275,0.33033561706543,1
"Transformer",0.1,98,"test",276,0.3747438788414,1
"Transformer",0.1,98,"test",277,0.367966532707214,1
"Transformer",0.1,98,"test",278,0.43862846493721,0
"Transformer",0.1,98,"test",279,0.474482655525208,0
"Transformer",0.1,98,"test",280,0.523415207862854,0
"Transformer",0.1,98,"test",281,0.517668306827545,0
"Transformer",0.1,98,"test",282,0.474953204393387,0
"Transformer",0.1,98,"test",283,0.508402407169342,0
"Transformer",0.1,98,"test",284,0.324473679065704,0
"Transformer",0.1,98,"test",285,0.339134722948074,0
"Transformer",0.1,98,"test",286,0.421282351016998,0
"Transformer",0.1,98,"test",287,0.4234898686409,0
"Transformer",0.1,98,"test",288,0.429222792387009,0
"Transformer",0.1,98,"test",289,0.475474625825882,0
"Transformer",0.1,98,"test",290,0.505988955497742,0
"Transformer",0.1,98,"test",291,0.493244707584381,0
"Transformer",0.1,98,"test",292,0.393913388252258,1
"Transformer",0.1,98,"test",293,0.433036416769028,1
"Transformer",0.1,98,"test",294,0.336495757102966,1
"Transformer",0.1,98,"test",295,0.349103510379791,0
"Transformer",0.1,98,"test",296,0.397702991962433,0
"Transformer",0.1,98,"test",297,0.397538006305695,1
"Transformer",0.1,98,"test",298,0.360000044107437,0
"Transformer",0.1,98,"test",299,0.366393685340881,0
"Transformer",0.1,98,"test",300,0.33033561706543,1
"Transformer",0.1,98,"test",301,0.347832322120667,1
"Transformer",0.1,98,"test",302,0.367966532707214,1
"Transformer",0.1,98,"test",303,0.392467111349106,0
"Transformer",0.1,98,"test",304,0.474482655525208,1
"Transformer",0.1,98,"test",305,0.452643990516663,0
"Transformer",0.1,41,"test",1,0.341208457946777,0
"Transformer",0.1,41,"test",2,0.486767113208771,0
"Transformer",0.1,41,"test",3,0.495579838752747,1
"Transformer",0.1,41,"test",4,0.500786781311035,1
"Transformer",0.1,41,"test",5,0.534818172454834,1
"Transformer",0.1,41,"test",6,0.462924659252167,1
"Transformer",0.1,41,"test",7,0.439005553722382,1
"Transformer",0.1,41,"test",8,0.495175898075104,1
"Transformer",0.1,41,"test",9,0.476587861776352,1
"Transformer",0.1,41,"test",10,0.479255259037018,1
"Transformer",0.1,41,"test",11,0.471939384937286,1
"Transformer",0.1,41,"test",12,0.429355144500732,1
"Transformer",0.1,41,"test",13,0.456937193870544,1
"Transformer",0.1,41,"test",14,0.371061861515045,1
"Transformer",0.1,41,"test",15,0.370617806911469,1
"Transformer",0.1,41,"test",16,0.338967382907867,1
"Transformer",0.1,41,"test",17,0.402768492698669,0
"Transformer",0.1,41,"test",18,0.557607054710388,0
"Transformer",0.1,41,"test",19,0.561631202697754,0
"Transformer",0.1,41,"test",20,0.514888525009155,1
"Transformer",0.1,41,"test",21,0.52069491147995,1
"Transformer",0.1,41,"test",22,0.46467661857605,1
"Transformer",0.1,41,"test",23,0.425278425216675,0
"Transformer",0.1,41,"test",24,0.419631332159042,0
"Transformer",0.1,41,"test",25,0.461923629045486,0
"Transformer",0.1,41,"test",26,0.341208457946777,1
"Transformer",0.1,41,"test",27,0.466715782880783,1
"Transformer",0.1,41,"test",28,0.495579838752747,1
"Transformer",0.1,41,"test",29,0.501798629760742,0
"Transformer",0.1,41,"test",30,0.534818172454834,0
"Transformer",0.1,41,"test",31,0.553858041763306,0
"Transformer",0.1,41,"test",32,0.439005553722382,0
"Transformer",0.1,41,"test",33,0.400524377822876,0
"Transformer",0.1,41,"test",34,0.476587861776352,1
"Transformer",0.1,41,"test",35,0.46147146821022,1
"Transformer",0.1,41,"test",36,0.471939384937286,1
"Transformer",0.1,41,"test",37,0.458188086748123,1
"Transformer",0.1,41,"test",38,0.456937193870544,1
"Transformer",0.1,41,"test",39,0.448182255029678,1
"Transformer",0.1,41,"test",40,0.370617806911469,1
"Transformer",0.1,41,"test",41,0.369025558233261,1
"Transformer",0.1,41,"test",42,0.402768492698669,0
"Transformer",0.1,41,"test",43,0.413079649209976,0
"Transformer",0.1,41,"test",44,0.561631202697754,1
"Transformer",0.1,41,"test",45,0.558692634105682,1
"Transformer",0.1,41,"test",46,0.52069491147995,1
"Transformer",0.1,41,"test",47,0.509916067123413,0
"Transformer",0.1,41,"test",48,0.425278425216675,0
"Transformer",0.1,41,"test",49,0.466154187917709,0
"Transformer",0.1,41,"test",50,0.461923629045486,0
"Transformer",0.1,41,"test",51,0.398307740688324,1
"Transformer",0.1,41,"test",52,0.466715782880783,1
"Transformer",0.1,41,"test",53,0.433807104825974,1
"Transformer",0.1,41,"test",54,0.501798629760742,1
"Transformer",0.1,41,"test",55,0.486145943403244,0
"Transformer",0.1,41,"test",56,0.553858041763306,0
"Transformer",0.1,41,"test",57,0.549491584300995,0
"Transformer",0.1,41,"test",58,0.400524377822876,0
"Transformer",0.1,41,"test",59,0.391089111566544,1
"Transformer",0.1,41,"test",60,0.46147146821022,1
"Transformer",0.1,41,"test",61,0.471541494131088,1
"Transformer",0.1,41,"test",62,0.458188086748123,0
"Transformer",0.1,41,"test",63,0.479763597249985,1
"Transformer",0.1,41,"test",64,0.448182255029678,1
"Transformer",0.1,41,"test",65,0.447513610124588,1
"Transformer",0.1,41,"test",66,0.369025558233261,1
"Transformer",0.1,41,"test",67,0.375570386648178,1
"Transformer",0.1,41,"test",68,0.413079649209976,0
"Transformer",0.1,41,"test",69,0.381940901279449,0
"Transformer",0.1,41,"test",70,0.558692634105682,0
"Transformer",0.1,41,"test",71,0.530865073204041,1
"Transformer",0.1,41,"test",72,0.509916067123413,1
"Transformer",0.1,41,"test",73,0.490540862083435,0
"Transformer",0.1,41,"test",74,0.466154187917709,0
"Transformer",0.1,41,"test",75,0.477022737264633,0
"Transformer",0.1,41,"test",76,0.398307740688324,0
"Transformer",0.1,41,"test",77,0.416380703449249,0
"Transformer",0.1,41,"test",78,0.433807104825974,1
"Transformer",0.1,41,"test",79,0.432294636964798,0
"Transformer",0.1,41,"test",80,0.486145943403244,0
"Transformer",0.1,41,"test",81,0.491779029369354,1
"Transformer",0.1,41,"test",82,0.549491584300995,1
"Transformer",0.1,41,"test",83,0.559904873371124,1
"Transformer",0.1,41,"test",84,0.391089111566544,1
"Transformer",0.1,41,"test",85,0.39936301112175,0
"Transformer",0.1,41,"test",86,0.471541494131088,0
"Transformer",0.1,41,"test",87,0.471661955118179,0
"Transformer",0.1,41,"test",88,0.479763597249985,0
"Transformer",0.1,41,"test",89,0.463171780109406,0
"Transformer",0.1,41,"test",90,0.447513610124588,0
"Transformer",0.1,41,"test",91,0.459562599658966,1
"Transformer",0.1,41,"test",92,0.375570386648178,0
"Transformer",0.1,41,"test",93,0.375922709703445,0
"Transformer",0.1,41,"test",94,0.381940901279449,0
"Transformer",0.1,41,"test",95,0.39754518866539,0
"Transformer",0.1,41,"test",96,0.530865073204041,0
"Transformer",0.1,41,"test",97,0.523833632469177,1
"Transformer",0.1,41,"test",98,0.490540862083435,1
"Transformer",0.1,41,"test",99,0.508440852165222,1
"Transformer",0.1,41,"test",100,0.477022737264633,1
"Transformer",0.1,41,"test",101,0.469352602958679,1
"Transformer",0.1,41,"test",102,0.416380703449249,0
"Transformer",0.1,41,"test",103,0.364179790019989,0
"Transformer",0.1,41,"test",104,0.432294636964798,0
"Transformer",0.1,41,"test",105,0.455826729536057,0
"Transformer",0.1,41,"test",106,0.491779029369354,0
"Transformer",0.1,41,"test",107,0.475184768438339,0
"Transformer",0.1,41,"test",108,0.559904873371124,0
"Transformer",0.1,41,"test",109,0.564408898353577,0
"Transformer",0.1,41,"test",110,0.39936301112175,1
"Transformer",0.1,41,"test",111,0.374110341072083,1
"Transformer",0.1,41,"test",112,0.471661955118179,1
"Transformer",0.1,41,"test",113,0.482197433710098,0
"Transformer",0.1,41,"test",114,0.463171780109406,1
"Transformer",0.1,41,"test",115,0.48379197716713,1
"Transformer",0.1,41,"test",116,0.459562599658966,1
"Transformer",0.1,41,"test",117,0.455687522888184,1
"Transformer",0.1,41,"test",118,0.375922709703445,1
"Transformer",0.1,41,"test",119,0.365492045879364,0
"Transformer",0.1,41,"test",120,0.39754518866539,0
"Transformer",0.1,41,"test",121,0.378985196352005,0
"Transformer",0.1,41,"test",122,0.523833632469177,1
"Transformer",0.1,41,"test",123,0.519216060638428,1
"Transformer",0.1,41,"test",124,0.508440852165222,1
"Transformer",0.1,41,"test",125,0.49226576089859,0
"Transformer",0.1,41,"test",126,0.469352602958679,0
"Transformer",0.1,41,"test",127,0.467311918735504,0
"Transformer",0.1,41,"test",128,0.364179790019989,1
"Transformer",0.1,41,"test",129,0.350256383419037,1
"Transformer",0.1,41,"test",130,0.455826729536057,1
"Transformer",0.1,41,"test",131,0.506192445755005,1
"Transformer",0.1,41,"test",132,0.475184768438339,0
"Transformer",0.1,41,"test",133,0.493683785200119,0
"Transformer",0.1,41,"test",134,0.564408898353577,0
"Transformer",0.1,41,"test",135,0.557841122150421,0
"Transformer",0.1,41,"test",136,0.374110341072083,0
"Transformer",0.1,41,"test",137,0.403435558080673,1
"Transformer",0.1,41,"test",138,0.482197433710098,1
"Transformer",0.1,41,"test",139,0.487858921289444,1
"Transformer",0.1,41,"test",140,0.48379197716713,1
"Transformer",0.1,41,"test",141,0.479999959468842,1
"Transformer",0.1,41,"test",142,0.455687522888184,1
"Transformer",0.1,41,"test",143,0.450691938400269,1
"Transformer",0.1,41,"test",144,0.365492045879364,1
"Transformer",0.1,41,"test",145,0.36602970957756,1
"Transformer",0.1,41,"test",146,0.378985196352005,1
"Transformer",0.1,41,"test",147,0.394800037145615,1
"Transformer",0.1,41,"test",148,0.519216060638428,1
"Transformer",0.1,41,"test",149,0.563101768493652,1
"Transformer",0.1,41,"test",150,0.49226576089859,1
"Transformer",0.1,41,"test",151,0.498381733894348,1
"Transformer",0.1,41,"test",152,0.467311918735504,0
"Transformer",0.1,41,"test",153,0.499643802642822,0
"Transformer",0.1,41,"test",154,0.350256383419037,1
"Transformer",0.1,41,"test",155,0.284039974212646,1
"Transformer",0.1,41,"test",156,0.506192445755005,1
"Transformer",0.1,41,"test",157,0.451425671577454,0
"Transformer",0.1,41,"test",158,0.493683785200119,0
"Transformer",0.1,41,"test",159,0.502414584159851,0
"Transformer",0.1,41,"test",160,0.557841122150421,0
"Transformer",0.1,41,"test",161,0.553577303886414,0
"Transformer",0.1,41,"test",162,0.403435558080673,0
"Transformer",0.1,41,"test",163,0.451522022485733,0
"Transformer",0.1,41,"test",164,0.487858921289444,0
"Transformer",0.1,41,"test",165,0.484469830989838,1
"Transformer",0.1,41,"test",166,0.479999959468842,1
"Transformer",0.1,41,"test",167,0.484065771102905,0
"Transformer",0.1,41,"test",168,0.450691938400269,1
"Transformer",0.1,41,"test",169,0.460030406713486,1
"Transformer",0.1,41,"test",170,0.36602970957756,1
"Transformer",0.1,41,"test",171,0.362985372543335,0
"Transformer",0.1,41,"test",172,0.394800037145615,0
"Transformer",0.1,41,"test",173,0.367345720529556,1
"Transformer",0.1,41,"test",174,0.563101768493652,1
"Transformer",0.1,41,"test",175,0.550908863544464,1
"Transformer",0.1,41,"test",176,0.498381733894348,1
"Transformer",0.1,41,"test",177,0.493309020996094,0
"Transformer",0.1,41,"test",178,0.499643802642822,0
"Transformer",0.1,41,"test",179,0.463034003973007,0
"Transformer",0.1,41,"test",180,0.284039974212646,0
"Transformer",0.1,41,"test",181,0.393230080604553,0
"Transformer",0.1,41,"test",182,0.451425671577454,0
"Transformer",0.1,41,"test",183,0.422562539577484,0
"Transformer",0.1,41,"test",184,0.502414584159851,0
"Transformer",0.1,41,"test",185,0.482751905918121,0
"Transformer",0.1,41,"test",186,0.553577303886414,1
"Transformer",0.1,41,"test",187,0.538140773773193,0
"Transformer",0.1,41,"test",188,0.451522022485733,0
"Transformer",0.1,41,"test",189,0.451334059238434,0
"Transformer",0.1,41,"test",190,0.484469830989838,0
"Transformer",0.1,41,"test",191,0.441437304019928,0
"Transformer",0.1,41,"test",192,0.484065771102905,0
"Transformer",0.1,41,"test",193,0.456658691167831,0
"Transformer",0.1,41,"test",194,0.460030406713486,0
"Transformer",0.1,41,"test",195,0.429105252027512,0
"Transformer",0.1,41,"test",196,0.362985372543335,0
"Transformer",0.1,41,"test",197,0.364338129758835,1
"Transformer",0.1,41,"test",198,0.367345720529556,1
"Transformer",0.1,41,"test",199,0.376307785511017,1
"Transformer",0.1,41,"test",200,0.550908863544464,0
"Transformer",0.1,41,"test",201,0.547486841678619,0
"Transformer",0.1,41,"test",202,0.493309020996094,1
"Transformer",0.1,41,"test",203,0.518136084079742,0
"Transformer",0.1,41,"test",204,0.463034003973007,0
"Transformer",0.1,41,"test",205,0.463146269321442,0
"Transformer",0.1,41,"test",206,0.393230080604553,1
"Transformer",0.1,41,"test",207,0.338709115982056,0
"Transformer",0.1,41,"test",208,0.422562539577484,0
"Transformer",0.1,41,"test",209,0.440399497747421,0
"Transformer",0.1,41,"test",210,0.482751905918121,0
"Transformer",0.1,41,"test",211,0.483386963605881,0
"Transformer",0.1,41,"test",212,0.538140773773193,1
"Transformer",0.1,41,"test",213,0.563243508338928,0
"Transformer",0.1,41,"test",214,0.451334059238434,1
"Transformer",0.1,41,"test",215,0.374312728643417,1
"Transformer",0.1,41,"test",216,0.441437304019928,1
"Transformer",0.1,41,"test",217,0.419963419437408,0
"Transformer",0.1,41,"test",218,0.456658691167831,0
"Transformer",0.1,41,"test",219,0.451109498739243,1
"Transformer",0.1,41,"test",220,0.429105252027512,1
"Transformer",0.1,41,"test",221,0.459883064031601,0
"Transformer",0.1,41,"test",222,0.364338129758835,1
"Transformer",0.1,41,"test",223,0.366897344589233,1
"Transformer",0.1,41,"test",224,0.376307785511017,1
"Transformer",0.1,41,"test",225,0.393551886081696,0
"Transformer",0.1,41,"test",226,0.547486841678619,0
"Transformer",0.1,41,"test",227,0.549450576305389,0
"Transformer",0.1,41,"test",228,0.518136084079742,1
"Transformer",0.1,41,"test",229,0.497076094150543,1
"Transformer",0.1,41,"test",230,0.463146269321442,0
"Transformer",0.1,41,"test",231,0.425900489091873,1
"Transformer",0.1,41,"test",232,0.338709115982056,1
"Transformer",0.1,41,"test",233,0.465956062078476,1
"Transformer",0.1,41,"test",234,0.440399497747421,1
"Transformer",0.1,41,"test",235,0.433963894844055,1
"Transformer",0.1,41,"test",236,0.483386963605881,1
"Transformer",0.1,41,"test",237,0.485052853822708,0
"Transformer",0.1,41,"test",238,0.563243508338928,0
"Transformer",0.1,41,"test",239,0.557669281959534,0
"Transformer",0.1,41,"test",240,0.374312728643417,0
"Transformer",0.1,41,"test",241,0.362567722797394,0
"Transformer",0.1,41,"test",242,0.419963419437408,0
"Transformer",0.1,41,"test",243,0.455814599990845,0
"Transformer",0.1,41,"test",244,0.451109498739243,1
"Transformer",0.1,41,"test",245,0.451914340257645,1
"Transformer",0.1,41,"test",246,0.459883064031601,1
"Transformer",0.1,41,"test",247,0.399625778198242,1
"Transformer",0.1,41,"test",248,0.366897344589233,1
"Transformer",0.1,41,"test",249,0.381427884101868,1
"Transformer",0.1,41,"test",250,0.393551886081696,1
"Transformer",0.1,41,"test",251,0.431996285915375,1
"Transformer",0.1,41,"test",252,0.549450576305389,0
"Transformer",0.1,41,"test",253,0.558405339717865,0
"Transformer",0.1,41,"test",254,0.497076094150543,0
"Transformer",0.1,41,"test",255,0.468057602643967,1
"Transformer",0.1,41,"test",256,0.425900489091873,1
"Transformer",0.1,41,"test",257,0.481445252895355,1
"Transformer",0.1,41,"test",258,0.465956062078476,1
"Transformer",0.1,41,"test",259,0.419059127569199,1
"Transformer",0.1,41,"test",260,0.433963894844055,1
"Transformer",0.1,41,"test",261,0.454369515180588,1
"Transformer",0.1,41,"test",262,0.485052853822708,0
"Transformer",0.1,41,"test",263,0.440456390380859,0
"Transformer",0.1,41,"test",264,0.557669281959534,1
"Transformer",0.1,41,"test",265,0.561463832855225,1
"Transformer",0.1,41,"test",266,0.362567722797394,1
"Transformer",0.1,41,"test",267,0.40967133641243,1
"Transformer",0.1,41,"test",268,0.455814599990845,1
"Transformer",0.1,41,"test",269,0.470538973808289,1
"Transformer",0.1,41,"test",270,0.451914340257645,1
"Transformer",0.1,41,"test",271,0.479768544435501,1
"Transformer",0.1,41,"test",272,0.399625778198242,1
"Transformer",0.1,41,"test",273,0.435914993286133,1
"Transformer",0.1,41,"test",274,0.381427884101868,1
"Transformer",0.1,41,"test",275,0.36751127243042,1
"Transformer",0.1,41,"test",276,0.431996285915375,1
"Transformer",0.1,41,"test",277,0.413030356168747,1
"Transformer",0.1,41,"test",278,0.558405339717865,0
"Transformer",0.1,41,"test",279,0.530550062656403,0
"Transformer",0.1,41,"test",280,0.468057602643967,0
"Transformer",0.1,41,"test",281,0.508538246154785,0
"Transformer",0.1,41,"test",282,0.481445252895355,0
"Transformer",0.1,41,"test",283,0.451959818601608,0
"Transformer",0.1,41,"test",284,0.419059127569199,0
"Transformer",0.1,41,"test",285,0.440551310777664,0
"Transformer",0.1,41,"test",286,0.454369515180588,0
"Transformer",0.1,41,"test",287,0.463241994380951,0
"Transformer",0.1,41,"test",288,0.440456390380859,0
"Transformer",0.1,41,"test",289,0.486714988946915,0
"Transformer",0.1,41,"test",290,0.561463832855225,0
"Transformer",0.1,41,"test",291,0.530243158340454,0
"Transformer",0.1,41,"test",292,0.40967133641243,1
"Transformer",0.1,41,"test",293,0.495808005332947,1
"Transformer",0.1,41,"test",294,0.470538973808289,1
"Transformer",0.1,41,"test",295,0.462465167045593,0
"Transformer",0.1,41,"test",296,0.479768544435501,0
"Transformer",0.1,41,"test",297,0.483601003885269,1
"Transformer",0.1,41,"test",298,0.435914993286133,0
"Transformer",0.1,41,"test",299,0.430440932512283,0
"Transformer",0.1,41,"test",300,0.36751127243042,1
"Transformer",0.1,41,"test",301,0.371641784906387,1
"Transformer",0.1,41,"test",302,0.413030356168747,1
"Transformer",0.1,41,"test",303,0.453880339860916,0
"Transformer",0.1,41,"test",304,0.530550062656403,1
"Transformer",0.1,41,"test",305,0.561302363872528,0
"Transformer",0.1,64,"test",1,0.451444566249847,0
"Transformer",0.1,64,"test",2,0.507834732532501,0
"Transformer",0.1,64,"test",3,0.506335914134979,1
"Transformer",0.1,64,"test",4,0.549221873283386,1
"Transformer",0.1,64,"test",5,0.524762511253357,1
"Transformer",0.1,64,"test",6,0.557579219341278,1
"Transformer",0.1,64,"test",7,0.532058537006378,1
"Transformer",0.1,64,"test",8,0.509617924690247,1
"Transformer",0.1,64,"test",9,0.475553512573242,1
"Transformer",0.1,64,"test",10,0.493913203477859,1
"Transformer",0.1,64,"test",11,0.49535858631134,1
"Transformer",0.1,64,"test",12,0.419055789709091,1
"Transformer",0.1,64,"test",13,0.470003366470337,1
"Transformer",0.1,64,"test",14,0.363018274307251,1
"Transformer",0.1,64,"test",15,0.335890620946884,1
"Transformer",0.1,64,"test",16,0.477032512426376,1
"Transformer",0.1,64,"test",17,0.491701275110245,0
"Transformer",0.1,64,"test",18,0.485078662633896,0
"Transformer",0.1,64,"test",19,0.499160766601562,0
"Transformer",0.1,64,"test",20,0.479606717824936,1
"Transformer",0.1,64,"test",21,0.48782280087471,1
"Transformer",0.1,64,"test",22,0.513119041919708,1
"Transformer",0.1,64,"test",23,0.467787146568298,0
"Transformer",0.1,64,"test",24,0.49296510219574,0
"Transformer",0.1,64,"test",25,0.532199621200562,0
"Transformer",0.1,64,"test",26,0.451444566249847,1
"Transformer",0.1,64,"test",27,0.433537274599075,1
"Transformer",0.1,64,"test",28,0.506335914134979,1
"Transformer",0.1,64,"test",29,0.504131078720093,0
"Transformer",0.1,64,"test",30,0.524762511253357,0
"Transformer",0.1,64,"test",31,0.557941973209381,0
"Transformer",0.1,64,"test",32,0.532058537006378,0
"Transformer",0.1,64,"test",33,0.482883095741272,0
"Transformer",0.1,64,"test",34,0.475553512573242,1
"Transformer",0.1,64,"test",35,0.502534866333008,1
"Transformer",0.1,64,"test",36,0.49535858631134,1
"Transformer",0.1,64,"test",37,0.493796348571777,1
"Transformer",0.1,64,"test",38,0.470003366470337,1
"Transformer",0.1,64,"test",39,0.45046666264534,1
"Transformer",0.1,64,"test",40,0.335890620946884,1
"Transformer",0.1,64,"test",41,0.357098281383514,1
"Transformer",0.1,64,"test",42,0.491701275110245,0
"Transformer",0.1,64,"test",43,0.473818302154541,0
"Transformer",0.1,64,"test",44,0.499160766601562,1
"Transformer",0.1,64,"test",45,0.488931596279144,1
"Transformer",0.1,64,"test",46,0.48782280087471,1
"Transformer",0.1,64,"test",47,0.468180745840073,0
"Transformer",0.1,64,"test",48,0.467787146568298,0
"Transformer",0.1,64,"test",49,0.533053159713745,0
"Transformer",0.1,64,"test",50,0.532199621200562,0
"Transformer",0.1,64,"test",51,0.482636451721191,1
"Transformer",0.1,64,"test",52,0.433537274599075,1
"Transformer",0.1,64,"test",53,0.436209410429001,1
"Transformer",0.1,64,"test",54,0.504131078720093,1
"Transformer",0.1,64,"test",55,0.513141095638275,0
"Transformer",0.1,64,"test",56,0.557941973209381,0
"Transformer",0.1,64,"test",57,0.539418697357178,0
"Transformer",0.1,64,"test",58,0.482883095741272,0
"Transformer",0.1,64,"test",59,0.474167466163635,1
"Transformer",0.1,64,"test",60,0.502534866333008,1
"Transformer",0.1,64,"test",61,0.491151750087738,1
"Transformer",0.1,64,"test",62,0.493796348571777,0
"Transformer",0.1,64,"test",63,0.49029615521431,1
"Transformer",0.1,64,"test",64,0.45046666264534,1
"Transformer",0.1,64,"test",65,0.444994270801544,1
"Transformer",0.1,64,"test",66,0.357098281383514,1
"Transformer",0.1,64,"test",67,0.375287055969238,1
"Transformer",0.1,64,"test",68,0.473818302154541,0
"Transformer",0.1,64,"test",69,0.474827975034714,0
"Transformer",0.1,64,"test",70,0.488931596279144,0
"Transformer",0.1,64,"test",71,0.479361414909363,1
"Transformer",0.1,64,"test",72,0.468180745840073,1
"Transformer",0.1,64,"test",73,0.450141876935959,0
"Transformer",0.1,64,"test",74,0.533053159713745,0
"Transformer",0.1,64,"test",75,0.534779787063599,0
"Transformer",0.1,64,"test",76,0.482636451721191,0
"Transformer",0.1,64,"test",77,0.500294804573059,0
"Transformer",0.1,64,"test",78,0.436209410429001,1
"Transformer",0.1,64,"test",79,0.448422342538834,0
"Transformer",0.1,64,"test",80,0.513141095638275,0
"Transformer",0.1,64,"test",81,0.512607514858246,1
"Transformer",0.1,64,"test",82,0.539418697357178,1
"Transformer",0.1,64,"test",83,0.562361896038055,1
"Transformer",0.1,64,"test",84,0.474167466163635,1
"Transformer",0.1,64,"test",85,0.481811791658401,0
"Transformer",0.1,64,"test",86,0.491151750087738,0
"Transformer",0.1,64,"test",87,0.472891420125961,0
"Transformer",0.1,64,"test",88,0.49029615521431,0
"Transformer",0.1,64,"test",89,0.498838484287262,0
"Transformer",0.1,64,"test",90,0.444994270801544,0
"Transformer",0.1,64,"test",91,0.475349903106689,1
"Transformer",0.1,64,"test",92,0.375287055969238,0
"Transformer",0.1,64,"test",93,0.382301151752472,0
"Transformer",0.1,64,"test",94,0.474827975034714,0
"Transformer",0.1,64,"test",95,0.484132468700409,0
"Transformer",0.1,64,"test",96,0.479361414909363,0
"Transformer",0.1,64,"test",97,0.47296941280365,1
"Transformer",0.1,64,"test",98,0.450141876935959,1
"Transformer",0.1,64,"test",99,0.466300398111343,1
"Transformer",0.1,64,"test",100,0.534779787063599,1
"Transformer",0.1,64,"test",101,0.526759266853333,1
"Transformer",0.1,64,"test",102,0.500294804573059,0
"Transformer",0.1,64,"test",103,0.465146690607071,0
"Transformer",0.1,64,"test",104,0.448422342538834,0
"Transformer",0.1,64,"test",105,0.458018809556961,0
"Transformer",0.1,64,"test",106,0.512607514858246,0
"Transformer",0.1,64,"test",107,0.518755555152893,0
"Transformer",0.1,64,"test",108,0.562361896038055,0
"Transformer",0.1,64,"test",109,0.561196863651276,0
"Transformer",0.1,64,"test",110,0.481811791658401,1
"Transformer",0.1,64,"test",111,0.447273522615433,1
"Transformer",0.1,64,"test",112,0.472891420125961,1
"Transformer",0.1,64,"test",113,0.483612298965454,0
"Transformer",0.1,64,"test",114,0.498838484287262,1
"Transformer",0.1,64,"test",115,0.494652330875397,1
"Transformer",0.1,64,"test",116,0.475349903106689,1
"Transformer",0.1,64,"test",117,0.458465933799744,1
"Transformer",0.1,64,"test",118,0.382301151752472,1
"Transformer",0.1,64,"test",119,0.370532035827637,0
"Transformer",0.1,64,"test",120,0.484132468700409,0
"Transformer",0.1,64,"test",121,0.483828783035278,0
"Transformer",0.1,64,"test",122,0.47296941280365,1
"Transformer",0.1,64,"test",123,0.473452776670456,1
"Transformer",0.1,64,"test",124,0.466300398111343,1
"Transformer",0.1,64,"test",125,0.450047969818115,0
"Transformer",0.1,64,"test",126,0.526759266853333,0
"Transformer",0.1,64,"test",127,0.542484998703003,0
"Transformer",0.1,64,"test",128,0.465146690607071,1
"Transformer",0.1,64,"test",129,0.447120904922485,1
"Transformer",0.1,64,"test",130,0.458018809556961,1
"Transformer",0.1,64,"test",131,0.461410611867905,1
"Transformer",0.1,64,"test",132,0.518755555152893,0
"Transformer",0.1,64,"test",133,0.517798483371735,0
"Transformer",0.1,64,"test",134,0.561196863651276,0
"Transformer",0.1,64,"test",135,0.575820624828339,0
"Transformer",0.1,64,"test",136,0.447273522615433,0
"Transformer",0.1,64,"test",137,0.491500228643417,1
"Transformer",0.1,64,"test",138,0.483612298965454,1
"Transformer",0.1,64,"test",139,0.494641840457916,1
"Transformer",0.1,64,"test",140,0.494652330875397,1
"Transformer",0.1,64,"test",141,0.4965500831604,1
"Transformer",0.1,64,"test",142,0.458465933799744,1
"Transformer",0.1,64,"test",143,0.456615597009659,1
"Transformer",0.1,64,"test",144,0.370532035827637,1
"Transformer",0.1,64,"test",145,0.388987332582474,1
"Transformer",0.1,64,"test",146,0.483828783035278,1
"Transformer",0.1,64,"test",147,0.483876019716263,1
"Transformer",0.1,64,"test",148,0.473452776670456,1
"Transformer",0.1,64,"test",149,0.500991940498352,1
"Transformer",0.1,64,"test",150,0.450047969818115,1
"Transformer",0.1,64,"test",151,0.450627475976944,1
"Transformer",0.1,64,"test",152,0.542484998703003,0
"Transformer",0.1,64,"test",153,0.596390545368195,0
"Transformer",0.1,64,"test",154,0.447120904922485,1
"Transformer",0.1,64,"test",155,0.397926896810532,1
"Transformer",0.1,64,"test",156,0.461410611867905,1
"Transformer",0.1,64,"test",157,0.452501237392426,0
"Transformer",0.1,64,"test",158,0.517798483371735,0
"Transformer",0.1,64,"test",159,0.505250811576843,0
"Transformer",0.1,64,"test",160,0.575820624828339,0
"Transformer",0.1,64,"test",161,0.576741456985474,0
"Transformer",0.1,64,"test",162,0.491500228643417,0
"Transformer",0.1,64,"test",163,0.523009061813354,0
"Transformer",0.1,64,"test",164,0.494641840457916,0
"Transformer",0.1,64,"test",165,0.487312734127045,1
"Transformer",0.1,64,"test",166,0.4965500831604,1
"Transformer",0.1,64,"test",167,0.491136193275452,0
"Transformer",0.1,64,"test",168,0.456615597009659,1
"Transformer",0.1,64,"test",169,0.477270752191544,1
"Transformer",0.1,64,"test",170,0.388987332582474,1
"Transformer",0.1,64,"test",171,0.376448571681976,0
"Transformer",0.1,64,"test",172,0.483876019716263,0
"Transformer",0.1,64,"test",173,0.475730895996094,1
"Transformer",0.1,64,"test",174,0.500991940498352,1
"Transformer",0.1,64,"test",175,0.47736930847168,1
"Transformer",0.1,64,"test",176,0.450627475976944,1
"Transformer",0.1,64,"test",177,0.448780417442322,0
"Transformer",0.1,64,"test",178,0.596390545368195,0
"Transformer",0.1,64,"test",179,0.545914351940155,0
"Transformer",0.1,64,"test",180,0.397926896810532,0
"Transformer",0.1,64,"test",181,0.479312062263489,0
"Transformer",0.1,64,"test",182,0.452501237392426,0
"Transformer",0.1,64,"test",183,0.453071802854538,0
"Transformer",0.1,64,"test",184,0.505250811576843,0
"Transformer",0.1,64,"test",185,0.527732789516449,0
"Transformer",0.1,64,"test",186,0.576741456985474,1
"Transformer",0.1,64,"test",187,0.57645308971405,0
"Transformer",0.1,64,"test",188,0.523009061813354,0
"Transformer",0.1,64,"test",189,0.511091411113739,0
"Transformer",0.1,64,"test",190,0.487312734127045,0
"Transformer",0.1,64,"test",191,0.495988965034485,0
"Transformer",0.1,64,"test",192,0.491136193275452,0
"Transformer",0.1,64,"test",193,0.500890612602234,0
"Transformer",0.1,64,"test",194,0.477270752191544,0
"Transformer",0.1,64,"test",195,0.437817275524139,0
"Transformer",0.1,64,"test",196,0.376448571681976,0
"Transformer",0.1,64,"test",197,0.33785492181778,1
"Transformer",0.1,64,"test",198,0.475730895996094,1
"Transformer",0.1,64,"test",199,0.482740879058838,1
"Transformer",0.1,64,"test",200,0.47736930847168,0
"Transformer",0.1,64,"test",201,0.476470768451691,0
"Transformer",0.1,64,"test",202,0.448780417442322,1
"Transformer",0.1,64,"test",203,0.484721153974533,0
"Transformer",0.1,64,"test",204,0.545914351940155,0
"Transformer",0.1,64,"test",205,0.517501413822174,0
"Transformer",0.1,64,"test",206,0.479312062263489,1
"Transformer",0.1,64,"test",207,0.453597337007523,0
"Transformer",0.1,64,"test",208,0.453071802854538,0
"Transformer",0.1,64,"test",209,0.439204007387161,0
"Transformer",0.1,64,"test",210,0.527732789516449,0
"Transformer",0.1,64,"test",211,0.526467502117157,0
"Transformer",0.1,64,"test",212,0.57645308971405,1
"Transformer",0.1,64,"test",213,0.552089929580688,0
"Transformer",0.1,64,"test",214,0.511091411113739,1
"Transformer",0.1,64,"test",215,0.445151180028915,1
"Transformer",0.1,64,"test",216,0.495988965034485,1
"Transformer",0.1,64,"test",217,0.483490139245987,0
"Transformer",0.1,64,"test",218,0.500890612602234,0
"Transformer",0.1,64,"test",219,0.501107811927795,1
"Transformer",0.1,64,"test",220,0.437817275524139,1
"Transformer",0.1,64,"test",221,0.474558562040329,0
"Transformer",0.1,64,"test",222,0.33785492181778,1
"Transformer",0.1,64,"test",223,0.387764751911163,1
"Transformer",0.1,64,"test",224,0.482740879058838,1
"Transformer",0.1,64,"test",225,0.490566968917847,0
"Transformer",0.1,64,"test",226,0.476470768451691,0
"Transformer",0.1,64,"test",227,0.512227118015289,0
"Transformer",0.1,64,"test",228,0.484721153974533,1
"Transformer",0.1,64,"test",229,0.453660428524017,1
"Transformer",0.1,64,"test",230,0.517501413822174,0
"Transformer",0.1,64,"test",231,0.478883594274521,1
"Transformer",0.1,64,"test",232,0.453597337007523,1
"Transformer",0.1,64,"test",233,0.53488028049469,1
"Transformer",0.1,64,"test",234,0.439204007387161,1
"Transformer",0.1,64,"test",235,0.440583169460297,1
"Transformer",0.1,64,"test",236,0.526467502117157,1
"Transformer",0.1,64,"test",237,0.529978692531586,0
"Transformer",0.1,64,"test",238,0.552089929580688,0
"Transformer",0.1,64,"test",239,0.576368987560272,0
"Transformer",0.1,64,"test",240,0.445151180028915,0
"Transformer",0.1,64,"test",241,0.423471957445145,0
"Transformer",0.1,64,"test",242,0.483490139245987,0
"Transformer",0.1,64,"test",243,0.473114103078842,0
"Transformer",0.1,64,"test",244,0.501107811927795,1
"Transformer",0.1,64,"test",245,0.499470829963684,1
"Transformer",0.1,64,"test",246,0.474558562040329,1
"Transformer",0.1,64,"test",247,0.435816377401352,1
"Transformer",0.1,64,"test",248,0.387764751911163,1
"Transformer",0.1,64,"test",249,0.410550951957703,1
"Transformer",0.1,64,"test",250,0.490566968917847,1
"Transformer",0.1,64,"test",251,0.508848547935486,1
"Transformer",0.1,64,"test",252,0.512227118015289,0
"Transformer",0.1,64,"test",253,0.519133746623993,0
"Transformer",0.1,64,"test",254,0.453660428524017,0
"Transformer",0.1,64,"test",255,0.437879115343094,1
"Transformer",0.1,64,"test",256,0.478883594274521,1
"Transformer",0.1,64,"test",257,0.553948223590851,1
"Transformer",0.1,64,"test",258,0.53488028049469,1
"Transformer",0.1,64,"test",259,0.502481877803802,1
"Transformer",0.1,64,"test",260,0.440583169460297,1
"Transformer",0.1,64,"test",261,0.433940440416336,1
"Transformer",0.1,64,"test",262,0.529978692531586,0
"Transformer",0.1,64,"test",263,0.559771537780762,0
"Transformer",0.1,64,"test",264,0.576368987560272,1
"Transformer",0.1,64,"test",265,0.561895608901978,1
"Transformer",0.1,64,"test",266,0.423471957445145,1
"Transformer",0.1,64,"test",267,0.461915552616119,1
"Transformer",0.1,64,"test",268,0.473114103078842,1
"Transformer",0.1,64,"test",269,0.474757790565491,1
"Transformer",0.1,64,"test",270,0.499470829963684,1
"Transformer",0.1,64,"test",271,0.496734380722046,1
"Transformer",0.1,64,"test",272,0.435816377401352,1
"Transformer",0.1,64,"test",273,0.437676846981049,1
"Transformer",0.1,64,"test",274,0.410550951957703,1
"Transformer",0.1,64,"test",275,0.385932445526123,1
"Transformer",0.1,64,"test",276,0.508848547935486,1
"Transformer",0.1,64,"test",277,0.491958618164062,1
"Transformer",0.1,64,"test",278,0.519133746623993,0
"Transformer",0.1,64,"test",279,0.542322337627411,0
"Transformer",0.1,64,"test",280,0.437879115343094,0
"Transformer",0.1,64,"test",281,0.46580171585083,0
"Transformer",0.1,64,"test",282,0.553948223590851,0
"Transformer",0.1,64,"test",283,0.500884771347046,0
"Transformer",0.1,64,"test",284,0.502481877803802,0
"Transformer",0.1,64,"test",285,0.505155563354492,0
"Transformer",0.1,64,"test",286,0.433940440416336,0
"Transformer",0.1,64,"test",287,0.45685139298439,0
"Transformer",0.1,64,"test",288,0.559771537780762,0
"Transformer",0.1,64,"test",289,0.519993960857391,0
"Transformer",0.1,64,"test",290,0.561895608901978,0
"Transformer",0.1,64,"test",291,0.54145336151123,0
"Transformer",0.1,64,"test",292,0.461915552616119,1
"Transformer",0.1,64,"test",293,0.538765847682953,1
"Transformer",0.1,64,"test",294,0.474757790565491,1
"Transformer",0.1,64,"test",295,0.476985067129135,0
"Transformer",0.1,64,"test",296,0.496734380722046,0
"Transformer",0.1,64,"test",297,0.494397819042206,1
"Transformer",0.1,64,"test",298,0.437676846981049,0
"Transformer",0.1,64,"test",299,0.441769003868103,0
"Transformer",0.1,64,"test",300,0.385932445526123,1
"Transformer",0.1,64,"test",301,0.462129920721054,1
"Transformer",0.1,64,"test",302,0.491958618164062,1
"Transformer",0.1,64,"test",303,0.543878197669983,0
"Transformer",0.1,64,"test",304,0.542322337627411,1
"Transformer",0.1,64,"test",305,0.517444014549255,0
