"arch","lambda","seed","set","sample_id","yhat","y_true"
"Conv1D",0,23,"test",1,0.488956063985825,0
"Conv1D",0,23,"test",2,0.516463756561279,0
"Conv1D",0,23,"test",3,0.52281779050827,1
"Conv1D",0,23,"test",4,0.533776223659515,1
"Conv1D",0,23,"test",5,0.513009786605835,1
"Conv1D",0,23,"test",6,0.575079321861267,1
"Conv1D",0,23,"test",7,0.574329555034637,1
"Conv1D",0,23,"test",8,0.477622926235199,1
"Conv1D",0,23,"test",9,0.468168884515762,1
"Conv1D",0,23,"test",10,0.487400084733963,1
"Conv1D",0,23,"test",11,0.496246635913849,1
"Conv1D",0,23,"test",12,0.48445737361908,1
"Conv1D",0,23,"test",13,0.466693937778473,1
"Conv1D",0,23,"test",14,0.440441399812698,1
"Conv1D",0,23,"test",15,0.442146241664886,1
"Conv1D",0,23,"test",16,0.468403726816177,1
"Conv1D",0,23,"test",17,0.469827264547348,0
"Conv1D",0,23,"test",18,0.49685862660408,0
"Conv1D",0,23,"test",19,0.504435062408447,0
"Conv1D",0,23,"test",20,0.54228687286377,1
"Conv1D",0,23,"test",21,0.564297080039978,1
"Conv1D",0,23,"test",22,0.500905334949493,1
"Conv1D",0,23,"test",23,0.491096824407578,0
"Conv1D",0,23,"test",24,0.483473986387253,0
"Conv1D",0,23,"test",25,0.487706243991852,0
"Conv1D",0,23,"test",26,0.488956063985825,1
"Conv1D",0,23,"test",27,0.508846998214722,1
"Conv1D",0,23,"test",28,0.52281779050827,1
"Conv1D",0,23,"test",29,0.518707394599915,0
"Conv1D",0,23,"test",30,0.513009786605835,0
"Conv1D",0,23,"test",31,0.519953846931458,0
"Conv1D",0,23,"test",32,0.574329555034637,0
"Conv1D",0,23,"test",33,0.583386838436127,0
"Conv1D",0,23,"test",34,0.468168884515762,1
"Conv1D",0,23,"test",35,0.484893888235092,1
"Conv1D",0,23,"test",36,0.496246635913849,1
"Conv1D",0,23,"test",37,0.499238848686218,1
"Conv1D",0,23,"test",38,0.466693937778473,1
"Conv1D",0,23,"test",39,0.46364638209343,1
"Conv1D",0,23,"test",40,0.442146241664886,1
"Conv1D",0,23,"test",41,0.44402801990509,1
"Conv1D",0,23,"test",42,0.469827264547348,0
"Conv1D",0,23,"test",43,0.482945561408997,0
"Conv1D",0,23,"test",44,0.504435062408447,1
"Conv1D",0,23,"test",45,0.498712182044983,1
"Conv1D",0,23,"test",46,0.564297080039978,1
"Conv1D",0,23,"test",47,0.521193504333496,0
"Conv1D",0,23,"test",48,0.491096824407578,0
"Conv1D",0,23,"test",49,0.518445134162903,0
"Conv1D",0,23,"test",50,0.487706243991852,0
"Conv1D",0,23,"test",51,0.481362342834473,1
"Conv1D",0,23,"test",52,0.508846998214722,1
"Conv1D",0,23,"test",53,0.506061971187592,1
"Conv1D",0,23,"test",54,0.518707394599915,1
"Conv1D",0,23,"test",55,0.507104873657227,0
"Conv1D",0,23,"test",56,0.519953846931458,0
"Conv1D",0,23,"test",57,0.531911373138428,0
"Conv1D",0,23,"test",58,0.583386838436127,0
"Conv1D",0,23,"test",59,0.601125657558441,1
"Conv1D",0,23,"test",60,0.484893888235092,1
"Conv1D",0,23,"test",61,0.445969194173813,1
"Conv1D",0,23,"test",62,0.499238848686218,0
"Conv1D",0,23,"test",63,0.491786062717438,1
"Conv1D",0,23,"test",64,0.46364638209343,1
"Conv1D",0,23,"test",65,0.474789977073669,1
"Conv1D",0,23,"test",66,0.44402801990509,1
"Conv1D",0,23,"test",67,0.431194096803665,1
"Conv1D",0,23,"test",68,0.482945561408997,0
"Conv1D",0,23,"test",69,0.478782922029495,0
"Conv1D",0,23,"test",70,0.498712182044983,0
"Conv1D",0,23,"test",71,0.497680366039276,1
"Conv1D",0,23,"test",72,0.521193504333496,1
"Conv1D",0,23,"test",73,0.505058169364929,0
"Conv1D",0,23,"test",74,0.518445134162903,0
"Conv1D",0,23,"test",75,0.511119663715363,0
"Conv1D",0,23,"test",76,0.481362342834473,0
"Conv1D",0,23,"test",77,0.481505423784256,0
"Conv1D",0,23,"test",78,0.506061971187592,1
"Conv1D",0,23,"test",79,0.541409015655518,0
"Conv1D",0,23,"test",80,0.507104873657227,0
"Conv1D",0,23,"test",81,0.513898313045502,1
"Conv1D",0,23,"test",82,0.531911373138428,1
"Conv1D",0,23,"test",83,0.523250997066498,1
"Conv1D",0,23,"test",84,0.601125657558441,1
"Conv1D",0,23,"test",85,0.58478718996048,0
"Conv1D",0,23,"test",86,0.445969194173813,0
"Conv1D",0,23,"test",87,0.46568638086319,0
"Conv1D",0,23,"test",88,0.491786062717438,0
"Conv1D",0,23,"test",89,0.464786052703857,0
"Conv1D",0,23,"test",90,0.474789977073669,0
"Conv1D",0,23,"test",91,0.477574467658997,1
"Conv1D",0,23,"test",92,0.431194096803665,0
"Conv1D",0,23,"test",93,0.429738312959671,0
"Conv1D",0,23,"test",94,0.478782922029495,0
"Conv1D",0,23,"test",95,0.476312756538391,0
"Conv1D",0,23,"test",96,0.497680366039276,0
"Conv1D",0,23,"test",97,0.488239616155624,1
"Conv1D",0,23,"test",98,0.505058169364929,1
"Conv1D",0,23,"test",99,0.519696652889252,1
"Conv1D",0,23,"test",100,0.511119663715363,1
"Conv1D",0,23,"test",101,0.511422336101532,1
"Conv1D",0,23,"test",102,0.481505423784256,0
"Conv1D",0,23,"test",103,0.481812804937363,0
"Conv1D",0,23,"test",104,0.541409015655518,0
"Conv1D",0,23,"test",105,0.578873515129089,0
"Conv1D",0,23,"test",106,0.513898313045502,0
"Conv1D",0,23,"test",107,0.500584602355957,0
"Conv1D",0,23,"test",108,0.523250997066498,0
"Conv1D",0,23,"test",109,0.525365829467773,0
"Conv1D",0,23,"test",110,0.58478718996048,1
"Conv1D",0,23,"test",111,0.684739589691162,1
"Conv1D",0,23,"test",112,0.46568638086319,1
"Conv1D",0,23,"test",113,0.469976246356964,0
"Conv1D",0,23,"test",114,0.464786052703857,1
"Conv1D",0,23,"test",115,0.479405015707016,1
"Conv1D",0,23,"test",116,0.477574467658997,1
"Conv1D",0,23,"test",117,0.484229266643524,1
"Conv1D",0,23,"test",118,0.429738312959671,1
"Conv1D",0,23,"test",119,0.44653531908989,0
"Conv1D",0,23,"test",120,0.476312756538391,0
"Conv1D",0,23,"test",121,0.460264056921005,0
"Conv1D",0,23,"test",122,0.488239616155624,1
"Conv1D",0,23,"test",123,0.487288951873779,1
"Conv1D",0,23,"test",124,0.519696652889252,1
"Conv1D",0,23,"test",125,0.5048508644104,0
"Conv1D",0,23,"test",126,0.511422336101532,0
"Conv1D",0,23,"test",127,0.527005672454834,0
"Conv1D",0,23,"test",128,0.481812804937363,1
"Conv1D",0,23,"test",129,0.48288556933403,1
"Conv1D",0,23,"test",130,0.578873515129089,1
"Conv1D",0,23,"test",131,0.600159347057343,1
"Conv1D",0,23,"test",132,0.500584602355957,0
"Conv1D",0,23,"test",133,0.5446817278862,0
"Conv1D",0,23,"test",134,0.525365829467773,0
"Conv1D",0,23,"test",135,0.529483377933502,0
"Conv1D",0,23,"test",136,0.684739589691162,0
"Conv1D",0,23,"test",137,0.589491724967957,1
"Conv1D",0,23,"test",138,0.469976246356964,1
"Conv1D",0,23,"test",139,0.466745585203171,1
"Conv1D",0,23,"test",140,0.479405015707016,1
"Conv1D",0,23,"test",141,0.473859667778015,1
"Conv1D",0,23,"test",142,0.484229266643524,1
"Conv1D",0,23,"test",143,0.499500393867493,1
"Conv1D",0,23,"test",144,0.44653531908989,1
"Conv1D",0,23,"test",145,0.443295747041702,1
"Conv1D",0,23,"test",146,0.460264056921005,1
"Conv1D",0,23,"test",147,0.459762006998062,1
"Conv1D",0,23,"test",148,0.487288951873779,1
"Conv1D",0,23,"test",149,0.504655480384827,1
"Conv1D",0,23,"test",150,0.5048508644104,1
"Conv1D",0,23,"test",151,0.510087847709656,1
"Conv1D",0,23,"test",152,0.527005672454834,0
"Conv1D",0,23,"test",153,0.549408972263336,0
"Conv1D",0,23,"test",154,0.48288556933403,1
"Conv1D",0,23,"test",155,0.482969343662262,1
"Conv1D",0,23,"test",156,0.600159347057343,1
"Conv1D",0,23,"test",157,0.558968365192413,0
"Conv1D",0,23,"test",158,0.5446817278862,0
"Conv1D",0,23,"test",159,0.520746648311615,0
"Conv1D",0,23,"test",160,0.529483377933502,0
"Conv1D",0,23,"test",161,0.530286312103271,0
"Conv1D",0,23,"test",162,0.589491724967957,0
"Conv1D",0,23,"test",163,0.554695785045624,0
"Conv1D",0,23,"test",164,0.466745585203171,0
"Conv1D",0,23,"test",165,0.477947324514389,1
"Conv1D",0,23,"test",166,0.473859667778015,1
"Conv1D",0,23,"test",167,0.487268686294556,0
"Conv1D",0,23,"test",168,0.499500393867493,1
"Conv1D",0,23,"test",169,0.494221985340118,1
"Conv1D",0,23,"test",170,0.443295747041702,1
"Conv1D",0,23,"test",171,0.447358399629593,0
"Conv1D",0,23,"test",172,0.459762006998062,0
"Conv1D",0,23,"test",173,0.456225901842117,1
"Conv1D",0,23,"test",174,0.504655480384827,1
"Conv1D",0,23,"test",175,0.493816822767258,1
"Conv1D",0,23,"test",176,0.510087847709656,1
"Conv1D",0,23,"test",177,0.51018750667572,0
"Conv1D",0,23,"test",178,0.549408972263336,0
"Conv1D",0,23,"test",179,0.53614330291748,0
"Conv1D",0,23,"test",180,0.482969343662262,0
"Conv1D",0,23,"test",181,0.482809633016586,0
"Conv1D",0,23,"test",182,0.558968365192413,0
"Conv1D",0,23,"test",183,0.552373647689819,0
"Conv1D",0,23,"test",184,0.520746648311615,0
"Conv1D",0,23,"test",185,0.509819686412811,0
"Conv1D",0,23,"test",186,0.530286312103271,1
"Conv1D",0,23,"test",187,0.533500373363495,0
"Conv1D",0,23,"test",188,0.554695785045624,0
"Conv1D",0,23,"test",189,0.547341644763947,0
"Conv1D",0,23,"test",190,0.477947324514389,0
"Conv1D",0,23,"test",191,0.412177950143814,0
"Conv1D",0,23,"test",192,0.487268686294556,0
"Conv1D",0,23,"test",193,0.451614409685135,0
"Conv1D",0,23,"test",194,0.494221985340118,0
"Conv1D",0,23,"test",195,0.492983907461166,0
"Conv1D",0,23,"test",196,0.447358399629593,0
"Conv1D",0,23,"test",197,0.451942801475525,1
"Conv1D",0,23,"test",198,0.456225901842117,1
"Conv1D",0,23,"test",199,0.459882736206055,1
"Conv1D",0,23,"test",200,0.493816822767258,0
"Conv1D",0,23,"test",201,0.491096556186676,0
"Conv1D",0,23,"test",202,0.51018750667572,1
"Conv1D",0,23,"test",203,0.546346068382263,0
"Conv1D",0,23,"test",204,0.53614330291748,0
"Conv1D",0,23,"test",205,0.510611891746521,0
"Conv1D",0,23,"test",206,0.482809633016586,1
"Conv1D",0,23,"test",207,0.48064649105072,0
"Conv1D",0,23,"test",208,0.552373647689819,0
"Conv1D",0,23,"test",209,0.515269756317139,0
"Conv1D",0,23,"test",210,0.509819686412811,0
"Conv1D",0,23,"test",211,0.510233402252197,0
"Conv1D",0,23,"test",212,0.533500373363495,1
"Conv1D",0,23,"test",213,0.526417076587677,0
"Conv1D",0,23,"test",214,0.547341644763947,1
"Conv1D",0,23,"test",215,0.636319518089294,1
"Conv1D",0,23,"test",216,0.412177950143814,1
"Conv1D",0,23,"test",217,0.402173906564713,0
"Conv1D",0,23,"test",218,0.451614409685135,0
"Conv1D",0,23,"test",219,0.446611255407333,1
"Conv1D",0,23,"test",220,0.492983907461166,1
"Conv1D",0,23,"test",221,0.495797336101532,0
"Conv1D",0,23,"test",222,0.451942801475525,1
"Conv1D",0,23,"test",223,0.442351490259171,1
"Conv1D",0,23,"test",224,0.459882736206055,1
"Conv1D",0,23,"test",225,0.46844694018364,0
"Conv1D",0,23,"test",226,0.491096556186676,0
"Conv1D",0,23,"test",227,0.516212105751038,0
"Conv1D",0,23,"test",228,0.546346068382263,1
"Conv1D",0,23,"test",229,0.513116657733917,1
"Conv1D",0,23,"test",230,0.510611891746521,0
"Conv1D",0,23,"test",231,0.509552180767059,1
"Conv1D",0,23,"test",232,0.48064649105072,1
"Conv1D",0,23,"test",233,0.493613183498383,1
"Conv1D",0,23,"test",234,0.515269756317139,1
"Conv1D",0,23,"test",235,0.518937528133392,1
"Conv1D",0,23,"test",236,0.510233402252197,1
"Conv1D",0,23,"test",237,0.516072034835815,0
"Conv1D",0,23,"test",238,0.526417076587677,0
"Conv1D",0,23,"test",239,0.529967129230499,0
"Conv1D",0,23,"test",240,0.636319518089294,0
"Conv1D",0,23,"test",241,0.671973764896393,0
"Conv1D",0,23,"test",242,0.402173906564713,0
"Conv1D",0,23,"test",243,0.452121198177338,0
"Conv1D",0,23,"test",244,0.446611255407333,1
"Conv1D",0,23,"test",245,0.449411571025848,1
"Conv1D",0,23,"test",246,0.495797336101532,1
"Conv1D",0,23,"test",247,0.499795794487,1
"Conv1D",0,23,"test",248,0.442351490259171,1
"Conv1D",0,23,"test",249,0.40988889336586,1
"Conv1D",0,23,"test",250,0.46844694018364,1
"Conv1D",0,23,"test",251,0.474941283464432,1
"Conv1D",0,23,"test",252,0.516212105751038,0
"Conv1D",0,23,"test",253,0.523606479167938,0
"Conv1D",0,23,"test",254,0.513116657733917,0
"Conv1D",0,23,"test",255,0.499872863292694,1
"Conv1D",0,23,"test",256,0.509552180767059,1
"Conv1D",0,23,"test",257,0.521034002304077,1
"Conv1D",0,23,"test",258,0.493613183498383,1
"Conv1D",0,23,"test",259,0.48168209195137,1
"Conv1D",0,23,"test",260,0.518937528133392,1
"Conv1D",0,23,"test",261,0.50743305683136,1
"Conv1D",0,23,"test",262,0.516072034835815,0
"Conv1D",0,23,"test",263,0.512022912502289,0
"Conv1D",0,23,"test",264,0.529967129230499,1
"Conv1D",0,23,"test",265,0.523943245410919,1
"Conv1D",0,23,"test",266,0.671973764896393,1
"Conv1D",0,23,"test",267,0.54950076341629,1
"Conv1D",0,23,"test",268,0.452121198177338,1
"Conv1D",0,23,"test",269,0.459445536136627,1
"Conv1D",0,23,"test",270,0.449411571025848,1
"Conv1D",0,23,"test",271,0.475601226091385,1
"Conv1D",0,23,"test",272,0.499795794487,1
"Conv1D",0,23,"test",273,0.490781337022781,1
"Conv1D",0,23,"test",274,0.40988889336586,1
"Conv1D",0,23,"test",275,0.441854208707809,1
"Conv1D",0,23,"test",276,0.474941283464432,1
"Conv1D",0,23,"test",277,0.457862854003906,1
"Conv1D",0,23,"test",278,0.523606479167938,0
"Conv1D",0,23,"test",279,0.535735964775085,0
"Conv1D",0,23,"test",280,0.499872863292694,0
"Conv1D",0,23,"test",281,0.517954409122467,0
"Conv1D",0,23,"test",282,0.521034002304077,0
"Conv1D",0,23,"test",283,0.505178809165955,0
"Conv1D",0,23,"test",284,0.48168209195137,0
"Conv1D",0,23,"test",285,0.48882731795311,0
"Conv1D",0,23,"test",286,0.50743305683136,0
"Conv1D",0,23,"test",287,0.578534841537476,0
"Conv1D",0,23,"test",288,0.512022912502289,0
"Conv1D",0,23,"test",289,0.512327253818512,0
"Conv1D",0,23,"test",290,0.523943245410919,0
"Conv1D",0,23,"test",291,0.519280970096588,0
"Conv1D",0,23,"test",292,0.54950076341629,1
"Conv1D",0,23,"test",293,0.535120725631714,1
"Conv1D",0,23,"test",294,0.459445536136627,1
"Conv1D",0,23,"test",295,0.479485064744949,0
"Conv1D",0,23,"test",296,0.475601226091385,0
"Conv1D",0,23,"test",297,0.482839584350586,1
"Conv1D",0,23,"test",298,0.490781337022781,0
"Conv1D",0,23,"test",299,0.496331334114075,0
"Conv1D",0,23,"test",300,0.441854208707809,1
"Conv1D",0,23,"test",301,0.406000792980194,1
"Conv1D",0,23,"test",302,0.457862854003906,1
"Conv1D",0,23,"test",303,0.479620605707169,0
"Conv1D",0,23,"test",304,0.535735964775085,1
"Conv1D",0,23,"test",305,0.520604252815247,0
"Conv1D",0,27,"test",1,0.487975090742111,0
"Conv1D",0,27,"test",2,0.555827736854553,0
"Conv1D",0,27,"test",3,0.562444567680359,1
"Conv1D",0,27,"test",4,0.50339412689209,1
"Conv1D",0,27,"test",5,0.525448620319366,1
"Conv1D",0,27,"test",6,0.447248011827469,1
"Conv1D",0,27,"test",7,0.441292464733124,1
"Conv1D",0,27,"test",8,0.488062828779221,1
"Conv1D",0,27,"test",9,0.482864260673523,1
"Conv1D",0,27,"test",10,0.469916224479675,1
"Conv1D",0,27,"test",11,0.469202190637589,1
"Conv1D",0,27,"test",12,0.484729200601578,1
"Conv1D",0,27,"test",13,0.45471066236496,1
"Conv1D",0,27,"test",14,0.434614598751068,1
"Conv1D",0,27,"test",15,0.435078173875809,1
"Conv1D",0,27,"test",16,0.477991491556168,1
"Conv1D",0,27,"test",17,0.47742685675621,0
"Conv1D",0,27,"test",18,0.49522802233696,0
"Conv1D",0,27,"test",19,0.493975639343262,0
"Conv1D",0,27,"test",20,0.533145546913147,1
"Conv1D",0,27,"test",21,0.535054802894592,1
"Conv1D",0,27,"test",22,0.520265936851501,1
"Conv1D",0,27,"test",23,0.513327777385712,0
"Conv1D",0,27,"test",24,0.488205641508102,0
"Conv1D",0,27,"test",25,0.470323145389557,0
"Conv1D",0,27,"test",26,0.487975090742111,1
"Conv1D",0,27,"test",27,0.488967627286911,1
"Conv1D",0,27,"test",28,0.562444567680359,1
"Conv1D",0,27,"test",29,0.565748810768127,0
"Conv1D",0,27,"test",30,0.525448620319366,0
"Conv1D",0,27,"test",31,0.533932685852051,0
"Conv1D",0,27,"test",32,0.441292464733124,0
"Conv1D",0,27,"test",33,0.425360262393951,0
"Conv1D",0,27,"test",34,0.482864260673523,1
"Conv1D",0,27,"test",35,0.48288494348526,1
"Conv1D",0,27,"test",36,0.469202190637589,1
"Conv1D",0,27,"test",37,0.470630556344986,1
"Conv1D",0,27,"test",38,0.45471066236496,1
"Conv1D",0,27,"test",39,0.456701815128326,1
"Conv1D",0,27,"test",40,0.435078173875809,1
"Conv1D",0,27,"test",41,0.438115835189819,1
"Conv1D",0,27,"test",42,0.47742685675621,0
"Conv1D",0,27,"test",43,0.481595903635025,0
"Conv1D",0,27,"test",44,0.493975639343262,1
"Conv1D",0,27,"test",45,0.495306193828583,1
"Conv1D",0,27,"test",46,0.535054802894592,1
"Conv1D",0,27,"test",47,0.523364841938019,0
"Conv1D",0,27,"test",48,0.513327777385712,0
"Conv1D",0,27,"test",49,0.523664653301239,0
"Conv1D",0,27,"test",50,0.470323145389557,0
"Conv1D",0,27,"test",51,0.491043567657471,1
"Conv1D",0,27,"test",52,0.488967627286911,1
"Conv1D",0,27,"test",53,0.498631298542023,1
"Conv1D",0,27,"test",54,0.565748810768127,1
"Conv1D",0,27,"test",55,0.560746312141418,0
"Conv1D",0,27,"test",56,0.533932685852051,0
"Conv1D",0,27,"test",57,0.575219929218292,0
"Conv1D",0,27,"test",58,0.425360262393951,0
"Conv1D",0,27,"test",59,0.411708831787109,1
"Conv1D",0,27,"test",60,0.48288494348526,1
"Conv1D",0,27,"test",61,0.474108576774597,1
"Conv1D",0,27,"test",62,0.470630556344986,0
"Conv1D",0,27,"test",63,0.470437347888947,1
"Conv1D",0,27,"test",64,0.456701815128326,1
"Conv1D",0,27,"test",65,0.467491388320923,1
"Conv1D",0,27,"test",66,0.438115835189819,1
"Conv1D",0,27,"test",67,0.426322102546692,1
"Conv1D",0,27,"test",68,0.481595903635025,0
"Conv1D",0,27,"test",69,0.48311510682106,0
"Conv1D",0,27,"test",70,0.495306193828583,0
"Conv1D",0,27,"test",71,0.511655688285828,1
"Conv1D",0,27,"test",72,0.523364841938019,1
"Conv1D",0,27,"test",73,0.520731687545776,0
"Conv1D",0,27,"test",74,0.523664653301239,0
"Conv1D",0,27,"test",75,0.523157775402069,0
"Conv1D",0,27,"test",76,0.491043567657471,0
"Conv1D",0,27,"test",77,0.487321794033051,0
"Conv1D",0,27,"test",78,0.498631298542023,1
"Conv1D",0,27,"test",79,0.51428633928299,0
"Conv1D",0,27,"test",80,0.560746312141418,0
"Conv1D",0,27,"test",81,0.574117600917816,1
"Conv1D",0,27,"test",82,0.575219929218292,1
"Conv1D",0,27,"test",83,0.537545442581177,1
"Conv1D",0,27,"test",84,0.411708831787109,1
"Conv1D",0,27,"test",85,0.424183517694473,0
"Conv1D",0,27,"test",86,0.474108576774597,0
"Conv1D",0,27,"test",87,0.481632322072983,0
"Conv1D",0,27,"test",88,0.470437347888947,0
"Conv1D",0,27,"test",89,0.466524124145508,0
"Conv1D",0,27,"test",90,0.467491388320923,0
"Conv1D",0,27,"test",91,0.458036690950394,1
"Conv1D",0,27,"test",92,0.426322102546692,0
"Conv1D",0,27,"test",93,0.425344854593277,0
"Conv1D",0,27,"test",94,0.48311510682106,0
"Conv1D",0,27,"test",95,0.481305748224258,0
"Conv1D",0,27,"test",96,0.511655688285828,0
"Conv1D",0,27,"test",97,0.509337306022644,1
"Conv1D",0,27,"test",98,0.520731687545776,1
"Conv1D",0,27,"test",99,0.523851633071899,1
"Conv1D",0,27,"test",100,0.523157775402069,1
"Conv1D",0,27,"test",101,0.523459613323212,1
"Conv1D",0,27,"test",102,0.487321794033051,0
"Conv1D",0,27,"test",103,0.492968529462814,0
"Conv1D",0,27,"test",104,0.51428633928299,0
"Conv1D",0,27,"test",105,0.523457825183868,0
"Conv1D",0,27,"test",106,0.574117600917816,0
"Conv1D",0,27,"test",107,0.551143407821655,0
"Conv1D",0,27,"test",108,0.537545442581177,0
"Conv1D",0,27,"test",109,0.542840242385864,0
"Conv1D",0,27,"test",110,0.424183517694473,1
"Conv1D",0,27,"test",111,0.345732063055038,1
"Conv1D",0,27,"test",112,0.481632322072983,1
"Conv1D",0,27,"test",113,0.484256327152252,0
"Conv1D",0,27,"test",114,0.466524124145508,1
"Conv1D",0,27,"test",115,0.483631938695908,1
"Conv1D",0,27,"test",116,0.458036690950394,1
"Conv1D",0,27,"test",117,0.473380088806152,1
"Conv1D",0,27,"test",118,0.425344854593277,1
"Conv1D",0,27,"test",119,0.442129790782928,0
"Conv1D",0,27,"test",120,0.481305748224258,0
"Conv1D",0,27,"test",121,0.474527031183243,0
"Conv1D",0,27,"test",122,0.509337306022644,1
"Conv1D",0,27,"test",123,0.51041567325592,1
"Conv1D",0,27,"test",124,0.523851633071899,1
"Conv1D",0,27,"test",125,0.518902599811554,0
"Conv1D",0,27,"test",126,0.523459613323212,0
"Conv1D",0,27,"test",127,0.524330139160156,0
"Conv1D",0,27,"test",128,0.492968529462814,1
"Conv1D",0,27,"test",129,0.492986023426056,1
"Conv1D",0,27,"test",130,0.523457825183868,1
"Conv1D",0,27,"test",131,0.515462160110474,1
"Conv1D",0,27,"test",132,0.551143407821655,0
"Conv1D",0,27,"test",133,0.637504637241364,0
"Conv1D",0,27,"test",134,0.542840242385864,0
"Conv1D",0,27,"test",135,0.529738187789917,0
"Conv1D",0,27,"test",136,0.345732063055038,0
"Conv1D",0,27,"test",137,0.423144966363907,1
"Conv1D",0,27,"test",138,0.484256327152252,1
"Conv1D",0,27,"test",139,0.483833968639374,1
"Conv1D",0,27,"test",140,0.483631938695908,1
"Conv1D",0,27,"test",141,0.48571714758873,1
"Conv1D",0,27,"test",142,0.473380088806152,1
"Conv1D",0,27,"test",143,0.46877646446228,1
"Conv1D",0,27,"test",144,0.442129790782928,1
"Conv1D",0,27,"test",145,0.4410220682621,1
"Conv1D",0,27,"test",146,0.474527031183243,1
"Conv1D",0,27,"test",147,0.472175806760788,1
"Conv1D",0,27,"test",148,0.51041567325592,1
"Conv1D",0,27,"test",149,0.489823073148727,1
"Conv1D",0,27,"test",150,0.518902599811554,1
"Conv1D",0,27,"test",151,0.524391770362854,1
"Conv1D",0,27,"test",152,0.524330139160156,0
"Conv1D",0,27,"test",153,0.522874593734741,0
"Conv1D",0,27,"test",154,0.492986023426056,1
"Conv1D",0,27,"test",155,0.494113206863403,1
"Conv1D",0,27,"test",156,0.515462160110474,1
"Conv1D",0,27,"test",157,0.517752051353455,0
"Conv1D",0,27,"test",158,0.637504637241364,0
"Conv1D",0,27,"test",159,0.584907054901123,0
"Conv1D",0,27,"test",160,0.529738187789917,0
"Conv1D",0,27,"test",161,0.526825070381165,0
"Conv1D",0,27,"test",162,0.423144966363907,0
"Conv1D",0,27,"test",163,0.450760364532471,0
"Conv1D",0,27,"test",164,0.483833968639374,0
"Conv1D",0,27,"test",165,0.485333859920502,1
"Conv1D",0,27,"test",166,0.48571714758873,1
"Conv1D",0,27,"test",167,0.475543141365051,0
"Conv1D",0,27,"test",168,0.46877646446228,1
"Conv1D",0,27,"test",169,0.459302514791489,1
"Conv1D",0,27,"test",170,0.4410220682621,1
"Conv1D",0,27,"test",171,0.444181561470032,0
"Conv1D",0,27,"test",172,0.472175806760788,0
"Conv1D",0,27,"test",173,0.472344815731049,1
"Conv1D",0,27,"test",174,0.489823073148727,1
"Conv1D",0,27,"test",175,0.499693751335144,1
"Conv1D",0,27,"test",176,0.524391770362854,1
"Conv1D",0,27,"test",177,0.52846622467041,0
"Conv1D",0,27,"test",178,0.522874593734741,0
"Conv1D",0,27,"test",179,0.525182127952576,0
"Conv1D",0,27,"test",180,0.494113206863403,0
"Conv1D",0,27,"test",181,0.475046724081039,0
"Conv1D",0,27,"test",182,0.517752051353455,0
"Conv1D",0,27,"test",183,0.518584072589874,0
"Conv1D",0,27,"test",184,0.584907054901123,0
"Conv1D",0,27,"test",185,0.56770533323288,0
"Conv1D",0,27,"test",186,0.526825070381165,1
"Conv1D",0,27,"test",187,0.518704056739807,0
"Conv1D",0,27,"test",188,0.450760364532471,0
"Conv1D",0,27,"test",189,0.452936053276062,0
"Conv1D",0,27,"test",190,0.485333859920502,0
"Conv1D",0,27,"test",191,0.456570625305176,0
"Conv1D",0,27,"test",192,0.475543141365051,0
"Conv1D",0,27,"test",193,0.480098962783813,0
"Conv1D",0,27,"test",194,0.459302514791489,0
"Conv1D",0,27,"test",195,0.48401004076004,0
"Conv1D",0,27,"test",196,0.444181561470032,0
"Conv1D",0,27,"test",197,0.445435523986816,1
"Conv1D",0,27,"test",198,0.472344815731049,1
"Conv1D",0,27,"test",199,0.474416375160217,1
"Conv1D",0,27,"test",200,0.499693751335144,0
"Conv1D",0,27,"test",201,0.501357436180115,0
"Conv1D",0,27,"test",202,0.52846622467041,1
"Conv1D",0,27,"test",203,0.522963047027588,0
"Conv1D",0,27,"test",204,0.525182127952576,0
"Conv1D",0,27,"test",205,0.52364844083786,0
"Conv1D",0,27,"test",206,0.475046724081039,1
"Conv1D",0,27,"test",207,0.489789694547653,0
"Conv1D",0,27,"test",208,0.518584072589874,0
"Conv1D",0,27,"test",209,0.501945495605469,0
"Conv1D",0,27,"test",210,0.56770533323288,0
"Conv1D",0,27,"test",211,0.568375408649445,0
"Conv1D",0,27,"test",212,0.518704056739807,1
"Conv1D",0,27,"test",213,0.552035927772522,0
"Conv1D",0,27,"test",214,0.452936053276062,1
"Conv1D",0,27,"test",215,0.379717528820038,1
"Conv1D",0,27,"test",216,0.456570625305176,1
"Conv1D",0,27,"test",217,0.450488418340683,0
"Conv1D",0,27,"test",218,0.480098962783813,0
"Conv1D",0,27,"test",219,0.477677762508392,1
"Conv1D",0,27,"test",220,0.48401004076004,1
"Conv1D",0,27,"test",221,0.461617678403854,0
"Conv1D",0,27,"test",222,0.445435523986816,1
"Conv1D",0,27,"test",223,0.439456254243851,1
"Conv1D",0,27,"test",224,0.474416375160217,1
"Conv1D",0,27,"test",225,0.47837370634079,0
"Conv1D",0,27,"test",226,0.501357436180115,0
"Conv1D",0,27,"test",227,0.502870917320251,0
"Conv1D",0,27,"test",228,0.522963047027588,1
"Conv1D",0,27,"test",229,0.528866708278656,1
"Conv1D",0,27,"test",230,0.52364844083786,0
"Conv1D",0,27,"test",231,0.523738086223602,1
"Conv1D",0,27,"test",232,0.489789694547653,1
"Conv1D",0,27,"test",233,0.474606156349182,1
"Conv1D",0,27,"test",234,0.501945495605469,1
"Conv1D",0,27,"test",235,0.504655122756958,1
"Conv1D",0,27,"test",236,0.568375408649445,1
"Conv1D",0,27,"test",237,0.581689894199371,0
"Conv1D",0,27,"test",238,0.552035927772522,0
"Conv1D",0,27,"test",239,0.529473721981049,0
"Conv1D",0,27,"test",240,0.379717528820038,0
"Conv1D",0,27,"test",241,0.345097988843918,0
"Conv1D",0,27,"test",242,0.450488418340683,0
"Conv1D",0,27,"test",243,0.475753307342529,0
"Conv1D",0,27,"test",244,0.477677762508392,1
"Conv1D",0,27,"test",245,0.465770363807678,1
"Conv1D",0,27,"test",246,0.461617678403854,1
"Conv1D",0,27,"test",247,0.480186402797699,1
"Conv1D",0,27,"test",248,0.439456254243851,1
"Conv1D",0,27,"test",249,0.408986389636993,1
"Conv1D",0,27,"test",250,0.47837370634079,1
"Conv1D",0,27,"test",251,0.470662355422974,1
"Conv1D",0,27,"test",252,0.502870917320251,0
"Conv1D",0,27,"test",253,0.491598188877106,0
"Conv1D",0,27,"test",254,0.528866708278656,0
"Conv1D",0,27,"test",255,0.518516778945923,1
"Conv1D",0,27,"test",256,0.523738086223602,1
"Conv1D",0,27,"test",257,0.52326500415802,1
"Conv1D",0,27,"test",258,0.474606156349182,1
"Conv1D",0,27,"test",259,0.484186708927155,1
"Conv1D",0,27,"test",260,0.504655122756958,1
"Conv1D",0,27,"test",261,0.494195818901062,1
"Conv1D",0,27,"test",262,0.581689894199371,0
"Conv1D",0,27,"test",263,0.553997933864594,0
"Conv1D",0,27,"test",264,0.529473721981049,1
"Conv1D",0,27,"test",265,0.539397776126862,1
"Conv1D",0,27,"test",266,0.345097988843918,1
"Conv1D",0,27,"test",267,0.443100035190582,1
"Conv1D",0,27,"test",268,0.475753307342529,1
"Conv1D",0,27,"test",269,0.479432493448257,1
"Conv1D",0,27,"test",270,0.465770363807678,1
"Conv1D",0,27,"test",271,0.481993138790131,1
"Conv1D",0,27,"test",272,0.480186402797699,1
"Conv1D",0,27,"test",273,0.484833002090454,1
"Conv1D",0,27,"test",274,0.408986389636993,1
"Conv1D",0,27,"test",275,0.438513547182083,1
"Conv1D",0,27,"test",276,0.470662355422974,1
"Conv1D",0,27,"test",277,0.459886133670807,1
"Conv1D",0,27,"test",278,0.491598188877106,0
"Conv1D",0,27,"test",279,0.476825416088104,0
"Conv1D",0,27,"test",280,0.518516778945923,0
"Conv1D",0,27,"test",281,0.521546363830566,0
"Conv1D",0,27,"test",282,0.52326500415802,0
"Conv1D",0,27,"test",283,0.522652924060822,0
"Conv1D",0,27,"test",284,0.484186708927155,0
"Conv1D",0,27,"test",285,0.482986479997635,0
"Conv1D",0,27,"test",286,0.494195818901062,0
"Conv1D",0,27,"test",287,0.521832287311554,0
"Conv1D",0,27,"test",288,0.553997933864594,0
"Conv1D",0,27,"test",289,0.571757316589355,0
"Conv1D",0,27,"test",290,0.539397776126862,0
"Conv1D",0,27,"test",291,0.516790866851807,0
"Conv1D",0,27,"test",292,0.443100035190582,1
"Conv1D",0,27,"test",293,0.466228455305099,1
"Conv1D",0,27,"test",294,0.479432493448257,1
"Conv1D",0,27,"test",295,0.481823712587357,0
"Conv1D",0,27,"test",296,0.481993138790131,0
"Conv1D",0,27,"test",297,0.479088962078094,1
"Conv1D",0,27,"test",298,0.484833002090454,0
"Conv1D",0,27,"test",299,0.479790180921555,0
"Conv1D",0,27,"test",300,0.438513547182083,1
"Conv1D",0,27,"test",301,0.412365227937698,1
"Conv1D",0,27,"test",302,0.459886133670807,1
"Conv1D",0,27,"test",303,0.464130342006683,0
"Conv1D",0,27,"test",304,0.476825416088104,1
"Conv1D",0,27,"test",305,0.482542306184769,0
"Conv1D",0,98,"test",1,0.484321534633636,0
"Conv1D",0,98,"test",2,0.528443396091461,0
"Conv1D",0,98,"test",3,0.539088428020477,1
"Conv1D",0,98,"test",4,0.508322775363922,1
"Conv1D",0,98,"test",5,0.509466052055359,1
"Conv1D",0,98,"test",6,0.53528493642807,1
"Conv1D",0,98,"test",7,0.525251150131226,1
"Conv1D",0,98,"test",8,0.508603096008301,1
"Conv1D",0,98,"test",9,0.499096214771271,1
"Conv1D",0,98,"test",10,0.495237737894058,1
"Conv1D",0,98,"test",11,0.5036301612854,1
"Conv1D",0,98,"test",12,0.480821967124939,1
"Conv1D",0,98,"test",13,0.458941727876663,1
"Conv1D",0,98,"test",14,0.439914613962173,1
"Conv1D",0,98,"test",15,0.440371036529541,1
"Conv1D",0,98,"test",16,0.487433314323425,1
"Conv1D",0,98,"test",17,0.497959971427917,0
"Conv1D",0,98,"test",18,0.526605069637299,0
"Conv1D",0,98,"test",19,0.5286905169487,0
"Conv1D",0,98,"test",20,0.535101473331451,1
"Conv1D",0,98,"test",21,0.546722829341888,1
"Conv1D",0,98,"test",22,0.522883951663971,1
"Conv1D",0,98,"test",23,0.510771811008453,0
"Conv1D",0,98,"test",24,0.514443874359131,0
"Conv1D",0,98,"test",25,0.533429682254791,0
"Conv1D",0,98,"test",26,0.484321534633636,1
"Conv1D",0,98,"test",27,0.515791893005371,1
"Conv1D",0,98,"test",28,0.539088428020477,1
"Conv1D",0,98,"test",29,0.549986004829407,0
"Conv1D",0,98,"test",30,0.509466052055359,0
"Conv1D",0,98,"test",31,0.523158073425293,0
"Conv1D",0,98,"test",32,0.525251150131226,0
"Conv1D",0,98,"test",33,0.514898657798767,0
"Conv1D",0,98,"test",34,0.499096214771271,1
"Conv1D",0,98,"test",35,0.513542473316193,1
"Conv1D",0,98,"test",36,0.5036301612854,1
"Conv1D",0,98,"test",37,0.503944993019104,1
"Conv1D",0,98,"test",38,0.458941727876663,1
"Conv1D",0,98,"test",39,0.456142604351044,1
"Conv1D",0,98,"test",40,0.440371036529541,1
"Conv1D",0,98,"test",41,0.442005842924118,1
"Conv1D",0,98,"test",42,0.497959971427917,0
"Conv1D",0,98,"test",43,0.502835392951965,0
"Conv1D",0,98,"test",44,0.5286905169487,1
"Conv1D",0,98,"test",45,0.526956737041473,1
"Conv1D",0,98,"test",46,0.546722829341888,1
"Conv1D",0,98,"test",47,0.527236342430115,0
"Conv1D",0,98,"test",48,0.510771811008453,0
"Conv1D",0,98,"test",49,0.526179373264313,0
"Conv1D",0,98,"test",50,0.533429682254791,0
"Conv1D",0,98,"test",51,0.507809042930603,1
"Conv1D",0,98,"test",52,0.515791893005371,1
"Conv1D",0,98,"test",53,0.502666652202606,1
"Conv1D",0,98,"test",54,0.549986004829407,1
"Conv1D",0,98,"test",55,0.544490873813629,0
"Conv1D",0,98,"test",56,0.523158073425293,0
"Conv1D",0,98,"test",57,0.578333675861359,0
"Conv1D",0,98,"test",58,0.514898657798767,0
"Conv1D",0,98,"test",59,0.514492571353912,1
"Conv1D",0,98,"test",60,0.513542473316193,1
"Conv1D",0,98,"test",61,0.492532730102539,1
"Conv1D",0,98,"test",62,0.503944993019104,0
"Conv1D",0,98,"test",63,0.498911261558533,1
"Conv1D",0,98,"test",64,0.456142604351044,1
"Conv1D",0,98,"test",65,0.464755922555923,1
"Conv1D",0,98,"test",66,0.442005842924118,1
"Conv1D",0,98,"test",67,0.434576243162155,1
"Conv1D",0,98,"test",68,0.502835392951965,0
"Conv1D",0,98,"test",69,0.501153469085693,0
"Conv1D",0,98,"test",70,0.526956737041473,0
"Conv1D",0,98,"test",71,0.517832279205322,1
"Conv1D",0,98,"test",72,0.527236342430115,1
"Conv1D",0,98,"test",73,0.518295884132385,0
"Conv1D",0,98,"test",74,0.526179373264313,0
"Conv1D",0,98,"test",75,0.52765429019928,0
"Conv1D",0,98,"test",76,0.507809042930603,0
"Conv1D",0,98,"test",77,0.514043211936951,0
"Conv1D",0,98,"test",78,0.502666652202606,1
"Conv1D",0,98,"test",79,0.51303094625473,0
"Conv1D",0,98,"test",80,0.544490873813629,0
"Conv1D",0,98,"test",81,0.564549088478088,1
"Conv1D",0,98,"test",82,0.578333675861359,1
"Conv1D",0,98,"test",83,0.531203091144562,1
"Conv1D",0,98,"test",84,0.514492571353912,1
"Conv1D",0,98,"test",85,0.514795064926147,0
"Conv1D",0,98,"test",86,0.492532730102539,0
"Conv1D",0,98,"test",87,0.497210800647736,0
"Conv1D",0,98,"test",88,0.498911261558533,0
"Conv1D",0,98,"test",89,0.482758671045303,0
"Conv1D",0,98,"test",90,0.464755922555923,0
"Conv1D",0,98,"test",91,0.466767132282257,1
"Conv1D",0,98,"test",92,0.434576243162155,0
"Conv1D",0,98,"test",93,0.433731883764267,0
"Conv1D",0,98,"test",94,0.501153469085693,0
"Conv1D",0,98,"test",95,0.500662326812744,0
"Conv1D",0,98,"test",96,0.517832279205322,0
"Conv1D",0,98,"test",97,0.520037889480591,1
"Conv1D",0,98,"test",98,0.518295884132385,1
"Conv1D",0,98,"test",99,0.526244401931763,1
"Conv1D",0,98,"test",100,0.52765429019928,1
"Conv1D",0,98,"test",101,0.52452278137207,1
"Conv1D",0,98,"test",102,0.514043211936951,0
"Conv1D",0,98,"test",103,0.502814650535583,0
"Conv1D",0,98,"test",104,0.51303094625473,0
"Conv1D",0,98,"test",105,0.531455397605896,0
"Conv1D",0,98,"test",106,0.564549088478088,0
"Conv1D",0,98,"test",107,0.524989187717438,0
"Conv1D",0,98,"test",108,0.531203091144562,0
"Conv1D",0,98,"test",109,0.54089367389679,0
"Conv1D",0,98,"test",110,0.514795064926147,1
"Conv1D",0,98,"test",111,0.51666659116745,1
"Conv1D",0,98,"test",112,0.497210800647736,1
"Conv1D",0,98,"test",113,0.500946283340454,0
"Conv1D",0,98,"test",114,0.482758671045303,1
"Conv1D",0,98,"test",115,0.488638550043106,1
"Conv1D",0,98,"test",116,0.466767132282257,1
"Conv1D",0,98,"test",117,0.47528663277626,1
"Conv1D",0,98,"test",118,0.433731883764267,1
"Conv1D",0,98,"test",119,0.444062650203705,0
"Conv1D",0,98,"test",120,0.500662326812744,0
"Conv1D",0,98,"test",121,0.496451020240784,0
"Conv1D",0,98,"test",122,0.520037889480591,1
"Conv1D",0,98,"test",123,0.519353449344635,1
"Conv1D",0,98,"test",124,0.526244401931763,1
"Conv1D",0,98,"test",125,0.517414391040802,0
"Conv1D",0,98,"test",126,0.52452278137207,0
"Conv1D",0,98,"test",127,0.530437469482422,0
"Conv1D",0,98,"test",128,0.502814650535583,1
"Conv1D",0,98,"test",129,0.497761964797974,1
"Conv1D",0,98,"test",130,0.531455397605896,1
"Conv1D",0,98,"test",131,0.556423664093018,1
"Conv1D",0,98,"test",132,0.524989187717438,0
"Conv1D",0,98,"test",133,0.654575645923615,0
"Conv1D",0,98,"test",134,0.54089367389679,0
"Conv1D",0,98,"test",135,0.529864311218262,0
"Conv1D",0,98,"test",136,0.51666659116745,0
"Conv1D",0,98,"test",137,0.516897320747375,1
"Conv1D",0,98,"test",138,0.500946283340454,1
"Conv1D",0,98,"test",139,0.500838279724121,1
"Conv1D",0,98,"test",140,0.488638550043106,1
"Conv1D",0,98,"test",141,0.48517718911171,1
"Conv1D",0,98,"test",142,0.47528663277626,1
"Conv1D",0,98,"test",143,0.49272346496582,1
"Conv1D",0,98,"test",144,0.444062650203705,1
"Conv1D",0,98,"test",145,0.442749500274658,1
"Conv1D",0,98,"test",146,0.496451020240784,1
"Conv1D",0,98,"test",147,0.497378408908844,1
"Conv1D",0,98,"test",148,0.519353449344635,1
"Conv1D",0,98,"test",149,0.529786586761475,1
"Conv1D",0,98,"test",150,0.517414391040802,1
"Conv1D",0,98,"test",151,0.520474314689636,1
"Conv1D",0,98,"test",152,0.530437469482422,0
"Conv1D",0,98,"test",153,0.553052008152008,0
"Conv1D",0,98,"test",154,0.497761964797974,1
"Conv1D",0,98,"test",155,0.486399471759796,1
"Conv1D",0,98,"test",156,0.556423664093018,1
"Conv1D",0,98,"test",157,0.523336708545685,0
"Conv1D",0,98,"test",158,0.654575645923615,0
"Conv1D",0,98,"test",159,0.578752279281616,0
"Conv1D",0,98,"test",160,0.529864311218262,0
"Conv1D",0,98,"test",161,0.527189612388611,0
"Conv1D",0,98,"test",162,0.516897320747375,0
"Conv1D",0,98,"test",163,0.519920408725739,0
"Conv1D",0,98,"test",164,0.500838279724121,0
"Conv1D",0,98,"test",165,0.506272912025452,1
"Conv1D",0,98,"test",166,0.48517718911171,1
"Conv1D",0,98,"test",167,0.494182288646698,0
"Conv1D",0,98,"test",168,0.49272346496582,1
"Conv1D",0,98,"test",169,0.482725560665131,1
"Conv1D",0,98,"test",170,0.442749500274658,1
"Conv1D",0,98,"test",171,0.445087939500809,0
"Conv1D",0,98,"test",172,0.497378408908844,0
"Conv1D",0,98,"test",173,0.495362639427185,1
"Conv1D",0,98,"test",174,0.529786586761475,1
"Conv1D",0,98,"test",175,0.524633765220642,1
"Conv1D",0,98,"test",176,0.520474314689636,1
"Conv1D",0,98,"test",177,0.518781900405884,0
"Conv1D",0,98,"test",178,0.553052008152008,0
"Conv1D",0,98,"test",179,0.534639060497284,0
"Conv1D",0,98,"test",180,0.486399471759796,0
"Conv1D",0,98,"test",181,0.51496160030365,0
"Conv1D",0,98,"test",182,0.523336708545685,0
"Conv1D",0,98,"test",183,0.514821290969849,0
"Conv1D",0,98,"test",184,0.578752279281616,0
"Conv1D",0,98,"test",185,0.555382072925568,0
"Conv1D",0,98,"test",186,0.527189612388611,1
"Conv1D",0,98,"test",187,0.521123647689819,0
"Conv1D",0,98,"test",188,0.519920408725739,0
"Conv1D",0,98,"test",189,0.516495883464813,0
"Conv1D",0,98,"test",190,0.506272912025452,0
"Conv1D",0,98,"test",191,0.480146050453186,0
"Conv1D",0,98,"test",192,0.494182288646698,0
"Conv1D",0,98,"test",193,0.473500549793243,0
"Conv1D",0,98,"test",194,0.482725560665131,0
"Conv1D",0,98,"test",195,0.492379605770111,0
"Conv1D",0,98,"test",196,0.445087939500809,0
"Conv1D",0,98,"test",197,0.446626454591751,1
"Conv1D",0,98,"test",198,0.495362639427185,1
"Conv1D",0,98,"test",199,0.496226668357849,1
"Conv1D",0,98,"test",200,0.524633765220642,0
"Conv1D",0,98,"test",201,0.523861229419708,0
"Conv1D",0,98,"test",202,0.518781900405884,1
"Conv1D",0,98,"test",203,0.541383445262909,0
"Conv1D",0,98,"test",204,0.534639060497284,0
"Conv1D",0,98,"test",205,0.522414267063141,0
"Conv1D",0,98,"test",206,0.51496160030365,1
"Conv1D",0,98,"test",207,0.508221507072449,0
"Conv1D",0,98,"test",208,0.514821290969849,0
"Conv1D",0,98,"test",209,0.506916880607605,0
"Conv1D",0,98,"test",210,0.555382072925568,0
"Conv1D",0,98,"test",211,0.556409060955048,0
"Conv1D",0,98,"test",212,0.521123647689819,1
"Conv1D",0,98,"test",213,0.552770853042603,0
"Conv1D",0,98,"test",214,0.516495883464813,1
"Conv1D",0,98,"test",215,0.511363327503204,1
"Conv1D",0,98,"test",216,0.480146050453186,1
"Conv1D",0,98,"test",217,0.470467984676361,0
"Conv1D",0,98,"test",218,0.473500549793243,0
"Conv1D",0,98,"test",219,0.471524804830551,1
"Conv1D",0,98,"test",220,0.492379605770111,1
"Conv1D",0,98,"test",221,0.484993398189545,0
"Conv1D",0,98,"test",222,0.446626454591751,1
"Conv1D",0,98,"test",223,0.441951632499695,1
"Conv1D",0,98,"test",224,0.496226668357849,1
"Conv1D",0,98,"test",225,0.49769538640976,0
"Conv1D",0,98,"test",226,0.523861229419708,0
"Conv1D",0,98,"test",227,0.527138411998749,0
"Conv1D",0,98,"test",228,0.541383445262909,1
"Conv1D",0,98,"test",229,0.520398497581482,1
"Conv1D",0,98,"test",230,0.522414267063141,0
"Conv1D",0,98,"test",231,0.513299703598022,1
"Conv1D",0,98,"test",232,0.508221507072449,1
"Conv1D",0,98,"test",233,0.538329482078552,1
"Conv1D",0,98,"test",234,0.506916880607605,1
"Conv1D",0,98,"test",235,0.506257891654968,1
"Conv1D",0,98,"test",236,0.556409060955048,1
"Conv1D",0,98,"test",237,0.574067115783691,0
"Conv1D",0,98,"test",238,0.552770853042603,0
"Conv1D",0,98,"test",239,0.530094146728516,0
"Conv1D",0,98,"test",240,0.511363327503204,0
"Conv1D",0,98,"test",241,0.505303263664246,0
"Conv1D",0,98,"test",242,0.470467984676361,0
"Conv1D",0,98,"test",243,0.48961329460144,0
"Conv1D",0,98,"test",244,0.471524804830551,1
"Conv1D",0,98,"test",245,0.475589632987976,1
"Conv1D",0,98,"test",246,0.484993398189545,1
"Conv1D",0,98,"test",247,0.497367948293686,1
"Conv1D",0,98,"test",248,0.441951632499695,1
"Conv1D",0,98,"test",249,0.419662445783615,1
"Conv1D",0,98,"test",250,0.49769538640976,1
"Conv1D",0,98,"test",251,0.49998739361763,1
"Conv1D",0,98,"test",252,0.527138411998749,0
"Conv1D",0,98,"test",253,0.535788893699646,0
"Conv1D",0,98,"test",254,0.520398497581482,0
"Conv1D",0,98,"test",255,0.513007283210754,1
"Conv1D",0,98,"test",256,0.513299703598022,1
"Conv1D",0,98,"test",257,0.532237827777863,1
"Conv1D",0,98,"test",258,0.538329482078552,1
"Conv1D",0,98,"test",259,0.51535975933075,1
"Conv1D",0,98,"test",260,0.506257891654968,1
"Conv1D",0,98,"test",261,0.509480118751526,1
"Conv1D",0,98,"test",262,0.574067115783691,0
"Conv1D",0,98,"test",263,0.549371719360352,0
"Conv1D",0,98,"test",264,0.530094146728516,1
"Conv1D",0,98,"test",265,0.534548342227936,1
"Conv1D",0,98,"test",266,0.505303263664246,1
"Conv1D",0,98,"test",267,0.509607076644897,1
"Conv1D",0,98,"test",268,0.48961329460144,1
"Conv1D",0,98,"test",269,0.494624197483063,1
"Conv1D",0,98,"test",270,0.475589632987976,1
"Conv1D",0,98,"test",271,0.486335098743439,1
"Conv1D",0,98,"test",272,0.497367948293686,1
"Conv1D",0,98,"test",273,0.48984482884407,1
"Conv1D",0,98,"test",274,0.419662445783615,1
"Conv1D",0,98,"test",275,0.441527336835861,1
"Conv1D",0,98,"test",276,0.49998739361763,1
"Conv1D",0,98,"test",277,0.499428540468216,1
"Conv1D",0,98,"test",278,0.535788893699646,0
"Conv1D",0,98,"test",279,0.532060325145721,0
"Conv1D",0,98,"test",280,0.513007283210754,0
"Conv1D",0,98,"test",281,0.525666058063507,0
"Conv1D",0,98,"test",282,0.532237827777863,0
"Conv1D",0,98,"test",283,0.518017709255219,0
"Conv1D",0,98,"test",284,0.51535975933075,0
"Conv1D",0,98,"test",285,0.525399744510651,0
"Conv1D",0,98,"test",286,0.509480118751526,0
"Conv1D",0,98,"test",287,0.533420979976654,0
"Conv1D",0,98,"test",288,0.549371719360352,0
"Conv1D",0,98,"test",289,0.561455965042114,0
"Conv1D",0,98,"test",290,0.534548342227936,0
"Conv1D",0,98,"test",291,0.508733868598938,0
"Conv1D",0,98,"test",292,0.509607076644897,1
"Conv1D",0,98,"test",293,0.520028412342072,1
"Conv1D",0,98,"test",294,0.494624197483063,1
"Conv1D",0,98,"test",295,0.508002161979675,0
"Conv1D",0,98,"test",296,0.486335098743439,0
"Conv1D",0,98,"test",297,0.491133004426956,1
"Conv1D",0,98,"test",298,0.48984482884407,0
"Conv1D",0,98,"test",299,0.494821727275848,0
"Conv1D",0,98,"test",300,0.441527336835861,1
"Conv1D",0,98,"test",301,0.426740556955338,1
"Conv1D",0,98,"test",302,0.499428540468216,1
"Conv1D",0,98,"test",303,0.503631114959717,0
"Conv1D",0,98,"test",304,0.532060325145721,1
"Conv1D",0,98,"test",305,0.538401186466217,0
"Conv1D",0,41,"test",1,0.482798784971237,0
"Conv1D",0,41,"test",2,0.542902052402496,0
"Conv1D",0,41,"test",3,0.550548076629639,1
"Conv1D",0,41,"test",4,0.509029269218445,1
"Conv1D",0,41,"test",5,0.517396092414856,1
"Conv1D",0,41,"test",6,0.496062040328979,1
"Conv1D",0,41,"test",7,0.48864558339119,1
"Conv1D",0,41,"test",8,0.494072914123535,1
"Conv1D",0,41,"test",9,0.487329006195068,1
"Conv1D",0,41,"test",10,0.481472432613373,1
"Conv1D",0,41,"test",11,0.480709671974182,1
"Conv1D",0,41,"test",12,0.477424502372742,1
"Conv1D",0,41,"test",13,0.450688362121582,1
"Conv1D",0,41,"test",14,0.426562041044235,1
"Conv1D",0,41,"test",15,0.430511832237244,1
"Conv1D",0,41,"test",16,0.455440580844879,1
"Conv1D",0,41,"test",17,0.458963304758072,0
"Conv1D",0,41,"test",18,0.513170540332794,0
"Conv1D",0,41,"test",19,0.514395534992218,0
"Conv1D",0,41,"test",20,0.526516139507294,1
"Conv1D",0,41,"test",21,0.531192183494568,1
"Conv1D",0,41,"test",22,0.525560796260834,1
"Conv1D",0,41,"test",23,0.521583259105682,0
"Conv1D",0,41,"test",24,0.500254988670349,0
"Conv1D",0,41,"test",25,0.52215164899826,0
"Conv1D",0,41,"test",26,0.482798784971237,1
"Conv1D",0,41,"test",27,0.504266619682312,1
"Conv1D",0,41,"test",28,0.550548076629639,1
"Conv1D",0,41,"test",29,0.553764462471008,0
"Conv1D",0,41,"test",30,0.517396092414856,0
"Conv1D",0,41,"test",31,0.527586281299591,0
"Conv1D",0,41,"test",32,0.48864558339119,0
"Conv1D",0,41,"test",33,0.476570874452591,0
"Conv1D",0,41,"test",34,0.487329006195068,1
"Conv1D",0,41,"test",35,0.488454133272171,1
"Conv1D",0,41,"test",36,0.480709671974182,1
"Conv1D",0,41,"test",37,0.480110645294189,1
"Conv1D",0,41,"test",38,0.450688362121582,1
"Conv1D",0,41,"test",39,0.451961398124695,1
"Conv1D",0,41,"test",40,0.430511832237244,1
"Conv1D",0,41,"test",41,0.42911759018898,1
"Conv1D",0,41,"test",42,0.458963304758072,0
"Conv1D",0,41,"test",43,0.473659962415695,0
"Conv1D",0,41,"test",44,0.514395534992218,1
"Conv1D",0,41,"test",45,0.513483166694641,1
"Conv1D",0,41,"test",46,0.531192183494568,1
"Conv1D",0,41,"test",47,0.523149132728577,0
"Conv1D",0,41,"test",48,0.521583259105682,0
"Conv1D",0,41,"test",49,0.520398318767548,0
"Conv1D",0,41,"test",50,0.52215164899826,0
"Conv1D",0,41,"test",51,0.498056679964066,1
"Conv1D",0,41,"test",52,0.504266619682312,1
"Conv1D",0,41,"test",53,0.499504923820496,1
"Conv1D",0,41,"test",54,0.553764462471008,1
"Conv1D",0,41,"test",55,0.546595752239227,0
"Conv1D",0,41,"test",56,0.527586281299591,0
"Conv1D",0,41,"test",57,0.562442481517792,0
"Conv1D",0,41,"test",58,0.476570874452591,0
"Conv1D",0,41,"test",59,0.47229528427124,1
"Conv1D",0,41,"test",60,0.488454133272171,1
"Conv1D",0,41,"test",61,0.480960041284561,1
"Conv1D",0,41,"test",62,0.480110645294189,0
"Conv1D",0,41,"test",63,0.48113739490509,1
"Conv1D",0,41,"test",64,0.451961398124695,1
"Conv1D",0,41,"test",65,0.460967272520065,1
"Conv1D",0,41,"test",66,0.42911759018898,1
"Conv1D",0,41,"test",67,0.420248597860336,1
"Conv1D",0,41,"test",68,0.473659962415695,0
"Conv1D",0,41,"test",69,0.471754550933838,0
"Conv1D",0,41,"test",70,0.513483166694641,0
"Conv1D",0,41,"test",71,0.508930087089539,1
"Conv1D",0,41,"test",72,0.523149132728577,1
"Conv1D",0,41,"test",73,0.518526077270508,0
"Conv1D",0,41,"test",74,0.520398318767548,0
"Conv1D",0,41,"test",75,0.527152478694916,0
"Conv1D",0,41,"test",76,0.498056679964066,0
"Conv1D",0,41,"test",77,0.507627844810486,0
"Conv1D",0,41,"test",78,0.499504923820496,1
"Conv1D",0,41,"test",79,0.514959394931793,0
"Conv1D",0,41,"test",80,0.546595752239227,0
"Conv1D",0,41,"test",81,0.558952331542969,1
"Conv1D",0,41,"test",82,0.562442481517792,1
"Conv1D",0,41,"test",83,0.531722605228424,1
"Conv1D",0,41,"test",84,0.47229528427124,1
"Conv1D",0,41,"test",85,0.47616320848465,0
"Conv1D",0,41,"test",86,0.480960041284561,0
"Conv1D",0,41,"test",87,0.486682087182999,0
"Conv1D",0,41,"test",88,0.48113739490509,0
"Conv1D",0,41,"test",89,0.475377857685089,0
"Conv1D",0,41,"test",90,0.460967272520065,0
"Conv1D",0,41,"test",91,0.456964015960693,1
"Conv1D",0,41,"test",92,0.420248597860336,0
"Conv1D",0,41,"test",93,0.419143825769424,0
"Conv1D",0,41,"test",94,0.471754550933838,0
"Conv1D",0,41,"test",95,0.469917446374893,0
"Conv1D",0,41,"test",96,0.508930087089539,0
"Conv1D",0,41,"test",97,0.507723689079285,1
"Conv1D",0,41,"test",98,0.518526077270508,1
"Conv1D",0,41,"test",99,0.522591114044189,1
"Conv1D",0,41,"test",100,0.527152478694916,1
"Conv1D",0,41,"test",101,0.522491037845612,1
"Conv1D",0,41,"test",102,0.507627844810486,0
"Conv1D",0,41,"test",103,0.496876895427704,0
"Conv1D",0,41,"test",104,0.514959394931793,0
"Conv1D",0,41,"test",105,0.533284068107605,0
"Conv1D",0,41,"test",106,0.558952331542969,0
"Conv1D",0,41,"test",107,0.536352336406708,0
"Conv1D",0,41,"test",108,0.531722605228424,0
"Conv1D",0,41,"test",109,0.536882817745209,0
"Conv1D",0,41,"test",110,0.47616320848465,1
"Conv1D",0,41,"test",111,0.452463567256927,1
"Conv1D",0,41,"test",112,0.486682087182999,1
"Conv1D",0,41,"test",113,0.487988471984863,0
"Conv1D",0,41,"test",114,0.475377857685089,1
"Conv1D",0,41,"test",115,0.482930988073349,1
"Conv1D",0,41,"test",116,0.456964015960693,1
"Conv1D",0,41,"test",117,0.468214899301529,1
"Conv1D",0,41,"test",118,0.419143825769424,1
"Conv1D",0,41,"test",119,0.430447310209274,0
"Conv1D",0,41,"test",120,0.469917446374893,0
"Conv1D",0,41,"test",121,0.447140276432037,0
"Conv1D",0,41,"test",122,0.507723689079285,1
"Conv1D",0,41,"test",123,0.507176280021667,1
"Conv1D",0,41,"test",124,0.522591114044189,1
"Conv1D",0,41,"test",125,0.518954694271088,0
"Conv1D",0,41,"test",126,0.522491037845612,0
"Conv1D",0,41,"test",127,0.521834373474121,0
"Conv1D",0,41,"test",128,0.496876895427704,1
"Conv1D",0,41,"test",129,0.487650603055954,1
"Conv1D",0,41,"test",130,0.533284068107605,1
"Conv1D",0,41,"test",131,0.551288723945618,1
"Conv1D",0,41,"test",132,0.536352336406708,0
"Conv1D",0,41,"test",133,0.621842920780182,0
"Conv1D",0,41,"test",134,0.536882817745209,0
"Conv1D",0,41,"test",135,0.529545843601227,0
"Conv1D",0,41,"test",136,0.452463567256927,0
"Conv1D",0,41,"test",137,0.477585941553116,1
"Conv1D",0,41,"test",138,0.487988471984863,1
"Conv1D",0,41,"test",139,0.489531069993973,1
"Conv1D",0,41,"test",140,0.482930988073349,1
"Conv1D",0,41,"test",141,0.481751412153244,1
"Conv1D",0,41,"test",142,0.468214899301529,1
"Conv1D",0,41,"test",143,0.474400609731674,1
"Conv1D",0,41,"test",144,0.430447310209274,1
"Conv1D",0,41,"test",145,0.426633983850479,1
"Conv1D",0,41,"test",146,0.447140276432037,1
"Conv1D",0,41,"test",147,0.444105476140976,1
"Conv1D",0,41,"test",148,0.507176280021667,1
"Conv1D",0,41,"test",149,0.515370309352875,1
"Conv1D",0,41,"test",150,0.518954694271088,1
"Conv1D",0,41,"test",151,0.519529759883881,1
"Conv1D",0,41,"test",152,0.521834373474121,0
"Conv1D",0,41,"test",153,0.543610811233521,0
"Conv1D",0,41,"test",154,0.487650603055954,1
"Conv1D",0,41,"test",155,0.475199043750763,1
"Conv1D",0,41,"test",156,0.551288723945618,1
"Conv1D",0,41,"test",157,0.524075746536255,0
"Conv1D",0,41,"test",158,0.621842920780182,0
"Conv1D",0,41,"test",159,0.569088160991669,0
"Conv1D",0,41,"test",160,0.529545843601227,0
"Conv1D",0,41,"test",161,0.527536332607269,0
"Conv1D",0,41,"test",162,0.477585941553116,0
"Conv1D",0,41,"test",163,0.488915264606476,0
"Conv1D",0,41,"test",164,0.489531069993973,0
"Conv1D",0,41,"test",165,0.489584058523178,1
"Conv1D",0,41,"test",166,0.481751412153244,1
"Conv1D",0,41,"test",167,0.482033342123032,0
"Conv1D",0,41,"test",168,0.474400609731674,1
"Conv1D",0,41,"test",169,0.467236220836639,1
"Conv1D",0,41,"test",170,0.426633983850479,1
"Conv1D",0,41,"test",171,0.430765807628632,0
"Conv1D",0,41,"test",172,0.444105476140976,0
"Conv1D",0,41,"test",173,0.440188109874725,1
"Conv1D",0,41,"test",174,0.515370309352875,1
"Conv1D",0,41,"test",175,0.51144152879715,1
"Conv1D",0,41,"test",176,0.519529759883881,1
"Conv1D",0,41,"test",177,0.518216013908386,0
"Conv1D",0,41,"test",178,0.543610811233521,0
"Conv1D",0,41,"test",179,0.522387564182281,0
"Conv1D",0,41,"test",180,0.475199043750763,0
"Conv1D",0,41,"test",181,0.516645491123199,0
"Conv1D",0,41,"test",182,0.524075746536255,0
"Conv1D",0,41,"test",183,0.518739759922028,0
"Conv1D",0,41,"test",184,0.569088160991669,0
"Conv1D",0,41,"test",185,0.553540468215942,0
"Conv1D",0,41,"test",186,0.527536332607269,1
"Conv1D",0,41,"test",187,0.52174437046051,0
"Conv1D",0,41,"test",188,0.488915264606476,0
"Conv1D",0,41,"test",189,0.487804800271988,0
"Conv1D",0,41,"test",190,0.489584058523178,0
"Conv1D",0,41,"test",191,0.469178080558777,0
"Conv1D",0,41,"test",192,0.482033342123032,0
"Conv1D",0,41,"test",193,0.474989354610443,0
"Conv1D",0,41,"test",194,0.467236220836639,0
"Conv1D",0,41,"test",195,0.480598628520966,0
"Conv1D",0,41,"test",196,0.430765807628632,0
"Conv1D",0,41,"test",197,0.435891658067703,1
"Conv1D",0,41,"test",198,0.440188109874725,1
"Conv1D",0,41,"test",199,0.446296840906143,1
"Conv1D",0,41,"test",200,0.51144152879715,0
"Conv1D",0,41,"test",201,0.510666370391846,0
"Conv1D",0,41,"test",202,0.518216013908386,1
"Conv1D",0,41,"test",203,0.530790448188782,0
"Conv1D",0,41,"test",204,0.522387564182281,0
"Conv1D",0,41,"test",205,0.51934289932251,0
"Conv1D",0,41,"test",206,0.516645491123199,1
"Conv1D",0,41,"test",207,0.506782412528992,0
"Conv1D",0,41,"test",208,0.518739759922028,0
"Conv1D",0,41,"test",209,0.504031896591187,0
"Conv1D",0,41,"test",210,0.553540468215942,0
"Conv1D",0,41,"test",211,0.554165065288544,0
"Conv1D",0,41,"test",212,0.52174437046051,1
"Conv1D",0,41,"test",213,0.544315993785858,0
"Conv1D",0,41,"test",214,0.487804800271988,1
"Conv1D",0,41,"test",215,0.460225939750671,1
"Conv1D",0,41,"test",216,0.469178080558777,1
"Conv1D",0,41,"test",217,0.461646407842636,0
"Conv1D",0,41,"test",218,0.474989354610443,0
"Conv1D",0,41,"test",219,0.472583293914795,1
"Conv1D",0,41,"test",220,0.480598628520966,1
"Conv1D",0,41,"test",221,0.46903520822525,0
"Conv1D",0,41,"test",222,0.435891658067703,1
"Conv1D",0,41,"test",223,0.426573306322098,1
"Conv1D",0,41,"test",224,0.446296840906143,1
"Conv1D",0,41,"test",225,0.459148705005646,0
"Conv1D",0,41,"test",226,0.510666370391846,0
"Conv1D",0,41,"test",227,0.512035071849823,0
"Conv1D",0,41,"test",228,0.530790448188782,1
"Conv1D",0,41,"test",229,0.519123911857605,1
"Conv1D",0,41,"test",230,0.51934289932251,0
"Conv1D",0,41,"test",231,0.508411526679993,1
"Conv1D",0,41,"test",232,0.506782412528992,1
"Conv1D",0,41,"test",233,0.52130538225174,1
"Conv1D",0,41,"test",234,0.504031896591187,1
"Conv1D",0,41,"test",235,0.50524240732193,1
"Conv1D",0,41,"test",236,0.554165065288544,1
"Conv1D",0,41,"test",237,0.566200494766235,0
"Conv1D",0,41,"test",238,0.544315993785858,0
"Conv1D",0,41,"test",239,0.52951842546463,0
"Conv1D",0,41,"test",240,0.460225939750671,0
"Conv1D",0,41,"test",241,0.446815192699432,0
"Conv1D",0,41,"test",242,0.461646407842636,0
"Conv1D",0,41,"test",243,0.4818454682827,0
"Conv1D",0,41,"test",244,0.472583293914795,1
"Conv1D",0,41,"test",245,0.470280557870865,1
"Conv1D",0,41,"test",246,0.46903520822525,1
"Conv1D",0,41,"test",247,0.486292123794556,1
"Conv1D",0,41,"test",248,0.426573306322098,1
"Conv1D",0,41,"test",249,0.404137492179871,1
"Conv1D",0,41,"test",250,0.459148705005646,1
"Conv1D",0,41,"test",251,0.458148390054703,1
"Conv1D",0,41,"test",252,0.512035071849823,0
"Conv1D",0,41,"test",253,0.514447152614594,0
"Conv1D",0,41,"test",254,0.519123911857605,0
"Conv1D",0,41,"test",255,0.516181230545044,1
"Conv1D",0,41,"test",256,0.508411526679993,1
"Conv1D",0,41,"test",257,0.528520226478577,1
"Conv1D",0,41,"test",258,0.52130538225174,1
"Conv1D",0,41,"test",259,0.509945034980774,1
"Conv1D",0,41,"test",260,0.50524240732193,1
"Conv1D",0,41,"test",261,0.501305103302002,1
"Conv1D",0,41,"test",262,0.566200494766235,0
"Conv1D",0,41,"test",263,0.544074773788452,0
"Conv1D",0,41,"test",264,0.52951842546463,1
"Conv1D",0,41,"test",265,0.533474147319794,1
"Conv1D",0,41,"test",266,0.446815192699432,1
"Conv1D",0,41,"test",267,0.483004957437515,1
"Conv1D",0,41,"test",268,0.4818454682827,1
"Conv1D",0,41,"test",269,0.485307067632675,1
"Conv1D",0,41,"test",270,0.470280557870865,1
"Conv1D",0,41,"test",271,0.481370806694031,1
"Conv1D",0,41,"test",272,0.486292123794556,1
"Conv1D",0,41,"test",273,0.478816151618958,1
"Conv1D",0,41,"test",274,0.404137492179871,1
"Conv1D",0,41,"test",275,0.426684498786926,1
"Conv1D",0,41,"test",276,0.458148390054703,1
"Conv1D",0,41,"test",277,0.432208031415939,1
"Conv1D",0,41,"test",278,0.514447152614594,0
"Conv1D",0,41,"test",279,0.506260275840759,0
"Conv1D",0,41,"test",280,0.516181230545044,0
"Conv1D",0,41,"test",281,0.522634565830231,0
"Conv1D",0,41,"test",282,0.528520226478577,0
"Conv1D",0,41,"test",283,0.515163362026215,0
"Conv1D",0,41,"test",284,0.509945034980774,0
"Conv1D",0,41,"test",285,0.506524085998535,0
"Conv1D",0,41,"test",286,0.501305103302002,0
"Conv1D",0,41,"test",287,0.533313810825348,0
"Conv1D",0,41,"test",288,0.544074773788452,0
"Conv1D",0,41,"test",289,0.557281851768494,0
"Conv1D",0,41,"test",290,0.533474147319794,0
"Conv1D",0,41,"test",291,0.514694213867188,0
"Conv1D",0,41,"test",292,0.483004957437515,1
"Conv1D",0,41,"test",293,0.4973224401474,1
"Conv1D",0,41,"test",294,0.485307067632675,1
"Conv1D",0,41,"test",295,0.487748354673386,0
"Conv1D",0,41,"test",296,0.481370806694031,0
"Conv1D",0,41,"test",297,0.48239541053772,1
"Conv1D",0,41,"test",298,0.478816151618958,0
"Conv1D",0,41,"test",299,0.480391710996628,0
"Conv1D",0,41,"test",300,0.426684498786926,1
"Conv1D",0,41,"test",301,0.388653129339218,1
"Conv1D",0,41,"test",302,0.432208031415939,1
"Conv1D",0,41,"test",303,0.452260136604309,0
"Conv1D",0,41,"test",304,0.506260275840759,1
"Conv1D",0,41,"test",305,0.51703542470932,0
"Conv1D",0,64,"test",1,0.498964935541153,0
"Conv1D",0,64,"test",2,0.547065615653992,0
"Conv1D",0,64,"test",3,0.553620100021362,1
"Conv1D",0,64,"test",4,0.501975178718567,1
"Conv1D",0,64,"test",5,0.513695359230042,1
"Conv1D",0,64,"test",6,0.48858717083931,1
"Conv1D",0,64,"test",7,0.484843879938126,1
"Conv1D",0,64,"test",8,0.502342462539673,1
"Conv1D",0,64,"test",9,0.497622072696686,1
"Conv1D",0,64,"test",10,0.491710335016251,1
"Conv1D",0,64,"test",11,0.498727917671204,1
"Conv1D",0,64,"test",12,0.486223191022873,1
"Conv1D",0,64,"test",13,0.488261342048645,1
"Conv1D",0,64,"test",14,0.488814920186996,1
"Conv1D",0,64,"test",15,0.493442863225937,1
"Conv1D",0,64,"test",16,0.474066078662872,1
"Conv1D",0,64,"test",17,0.466635704040527,0
"Conv1D",0,64,"test",18,0.514117419719696,0
"Conv1D",0,64,"test",19,0.512387812137604,0
"Conv1D",0,64,"test",20,0.572163939476013,1
"Conv1D",0,64,"test",21,0.581445395946503,1
"Conv1D",0,64,"test",22,0.517965495586395,1
"Conv1D",0,64,"test",23,0.513750195503235,0
"Conv1D",0,64,"test",24,0.498113244771957,0
"Conv1D",0,64,"test",25,0.503664910793304,0
"Conv1D",0,64,"test",26,0.498964935541153,1
"Conv1D",0,64,"test",27,0.531004130840302,1
"Conv1D",0,64,"test",28,0.553620100021362,1
"Conv1D",0,64,"test",29,0.553254842758179,0
"Conv1D",0,64,"test",30,0.513695359230042,0
"Conv1D",0,64,"test",31,0.520735800266266,0
"Conv1D",0,64,"test",32,0.484843879938126,0
"Conv1D",0,64,"test",33,0.474490821361542,0
"Conv1D",0,64,"test",34,0.497622072696686,1
"Conv1D",0,64,"test",35,0.510841131210327,1
"Conv1D",0,64,"test",36,0.498727917671204,1
"Conv1D",0,64,"test",37,0.501281142234802,1
"Conv1D",0,64,"test",38,0.488261342048645,1
"Conv1D",0,64,"test",39,0.485101968050003,1
"Conv1D",0,64,"test",40,0.493442863225937,1
"Conv1D",0,64,"test",41,0.488041907548904,1
"Conv1D",0,64,"test",42,0.466635704040527,0
"Conv1D",0,64,"test",43,0.475234925746918,0
"Conv1D",0,64,"test",44,0.512387812137604,1
"Conv1D",0,64,"test",45,0.514212906360626,1
"Conv1D",0,64,"test",46,0.581445395946503,1
"Conv1D",0,64,"test",47,0.554854691028595,0
"Conv1D",0,64,"test",48,0.513750195503235,0
"Conv1D",0,64,"test",49,0.52488374710083,0
"Conv1D",0,64,"test",50,0.503664910793304,0
"Conv1D",0,64,"test",51,0.49356946349144,1
"Conv1D",0,64,"test",52,0.531004130840302,1
"Conv1D",0,64,"test",53,0.523113191127777,1
"Conv1D",0,64,"test",54,0.553254842758179,1
"Conv1D",0,64,"test",55,0.545097351074219,0
"Conv1D",0,64,"test",56,0.520735800266266,0
"Conv1D",0,64,"test",57,0.542990386486053,0
"Conv1D",0,64,"test",58,0.474490821361542,0
"Conv1D",0,64,"test",59,0.466945052146912,1
"Conv1D",0,64,"test",60,0.510841131210327,1
"Conv1D",0,64,"test",61,0.484665274620056,1
"Conv1D",0,64,"test",62,0.501281142234802,0
"Conv1D",0,64,"test",63,0.493529319763184,1
"Conv1D",0,64,"test",64,0.485101968050003,1
"Conv1D",0,64,"test",65,0.484796732664108,1
"Conv1D",0,64,"test",66,0.488041907548904,1
"Conv1D",0,64,"test",67,0.490891486406326,1
"Conv1D",0,64,"test",68,0.475234925746918,0
"Conv1D",0,64,"test",69,0.479832679033279,0
"Conv1D",0,64,"test",70,0.514212906360626,0
"Conv1D",0,64,"test",71,0.533997654914856,1
"Conv1D",0,64,"test",72,0.554854691028595,1
"Conv1D",0,64,"test",73,0.545643031597137,0
"Conv1D",0,64,"test",74,0.52488374710083,0
"Conv1D",0,64,"test",75,0.522142827510834,0
"Conv1D",0,64,"test",76,0.49356946349144,0
"Conv1D",0,64,"test",77,0.494541704654694,0
"Conv1D",0,64,"test",78,0.523113191127777,1
"Conv1D",0,64,"test",79,0.542234718799591,0
"Conv1D",0,64,"test",80,0.545097351074219,0
"Conv1D",0,64,"test",81,0.551534473896027,1
"Conv1D",0,64,"test",82,0.542990386486053,1
"Conv1D",0,64,"test",83,0.523952782154083,1
"Conv1D",0,64,"test",84,0.466945052146912,1
"Conv1D",0,64,"test",85,0.473793864250183,0
"Conv1D",0,64,"test",86,0.484665274620056,0
"Conv1D",0,64,"test",87,0.496062844991684,0
"Conv1D",0,64,"test",88,0.493529319763184,0
"Conv1D",0,64,"test",89,0.476287364959717,0
"Conv1D",0,64,"test",90,0.484796732664108,0
"Conv1D",0,64,"test",91,0.490885376930237,1
"Conv1D",0,64,"test",92,0.490891486406326,0
"Conv1D",0,64,"test",93,0.490510910749435,0
"Conv1D",0,64,"test",94,0.479832679033279,0
"Conv1D",0,64,"test",95,0.474135667085648,0
"Conv1D",0,64,"test",96,0.533997654914856,0
"Conv1D",0,64,"test",97,0.525634229183197,1
"Conv1D",0,64,"test",98,0.545643031597137,1
"Conv1D",0,64,"test",99,0.554667949676514,1
"Conv1D",0,64,"test",100,0.522142827510834,1
"Conv1D",0,64,"test",101,0.521125853061676,1
"Conv1D",0,64,"test",102,0.494541704654694,0
"Conv1D",0,64,"test",103,0.493496775627136,0
"Conv1D",0,64,"test",104,0.542234718799591,0
"Conv1D",0,64,"test",105,0.567496240139008,0
"Conv1D",0,64,"test",106,0.551534473896027,0
"Conv1D",0,64,"test",107,0.537449240684509,0
"Conv1D",0,64,"test",108,0.523952782154083,0
"Conv1D",0,64,"test",109,0.528049349784851,0
"Conv1D",0,64,"test",110,0.473793864250183,1
"Conv1D",0,64,"test",111,0.435826987028122,1
"Conv1D",0,64,"test",112,0.496062844991684,1
"Conv1D",0,64,"test",113,0.498988837003708,0
"Conv1D",0,64,"test",114,0.476287364959717,1
"Conv1D",0,64,"test",115,0.481821030378342,1
"Conv1D",0,64,"test",116,0.490885376930237,1
"Conv1D",0,64,"test",117,0.490364819765091,1
"Conv1D",0,64,"test",118,0.490510910749435,1
"Conv1D",0,64,"test",119,0.48435166478157,0
"Conv1D",0,64,"test",120,0.474135667085648,0
"Conv1D",0,64,"test",121,0.463837891817093,0
"Conv1D",0,64,"test",122,0.525634229183197,1
"Conv1D",0,64,"test",123,0.526994526386261,1
"Conv1D",0,64,"test",124,0.554667949676514,1
"Conv1D",0,64,"test",125,0.542686522006989,0
"Conv1D",0,64,"test",126,0.521125853061676,0
"Conv1D",0,64,"test",127,0.529211044311523,0
"Conv1D",0,64,"test",128,0.493496775627136,1
"Conv1D",0,64,"test",129,0.491946876049042,1
"Conv1D",0,64,"test",130,0.567496240139008,1
"Conv1D",0,64,"test",131,0.588583171367645,1
"Conv1D",0,64,"test",132,0.537449240684509,0
"Conv1D",0,64,"test",133,0.579878747463226,0
"Conv1D",0,64,"test",134,0.528049349784851,0
"Conv1D",0,64,"test",135,0.520019233226776,0
"Conv1D",0,64,"test",136,0.435826987028122,0
"Conv1D",0,64,"test",137,0.473385691642761,1
"Conv1D",0,64,"test",138,0.498988837003708,1
"Conv1D",0,64,"test",139,0.497013866901398,1
"Conv1D",0,64,"test",140,0.481821030378342,1
"Conv1D",0,64,"test",141,0.477909564971924,1
"Conv1D",0,64,"test",142,0.490364819765091,1
"Conv1D",0,64,"test",143,0.501104593276978,1
"Conv1D",0,64,"test",144,0.48435166478157,1
"Conv1D",0,64,"test",145,0.48187044262886,1
"Conv1D",0,64,"test",146,0.463837891817093,1
"Conv1D",0,64,"test",147,0.457895576953888,1
"Conv1D",0,64,"test",148,0.526994526386261,1
"Conv1D",0,64,"test",149,0.507599472999573,1
"Conv1D",0,64,"test",150,0.542686522006989,1
"Conv1D",0,64,"test",151,0.549857139587402,1
"Conv1D",0,64,"test",152,0.529211044311523,0
"Conv1D",0,64,"test",153,0.540497243404388,0
"Conv1D",0,64,"test",154,0.491946876049042,1
"Conv1D",0,64,"test",155,0.49515825510025,1
"Conv1D",0,64,"test",156,0.588583171367645,1
"Conv1D",0,64,"test",157,0.555079638957977,0
"Conv1D",0,64,"test",158,0.579878747463226,0
"Conv1D",0,64,"test",159,0.558043658733368,0
"Conv1D",0,64,"test",160,0.520019233226776,0
"Conv1D",0,64,"test",161,0.518023252487183,0
"Conv1D",0,64,"test",162,0.473385691642761,0
"Conv1D",0,64,"test",163,0.491013884544373,0
"Conv1D",0,64,"test",164,0.497013866901398,0
"Conv1D",0,64,"test",165,0.503644585609436,1
"Conv1D",0,64,"test",166,0.477909564971924,1
"Conv1D",0,64,"test",167,0.488410323858261,0
"Conv1D",0,64,"test",168,0.501104593276978,1
"Conv1D",0,64,"test",169,0.500563025474548,1
"Conv1D",0,64,"test",170,0.48187044262886,1
"Conv1D",0,64,"test",171,0.482420325279236,0
"Conv1D",0,64,"test",172,0.457895576953888,0
"Conv1D",0,64,"test",173,0.461653530597687,1
"Conv1D",0,64,"test",174,0.507599472999573,1
"Conv1D",0,64,"test",175,0.518536329269409,1
"Conv1D",0,64,"test",176,0.549857139587402,1
"Conv1D",0,64,"test",177,0.553740799427032,0
"Conv1D",0,64,"test",178,0.540497243404388,0
"Conv1D",0,64,"test",179,0.533352911472321,0
"Conv1D",0,64,"test",180,0.49515825510025,0
"Conv1D",0,64,"test",181,0.492798864841461,0
"Conv1D",0,64,"test",182,0.555079638957977,0
"Conv1D",0,64,"test",183,0.547357082366943,0
"Conv1D",0,64,"test",184,0.558043658733368,0
"Conv1D",0,64,"test",185,0.545918643474579,0
"Conv1D",0,64,"test",186,0.518023252487183,1
"Conv1D",0,64,"test",187,0.512452185153961,0
"Conv1D",0,64,"test",188,0.491013884544373,0
"Conv1D",0,64,"test",189,0.492471933364868,0
"Conv1D",0,64,"test",190,0.503644585609436,0
"Conv1D",0,64,"test",191,0.462811291217804,0
"Conv1D",0,64,"test",192,0.488410323858261,0
"Conv1D",0,64,"test",193,0.464105844497681,0
"Conv1D",0,64,"test",194,0.500563025474548,0
"Conv1D",0,64,"test",195,0.490845739841461,0
"Conv1D",0,64,"test",196,0.482420325279236,0
"Conv1D",0,64,"test",197,0.488109111785889,1
"Conv1D",0,64,"test",198,0.461653530597687,1
"Conv1D",0,64,"test",199,0.463880479335785,1
"Conv1D",0,64,"test",200,0.518536329269409,0
"Conv1D",0,64,"test",201,0.519016027450562,0
"Conv1D",0,64,"test",202,0.553740799427032,1
"Conv1D",0,64,"test",203,0.563010334968567,0
"Conv1D",0,64,"test",204,0.533352911472321,0
"Conv1D",0,64,"test",205,0.52050906419754,0
"Conv1D",0,64,"test",206,0.492798864841461,1
"Conv1D",0,64,"test",207,0.495516777038574,0
"Conv1D",0,64,"test",208,0.547357082366943,0
"Conv1D",0,64,"test",209,0.528882443904877,0
"Conv1D",0,64,"test",210,0.545918643474579,0
"Conv1D",0,64,"test",211,0.54642117023468,0
"Conv1D",0,64,"test",212,0.512452185153961,1
"Conv1D",0,64,"test",213,0.533089518547058,0
"Conv1D",0,64,"test",214,0.492471933364868,1
"Conv1D",0,64,"test",215,0.451691955327988,1
"Conv1D",0,64,"test",216,0.462811291217804,1
"Conv1D",0,64,"test",217,0.457455277442932,0
"Conv1D",0,64,"test",218,0.464105844497681,0
"Conv1D",0,64,"test",219,0.461137562990189,1
"Conv1D",0,64,"test",220,0.490845739841461,1
"Conv1D",0,64,"test",221,0.501146137714386,0
"Conv1D",0,64,"test",222,0.488109111785889,1
"Conv1D",0,64,"test",223,0.483127027750015,1
"Conv1D",0,64,"test",224,0.463880479335785,1
"Conv1D",0,64,"test",225,0.468516409397125,0
"Conv1D",0,64,"test",226,0.519016027450562,0
"Conv1D",0,64,"test",227,0.522646963596344,0
"Conv1D",0,64,"test",228,0.563010334968567,1
"Conv1D",0,64,"test",229,0.555588901042938,1
"Conv1D",0,64,"test",230,0.52050906419754,0
"Conv1D",0,64,"test",231,0.520984768867493,1
"Conv1D",0,64,"test",232,0.495516777038574,1
"Conv1D",0,64,"test",233,0.512166082859039,1
"Conv1D",0,64,"test",234,0.528882443904877,1
"Conv1D",0,64,"test",235,0.530008018016815,1
"Conv1D",0,64,"test",236,0.54642117023468,1
"Conv1D",0,64,"test",237,0.55154150724411,0
"Conv1D",0,64,"test",238,0.533089518547058,0
"Conv1D",0,64,"test",239,0.519891679286957,0
"Conv1D",0,64,"test",240,0.451691955327988,0
"Conv1D",0,64,"test",241,0.433380037546158,0
"Conv1D",0,64,"test",242,0.457455277442932,0
"Conv1D",0,64,"test",243,0.487995833158493,0
"Conv1D",0,64,"test",244,0.461137562990189,1
"Conv1D",0,64,"test",245,0.465189546346664,1
"Conv1D",0,64,"test",246,0.501146137714386,1
"Conv1D",0,64,"test",247,0.495631754398346,1
"Conv1D",0,64,"test",248,0.483127027750015,1
"Conv1D",0,64,"test",249,0.49364772439003,1
"Conv1D",0,64,"test",250,0.468516409397125,1
"Conv1D",0,64,"test",251,0.461799830198288,1
"Conv1D",0,64,"test",252,0.522646963596344,0
"Conv1D",0,64,"test",253,0.508546352386475,0
"Conv1D",0,64,"test",254,0.555588901042938,0
"Conv1D",0,64,"test",255,0.54474550485611,1
"Conv1D",0,64,"test",256,0.520984768867493,1
"Conv1D",0,64,"test",257,0.527239322662354,1
"Conv1D",0,64,"test",258,0.512166082859039,1
"Conv1D",0,64,"test",259,0.494379758834839,1
"Conv1D",0,64,"test",260,0.530008018016815,1
"Conv1D",0,64,"test",261,0.526712656021118,1
"Conv1D",0,64,"test",262,0.55154150724411,0
"Conv1D",0,64,"test",263,0.535544037818909,0
"Conv1D",0,64,"test",264,0.519891679286957,1
"Conv1D",0,64,"test",265,0.525490701198578,1
"Conv1D",0,64,"test",266,0.433380037546158,1
"Conv1D",0,64,"test",267,0.48472386598587,1
"Conv1D",0,64,"test",268,0.487995833158493,1
"Conv1D",0,64,"test",269,0.492671281099319,1
"Conv1D",0,64,"test",270,0.465189546346664,1
"Conv1D",0,64,"test",271,0.479415267705917,1
"Conv1D",0,64,"test",272,0.495631754398346,1
"Conv1D",0,64,"test",273,0.490285933017731,1
"Conv1D",0,64,"test",274,0.49364772439003,1
"Conv1D",0,64,"test",275,0.484010368585587,1
"Conv1D",0,64,"test",276,0.461799830198288,1
"Conv1D",0,64,"test",277,0.444944828748703,1
"Conv1D",0,64,"test",278,0.508546352386475,0
"Conv1D",0,64,"test",279,0.479800969362259,0
"Conv1D",0,64,"test",280,0.54474550485611,0
"Conv1D",0,64,"test",281,0.550959348678589,0
"Conv1D",0,64,"test",282,0.527239322662354,0
"Conv1D",0,64,"test",283,0.518082737922668,0
"Conv1D",0,64,"test",284,0.494379758834839,0
"Conv1D",0,64,"test",285,0.506280899047852,0
"Conv1D",0,64,"test",286,0.526712656021118,0
"Conv1D",0,64,"test",287,0.568149983882904,0
"Conv1D",0,64,"test",288,0.535544037818909,0
"Conv1D",0,64,"test",289,0.549055397510529,0
"Conv1D",0,64,"test",290,0.525490701198578,0
"Conv1D",0,64,"test",291,0.510086119174957,0
"Conv1D",0,64,"test",292,0.48472386598587,1
"Conv1D",0,64,"test",293,0.50203263759613,1
"Conv1D",0,64,"test",294,0.492671281099319,1
"Conv1D",0,64,"test",295,0.504976868629456,0
"Conv1D",0,64,"test",296,0.479415267705917,0
"Conv1D",0,64,"test",297,0.484924405813217,1
"Conv1D",0,64,"test",298,0.490285933017731,0
"Conv1D",0,64,"test",299,0.493522226810455,0
"Conv1D",0,64,"test",300,0.484010368585587,1
"Conv1D",0,64,"test",301,0.47445148229599,1
"Conv1D",0,64,"test",302,0.444944828748703,1
"Conv1D",0,64,"test",303,0.452698916196823,0
"Conv1D",0,64,"test",304,0.479800969362259,1
"Conv1D",0,64,"test",305,0.498742341995239,0
"Conv1D",0.05,23,"test",1,0.48523360490799,0
"Conv1D",0.05,23,"test",2,0.509623527526855,0
"Conv1D",0.05,23,"test",3,0.515434086322784,1
"Conv1D",0.05,23,"test",4,0.529255867004395,1
"Conv1D",0.05,23,"test",5,0.509924173355103,1
"Conv1D",0.05,23,"test",6,0.564652383327484,1
"Conv1D",0.05,23,"test",7,0.564315915107727,1
"Conv1D",0.05,23,"test",8,0.471778869628906,1
"Conv1D",0.05,23,"test",9,0.464277446269989,1
"Conv1D",0.05,23,"test",10,0.48353236913681,1
"Conv1D",0.05,23,"test",11,0.492793679237366,1
"Conv1D",0.05,23,"test",12,0.481914848089218,1
"Conv1D",0.05,23,"test",13,0.461684882640839,1
"Conv1D",0.05,23,"test",14,0.435132592916489,1
"Conv1D",0.05,23,"test",15,0.436674267053604,1
"Conv1D",0.05,23,"test",16,0.465466290712357,1
"Conv1D",0.05,23,"test",17,0.465709835290909,0
"Conv1D",0.05,23,"test",18,0.492194592952728,0
"Conv1D",0.05,23,"test",19,0.499097883701324,0
"Conv1D",0.05,23,"test",20,0.536198079586029,1
"Conv1D",0.05,23,"test",21,0.55836808681488,1
"Conv1D",0.05,23,"test",22,0.496045410633087,1
"Conv1D",0.05,23,"test",23,0.487578928470612,0
"Conv1D",0.05,23,"test",24,0.475478082895279,0
"Conv1D",0.05,23,"test",25,0.47746554017067,0
"Conv1D",0.05,23,"test",26,0.48523360490799,1
"Conv1D",0.05,23,"test",27,0.498082995414734,1
"Conv1D",0.05,23,"test",28,0.515434086322784,1
"Conv1D",0.05,23,"test",29,0.51209944486618,0
"Conv1D",0.05,23,"test",30,0.509924173355103,0
"Conv1D",0.05,23,"test",31,0.516367793083191,0
"Conv1D",0.05,23,"test",32,0.564315915107727,0
"Conv1D",0.05,23,"test",33,0.574460506439209,0
"Conv1D",0.05,23,"test",34,0.464277446269989,1
"Conv1D",0.05,23,"test",35,0.481412500143051,1
"Conv1D",0.05,23,"test",36,0.492793679237366,1
"Conv1D",0.05,23,"test",37,0.496239632368088,1
"Conv1D",0.05,23,"test",38,0.461684882640839,1
"Conv1D",0.05,23,"test",39,0.459046751260757,1
"Conv1D",0.05,23,"test",40,0.436674267053604,1
"Conv1D",0.05,23,"test",41,0.438938975334167,1
"Conv1D",0.05,23,"test",42,0.465709835290909,0
"Conv1D",0.05,23,"test",43,0.47950953245163,0
"Conv1D",0.05,23,"test",44,0.499097883701324,1
"Conv1D",0.05,23,"test",45,0.493846654891968,1
"Conv1D",0.05,23,"test",46,0.55836808681488,1
"Conv1D",0.05,23,"test",47,0.516188561916351,0
"Conv1D",0.05,23,"test",48,0.487578928470612,0
"Conv1D",0.05,23,"test",49,0.513205468654633,0
"Conv1D",0.05,23,"test",50,0.47746554017067,0
"Conv1D",0.05,23,"test",51,0.474941700696945,1
"Conv1D",0.05,23,"test",52,0.498082995414734,1
"Conv1D",0.05,23,"test",53,0.49723008275032,1
"Conv1D",0.05,23,"test",54,0.51209944486618,1
"Conv1D",0.05,23,"test",55,0.503645658493042,0
"Conv1D",0.05,23,"test",56,0.516367793083191,0
"Conv1D",0.05,23,"test",57,0.52716726064682,0
"Conv1D",0.05,23,"test",58,0.574460506439209,0
"Conv1D",0.05,23,"test",59,0.590929806232452,1
"Conv1D",0.05,23,"test",60,0.481412500143051,1
"Conv1D",0.05,23,"test",61,0.439650297164917,1
"Conv1D",0.05,23,"test",62,0.496239632368088,0
"Conv1D",0.05,23,"test",63,0.488162606954575,1
"Conv1D",0.05,23,"test",64,0.459046751260757,1
"Conv1D",0.05,23,"test",65,0.470721006393433,1
"Conv1D",0.05,23,"test",66,0.438938975334167,1
"Conv1D",0.05,23,"test",67,0.425319761037827,1
"Conv1D",0.05,23,"test",68,0.47950953245163,0
"Conv1D",0.05,23,"test",69,0.476614415645599,0
"Conv1D",0.05,23,"test",70,0.493846654891968,0
"Conv1D",0.05,23,"test",71,0.49196657538414,1
"Conv1D",0.05,23,"test",72,0.516188561916351,1
"Conv1D",0.05,23,"test",73,0.500880062580109,0
"Conv1D",0.05,23,"test",74,0.513205468654633,0
"Conv1D",0.05,23,"test",75,0.505301237106323,0
"Conv1D",0.05,23,"test",76,0.474941700696945,0
"Conv1D",0.05,23,"test",77,0.474630028009415,0
"Conv1D",0.05,23,"test",78,0.49723008275032,1
"Conv1D",0.05,23,"test",79,0.529462158679962,0
"Conv1D",0.05,23,"test",80,0.503645658493042,0
"Conv1D",0.05,23,"test",81,0.50988495349884,1
"Conv1D",0.05,23,"test",82,0.52716726064682,1
"Conv1D",0.05,23,"test",83,0.519422173500061,1
"Conv1D",0.05,23,"test",84,0.590929806232452,1
"Conv1D",0.05,23,"test",85,0.575781106948853,0
"Conv1D",0.05,23,"test",86,0.439650297164917,0
"Conv1D",0.05,23,"test",87,0.462037742137909,0
"Conv1D",0.05,23,"test",88,0.488162606954575,0
"Conv1D",0.05,23,"test",89,0.46049302816391,0
"Conv1D",0.05,23,"test",90,0.470721006393433,0
"Conv1D",0.05,23,"test",91,0.472848981618881,1
"Conv1D",0.05,23,"test",92,0.425319761037827,0
"Conv1D",0.05,23,"test",93,0.423801690340042,0
"Conv1D",0.05,23,"test",94,0.476614415645599,0
"Conv1D",0.05,23,"test",95,0.473033607006073,0
"Conv1D",0.05,23,"test",96,0.49196657538414,0
"Conv1D",0.05,23,"test",97,0.483321815729141,1
"Conv1D",0.05,23,"test",98,0.500880062580109,1
"Conv1D",0.05,23,"test",99,0.514651000499725,1
"Conv1D",0.05,23,"test",100,0.505301237106323,1
"Conv1D",0.05,23,"test",101,0.505631148815155,1
"Conv1D",0.05,23,"test",102,0.474630028009415,0
"Conv1D",0.05,23,"test",103,0.476223051548004,0
"Conv1D",0.05,23,"test",104,0.529462158679962,0
"Conv1D",0.05,23,"test",105,0.562614798545837,0
"Conv1D",0.05,23,"test",106,0.50988495349884,0
"Conv1D",0.05,23,"test",107,0.497642755508423,0
"Conv1D",0.05,23,"test",108,0.519422173500061,0
"Conv1D",0.05,23,"test",109,0.521348059177399,0
"Conv1D",0.05,23,"test",110,0.575781106948853,1
"Conv1D",0.05,23,"test",111,0.670108258724213,1
"Conv1D",0.05,23,"test",112,0.462037742137909,1
"Conv1D",0.05,23,"test",113,0.465666353702545,0
"Conv1D",0.05,23,"test",114,0.46049302816391,1
"Conv1D",0.05,23,"test",115,0.476779013872147,1
"Conv1D",0.05,23,"test",116,0.472848981618881,1
"Conv1D",0.05,23,"test",117,0.480184078216553,1
"Conv1D",0.05,23,"test",118,0.423801690340042,1
"Conv1D",0.05,23,"test",119,0.441831916570663,0
"Conv1D",0.05,23,"test",120,0.473033607006073,0
"Conv1D",0.05,23,"test",121,0.456843674182892,0
"Conv1D",0.05,23,"test",122,0.483321815729141,1
"Conv1D",0.05,23,"test",123,0.482441335916519,1
"Conv1D",0.05,23,"test",124,0.514651000499725,1
"Conv1D",0.05,23,"test",125,0.500852227210999,0
"Conv1D",0.05,23,"test",126,0.505631148815155,0
"Conv1D",0.05,23,"test",127,0.521705150604248,0
"Conv1D",0.05,23,"test",128,0.476223051548004,1
"Conv1D",0.05,23,"test",129,0.478056162595749,1
"Conv1D",0.05,23,"test",130,0.562614798545837,1
"Conv1D",0.05,23,"test",131,0.580527126789093,1
"Conv1D",0.05,23,"test",132,0.497642755508423,0
"Conv1D",0.05,23,"test",133,0.53871750831604,0
"Conv1D",0.05,23,"test",134,0.521348059177399,0
"Conv1D",0.05,23,"test",135,0.525235652923584,0
"Conv1D",0.05,23,"test",136,0.670108258724213,0
"Conv1D",0.05,23,"test",137,0.579647302627563,1
"Conv1D",0.05,23,"test",138,0.465666353702545,1
"Conv1D",0.05,23,"test",139,0.461227416992188,1
"Conv1D",0.05,23,"test",140,0.476779013872147,1
"Conv1D",0.05,23,"test",141,0.470848798751831,1
"Conv1D",0.05,23,"test",142,0.480184078216553,1
"Conv1D",0.05,23,"test",143,0.495590031147003,1
"Conv1D",0.05,23,"test",144,0.441831916570663,1
"Conv1D",0.05,23,"test",145,0.438328504562378,1
"Conv1D",0.05,23,"test",146,0.456843674182892,1
"Conv1D",0.05,23,"test",147,0.45502895116806,1
"Conv1D",0.05,23,"test",148,0.482441335916519,1
"Conv1D",0.05,23,"test",149,0.499651223421097,1
"Conv1D",0.05,23,"test",150,0.500852227210999,1
"Conv1D",0.05,23,"test",151,0.505250811576843,1
"Conv1D",0.05,23,"test",152,0.521705150604248,0
"Conv1D",0.05,23,"test",153,0.542881727218628,0
"Conv1D",0.05,23,"test",154,0.478056162595749,1
"Conv1D",0.05,23,"test",155,0.479855954647064,1
"Conv1D",0.05,23,"test",156,0.580527126789093,1
"Conv1D",0.05,23,"test",157,0.544906497001648,0
"Conv1D",0.05,23,"test",158,0.53871750831604,0
"Conv1D",0.05,23,"test",159,0.514692902565002,0
"Conv1D",0.05,23,"test",160,0.525235652923584,0
"Conv1D",0.05,23,"test",161,0.526005804538727,0
"Conv1D",0.05,23,"test",162,0.579647302627563,0
"Conv1D",0.05,23,"test",163,0.546595573425293,0
"Conv1D",0.05,23,"test",164,0.461227416992188,0
"Conv1D",0.05,23,"test",165,0.474077731370926,1
"Conv1D",0.05,23,"test",166,0.470848798751831,1
"Conv1D",0.05,23,"test",167,0.484232187271118,0
"Conv1D",0.05,23,"test",168,0.495590031147003,1
"Conv1D",0.05,23,"test",169,0.489424794912338,1
"Conv1D",0.05,23,"test",170,0.438328504562378,1
"Conv1D",0.05,23,"test",171,0.442730516195297,0
"Conv1D",0.05,23,"test",172,0.45502895116806,0
"Conv1D",0.05,23,"test",173,0.452560126781464,1
"Conv1D",0.05,23,"test",174,0.499651223421097,1
"Conv1D",0.05,23,"test",175,0.489212542772293,1
"Conv1D",0.05,23,"test",176,0.505250811576843,1
"Conv1D",0.05,23,"test",177,0.504995882511139,0
"Conv1D",0.05,23,"test",178,0.542881727218628,0
"Conv1D",0.05,23,"test",179,0.530778765678406,0
"Conv1D",0.05,23,"test",180,0.479855954647064,0
"Conv1D",0.05,23,"test",181,0.475749671459198,0
"Conv1D",0.05,23,"test",182,0.544906497001648,0
"Conv1D",0.05,23,"test",183,0.539733648300171,0
"Conv1D",0.05,23,"test",184,0.514692902565002,0
"Conv1D",0.05,23,"test",185,0.506243586540222,0
"Conv1D",0.05,23,"test",186,0.526005804538727,1
"Conv1D",0.05,23,"test",187,0.529033064842224,0
"Conv1D",0.05,23,"test",188,0.546595573425293,0
"Conv1D",0.05,23,"test",189,0.540202140808105,0
"Conv1D",0.05,23,"test",190,0.474077731370926,0
"Conv1D",0.05,23,"test",191,0.403468072414398,0
"Conv1D",0.05,23,"test",192,0.484232187271118,0
"Conv1D",0.05,23,"test",193,0.448347568511963,0
"Conv1D",0.05,23,"test",194,0.489424794912338,0
"Conv1D",0.05,23,"test",195,0.490919351577759,0
"Conv1D",0.05,23,"test",196,0.442730516195297,0
"Conv1D",0.05,23,"test",197,0.447263300418854,1
"Conv1D",0.05,23,"test",198,0.452560126781464,1
"Conv1D",0.05,23,"test",199,0.456453651189804,1
"Conv1D",0.05,23,"test",200,0.489212542772293,0
"Conv1D",0.05,23,"test",201,0.486681133508682,0
"Conv1D",0.05,23,"test",202,0.504995882511139,1
"Conv1D",0.05,23,"test",203,0.541119933128357,0
"Conv1D",0.05,23,"test",204,0.530778765678406,0
"Conv1D",0.05,23,"test",205,0.505496263504028,0
"Conv1D",0.05,23,"test",206,0.475749671459198,1
"Conv1D",0.05,23,"test",207,0.475508213043213,0
"Conv1D",0.05,23,"test",208,0.539733648300171,0
"Conv1D",0.05,23,"test",209,0.505523800849915,0
"Conv1D",0.05,23,"test",210,0.506243586540222,0
"Conv1D",0.05,23,"test",211,0.506634712219238,0
"Conv1D",0.05,23,"test",212,0.529033064842224,1
"Conv1D",0.05,23,"test",213,0.522166848182678,0
"Conv1D",0.05,23,"test",214,0.540202140808105,1
"Conv1D",0.05,23,"test",215,0.624796807765961,1
"Conv1D",0.05,23,"test",216,0.403468072414398,1
"Conv1D",0.05,23,"test",217,0.395270884037018,0
"Conv1D",0.05,23,"test",218,0.448347568511963,0
"Conv1D",0.05,23,"test",219,0.443158000707626,1
"Conv1D",0.05,23,"test",220,0.490919351577759,1
"Conv1D",0.05,23,"test",221,0.491124600172043,0
"Conv1D",0.05,23,"test",222,0.447263300418854,1
"Conv1D",0.05,23,"test",223,0.437339574098587,1
"Conv1D",0.05,23,"test",224,0.456453651189804,1
"Conv1D",0.05,23,"test",225,0.464629113674164,0
"Conv1D",0.05,23,"test",226,0.486681133508682,0
"Conv1D",0.05,23,"test",227,0.509223937988281,0
"Conv1D",0.05,23,"test",228,0.541119933128357,1
"Conv1D",0.05,23,"test",229,0.507839202880859,1
"Conv1D",0.05,23,"test",230,0.505496263504028,0
"Conv1D",0.05,23,"test",231,0.50576639175415,1
"Conv1D",0.05,23,"test",232,0.475508213043213,1
"Conv1D",0.05,23,"test",233,0.482958883047104,1
"Conv1D",0.05,23,"test",234,0.505523800849915,1
"Conv1D",0.05,23,"test",235,0.509035587310791,1
"Conv1D",0.05,23,"test",236,0.506634712219238,1
"Conv1D",0.05,23,"test",237,0.511965692043304,0
"Conv1D",0.05,23,"test",238,0.522166848182678,0
"Conv1D",0.05,23,"test",239,0.525688290596008,0
"Conv1D",0.05,23,"test",240,0.624796807765961,0
"Conv1D",0.05,23,"test",241,0.659898459911346,0
"Conv1D",0.05,23,"test",242,0.395270884037018,0
"Conv1D",0.05,23,"test",243,0.448583215475082,0
"Conv1D",0.05,23,"test",244,0.443158000707626,1
"Conv1D",0.05,23,"test",245,0.445231825113297,1
"Conv1D",0.05,23,"test",246,0.491124600172043,1
"Conv1D",0.05,23,"test",247,0.497940093278885,1
"Conv1D",0.05,23,"test",248,0.437339574098587,1
"Conv1D",0.05,23,"test",249,0.402611166238785,1
"Conv1D",0.05,23,"test",250,0.464629113674164,1
"Conv1D",0.05,23,"test",251,0.470852464437485,1
"Conv1D",0.05,23,"test",252,0.509223937988281,0
"Conv1D",0.05,23,"test",253,0.517077267169952,0
"Conv1D",0.05,23,"test",254,0.507839202880859,0
"Conv1D",0.05,23,"test",255,0.496324956417084,1
"Conv1D",0.05,23,"test",256,0.50576639175415,1
"Conv1D",0.05,23,"test",257,0.515017986297607,1
"Conv1D",0.05,23,"test",258,0.482958883047104,1
"Conv1D",0.05,23,"test",259,0.474548548460007,1
"Conv1D",0.05,23,"test",260,0.509035587310791,1
"Conv1D",0.05,23,"test",261,0.497208744287491,1
"Conv1D",0.05,23,"test",262,0.511965692043304,0
"Conv1D",0.05,23,"test",263,0.509148955345154,0
"Conv1D",0.05,23,"test",264,0.525688290596008,1
"Conv1D",0.05,23,"test",265,0.520097076892853,1
"Conv1D",0.05,23,"test",266,0.659898459911346,1
"Conv1D",0.05,23,"test",267,0.544111132621765,1
"Conv1D",0.05,23,"test",268,0.448583215475082,1
"Conv1D",0.05,23,"test",269,0.455317854881287,1
"Conv1D",0.05,23,"test",270,0.445231825113297,1
"Conv1D",0.05,23,"test",271,0.472473502159119,1
"Conv1D",0.05,23,"test",272,0.497940093278885,1
"Conv1D",0.05,23,"test",273,0.488556057214737,1
"Conv1D",0.05,23,"test",274,0.402611166238785,1
"Conv1D",0.05,23,"test",275,0.436823487281799,1
"Conv1D",0.05,23,"test",276,0.470852464437485,1
"Conv1D",0.05,23,"test",277,0.453098177909851,1
"Conv1D",0.05,23,"test",278,0.517077267169952,0
"Conv1D",0.05,23,"test",279,0.531174063682556,0
"Conv1D",0.05,23,"test",280,0.496324956417084,0
"Conv1D",0.05,23,"test",281,0.513209879398346,0
"Conv1D",0.05,23,"test",282,0.515017986297607,0
"Conv1D",0.05,23,"test",283,0.500676989555359,0
"Conv1D",0.05,23,"test",284,0.474548548460007,0
"Conv1D",0.05,23,"test",285,0.479569405317307,0
"Conv1D",0.05,23,"test",286,0.497208744287491,0
"Conv1D",0.05,23,"test",287,0.56186181306839,0
"Conv1D",0.05,23,"test",288,0.509148955345154,0
"Conv1D",0.05,23,"test",289,0.508548736572266,0
"Conv1D",0.05,23,"test",290,0.520097076892853,0
"Conv1D",0.05,23,"test",291,0.515808701515198,0
"Conv1D",0.05,23,"test",292,0.544111132621765,1
"Conv1D",0.05,23,"test",293,0.528158128261566,1
"Conv1D",0.05,23,"test",294,0.455317854881287,1
"Conv1D",0.05,23,"test",295,0.476944863796234,0
"Conv1D",0.05,23,"test",296,0.472473502159119,0
"Conv1D",0.05,23,"test",297,0.479975759983063,1
"Conv1D",0.05,23,"test",298,0.488556057214737,0
"Conv1D",0.05,23,"test",299,0.494204550981522,0
"Conv1D",0.05,23,"test",300,0.436823487281799,1
"Conv1D",0.05,23,"test",301,0.39836648106575,1
"Conv1D",0.05,23,"test",302,0.453098177909851,1
"Conv1D",0.05,23,"test",303,0.474322855472565,0
"Conv1D",0.05,23,"test",304,0.531174063682556,1
"Conv1D",0.05,23,"test",305,0.514771342277527,0
"Conv1D",0.05,27,"test",1,0.495277345180511,0
"Conv1D",0.05,27,"test",2,0.541655719280243,0
"Conv1D",0.05,27,"test",3,0.544143319129944,1
"Conv1D",0.05,27,"test",4,0.513237655162811,1
"Conv1D",0.05,27,"test",5,0.52064436674118,1
"Conv1D",0.05,27,"test",6,0.467633783817291,1
"Conv1D",0.05,27,"test",7,0.463684499263763,1
"Conv1D",0.05,27,"test",8,0.483750432729721,1
"Conv1D",0.05,27,"test",9,0.478945046663284,1
"Conv1D",0.05,27,"test",10,0.454711675643921,1
"Conv1D",0.05,27,"test",11,0.458489984273911,1
"Conv1D",0.05,27,"test",12,0.483050256967545,1
"Conv1D",0.05,27,"test",13,0.451220333576202,1
"Conv1D",0.05,27,"test",14,0.457662373781204,1
"Conv1D",0.05,27,"test",15,0.453033417463303,1
"Conv1D",0.05,27,"test",16,0.514780580997467,1
"Conv1D",0.05,27,"test",17,0.509575605392456,0
"Conv1D",0.05,27,"test",18,0.493648767471313,0
"Conv1D",0.05,27,"test",19,0.493042081594467,0
"Conv1D",0.05,27,"test",20,0.525934338569641,1
"Conv1D",0.05,27,"test",21,0.52288955450058,1
"Conv1D",0.05,27,"test",22,0.492506325244904,1
"Conv1D",0.05,27,"test",23,0.489820837974548,0
"Conv1D",0.05,27,"test",24,0.469164699316025,0
"Conv1D",0.05,27,"test",25,0.431397199630737,0
"Conv1D",0.05,27,"test",26,0.495277345180511,1
"Conv1D",0.05,27,"test",27,0.492443025112152,1
"Conv1D",0.05,27,"test",28,0.544143319129944,1
"Conv1D",0.05,27,"test",29,0.542672157287598,0
"Conv1D",0.05,27,"test",30,0.52064436674118,0
"Conv1D",0.05,27,"test",31,0.522564828395844,0
"Conv1D",0.05,27,"test",32,0.463684499263763,0
"Conv1D",0.05,27,"test",33,0.447479873895645,0
"Conv1D",0.05,27,"test",34,0.478945046663284,1
"Conv1D",0.05,27,"test",35,0.482500910758972,1
"Conv1D",0.05,27,"test",36,0.458489984273911,1
"Conv1D",0.05,27,"test",37,0.462691456079483,1
"Conv1D",0.05,27,"test",38,0.451220333576202,1
"Conv1D",0.05,27,"test",39,0.455612570047379,1
"Conv1D",0.05,27,"test",40,0.453033417463303,1
"Conv1D",0.05,27,"test",41,0.460599452257156,1
"Conv1D",0.05,27,"test",42,0.509575605392456,0
"Conv1D",0.05,27,"test",43,0.494567394256592,0
"Conv1D",0.05,27,"test",44,0.493042081594467,1
"Conv1D",0.05,27,"test",45,0.493802458047867,1
"Conv1D",0.05,27,"test",46,0.52288955450058,1
"Conv1D",0.05,27,"test",47,0.51835423707962,0
"Conv1D",0.05,27,"test",48,0.489820837974548,0
"Conv1D",0.05,27,"test",49,0.501359581947327,0
"Conv1D",0.05,27,"test",50,0.431397199630737,0
"Conv1D",0.05,27,"test",51,0.47241136431694,1
"Conv1D",0.05,27,"test",52,0.492443025112152,1
"Conv1D",0.05,27,"test",53,0.50356662273407,1
"Conv1D",0.05,27,"test",54,0.542672157287598,1
"Conv1D",0.05,27,"test",55,0.537286818027496,0
"Conv1D",0.05,27,"test",56,0.522564828395844,0
"Conv1D",0.05,27,"test",57,0.540458083152771,0
"Conv1D",0.05,27,"test",58,0.447479873895645,0
"Conv1D",0.05,27,"test",59,0.435681045055389,1
"Conv1D",0.05,27,"test",60,0.482500910758972,1
"Conv1D",0.05,27,"test",61,0.475937187671661,1
"Conv1D",0.05,27,"test",62,0.462691456079483,0
"Conv1D",0.05,27,"test",63,0.457725018262863,1
"Conv1D",0.05,27,"test",64,0.455612570047379,1
"Conv1D",0.05,27,"test",65,0.465806156396866,1
"Conv1D",0.05,27,"test",66,0.460599452257156,1
"Conv1D",0.05,27,"test",67,0.450023055076599,1
"Conv1D",0.05,27,"test",68,0.494567394256592,0
"Conv1D",0.05,27,"test",69,0.497257739305496,0
"Conv1D",0.05,27,"test",70,0.493802458047867,0
"Conv1D",0.05,27,"test",71,0.51189512014389,1
"Conv1D",0.05,27,"test",72,0.51835423707962,1
"Conv1D",0.05,27,"test",73,0.519962728023529,0
"Conv1D",0.05,27,"test",74,0.501359581947327,0
"Conv1D",0.05,27,"test",75,0.491953819990158,0
"Conv1D",0.05,27,"test",76,0.47241136431694,0
"Conv1D",0.05,27,"test",77,0.458448708057404,0
"Conv1D",0.05,27,"test",78,0.50356662273407,1
"Conv1D",0.05,27,"test",79,0.514139473438263,0
"Conv1D",0.05,27,"test",80,0.537286818027496,0
"Conv1D",0.05,27,"test",81,0.5435990691185,1
"Conv1D",0.05,27,"test",82,0.540458083152771,1
"Conv1D",0.05,27,"test",83,0.523332476615906,1
"Conv1D",0.05,27,"test",84,0.435681045055389,1
"Conv1D",0.05,27,"test",85,0.446485280990601,0
"Conv1D",0.05,27,"test",86,0.475937187671661,0
"Conv1D",0.05,27,"test",87,0.477932691574097,0
"Conv1D",0.05,27,"test",88,0.457725018262863,0
"Conv1D",0.05,27,"test",89,0.455793648958206,0
"Conv1D",0.05,27,"test",90,0.465806156396866,0
"Conv1D",0.05,27,"test",91,0.454491525888443,1
"Conv1D",0.05,27,"test",92,0.450023055076599,0
"Conv1D",0.05,27,"test",93,0.450409740209579,0
"Conv1D",0.05,27,"test",94,0.497257739305496,0
"Conv1D",0.05,27,"test",95,0.501118779182434,0
"Conv1D",0.05,27,"test",96,0.51189512014389,0
"Conv1D",0.05,27,"test",97,0.507728338241577,1
"Conv1D",0.05,27,"test",98,0.519962728023529,1
"Conv1D",0.05,27,"test",99,0.519285261631012,1
"Conv1D",0.05,27,"test",100,0.491953819990158,1
"Conv1D",0.05,27,"test",101,0.497367858886719,1
"Conv1D",0.05,27,"test",102,0.458448708057404,0
"Conv1D",0.05,27,"test",103,0.474731475114822,0
"Conv1D",0.05,27,"test",104,0.514139473438263,0
"Conv1D",0.05,27,"test",105,0.51958042383194,0
"Conv1D",0.05,27,"test",106,0.5435990691185,0
"Conv1D",0.05,27,"test",107,0.534333229064941,0
"Conv1D",0.05,27,"test",108,0.523332476615906,0
"Conv1D",0.05,27,"test",109,0.524765074253082,0
"Conv1D",0.05,27,"test",110,0.446485280990601,1
"Conv1D",0.05,27,"test",111,0.380486279726028,1
"Conv1D",0.05,27,"test",112,0.477932691574097,1
"Conv1D",0.05,27,"test",113,0.480014324188232,0
"Conv1D",0.05,27,"test",114,0.455793648958206,1
"Conv1D",0.05,27,"test",115,0.472679913043976,1
"Conv1D",0.05,27,"test",116,0.454491525888443,1
"Conv1D",0.05,27,"test",117,0.468856900930405,1
"Conv1D",0.05,27,"test",118,0.450409740209579,1
"Conv1D",0.05,27,"test",119,0.469262510538101,0
"Conv1D",0.05,27,"test",120,0.501118779182434,0
"Conv1D",0.05,27,"test",121,0.520401537418365,0
"Conv1D",0.05,27,"test",122,0.507728338241577,1
"Conv1D",0.05,27,"test",123,0.509217202663422,1
"Conv1D",0.05,27,"test",124,0.519285261631012,1
"Conv1D",0.05,27,"test",125,0.517842888832092,0
"Conv1D",0.05,27,"test",126,0.497367858886719,0
"Conv1D",0.05,27,"test",127,0.50173819065094,0
"Conv1D",0.05,27,"test",128,0.474731475114822,1
"Conv1D",0.05,27,"test",129,0.484957635402679,1
"Conv1D",0.05,27,"test",130,0.51958042383194,1
"Conv1D",0.05,27,"test",131,0.508570194244385,1
"Conv1D",0.05,27,"test",132,0.534333229064941,0
"Conv1D",0.05,27,"test",133,0.573998212814331,0
"Conv1D",0.05,27,"test",134,0.524765074253082,0
"Conv1D",0.05,27,"test",135,0.520881414413452,0
"Conv1D",0.05,27,"test",136,0.380486279726028,0
"Conv1D",0.05,27,"test",137,0.445677816867828,1
"Conv1D",0.05,27,"test",138,0.480014324188232,1
"Conv1D",0.05,27,"test",139,0.479585647583008,1
"Conv1D",0.05,27,"test",140,0.472679913043976,1
"Conv1D",0.05,27,"test",141,0.474560260772705,1
"Conv1D",0.05,27,"test",142,0.468856900930405,1
"Conv1D",0.05,27,"test",143,0.459711045026779,1
"Conv1D",0.05,27,"test",144,0.469262510538101,1
"Conv1D",0.05,27,"test",145,0.473156183958054,1
"Conv1D",0.05,27,"test",146,0.520401537418365,1
"Conv1D",0.05,27,"test",147,0.521587133407593,1
"Conv1D",0.05,27,"test",148,0.509217202663422,1
"Conv1D",0.05,27,"test",149,0.488127380609512,1
"Conv1D",0.05,27,"test",150,0.517842888832092,1
"Conv1D",0.05,27,"test",151,0.52154803276062,1
"Conv1D",0.05,27,"test",152,0.50173819065094,0
"Conv1D",0.05,27,"test",153,0.477924257516861,0
"Conv1D",0.05,27,"test",154,0.484957635402679,1
"Conv1D",0.05,27,"test",155,0.494318217039108,1
"Conv1D",0.05,27,"test",156,0.508570194244385,1
"Conv1D",0.05,27,"test",157,0.515905439853668,0
"Conv1D",0.05,27,"test",158,0.573998212814331,0
"Conv1D",0.05,27,"test",159,0.549436986446381,0
"Conv1D",0.05,27,"test",160,0.520881414413452,0
"Conv1D",0.05,27,"test",161,0.52003538608551,0
"Conv1D",0.05,27,"test",162,0.445677816867828,0
"Conv1D",0.05,27,"test",163,0.469783037900925,0
"Conv1D",0.05,27,"test",164,0.479585647583008,0
"Conv1D",0.05,27,"test",165,0.481922805309296,1
"Conv1D",0.05,27,"test",166,0.474560260772705,1
"Conv1D",0.05,27,"test",167,0.463276028633118,0
"Conv1D",0.05,27,"test",168,0.459711045026779,1
"Conv1D",0.05,27,"test",169,0.451911598443985,1
"Conv1D",0.05,27,"test",170,0.473156183958054,1
"Conv1D",0.05,27,"test",171,0.474704325199127,0
"Conv1D",0.05,27,"test",172,0.521587133407593,0
"Conv1D",0.05,27,"test",173,0.525774240493774,1
"Conv1D",0.05,27,"test",174,0.488127380609512,1
"Conv1D",0.05,27,"test",175,0.498699724674225,1
"Conv1D",0.05,27,"test",176,0.52154803276062,1
"Conv1D",0.05,27,"test",177,0.526393830776215,0
"Conv1D",0.05,27,"test",178,0.477924257516861,0
"Conv1D",0.05,27,"test",179,0.502694845199585,0
"Conv1D",0.05,27,"test",180,0.494318217039108,0
"Conv1D",0.05,27,"test",181,0.435322105884552,0
"Conv1D",0.05,27,"test",182,0.515905439853668,0
"Conv1D",0.05,27,"test",183,0.517723977565765,0
"Conv1D",0.05,27,"test",184,0.549436986446381,0
"Conv1D",0.05,27,"test",185,0.539117991924286,0
"Conv1D",0.05,27,"test",186,0.52003538608551,1
"Conv1D",0.05,27,"test",187,0.517778038978577,0
"Conv1D",0.05,27,"test",188,0.469783037900925,0
"Conv1D",0.05,27,"test",189,0.471251964569092,0
"Conv1D",0.05,27,"test",190,0.481922805309296,0
"Conv1D",0.05,27,"test",191,0.464922696352005,0
"Conv1D",0.05,27,"test",192,0.463276028633118,0
"Conv1D",0.05,27,"test",193,0.473279982805252,0
"Conv1D",0.05,27,"test",194,0.451911598443985,0
"Conv1D",0.05,27,"test",195,0.479123115539551,0
"Conv1D",0.05,27,"test",196,0.474704325199127,0
"Conv1D",0.05,27,"test",197,0.465326458215714,1
"Conv1D",0.05,27,"test",198,0.525774240493774,1
"Conv1D",0.05,27,"test",199,0.521076440811157,1
"Conv1D",0.05,27,"test",200,0.498699724674225,0
"Conv1D",0.05,27,"test",201,0.499472379684448,0
"Conv1D",0.05,27,"test",202,0.526393830776215,1
"Conv1D",0.05,27,"test",203,0.512675821781158,0
"Conv1D",0.05,27,"test",204,0.502694845199585,0
"Conv1D",0.05,27,"test",205,0.500954866409302,0
"Conv1D",0.05,27,"test",206,0.435322105884552,1
"Conv1D",0.05,27,"test",207,0.461345553398132,0
"Conv1D",0.05,27,"test",208,0.517723977565765,0
"Conv1D",0.05,27,"test",209,0.506443858146667,0
"Conv1D",0.05,27,"test",210,0.539117991924286,0
"Conv1D",0.05,27,"test",211,0.539628744125366,0
"Conv1D",0.05,27,"test",212,0.517778038978577,1
"Conv1D",0.05,27,"test",213,0.527952909469604,0
"Conv1D",0.05,27,"test",214,0.471251964569092,1
"Conv1D",0.05,27,"test",215,0.408816695213318,1
"Conv1D",0.05,27,"test",216,0.464922696352005,1
"Conv1D",0.05,27,"test",217,0.45940238237381,0
"Conv1D",0.05,27,"test",218,0.473279982805252,0
"Conv1D",0.05,27,"test",219,0.472451448440552,1
"Conv1D",0.05,27,"test",220,0.479123115539551,1
"Conv1D",0.05,27,"test",221,0.453951805830002,0
"Conv1D",0.05,27,"test",222,0.465326458215714,1
"Conv1D",0.05,27,"test",223,0.470530986785889,1
"Conv1D",0.05,27,"test",224,0.521076440811157,1
"Conv1D",0.05,27,"test",225,0.510219514369965,0
"Conv1D",0.05,27,"test",226,0.499472379684448,0
"Conv1D",0.05,27,"test",227,0.504105687141418,0
"Conv1D",0.05,27,"test",228,0.512675821781158,1
"Conv1D",0.05,27,"test",229,0.52603542804718,1
"Conv1D",0.05,27,"test",230,0.500954866409302,0
"Conv1D",0.05,27,"test",231,0.51034015417099,1
"Conv1D",0.05,27,"test",232,0.461345553398132,1
"Conv1D",0.05,27,"test",233,0.442681968212128,1
"Conv1D",0.05,27,"test",234,0.506443858146667,1
"Conv1D",0.05,27,"test",235,0.508347451686859,1
"Conv1D",0.05,27,"test",236,0.539628744125366,1
"Conv1D",0.05,27,"test",237,0.545705735683441,0
"Conv1D",0.05,27,"test",238,0.527952909469604,0
"Conv1D",0.05,27,"test",239,0.520766913890839,0
"Conv1D",0.05,27,"test",240,0.408816695213318,0
"Conv1D",0.05,27,"test",241,0.37910133600235,0
"Conv1D",0.05,27,"test",242,0.45940238237381,0
"Conv1D",0.05,27,"test",243,0.474522739648819,0
"Conv1D",0.05,27,"test",244,0.472451448440552,1
"Conv1D",0.05,27,"test",245,0.46064481139183,1
"Conv1D",0.05,27,"test",246,0.453951805830002,1
"Conv1D",0.05,27,"test",247,0.47729018330574,1
"Conv1D",0.05,27,"test",248,0.470530986785889,1
"Conv1D",0.05,27,"test",249,0.437417387962341,1
"Conv1D",0.05,27,"test",250,0.510219514369965,1
"Conv1D",0.05,27,"test",251,0.507995009422302,1
"Conv1D",0.05,27,"test",252,0.504105687141418,0
"Conv1D",0.05,27,"test",253,0.492883503437042,0
"Conv1D",0.05,27,"test",254,0.52603542804718,0
"Conv1D",0.05,27,"test",255,0.520041525363922,1
"Conv1D",0.05,27,"test",256,0.51034015417099,1
"Conv1D",0.05,27,"test",257,0.49229833483696,1
"Conv1D",0.05,27,"test",258,0.442681968212128,1
"Conv1D",0.05,27,"test",259,0.453177094459534,1
"Conv1D",0.05,27,"test",260,0.508347451686859,1
"Conv1D",0.05,27,"test",261,0.498292028903961,1
"Conv1D",0.05,27,"test",262,0.545705735683441,0
"Conv1D",0.05,27,"test",263,0.530410468578339,0
"Conv1D",0.05,27,"test",264,0.520766913890839,1
"Conv1D",0.05,27,"test",265,0.523819267749786,1
"Conv1D",0.05,27,"test",266,0.37910133600235,1
"Conv1D",0.05,27,"test",267,0.464639753103256,1
"Conv1D",0.05,27,"test",268,0.474522739648819,1
"Conv1D",0.05,27,"test",269,0.476430326700211,1
"Conv1D",0.05,27,"test",270,0.46064481139183,1
"Conv1D",0.05,27,"test",271,0.470780968666077,1
"Conv1D",0.05,27,"test",272,0.47729018330574,1
"Conv1D",0.05,27,"test",273,0.479476064443588,1
"Conv1D",0.05,27,"test",274,0.437417387962341,1
"Conv1D",0.05,27,"test",275,0.468604236841202,1
"Conv1D",0.05,27,"test",276,0.507995009422302,1
"Conv1D",0.05,27,"test",277,0.527809202671051,1
"Conv1D",0.05,27,"test",278,0.492883503437042,0
"Conv1D",0.05,27,"test",279,0.474971950054169,0
"Conv1D",0.05,27,"test",280,0.520041525363922,0
"Conv1D",0.05,27,"test",281,0.51658695936203,0
"Conv1D",0.05,27,"test",282,0.49229833483696,0
"Conv1D",0.05,27,"test",283,0.505418419837952,0
"Conv1D",0.05,27,"test",284,0.453177094459534,0
"Conv1D",0.05,27,"test",285,0.462251871824265,0
"Conv1D",0.05,27,"test",286,0.498292028903961,0
"Conv1D",0.05,27,"test",287,0.517811119556427,0
"Conv1D",0.05,27,"test",288,0.530410468578339,0
"Conv1D",0.05,27,"test",289,0.542319178581238,0
"Conv1D",0.05,27,"test",290,0.523819267749786,0
"Conv1D",0.05,27,"test",291,0.518479585647583,0
"Conv1D",0.05,27,"test",292,0.464639753103256,1
"Conv1D",0.05,27,"test",293,0.48191249370575,1
"Conv1D",0.05,27,"test",294,0.476430326700211,1
"Conv1D",0.05,27,"test",295,0.480779379606247,0
"Conv1D",0.05,27,"test",296,0.470780968666077,0
"Conv1D",0.05,27,"test",297,0.46696463227272,1
"Conv1D",0.05,27,"test",298,0.479476064443588,0
"Conv1D",0.05,27,"test",299,0.474551767110825,0
"Conv1D",0.05,27,"test",300,0.468604236841202,1
"Conv1D",0.05,27,"test",301,0.470310062170029,1
"Conv1D",0.05,27,"test",302,0.527809202671051,1
"Conv1D",0.05,27,"test",303,0.511074900627136,0
"Conv1D",0.05,27,"test",304,0.474971950054169,1
"Conv1D",0.05,27,"test",305,0.481876283884048,0
"Conv1D",0.05,98,"test",1,0.48617696762085,0
"Conv1D",0.05,98,"test",2,0.527640998363495,0
"Conv1D",0.05,98,"test",3,0.537985324859619,1
"Conv1D",0.05,98,"test",4,0.507531762123108,1
"Conv1D",0.05,98,"test",5,0.508886098861694,1
"Conv1D",0.05,98,"test",6,0.531209945678711,1
"Conv1D",0.05,98,"test",7,0.521076023578644,1
"Conv1D",0.05,98,"test",8,0.508901476860046,1
"Conv1D",0.05,98,"test",9,0.499599814414978,1
"Conv1D",0.05,98,"test",10,0.496597945690155,1
"Conv1D",0.05,98,"test",11,0.504883289337158,1
"Conv1D",0.05,98,"test",12,0.482280224561691,1
"Conv1D",0.05,98,"test",13,0.459715843200684,1
"Conv1D",0.05,98,"test",14,0.441020160913467,1
"Conv1D",0.05,98,"test",15,0.44107511639595,1
"Conv1D",0.05,98,"test",16,0.486151576042175,1
"Conv1D",0.05,98,"test",17,0.495448529720306,0
"Conv1D",0.05,98,"test",18,0.523511052131653,0
"Conv1D",0.05,98,"test",19,0.526046633720398,0
"Conv1D",0.05,98,"test",20,0.532787561416626,1
"Conv1D",0.05,98,"test",21,0.543874323368073,1
"Conv1D",0.05,98,"test",22,0.520841479301453,1
"Conv1D",0.05,98,"test",23,0.509881198406219,0
"Conv1D",0.05,98,"test",24,0.512462615966797,0
"Conv1D",0.05,98,"test",25,0.529130160808563,0
"Conv1D",0.05,98,"test",26,0.48617696762085,1
"Conv1D",0.05,98,"test",27,0.511673867702484,1
"Conv1D",0.05,98,"test",28,0.537985324859619,1
"Conv1D",0.05,98,"test",29,0.548803210258484,0
"Conv1D",0.05,98,"test",30,0.508886098861694,0
"Conv1D",0.05,98,"test",31,0.521681487560272,0
"Conv1D",0.05,98,"test",32,0.521076023578644,0
"Conv1D",0.05,98,"test",33,0.510149121284485,0
"Conv1D",0.05,98,"test",34,0.499599814414978,1
"Conv1D",0.05,98,"test",35,0.513611674308777,1
"Conv1D",0.05,98,"test",36,0.504883289337158,1
"Conv1D",0.05,98,"test",37,0.50501537322998,1
"Conv1D",0.05,98,"test",38,0.459715843200684,1
"Conv1D",0.05,98,"test",39,0.456916332244873,1
"Conv1D",0.05,98,"test",40,0.44107511639595,1
"Conv1D",0.05,98,"test",41,0.443363606929779,1
"Conv1D",0.05,98,"test",42,0.495448529720306,0
"Conv1D",0.05,98,"test",43,0.500010192394257,0
"Conv1D",0.05,98,"test",44,0.526046633720398,1
"Conv1D",0.05,98,"test",45,0.523982524871826,1
"Conv1D",0.05,98,"test",46,0.543874323368073,1
"Conv1D",0.05,98,"test",47,0.525279998779297,0
"Conv1D",0.05,98,"test",48,0.509881198406219,0
"Conv1D",0.05,98,"test",49,0.523228108882904,0
"Conv1D",0.05,98,"test",50,0.529130160808563,0
"Conv1D",0.05,98,"test",51,0.50728577375412,1
"Conv1D",0.05,98,"test",52,0.511673867702484,1
"Conv1D",0.05,98,"test",53,0.502668738365173,1
"Conv1D",0.05,98,"test",54,0.548803210258484,1
"Conv1D",0.05,98,"test",55,0.543254733085632,0
"Conv1D",0.05,98,"test",56,0.521681487560272,0
"Conv1D",0.05,98,"test",57,0.576078712940216,0
"Conv1D",0.05,98,"test",58,0.510149121284485,0
"Conv1D",0.05,98,"test",59,0.509028851985931,1
"Conv1D",0.05,98,"test",60,0.513611674308777,1
"Conv1D",0.05,98,"test",61,0.493474185466766,1
"Conv1D",0.05,98,"test",62,0.50501537322998,0
"Conv1D",0.05,98,"test",63,0.500276565551758,1
"Conv1D",0.05,98,"test",64,0.456916332244873,1
"Conv1D",0.05,98,"test",65,0.465462952852249,1
"Conv1D",0.05,98,"test",66,0.443363606929779,1
"Conv1D",0.05,98,"test",67,0.435025453567505,1
"Conv1D",0.05,98,"test",68,0.500010192394257,0
"Conv1D",0.05,98,"test",69,0.497827291488647,0
"Conv1D",0.05,98,"test",70,0.523982524871826,0
"Conv1D",0.05,98,"test",71,0.514934241771698,1
"Conv1D",0.05,98,"test",72,0.525279998779297,1
"Conv1D",0.05,98,"test",73,0.517386436462402,0
"Conv1D",0.05,98,"test",74,0.523228108882904,0
"Conv1D",0.05,98,"test",75,0.525076866149902,0
"Conv1D",0.05,98,"test",76,0.50728577375412,0
"Conv1D",0.05,98,"test",77,0.513639152050018,0
"Conv1D",0.05,98,"test",78,0.502668738365173,1
"Conv1D",0.05,98,"test",79,0.513600528240204,0
"Conv1D",0.05,98,"test",80,0.543254733085632,0
"Conv1D",0.05,98,"test",81,0.563015341758728,1
"Conv1D",0.05,98,"test",82,0.576078712940216,1
"Conv1D",0.05,98,"test",83,0.529588222503662,1
"Conv1D",0.05,98,"test",84,0.509028851985931,1
"Conv1D",0.05,98,"test",85,0.50998467206955,0
"Conv1D",0.05,98,"test",86,0.493474185466766,0
"Conv1D",0.05,98,"test",87,0.497803837060928,0
"Conv1D",0.05,98,"test",88,0.500276565551758,0
"Conv1D",0.05,98,"test",89,0.484887421131134,0
"Conv1D",0.05,98,"test",90,0.465462952852249,0
"Conv1D",0.05,98,"test",91,0.467536449432373,1
"Conv1D",0.05,98,"test",92,0.435025453567505,0
"Conv1D",0.05,98,"test",93,0.434279590845108,0
"Conv1D",0.05,98,"test",94,0.497827291488647,0
"Conv1D",0.05,98,"test",95,0.497781813144684,0
"Conv1D",0.05,98,"test",96,0.514934241771698,0
"Conv1D",0.05,98,"test",97,0.516661286354065,1
"Conv1D",0.05,98,"test",98,0.517386436462402,1
"Conv1D",0.05,98,"test",99,0.524361789226532,1
"Conv1D",0.05,98,"test",100,0.525076866149902,1
"Conv1D",0.05,98,"test",101,0.522002935409546,1
"Conv1D",0.05,98,"test",102,0.513639152050018,0
"Conv1D",0.05,98,"test",103,0.502654135227203,0
"Conv1D",0.05,98,"test",104,0.513600528240204,0
"Conv1D",0.05,98,"test",105,0.530236601829529,0
"Conv1D",0.05,98,"test",106,0.563015341758728,0
"Conv1D",0.05,98,"test",107,0.524093866348267,0
"Conv1D",0.05,98,"test",108,0.529588222503662,0
"Conv1D",0.05,98,"test",109,0.539139091968536,0
"Conv1D",0.05,98,"test",110,0.50998467206955,1
"Conv1D",0.05,98,"test",111,0.507291495800018,1
"Conv1D",0.05,98,"test",112,0.497803837060928,1
"Conv1D",0.05,98,"test",113,0.501389384269714,0
"Conv1D",0.05,98,"test",114,0.484887421131134,1
"Conv1D",0.05,98,"test",115,0.489749670028687,1
"Conv1D",0.05,98,"test",116,0.467536449432373,1
"Conv1D",0.05,98,"test",117,0.476366758346558,1
"Conv1D",0.05,98,"test",118,0.434279590845108,1
"Conv1D",0.05,98,"test",119,0.445857584476471,0
"Conv1D",0.05,98,"test",120,0.497781813144684,0
"Conv1D",0.05,98,"test",121,0.49131566286087,0
"Conv1D",0.05,98,"test",122,0.516661286354065,1
"Conv1D",0.05,98,"test",123,0.515924036502838,1
"Conv1D",0.05,98,"test",124,0.524361789226532,1
"Conv1D",0.05,98,"test",125,0.516474962234497,0
"Conv1D",0.05,98,"test",126,0.522002935409546,0
"Conv1D",0.05,98,"test",127,0.527208209037781,0
"Conv1D",0.05,98,"test",128,0.502654135227203,1
"Conv1D",0.05,98,"test",129,0.497903972864151,1
"Conv1D",0.05,98,"test",130,0.530236601829529,1
"Conv1D",0.05,98,"test",131,0.549724042415619,1
"Conv1D",0.05,98,"test",132,0.524093866348267,0
"Conv1D",0.05,98,"test",133,0.651951730251312,0
"Conv1D",0.05,98,"test",134,0.539139091968536,0
"Conv1D",0.05,98,"test",135,0.528196752071381,0
"Conv1D",0.05,98,"test",136,0.507291495800018,0
"Conv1D",0.05,98,"test",137,0.511956691741943,1
"Conv1D",0.05,98,"test",138,0.501389384269714,1
"Conv1D",0.05,98,"test",139,0.501433610916138,1
"Conv1D",0.05,98,"test",140,0.489749670028687,1
"Conv1D",0.05,98,"test",141,0.486199021339417,1
"Conv1D",0.05,98,"test",142,0.476366758346558,1
"Conv1D",0.05,98,"test",143,0.494603246450424,1
"Conv1D",0.05,98,"test",144,0.445857584476471,1
"Conv1D",0.05,98,"test",145,0.444624096155167,1
"Conv1D",0.05,98,"test",146,0.49131566286087,1
"Conv1D",0.05,98,"test",147,0.492619723081589,1
"Conv1D",0.05,98,"test",148,0.515924036502838,1
"Conv1D",0.05,98,"test",149,0.527168333530426,1
"Conv1D",0.05,98,"test",150,0.516474962234497,1
"Conv1D",0.05,98,"test",151,0.519597232341766,1
"Conv1D",0.05,98,"test",152,0.527208209037781,0
"Conv1D",0.05,98,"test",153,0.549161553382874,0
"Conv1D",0.05,98,"test",154,0.497903972864151,1
"Conv1D",0.05,98,"test",155,0.487451195716858,1
"Conv1D",0.05,98,"test",156,0.549724042415619,1
"Conv1D",0.05,98,"test",157,0.522548139095306,0
"Conv1D",0.05,98,"test",158,0.651951730251312,0
"Conv1D",0.05,98,"test",159,0.577036082744598,0
"Conv1D",0.05,98,"test",160,0.528196752071381,0
"Conv1D",0.05,98,"test",161,0.525544881820679,0
"Conv1D",0.05,98,"test",162,0.511956691741943,0
"Conv1D",0.05,98,"test",163,0.516301512718201,0
"Conv1D",0.05,98,"test",164,0.501433610916138,0
"Conv1D",0.05,98,"test",165,0.506564378738403,1
"Conv1D",0.05,98,"test",166,0.486199021339417,1
"Conv1D",0.05,98,"test",167,0.495580792427063,0
"Conv1D",0.05,98,"test",168,0.494603246450424,1
"Conv1D",0.05,98,"test",169,0.484254419803619,1
"Conv1D",0.05,98,"test",170,0.444624096155167,1
"Conv1D",0.05,98,"test",171,0.446933090686798,0
"Conv1D",0.05,98,"test",172,0.492619723081589,0
"Conv1D",0.05,98,"test",173,0.489987373352051,1
"Conv1D",0.05,98,"test",174,0.527168333530426,1
"Conv1D",0.05,98,"test",175,0.521348178386688,1
"Conv1D",0.05,98,"test",176,0.519597232341766,1
"Conv1D",0.05,98,"test",177,0.518077850341797,0
"Conv1D",0.05,98,"test",178,0.549161553382874,0
"Conv1D",0.05,98,"test",179,0.531109392642975,0
"Conv1D",0.05,98,"test",180,0.487451195716858,0
"Conv1D",0.05,98,"test",181,0.513959109783173,0
"Conv1D",0.05,98,"test",182,0.522548139095306,0
"Conv1D",0.05,98,"test",183,0.515854001045227,0
"Conv1D",0.05,98,"test",184,0.577036082744598,0
"Conv1D",0.05,98,"test",185,0.553969085216522,0
"Conv1D",0.05,98,"test",186,0.525544881820679,1
"Conv1D",0.05,98,"test",187,0.519507706165314,0
"Conv1D",0.05,98,"test",188,0.516301512718201,0
"Conv1D",0.05,98,"test",189,0.51359349489212,0
"Conv1D",0.05,98,"test",190,0.506564378738403,0
"Conv1D",0.05,98,"test",191,0.480790227651596,0
"Conv1D",0.05,98,"test",192,0.495580792427063,0
"Conv1D",0.05,98,"test",193,0.475140243768692,0
"Conv1D",0.05,98,"test",194,0.484254419803619,0
"Conv1D",0.05,98,"test",195,0.493071913719177,0
"Conv1D",0.05,98,"test",196,0.446933090686798,0
"Conv1D",0.05,98,"test",197,0.44820249080658,1
"Conv1D",0.05,98,"test",198,0.489987373352051,1
"Conv1D",0.05,98,"test",199,0.491021603345871,1
"Conv1D",0.05,98,"test",200,0.521348178386688,0
"Conv1D",0.05,98,"test",201,0.520428478717804,0
"Conv1D",0.05,98,"test",202,0.518077850341797,1
"Conv1D",0.05,98,"test",203,0.538451194763184,0
"Conv1D",0.05,98,"test",204,0.531109392642975,0
"Conv1D",0.05,98,"test",205,0.520107209682465,0
"Conv1D",0.05,98,"test",206,0.513959109783173,1
"Conv1D",0.05,98,"test",207,0.507957220077515,0
"Conv1D",0.05,98,"test",208,0.515854001045227,0
"Conv1D",0.05,98,"test",209,0.506566107273102,0
"Conv1D",0.05,98,"test",210,0.553969085216522,0
"Conv1D",0.05,98,"test",211,0.554983615875244,0
"Conv1D",0.05,98,"test",212,0.519507706165314,1
"Conv1D",0.05,98,"test",213,0.550857245922089,0
"Conv1D",0.05,98,"test",214,0.51359349489212,1
"Conv1D",0.05,98,"test",215,0.504160284996033,1
"Conv1D",0.05,98,"test",216,0.480790227651596,1
"Conv1D",0.05,98,"test",217,0.471188187599182,0
"Conv1D",0.05,98,"test",218,0.475140243768692,0
"Conv1D",0.05,98,"test",219,0.473119795322418,1
"Conv1D",0.05,98,"test",220,0.493071913719177,1
"Conv1D",0.05,98,"test",221,0.487050533294678,0
"Conv1D",0.05,98,"test",222,0.44820249080658,1
"Conv1D",0.05,98,"test",223,0.443731755018234,1
"Conv1D",0.05,98,"test",224,0.491021603345871,1
"Conv1D",0.05,98,"test",225,0.494935035705566,0
"Conv1D",0.05,98,"test",226,0.520428478717804,0
"Conv1D",0.05,98,"test",227,0.524191796779633,0
"Conv1D",0.05,98,"test",228,0.538451194763184,1
"Conv1D",0.05,98,"test",229,0.519398868083954,1
"Conv1D",0.05,98,"test",230,0.520107209682465,0
"Conv1D",0.05,98,"test",231,0.511431753635406,1
"Conv1D",0.05,98,"test",232,0.507957220077515,1
"Conv1D",0.05,98,"test",233,0.532172560691833,1
"Conv1D",0.05,98,"test",234,0.506566107273102,1
"Conv1D",0.05,98,"test",235,0.506511747837067,1
"Conv1D",0.05,98,"test",236,0.554983615875244,1
"Conv1D",0.05,98,"test",237,0.572406530380249,0
"Conv1D",0.05,98,"test",238,0.550857245922089,0
"Conv1D",0.05,98,"test",239,0.528418064117432,0
"Conv1D",0.05,98,"test",240,0.504160284996033,0
"Conv1D",0.05,98,"test",241,0.496324390172958,0
"Conv1D",0.05,98,"test",242,0.471188187599182,0
"Conv1D",0.05,98,"test",243,0.490736067295074,0
"Conv1D",0.05,98,"test",244,0.473119795322418,1
"Conv1D",0.05,98,"test",245,0.477500081062317,1
"Conv1D",0.05,98,"test",246,0.487050533294678,1
"Conv1D",0.05,98,"test",247,0.498254597187042,1
"Conv1D",0.05,98,"test",248,0.443731755018234,1
"Conv1D",0.05,98,"test",249,0.419344305992126,1
"Conv1D",0.05,98,"test",250,0.494935035705566,1
"Conv1D",0.05,98,"test",251,0.497752487659454,1
"Conv1D",0.05,98,"test",252,0.524191796779633,0
"Conv1D",0.05,98,"test",253,0.532314717769623,0
"Conv1D",0.05,98,"test",254,0.519398868083954,0
"Conv1D",0.05,98,"test",255,0.512398481369019,1
"Conv1D",0.05,98,"test",256,0.511431753635406,1
"Conv1D",0.05,98,"test",257,0.529053509235382,1
"Conv1D",0.05,98,"test",258,0.532172560691833,1
"Conv1D",0.05,98,"test",259,0.515002489089966,1
"Conv1D",0.05,98,"test",260,0.506511747837067,1
"Conv1D",0.05,98,"test",261,0.507311820983887,1
"Conv1D",0.05,98,"test",262,0.572406530380249,0
"Conv1D",0.05,98,"test",263,0.548306941986084,0
"Conv1D",0.05,98,"test",264,0.528418064117432,1
"Conv1D",0.05,98,"test",265,0.532885611057281,1
"Conv1D",0.05,98,"test",266,0.496324390172958,1
"Conv1D",0.05,98,"test",267,0.506363928318024,1
"Conv1D",0.05,98,"test",268,0.490736067295074,1
"Conv1D",0.05,98,"test",269,0.495486080646515,1
"Conv1D",0.05,98,"test",270,0.477500081062317,1
"Conv1D",0.05,98,"test",271,0.487683534622192,1
"Conv1D",0.05,98,"test",272,0.498254597187042,1
"Conv1D",0.05,98,"test",273,0.490556597709656,1
"Conv1D",0.05,98,"test",274,0.419344305992126,1
"Conv1D",0.05,98,"test",275,0.443211644887924,1
"Conv1D",0.05,98,"test",276,0.497752487659454,1
"Conv1D",0.05,98,"test",277,0.495040357112885,1
"Conv1D",0.05,98,"test",278,0.532314717769623,0
"Conv1D",0.05,98,"test",279,0.528889179229736,0
"Conv1D",0.05,98,"test",280,0.512398481369019,0
"Conv1D",0.05,98,"test",281,0.523919701576233,0
"Conv1D",0.05,98,"test",282,0.529053509235382,0
"Conv1D",0.05,98,"test",283,0.516111791133881,0
"Conv1D",0.05,98,"test",284,0.515002489089966,0
"Conv1D",0.05,98,"test",285,0.520664751529694,0
"Conv1D",0.05,98,"test",286,0.507311820983887,0
"Conv1D",0.05,98,"test",287,0.531512796878815,0
"Conv1D",0.05,98,"test",288,0.548306941986084,0
"Conv1D",0.05,98,"test",289,0.559972405433655,0
"Conv1D",0.05,98,"test",290,0.532885611057281,0
"Conv1D",0.05,98,"test",291,0.508119463920593,0
"Conv1D",0.05,98,"test",292,0.506363928318024,1
"Conv1D",0.05,98,"test",293,0.518838882446289,1
"Conv1D",0.05,98,"test",294,0.495486080646515,1
"Conv1D",0.05,98,"test",295,0.508236765861511,0
"Conv1D",0.05,98,"test",296,0.487683534622192,0
"Conv1D",0.05,98,"test",297,0.492433309555054,1
"Conv1D",0.05,98,"test",298,0.490556597709656,0
"Conv1D",0.05,98,"test",299,0.495882719755173,0
"Conv1D",0.05,98,"test",300,0.443211644887924,1
"Conv1D",0.05,98,"test",301,0.425141215324402,1
"Conv1D",0.05,98,"test",302,0.495040357112885,1
"Conv1D",0.05,98,"test",303,0.499874889850616,0
"Conv1D",0.05,98,"test",304,0.528889179229736,1
"Conv1D",0.05,98,"test",305,0.534729838371277,0
"Conv1D",0.05,41,"test",1,0.484525620937347,0
"Conv1D",0.05,41,"test",2,0.540361881256104,0
"Conv1D",0.05,41,"test",3,0.548677027225494,1
"Conv1D",0.05,41,"test",4,0.507077574729919,1
"Conv1D",0.05,41,"test",5,0.521559953689575,1
"Conv1D",0.05,41,"test",6,0.495348900556564,1
"Conv1D",0.05,41,"test",7,0.484224885702133,1
"Conv1D",0.05,41,"test",8,0.502833247184753,1
"Conv1D",0.05,41,"test",9,0.49088191986084,1
"Conv1D",0.05,41,"test",10,0.480920940637589,1
"Conv1D",0.05,41,"test",11,0.481123268604279,1
"Conv1D",0.05,41,"test",12,0.484038501977921,1
"Conv1D",0.05,41,"test",13,0.457543015480042,1
"Conv1D",0.05,41,"test",14,0.431633114814758,1
"Conv1D",0.05,41,"test",15,0.436382293701172,1
"Conv1D",0.05,41,"test",16,0.452718079090118,1
"Conv1D",0.05,41,"test",17,0.45667564868927,0
"Conv1D",0.05,41,"test",18,0.511528134346008,0
"Conv1D",0.05,41,"test",19,0.513071417808533,0
"Conv1D",0.05,41,"test",20,0.526947915554047,1
"Conv1D",0.05,41,"test",21,0.532044887542725,1
"Conv1D",0.05,41,"test",22,0.518440723419189,1
"Conv1D",0.05,41,"test",23,0.514824271202087,0
"Conv1D",0.05,41,"test",24,0.498189508914948,0
"Conv1D",0.05,41,"test",25,0.514335751533508,0
"Conv1D",0.05,41,"test",26,0.484525620937347,1
"Conv1D",0.05,41,"test",27,0.506708383560181,1
"Conv1D",0.05,41,"test",28,0.548677027225494,1
"Conv1D",0.05,41,"test",29,0.553816020488739,0
"Conv1D",0.05,41,"test",30,0.521559953689575,0
"Conv1D",0.05,41,"test",31,0.530879199504852,0
"Conv1D",0.05,41,"test",32,0.484224885702133,0
"Conv1D",0.05,41,"test",33,0.46368271112442,0
"Conv1D",0.05,41,"test",34,0.49088191986084,1
"Conv1D",0.05,41,"test",35,0.493485808372498,1
"Conv1D",0.05,41,"test",36,0.481123268604279,1
"Conv1D",0.05,41,"test",37,0.480428099632263,1
"Conv1D",0.05,41,"test",38,0.457543015480042,1
"Conv1D",0.05,41,"test",39,0.459839522838593,1
"Conv1D",0.05,41,"test",40,0.436382293701172,1
"Conv1D",0.05,41,"test",41,0.434195339679718,1
"Conv1D",0.05,41,"test",42,0.45667564868927,0
"Conv1D",0.05,41,"test",43,0.471884250640869,0
"Conv1D",0.05,41,"test",44,0.513071417808533,1
"Conv1D",0.05,41,"test",45,0.511740267276764,1
"Conv1D",0.05,41,"test",46,0.532044887542725,1
"Conv1D",0.05,41,"test",47,0.523988664150238,0
"Conv1D",0.05,41,"test",48,0.514824271202087,0
"Conv1D",0.05,41,"test",49,0.520225882530212,0
"Conv1D",0.05,41,"test",50,0.514335751533508,0
"Conv1D",0.05,41,"test",51,0.49648916721344,1
"Conv1D",0.05,41,"test",52,0.506708383560181,1
"Conv1D",0.05,41,"test",53,0.500753998756409,1
"Conv1D",0.05,41,"test",54,0.553816020488739,1
"Conv1D",0.05,41,"test",55,0.546580731868744,0
"Conv1D",0.05,41,"test",56,0.530879199504852,0
"Conv1D",0.05,41,"test",57,0.570981085300446,0
"Conv1D",0.05,41,"test",58,0.46368271112442,0
"Conv1D",0.05,41,"test",59,0.454676657915115,1
"Conv1D",0.05,41,"test",60,0.493485808372498,1
"Conv1D",0.05,41,"test",61,0.484590947628021,1
"Conv1D",0.05,41,"test",62,0.480428099632263,0
"Conv1D",0.05,41,"test",63,0.480928510427475,1
"Conv1D",0.05,41,"test",64,0.459839522838593,1
"Conv1D",0.05,41,"test",65,0.467127561569214,1
"Conv1D",0.05,41,"test",66,0.434195339679718,1
"Conv1D",0.05,41,"test",67,0.42496445775032,1
"Conv1D",0.05,41,"test",68,0.471884250640869,0
"Conv1D",0.05,41,"test",69,0.469650000333786,0
"Conv1D",0.05,41,"test",70,0.511740267276764,0
"Conv1D",0.05,41,"test",71,0.503519415855408,1
"Conv1D",0.05,41,"test",72,0.523988664150238,1
"Conv1D",0.05,41,"test",73,0.518630027770996,0
"Conv1D",0.05,41,"test",74,0.520225882530212,0
"Conv1D",0.05,41,"test",75,0.521458566188812,0
"Conv1D",0.05,41,"test",76,0.49648916721344,0
"Conv1D",0.05,41,"test",77,0.501956224441528,0
"Conv1D",0.05,41,"test",78,0.500753998756409,1
"Conv1D",0.05,41,"test",79,0.516878545284271,0
"Conv1D",0.05,41,"test",80,0.546580731868744,0
"Conv1D",0.05,41,"test",81,0.559974610805511,1
"Conv1D",0.05,41,"test",82,0.570981085300446,1
"Conv1D",0.05,41,"test",83,0.535495758056641,1
"Conv1D",0.05,41,"test",84,0.454676657915115,1
"Conv1D",0.05,41,"test",85,0.462838619947433,0
"Conv1D",0.05,41,"test",86,0.484590947628021,0
"Conv1D",0.05,41,"test",87,0.488533049821854,0
"Conv1D",0.05,41,"test",88,0.480928510427475,0
"Conv1D",0.05,41,"test",89,0.472376465797424,0
"Conv1D",0.05,41,"test",90,0.467127561569214,0
"Conv1D",0.05,41,"test",91,0.461798101663589,1
"Conv1D",0.05,41,"test",92,0.42496445775032,0
"Conv1D",0.05,41,"test",93,0.42379692196846,0
"Conv1D",0.05,41,"test",94,0.469650000333786,0
"Conv1D",0.05,41,"test",95,0.467688649892807,0
"Conv1D",0.05,41,"test",96,0.503519415855408,0
"Conv1D",0.05,41,"test",97,0.504808068275452,1
"Conv1D",0.05,41,"test",98,0.518630027770996,1
"Conv1D",0.05,41,"test",99,0.523272216320038,1
"Conv1D",0.05,41,"test",100,0.521458566188812,1
"Conv1D",0.05,41,"test",101,0.519511044025421,1
"Conv1D",0.05,41,"test",102,0.501956224441528,0
"Conv1D",0.05,41,"test",103,0.492233067750931,0
"Conv1D",0.05,41,"test",104,0.516878545284271,0
"Conv1D",0.05,41,"test",105,0.533949851989746,0
"Conv1D",0.05,41,"test",106,0.559974610805511,0
"Conv1D",0.05,41,"test",107,0.533285737037659,0
"Conv1D",0.05,41,"test",108,0.535495758056641,0
"Conv1D",0.05,41,"test",109,0.54239022731781,0
"Conv1D",0.05,41,"test",110,0.462838619947433,1
"Conv1D",0.05,41,"test",111,0.41490912437439,1
"Conv1D",0.05,41,"test",112,0.488533049821854,1
"Conv1D",0.05,41,"test",113,0.493476927280426,0
"Conv1D",0.05,41,"test",114,0.472376465797424,1
"Conv1D",0.05,41,"test",115,0.484203457832336,1
"Conv1D",0.05,41,"test",116,0.461798101663589,1
"Conv1D",0.05,41,"test",117,0.472616255283356,1
"Conv1D",0.05,41,"test",118,0.42379692196846,1
"Conv1D",0.05,41,"test",119,0.435530483722687,0
"Conv1D",0.05,41,"test",120,0.467688649892807,0
"Conv1D",0.05,41,"test",121,0.444450289011002,0
"Conv1D",0.05,41,"test",122,0.504808068275452,1
"Conv1D",0.05,41,"test",123,0.504055976867676,1
"Conv1D",0.05,41,"test",124,0.523272216320038,1
"Conv1D",0.05,41,"test",125,0.519358813762665,0
"Conv1D",0.05,41,"test",126,0.519511044025421,0
"Conv1D",0.05,41,"test",127,0.522566378116608,0
"Conv1D",0.05,41,"test",128,0.492233067750931,1
"Conv1D",0.05,41,"test",129,0.489166349172592,1
"Conv1D",0.05,41,"test",130,0.533949851989746,1
"Conv1D",0.05,41,"test",131,0.552998185157776,1
"Conv1D",0.05,41,"test",132,0.533285737037659,0
"Conv1D",0.05,41,"test",133,0.626819610595703,0
"Conv1D",0.05,41,"test",134,0.54239022731781,0
"Conv1D",0.05,41,"test",135,0.530373096466064,0
"Conv1D",0.05,41,"test",136,0.41490912437439,0
"Conv1D",0.05,41,"test",137,0.464796155691147,1
"Conv1D",0.05,41,"test",138,0.493476927280426,1
"Conv1D",0.05,41,"test",139,0.494667083024979,1
"Conv1D",0.05,41,"test",140,0.484203457832336,1
"Conv1D",0.05,41,"test",141,0.484652668237686,1
"Conv1D",0.05,41,"test",142,0.472616255283356,1
"Conv1D",0.05,41,"test",143,0.477322459220886,1
"Conv1D",0.05,41,"test",144,0.435530483722687,1
"Conv1D",0.05,41,"test",145,0.431807994842529,1
"Conv1D",0.05,41,"test",146,0.444450289011002,1
"Conv1D",0.05,41,"test",147,0.441327035427094,1
"Conv1D",0.05,41,"test",148,0.504055976867676,1
"Conv1D",0.05,41,"test",149,0.514663100242615,1
"Conv1D",0.05,41,"test",150,0.519358813762665,1
"Conv1D",0.05,41,"test",151,0.519597291946411,1
"Conv1D",0.05,41,"test",152,0.522566378116608,0
"Conv1D",0.05,41,"test",153,0.536824405193329,0
"Conv1D",0.05,41,"test",154,0.489166349172592,1
"Conv1D",0.05,41,"test",155,0.482383966445923,1
"Conv1D",0.05,41,"test",156,0.552998185157776,1
"Conv1D",0.05,41,"test",157,0.525434553623199,0
"Conv1D",0.05,41,"test",158,0.626819610595703,0
"Conv1D",0.05,41,"test",159,0.571389734745026,0
"Conv1D",0.05,41,"test",160,0.530373096466064,0
"Conv1D",0.05,41,"test",161,0.527678728103638,0
"Conv1D",0.05,41,"test",162,0.464796155691147,0
"Conv1D",0.05,41,"test",163,0.486521452665329,0
"Conv1D",0.05,41,"test",164,0.494667083024979,0
"Conv1D",0.05,41,"test",165,0.494619131088257,1
"Conv1D",0.05,41,"test",166,0.484652668237686,1
"Conv1D",0.05,41,"test",167,0.482318878173828,0
"Conv1D",0.05,41,"test",168,0.477322459220886,1
"Conv1D",0.05,41,"test",169,0.469221472740173,1
"Conv1D",0.05,41,"test",170,0.431807994842529,1
"Conv1D",0.05,41,"test",171,0.435640543699265,0
"Conv1D",0.05,41,"test",172,0.441327035427094,0
"Conv1D",0.05,41,"test",173,0.437252789735794,1
"Conv1D",0.05,41,"test",174,0.514663100242615,1
"Conv1D",0.05,41,"test",175,0.509512662887573,1
"Conv1D",0.05,41,"test",176,0.519597291946411,1
"Conv1D",0.05,41,"test",177,0.517824649810791,0
"Conv1D",0.05,41,"test",178,0.536824405193329,0
"Conv1D",0.05,41,"test",179,0.524781465530396,0
"Conv1D",0.05,41,"test",180,0.482383966445923,0
"Conv1D",0.05,41,"test",181,0.50499153137207,0
"Conv1D",0.05,41,"test",182,0.525434553623199,0
"Conv1D",0.05,41,"test",183,0.520753681659698,0
"Conv1D",0.05,41,"test",184,0.571389734745026,0
"Conv1D",0.05,41,"test",185,0.553838849067688,0
"Conv1D",0.05,41,"test",186,0.527678728103638,1
"Conv1D",0.05,41,"test",187,0.520364582538605,0
"Conv1D",0.05,41,"test",188,0.486521452665329,0
"Conv1D",0.05,41,"test",189,0.484733581542969,0
"Conv1D",0.05,41,"test",190,0.494619131088257,0
"Conv1D",0.05,41,"test",191,0.471209049224854,0
"Conv1D",0.05,41,"test",192,0.482318878173828,0
"Conv1D",0.05,41,"test",193,0.474702417850494,0
"Conv1D",0.05,41,"test",194,0.469221472740173,0
"Conv1D",0.05,41,"test",195,0.485255599021912,0
"Conv1D",0.05,41,"test",196,0.435640543699265,0
"Conv1D",0.05,41,"test",197,0.440941840410233,1
"Conv1D",0.05,41,"test",198,0.437252789735794,1
"Conv1D",0.05,41,"test",199,0.443551540374756,1
"Conv1D",0.05,41,"test",200,0.509512662887573,0
"Conv1D",0.05,41,"test",201,0.50881016254425,0
"Conv1D",0.05,41,"test",202,0.517824649810791,1
"Conv1D",0.05,41,"test",203,0.53305196762085,0
"Conv1D",0.05,41,"test",204,0.524781465530396,0
"Conv1D",0.05,41,"test",205,0.518035650253296,0
"Conv1D",0.05,41,"test",206,0.50499153137207,1
"Conv1D",0.05,41,"test",207,0.498032331466675,0
"Conv1D",0.05,41,"test",208,0.520753681659698,0
"Conv1D",0.05,41,"test",209,0.505562841892242,0
"Conv1D",0.05,41,"test",210,0.553838849067688,0
"Conv1D",0.05,41,"test",211,0.554496943950653,0
"Conv1D",0.05,41,"test",212,0.520364582538605,1
"Conv1D",0.05,41,"test",213,0.55141419172287,0
"Conv1D",0.05,41,"test",214,0.484733581542969,1
"Conv1D",0.05,41,"test",215,0.431089997291565,1
"Conv1D",0.05,41,"test",216,0.471209049224854,1
"Conv1D",0.05,41,"test",217,0.458797842264175,0
"Conv1D",0.05,41,"test",218,0.474702417850494,0
"Conv1D",0.05,41,"test",219,0.47213277220726,1
"Conv1D",0.05,41,"test",220,0.485255599021912,1
"Conv1D",0.05,41,"test",221,0.471398591995239,0
"Conv1D",0.05,41,"test",222,0.440941840410233,1
"Conv1D",0.05,41,"test",223,0.431788891553879,1
"Conv1D",0.05,41,"test",224,0.443551540374756,1
"Conv1D",0.05,41,"test",225,0.456779658794403,0
"Conv1D",0.05,41,"test",226,0.50881016254425,0
"Conv1D",0.05,41,"test",227,0.507660508155823,0
"Conv1D",0.05,41,"test",228,0.53305196762085,1
"Conv1D",0.05,41,"test",229,0.518885254859924,1
"Conv1D",0.05,41,"test",230,0.518035650253296,0
"Conv1D",0.05,41,"test",231,0.513405621051788,1
"Conv1D",0.05,41,"test",232,0.498032331466675,1
"Conv1D",0.05,41,"test",233,0.516535222530365,1
"Conv1D",0.05,41,"test",234,0.505562841892242,1
"Conv1D",0.05,41,"test",235,0.507115364074707,1
"Conv1D",0.05,41,"test",236,0.554496943950653,1
"Conv1D",0.05,41,"test",237,0.56704044342041,0
"Conv1D",0.05,41,"test",238,0.55141419172287,0
"Conv1D",0.05,41,"test",239,0.530265390872955,0
"Conv1D",0.05,41,"test",240,0.431089997291565,0
"Conv1D",0.05,41,"test",241,0.402548760175705,0
"Conv1D",0.05,41,"test",242,0.458797842264175,0
"Conv1D",0.05,41,"test",243,0.479392409324646,0
"Conv1D",0.05,41,"test",244,0.47213277220726,1
"Conv1D",0.05,41,"test",245,0.467538833618164,1
"Conv1D",0.05,41,"test",246,0.471398591995239,1
"Conv1D",0.05,41,"test",247,0.489639490842819,1
"Conv1D",0.05,41,"test",248,0.431788891553879,1
"Conv1D",0.05,41,"test",249,0.408211410045624,1
"Conv1D",0.05,41,"test",250,0.456779658794403,1
"Conv1D",0.05,41,"test",251,0.456168562173843,1
"Conv1D",0.05,41,"test",252,0.507660508155823,0
"Conv1D",0.05,41,"test",253,0.51191908121109,0
"Conv1D",0.05,41,"test",254,0.518885254859924,0
"Conv1D",0.05,41,"test",255,0.51594865322113,1
"Conv1D",0.05,41,"test",256,0.513405621051788,1
"Conv1D",0.05,41,"test",257,0.52416068315506,1
"Conv1D",0.05,41,"test",258,0.516535222530365,1
"Conv1D",0.05,41,"test",259,0.503874659538269,1
"Conv1D",0.05,41,"test",260,0.507115364074707,1
"Conv1D",0.05,41,"test",261,0.502150356769562,1
"Conv1D",0.05,41,"test",262,0.56704044342041,0
"Conv1D",0.05,41,"test",263,0.547172904014587,0
"Conv1D",0.05,41,"test",264,0.530265390872955,1
"Conv1D",0.05,41,"test",265,0.537826001644135,1
"Conv1D",0.05,41,"test",266,0.402548760175705,1
"Conv1D",0.05,41,"test",267,0.471433192491531,1
"Conv1D",0.05,41,"test",268,0.479392409324646,1
"Conv1D",0.05,41,"test",269,0.485779941082001,1
"Conv1D",0.05,41,"test",270,0.467538833618164,1
"Conv1D",0.05,41,"test",271,0.483522146940231,1
"Conv1D",0.05,41,"test",272,0.489639490842819,1
"Conv1D",0.05,41,"test",273,0.484045922756195,1
"Conv1D",0.05,41,"test",274,0.408211410045624,1
"Conv1D",0.05,41,"test",275,0.431907266378403,1
"Conv1D",0.05,41,"test",276,0.456168562173843,1
"Conv1D",0.05,41,"test",277,0.428276121616364,1
"Conv1D",0.05,41,"test",278,0.51191908121109,0
"Conv1D",0.05,41,"test",279,0.507274150848389,0
"Conv1D",0.05,41,"test",280,0.51594865322113,0
"Conv1D",0.05,41,"test",281,0.523654758930206,0
"Conv1D",0.05,41,"test",282,0.52416068315506,0
"Conv1D",0.05,41,"test",283,0.515061974525452,0
"Conv1D",0.05,41,"test",284,0.503874659538269,0
"Conv1D",0.05,41,"test",285,0.505257129669189,0
"Conv1D",0.05,41,"test",286,0.502150356769562,0
"Conv1D",0.05,41,"test",287,0.533723771572113,0
"Conv1D",0.05,41,"test",288,0.547172904014587,0
"Conv1D",0.05,41,"test",289,0.557670891284943,0
"Conv1D",0.05,41,"test",290,0.537826001644135,0
"Conv1D",0.05,41,"test",291,0.51683098077774,0
"Conv1D",0.05,41,"test",292,0.471433192491531,1
"Conv1D",0.05,41,"test",293,0.501185297966003,1
"Conv1D",0.05,41,"test",294,0.485779941082001,1
"Conv1D",0.05,41,"test",295,0.489393413066864,0
"Conv1D",0.05,41,"test",296,0.483522146940231,0
"Conv1D",0.05,41,"test",297,0.483076572418213,1
"Conv1D",0.05,41,"test",298,0.484045922756195,0
"Conv1D",0.05,41,"test",299,0.48447260260582,0
"Conv1D",0.05,41,"test",300,0.431907266378403,1
"Conv1D",0.05,41,"test",301,0.39230152964592,1
"Conv1D",0.05,41,"test",302,0.428276121616364,1
"Conv1D",0.05,41,"test",303,0.450201570987701,0
"Conv1D",0.05,41,"test",304,0.507274150848389,1
"Conv1D",0.05,41,"test",305,0.515837609767914,0
"Conv1D",0.05,64,"test",1,0.497871279716492,0
"Conv1D",0.05,64,"test",2,0.545147657394409,0
"Conv1D",0.05,64,"test",3,0.551311373710632,1
"Conv1D",0.05,64,"test",4,0.500737607479095,1
"Conv1D",0.05,64,"test",5,0.512198984622955,1
"Conv1D",0.05,64,"test",6,0.488338440656662,1
"Conv1D",0.05,64,"test",7,0.484826952219009,1
"Conv1D",0.05,64,"test",8,0.501445949077606,1
"Conv1D",0.05,64,"test",9,0.496182024478912,1
"Conv1D",0.05,64,"test",10,0.489396423101425,1
"Conv1D",0.05,64,"test",11,0.497828781604767,1
"Conv1D",0.05,64,"test",12,0.484951853752136,1
"Conv1D",0.05,64,"test",13,0.486673057079315,1
"Conv1D",0.05,64,"test",14,0.487093180418015,1
"Conv1D",0.05,64,"test",15,0.491845011711121,1
"Conv1D",0.05,64,"test",16,0.472746282815933,1
"Conv1D",0.05,64,"test",17,0.46520859003067,0
"Conv1D",0.05,64,"test",18,0.51289039850235,0
"Conv1D",0.05,64,"test",19,0.510449826717377,0
"Conv1D",0.05,64,"test",20,0.570759057998657,1
"Conv1D",0.05,64,"test",21,0.579866170883179,1
"Conv1D",0.05,64,"test",22,0.516082763671875,1
"Conv1D",0.05,64,"test",23,0.512139201164246,0
"Conv1D",0.05,64,"test",24,0.496402025222778,0
"Conv1D",0.05,64,"test",25,0.500774800777435,0
"Conv1D",0.05,64,"test",26,0.497871279716492,1
"Conv1D",0.05,64,"test",27,0.529929459095001,1
"Conv1D",0.05,64,"test",28,0.551311373710632,1
"Conv1D",0.05,64,"test",29,0.551160633563995,0
"Conv1D",0.05,64,"test",30,0.512198984622955,0
"Conv1D",0.05,64,"test",31,0.518813073635101,0
"Conv1D",0.05,64,"test",32,0.484826952219009,0
"Conv1D",0.05,64,"test",33,0.474032491445541,0
"Conv1D",0.05,64,"test",34,0.496182024478912,1
"Conv1D",0.05,64,"test",35,0.510919749736786,1
"Conv1D",0.05,64,"test",36,0.497828781604767,1
"Conv1D",0.05,64,"test",37,0.500398516654968,1
"Conv1D",0.05,64,"test",38,0.486673057079315,1
"Conv1D",0.05,64,"test",39,0.483576208353043,1
"Conv1D",0.05,64,"test",40,0.491845011711121,1
"Conv1D",0.05,64,"test",41,0.486306875944138,1
"Conv1D",0.05,64,"test",42,0.46520859003067,0
"Conv1D",0.05,64,"test",43,0.474022895097733,0
"Conv1D",0.05,64,"test",44,0.510449826717377,1
"Conv1D",0.05,64,"test",45,0.51276695728302,1
"Conv1D",0.05,64,"test",46,0.579866170883179,1
"Conv1D",0.05,64,"test",47,0.553421139717102,0
"Conv1D",0.05,64,"test",48,0.512139201164246,0
"Conv1D",0.05,64,"test",49,0.52329021692276,0
"Conv1D",0.05,64,"test",50,0.500774800777435,0
"Conv1D",0.05,64,"test",51,0.49173840880394,1
"Conv1D",0.05,64,"test",52,0.529929459095001,1
"Conv1D",0.05,64,"test",53,0.522366106510162,1
"Conv1D",0.05,64,"test",54,0.551160633563995,1
"Conv1D",0.05,64,"test",55,0.543086230754852,0
"Conv1D",0.05,64,"test",56,0.518813073635101,0
"Conv1D",0.05,64,"test",57,0.541047096252441,0
"Conv1D",0.05,64,"test",58,0.474032491445541,0
"Conv1D",0.05,64,"test",59,0.466635495424271,1
"Conv1D",0.05,64,"test",60,0.510919749736786,1
"Conv1D",0.05,64,"test",61,0.482633501291275,1
"Conv1D",0.05,64,"test",62,0.500398516654968,0
"Conv1D",0.05,64,"test",63,0.492448180913925,1
"Conv1D",0.05,64,"test",64,0.483576208353043,1
"Conv1D",0.05,64,"test",65,0.48350390791893,1
"Conv1D",0.05,64,"test",66,0.486306875944138,1
"Conv1D",0.05,64,"test",67,0.488994270563126,1
"Conv1D",0.05,64,"test",68,0.474022895097733,0
"Conv1D",0.05,64,"test",69,0.478570163249969,0
"Conv1D",0.05,64,"test",70,0.51276695728302,0
"Conv1D",0.05,64,"test",71,0.532619178295135,1
"Conv1D",0.05,64,"test",72,0.553421139717102,1
"Conv1D",0.05,64,"test",73,0.544349253177643,0
"Conv1D",0.05,64,"test",74,0.52329021692276,0
"Conv1D",0.05,64,"test",75,0.520272731781006,0
"Conv1D",0.05,64,"test",76,0.49173840880394,0
"Conv1D",0.05,64,"test",77,0.492541313171387,0
"Conv1D",0.05,64,"test",78,0.522366106510162,1
"Conv1D",0.05,64,"test",79,0.540898680686951,0
"Conv1D",0.05,64,"test",80,0.543086230754852,0
"Conv1D",0.05,64,"test",81,0.549748301506042,1
"Conv1D",0.05,64,"test",82,0.541047096252441,1
"Conv1D",0.05,64,"test",83,0.521703243255615,1
"Conv1D",0.05,64,"test",84,0.466635495424271,1
"Conv1D",0.05,64,"test",85,0.473352462053299,0
"Conv1D",0.05,64,"test",86,0.482633501291275,0
"Conv1D",0.05,64,"test",87,0.49456799030304,0
"Conv1D",0.05,64,"test",88,0.492448180913925,0
"Conv1D",0.05,64,"test",89,0.473390936851501,0
"Conv1D",0.05,64,"test",90,0.48350390791893,0
"Conv1D",0.05,64,"test",91,0.489420145750046,1
"Conv1D",0.05,64,"test",92,0.488994270563126,0
"Conv1D",0.05,64,"test",93,0.488554209470749,0
"Conv1D",0.05,64,"test",94,0.478570163249969,0
"Conv1D",0.05,64,"test",95,0.472736030817032,0
"Conv1D",0.05,64,"test",96,0.532619178295135,0
"Conv1D",0.05,64,"test",97,0.524489343166351,1
"Conv1D",0.05,64,"test",98,0.544349253177643,1
"Conv1D",0.05,64,"test",99,0.553239166736603,1
"Conv1D",0.05,64,"test",100,0.520272731781006,1
"Conv1D",0.05,64,"test",101,0.519411265850067,1
"Conv1D",0.05,64,"test",102,0.492541313171387,0
"Conv1D",0.05,64,"test",103,0.491147935390472,0
"Conv1D",0.05,64,"test",104,0.540898680686951,0
"Conv1D",0.05,64,"test",105,0.565787017345428,0
"Conv1D",0.05,64,"test",106,0.549748301506042,0
"Conv1D",0.05,64,"test",107,0.535253942012787,0
"Conv1D",0.05,64,"test",108,0.521703243255615,0
"Conv1D",0.05,64,"test",109,0.525694131851196,0
"Conv1D",0.05,64,"test",110,0.473352462053299,1
"Conv1D",0.05,64,"test",111,0.43604502081871,1
"Conv1D",0.05,64,"test",112,0.49456799030304,1
"Conv1D",0.05,64,"test",113,0.497538924217224,0
"Conv1D",0.05,64,"test",114,0.473390936851501,1
"Conv1D",0.05,64,"test",115,0.480095535516739,1
"Conv1D",0.05,64,"test",116,0.489420145750046,1
"Conv1D",0.05,64,"test",117,0.489089280366898,1
"Conv1D",0.05,64,"test",118,0.488554209470749,1
"Conv1D",0.05,64,"test",119,0.482647657394409,0
"Conv1D",0.05,64,"test",120,0.472736030817032,0
"Conv1D",0.05,64,"test",121,0.462105005979538,0
"Conv1D",0.05,64,"test",122,0.524489343166351,1
"Conv1D",0.05,64,"test",123,0.525799155235291,1
"Conv1D",0.05,64,"test",124,0.553239166736603,1
"Conv1D",0.05,64,"test",125,0.541657686233521,0
"Conv1D",0.05,64,"test",126,0.519411265850067,0
"Conv1D",0.05,64,"test",127,0.527572989463806,0
"Conv1D",0.05,64,"test",128,0.491147935390472,1
"Conv1D",0.05,64,"test",129,0.489959985017776,1
"Conv1D",0.05,64,"test",130,0.565787017345428,1
"Conv1D",0.05,64,"test",131,0.586828470230103,1
"Conv1D",0.05,64,"test",132,0.535253942012787,0
"Conv1D",0.05,64,"test",133,0.576861619949341,0
"Conv1D",0.05,64,"test",134,0.525694131851196,0
"Conv1D",0.05,64,"test",135,0.517869234085083,0
"Conv1D",0.05,64,"test",136,0.43604502081871,0
"Conv1D",0.05,64,"test",137,0.473393768072128,1
"Conv1D",0.05,64,"test",138,0.497538924217224,1
"Conv1D",0.05,64,"test",139,0.495817184448242,1
"Conv1D",0.05,64,"test",140,0.480095535516739,1
"Conv1D",0.05,64,"test",141,0.476096630096436,1
"Conv1D",0.05,64,"test",142,0.489089280366898,1
"Conv1D",0.05,64,"test",143,0.49925833940506,1
"Conv1D",0.05,64,"test",144,0.482647657394409,1
"Conv1D",0.05,64,"test",145,0.480091214179993,1
"Conv1D",0.05,64,"test",146,0.462105005979538,1
"Conv1D",0.05,64,"test",147,0.456205546855927,1
"Conv1D",0.05,64,"test",148,0.525799155235291,1
"Conv1D",0.05,64,"test",149,0.505773067474365,1
"Conv1D",0.05,64,"test",150,0.541657686233521,1
"Conv1D",0.05,64,"test",151,0.548572421073914,1
"Conv1D",0.05,64,"test",152,0.527572989463806,0
"Conv1D",0.05,64,"test",153,0.538268089294434,0
"Conv1D",0.05,64,"test",154,0.489959985017776,1
"Conv1D",0.05,64,"test",155,0.493577897548676,1
"Conv1D",0.05,64,"test",156,0.586828470230103,1
"Conv1D",0.05,64,"test",157,0.553533911705017,0
"Conv1D",0.05,64,"test",158,0.576861619949341,0
"Conv1D",0.05,64,"test",159,0.556110084056854,0
"Conv1D",0.05,64,"test",160,0.517869234085083,0
"Conv1D",0.05,64,"test",161,0.515960812568665,0
"Conv1D",0.05,64,"test",162,0.473393768072128,0
"Conv1D",0.05,64,"test",163,0.490924596786499,0
"Conv1D",0.05,64,"test",164,0.495817184448242,0
"Conv1D",0.05,64,"test",165,0.502524018287659,1
"Conv1D",0.05,64,"test",166,0.476096630096436,1
"Conv1D",0.05,64,"test",167,0.486602991819382,0
"Conv1D",0.05,64,"test",168,0.49925833940506,1
"Conv1D",0.05,64,"test",169,0.498738944530487,1
"Conv1D",0.05,64,"test",170,0.480091214179993,1
"Conv1D",0.05,64,"test",171,0.480814844369888,0
"Conv1D",0.05,64,"test",172,0.456205546855927,0
"Conv1D",0.05,64,"test",173,0.459899574518204,1
"Conv1D",0.05,64,"test",174,0.505773067474365,1
"Conv1D",0.05,64,"test",175,0.517096221446991,1
"Conv1D",0.05,64,"test",176,0.548572421073914,1
"Conv1D",0.05,64,"test",177,0.552418053150177,0
"Conv1D",0.05,64,"test",178,0.538268089294434,0
"Conv1D",0.05,64,"test",179,0.531952083110809,0
"Conv1D",0.05,64,"test",180,0.493577897548676,0
"Conv1D",0.05,64,"test",181,0.489332556724548,0
"Conv1D",0.05,64,"test",182,0.553533911705017,0
"Conv1D",0.05,64,"test",183,0.54565840959549,0
"Conv1D",0.05,64,"test",184,0.556110084056854,0
"Conv1D",0.05,64,"test",185,0.544097363948822,0
"Conv1D",0.05,64,"test",186,0.515960812568665,1
"Conv1D",0.05,64,"test",187,0.510714113712311,0
"Conv1D",0.05,64,"test",188,0.490924596786499,0
"Conv1D",0.05,64,"test",189,0.491914480924606,0
"Conv1D",0.05,64,"test",190,0.502524018287659,0
"Conv1D",0.05,64,"test",191,0.459122508764267,0
"Conv1D",0.05,64,"test",192,0.486602991819382,0
"Conv1D",0.05,64,"test",193,0.461586683988571,0
"Conv1D",0.05,64,"test",194,0.498738944530487,0
"Conv1D",0.05,64,"test",195,0.489383518695831,0
"Conv1D",0.05,64,"test",196,0.480814844369888,0
"Conv1D",0.05,64,"test",197,0.486516714096069,1
"Conv1D",0.05,64,"test",198,0.459899574518204,1
"Conv1D",0.05,64,"test",199,0.462147116661072,1
"Conv1D",0.05,64,"test",200,0.517096221446991,0
"Conv1D",0.05,64,"test",201,0.517716586589813,0
"Conv1D",0.05,64,"test",202,0.552418053150177,1
"Conv1D",0.05,64,"test",203,0.561884760856628,0
"Conv1D",0.05,64,"test",204,0.531952083110809,0
"Conv1D",0.05,64,"test",205,0.519018113613129,0
"Conv1D",0.05,64,"test",206,0.489332556724548,1
"Conv1D",0.05,64,"test",207,0.493780851364136,0
"Conv1D",0.05,64,"test",208,0.54565840959549,0
"Conv1D",0.05,64,"test",209,0.528079032897949,0
"Conv1D",0.05,64,"test",210,0.544097363948822,0
"Conv1D",0.05,64,"test",211,0.544605910778046,0
"Conv1D",0.05,64,"test",212,0.510714113712311,1
"Conv1D",0.05,64,"test",213,0.530908167362213,0
"Conv1D",0.05,64,"test",214,0.491914480924606,1
"Conv1D",0.05,64,"test",215,0.451399564743042,1
"Conv1D",0.05,64,"test",216,0.459122508764267,1
"Conv1D",0.05,64,"test",217,0.453126430511475,0
"Conv1D",0.05,64,"test",218,0.461586683988571,0
"Conv1D",0.05,64,"test",219,0.458477765321732,1
"Conv1D",0.05,64,"test",220,0.489383518695831,1
"Conv1D",0.05,64,"test",221,0.499341905117035,0
"Conv1D",0.05,64,"test",222,0.486516714096069,1
"Conv1D",0.05,64,"test",223,0.481345862150192,1
"Conv1D",0.05,64,"test",224,0.462147116661072,1
"Conv1D",0.05,64,"test",225,0.466928720474243,0
"Conv1D",0.05,64,"test",226,0.517716586589813,0
"Conv1D",0.05,64,"test",227,0.520191788673401,0
"Conv1D",0.05,64,"test",228,0.561884760856628,1
"Conv1D",0.05,64,"test",229,0.554288446903229,1
"Conv1D",0.05,64,"test",230,0.519018113613129,0
"Conv1D",0.05,64,"test",231,0.51976466178894,1
"Conv1D",0.05,64,"test",232,0.493780851364136,1
"Conv1D",0.05,64,"test",233,0.509861707687378,1
"Conv1D",0.05,64,"test",234,0.528079032897949,1
"Conv1D",0.05,64,"test",235,0.529118955135345,1
"Conv1D",0.05,64,"test",236,0.544605910778046,1
"Conv1D",0.05,64,"test",237,0.54962694644928,0
"Conv1D",0.05,64,"test",238,0.530908167362213,0
"Conv1D",0.05,64,"test",239,0.517739415168762,0
"Conv1D",0.05,64,"test",240,0.451399564743042,0
"Conv1D",0.05,64,"test",241,0.433158576488495,0
"Conv1D",0.05,64,"test",242,0.453126430511475,0
"Conv1D",0.05,64,"test",243,0.486018449068069,0
"Conv1D",0.05,64,"test",244,0.458477765321732,1
"Conv1D",0.05,64,"test",245,0.462176442146301,1
"Conv1D",0.05,64,"test",246,0.499341905117035,1
"Conv1D",0.05,64,"test",247,0.49473962187767,1
"Conv1D",0.05,64,"test",248,0.481345862150192,1
"Conv1D",0.05,64,"test",249,0.490627974271774,1
"Conv1D",0.05,64,"test",250,0.466928720474243,1
"Conv1D",0.05,64,"test",251,0.460109770298004,1
"Conv1D",0.05,64,"test",252,0.520191788673401,0
"Conv1D",0.05,64,"test",253,0.505987048149109,0
"Conv1D",0.05,64,"test",254,0.554288446903229,0
"Conv1D",0.05,64,"test",255,0.5433429479599,1
"Conv1D",0.05,64,"test",256,0.51976466178894,1
"Conv1D",0.05,64,"test",257,0.525172233581543,1
"Conv1D",0.05,64,"test",258,0.509861707687378,1
"Conv1D",0.05,64,"test",259,0.491976916790009,1
"Conv1D",0.05,64,"test",260,0.529118955135345,1
"Conv1D",0.05,64,"test",261,0.525931417942047,1
"Conv1D",0.05,64,"test",262,0.54962694644928,0
"Conv1D",0.05,64,"test",263,0.533630669116974,0
"Conv1D",0.05,64,"test",264,0.517739415168762,1
"Conv1D",0.05,64,"test",265,0.523147702217102,1
"Conv1D",0.05,64,"test",266,0.433158576488495,1
"Conv1D",0.05,64,"test",267,0.484238028526306,1
"Conv1D",0.05,64,"test",268,0.486018449068069,1
"Conv1D",0.05,64,"test",269,0.490909337997437,1
"Conv1D",0.05,64,"test",270,0.462176442146301,1
"Conv1D",0.05,64,"test",271,0.477523803710938,1
"Conv1D",0.05,64,"test",272,0.49473962187767,1
"Conv1D",0.05,64,"test",273,0.488849371671677,1
"Conv1D",0.05,64,"test",274,0.490627974271774,1
"Conv1D",0.05,64,"test",275,0.482220828533173,1
"Conv1D",0.05,64,"test",276,0.460109770298004,1
"Conv1D",0.05,64,"test",277,0.443045973777771,1
"Conv1D",0.05,64,"test",278,0.505987048149109,0
"Conv1D",0.05,64,"test",279,0.477620542049408,0
"Conv1D",0.05,64,"test",280,0.5433429479599,0
"Conv1D",0.05,64,"test",281,0.549766421318054,0
"Conv1D",0.05,64,"test",282,0.525172233581543,0
"Conv1D",0.05,64,"test",283,0.516605138778687,0
"Conv1D",0.05,64,"test",284,0.491976916790009,0
"Conv1D",0.05,64,"test",285,0.504252851009369,0
"Conv1D",0.05,64,"test",286,0.525931417942047,0
"Conv1D",0.05,64,"test",287,0.566488862037659,0
"Conv1D",0.05,64,"test",288,0.533630669116974,0
"Conv1D",0.05,64,"test",289,0.547266840934753,0
"Conv1D",0.05,64,"test",290,0.523147702217102,0
"Conv1D",0.05,64,"test",291,0.508704721927643,0
"Conv1D",0.05,64,"test",292,0.484238028526306,1
"Conv1D",0.05,64,"test",293,0.50229275226593,1
"Conv1D",0.05,64,"test",294,0.490909337997437,1
"Conv1D",0.05,64,"test",295,0.50509774684906,0
"Conv1D",0.05,64,"test",296,0.477523803710938,0
"Conv1D",0.05,64,"test",297,0.483118563890457,1
"Conv1D",0.05,64,"test",298,0.488849371671677,0
"Conv1D",0.05,64,"test",299,0.492003887891769,0
"Conv1D",0.05,64,"test",300,0.482220828533173,1
"Conv1D",0.05,64,"test",301,0.471735864877701,1
"Conv1D",0.05,64,"test",302,0.443045973777771,1
"Conv1D",0.05,64,"test",303,0.450357973575592,0
"Conv1D",0.05,64,"test",304,0.477620542049408,1
"Conv1D",0.05,64,"test",305,0.496381670236588,0
"Conv1D",0.1,23,"test",1,0.483170568943024,0
"Conv1D",0.1,23,"test",2,0.505589723587036,0
"Conv1D",0.1,23,"test",3,0.511181473731995,1
"Conv1D",0.1,23,"test",4,0.528559684753418,1
"Conv1D",0.1,23,"test",5,0.508926033973694,1
"Conv1D",0.1,23,"test",6,0.564657986164093,1
"Conv1D",0.1,23,"test",7,0.563886642456055,1
"Conv1D",0.1,23,"test",8,0.470108032226562,1
"Conv1D",0.1,23,"test",9,0.462282180786133,1
"Conv1D",0.1,23,"test",10,0.482526689767838,1
"Conv1D",0.1,23,"test",11,0.491821557283401,1
"Conv1D",0.1,23,"test",12,0.480656623840332,1
"Conv1D",0.1,23,"test",13,0.45998677611351,1
"Conv1D",0.1,23,"test",14,0.428452908992767,1
"Conv1D",0.1,23,"test",15,0.431342244148254,1
"Conv1D",0.1,23,"test",16,0.45817244052887,1
"Conv1D",0.1,23,"test",17,0.457811504602432,0
"Conv1D",0.1,23,"test",18,0.48690003156662,0
"Conv1D",0.1,23,"test",19,0.492890059947968,0
"Conv1D",0.1,23,"test",20,0.528354704380035,1
"Conv1D",0.1,23,"test",21,0.550170540809631,1
"Conv1D",0.1,23,"test",22,0.494126826524734,1
"Conv1D",0.1,23,"test",23,0.484792560338974,0
"Conv1D",0.1,23,"test",24,0.473792016506195,0
"Conv1D",0.1,23,"test",25,0.474786728620529,0
"Conv1D",0.1,23,"test",26,0.483170568943024,1
"Conv1D",0.1,23,"test",27,0.492836654186249,1
"Conv1D",0.1,23,"test",28,0.511181473731995,1
"Conv1D",0.1,23,"test",29,0.508483350276947,0
"Conv1D",0.1,23,"test",30,0.508926033973694,0
"Conv1D",0.1,23,"test",31,0.515477776527405,0
"Conv1D",0.1,23,"test",32,0.563886642456055,0
"Conv1D",0.1,23,"test",33,0.573712289333344,0
"Conv1D",0.1,23,"test",34,0.462282180786133,1
"Conv1D",0.1,23,"test",35,0.479768991470337,1
"Conv1D",0.1,23,"test",36,0.491821557283401,1
"Conv1D",0.1,23,"test",37,0.495250701904297,1
"Conv1D",0.1,23,"test",38,0.45998677611351,1
"Conv1D",0.1,23,"test",39,0.457576483488083,1
"Conv1D",0.1,23,"test",40,0.431342244148254,1
"Conv1D",0.1,23,"test",41,0.432418555021286,1
"Conv1D",0.1,23,"test",42,0.457811504602432,0
"Conv1D",0.1,23,"test",43,0.474090576171875,0
"Conv1D",0.1,23,"test",44,0.492890059947968,1
"Conv1D",0.1,23,"test",45,0.488564819097519,1
"Conv1D",0.1,23,"test",46,0.550170540809631,1
"Conv1D",0.1,23,"test",47,0.510926961898804,0
"Conv1D",0.1,23,"test",48,0.484792560338974,0
"Conv1D",0.1,23,"test",49,0.512065052986145,0
"Conv1D",0.1,23,"test",50,0.474786728620529,0
"Conv1D",0.1,23,"test",51,0.472904324531555,1
"Conv1D",0.1,23,"test",52,0.492836654186249,1
"Conv1D",0.1,23,"test",53,0.491952210664749,1
"Conv1D",0.1,23,"test",54,0.508483350276947,1
"Conv1D",0.1,23,"test",55,0.501579165458679,0
"Conv1D",0.1,23,"test",56,0.515477776527405,0
"Conv1D",0.1,23,"test",57,0.526531279087067,0
"Conv1D",0.1,23,"test",58,0.573712289333344,0
"Conv1D",0.1,23,"test",59,0.590256214141846,1
"Conv1D",0.1,23,"test",60,0.479768991470337,1
"Conv1D",0.1,23,"test",61,0.437668919563293,1
"Conv1D",0.1,23,"test",62,0.495250701904297,0
"Conv1D",0.1,23,"test",63,0.487176775932312,1
"Conv1D",0.1,23,"test",64,0.457576483488083,1
"Conv1D",0.1,23,"test",65,0.469432651996613,1
"Conv1D",0.1,23,"test",66,0.432418555021286,1
"Conv1D",0.1,23,"test",67,0.418240249156952,1
"Conv1D",0.1,23,"test",68,0.474090576171875,0
"Conv1D",0.1,23,"test",69,0.472008228302002,0
"Conv1D",0.1,23,"test",70,0.488564819097519,0
"Conv1D",0.1,23,"test",71,0.482381671667099,1
"Conv1D",0.1,23,"test",72,0.510926961898804,1
"Conv1D",0.1,23,"test",73,0.495669484138489,0
"Conv1D",0.1,23,"test",74,0.512065052986145,0
"Conv1D",0.1,23,"test",75,0.503517925739288,0
"Conv1D",0.1,23,"test",76,0.472904324531555,0
"Conv1D",0.1,23,"test",77,0.471809804439545,0
"Conv1D",0.1,23,"test",78,0.491952210664749,1
"Conv1D",0.1,23,"test",79,0.522107005119324,0
"Conv1D",0.1,23,"test",80,0.501579165458679,0
"Conv1D",0.1,23,"test",81,0.507932066917419,1
"Conv1D",0.1,23,"test",82,0.526531279087067,1
"Conv1D",0.1,23,"test",83,0.518569827079773,1
"Conv1D",0.1,23,"test",84,0.590256214141846,1
"Conv1D",0.1,23,"test",85,0.575025737285614,0
"Conv1D",0.1,23,"test",86,0.437668919563293,0
"Conv1D",0.1,23,"test",87,0.459878504276276,0
"Conv1D",0.1,23,"test",88,0.487176775932312,0
"Conv1D",0.1,23,"test",89,0.458994686603546,0
"Conv1D",0.1,23,"test",90,0.469432651996613,0
"Conv1D",0.1,23,"test",91,0.471167802810669,1
"Conv1D",0.1,23,"test",92,0.418240249156952,0
"Conv1D",0.1,23,"test",93,0.416477918624878,0
"Conv1D",0.1,23,"test",94,0.472008228302002,0
"Conv1D",0.1,23,"test",95,0.467050909996033,0
"Conv1D",0.1,23,"test",96,0.482381671667099,0
"Conv1D",0.1,23,"test",97,0.476166397333145,1
"Conv1D",0.1,23,"test",98,0.495669484138489,1
"Conv1D",0.1,23,"test",99,0.509357869625092,1
"Conv1D",0.1,23,"test",100,0.503517925739288,1
"Conv1D",0.1,23,"test",101,0.504391670227051,1
"Conv1D",0.1,23,"test",102,0.471809804439545,0
"Conv1D",0.1,23,"test",103,0.4737948179245,0
"Conv1D",0.1,23,"test",104,0.522107005119324,0
"Conv1D",0.1,23,"test",105,0.553239643573761,0
"Conv1D",0.1,23,"test",106,0.507932066917419,0
"Conv1D",0.1,23,"test",107,0.495697349309921,0
"Conv1D",0.1,23,"test",108,0.518569827079773,0
"Conv1D",0.1,23,"test",109,0.520420730113983,0
"Conv1D",0.1,23,"test",110,0.575025737285614,1
"Conv1D",0.1,23,"test",111,0.66884046792984,1
"Conv1D",0.1,23,"test",112,0.459878504276276,1
"Conv1D",0.1,23,"test",113,0.463891476392746,0
"Conv1D",0.1,23,"test",114,0.458994686603546,1
"Conv1D",0.1,23,"test",115,0.475551813840866,1
"Conv1D",0.1,23,"test",116,0.471167802810669,1
"Conv1D",0.1,23,"test",117,0.478656649589539,1
"Conv1D",0.1,23,"test",118,0.416477918624878,1
"Conv1D",0.1,23,"test",119,0.434645086526871,0
"Conv1D",0.1,23,"test",120,0.467050909996033,0
"Conv1D",0.1,23,"test",121,0.44785064458847,0
"Conv1D",0.1,23,"test",122,0.476166397333145,1
"Conv1D",0.1,23,"test",123,0.475142300128937,1
"Conv1D",0.1,23,"test",124,0.509357869625092,1
"Conv1D",0.1,23,"test",125,0.496034801006317,0
"Conv1D",0.1,23,"test",126,0.504391670227051,0
"Conv1D",0.1,23,"test",127,0.520362794399261,0
"Conv1D",0.1,23,"test",128,0.4737948179245,1
"Conv1D",0.1,23,"test",129,0.476283550262451,1
"Conv1D",0.1,23,"test",130,0.553239643573761,1
"Conv1D",0.1,23,"test",131,0.570135831832886,1
"Conv1D",0.1,23,"test",132,0.495697349309921,0
"Conv1D",0.1,23,"test",133,0.53724330663681,0
"Conv1D",0.1,23,"test",134,0.520420730113983,0
"Conv1D",0.1,23,"test",135,0.524557828903198,0
"Conv1D",0.1,23,"test",136,0.66884046792984,0
"Conv1D",0.1,23,"test",137,0.57922637462616,1
"Conv1D",0.1,23,"test",138,0.463891476392746,1
"Conv1D",0.1,23,"test",139,0.459776729345322,1
"Conv1D",0.1,23,"test",140,0.475551813840866,1
"Conv1D",0.1,23,"test",141,0.469541221857071,1
"Conv1D",0.1,23,"test",142,0.478656649589539,1
"Conv1D",0.1,23,"test",143,0.49419754743576,1
"Conv1D",0.1,23,"test",144,0.434645086526871,1
"Conv1D",0.1,23,"test",145,0.430432826280594,1
"Conv1D",0.1,23,"test",146,0.44785064458847,1
"Conv1D",0.1,23,"test",147,0.445014625787735,1
"Conv1D",0.1,23,"test",148,0.475142300128937,1
"Conv1D",0.1,23,"test",149,0.493967294692993,1
"Conv1D",0.1,23,"test",150,0.496034801006317,1
"Conv1D",0.1,23,"test",151,0.499956279993057,1
"Conv1D",0.1,23,"test",152,0.520362794399261,0
"Conv1D",0.1,23,"test",153,0.53993684053421,0
"Conv1D",0.1,23,"test",154,0.476283550262451,1
"Conv1D",0.1,23,"test",155,0.478791922330856,1
"Conv1D",0.1,23,"test",156,0.570135831832886,1
"Conv1D",0.1,23,"test",157,0.536499679088593,0
"Conv1D",0.1,23,"test",158,0.53724330663681,0
"Conv1D",0.1,23,"test",159,0.512652993202209,0
"Conv1D",0.1,23,"test",160,0.524557828903198,0
"Conv1D",0.1,23,"test",161,0.525355577468872,0
"Conv1D",0.1,23,"test",162,0.57922637462616,0
"Conv1D",0.1,23,"test",163,0.546410918235779,0
"Conv1D",0.1,23,"test",164,0.459776729345322,0
"Conv1D",0.1,23,"test",165,0.472474098205566,1
"Conv1D",0.1,23,"test",166,0.469541221857071,1
"Conv1D",0.1,23,"test",167,0.483228594064713,0
"Conv1D",0.1,23,"test",168,0.49419754743576,1
"Conv1D",0.1,23,"test",169,0.487979143857956,1
"Conv1D",0.1,23,"test",170,0.430432826280594,1
"Conv1D",0.1,23,"test",171,0.435175716876984,0
"Conv1D",0.1,23,"test",172,0.445014625787735,0
"Conv1D",0.1,23,"test",173,0.442774951457977,1
"Conv1D",0.1,23,"test",174,0.493967294692993,1
"Conv1D",0.1,23,"test",175,0.483385741710663,1
"Conv1D",0.1,23,"test",176,0.499956279993057,1
"Conv1D",0.1,23,"test",177,0.499102771282196,0
"Conv1D",0.1,23,"test",178,0.53993684053421,0
"Conv1D",0.1,23,"test",179,0.52936726808548,0
"Conv1D",0.1,23,"test",180,0.478791922330856,0
"Conv1D",0.1,23,"test",181,0.472706228494644,0
"Conv1D",0.1,23,"test",182,0.536499679088593,0
"Conv1D",0.1,23,"test",183,0.531817853450775,0
"Conv1D",0.1,23,"test",184,0.512652993202209,0
"Conv1D",0.1,23,"test",185,0.504556655883789,0
"Conv1D",0.1,23,"test",186,0.525355577468872,1
"Conv1D",0.1,23,"test",187,0.5284743309021,0
"Conv1D",0.1,23,"test",188,0.546410918235779,0
"Conv1D",0.1,23,"test",189,0.539662420749664,0
"Conv1D",0.1,23,"test",190,0.472474098205566,0
"Conv1D",0.1,23,"test",191,0.398983269929886,0
"Conv1D",0.1,23,"test",192,0.483228594064713,0
"Conv1D",0.1,23,"test",193,0.446651875972748,0
"Conv1D",0.1,23,"test",194,0.487979143857956,0
"Conv1D",0.1,23,"test",195,0.489611685276031,0
"Conv1D",0.1,23,"test",196,0.435175716876984,0
"Conv1D",0.1,23,"test",197,0.441406756639481,1
"Conv1D",0.1,23,"test",198,0.442774951457977,1
"Conv1D",0.1,23,"test",199,0.447370320558548,1
"Conv1D",0.1,23,"test",200,0.483385741710663,0
"Conv1D",0.1,23,"test",201,0.481000185012817,0
"Conv1D",0.1,23,"test",202,0.499102771282196,1
"Conv1D",0.1,23,"test",203,0.535537004470825,0
"Conv1D",0.1,23,"test",204,0.52936726808548,0
"Conv1D",0.1,23,"test",205,0.504299283027649,0
"Conv1D",0.1,23,"test",206,0.472706228494644,1
"Conv1D",0.1,23,"test",207,0.472679615020752,0
"Conv1D",0.1,23,"test",208,0.531817853450775,0
"Conv1D",0.1,23,"test",209,0.499606370925903,0
"Conv1D",0.1,23,"test",210,0.504556655883789,0
"Conv1D",0.1,23,"test",211,0.504929542541504,0
"Conv1D",0.1,23,"test",212,0.5284743309021,1
"Conv1D",0.1,23,"test",213,0.521379888057709,0
"Conv1D",0.1,23,"test",214,0.539662420749664,1
"Conv1D",0.1,23,"test",215,0.6236931681633,1
"Conv1D",0.1,23,"test",216,0.398983269929886,1
"Conv1D",0.1,23,"test",217,0.390334397554398,0
"Conv1D",0.1,23,"test",218,0.446651875972748,0
"Conv1D",0.1,23,"test",219,0.44134110212326,1
"Conv1D",0.1,23,"test",220,0.489611685276031,1
"Conv1D",0.1,23,"test",221,0.489691823720932,0
"Conv1D",0.1,23,"test",222,0.441406756639481,1
"Conv1D",0.1,23,"test",223,0.429603785276413,1
"Conv1D",0.1,23,"test",224,0.447370320558548,1
"Conv1D",0.1,23,"test",225,0.457055300474167,0
"Conv1D",0.1,23,"test",226,0.481000185012817,0
"Conv1D",0.1,23,"test",227,0.497936010360718,0
"Conv1D",0.1,23,"test",228,0.535537004470825,1
"Conv1D",0.1,23,"test",229,0.501913189888,1
"Conv1D",0.1,23,"test",230,0.504299283027649,0
"Conv1D",0.1,23,"test",231,0.505904614925385,1
"Conv1D",0.1,23,"test",232,0.472679615020752,1
"Conv1D",0.1,23,"test",233,0.47970175743103,1
"Conv1D",0.1,23,"test",234,0.499606370925903,1
"Conv1D",0.1,23,"test",235,0.502908110618591,1
"Conv1D",0.1,23,"test",236,0.504929542541504,1
"Conv1D",0.1,23,"test",237,0.510392189025879,0
"Conv1D",0.1,23,"test",238,0.521379888057709,0
"Conv1D",0.1,23,"test",239,0.525019943714142,0
"Conv1D",0.1,23,"test",240,0.6236931681633,0
"Conv1D",0.1,23,"test",241,0.657861709594727,0
"Conv1D",0.1,23,"test",242,0.390334397554398,0
"Conv1D",0.1,23,"test",243,0.445772677659988,0
"Conv1D",0.1,23,"test",244,0.44134110212326,1
"Conv1D",0.1,23,"test",245,0.443250328302383,1
"Conv1D",0.1,23,"test",246,0.489691823720932,1
"Conv1D",0.1,23,"test",247,0.496697008609772,1
"Conv1D",0.1,23,"test",248,0.429603785276413,1
"Conv1D",0.1,23,"test",249,0.394427299499512,1
"Conv1D",0.1,23,"test",250,0.457055300474167,1
"Conv1D",0.1,23,"test",251,0.461995959281921,1
"Conv1D",0.1,23,"test",252,0.497936010360718,0
"Conv1D",0.1,23,"test",253,0.506582260131836,0
"Conv1D",0.1,23,"test",254,0.501913189888,0
"Conv1D",0.1,23,"test",255,0.490587264299393,1
"Conv1D",0.1,23,"test",256,0.505904614925385,1
"Conv1D",0.1,23,"test",257,0.513336598873138,1
"Conv1D",0.1,23,"test",258,0.47970175743103,1
"Conv1D",0.1,23,"test",259,0.471741795539856,1
"Conv1D",0.1,23,"test",260,0.502908110618591,1
"Conv1D",0.1,23,"test",261,0.492459654808044,1
"Conv1D",0.1,23,"test",262,0.510392189025879,0
"Conv1D",0.1,23,"test",263,0.50849312543869,0
"Conv1D",0.1,23,"test",264,0.525019943714142,1
"Conv1D",0.1,23,"test",265,0.519204914569855,1
"Conv1D",0.1,23,"test",266,0.657861709594727,1
"Conv1D",0.1,23,"test",267,0.54231595993042,1
"Conv1D",0.1,23,"test",268,0.445772677659988,1
"Conv1D",0.1,23,"test",269,0.45314946770668,1
"Conv1D",0.1,23,"test",270,0.443250328302383,1
"Conv1D",0.1,23,"test",271,0.471035122871399,1
"Conv1D",0.1,23,"test",272,0.496697008609772,1
"Conv1D",0.1,23,"test",273,0.487223595380783,1
"Conv1D",0.1,23,"test",274,0.394427299499512,1
"Conv1D",0.1,23,"test",275,0.42920446395874,1
"Conv1D",0.1,23,"test",276,0.461995959281921,1
"Conv1D",0.1,23,"test",277,0.440485417842865,1
"Conv1D",0.1,23,"test",278,0.506582260131836,0
"Conv1D",0.1,23,"test",279,0.524583876132965,0
"Conv1D",0.1,23,"test",280,0.490587264299393,0
"Conv1D",0.1,23,"test",281,0.508298337459564,0
"Conv1D",0.1,23,"test",282,0.513336598873138,0
"Conv1D",0.1,23,"test",283,0.499711811542511,0
"Conv1D",0.1,23,"test",284,0.471741795539856,0
"Conv1D",0.1,23,"test",285,0.477212578058243,0
"Conv1D",0.1,23,"test",286,0.492459654808044,0
"Conv1D",0.1,23,"test",287,0.552828907966614,0
"Conv1D",0.1,23,"test",288,0.50849312543869,0
"Conv1D",0.1,23,"test",289,0.506714105606079,0
"Conv1D",0.1,23,"test",290,0.519204914569855,0
"Conv1D",0.1,23,"test",291,0.51489382982254,0
"Conv1D",0.1,23,"test",292,0.54231595993042,1
"Conv1D",0.1,23,"test",293,0.528190851211548,1
"Conv1D",0.1,23,"test",294,0.45314946770668,1
"Conv1D",0.1,23,"test",295,0.474876791238785,0
"Conv1D",0.1,23,"test",296,0.471035122871399,0
"Conv1D",0.1,23,"test",297,0.478863090276718,1
"Conv1D",0.1,23,"test",298,0.487223595380783,0
"Conv1D",0.1,23,"test",299,0.492959976196289,0
"Conv1D",0.1,23,"test",300,0.42920446395874,1
"Conv1D",0.1,23,"test",301,0.386752754449844,1
"Conv1D",0.1,23,"test",302,0.440485417842865,1
"Conv1D",0.1,23,"test",303,0.463441669940948,0
"Conv1D",0.1,23,"test",304,0.524583876132965,1
"Conv1D",0.1,23,"test",305,0.506681621074677,0
"Conv1D",0.1,27,"test",1,0.486077219247818,0
"Conv1D",0.1,27,"test",2,0.547674953937531,0
"Conv1D",0.1,27,"test",3,0.55334210395813,1
"Conv1D",0.1,27,"test",4,0.500277280807495,1
"Conv1D",0.1,27,"test",5,0.522414743900299,1
"Conv1D",0.1,27,"test",6,0.447477519512177,1
"Conv1D",0.1,27,"test",7,0.440070956945419,1
"Conv1D",0.1,27,"test",8,0.487088084220886,1
"Conv1D",0.1,27,"test",9,0.481790691614151,1
"Conv1D",0.1,27,"test",10,0.46834409236908,1
"Conv1D",0.1,27,"test",11,0.468943506479263,1
"Conv1D",0.1,27,"test",12,0.484418421983719,1
"Conv1D",0.1,27,"test",13,0.454644471406937,1
"Conv1D",0.1,27,"test",14,0.436072468757629,1
"Conv1D",0.1,27,"test",15,0.436326384544373,1
"Conv1D",0.1,27,"test",16,0.479791015386581,1
"Conv1D",0.1,27,"test",17,0.478136599063873,0
"Conv1D",0.1,27,"test",18,0.490828484296799,0
"Conv1D",0.1,27,"test",19,0.491083443164825,0
"Conv1D",0.1,27,"test",20,0.529713273048401,1
"Conv1D",0.1,27,"test",21,0.530999183654785,1
"Conv1D",0.1,27,"test",22,0.515095591545105,1
"Conv1D",0.1,27,"test",23,0.508543431758881,0
"Conv1D",0.1,27,"test",24,0.48400342464447,0
"Conv1D",0.1,27,"test",25,0.465557157993317,0
"Conv1D",0.1,27,"test",26,0.486077219247818,1
"Conv1D",0.1,27,"test",27,0.485749691724777,1
"Conv1D",0.1,27,"test",28,0.55334210395813,1
"Conv1D",0.1,27,"test",29,0.557134747505188,0
"Conv1D",0.1,27,"test",30,0.522414743900299,0
"Conv1D",0.1,27,"test",31,0.528718531131744,0
"Conv1D",0.1,27,"test",32,0.440070956945419,0
"Conv1D",0.1,27,"test",33,0.423485487699509,0
"Conv1D",0.1,27,"test",34,0.481790691614151,1
"Conv1D",0.1,27,"test",35,0.482700526714325,1
"Conv1D",0.1,27,"test",36,0.468943506479263,1
"Conv1D",0.1,27,"test",37,0.470300078392029,1
"Conv1D",0.1,27,"test",38,0.454644471406937,1
"Conv1D",0.1,27,"test",39,0.456394135951996,1
"Conv1D",0.1,27,"test",40,0.436326384544373,1
"Conv1D",0.1,27,"test",41,0.439523845911026,1
"Conv1D",0.1,27,"test",42,0.478136599063873,0
"Conv1D",0.1,27,"test",43,0.480090588331223,0
"Conv1D",0.1,27,"test",44,0.491083443164825,1
"Conv1D",0.1,27,"test",45,0.491274029016495,1
"Conv1D",0.1,27,"test",46,0.530999183654785,1
"Conv1D",0.1,27,"test",47,0.520692467689514,0
"Conv1D",0.1,27,"test",48,0.508543431758881,0
"Conv1D",0.1,27,"test",49,0.518063008785248,0
"Conv1D",0.1,27,"test",50,0.465557157993317,0
"Conv1D",0.1,27,"test",51,0.486851155757904,1
"Conv1D",0.1,27,"test",52,0.485749691724777,1
"Conv1D",0.1,27,"test",53,0.494689345359802,1
"Conv1D",0.1,27,"test",54,0.557134747505188,1
"Conv1D",0.1,27,"test",55,0.553610563278198,0
"Conv1D",0.1,27,"test",56,0.528718531131744,0
"Conv1D",0.1,27,"test",57,0.566524624824524,0
"Conv1D",0.1,27,"test",58,0.423485487699509,0
"Conv1D",0.1,27,"test",59,0.409611880779266,1
"Conv1D",0.1,27,"test",60,0.482700526714325,1
"Conv1D",0.1,27,"test",61,0.474678605794907,1
"Conv1D",0.1,27,"test",62,0.470300078392029,0
"Conv1D",0.1,27,"test",63,0.469774037599564,1
"Conv1D",0.1,27,"test",64,0.456394135951996,1
"Conv1D",0.1,27,"test",65,0.467102646827698,1
"Conv1D",0.1,27,"test",66,0.439523845911026,1
"Conv1D",0.1,27,"test",67,0.427890866994858,1
"Conv1D",0.1,27,"test",68,0.480090588331223,0
"Conv1D",0.1,27,"test",69,0.482845783233643,0
"Conv1D",0.1,27,"test",70,0.491274029016495,0
"Conv1D",0.1,27,"test",71,0.505519866943359,1
"Conv1D",0.1,27,"test",72,0.520692467689514,1
"Conv1D",0.1,27,"test",73,0.518470764160156,0
"Conv1D",0.1,27,"test",74,0.518063008785248,0
"Conv1D",0.1,27,"test",75,0.517600834369659,0
"Conv1D",0.1,27,"test",76,0.486851155757904,0
"Conv1D",0.1,27,"test",77,0.482285261154175,0
"Conv1D",0.1,27,"test",78,0.494689345359802,1
"Conv1D",0.1,27,"test",79,0.507251679897308,0
"Conv1D",0.1,27,"test",80,0.553610563278198,0
"Conv1D",0.1,27,"test",81,0.56573212146759,1
"Conv1D",0.1,27,"test",82,0.566524624824524,1
"Conv1D",0.1,27,"test",83,0.531835794448853,1
"Conv1D",0.1,27,"test",84,0.409611880779266,1
"Conv1D",0.1,27,"test",85,0.422293692827225,0
"Conv1D",0.1,27,"test",86,0.474678605794907,0
"Conv1D",0.1,27,"test",87,0.480406701564789,0
"Conv1D",0.1,27,"test",88,0.469774037599564,0
"Conv1D",0.1,27,"test",89,0.466392308473587,0
"Conv1D",0.1,27,"test",90,0.467102646827698,0
"Conv1D",0.1,27,"test",91,0.458081603050232,1
"Conv1D",0.1,27,"test",92,0.427890866994858,0
"Conv1D",0.1,27,"test",93,0.426889389753342,0
"Conv1D",0.1,27,"test",94,0.482845783233643,0
"Conv1D",0.1,27,"test",95,0.480422347784042,0
"Conv1D",0.1,27,"test",96,0.505519866943359,0
"Conv1D",0.1,27,"test",97,0.505451500415802,1
"Conv1D",0.1,27,"test",98,0.518470764160156,1
"Conv1D",0.1,27,"test",99,0.521237790584564,1
"Conv1D",0.1,27,"test",100,0.517600834369659,1
"Conv1D",0.1,27,"test",101,0.517777979373932,1
"Conv1D",0.1,27,"test",102,0.482285261154175,0
"Conv1D",0.1,27,"test",103,0.488824635744095,0
"Conv1D",0.1,27,"test",104,0.507251679897308,0
"Conv1D",0.1,27,"test",105,0.514200150966644,0
"Conv1D",0.1,27,"test",106,0.56573212146759,0
"Conv1D",0.1,27,"test",107,0.544665098190308,0
"Conv1D",0.1,27,"test",108,0.531835794448853,0
"Conv1D",0.1,27,"test",109,0.537032961845398,0
"Conv1D",0.1,27,"test",110,0.422293692827225,1
"Conv1D",0.1,27,"test",111,0.339750856161118,1
"Conv1D",0.1,27,"test",112,0.480406701564789,1
"Conv1D",0.1,27,"test",113,0.483096927404404,0
"Conv1D",0.1,27,"test",114,0.466392308473587,1
"Conv1D",0.1,27,"test",115,0.481794089078903,1
"Conv1D",0.1,27,"test",116,0.458081603050232,1
"Conv1D",0.1,27,"test",117,0.473166972398758,1
"Conv1D",0.1,27,"test",118,0.426889389753342,1
"Conv1D",0.1,27,"test",119,0.443521648645401,0
"Conv1D",0.1,27,"test",120,0.480422347784042,0
"Conv1D",0.1,27,"test",121,0.477328926324844,0
"Conv1D",0.1,27,"test",122,0.505451500415802,1
"Conv1D",0.1,27,"test",123,0.506630778312683,1
"Conv1D",0.1,27,"test",124,0.521237790584564,1
"Conv1D",0.1,27,"test",125,0.516633987426758,0
"Conv1D",0.1,27,"test",126,0.517777979373932,0
"Conv1D",0.1,27,"test",127,0.518446087837219,0
"Conv1D",0.1,27,"test",128,0.488824635744095,1
"Conv1D",0.1,27,"test",129,0.488516420125961,1
"Conv1D",0.1,27,"test",130,0.514200150966644,1
"Conv1D",0.1,27,"test",131,0.505598962306976,1
"Conv1D",0.1,27,"test",132,0.544665098190308,0
"Conv1D",0.1,27,"test",133,0.62324333190918,0
"Conv1D",0.1,27,"test",134,0.537032961845398,0
"Conv1D",0.1,27,"test",135,0.52389520406723,0
"Conv1D",0.1,27,"test",136,0.339750856161118,0
"Conv1D",0.1,27,"test",137,0.421286076307297,1
"Conv1D",0.1,27,"test",138,0.483096927404404,1
"Conv1D",0.1,27,"test",139,0.482466220855713,1
"Conv1D",0.1,27,"test",140,0.481794089078903,1
"Conv1D",0.1,27,"test",141,0.484026491641998,1
"Conv1D",0.1,27,"test",142,0.473166972398758,1
"Conv1D",0.1,27,"test",143,0.468985497951508,1
"Conv1D",0.1,27,"test",144,0.443521648645401,1
"Conv1D",0.1,27,"test",145,0.442597299814224,1
"Conv1D",0.1,27,"test",146,0.477328926324844,1
"Conv1D",0.1,27,"test",147,0.474380701780319,1
"Conv1D",0.1,27,"test",148,0.506630778312683,1
"Conv1D",0.1,27,"test",149,0.487206608057022,1
"Conv1D",0.1,27,"test",150,0.516633987426758,1
"Conv1D",0.1,27,"test",151,0.521631836891174,1
"Conv1D",0.1,27,"test",152,0.518446087837219,0
"Conv1D",0.1,27,"test",153,0.515493392944336,0
"Conv1D",0.1,27,"test",154,0.488516420125961,1
"Conv1D",0.1,27,"test",155,0.49038290977478,1
"Conv1D",0.1,27,"test",156,0.505598962306976,1
"Conv1D",0.1,27,"test",157,0.509784698486328,0
"Conv1D",0.1,27,"test",158,0.62324333190918,0
"Conv1D",0.1,27,"test",159,0.575034379959106,0
"Conv1D",0.1,27,"test",160,0.52389520406723,0
"Conv1D",0.1,27,"test",161,0.521070837974548,0
"Conv1D",0.1,27,"test",162,0.421286076307297,0
"Conv1D",0.1,27,"test",163,0.449303507804871,0
"Conv1D",0.1,27,"test",164,0.482466220855713,0
"Conv1D",0.1,27,"test",165,0.484428972005844,1
"Conv1D",0.1,27,"test",166,0.484026491641998,1
"Conv1D",0.1,27,"test",167,0.474622786045074,0
"Conv1D",0.1,27,"test",168,0.468985497951508,1
"Conv1D",0.1,27,"test",169,0.459527671337128,1
"Conv1D",0.1,27,"test",170,0.442597299814224,1
"Conv1D",0.1,27,"test",171,0.445691287517548,0
"Conv1D",0.1,27,"test",172,0.474380701780319,0
"Conv1D",0.1,27,"test",173,0.475742369890213,1
"Conv1D",0.1,27,"test",174,0.487206608057022,1
"Conv1D",0.1,27,"test",175,0.495473206043243,1
"Conv1D",0.1,27,"test",176,0.521631836891174,1
"Conv1D",0.1,27,"test",177,0.525538444519043,0
"Conv1D",0.1,27,"test",178,0.515493392944336,0
"Conv1D",0.1,27,"test",179,0.519039809703827,0
"Conv1D",0.1,27,"test",180,0.49038290977478,0
"Conv1D",0.1,27,"test",181,0.470138013362885,0
"Conv1D",0.1,27,"test",182,0.509784698486328,0
"Conv1D",0.1,27,"test",183,0.510851621627808,0
"Conv1D",0.1,27,"test",184,0.575034379959106,0
"Conv1D",0.1,27,"test",185,0.559675753116608,0
"Conv1D",0.1,27,"test",186,0.521070837974548,1
"Conv1D",0.1,27,"test",187,0.513510465621948,0
"Conv1D",0.1,27,"test",188,0.449303507804871,0
"Conv1D",0.1,27,"test",189,0.451645225286484,0
"Conv1D",0.1,27,"test",190,0.484428972005844,0
"Conv1D",0.1,27,"test",191,0.457555562257767,0
"Conv1D",0.1,27,"test",192,0.474622786045074,0
"Conv1D",0.1,27,"test",193,0.47970774769783,0
"Conv1D",0.1,27,"test",194,0.459527671337128,0
"Conv1D",0.1,27,"test",195,0.483930379152298,0
"Conv1D",0.1,27,"test",196,0.445691287517548,0
"Conv1D",0.1,27,"test",197,0.446683168411255,1
"Conv1D",0.1,27,"test",198,0.475742369890213,1
"Conv1D",0.1,27,"test",199,0.47729954123497,1
"Conv1D",0.1,27,"test",200,0.495473206043243,0
"Conv1D",0.1,27,"test",201,0.497028172016144,0
"Conv1D",0.1,27,"test",202,0.525538444519043,1
"Conv1D",0.1,27,"test",203,0.519783437252045,0
"Conv1D",0.1,27,"test",204,0.519039809703827,0
"Conv1D",0.1,27,"test",205,0.517848312854767,0
"Conv1D",0.1,27,"test",206,0.470138013362885,1
"Conv1D",0.1,27,"test",207,0.484237551689148,0
"Conv1D",0.1,27,"test",208,0.510851621627808,0
"Conv1D",0.1,27,"test",209,0.497328490018845,0
"Conv1D",0.1,27,"test",210,0.559675753116608,0
"Conv1D",0.1,27,"test",211,0.56029611825943,0
"Conv1D",0.1,27,"test",212,0.513510465621948,1
"Conv1D",0.1,27,"test",213,0.545539259910583,0
"Conv1D",0.1,27,"test",214,0.451645225286484,1
"Conv1D",0.1,27,"test",215,0.376714289188385,1
"Conv1D",0.1,27,"test",216,0.457555562257767,1
"Conv1D",0.1,27,"test",217,0.451226800680161,0
"Conv1D",0.1,27,"test",218,0.47970774769783,0
"Conv1D",0.1,27,"test",219,0.477360814809799,1
"Conv1D",0.1,27,"test",220,0.483930379152298,1
"Conv1D",0.1,27,"test",221,0.461871236562729,0
"Conv1D",0.1,27,"test",222,0.446683168411255,1
"Conv1D",0.1,27,"test",223,0.441006511449814,1
"Conv1D",0.1,27,"test",224,0.47729954123497,1
"Conv1D",0.1,27,"test",225,0.479143381118774,0
"Conv1D",0.1,27,"test",226,0.497028172016144,0
"Conv1D",0.1,27,"test",227,0.501600027084351,0
"Conv1D",0.1,27,"test",228,0.519783437252045,1
"Conv1D",0.1,27,"test",229,0.525789499282837,1
"Conv1D",0.1,27,"test",230,0.517848312854767,0
"Conv1D",0.1,27,"test",231,0.518077850341797,1
"Conv1D",0.1,27,"test",232,0.484237551689148,1
"Conv1D",0.1,27,"test",233,0.469907909631729,1
"Conv1D",0.1,27,"test",234,0.497328490018845,1
"Conv1D",0.1,27,"test",235,0.499587535858154,1
"Conv1D",0.1,27,"test",236,0.56029611825943,1
"Conv1D",0.1,27,"test",237,0.571850597858429,0
"Conv1D",0.1,27,"test",238,0.545539259910583,0
"Conv1D",0.1,27,"test",239,0.523630201816559,0
"Conv1D",0.1,27,"test",240,0.376714289188385,0
"Conv1D",0.1,27,"test",241,0.339649707078934,0
"Conv1D",0.1,27,"test",242,0.451226800680161,0
"Conv1D",0.1,27,"test",243,0.475869953632355,0
"Conv1D",0.1,27,"test",244,0.477360814809799,1
"Conv1D",0.1,27,"test",245,0.466116100549698,1
"Conv1D",0.1,27,"test",246,0.461871236562729,1
"Conv1D",0.1,27,"test",247,0.480090647935867,1
"Conv1D",0.1,27,"test",248,0.441006511449814,1
"Conv1D",0.1,27,"test",249,0.410674512386322,1
"Conv1D",0.1,27,"test",250,0.479143381118774,1
"Conv1D",0.1,27,"test",251,0.471288830041885,1
"Conv1D",0.1,27,"test",252,0.501600027084351,0
"Conv1D",0.1,27,"test",253,0.492660850286484,0
"Conv1D",0.1,27,"test",254,0.525789499282837,0
"Conv1D",0.1,27,"test",255,0.516167104244232,1
"Conv1D",0.1,27,"test",256,0.518077850341797,1
"Conv1D",0.1,27,"test",257,0.517826974391937,1
"Conv1D",0.1,27,"test",258,0.469907909631729,1
"Conv1D",0.1,27,"test",259,0.479763597249985,1
"Conv1D",0.1,27,"test",260,0.499587535858154,1
"Conv1D",0.1,27,"test",261,0.490370988845825,1
"Conv1D",0.1,27,"test",262,0.571850597858429,0
"Conv1D",0.1,27,"test",263,0.546394109725952,0
"Conv1D",0.1,27,"test",264,0.523630201816559,1
"Conv1D",0.1,27,"test",265,0.533708989620209,1
"Conv1D",0.1,27,"test",266,0.339649707078934,1
"Conv1D",0.1,27,"test",267,0.442724823951721,1
"Conv1D",0.1,27,"test",268,0.475869953632355,1
"Conv1D",0.1,27,"test",269,0.47809174656868,1
"Conv1D",0.1,27,"test",270,0.466116100549698,1
"Conv1D",0.1,27,"test",271,0.480485379695892,1
"Conv1D",0.1,27,"test",272,0.480090647935867,1
"Conv1D",0.1,27,"test",273,0.484810829162598,1
"Conv1D",0.1,27,"test",274,0.410674512386322,1
"Conv1D",0.1,27,"test",275,0.440043032169342,1
"Conv1D",0.1,27,"test",276,0.471288830041885,1
"Conv1D",0.1,27,"test",277,0.462476074695587,1
"Conv1D",0.1,27,"test",278,0.492660850286484,0
"Conv1D",0.1,27,"test",279,0.480416655540466,0
"Conv1D",0.1,27,"test",280,0.516167104244232,0
"Conv1D",0.1,27,"test",281,0.518943846225739,0
"Conv1D",0.1,27,"test",282,0.517826974391937,0
"Conv1D",0.1,27,"test",283,0.517462313175201,0
"Conv1D",0.1,27,"test",284,0.479763597249985,0
"Conv1D",0.1,27,"test",285,0.478870719671249,0
"Conv1D",0.1,27,"test",286,0.490370988845825,0
"Conv1D",0.1,27,"test",287,0.512636721134186,0
"Conv1D",0.1,27,"test",288,0.546394109725952,0
"Conv1D",0.1,27,"test",289,0.5635986328125,0
"Conv1D",0.1,27,"test",290,0.533708989620209,0
"Conv1D",0.1,27,"test",291,0.513930797576904,0
"Conv1D",0.1,27,"test",292,0.442724823951721,1
"Conv1D",0.1,27,"test",293,0.465292870998383,1
"Conv1D",0.1,27,"test",294,0.47809174656868,1
"Conv1D",0.1,27,"test",295,0.481865078210831,0
"Conv1D",0.1,27,"test",296,0.480485379695892,0
"Conv1D",0.1,27,"test",297,0.477546274662018,1
"Conv1D",0.1,27,"test",298,0.484810829162598,0
"Conv1D",0.1,27,"test",299,0.479911357164383,0
"Conv1D",0.1,27,"test",300,0.440043032169342,1
"Conv1D",0.1,27,"test",301,0.417277157306671,1
"Conv1D",0.1,27,"test",302,0.462476074695587,1
"Conv1D",0.1,27,"test",303,0.466120839118958,0
"Conv1D",0.1,27,"test",304,0.480416655540466,1
"Conv1D",0.1,27,"test",305,0.483774989843369,0
"Conv1D",0.1,98,"test",1,0.484931945800781,0
"Conv1D",0.1,98,"test",2,0.524579346179962,0
"Conv1D",0.1,98,"test",3,0.53474897146225,1
"Conv1D",0.1,98,"test",4,0.509054899215698,1
"Conv1D",0.1,98,"test",5,0.5091233253479,1
"Conv1D",0.1,98,"test",6,0.53082400560379,1
"Conv1D",0.1,98,"test",7,0.520703494548798,1
"Conv1D",0.1,98,"test",8,0.508080363273621,1
"Conv1D",0.1,98,"test",9,0.497791320085526,1
"Conv1D",0.1,98,"test",10,0.49809193611145,1
"Conv1D",0.1,98,"test",11,0.506958663463593,1
"Conv1D",0.1,98,"test",12,0.482368588447571,1
"Conv1D",0.1,98,"test",13,0.462823003530502,1
"Conv1D",0.1,98,"test",14,0.443183481693268,1
"Conv1D",0.1,98,"test",15,0.443318098783493,1
"Conv1D",0.1,98,"test",16,0.486447274684906,1
"Conv1D",0.1,98,"test",17,0.495825618505478,0
"Conv1D",0.1,98,"test",18,0.522169411182404,0
"Conv1D",0.1,98,"test",19,0.523009479045868,0
"Conv1D",0.1,98,"test",20,0.528755486011505,1
"Conv1D",0.1,98,"test",21,0.539262592792511,1
"Conv1D",0.1,98,"test",22,0.519319832324982,1
"Conv1D",0.1,98,"test",23,0.508907675743103,0
"Conv1D",0.1,98,"test",24,0.511737406253815,0
"Conv1D",0.1,98,"test",25,0.528875410556793,0
"Conv1D",0.1,98,"test",26,0.484931945800781,1
"Conv1D",0.1,98,"test",27,0.514166057109833,1
"Conv1D",0.1,98,"test",28,0.53474897146225,1
"Conv1D",0.1,98,"test",29,0.545769333839417,0
"Conv1D",0.1,98,"test",30,0.5091233253479,0
"Conv1D",0.1,98,"test",31,0.522259950637817,0
"Conv1D",0.1,98,"test",32,0.520703494548798,0
"Conv1D",0.1,98,"test",33,0.509902358055115,0
"Conv1D",0.1,98,"test",34,0.497791320085526,1
"Conv1D",0.1,98,"test",35,0.515273749828339,1
"Conv1D",0.1,98,"test",36,0.506958663463593,1
"Conv1D",0.1,98,"test",37,0.506705760955811,1
"Conv1D",0.1,98,"test",38,0.462823003530502,1
"Conv1D",0.1,98,"test",39,0.459778398275375,1
"Conv1D",0.1,98,"test",40,0.443318098783493,1
"Conv1D",0.1,98,"test",41,0.445456892251968,1
"Conv1D",0.1,98,"test",42,0.495825618505478,0
"Conv1D",0.1,98,"test",43,0.500430047512054,0
"Conv1D",0.1,98,"test",44,0.523009479045868,1
"Conv1D",0.1,98,"test",45,0.522437751293182,1
"Conv1D",0.1,98,"test",46,0.539262592792511,1
"Conv1D",0.1,98,"test",47,0.523408651351929,0
"Conv1D",0.1,98,"test",48,0.508907675743103,0
"Conv1D",0.1,98,"test",49,0.521877229213715,0
"Conv1D",0.1,98,"test",50,0.528875410556793,0
"Conv1D",0.1,98,"test",51,0.50470632314682,1
"Conv1D",0.1,98,"test",52,0.514166057109833,1
"Conv1D",0.1,98,"test",53,0.50093674659729,1
"Conv1D",0.1,98,"test",54,0.545769333839417,1
"Conv1D",0.1,98,"test",55,0.541012525558472,0
"Conv1D",0.1,98,"test",56,0.522259950637817,0
"Conv1D",0.1,98,"test",57,0.575331449508667,0
"Conv1D",0.1,98,"test",58,0.509902358055115,0
"Conv1D",0.1,98,"test",59,0.508497059345245,1
"Conv1D",0.1,98,"test",60,0.515273749828339,1
"Conv1D",0.1,98,"test",61,0.491626054048538,1
"Conv1D",0.1,98,"test",62,0.506705760955811,0
"Conv1D",0.1,98,"test",63,0.502342939376831,1
"Conv1D",0.1,98,"test",64,0.459778398275375,1
"Conv1D",0.1,98,"test",65,0.468164622783661,1
"Conv1D",0.1,98,"test",66,0.445456892251968,1
"Conv1D",0.1,98,"test",67,0.437370210886002,1
"Conv1D",0.1,98,"test",68,0.500430047512054,0
"Conv1D",0.1,98,"test",69,0.498249351978302,0
"Conv1D",0.1,98,"test",70,0.522437751293182,0
"Conv1D",0.1,98,"test",71,0.509970426559448,1
"Conv1D",0.1,98,"test",72,0.523408651351929,1
"Conv1D",0.1,98,"test",73,0.516276836395264,0
"Conv1D",0.1,98,"test",74,0.521877229213715,0
"Conv1D",0.1,98,"test",75,0.523449003696442,0
"Conv1D",0.1,98,"test",76,0.50470632314682,0
"Conv1D",0.1,98,"test",77,0.510761678218842,0
"Conv1D",0.1,98,"test",78,0.50093674659729,1
"Conv1D",0.1,98,"test",79,0.508930921554565,0
"Conv1D",0.1,98,"test",80,0.541012525558472,0
"Conv1D",0.1,98,"test",81,0.56058669090271,1
"Conv1D",0.1,98,"test",82,0.575331449508667,1
"Conv1D",0.1,98,"test",83,0.530136704444885,1
"Conv1D",0.1,98,"test",84,0.508497059345245,1
"Conv1D",0.1,98,"test",85,0.509717226028442,0
"Conv1D",0.1,98,"test",86,0.491626054048538,0
"Conv1D",0.1,98,"test",87,0.495848000049591,0
"Conv1D",0.1,98,"test",88,0.502342939376831,0
"Conv1D",0.1,98,"test",89,0.483344167470932,0
"Conv1D",0.1,98,"test",90,0.468164622783661,0
"Conv1D",0.1,98,"test",91,0.470443278551102,1
"Conv1D",0.1,98,"test",92,0.437370210886002,0
"Conv1D",0.1,98,"test",93,0.436556130647659,0
"Conv1D",0.1,98,"test",94,0.498249351978302,0
"Conv1D",0.1,98,"test",95,0.498192965984344,0
"Conv1D",0.1,98,"test",96,0.509970426559448,0
"Conv1D",0.1,98,"test",97,0.513882100582123,1
"Conv1D",0.1,98,"test",98,0.516276836395264,1
"Conv1D",0.1,98,"test",99,0.522387683391571,1
"Conv1D",0.1,98,"test",100,0.523449003696442,1
"Conv1D",0.1,98,"test",101,0.520652651786804,1
"Conv1D",0.1,98,"test",102,0.510761678218842,0
"Conv1D",0.1,98,"test",103,0.500322699546814,0
"Conv1D",0.1,98,"test",104,0.508930921554565,0
"Conv1D",0.1,98,"test",105,0.525368750095367,0
"Conv1D",0.1,98,"test",106,0.56058669090271,0
"Conv1D",0.1,98,"test",107,0.522132158279419,0
"Conv1D",0.1,98,"test",108,0.530136704444885,0
"Conv1D",0.1,98,"test",109,0.539525330066681,0
"Conv1D",0.1,98,"test",110,0.509717226028442,1
"Conv1D",0.1,98,"test",111,0.505277752876282,1
"Conv1D",0.1,98,"test",112,0.495848000049591,1
"Conv1D",0.1,98,"test",113,0.499869763851166,0
"Conv1D",0.1,98,"test",114,0.483344167470932,1
"Conv1D",0.1,98,"test",115,0.490997821092606,1
"Conv1D",0.1,98,"test",116,0.470443278551102,1
"Conv1D",0.1,98,"test",117,0.478207886219025,1
"Conv1D",0.1,98,"test",118,0.436556130647659,1
"Conv1D",0.1,98,"test",119,0.447884947061539,0
"Conv1D",0.1,98,"test",120,0.498192965984344,0
"Conv1D",0.1,98,"test",121,0.494021505117416,0
"Conv1D",0.1,98,"test",122,0.513882100582123,1
"Conv1D",0.1,98,"test",123,0.512942969799042,1
"Conv1D",0.1,98,"test",124,0.522387683391571,1
"Conv1D",0.1,98,"test",125,0.516280055046082,0
"Conv1D",0.1,98,"test",126,0.520652651786804,0
"Conv1D",0.1,98,"test",127,0.525647282600403,0
"Conv1D",0.1,98,"test",128,0.500322699546814,1
"Conv1D",0.1,98,"test",129,0.496009856462479,1
"Conv1D",0.1,98,"test",130,0.525368750095367,1
"Conv1D",0.1,98,"test",131,0.549498379230499,1
"Conv1D",0.1,98,"test",132,0.522132158279419,0
"Conv1D",0.1,98,"test",133,0.648701965808868,0
"Conv1D",0.1,98,"test",134,0.539525330066681,0
"Conv1D",0.1,98,"test",135,0.529202938079834,0
"Conv1D",0.1,98,"test",136,0.505277752876282,0
"Conv1D",0.1,98,"test",137,0.511698782444,1
"Conv1D",0.1,98,"test",138,0.499869763851166,1
"Conv1D",0.1,98,"test",139,0.499547302722931,1
"Conv1D",0.1,98,"test",140,0.490997821092606,1
"Conv1D",0.1,98,"test",141,0.485724002122879,1
"Conv1D",0.1,98,"test",142,0.478207886219025,1
"Conv1D",0.1,98,"test",143,0.495160341262817,1
"Conv1D",0.1,98,"test",144,0.447884947061539,1
"Conv1D",0.1,98,"test",145,0.446677714586258,1
"Conv1D",0.1,98,"test",146,0.494021505117416,1
"Conv1D",0.1,98,"test",147,0.495439767837524,1
"Conv1D",0.1,98,"test",148,0.512942969799042,1
"Conv1D",0.1,98,"test",149,0.524890244007111,1
"Conv1D",0.1,98,"test",150,0.516280055046082,1
"Conv1D",0.1,98,"test",151,0.517608284950256,1
"Conv1D",0.1,98,"test",152,0.525647282600403,0
"Conv1D",0.1,98,"test",153,0.546306014060974,0
"Conv1D",0.1,98,"test",154,0.496009856462479,1
"Conv1D",0.1,98,"test",155,0.487216711044312,1
"Conv1D",0.1,98,"test",156,0.549498379230499,1
"Conv1D",0.1,98,"test",157,0.518407762050629,0
"Conv1D",0.1,98,"test",158,0.648701965808868,0
"Conv1D",0.1,98,"test",159,0.574216544628143,0
"Conv1D",0.1,98,"test",160,0.529202938079834,0
"Conv1D",0.1,98,"test",161,0.526667714118958,0
"Conv1D",0.1,98,"test",162,0.511698782444,0
"Conv1D",0.1,98,"test",163,0.517201721668243,0
"Conv1D",0.1,98,"test",164,0.499547302722931,0
"Conv1D",0.1,98,"test",165,0.508356928825378,1
"Conv1D",0.1,98,"test",166,0.485724002122879,1
"Conv1D",0.1,98,"test",167,0.497590333223343,0
"Conv1D",0.1,98,"test",168,0.495160341262817,1
"Conv1D",0.1,98,"test",169,0.486214160919189,1
"Conv1D",0.1,98,"test",170,0.446677714586258,1
"Conv1D",0.1,98,"test",171,0.448941677808762,0
"Conv1D",0.1,98,"test",172,0.495439767837524,0
"Conv1D",0.1,98,"test",173,0.492851674556732,1
"Conv1D",0.1,98,"test",174,0.524890244007111,1
"Conv1D",0.1,98,"test",175,0.519416332244873,1
"Conv1D",0.1,98,"test",176,0.517608284950256,1
"Conv1D",0.1,98,"test",177,0.51533567905426,0
"Conv1D",0.1,98,"test",178,0.546306014060974,0
"Conv1D",0.1,98,"test",179,0.529386401176453,0
"Conv1D",0.1,98,"test",180,0.487216711044312,0
"Conv1D",0.1,98,"test",181,0.510001420974731,0
"Conv1D",0.1,98,"test",182,0.518407762050629,0
"Conv1D",0.1,98,"test",183,0.509997665882111,0
"Conv1D",0.1,98,"test",184,0.574216544628143,0
"Conv1D",0.1,98,"test",185,0.552043974399567,0
"Conv1D",0.1,98,"test",186,0.526667714118958,1
"Conv1D",0.1,98,"test",187,0.520975589752197,0
"Conv1D",0.1,98,"test",188,0.517201721668243,0
"Conv1D",0.1,98,"test",189,0.515365660190582,0
"Conv1D",0.1,98,"test",190,0.508356928825378,0
"Conv1D",0.1,98,"test",191,0.478342533111572,0
"Conv1D",0.1,98,"test",192,0.497590333223343,0
"Conv1D",0.1,98,"test",193,0.473425388336182,0
"Conv1D",0.1,98,"test",194,0.486214160919189,0
"Conv1D",0.1,98,"test",195,0.493817269802094,0
"Conv1D",0.1,98,"test",196,0.448941677808762,0
"Conv1D",0.1,98,"test",197,0.450163751840591,1
"Conv1D",0.1,98,"test",198,0.492851674556732,1
"Conv1D",0.1,98,"test",199,0.493755102157593,1
"Conv1D",0.1,98,"test",200,0.519416332244873,0
"Conv1D",0.1,98,"test",201,0.518513202667236,0
"Conv1D",0.1,98,"test",202,0.51533567905426,1
"Conv1D",0.1,98,"test",203,0.536991715431213,0
"Conv1D",0.1,98,"test",204,0.529386401176453,0
"Conv1D",0.1,98,"test",205,0.519029498100281,0
"Conv1D",0.1,98,"test",206,0.510001420974731,1
"Conv1D",0.1,98,"test",207,0.505272030830383,0
"Conv1D",0.1,98,"test",208,0.509997665882111,0
"Conv1D",0.1,98,"test",209,0.504692554473877,0
"Conv1D",0.1,98,"test",210,0.552043974399567,0
"Conv1D",0.1,98,"test",211,0.552949368953705,0
"Conv1D",0.1,98,"test",212,0.520975589752197,1
"Conv1D",0.1,98,"test",213,0.550952613353729,0
"Conv1D",0.1,98,"test",214,0.515365660190582,1
"Conv1D",0.1,98,"test",215,0.50317919254303,1
"Conv1D",0.1,98,"test",216,0.478342533111572,1
"Conv1D",0.1,98,"test",217,0.469079434871674,0
"Conv1D",0.1,98,"test",218,0.473425388336182,0
"Conv1D",0.1,98,"test",219,0.471382468938828,1
"Conv1D",0.1,98,"test",220,0.493817269802094,1
"Conv1D",0.1,98,"test",221,0.488108575344086,0
"Conv1D",0.1,98,"test",222,0.450163751840591,1
"Conv1D",0.1,98,"test",223,0.445812433958054,1
"Conv1D",0.1,98,"test",224,0.493755102157593,1
"Conv1D",0.1,98,"test",225,0.495342433452606,0
"Conv1D",0.1,98,"test",226,0.518513202667236,0
"Conv1D",0.1,98,"test",227,0.514686942100525,0
"Conv1D",0.1,98,"test",228,0.536991715431213,1
"Conv1D",0.1,98,"test",229,0.51668107509613,1
"Conv1D",0.1,98,"test",230,0.519029498100281,0
"Conv1D",0.1,98,"test",231,0.511584222316742,1
"Conv1D",0.1,98,"test",232,0.505272030830383,1
"Conv1D",0.1,98,"test",233,0.534985423088074,1
"Conv1D",0.1,98,"test",234,0.504692554473877,1
"Conv1D",0.1,98,"test",235,0.503951728343964,1
"Conv1D",0.1,98,"test",236,0.552949368953705,1
"Conv1D",0.1,98,"test",237,0.570465326309204,0
"Conv1D",0.1,98,"test",238,0.550952613353729,0
"Conv1D",0.1,98,"test",239,0.52944427728653,0
"Conv1D",0.1,98,"test",240,0.50317919254303,0
"Conv1D",0.1,98,"test",241,0.494694173336029,0
"Conv1D",0.1,98,"test",242,0.469079434871674,0
"Conv1D",0.1,98,"test",243,0.488770306110382,0
"Conv1D",0.1,98,"test",244,0.471382468938828,1
"Conv1D",0.1,98,"test",245,0.475696235895157,1
"Conv1D",0.1,98,"test",246,0.488108575344086,1
"Conv1D",0.1,98,"test",247,0.498754560947418,1
"Conv1D",0.1,98,"test",248,0.445812433958054,1
"Conv1D",0.1,98,"test",249,0.42156320810318,1
"Conv1D",0.1,98,"test",250,0.495342433452606,1
"Conv1D",0.1,98,"test",251,0.498420059680939,1
"Conv1D",0.1,98,"test",252,0.514686942100525,0
"Conv1D",0.1,98,"test",253,0.522264122962952,0
"Conv1D",0.1,98,"test",254,0.51668107509613,0
"Conv1D",0.1,98,"test",255,0.5114666223526,1
"Conv1D",0.1,98,"test",256,0.511584222316742,1
"Conv1D",0.1,98,"test",257,0.527097284793854,1
"Conv1D",0.1,98,"test",258,0.534985423088074,1
"Conv1D",0.1,98,"test",259,0.511563181877136,1
"Conv1D",0.1,98,"test",260,0.503951728343964,1
"Conv1D",0.1,98,"test",261,0.50776195526123,1
"Conv1D",0.1,98,"test",262,0.570465326309204,0
"Conv1D",0.1,98,"test",263,0.546705186367035,0
"Conv1D",0.1,98,"test",264,0.52944427728653,1
"Conv1D",0.1,98,"test",265,0.533375978469849,1
"Conv1D",0.1,98,"test",266,0.494694173336029,1
"Conv1D",0.1,98,"test",267,0.506380081176758,1
"Conv1D",0.1,98,"test",268,0.488770306110382,1
"Conv1D",0.1,98,"test",269,0.493529140949249,1
"Conv1D",0.1,98,"test",270,0.475696235895157,1
"Conv1D",0.1,98,"test",271,0.486548691987991,1
"Conv1D",0.1,98,"test",272,0.498754560947418,1
"Conv1D",0.1,98,"test",273,0.491326034069061,1
"Conv1D",0.1,98,"test",274,0.42156320810318,1
"Conv1D",0.1,98,"test",275,0.445308268070221,1
"Conv1D",0.1,98,"test",276,0.498420059680939,1
"Conv1D",0.1,98,"test",277,0.498024582862854,1
"Conv1D",0.1,98,"test",278,0.522264122962952,0
"Conv1D",0.1,98,"test",279,0.519388496875763,0
"Conv1D",0.1,98,"test",280,0.5114666223526,0
"Conv1D",0.1,98,"test",281,0.522785127162933,0
"Conv1D",0.1,98,"test",282,0.527097284793854,0
"Conv1D",0.1,98,"test",283,0.515154361724854,0
"Conv1D",0.1,98,"test",284,0.511563181877136,0
"Conv1D",0.1,98,"test",285,0.522615313529968,0
"Conv1D",0.1,98,"test",286,0.50776195526123,0
"Conv1D",0.1,98,"test",287,0.527370154857635,0
"Conv1D",0.1,98,"test",288,0.546705186367035,0
"Conv1D",0.1,98,"test",289,0.557759582996368,0
"Conv1D",0.1,98,"test",290,0.533375978469849,0
"Conv1D",0.1,98,"test",291,0.508781135082245,0
"Conv1D",0.1,98,"test",292,0.506380081176758,1
"Conv1D",0.1,98,"test",293,0.521155893802643,1
"Conv1D",0.1,98,"test",294,0.493529140949249,1
"Conv1D",0.1,98,"test",295,0.509813725948334,0
"Conv1D",0.1,98,"test",296,0.486548691987991,0
"Conv1D",0.1,98,"test",297,0.493615746498108,1
"Conv1D",0.1,98,"test",298,0.491326034069061,0
"Conv1D",0.1,98,"test",299,0.496441870927811,0
"Conv1D",0.1,98,"test",300,0.445308268070221,1
"Conv1D",0.1,98,"test",301,0.429610460996628,1
"Conv1D",0.1,98,"test",302,0.498024582862854,1
"Conv1D",0.1,98,"test",303,0.501527667045593,0
"Conv1D",0.1,98,"test",304,0.519388496875763,1
"Conv1D",0.1,98,"test",305,0.52711021900177,0
"Conv1D",0.1,41,"test",1,0.483145207166672,0
"Conv1D",0.1,41,"test",2,0.536620378494263,0
"Conv1D",0.1,41,"test",3,0.544571876525879,1
"Conv1D",0.1,41,"test",4,0.505969703197479,1
"Conv1D",0.1,41,"test",5,0.519487321376801,1
"Conv1D",0.1,41,"test",6,0.496381491422653,1
"Conv1D",0.1,41,"test",7,0.486048996448517,1
"Conv1D",0.1,41,"test",8,0.500764489173889,1
"Conv1D",0.1,41,"test",9,0.490688681602478,1
"Conv1D",0.1,41,"test",10,0.48048460483551,1
"Conv1D",0.1,41,"test",11,0.480756670236588,1
"Conv1D",0.1,41,"test",12,0.484464764595032,1
"Conv1D",0.1,41,"test",13,0.456593781709671,1
"Conv1D",0.1,41,"test",14,0.428911298513412,1
"Conv1D",0.1,41,"test",15,0.433556526899338,1
"Conv1D",0.1,41,"test",16,0.451298892498016,1
"Conv1D",0.1,41,"test",17,0.455365210771561,0
"Conv1D",0.1,41,"test",18,0.511680364608765,0
"Conv1D",0.1,41,"test",19,0.512998521327972,0
"Conv1D",0.1,41,"test",20,0.525761365890503,1
"Conv1D",0.1,41,"test",21,0.53371798992157,1
"Conv1D",0.1,41,"test",22,0.517307817935944,1
"Conv1D",0.1,41,"test",23,0.513821423053741,0
"Conv1D",0.1,41,"test",24,0.496712148189545,0
"Conv1D",0.1,41,"test",25,0.512304782867432,0
"Conv1D",0.1,41,"test",26,0.483145207166672,1
"Conv1D",0.1,41,"test",27,0.501422345638275,1
"Conv1D",0.1,41,"test",28,0.544571876525879,1
"Conv1D",0.1,41,"test",29,0.550640165805817,0
"Conv1D",0.1,41,"test",30,0.519487321376801,0
"Conv1D",0.1,41,"test",31,0.527627229690552,0
"Conv1D",0.1,41,"test",32,0.486048996448517,0
"Conv1D",0.1,41,"test",33,0.468609660863876,0
"Conv1D",0.1,41,"test",34,0.490688681602478,1
"Conv1D",0.1,41,"test",35,0.493024051189423,1
"Conv1D",0.1,41,"test",36,0.480756670236588,1
"Conv1D",0.1,41,"test",37,0.480016589164734,1
"Conv1D",0.1,41,"test",38,0.456593781709671,1
"Conv1D",0.1,41,"test",39,0.459031254053116,1
"Conv1D",0.1,41,"test",40,0.433556526899338,1
"Conv1D",0.1,41,"test",41,0.431794941425323,1
"Conv1D",0.1,41,"test",42,0.455365210771561,0
"Conv1D",0.1,41,"test",43,0.47103276848793,0
"Conv1D",0.1,41,"test",44,0.512998521327972,1
"Conv1D",0.1,41,"test",45,0.511904299259186,1
"Conv1D",0.1,41,"test",46,0.53371798992157,1
"Conv1D",0.1,41,"test",47,0.522197127342224,0
"Conv1D",0.1,41,"test",48,0.513821423053741,0
"Conv1D",0.1,41,"test",49,0.518632113933563,0
"Conv1D",0.1,41,"test",50,0.512304782867432,0
"Conv1D",0.1,41,"test",51,0.495285272598267,1
"Conv1D",0.1,41,"test",52,0.501422345638275,1
"Conv1D",0.1,41,"test",53,0.498436868190765,1
"Conv1D",0.1,41,"test",54,0.550640165805817,1
"Conv1D",0.1,41,"test",55,0.543979644775391,0
"Conv1D",0.1,41,"test",56,0.527627229690552,0
"Conv1D",0.1,41,"test",57,0.571864783763885,0
"Conv1D",0.1,41,"test",58,0.468609660863876,0
"Conv1D",0.1,41,"test",59,0.461195558309555,1
"Conv1D",0.1,41,"test",60,0.493024051189423,1
"Conv1D",0.1,41,"test",61,0.482489466667175,1
"Conv1D",0.1,41,"test",62,0.480016589164734,0
"Conv1D",0.1,41,"test",63,0.480736821889877,1
"Conv1D",0.1,41,"test",64,0.459031254053116,1
"Conv1D",0.1,41,"test",65,0.467835187911987,1
"Conv1D",0.1,41,"test",66,0.431794941425323,1
"Conv1D",0.1,41,"test",67,0.421505749225616,1
"Conv1D",0.1,41,"test",68,0.47103276848793,0
"Conv1D",0.1,41,"test",69,0.46879917383194,0
"Conv1D",0.1,41,"test",70,0.511904299259186,0
"Conv1D",0.1,41,"test",71,0.503707408905029,1
"Conv1D",0.1,41,"test",72,0.522197127342224,1
"Conv1D",0.1,41,"test",73,0.517291247844696,0
"Conv1D",0.1,41,"test",74,0.518632113933563,0
"Conv1D",0.1,41,"test",75,0.520039618015289,0
"Conv1D",0.1,41,"test",76,0.495285272598267,0
"Conv1D",0.1,41,"test",77,0.50083315372467,0
"Conv1D",0.1,41,"test",78,0.498436868190765,1
"Conv1D",0.1,41,"test",79,0.514395415782928,0
"Conv1D",0.1,41,"test",80,0.543979644775391,0
"Conv1D",0.1,41,"test",81,0.559144675731659,1
"Conv1D",0.1,41,"test",82,0.571864783763885,1
"Conv1D",0.1,41,"test",83,0.532424211502075,1
"Conv1D",0.1,41,"test",84,0.461195558309555,1
"Conv1D",0.1,41,"test",85,0.467916160821915,0
"Conv1D",0.1,41,"test",86,0.482489466667175,0
"Conv1D",0.1,41,"test",87,0.488376289606094,0
"Conv1D",0.1,41,"test",88,0.480736821889877,0
"Conv1D",0.1,41,"test",89,0.471831053495407,0
"Conv1D",0.1,41,"test",90,0.467835187911987,0
"Conv1D",0.1,41,"test",91,0.462687313556671,1
"Conv1D",0.1,41,"test",92,0.421505749225616,0
"Conv1D",0.1,41,"test",93,0.420256048440933,0
"Conv1D",0.1,41,"test",94,0.46879917383194,0
"Conv1D",0.1,41,"test",95,0.466747313737869,0
"Conv1D",0.1,41,"test",96,0.503707408905029,0
"Conv1D",0.1,41,"test",97,0.50472092628479,1
"Conv1D",0.1,41,"test",98,0.517291247844696,1
"Conv1D",0.1,41,"test",99,0.521535754203796,1
"Conv1D",0.1,41,"test",100,0.520039618015289,1
"Conv1D",0.1,41,"test",101,0.518111228942871,1
"Conv1D",0.1,41,"test",102,0.50083315372467,0
"Conv1D",0.1,41,"test",103,0.491212874650955,0
"Conv1D",0.1,41,"test",104,0.514395415782928,0
"Conv1D",0.1,41,"test",105,0.531336426734924,0
"Conv1D",0.1,41,"test",106,0.559144675731659,0
"Conv1D",0.1,41,"test",107,0.529942214488983,0
"Conv1D",0.1,41,"test",108,0.532424211502075,0
"Conv1D",0.1,41,"test",109,0.539741396903992,0
"Conv1D",0.1,41,"test",110,0.467916160821915,1
"Conv1D",0.1,41,"test",111,0.427573949098587,1
"Conv1D",0.1,41,"test",112,0.488376289606094,1
"Conv1D",0.1,41,"test",113,0.492773592472076,0
"Conv1D",0.1,41,"test",114,0.471831053495407,1
"Conv1D",0.1,41,"test",115,0.483786135911942,1
"Conv1D",0.1,41,"test",116,0.462687313556671,1
"Conv1D",0.1,41,"test",117,0.473429143428802,1
"Conv1D",0.1,41,"test",118,0.420256048440933,1
"Conv1D",0.1,41,"test",119,0.433920592069626,0
"Conv1D",0.1,41,"test",120,0.466747313737869,0
"Conv1D",0.1,41,"test",121,0.442792564630508,0
"Conv1D",0.1,41,"test",122,0.50472092628479,1
"Conv1D",0.1,41,"test",123,0.503970980644226,1
"Conv1D",0.1,41,"test",124,0.521535754203796,1
"Conv1D",0.1,41,"test",125,0.518046617507935,0
"Conv1D",0.1,41,"test",126,0.518111228942871,0
"Conv1D",0.1,41,"test",127,0.520669758319855,0
"Conv1D",0.1,41,"test",128,0.491212874650955,1
"Conv1D",0.1,41,"test",129,0.488093167543411,1
"Conv1D",0.1,41,"test",130,0.531336426734924,1
"Conv1D",0.1,41,"test",131,0.545383810997009,1
"Conv1D",0.1,41,"test",132,0.529942214488983,0
"Conv1D",0.1,41,"test",133,0.629714131355286,0
"Conv1D",0.1,41,"test",134,0.539741396903992,0
"Conv1D",0.1,41,"test",135,0.527194797992706,0
"Conv1D",0.1,41,"test",136,0.427573949098587,0
"Conv1D",0.1,41,"test",137,0.469491571187973,1
"Conv1D",0.1,41,"test",138,0.492773592472076,1
"Conv1D",0.1,41,"test",139,0.493197917938232,1
"Conv1D",0.1,41,"test",140,0.483786135911942,1
"Conv1D",0.1,41,"test",141,0.483553320169449,1
"Conv1D",0.1,41,"test",142,0.473429143428802,1
"Conv1D",0.1,41,"test",143,0.478438228368759,1
"Conv1D",0.1,41,"test",144,0.433920592069626,1
"Conv1D",0.1,41,"test",145,0.429987221956253,1
"Conv1D",0.1,41,"test",146,0.442792564630508,1
"Conv1D",0.1,41,"test",147,0.43956384062767,1
"Conv1D",0.1,41,"test",148,0.503970980644226,1
"Conv1D",0.1,41,"test",149,0.514473736286163,1
"Conv1D",0.1,41,"test",150,0.518046617507935,1
"Conv1D",0.1,41,"test",151,0.518154799938202,1
"Conv1D",0.1,41,"test",152,0.520669758319855,0
"Conv1D",0.1,41,"test",153,0.53714507818222,0
"Conv1D",0.1,41,"test",154,0.488093167543411,1
"Conv1D",0.1,41,"test",155,0.480338603258133,1
"Conv1D",0.1,41,"test",156,0.545383810997009,1
"Conv1D",0.1,41,"test",157,0.522815525531769,0
"Conv1D",0.1,41,"test",158,0.629714131355286,0
"Conv1D",0.1,41,"test",159,0.571242272853851,0
"Conv1D",0.1,41,"test",160,0.527194797992706,0
"Conv1D",0.1,41,"test",161,0.524450719356537,0
"Conv1D",0.1,41,"test",162,0.469491571187973,0
"Conv1D",0.1,41,"test",163,0.487853676080704,0
"Conv1D",0.1,41,"test",164,0.493197917938232,0
"Conv1D",0.1,41,"test",165,0.494162321090698,1
"Conv1D",0.1,41,"test",166,0.483553320169449,1
"Conv1D",0.1,41,"test",167,0.482076436281204,0
"Conv1D",0.1,41,"test",168,0.478438228368759,1
"Conv1D",0.1,41,"test",169,0.470770120620728,1
"Conv1D",0.1,41,"test",170,0.429987221956253,1
"Conv1D",0.1,41,"test",171,0.434394776821136,0
"Conv1D",0.1,41,"test",172,0.43956384062767,0
"Conv1D",0.1,41,"test",173,0.435329109430313,1
"Conv1D",0.1,41,"test",174,0.514473736286163,1
"Conv1D",0.1,41,"test",175,0.509620904922485,1
"Conv1D",0.1,41,"test",176,0.518154799938202,1
"Conv1D",0.1,41,"test",177,0.51636004447937,0
"Conv1D",0.1,41,"test",178,0.53714507818222,0
"Conv1D",0.1,41,"test",179,0.52324652671814,0
"Conv1D",0.1,41,"test",180,0.480338603258133,0
"Conv1D",0.1,41,"test",181,0.505358040332794,0
"Conv1D",0.1,41,"test",182,0.522815525531769,0
"Conv1D",0.1,41,"test",183,0.518358170986176,0
"Conv1D",0.1,41,"test",184,0.571242272853851,0
"Conv1D",0.1,41,"test",185,0.552673697471619,0
"Conv1D",0.1,41,"test",186,0.524450719356537,1
"Conv1D",0.1,41,"test",187,0.517615020275116,0
"Conv1D",0.1,41,"test",188,0.487853676080704,0
"Conv1D",0.1,41,"test",189,0.486830830574036,0
"Conv1D",0.1,41,"test",190,0.494162321090698,0
"Conv1D",0.1,41,"test",191,0.466243386268616,0
"Conv1D",0.1,41,"test",192,0.482076436281204,0
"Conv1D",0.1,41,"test",193,0.473684638738632,0
"Conv1D",0.1,41,"test",194,0.470770120620728,0
"Conv1D",0.1,41,"test",195,0.485938012599945,0
"Conv1D",0.1,41,"test",196,0.434394776821136,0
"Conv1D",0.1,41,"test",197,0.440076917409897,1
"Conv1D",0.1,41,"test",198,0.435329109430313,1
"Conv1D",0.1,41,"test",199,0.441870182752609,1
"Conv1D",0.1,41,"test",200,0.509620904922485,0
"Conv1D",0.1,41,"test",201,0.508745968341827,0
"Conv1D",0.1,41,"test",202,0.51636004447937,1
"Conv1D",0.1,41,"test",203,0.532676875591278,0
"Conv1D",0.1,41,"test",204,0.52324652671814,0
"Conv1D",0.1,41,"test",205,0.516668915748596,0
"Conv1D",0.1,41,"test",206,0.505358040332794,1
"Conv1D",0.1,41,"test",207,0.497180610895157,0
"Conv1D",0.1,41,"test",208,0.518358170986176,0
"Conv1D",0.1,41,"test",209,0.502899527549744,0
"Conv1D",0.1,41,"test",210,0.552673697471619,0
"Conv1D",0.1,41,"test",211,0.553405702114105,0
"Conv1D",0.1,41,"test",212,0.517615020275116,1
"Conv1D",0.1,41,"test",213,0.549737095832825,0
"Conv1D",0.1,41,"test",214,0.486830830574036,1
"Conv1D",0.1,41,"test",215,0.441491633653641,1
"Conv1D",0.1,41,"test",216,0.466243386268616,1
"Conv1D",0.1,41,"test",217,0.455273568630219,0
"Conv1D",0.1,41,"test",218,0.473684638738632,0
"Conv1D",0.1,41,"test",219,0.471122264862061,1
"Conv1D",0.1,41,"test",220,0.485938012599945,1
"Conv1D",0.1,41,"test",221,0.472812980413437,0
"Conv1D",0.1,41,"test",222,0.440076917409897,1
"Conv1D",0.1,41,"test",223,0.429645001888275,1
"Conv1D",0.1,41,"test",224,0.441870182752609,1
"Conv1D",0.1,41,"test",225,0.45551472902298,0
"Conv1D",0.1,41,"test",226,0.508745968341827,0
"Conv1D",0.1,41,"test",227,0.507517099380493,0
"Conv1D",0.1,41,"test",228,0.532676875591278,1
"Conv1D",0.1,41,"test",229,0.517331600189209,1
"Conv1D",0.1,41,"test",230,0.516668915748596,0
"Conv1D",0.1,41,"test",231,0.511093497276306,1
"Conv1D",0.1,41,"test",232,0.497180610895157,1
"Conv1D",0.1,41,"test",233,0.510602951049805,1
"Conv1D",0.1,41,"test",234,0.502899527549744,1
"Conv1D",0.1,41,"test",235,0.504439473152161,1
"Conv1D",0.1,41,"test",236,0.553405702114105,1
"Conv1D",0.1,41,"test",237,0.567499399185181,0
"Conv1D",0.1,41,"test",238,0.549737095832825,0
"Conv1D",0.1,41,"test",239,0.527117073535919,0
"Conv1D",0.1,41,"test",240,0.441491633653641,0
"Conv1D",0.1,41,"test",241,0.416384547948837,0
"Conv1D",0.1,41,"test",242,0.455273568630219,0
"Conv1D",0.1,41,"test",243,0.478982239961624,0
"Conv1D",0.1,41,"test",244,0.471122264862061,1
"Conv1D",0.1,41,"test",245,0.466723471879959,1
"Conv1D",0.1,41,"test",246,0.472812980413437,1
"Conv1D",0.1,41,"test",247,0.49056950211525,1
"Conv1D",0.1,41,"test",248,0.429645001888275,1
"Conv1D",0.1,41,"test",249,0.403545707464218,1
"Conv1D",0.1,41,"test",250,0.45551472902298,1
"Conv1D",0.1,41,"test",251,0.454910814762115,1
"Conv1D",0.1,41,"test",252,0.507517099380493,0
"Conv1D",0.1,41,"test",253,0.511758327484131,0
"Conv1D",0.1,41,"test",254,0.517331600189209,0
"Conv1D",0.1,41,"test",255,0.514462888240814,1
"Conv1D",0.1,41,"test",256,0.511093497276306,1
"Conv1D",0.1,41,"test",257,0.522454082965851,1
"Conv1D",0.1,41,"test",258,0.510602951049805,1
"Conv1D",0.1,41,"test",259,0.502813100814819,1
"Conv1D",0.1,41,"test",260,0.504439473152161,1
"Conv1D",0.1,41,"test",261,0.49942022562027,1
"Conv1D",0.1,41,"test",262,0.567499399185181,0
"Conv1D",0.1,41,"test",263,0.545155167579651,0
"Conv1D",0.1,41,"test",264,0.527117073535919,1
"Conv1D",0.1,41,"test",265,0.534952700138092,1
"Conv1D",0.1,41,"test",266,0.416384547948837,1
"Conv1D",0.1,41,"test",267,0.473404884338379,1
"Conv1D",0.1,41,"test",268,0.478982239961624,1
"Conv1D",0.1,41,"test",269,0.48552480340004,1
"Conv1D",0.1,41,"test",270,0.466723471879959,1
"Conv1D",0.1,41,"test",271,0.483027309179306,1
"Conv1D",0.1,41,"test",272,0.49056950211525,1
"Conv1D",0.1,41,"test",273,0.484387964010239,1
"Conv1D",0.1,41,"test",274,0.403545707464218,1
"Conv1D",0.1,41,"test",275,0.429566144943237,1
"Conv1D",0.1,41,"test",276,0.454910814762115,1
"Conv1D",0.1,41,"test",277,0.426949709653854,1
"Conv1D",0.1,41,"test",278,0.511758327484131,0
"Conv1D",0.1,41,"test",279,0.506300687789917,0
"Conv1D",0.1,41,"test",280,0.514462888240814,0
"Conv1D",0.1,41,"test",281,0.521951973438263,0
"Conv1D",0.1,41,"test",282,0.522454082965851,0
"Conv1D",0.1,41,"test",283,0.513857841491699,0
"Conv1D",0.1,41,"test",284,0.502813100814819,0
"Conv1D",0.1,41,"test",285,0.501306772232056,0
"Conv1D",0.1,41,"test",286,0.49942022562027,0
"Conv1D",0.1,41,"test",287,0.531181454658508,0
"Conv1D",0.1,41,"test",288,0.545155167579651,0
"Conv1D",0.1,41,"test",289,0.556926250457764,0
"Conv1D",0.1,41,"test",290,0.534952700138092,0
"Conv1D",0.1,41,"test",291,0.514477550983429,0
"Conv1D",0.1,41,"test",292,0.473404884338379,1
"Conv1D",0.1,41,"test",293,0.500374674797058,1
"Conv1D",0.1,41,"test",294,0.48552480340004,1
"Conv1D",0.1,41,"test",295,0.489364683628082,0
"Conv1D",0.1,41,"test",296,0.483027309179306,0
"Conv1D",0.1,41,"test",297,0.482689946889877,1
"Conv1D",0.1,41,"test",298,0.484387964010239,0
"Conv1D",0.1,41,"test",299,0.485284507274628,0
"Conv1D",0.1,41,"test",300,0.429566144943237,1
"Conv1D",0.1,41,"test",301,0.387643277645111,1
"Conv1D",0.1,41,"test",302,0.426949709653854,1
"Conv1D",0.1,41,"test",303,0.448741227388382,0
"Conv1D",0.1,41,"test",304,0.506300687789917,1
"Conv1D",0.1,41,"test",305,0.515688478946686,0
"Conv1D",0.1,64,"test",1,0.498743504285812,0
"Conv1D",0.1,64,"test",2,0.547823965549469,0
"Conv1D",0.1,64,"test",3,0.554539918899536,1
"Conv1D",0.1,64,"test",4,0.502444386482239,1
"Conv1D",0.1,64,"test",5,0.513556897640228,1
"Conv1D",0.1,64,"test",6,0.488287508487701,1
"Conv1D",0.1,64,"test",7,0.48532235622406,1
"Conv1D",0.1,64,"test",8,0.502818882465363,1
"Conv1D",0.1,64,"test",9,0.498843789100647,1
"Conv1D",0.1,64,"test",10,0.493182003498077,1
"Conv1D",0.1,64,"test",11,0.50091940164566,1
"Conv1D",0.1,64,"test",12,0.486174166202545,1
"Conv1D",0.1,64,"test",13,0.488372623920441,1
"Conv1D",0.1,64,"test",14,0.489379316568375,1
"Conv1D",0.1,64,"test",15,0.493809759616852,1
"Conv1D",0.1,64,"test",16,0.475202560424805,1
"Conv1D",0.1,64,"test",17,0.467815697193146,0
"Conv1D",0.1,64,"test",18,0.514635145664215,0
"Conv1D",0.1,64,"test",19,0.512326300144196,0
"Conv1D",0.1,64,"test",20,0.572096884250641,1
"Conv1D",0.1,64,"test",21,0.581723034381866,1
"Conv1D",0.1,64,"test",22,0.51619827747345,1
"Conv1D",0.1,64,"test",23,0.512577772140503,0
"Conv1D",0.1,64,"test",24,0.496987819671631,0
"Conv1D",0.1,64,"test",25,0.501492261886597,0
"Conv1D",0.1,64,"test",26,0.498743504285812,1
"Conv1D",0.1,64,"test",27,0.532267391681671,1
"Conv1D",0.1,64,"test",28,0.554539918899536,1
"Conv1D",0.1,64,"test",29,0.554382383823395,0
"Conv1D",0.1,64,"test",30,0.513556897640228,0
"Conv1D",0.1,64,"test",31,0.520409464836121,0
"Conv1D",0.1,64,"test",32,0.48532235622406,0
"Conv1D",0.1,64,"test",33,0.475849688053131,0
"Conv1D",0.1,64,"test",34,0.498843789100647,1
"Conv1D",0.1,64,"test",35,0.512490093708038,1
"Conv1D",0.1,64,"test",36,0.50091940164566,1
"Conv1D",0.1,64,"test",37,0.502950727939606,1
"Conv1D",0.1,64,"test",38,0.488372623920441,1
"Conv1D",0.1,64,"test",39,0.485165804624557,1
"Conv1D",0.1,64,"test",40,0.493809759616852,1
"Conv1D",0.1,64,"test",41,0.488552123308182,1
"Conv1D",0.1,64,"test",42,0.467815697193146,0
"Conv1D",0.1,64,"test",43,0.475936681032181,0
"Conv1D",0.1,64,"test",44,0.512326300144196,1
"Conv1D",0.1,64,"test",45,0.514618992805481,1
"Conv1D",0.1,64,"test",46,0.581723034381866,1
"Conv1D",0.1,64,"test",47,0.55424690246582,0
"Conv1D",0.1,64,"test",48,0.512577772140503,0
"Conv1D",0.1,64,"test",49,0.522930085659027,0
"Conv1D",0.1,64,"test",50,0.501492261886597,0
"Conv1D",0.1,64,"test",51,0.492249041795731,1
"Conv1D",0.1,64,"test",52,0.532267391681671,1
"Conv1D",0.1,64,"test",53,0.524272441864014,1
"Conv1D",0.1,64,"test",54,0.554382383823395,1
"Conv1D",0.1,64,"test",55,0.545915186405182,0
"Conv1D",0.1,64,"test",56,0.520409464836121,0
"Conv1D",0.1,64,"test",57,0.543125808238983,0
"Conv1D",0.1,64,"test",58,0.475849688053131,0
"Conv1D",0.1,64,"test",59,0.468333899974823,1
"Conv1D",0.1,64,"test",60,0.512490093708038,1
"Conv1D",0.1,64,"test",61,0.486499339342117,1
"Conv1D",0.1,64,"test",62,0.502950727939606,0
"Conv1D",0.1,64,"test",63,0.495836317539215,1
"Conv1D",0.1,64,"test",64,0.485165804624557,1
"Conv1D",0.1,64,"test",65,0.484816998243332,1
"Conv1D",0.1,64,"test",66,0.488552123308182,1
"Conv1D",0.1,64,"test",67,0.491304874420166,1
"Conv1D",0.1,64,"test",68,0.475936681032181,0
"Conv1D",0.1,64,"test",69,0.480413258075714,0
"Conv1D",0.1,64,"test",70,0.514618992805481,0
"Conv1D",0.1,64,"test",71,0.534858286380768,1
"Conv1D",0.1,64,"test",72,0.55424690246582,1
"Conv1D",0.1,64,"test",73,0.545230686664581,0
"Conv1D",0.1,64,"test",74,0.522930085659027,0
"Conv1D",0.1,64,"test",75,0.52024519443512,0
"Conv1D",0.1,64,"test",76,0.492249041795731,0
"Conv1D",0.1,64,"test",77,0.492821037769318,0
"Conv1D",0.1,64,"test",78,0.524272441864014,1
"Conv1D",0.1,64,"test",79,0.543529152870178,0
"Conv1D",0.1,64,"test",80,0.545915186405182,0
"Conv1D",0.1,64,"test",81,0.552407741546631,1
"Conv1D",0.1,64,"test",82,0.543125808238983,1
"Conv1D",0.1,64,"test",83,0.523828208446503,1
"Conv1D",0.1,64,"test",84,0.468333899974823,1
"Conv1D",0.1,64,"test",85,0.475198805332184,0
"Conv1D",0.1,64,"test",86,0.486499339342117,0
"Conv1D",0.1,64,"test",87,0.497445464134216,0
"Conv1D",0.1,64,"test",88,0.495836317539215,0
"Conv1D",0.1,64,"test",89,0.478572070598602,0
"Conv1D",0.1,64,"test",90,0.484816998243332,0
"Conv1D",0.1,64,"test",91,0.490975201129913,1
"Conv1D",0.1,64,"test",92,0.491304874420166,0
"Conv1D",0.1,64,"test",93,0.490927398204803,0
"Conv1D",0.1,64,"test",94,0.480413258075714,0
"Conv1D",0.1,64,"test",95,0.474921554327011,0
"Conv1D",0.1,64,"test",96,0.534858286380768,0
"Conv1D",0.1,64,"test",97,0.5262331366539,1
"Conv1D",0.1,64,"test",98,0.545230686664581,1
"Conv1D",0.1,64,"test",99,0.554096758365631,1
"Conv1D",0.1,64,"test",100,0.52024519443512,1
"Conv1D",0.1,64,"test",101,0.519401133060455,1
"Conv1D",0.1,64,"test",102,0.492821037769318,0
"Conv1D",0.1,64,"test",103,0.491585731506348,0
"Conv1D",0.1,64,"test",104,0.543529152870178,0
"Conv1D",0.1,64,"test",105,0.569164633750916,0
"Conv1D",0.1,64,"test",106,0.552407741546631,0
"Conv1D",0.1,64,"test",107,0.537862479686737,0
"Conv1D",0.1,64,"test",108,0.523828208446503,0
"Conv1D",0.1,64,"test",109,0.52797394990921,0
"Conv1D",0.1,64,"test",110,0.475198805332184,1
"Conv1D",0.1,64,"test",111,0.438809841871262,1
"Conv1D",0.1,64,"test",112,0.497445464134216,1
"Conv1D",0.1,64,"test",113,0.500128626823425,0
"Conv1D",0.1,64,"test",114,0.478572070598602,1
"Conv1D",0.1,64,"test",115,0.483095914125443,1
"Conv1D",0.1,64,"test",116,0.490975201129913,1
"Conv1D",0.1,64,"test",117,0.490410625934601,1
"Conv1D",0.1,64,"test",118,0.490927398204803,1
"Conv1D",0.1,64,"test",119,0.484990686178207,0
"Conv1D",0.1,64,"test",120,0.474921554327011,0
"Conv1D",0.1,64,"test",121,0.465261965990067,0
"Conv1D",0.1,64,"test",122,0.5262331366539,1
"Conv1D",0.1,64,"test",123,0.527521014213562,1
"Conv1D",0.1,64,"test",124,0.554096758365631,1
"Conv1D",0.1,64,"test",125,0.542465150356293,0
"Conv1D",0.1,64,"test",126,0.519401133060455,0
"Conv1D",0.1,64,"test",127,0.527146279811859,0
"Conv1D",0.1,64,"test",128,0.491585731506348,1
"Conv1D",0.1,64,"test",129,0.490046292543411,1
"Conv1D",0.1,64,"test",130,0.569164633750916,1
"Conv1D",0.1,64,"test",131,0.590918183326721,1
"Conv1D",0.1,64,"test",132,0.537862479686737,0
"Conv1D",0.1,64,"test",133,0.580663084983826,0
"Conv1D",0.1,64,"test",134,0.52797394990921,0
"Conv1D",0.1,64,"test",135,0.52009642124176,0
"Conv1D",0.1,64,"test",136,0.438809841871262,0
"Conv1D",0.1,64,"test",137,0.474540680646896,1
"Conv1D",0.1,64,"test",138,0.500128626823425,1
"Conv1D",0.1,64,"test",139,0.497978746891022,1
"Conv1D",0.1,64,"test",140,0.483095914125443,1
"Conv1D",0.1,64,"test",141,0.479443520307541,1
"Conv1D",0.1,64,"test",142,0.490410625934601,1
"Conv1D",0.1,64,"test",143,0.501296401023865,1
"Conv1D",0.1,64,"test",144,0.484990686178207,1
"Conv1D",0.1,64,"test",145,0.482648074626923,1
"Conv1D",0.1,64,"test",146,0.465261965990067,1
"Conv1D",0.1,64,"test",147,0.459535032510757,1
"Conv1D",0.1,64,"test",148,0.527521014213562,1
"Conv1D",0.1,64,"test",149,0.507508993148804,1
"Conv1D",0.1,64,"test",150,0.542465150356293,1
"Conv1D",0.1,64,"test",151,0.549504578113556,1
"Conv1D",0.1,64,"test",152,0.527146279811859,0
"Conv1D",0.1,64,"test",153,0.538738250732422,0
"Conv1D",0.1,64,"test",154,0.490046292543411,1
"Conv1D",0.1,64,"test",155,0.493874788284302,1
"Conv1D",0.1,64,"test",156,0.590918183326721,1
"Conv1D",0.1,64,"test",157,0.556429624557495,0
"Conv1D",0.1,64,"test",158,0.580663084983826,0
"Conv1D",0.1,64,"test",159,0.558994233608246,0
"Conv1D",0.1,64,"test",160,0.52009642124176,0
"Conv1D",0.1,64,"test",161,0.51806765794754,0
"Conv1D",0.1,64,"test",162,0.474540680646896,0
"Conv1D",0.1,64,"test",163,0.491276502609253,0
"Conv1D",0.1,64,"test",164,0.497978746891022,0
"Conv1D",0.1,64,"test",165,0.504378318786621,1
"Conv1D",0.1,64,"test",166,0.479443520307541,1
"Conv1D",0.1,64,"test",167,0.489936232566833,0
"Conv1D",0.1,64,"test",168,0.501296401023865,1
"Conv1D",0.1,64,"test",169,0.500721454620361,1
"Conv1D",0.1,64,"test",170,0.482648074626923,1
"Conv1D",0.1,64,"test",171,0.483137905597687,0
"Conv1D",0.1,64,"test",172,0.459535032510757,0
"Conv1D",0.1,64,"test",173,0.463305056095123,1
"Conv1D",0.1,64,"test",174,0.507508993148804,1
"Conv1D",0.1,64,"test",175,0.519100844860077,1
"Conv1D",0.1,64,"test",176,0.549504578113556,1
"Conv1D",0.1,64,"test",177,0.553484857082367,0
"Conv1D",0.1,64,"test",178,0.538738250732422,0
"Conv1D",0.1,64,"test",179,0.531517565250397,0
"Conv1D",0.1,64,"test",180,0.493874788284302,0
"Conv1D",0.1,64,"test",181,0.489786416292191,0
"Conv1D",0.1,64,"test",182,0.556429624557495,0
"Conv1D",0.1,64,"test",183,0.548627316951752,0
"Conv1D",0.1,64,"test",184,0.558994233608246,0
"Conv1D",0.1,64,"test",185,0.546682953834534,0
"Conv1D",0.1,64,"test",186,0.51806765794754,1
"Conv1D",0.1,64,"test",187,0.512519061565399,0
"Conv1D",0.1,64,"test",188,0.491276502609253,0
"Conv1D",0.1,64,"test",189,0.49279123544693,0
"Conv1D",0.1,64,"test",190,0.504378318786621,0
"Conv1D",0.1,64,"test",191,0.466441988945007,0
"Conv1D",0.1,64,"test",192,0.489936232566833,0
"Conv1D",0.1,64,"test",193,0.466306954622269,0
"Conv1D",0.1,64,"test",194,0.500721454620361,0
"Conv1D",0.1,64,"test",195,0.490764081478119,0
"Conv1D",0.1,64,"test",196,0.483137905597687,0
"Conv1D",0.1,64,"test",197,0.48852601647377,1
"Conv1D",0.1,64,"test",198,0.463305056095123,1
"Conv1D",0.1,64,"test",199,0.465325444936752,1
"Conv1D",0.1,64,"test",200,0.519100844860077,0
"Conv1D",0.1,64,"test",201,0.519506514072418,0
"Conv1D",0.1,64,"test",202,0.553484857082367,1
"Conv1D",0.1,64,"test",203,0.563015758991241,0
"Conv1D",0.1,64,"test",204,0.531517565250397,0
"Conv1D",0.1,64,"test",205,0.518678963184357,0
"Conv1D",0.1,64,"test",206,0.489786416292191,1
"Conv1D",0.1,64,"test",207,0.494248777627945,0
"Conv1D",0.1,64,"test",208,0.548627316951752,0
"Conv1D",0.1,64,"test",209,0.53015798330307,0
"Conv1D",0.1,64,"test",210,0.546682953834534,0
"Conv1D",0.1,64,"test",211,0.547196269035339,0
"Conv1D",0.1,64,"test",212,0.512519061565399,1
"Conv1D",0.1,64,"test",213,0.533248841762543,0
"Conv1D",0.1,64,"test",214,0.49279123544693,1
"Conv1D",0.1,64,"test",215,0.45428478717804,1
"Conv1D",0.1,64,"test",216,0.466441988945007,1
"Conv1D",0.1,64,"test",217,0.461797922849655,0
"Conv1D",0.1,64,"test",218,0.466306954622269,0
"Conv1D",0.1,64,"test",219,0.463700830936432,1
"Conv1D",0.1,64,"test",220,0.490764081478119,1
"Conv1D",0.1,64,"test",221,0.501286804676056,0
"Conv1D",0.1,64,"test",222,0.48852601647377,1
"Conv1D",0.1,64,"test",223,0.483855426311493,1
"Conv1D",0.1,64,"test",224,0.465325444936752,1
"Conv1D",0.1,64,"test",225,0.469609320163727,0
"Conv1D",0.1,64,"test",226,0.519506514072418,0
"Conv1D",0.1,64,"test",227,0.522735834121704,0
"Conv1D",0.1,64,"test",228,0.563015758991241,1
"Conv1D",0.1,64,"test",229,0.55535227060318,1
"Conv1D",0.1,64,"test",230,0.518678963184357,0
"Conv1D",0.1,64,"test",231,0.519316077232361,1
"Conv1D",0.1,64,"test",232,0.494248777627945,1
"Conv1D",0.1,64,"test",233,0.510608196258545,1
"Conv1D",0.1,64,"test",234,0.53015798330307,1
"Conv1D",0.1,64,"test",235,0.531279563903809,1
"Conv1D",0.1,64,"test",236,0.547196269035339,1
"Conv1D",0.1,64,"test",237,0.55228853225708,0
"Conv1D",0.1,64,"test",238,0.533248841762543,0
"Conv1D",0.1,64,"test",239,0.519977331161499,0
"Conv1D",0.1,64,"test",240,0.45428478717804,0
"Conv1D",0.1,64,"test",241,0.436803638935089,0
"Conv1D",0.1,64,"test",242,0.461797922849655,0
"Conv1D",0.1,64,"test",243,0.489525586366653,0
"Conv1D",0.1,64,"test",244,0.463700830936432,1
"Conv1D",0.1,64,"test",245,0.468181282281876,1
"Conv1D",0.1,64,"test",246,0.501286804676056,1
"Conv1D",0.1,64,"test",247,0.496136128902435,1
"Conv1D",0.1,64,"test",248,0.483855426311493,1
"Conv1D",0.1,64,"test",249,0.493473619222641,1
"Conv1D",0.1,64,"test",250,0.469609320163727,1
"Conv1D",0.1,64,"test",251,0.463157087564468,1
"Conv1D",0.1,64,"test",252,0.522735834121704,0
"Conv1D",0.1,64,"test",253,0.508550524711609,0
"Conv1D",0.1,64,"test",254,0.55535227060318,0
"Conv1D",0.1,64,"test",255,0.544355988502502,1
"Conv1D",0.1,64,"test",256,0.519316077232361,1
"Conv1D",0.1,64,"test",257,0.525244474411011,1
"Conv1D",0.1,64,"test",258,0.510608196258545,1
"Conv1D",0.1,64,"test",259,0.49232941865921,1
"Conv1D",0.1,64,"test",260,0.531279563903809,1
"Conv1D",0.1,64,"test",261,0.528016328811646,1
"Conv1D",0.1,64,"test",262,0.55228853225708,0
"Conv1D",0.1,64,"test",263,0.53610634803772,0
"Conv1D",0.1,64,"test",264,0.519977331161499,1
"Conv1D",0.1,64,"test",265,0.525342047214508,1
"Conv1D",0.1,64,"test",266,0.436803638935089,1
"Conv1D",0.1,64,"test",267,0.485535949468613,1
"Conv1D",0.1,64,"test",268,0.489525586366653,1
"Conv1D",0.1,64,"test",269,0.494182229042053,1
"Conv1D",0.1,64,"test",270,0.468181282281876,1
"Conv1D",0.1,64,"test",271,0.481057167053223,1
"Conv1D",0.1,64,"test",272,0.496136128902435,1
"Conv1D",0.1,64,"test",273,0.490184664726257,1
"Conv1D",0.1,64,"test",274,0.493473619222641,1
"Conv1D",0.1,64,"test",275,0.484708875417709,1
"Conv1D",0.1,64,"test",276,0.463157087564468,1
"Conv1D",0.1,64,"test",277,0.447084963321686,1
"Conv1D",0.1,64,"test",278,0.508550524711609,0
"Conv1D",0.1,64,"test",279,0.479555785655975,0
"Conv1D",0.1,64,"test",280,0.544355988502502,0
"Conv1D",0.1,64,"test",281,0.55050802230835,0
"Conv1D",0.1,64,"test",282,0.525244474411011,0
"Conv1D",0.1,64,"test",283,0.516280591487885,0
"Conv1D",0.1,64,"test",284,0.49232941865921,0
"Conv1D",0.1,64,"test",285,0.505143880844116,0
"Conv1D",0.1,64,"test",286,0.528016328811646,0
"Conv1D",0.1,64,"test",287,0.569849491119385,0
"Conv1D",0.1,64,"test",288,0.53610634803772,0
"Conv1D",0.1,64,"test",289,0.549869537353516,0
"Conv1D",0.1,64,"test",290,0.525342047214508,0
"Conv1D",0.1,64,"test",291,0.510204911231995,0
"Conv1D",0.1,64,"test",292,0.485535949468613,1
"Conv1D",0.1,64,"test",293,0.502014517784119,1
"Conv1D",0.1,64,"test",294,0.494182229042053,1
"Conv1D",0.1,64,"test",295,0.506774425506592,0
"Conv1D",0.1,64,"test",296,0.481057167053223,0
"Conv1D",0.1,64,"test",297,0.486309945583344,1
"Conv1D",0.1,64,"test",298,0.490184664726257,0
"Conv1D",0.1,64,"test",299,0.493565171957016,0
"Conv1D",0.1,64,"test",300,0.484708875417709,1
"Conv1D",0.1,64,"test",301,0.47560515999794,1
"Conv1D",0.1,64,"test",302,0.447084963321686,1
"Conv1D",0.1,64,"test",303,0.453891932964325,0
"Conv1D",0.1,64,"test",304,0.479555785655975,1
"Conv1D",0.1,64,"test",305,0.498532980680466,0
