"lambda","seed","set","sample_id","yhat","y_true"
0,23,"val",1,0.477266758680344,0
0,23,"val",2,0.416307538747787,1
0,23,"val",3,0.417431443929672,0
0,23,"val",4,0.414508312940598,1
0,23,"val",5,0.426501452922821,1
0,23,"val",6,0.350570559501648,1
0,23,"val",7,0.320605725049973,1
0,23,"val",8,0.480644553899765,1
0,23,"val",9,0.473708510398865,1
0,23,"val",10,0.442035049200058,1
0,23,"val",11,0.418873995542526,1
0,23,"val",12,0.33210876584053,1
0,23,"val",13,0.411549210548401,1
0,23,"val",14,0.429620206356049,1
0,23,"val",15,0.465961933135986,1
0,23,"val",16,0.495875984430313,1
0,23,"val",17,0.416547060012817,1
0,23,"val",18,0.450236797332764,1
0,23,"val",19,0.499372720718384,1
0,23,"val",20,0.520481824874878,1
0,23,"val",21,0.553231835365295,1
0,23,"val",22,0.542476296424866,1
0,23,"val",23,0.443863034248352,0
0,23,"val",24,0.556667387485504,0
0,23,"val",25,0.436742722988129,1
0,23,"val",26,0.477266758680344,0
0,23,"val",27,0.489148706197739,0
0,23,"val",28,0.417431443929672,0
0,23,"val",29,0.374506205320358,1
0,23,"val",30,0.426501452922821,1
0,23,"val",31,0.418745219707489,0
0,23,"val",32,0.32060569524765,0
0,23,"val",33,0.341094821691513,0
0,23,"val",34,0.473708510398865,0
0,23,"val",35,0.448023229837418,0
0,23,"val",36,0.418873995542526,0
0,23,"val",37,0.446775764226913,1
0,23,"val",38,0.411549210548401,1
0,23,"val",39,0.414154797792435,1
0,23,"val",40,0.465961933135986,0
0,23,"val",41,0.450601726770401,0
0,23,"val",42,0.416547060012817,0
0,23,"val",43,0.436425685882568,0
0,23,"val",44,0.499372720718384,0
0,23,"val",45,0.413086533546448,0
0,23,"val",46,0.553231835365295,0
0,23,"val",47,0.534402370452881,1
0,23,"val",48,0.443863034248352,1
0,23,"val",49,0.533720910549164,1
0,23,"val",50,0.436742722988129,1
0,23,"val",51,0.507500112056732,1
0,23,"val",52,0.489148706197739,1
0,23,"val",53,0.533628225326538,1
0,23,"val",54,0.374506205320358,1
0,23,"val",55,0.403497248888016,1
0,23,"val",56,0.418745189905167,1
0,23,"val",57,0.408018171787262,1
0,23,"val",58,0.341094821691513,1
0,23,"val",59,0.309107333421707,1
0,23,"val",60,0.448023229837418,1
0,23,"val",61,0.43434077501297,0
0,23,"val",62,0.446775764226913,1
0,23,"val",63,0.467250466346741,0
0,23,"val",64,0.414154797792435,0
0,23,"val",65,0.391876429319382,1
0,23,"val",66,0.450601726770401,1
0,23,"val",67,0.45891261100769,1
0,23,"val",68,0.436425685882568,1
0,23,"val",69,0.458728641271591,1
0,23,"val",70,0.413086533546448,1
0,23,"val",71,0.477886974811554,1
0,23,"val",72,0.534402370452881,1
0,23,"val",73,0.513068616390228,1
0,23,"val",74,0.533720910549164,1
0,23,"val",75,0.578625738620758,1
0,23,"val",76,0.507500112056732,0
0,23,"val",77,0.48516920208931,1
0,23,"val",78,0.533628225326538,1
0,23,"val",79,0.485606849193573,0
0,23,"val",80,0.403497248888016,0
0,23,"val",81,0.414079010486603,0
0,23,"val",82,0.408018171787262,1
0,23,"val",83,0.416432529687881,0
0,23,"val",84,0.309107333421707,0
0,23,"val",85,0.303788095712662,0
0,23,"val",86,0.43434077501297,1
0,23,"val",87,0.401266366243362,1
0,23,"val",88,0.467250496149063,1
0,23,"val",89,0.497201949357986,0
0,23,"val",90,0.391876429319382,0
0,23,"val",91,0.351261645555496,0
0,23,"val",92,0.45891261100769,0
0,23,"val",93,0.475089251995087,0
0,23,"val",94,0.458728641271591,0
0,23,"val",95,0.409440487623215,0
0,23,"val",96,0.477887034416199,1
0,23,"val",97,0.43759086728096,1
0,23,"val",98,0.513068616390228,1
0,23,"val",99,0.531996726989746,1
0,23,"val",100,0.578625738620758,0
0,23,"val",101,0.58426034450531,0
0,23,"val",102,0.48516920208931,0
0,23,"val",103,0.403535842895508,0
0,23,"val",104,0.485606849193573,1
0,23,"val",105,0.467448621988297,1
0,23,"val",106,0.414079010486603,1
0,23,"val",107,0.412864536046982,1
0,23,"val",108,0.416432529687881,1
0,23,"val",109,0.404700338840485,0
0,23,"val",110,0.303788095712662,0
0,23,"val",111,0.335350453853607,1
0,23,"val",112,0.401266366243362,1
0,23,"val",113,0.442232608795166,1
0,23,"val",114,0.497201949357986,0
0,23,"val",115,0.45956963300705,1
0,23,"val",116,0.351261645555496,0
0,23,"val",117,0.428778260946274,1
0,23,"val",118,0.475089251995087,1
0,23,"val",119,0.430538803339005,1
0,23,"val",120,0.409440487623215,0
0,23,"val",121,0.494925320148468,0
0,23,"val",122,0.43759086728096,0
0,23,"val",123,0.46926936507225,1
0,23,"val",124,0.531996726989746,1
0,23,"val",125,0.500747799873352,1
0,23,"val",126,0.58426034450531,1
0,23,"val",127,0.615227162837982,1
0,23,"val",128,0.403535842895508,1
0,23,"val",129,0.261900246143341,1
0,23,"val",130,0.467448621988297,1
0,23,"val",131,0.482353061437607,0
0,23,"val",132,0.412864536046982,0
0,23,"val",133,0.415034562349319,1
0,23,"val",134,0.404700338840485,1
0,23,"val",135,0.423560947179794,0
0,23,"val",136,0.335350453853607,0
0,23,"val",137,0.324025183916092,0
0,23,"val",138,0.442232608795166,0
0,23,"val",139,0.39290189743042,0
0,23,"val",140,0.45956963300705,0
0,23,"val",141,0.408531665802002,1
0,23,"val",142,0.428778260946274,1
0,23,"val",143,0.40483757853508,1
0,23,"val",144,0.430538803339005,0
0,23,"val",145,0.437928855419159,0
0,23,"val",146,0.494925320148468,0
0,23,"val",147,0.484768331050873,0
0,23,"val",148,0.46926936507225,0
0,23,"val",149,0.589758634567261,0
0,23,"val",150,0.500747799873352,0
0,23,"val",151,0.495381385087967,0
0,23,"val",152,0.615227162837982,1
0,23,"val",153,0.457423031330109,0
0,23,"val",154,0.261900246143341,1
0,23,"val",155,0.295695692300797,0
0,23,"val",156,0.482353061437607,0
0,23,"val",157,0.467176735401154,0
0,23,"val",158,0.415034562349319,0
0,23,"val",159,0.421315044164658,1
0,23,"val",160,0.423560947179794,1
0,23,"val",161,0.410997867584229,1
0,23,"val",162,0.324025183916092,1
0,23,"val",163,0.309092402458191,1
0,23,"val",164,0.39290189743042,0
0,23,"val",165,0.432203203439713,0
0,23,"val",166,0.408531665802002,0
0,23,"val",167,0.381089985370636,0
0,23,"val",168,0.40483757853508,1
0,23,"val",169,0.415470987558365,0
0,23,"val",170,0.437928855419159,0
0,23,"val",171,0.43783512711525,0
0,23,"val",172,0.484768331050873,1
0,23,"val",173,0.476265221834183,1
0,23,"val",174,0.589758634567261,1
0,23,"val",175,0.522457361221313,0
0,23,"val",176,0.495381385087967,0
0,23,"val",177,0.448931336402893,1
0,23,"val",178,0.457423031330109,0
0,23,"val",179,0.501736581325531,1
0,23,"val",180,0.295695692300797,0
0,23,"val",181,0.296643137931824,1
0,23,"val",182,0.467176735401154,1
0,23,"val",183,0.428980469703674,1
0,23,"val",184,0.421315044164658,0
0,23,"val",185,0.419157981872559,0
0,23,"val",186,0.410997867584229,0
0,23,"val",187,0.376069694757462,0
0,23,"val",188,0.309092402458191,0
0,23,"val",189,0.307421296834946,0
0,23,"val",190,0.432203203439713,0
0,23,"val",191,0.464809834957123,1
0,23,"val",192,0.381089866161346,0
0,23,"val",193,0.375687181949615,0
0,23,"val",194,0.415470987558365,0
0,23,"val",195,0.364549696445465,1
0,23,"val",196,0.43783512711525,1
0,23,"val",197,0.445178836584091,1
0,23,"val",198,0.476265221834183,1
0,23,"val",199,0.438721776008606,0
0,23,"val",200,0.522457361221313,0
0,23,"val",201,0.4621462225914,0
0,23,"val",202,0.448931336402893,0
0,23,"val",203,0.475145488977432,1
0,23,"val",204,0.501736581325531,1
0,23,"val",205,0.534806787967682,1
0,23,"val",206,0.296643137931824,0
0,23,"val",207,0.49071592092514,0
0,23,"val",208,0.428980469703674,0
0,23,"val",209,0.486998587846756,1
0,23,"val",210,0.419157981872559,1
0,23,"val",211,0.414296358823776,1
0,23,"val",212,0.376069694757462,1
0,23,"val",213,0.394948810338974,1
0,23,"val",214,0.307421296834946,1
0,23,"val",215,0.304110556840897,0
0,23,"val",216,0.464809834957123,0
0,23,"val",217,0.44527930021286,0
0,23,"val",218,0.375687181949615,0
0,23,"val",219,0.429604202508926,0
0,23,"val",220,0.364549696445465,0
0,23,"val",221,0.386041253805161,1
0,23,"val",222,0.445178836584091,1
0,23,"val",223,0.462867587804794,1
0,23,"val",224,0.438721746206284,0
0,23,"val",225,0.488705694675446,1
0,23,"val",226,0.4621462225914,1
0,23,"val",227,0.446893095970154,1
0,23,"val",228,0.475145488977432,0
0,23,"val",229,0.446677625179291,0
0,23,"val",230,0.534806787967682,0
0,23,"val",231,0.585292279720306,0
0,23,"val",232,0.49071592092514,0
0,23,"val",233,0.304484307765961,0
0,23,"val",234,0.486998587846756,0
0,23,"val",235,0.53746771812439,0
0,23,"val",236,0.414296358823776,0
0,23,"val",237,0.413894712924957,0
0,23,"val",238,0.394948810338974,1
0,23,"val",239,0.401838749647141,0
0,23,"val",240,0.304110556840897,0
0,23,"val",241,0.309449404478073,0
0,23,"val",242,0.44527930021286,0
0,23,"val",243,0.425714641809464,1
0,23,"val",244,0.429604202508926,1
0,23,"val",245,0.413750618696213,1
0,23,"val",246,0.386041253805161,0
0,23,"val",247,0.353036910295486,1
0,23,"val",248,0.462867647409439,1
0,23,"val",249,0.462517559528351,0
0,23,"val",250,0.488705694675446,1
0,23,"val",251,0.477860957384109,1
0,23,"val",252,0.446893095970154,1
0,23,"val",253,0.466442674398422,1
0,23,"val",254,0.446677625179291,0
0,23,"val",255,0.441680580377579,0
0,23,"val",256,0.585292279720306,0
0,23,"val",257,0.563587665557861,0
0,23,"val",258,0.304484307765961,1
0,23,"val",259,0.435894399881363,1
0,23,"val",260,0.53746771812439,1
0,23,"val",261,0.476957976818085,1
0,23,"val",262,0.413894712924957,1
0,23,"val",263,0.412071913480759,0
0,23,"val",264,0.401838749647141,0
0,23,"val",265,0.401319473981857,1
0,23,"val",266,0.309449404478073,1
0,23,"val",267,0.310282200574875,0
0,23,"val",268,0.425714641809464,0
0,23,"val",269,0.412114828824997,0
0,23,"val",270,0.413750618696213,1
0,23,"val",271,0.38361006975174,1
0,23,"val",272,0.353036910295486,1
0,23,"val",273,0.427851438522339,1
0,23,"val",274,0.462517559528351,0
0,23,"val",275,0.474294364452362,0
0,23,"val",276,0.477860957384109,0
0,23,"val",277,0.498063445091248,0
0,23,"val",278,0.466442674398422,1
0,23,"val",279,0.476775884628296,1
0,23,"val",280,0.441680610179901,1
0,23,"val",281,0.476197123527527,1
0,23,"val",282,0.563587665557861,1
0,23,"val",283,0.511270344257355,1
0,23,"val",284,0.435894399881363,0
0,23,"val",285,0.474673271179199,0
0,23,"val",286,0.476957976818085,0
0,23,"val",287,0.513060450553894,0
0,23,"val",288,0.412071913480759,0
0,23,"val",289,0.409838914871216,0
0,23,"val",290,0.401319473981857,0
0,23,"val",291,0.372497916221619,0
0,23,"val",292,0.310282200574875,0
0,23,"val",293,0.320505738258362,0
0,23,"val",294,0.412114828824997,1
0,23,"val",295,0.40173614025116,1
0,23,"val",296,0.38361006975174,0
0,23,"val",297,0.474230408668518,0
0,23,"val",298,0.427851438522339,0
0,23,"val",299,0.459131300449371,1
0,23,"val",300,0.474294364452362,1
0,23,"val",301,0.456353455781937,1
0,23,"val",302,0.498063445091248,0
0,23,"val",303,0.46005043387413,0
0,23,"val",304,0.476775884628296,0
0,23,"test",1,0.338469743728638,0
0,23,"test",2,0.476197123527527,0
0,23,"test",3,0.495435893535614,1
0,23,"test",4,0.511270344257355,1
0,23,"test",5,0.527392148971558,1
0,23,"test",6,0.474673271179199,1
0,23,"test",7,0.445010036230087,1
0,23,"test",8,0.513060450553894,1
0,23,"test",9,0.453348368406296,1
0,23,"test",10,0.409838914871216,1
0,23,"test",11,0.409881830215454,1
0,23,"test",12,0.372497916221619,1
0,23,"test",13,0.409294843673706,1
0,23,"test",14,0.320505738258362,1
0,23,"test",15,0.309404343366623,1
0,23,"test",16,0.40173614025116,1
0,23,"test",17,0.433537930250168,0
0,23,"test",18,0.474230408668518,0
0,23,"test",19,0.49259215593338,0
0,23,"test",20,0.459131300449371,1
0,23,"test",21,0.484085083007812,1
0,23,"test",22,0.456353455781937,1
0,23,"test",23,0.45088517665863,0
0,23,"test",24,0.46005043387413,0
0,23,"test",25,0.507528424263,0
0,23,"test",26,0.338469743728638,1
0,23,"test",27,0.471162647008896,1
0,23,"test",28,0.495435893535614,1
0,23,"test",29,0.494066059589386,0
0,23,"test",30,0.527392148971558,0
0,23,"test",31,0.565370380878448,0
0,23,"test",32,0.445010036230087,0
0,23,"test",33,0.389881640672684,0
0,23,"test",34,0.453348368406296,1
0,23,"test",35,0.465540736913681,1
0,23,"test",36,0.409881830215454,1
0,23,"test",37,0.408793389797211,1
0,23,"test",38,0.409294843673706,1
0,23,"test",39,0.399566382169724,1
0,23,"test",40,0.309404343366623,1
0,23,"test",41,0.31869313120842,1
0,23,"test",42,0.433537930250168,0
0,23,"test",43,0.41806173324585,0
0,23,"test",44,0.49259215593338,1
0,23,"test",45,0.478841096162796,1
0,23,"test",46,0.484085083007812,1
0,23,"test",47,0.43001264333725,0
0,23,"test",48,0.45088517665863,0
0,23,"test",49,0.443045020103455,0
0,23,"test",50,0.507528424263,0
0,23,"test",51,0.444557905197144,1
0,23,"test",52,0.471162647008896,1
0,23,"test",53,0.458014935255051,1
0,23,"test",54,0.494066059589386,1
0,23,"test",55,0.467637956142426,0
0,23,"test",56,0.565370380878448,0
0,23,"test",57,0.631061732769012,0
0,23,"test",58,0.389881640672684,0
0,23,"test",59,0.361097067594528,1
0,23,"test",60,0.465540736913681,1
0,23,"test",61,0.459751218557358,1
0,23,"test",62,0.408793389797211,0
0,23,"test",63,0.410925269126892,1
0,23,"test",64,0.399566411972046,1
0,23,"test",65,0.392510682344437,1
0,23,"test",66,0.31869313120842,1
0,23,"test",67,0.324943780899048,1
0,23,"test",68,0.41806173324585,0
0,23,"test",69,0.391638040542603,0
0,23,"test",70,0.478841096162796,0
0,23,"test",71,0.452159315347672,1
0,23,"test",72,0.43001264333725,1
0,23,"test",73,0.385246336460114,0
0,23,"test",74,0.443045020103455,0
0,23,"test",75,0.456260710954666,0
0,23,"test",76,0.444557905197144,0
0,23,"test",77,0.465038418769836,0
0,23,"test",78,0.458014935255051,1
0,23,"test",79,0.534300208091736,0
0,23,"test",80,0.467637956142426,0
0,23,"test",81,0.483827292919159,1
0,23,"test",82,0.631061732769012,1
0,23,"test",83,0.580358922481537,1
0,23,"test",84,0.361097067594528,1
0,23,"test",85,0.387220829725266,0
0,23,"test",86,0.459751218557358,0
0,23,"test",87,0.44433856010437,0
0,23,"test",88,0.410925298929214,0
0,23,"test",89,0.411896735429764,0
0,23,"test",90,0.392510682344437,0
0,23,"test",91,0.41341632604599,1
0,23,"test",92,0.324943780899048,0
0,23,"test",93,0.327442854642868,0
0,23,"test",94,0.391638040542603,0
0,23,"test",95,0.416500121355057,0
0,23,"test",96,0.452159315347672,0
0,23,"test",97,0.433900505304337,1
0,23,"test",98,0.385246336460114,1
0,23,"test",99,0.426123827695847,1
0,23,"test",100,0.456260710954666,1
0,23,"test",101,0.449015140533447,1
0,23,"test",102,0.465038418769836,0
0,23,"test",103,0.431222558021545,0
0,23,"test",104,0.534300208091736,0
0,23,"test",105,0.599984347820282,0
0,23,"test",106,0.483827292919159,0
0,23,"test",107,0.441491216421127,0
0,23,"test",108,0.580358922481537,0
0,23,"test",109,0.595515370368958,0
0,23,"test",110,0.387220829725266,1
0,23,"test",111,0.280271768569946,1
0,23,"test",112,0.44433856010437,1
0,23,"test",113,0.465449392795563,0
0,23,"test",114,0.411896735429764,1
0,23,"test",115,0.417231172323227,1
0,23,"test",116,0.41341632604599,1
0,23,"test",117,0.399674594402313,1
0,23,"test",118,0.327442854642868,1
0,23,"test",119,0.327567368745804,0
0,23,"test",120,0.416500121355057,0
0,23,"test",121,0.425421625375748,0
0,23,"test",122,0.433900505304337,1
0,23,"test",123,0.430637449026108,1
0,23,"test",124,0.426123827695847,1
0,23,"test",125,0.384505093097687,0
0,23,"test",126,0.449015140533447,0
0,23,"test",127,0.442770630121231,0
0,23,"test",128,0.431222587823868,1
0,23,"test",129,0.412639141082764,1
0,23,"test",130,0.599984347820282,1
0,23,"test",131,0.635735869407654,1
0,23,"test",132,0.441491216421127,0
0,23,"test",133,0.512996017932892,0
0,23,"test",134,0.595515370368958,0
0,23,"test",135,0.573959290981293,0
0,23,"test",136,0.280271768569946,0
0,23,"test",137,0.389081418514252,1
0,23,"test",138,0.465449392795563,1
0,23,"test",139,0.481966912746429,1
0,23,"test",140,0.417231172323227,1
0,23,"test",141,0.420571744441986,1
0,23,"test",142,0.399674594402313,1
0,23,"test",143,0.423142403364182,1
0,23,"test",144,0.327567368745804,1
0,23,"test",145,0.339625656604767,1
0,23,"test",146,0.425421625375748,1
0,23,"test",147,0.434287756681442,1
0,23,"test",148,0.430637449026108,1
0,23,"test",149,0.499260604381561,1
0,23,"test",150,0.384505093097687,1
0,23,"test",151,0.399811267852783,1
0,23,"test",152,0.442770630121231,0
0,23,"test",153,0.468641459941864,0
0,23,"test",154,0.412639141082764,1
0,23,"test",155,0.359071791172028,1
0,23,"test",156,0.635735869407654,1
0,23,"test",157,0.569762408733368,0
0,23,"test",158,0.512996017932892,0
0,23,"test",159,0.499832332134247,0
0,23,"test",160,0.573959290981293,0
0,23,"test",161,0.567835032939911,0
0,23,"test",162,0.389081418514252,0
0,23,"test",163,0.456902474164963,0
0,23,"test",164,0.481966912746429,0
0,23,"test",165,0.471388310194016,1
0,23,"test",166,0.420571744441986,1
0,23,"test",167,0.414237052202225,0
0,23,"test",168,0.423142403364182,1
0,23,"test",169,0.423611879348755,1
0,23,"test",170,0.339625656604767,1
0,23,"test",171,0.334764331579208,0
0,23,"test",172,0.434287756681442,0
0,23,"test",173,0.420785367488861,1
0,23,"test",174,0.499260604381561,1
0,23,"test",175,0.461825668811798,1
0,23,"test",176,0.399811267852783,1
0,23,"test",177,0.398230195045471,0
0,23,"test",178,0.468641459941864,0
0,23,"test",179,0.440712034702301,0
0,23,"test",180,0.359071791172028,0
0,23,"test",181,0.461702615022659,0
0,23,"test",182,0.569762408733368,0
0,23,"test",183,0.550604581832886,0
0,23,"test",184,0.499832361936569,0
0,23,"test",185,0.468480110168457,0
0,23,"test",186,0.567835032939911,1
0,23,"test",187,0.551048994064331,0
0,23,"test",188,0.456902474164963,0
0,23,"test",189,0.45488652586937,0
0,23,"test",190,0.471388310194016,0
0,23,"test",191,0.427383720874786,0
0,23,"test",192,0.414237052202225,0
0,23,"test",193,0.430623471736908,0
0,23,"test",194,0.423611879348755,0
0,23,"test",195,0.402285844087601,0
0,23,"test",196,0.334764331579208,0
0,23,"test",197,0.310416668653488,1
0,23,"test",198,0.420785367488861,1
0,23,"test",199,0.424218386411667,1
0,23,"test",200,0.461825668811798,0
0,23,"test",201,0.452598631381989,0
0,23,"test",202,0.398230195045471,1
0,23,"test",203,0.476035922765732,0
0,23,"test",204,0.440712034702301,0
0,23,"test",205,0.443389236927032,0
0,23,"test",206,0.461702615022659,1
0,23,"test",207,0.43888133764267,0
0,23,"test",208,0.550604581832886,0
0,23,"test",209,0.481820076704025,0
0,23,"test",210,0.468480110168457,0
0,23,"test",211,0.469807475805283,0
0,23,"test",212,0.551048994064331,1
0,23,"test",213,0.610407114028931,0
0,23,"test",214,0.45488652586937,1
0,23,"test",215,0.303765684366226,1
0,23,"test",216,0.427383720874786,1
0,23,"test",217,0.383927404880524,0
0,23,"test",218,0.430623471736908,0
0,23,"test",219,0.430632919073105,1
0,23,"test",220,0.402285844087601,1
0,23,"test",221,0.42335507273674,0
0,23,"test",222,0.310416668653488,1
0,23,"test",223,0.336148977279663,1
0,23,"test",224,0.424218446016312,1
0,23,"test",225,0.427494674921036,0
0,23,"test",226,0.452598631381989,0
0,23,"test",227,0.488556772470474,0
0,23,"test",228,0.476035922765732,1
0,23,"test",229,0.40624138712883,1
0,23,"test",230,0.443389236927032,0
0,23,"test",231,0.41126212477684,1
0,23,"test",232,0.43888133764267,1
0,23,"test",233,0.518818497657776,1
0,23,"test",234,0.481820076704025,1
0,23,"test",235,0.488362461328506,1
0,23,"test",236,0.469807475805283,1
0,23,"test",237,0.480367422103882,0
0,23,"test",238,0.610407114028931,0
0,23,"test",239,0.573982536792755,0
0,23,"test",240,0.303765684366226,0
0,23,"test",241,0.25986522436142,0
0,23,"test",242,0.383927404880524,0
0,23,"test",243,0.42158105969429,0
0,23,"test",244,0.430632919073105,1
0,23,"test",245,0.4164679646492,1
0,23,"test",246,0.42335507273674,1
0,23,"test",247,0.412192106246948,1
0,23,"test",248,0.336148977279663,1
0,23,"test",249,0.339469730854034,1
0,23,"test",250,0.427494674921036,1
0,23,"test",251,0.455850392580032,1
0,23,"test",252,0.488556772470474,0
0,23,"test",253,0.512661814689636,0
0,23,"test",254,0.40624138712883,0
0,23,"test",255,0.362559258937836,1
0,23,"test",256,0.411262094974518,1
0,23,"test",257,0.455731958150864,1
0,23,"test",258,0.518818497657776,1
0,23,"test",259,0.469109505414963,1
0,23,"test",260,0.488362461328506,1
0,23,"test",261,0.465151727199554,1
0,23,"test",262,0.480367422103882,0
0,23,"test",263,0.445616185665131,0
0,23,"test",264,0.573982536792755,1
0,23,"test",265,0.585965692996979,1
0,23,"test",266,0.25986522436142,1
0,23,"test",267,0.419840097427368,1
0,23,"test",268,0.42158105969429,1
0,23,"test",269,0.444053173065186,1
0,23,"test",270,0.4164679646492,1
0,23,"test",271,0.420893847942352,1
0,23,"test",272,0.412192106246948,1
0,23,"test",273,0.397557288408279,1
0,23,"test",274,0.339469730854034,1
0,23,"test",275,0.333744257688522,1
0,23,"test",276,0.455850392580032,1
0,23,"test",277,0.445036500692368,1
0,23,"test",278,0.512661814689636,0
0,23,"test",279,0.554526925086975,0
0,23,"test",280,0.36255931854248,0
0,23,"test",281,0.423377245664597,0
0,23,"test",282,0.455731958150864,0
0,23,"test",283,0.436291128396988,0
0,23,"test",284,0.469109505414963,0
0,23,"test",285,0.484596997499466,0
0,23,"test",286,0.465151727199554,0
0,23,"test",287,0.600623309612274,0
0,23,"test",288,0.445616126060486,0
0,23,"test",289,0.476735949516296,0
0,23,"test",290,0.585965692996979,0
0,23,"test",291,0.52396696805954,0
0,23,"test",292,0.419840097427368,1
0,23,"test",293,0.487044125795364,1
0,23,"test",294,0.444053173065186,1
0,23,"test",295,0.43800938129425,0
0,23,"test",296,0.420893847942352,0
0,23,"test",297,0.416798800230026,1
0,23,"test",298,0.397557288408279,0
0,23,"test",299,0.411777347326279,0
0,23,"test",300,0.333744257688522,1
0,23,"test",301,0.386686086654663,1
0,23,"test",302,0.445036500692368,1
0,23,"test",303,0.475133568048477,0
0,23,"test",304,0.554526925086975,1
0,23,"test",305,0.529646635055542,0
0,27,"val",1,0.425609439611435,0
0,27,"val",2,0.486333191394806,1
0,27,"val",3,0.474951535463333,0
0,27,"val",4,0.534056723117828,1
0,27,"val",5,0.542498767375946,1
0,27,"val",6,0.323250293731689,1
0,27,"val",7,0.302196234464645,1
0,27,"val",8,0.510808050632477,1
0,27,"val",9,0.527507722377777,1
0,27,"val",10,0.530930876731873,1
0,27,"val",11,0.562958478927612,1
0,27,"val",12,0.441588938236237,1
0,27,"val",13,0.427023738622665,1
0,27,"val",14,0.519075572490692,1
0,27,"val",15,0.607767462730408,1
0,27,"val",16,0.437927305698395,1
0,27,"val",17,0.38767421245575,1
0,27,"val",18,0.475955873727798,1
0,27,"val",19,0.509370148181915,1
0,27,"val",20,0.603644490242004,1
0,27,"val",21,0.616612553596497,1
0,27,"val",22,0.431912183761597,1
0,27,"val",23,0.334211081266403,0
0,27,"val",24,0.493352919816971,0
0,27,"val",25,0.337673097848892,1
0,27,"val",26,0.425609439611435,0
0,27,"val",27,0.432853847742081,0
0,27,"val",28,0.474951535463333,0
0,27,"val",29,0.527491986751556,1
0,27,"val",30,0.542498767375946,1
0,27,"val",31,0.51379531621933,0
0,27,"val",32,0.30219629406929,0
0,27,"val",33,0.316460728645325,0
0,27,"val",34,0.527507722377777,0
0,27,"val",35,0.517151892185211,0
0,27,"val",36,0.562958478927612,0
0,27,"val",37,0.577946245670319,1
0,27,"val",38,0.427023738622665,1
0,27,"val",39,0.47119003534317,1
0,27,"val",40,0.607767462730408,0
0,27,"val",41,0.559328317642212,0
0,27,"val",42,0.38767421245575,0
0,27,"val",43,0.397119998931885,0
0,27,"val",44,0.509370148181915,0
0,27,"val",45,0.427195399999619,0
0,27,"val",46,0.616612553596497,0
0,27,"val",47,0.630415856838226,1
0,27,"val",48,0.334211081266403,1
0,27,"val",49,0.416135281324387,1
0,27,"val",50,0.337673097848892,1
0,27,"val",51,0.429250091314316,1
0,27,"val",52,0.432853847742081,1
0,27,"val",53,0.465504437685013,1
0,27,"val",54,0.527491986751556,1
0,27,"val",55,0.522870421409607,1
0,27,"val",56,0.51379531621933,1
0,27,"val",57,0.493208974599838,1
0,27,"val",58,0.316460728645325,1
0,27,"val",59,0.288064688444138,1
0,27,"val",60,0.517151892185211,1
0,27,"val",61,0.453458577394485,0
0,27,"val",62,0.577946245670319,1
0,27,"val",63,0.558579623699188,0
0,27,"val",64,0.47119003534317,0
0,27,"val",65,0.473080605268478,1
0,27,"val",66,0.559328317642212,1
0,27,"val",67,0.587296724319458,1
0,27,"val",68,0.397119998931885,1
0,27,"val",69,0.436121851205826,1
0,27,"val",70,0.427195399999619,1
0,27,"val",71,0.491953015327454,1
0,27,"val",72,0.630415856838226,1
0,27,"val",73,0.583551168441772,1
0,27,"val",74,0.416135281324387,1
0,27,"val",75,0.44182950258255,1
0,27,"val",76,0.429250091314316,0
0,27,"val",77,0.439380019903183,1
0,27,"val",78,0.465504437685013,1
0,27,"val",79,0.430720508098602,0
0,27,"val",80,0.522870421409607,0
0,27,"val",81,0.49385467171669,0
0,27,"val",82,0.493208974599838,1
0,27,"val",83,0.495979160070419,0
0,27,"val",84,0.288064688444138,0
0,27,"val",85,0.280052572488785,0
0,27,"val",86,0.453458577394485,1
0,27,"val",87,0.501752853393555,1
0,27,"val",88,0.558579564094543,1
0,27,"val",89,0.539678931236267,0
0,27,"val",90,0.473080605268478,0
0,27,"val",91,0.467771530151367,0
0,27,"val",92,0.587296724319458,0
0,27,"val",93,0.619532763957977,0
0,27,"val",94,0.436121851205826,0
0,27,"val",95,0.419835120439529,0
0,27,"val",96,0.491953015327454,1
0,27,"val",97,0.451843589544296,1
0,27,"val",98,0.583551168441772,1
0,27,"val",99,0.607324838638306,1
0,27,"val",100,0.44182950258255,0
0,27,"val",101,0.452563464641571,0
0,27,"val",102,0.439380019903183,0
0,27,"val",103,0.310812562704086,0
0,27,"val",104,0.430720508098602,1
0,27,"val",105,0.440155327320099,1
0,27,"val",106,0.49385467171669,1
0,27,"val",107,0.504053711891174,1
0,27,"val",108,0.495979160070419,1
0,27,"val",109,0.490562468767166,0
0,27,"val",110,0.280052572488785,0
0,27,"val",111,0.317586004734039,1
0,27,"val",112,0.501752853393555,1
0,27,"val",113,0.506057798862457,1
0,27,"val",114,0.539678931236267,0
0,27,"val",115,0.561310589313507,1
0,27,"val",116,0.467771530151367,0
0,27,"val",117,0.47553738951683,1
0,27,"val",118,0.619532763957977,1
0,27,"val",119,0.522673606872559,1
0,27,"val",120,0.419835120439529,0
0,27,"val",121,0.494702756404877,0
0,27,"val",122,0.451843589544296,0
0,27,"val",123,0.473634272813797,1
0,27,"val",124,0.607324838638306,1
0,27,"val",125,0.580832600593567,1
0,27,"val",126,0.452563464641571,1
0,27,"val",127,0.49767655134201,1
0,27,"val",128,0.310812562704086,1
0,27,"val",129,0.242342874407768,1
0,27,"val",130,0.440155327320099,1
0,27,"val",131,0.447035133838654,0
0,27,"val",132,0.504053711891174,0
0,27,"val",133,0.488630264997482,1
0,27,"val",134,0.490562468767166,1
0,27,"val",135,0.51477038860321,0
0,27,"val",136,0.317586004734039,0
0,27,"val",137,0.304420918226242,0
0,27,"val",138,0.506057798862457,0
0,27,"val",139,0.469781130552292,0
0,27,"val",140,0.561310589313507,0
0,27,"val",141,0.596851289272308,1
0,27,"val",142,0.47553738951683,1
0,27,"val",143,0.438949674367905,1
0,27,"val",144,0.522673606872559,0
0,27,"val",145,0.552101612091064,0
0,27,"val",146,0.494702756404877,0
0,27,"val",147,0.504177689552307,0
0,27,"val",148,0.473634272813797,0
0,27,"val",149,0.584594070911407,0
0,27,"val",150,0.580832600593567,0
0,27,"val",151,0.600540399551392,0
0,27,"val",152,0.49767655134201,1
0,27,"val",153,0.335514217615128,0
0,27,"val",154,0.242342874407768,1
0,27,"val",155,0.249184191226959,0
0,27,"val",156,0.447035133838654,0
0,27,"val",157,0.419445425271988,0
0,27,"val",158,0.488630264997482,0
0,27,"val",159,0.463040262460709,1
0,27,"val",160,0.51477038860321,1
0,27,"val",161,0.486044406890869,1
0,27,"val",162,0.304420918226242,1
0,27,"val",163,0.288637936115265,1
0,27,"val",164,0.469781130552292,0
0,27,"val",165,0.570678293704987,0
0,27,"val",166,0.596851289272308,0
0,27,"val",167,0.561290383338928,0
0,27,"val",168,0.438949674367905,1
0,27,"val",169,0.471969574689865,0
0,27,"val",170,0.552101612091064,0
0,27,"val",171,0.552418112754822,0
0,27,"val",172,0.504177689552307,1
0,27,"val",173,0.512166082859039,1
0,27,"val",174,0.584594070911407,1
0,27,"val",175,0.518258333206177,0
0,27,"val",176,0.600540399551392,0
0,27,"val",177,0.51968389749527,1
0,27,"val",178,0.335514217615128,0
0,27,"val",179,0.373453825712204,1
0,27,"val",180,0.249184191226959,0
0,27,"val",181,0.248834565281868,1
0,27,"val",182,0.419445425271988,1
0,27,"val",183,0.38918337225914,1
0,27,"val",184,0.463040262460709,0
0,27,"val",185,0.46583366394043,0
0,27,"val",186,0.486044406890869,0
0,27,"val",187,0.437338560819626,0
0,27,"val",188,0.288637936115265,0
0,27,"val",189,0.286276310682297,0
0,27,"val",190,0.570678293704987,0
0,27,"val",191,0.535401582717896,1
0,27,"val",192,0.561290383338928,0
0,27,"val",193,0.584226131439209,0
0,27,"val",194,0.471969574689865,0
0,27,"val",195,0.419946402311325,1
0,27,"val",196,0.552418112754822,1
0,27,"val",197,0.540667951107025,1
0,27,"val",198,0.512166082859039,1
0,27,"val",199,0.462478697299957,0
0,27,"val",200,0.518258333206177,0
0,27,"val",201,0.473763585090637,0
0,27,"val",202,0.51968389749527,0
0,27,"val",203,0.549489736557007,1
0,27,"val",204,0.373453825712204,1
0,27,"val",205,0.415357381105423,1
0,27,"val",206,0.248834565281868,0
0,27,"val",207,0.397910207509995,0
0,27,"val",208,0.38918337225914,0
0,27,"val",209,0.431381314992905,1
0,27,"val",210,0.46583366394043,1
0,27,"val",211,0.472734212875366,1
0,27,"val",212,0.437338560819626,1
0,27,"val",213,0.456576466560364,1
0,27,"val",214,0.286276310682297,1
0,27,"val",215,0.280747681856155,0
0,27,"val",216,0.535401463508606,0
0,27,"val",217,0.562379598617554,0
0,27,"val",218,0.584226131439209,0
0,27,"val",219,0.572999358177185,0
0,27,"val",220,0.419946402311325,0
0,27,"val",221,0.46236515045166,1
0,27,"val",222,0.540667951107025,1
0,27,"val",223,0.582581162452698,1
0,27,"val",224,0.462478667497635,0
0,27,"val",225,0.611824214458466,1
0,27,"val",226,0.473763585090637,1
0,27,"val",227,0.459723830223083,1
0,27,"val",228,0.549489736557007,0
0,27,"val",229,0.467390269041061,0
0,27,"val",230,0.415357381105423,0
0,27,"val",231,0.495188295841217,0
0,27,"val",232,0.397910207509995,0
0,27,"val",233,0.263088524341583,0
0,27,"val",234,0.431381314992905,0
0,27,"val",235,0.489537835121155,0
0,27,"val",236,0.472734212875366,0
0,27,"val",237,0.49945941567421,0
0,27,"val",238,0.456576466560364,1
0,27,"val",239,0.477305591106415,0
0,27,"val",240,0.280747681856155,0
0,27,"val",241,0.288529515266418,0
0,27,"val",242,0.562379598617554,0
0,27,"val",243,0.56885290145874,1
0,27,"val",244,0.572999358177185,1
0,27,"val",245,0.588432848453522,1
0,27,"val",246,0.46236515045166,0
0,27,"val",247,0.434438854455948,1
0,27,"val",248,0.582581102848053,1
0,27,"val",249,0.579749882221222,0
0,27,"val",250,0.611824214458466,1
0,27,"val",251,0.583245933055878,1
0,27,"val",252,0.459723830223083,1
0,27,"val",253,0.493871778249741,1
0,27,"val",254,0.467390269041061,0
0,27,"val",255,0.478034138679504,0
0,27,"val",256,0.495188295841217,0
0,27,"val",257,0.478675365447998,0
0,27,"val",258,0.263088524341583,1
0,27,"val",259,0.325612515211105,1
0,27,"val",260,0.489537835121155,1
0,27,"val",261,0.440665692090988,1
0,27,"val",262,0.49945941567421,1
0,27,"val",263,0.50854504108429,0
0,27,"val",264,0.477305591106415,0
0,27,"val",265,0.479632496833801,1
0,27,"val",266,0.288529515266418,1
0,27,"val",267,0.289599061012268,0
0,27,"val",268,0.56885290145874,0
0,27,"val",269,0.568869709968567,0
0,27,"val",270,0.588432848453522,1
0,27,"val",271,0.611731231212616,1
0,27,"val",272,0.434438854455948,1
0,27,"val",273,0.496908843517303,1
0,27,"val",274,0.579749882221222,0
0,27,"val",275,0.616442322731018,0
0,27,"val",276,0.583245933055878,0
0,27,"val",277,0.57990974187851,0
0,27,"val",278,0.493871778249741,1
0,27,"val",279,0.502903699874878,1
0,27,"val",280,0.478034138679504,1
0,27,"val",281,0.513776063919067,1
0,27,"val",282,0.478675365447998,1
0,27,"val",283,0.418793231248856,1
0,27,"val",284,0.325612515211105,0
0,27,"val",285,0.38040554523468,0
0,27,"val",286,0.440665692090988,0
0,27,"val",287,0.46199905872345,0
0,27,"val",288,0.50854504108429,0
0,27,"val",289,0.513616025447845,0
0,27,"val",290,0.479632496833801,0
0,27,"val",291,0.422240227460861,0
0,27,"val",292,0.289599061012268,0
0,27,"val",293,0.304625749588013,0
0,27,"val",294,0.568869709968567,1
0,27,"val",295,0.564592599868774,1
0,27,"val",296,0.611731231212616,0
0,27,"val",297,0.546740651130676,0
0,27,"val",298,0.496908843517303,0
0,27,"val",299,0.511305212974548,1
0,27,"val",300,0.616442322731018,1
0,27,"val",301,0.563505530357361,1
0,27,"val",302,0.57990974187851,0
0,27,"val",303,0.479729741811752,0
0,27,"val",304,0.502903699874878,0
0,27,"test",1,0.336971670389175,0
0,27,"test",2,0.513776063919067,0
0,27,"test",3,0.543567597866058,1
0,27,"test",4,0.418793231248856,1
0,27,"test",5,0.468480944633484,1
0,27,"test",6,0.38040554523468,1
0,27,"test",7,0.344379603862762,1
0,27,"test",8,0.461998909711838,1
0,27,"test",9,0.409026861190796,1
0,27,"test",10,0.513616025447845,1
0,27,"test",11,0.530764520168304,1
0,27,"test",12,0.422240227460861,1
0,27,"test",13,0.510941684246063,1
0,27,"test",14,0.304625749588013,1
0,27,"test",15,0.289273947477341,1
0,27,"test",16,0.564592599868774,1
0,27,"test",17,0.549294769763947,0
0,27,"test",18,0.546740651130676,0
0,27,"test",19,0.552138864994049,0
0,27,"test",20,0.511305212974548,1
0,27,"test",21,0.521116435527802,1
0,27,"test",22,0.563505530357361,1
0,27,"test",23,0.550848186016083,0
0,27,"test",24,0.479729741811752,0
0,27,"test",25,0.58153772354126,0
0,27,"test",26,0.336971670389175,1
0,27,"test",27,0.47147399187088,1
0,27,"test",28,0.543567597866058,1
0,27,"test",29,0.566009163856506,0
0,27,"test",30,0.468480944633484,0
0,27,"test",31,0.495150566101074,0
0,27,"test",32,0.344379603862762,0
0,27,"test",33,0.287575215101242,0
0,27,"test",34,0.409026861190796,1
0,27,"test",35,0.466215133666992,1
0,27,"test",36,0.530764520168304,1
0,27,"test",37,0.527453720569611,1
0,27,"test",38,0.510941684246063,1
0,27,"test",39,0.50034761428833,1
0,27,"test",40,0.289273947477341,1
0,27,"test",41,0.301473945379257,1
0,27,"test",42,0.549294769763947,0
0,27,"test",43,0.469965666532516,0
0,27,"test",44,0.552138864994049,1
0,27,"test",45,0.550366044044495,1
0,27,"test",46,0.521116435527802,1
0,27,"test",47,0.478567659854889,0
0,27,"test",48,0.550848186016083,0
0,27,"test",49,0.544291615486145,0
0,27,"test",50,0.58153772354126,0
0,27,"test",51,0.487368643283844,1
0,27,"test",52,0.47147399187088,1
0,27,"test",53,0.480098694562912,1
0,27,"test",54,0.566009163856506,1
0,27,"test",55,0.552317261695862,0
0,27,"test",56,0.495150625705719,0
0,27,"test",57,0.557249188423157,0
0,27,"test",58,0.287575215101242,0
0,27,"test",59,0.27291613817215,1
0,27,"test",60,0.466215133666992,1
0,27,"test",61,0.416779011487961,1
0,27,"test",62,0.527453720569611,0
0,27,"test",63,0.51986426115036,1
0,27,"test",64,0.500347554683685,1
0,27,"test",65,0.471981257200241,1
0,27,"test",66,0.301473945379257,1
0,27,"test",67,0.313199520111084,1
0,27,"test",68,0.469965666532516,0
0,27,"test",69,0.466156363487244,0
0,27,"test",70,0.550366044044495,0
0,27,"test",71,0.584280490875244,1
0,27,"test",72,0.478567659854889,1
0,27,"test",73,0.468860119581223,0
0,27,"test",74,0.544291615486145,0
0,27,"test",75,0.566183269023895,0
0,27,"test",76,0.487368643283844,0
0,27,"test",77,0.543182194232941,0
0,27,"test",78,0.480098694562912,1
0,27,"test",79,0.556690335273743,0
0,27,"test",80,0.552317261695862,0
0,27,"test",81,0.591917932033539,1
0,27,"test",82,0.557249188423157,1
0,27,"test",83,0.505580067634583,1
0,27,"test",84,0.27291613817215,1
0,27,"test",85,0.285948574542999,0
0,27,"test",86,0.416779011487961,0
0,27,"test",87,0.399664878845215,0
0,27,"test",88,0.51986438035965,0
0,27,"test",89,0.476989388465881,0
0,27,"test",90,0.471981257200241,0
0,27,"test",91,0.500852048397064,1
0,27,"test",92,0.313199520111084,0
0,27,"test",93,0.316203951835632,0
0,27,"test",94,0.466156363487244,0
0,27,"test",95,0.501747131347656,0
0,27,"test",96,0.584280610084534,0
0,27,"test",97,0.575507581233978,1
0,27,"test",98,0.468860119581223,1
0,27,"test",99,0.480702966451645,1
0,27,"test",100,0.566183269023895,1
0,27,"test",101,0.550810694694519,1
0,27,"test",102,0.543182194232941,0
0,27,"test",103,0.509893000125885,0
0,27,"test",104,0.556690335273743,0
0,27,"test",105,0.596633017063141,0
0,27,"test",106,0.591917932033539,0
0,27,"test",107,0.501293301582336,0
0,27,"test",108,0.505580067634583,0
0,27,"test",109,0.519590854644775,0
0,27,"test",110,0.285948574542999,1
0,27,"test",111,0.242473959922791,1
0,27,"test",112,0.399664878845215,1
0,27,"test",113,0.420542597770691,0
0,27,"test",114,0.476989388465881,1
0,27,"test",115,0.460809290409088,1
0,27,"test",116,0.500852048397064,1
0,27,"test",117,0.467052102088928,1
0,27,"test",118,0.316203951835632,1
0,27,"test",119,0.308973044157028,0
0,27,"test",120,0.501747012138367,0
0,27,"test",121,0.572102725505829,0
0,27,"test",122,0.575507581233978,1
0,27,"test",123,0.578162550926208,1
0,27,"test",124,0.480702966451645,1
0,27,"test",125,0.455937772989273,0
0,27,"test",126,0.550810694694519,0
0,27,"test",127,0.550693392753601,0
0,27,"test",128,0.509893000125885,1
0,27,"test",129,0.456291615962982,1
0,27,"test",130,0.596633017063141,1
0,27,"test",131,0.607625126838684,1
0,27,"test",132,0.501293301582336,0
0,27,"test",133,0.677990615367889,0
0,27,"test",134,0.519590854644775,0
0,27,"test",135,0.486626118421555,0
0,27,"test",136,0.242473959922791,0
0,27,"test",137,0.292405426502228,1
0,27,"test",138,0.420542597770691,1
0,27,"test",139,0.430094242095947,1
0,27,"test",140,0.460809290409088,1
0,27,"test",141,0.445981472730637,1
0,27,"test",142,0.467052102088928,1
0,27,"test",143,0.485857605934143,1
0,27,"test",144,0.308973044157028,1
0,27,"test",145,0.317224234342575,1
0,27,"test",146,0.572102725505829,1
0,27,"test",147,0.570911467075348,1
0,27,"test",148,0.578162550926208,1
0,27,"test",149,0.531219005584717,1
0,27,"test",150,0.455937772989273,1
0,27,"test",151,0.480945318937302,1
0,27,"test",152,0.550693392753601,0
0,27,"test",153,0.612842500209808,0
0,27,"test",154,0.456291615962982,1
0,27,"test",155,0.364386767148972,1
0,27,"test",156,0.607625126838684,1
0,27,"test",157,0.578501045703888,0
0,27,"test",158,0.677990615367889,0
0,27,"test",159,0.613951206207275,0
0,27,"test",160,0.486626029014587,0
0,27,"test",161,0.47865092754364,0
0,27,"test",162,0.292405426502228,0
0,27,"test",163,0.348941117525101,0
0,27,"test",164,0.430094242095947,0
0,27,"test",165,0.441370725631714,1
0,27,"test",166,0.445981472730637,1
0,27,"test",167,0.498657464981079,0
0,27,"test",168,0.485857605934143,1
0,27,"test",169,0.493385553359985,1
0,27,"test",170,0.317224234342575,1
0,27,"test",171,0.313510715961456,0
0,27,"test",172,0.570911467075348,0
0,27,"test",173,0.577940404415131,1
0,27,"test",174,0.531219005584717,1
0,27,"test",175,0.559386551380157,1
0,27,"test",176,0.480945318937302,1
0,27,"test",177,0.495721429586411,0
0,27,"test",178,0.612842500209808,0
0,27,"test",179,0.555018246173859,0
0,27,"test",180,0.364386767148972,0
0,27,"test",181,0.616506397724152,0
0,27,"test",182,0.578501045703888,0
0,27,"test",183,0.570338189601898,0
0,27,"test",184,0.613951206207275,0
0,27,"test",185,0.576723754405975,0
0,27,"test",186,0.47865092754364,1
0,27,"test",187,0.456484466791153,0
0,27,"test",188,0.348941117525101,0
0,27,"test",189,0.342747151851654,0
0,27,"test",190,0.441370725631714,0
0,27,"test",191,0.429928302764893,0
0,27,"test",192,0.498657524585724,0
0,27,"test",193,0.42924565076828,0
0,27,"test",194,0.493385553359985,0
0,27,"test",195,0.455619722604752,0
0,27,"test",196,0.313510715961456,0
0,27,"test",197,0.289673626422882,1
0,27,"test",198,0.577940404415131,1
0,27,"test",199,0.573325574398041,1
0,27,"test",200,0.559386551380157,0
0,27,"test",201,0.557868123054504,0
0,27,"test",202,0.495721429586411,1
0,27,"test",203,0.481819301843643,0
0,27,"test",204,0.555018246173859,0
0,27,"test",205,0.539374947547913,0
0,27,"test",206,0.616506397724152,1
0,27,"test",207,0.571373581886292,0
0,27,"test",208,0.570338189601898,0
0,27,"test",209,0.505458235740662,0
0,27,"test",210,0.576723754405975,0
0,27,"test",211,0.578499972820282,0
0,27,"test",212,0.456484466791153,1
0,27,"test",213,0.536738455295563,0
0,27,"test",214,0.342747151851654,1
0,27,"test",215,0.241291835904121,1
0,27,"test",216,0.429928302764893,1
0,27,"test",217,0.411685973405838,0
0,27,"test",218,0.42924565076828,0
0,27,"test",219,0.430431246757507,1
0,27,"test",220,0.455619722604752,1
0,27,"test",221,0.490968704223633,0
0,27,"test",222,0.289673626422882,1
0,27,"test",223,0.315913647413254,1
0,27,"test",224,0.573325574398041,1
0,27,"test",225,0.548769652843475,0
0,27,"test",226,0.557868123054504,0
0,27,"test",227,0.5738804936409,0
0,27,"test",228,0.481819301843643,1
0,27,"test",229,0.496272623538971,1
0,27,"test",230,0.539374947547913,0
0,27,"test",231,0.486116379499435,1
0,27,"test",232,0.571373581886292,1
0,27,"test",233,0.533647418022156,1
0,27,"test",234,0.505458235740662,1
0,27,"test",235,0.515051901340485,1
0,27,"test",236,0.578499972820282,1
0,27,"test",237,0.608181118965149,0
0,27,"test",238,0.536738455295563,0
0,27,"test",239,0.485874176025391,0
0,27,"test",240,0.241291835904121,0
0,27,"test",241,0.214484184980392,0
0,27,"test",242,0.411685973405838,0
0,27,"test",243,0.38048592209816,0
0,27,"test",244,0.430431246757507,1
0,27,"test",245,0.460519880056381,1
0,27,"test",246,0.490968704223633,1
0,27,"test",247,0.465724229812622,1
0,27,"test",248,0.315913647413254,1
0,27,"test",249,0.337238758802414,1
0,27,"test",250,0.548769652843475,1
0,27,"test",251,0.548984467983246,1
0,27,"test",252,0.5738804936409,0
0,27,"test",253,0.555840909481049,0
0,27,"test",254,0.496272623538971,0
0,27,"test",255,0.476881265640259,1
0,27,"test",256,0.486116409301758,1
0,27,"test",257,0.570432007312775,1
0,27,"test",258,0.533647418022156,1
0,27,"test",259,0.5605388879776,1
0,27,"test",260,0.515051901340485,1
0,27,"test",261,0.475817620754242,1
0,27,"test",262,0.608181118965149,0
0,27,"test",263,0.568264663219452,0
0,27,"test",264,0.485874176025391,1
0,27,"test",265,0.51082456111908,1
0,27,"test",266,0.214484184980392,1
0,27,"test",267,0.286434948444366,1
0,27,"test",268,0.38048592209816,1
0,27,"test",269,0.398140043020248,1
0,27,"test",270,0.460519880056381,1
0,27,"test",271,0.459151804447174,1
0,27,"test",272,0.465724229812622,1
0,27,"test",273,0.45078045129776,1
0,27,"test",274,0.337238758802414,1
0,27,"test",275,0.314776241779327,1
0,27,"test",276,0.548984467983246,1
0,27,"test",277,0.561011910438538,1
0,27,"test",278,0.555840909481049,0
0,27,"test",279,0.429076105356216,0
0,27,"test",280,0.476881265640259,0
0,27,"test",281,0.467094302177429,0
0,27,"test",282,0.570432007312775,0
0,27,"test",283,0.52302622795105,0
0,27,"test",284,0.5605388879776,0
0,27,"test",285,0.476515978574753,0
0,27,"test",286,0.475817620754242,0
0,27,"test",287,0.595881223678589,0
0,27,"test",288,0.568264663219452,0
0,27,"test",289,0.586979866027832,0
0,27,"test",290,0.51082456111908,0
0,27,"test",291,0.451913207769394,0
0,27,"test",292,0.286434948444366,1
0,27,"test",293,0.402253061532974,1
0,27,"test",294,0.398140043020248,1
0,27,"test",295,0.42467874288559,0
0,27,"test",296,0.459151804447174,0
0,27,"test",297,0.481281518936157,1
0,27,"test",298,0.45078045129776,0
0,27,"test",299,0.467890083789825,0
0,27,"test",300,0.314776241779327,1
0,27,"test",301,0.323951661586761,1
0,27,"test",302,0.561011910438538,1
0,27,"test",303,0.55060875415802,0
0,27,"test",304,0.429076105356216,1
0,27,"test",305,0.520075023174286,0
0,98,"val",1,0.624938786029816,0
0,98,"val",2,0.512658178806305,1
0,98,"val",3,0.495314747095108,0
0,98,"val",4,0.344746977090836,1
0,98,"val",5,0.351563841104507,1
0,98,"val",6,0.314653038978577,1
0,98,"val",7,0.319115072488785,1
0,98,"val",8,0.402008712291718,1
0,98,"val",9,0.426405519247055,1
0,98,"val",10,0.486590534448624,1
0,98,"val",11,0.539137840270996,1
0,98,"val",12,0.596906542778015,1
0,98,"val",13,0.631511569023132,1
0,98,"val",14,0.67466139793396,1
0,98,"val",15,0.680103778839111,1
0,98,"val",16,0.488119572401047,1
0,98,"val",17,0.473387360572815,1
0,98,"val",18,0.529926776885986,1
0,98,"val",19,0.547454655170441,1
0,98,"val",20,0.728672087192535,1
0,98,"val",21,0.746853888034821,1
0,98,"val",22,0.610734105110168,1
0,98,"val",23,0.551096022129059,0
0,98,"val",24,0.484660476446152,0
0,98,"val",25,0.541125655174255,1
0,98,"val",26,0.624938786029816,0
0,98,"val",27,0.622943341732025,0
0,98,"val",28,0.495314747095108,0
0,98,"val",29,0.527061700820923,1
0,98,"val",30,0.351563841104507,1
0,98,"val",31,0.380496352910995,0
0,98,"val",32,0.319115072488785,0
0,98,"val",33,0.333552658557892,0
0,98,"val",34,0.426405519247055,0
0,98,"val",35,0.441224545240402,0
0,98,"val",36,0.539137840270996,0
0,98,"val",37,0.519189357757568,1
0,98,"val",38,0.631511569023132,1
0,98,"val",39,0.622607707977295,1
0,98,"val",40,0.680103778839111,0
0,98,"val",41,0.674408495426178,0
0,98,"val",42,0.473387360572815,0
0,98,"val",43,0.479226917028427,0
0,98,"val",44,0.547454655170441,0
0,98,"val",45,0.527148187160492,0
0,98,"val",46,0.746853888034821,0
0,98,"val",47,0.74390321969986,1
0,98,"val",48,0.551096022129059,1
0,98,"val",49,0.608273267745972,1
0,98,"val",50,0.541125655174255,1
0,98,"val",51,0.48737233877182,1
0,98,"val",52,0.622943341732025,1
0,98,"val",53,0.620819628238678,1
0,98,"val",54,0.527061700820923,1
0,98,"val",55,0.522397935390472,1
0,98,"val",56,0.380496323108673,1
0,98,"val",57,0.394207537174225,1
0,98,"val",58,0.333552658557892,1
0,98,"val",59,0.34909787774086,1
0,98,"val",60,0.441224545240402,1
0,98,"val",61,0.402251005172729,0
0,98,"val",62,0.519189357757568,1
0,98,"val",63,0.476321399211884,0
0,98,"val",64,0.622607827186584,0
0,98,"val",65,0.612957417964935,1
0,98,"val",66,0.674408495426178,1
0,98,"val",67,0.679844856262207,1
0,98,"val",68,0.479226917028427,1
0,98,"val",69,0.471183925867081,1
0,98,"val",70,0.527148187160492,1
0,98,"val",71,0.54048353433609,1
0,98,"val",72,0.74390321969986,1
0,98,"val",73,0.719265699386597,1
0,98,"val",74,0.608273267745972,1
0,98,"val",75,0.71913743019104,1
0,98,"val",76,0.48737233877182,0
0,98,"val",77,0.448717892169952,1
0,98,"val",78,0.620819628238678,1
0,98,"val",79,0.622523665428162,0
0,98,"val",80,0.522397935390472,0
0,98,"val",81,0.520925521850586,0
0,98,"val",82,0.394207537174225,1
0,98,"val",83,0.405015468597412,0
0,98,"val",84,0.34909787774086,0
0,98,"val",85,0.338602513074875,0
0,98,"val",86,0.402251005172729,1
0,98,"val",87,0.47547510266304,1
0,98,"val",88,0.476321399211884,1
0,98,"val",89,0.435139566659927,0
0,98,"val",90,0.612957417964935,0
0,98,"val",91,0.597538530826569,0
0,98,"val",92,0.679844856262207,0
0,98,"val",93,0.666370213031769,0
0,98,"val",94,0.471183925867081,0
0,98,"val",95,0.442226588726044,0
0,98,"val",96,0.540483593940735,1
0,98,"val",97,0.530938327312469,1
0,98,"val",98,0.719265699386597,1
0,98,"val",99,0.734168291091919,1
0,98,"val",100,0.71913743019104,0
0,98,"val",101,0.702978730201721,0
0,98,"val",102,0.448717892169952,0
0,98,"val",103,0.547928988933563,0
0,98,"val",104,0.622523665428162,1
0,98,"val",105,0.615366518497467,1
0,98,"val",106,0.520925521850586,1
0,98,"val",107,0.525275468826294,1
0,98,"val",108,0.405015468597412,1
0,98,"val",109,0.392705500125885,0
0,98,"val",110,0.338602513074875,0
0,98,"val",111,0.300408154726028,1
0,98,"val",112,0.47547510266304,1
0,98,"val",113,0.436434745788574,1
0,98,"val",114,0.435139566659927,0
0,98,"val",115,0.487547039985657,1
0,98,"val",116,0.597538530826569,0
0,98,"val",117,0.626835107803345,1
0,98,"val",118,0.666370213031769,1
0,98,"val",119,0.676448464393616,1
0,98,"val",120,0.442226529121399,0
0,98,"val",121,0.470313936471939,0
0,98,"val",122,0.530938327312469,0
0,98,"val",123,0.538475513458252,1
0,98,"val",124,0.734168291091919,1
0,98,"val",125,0.714581191539764,1
0,98,"val",126,0.702978730201721,1
0,98,"val",127,0.729171872138977,1
0,98,"val",128,0.547928810119629,1
0,98,"val",129,0.502489447593689,1
0,98,"val",130,0.615366518497467,1
0,98,"val",131,0.616283714771271,0
0,98,"val",132,0.525275468826294,0
0,98,"val",133,0.506348311901093,1
0,98,"val",134,0.392705500125885,1
0,98,"val",135,0.387799203395844,0
0,98,"val",136,0.300408154726028,0
0,98,"val",137,0.335419893264771,0
0,98,"val",138,0.436434745788574,0
0,98,"val",139,0.456941604614258,0
0,98,"val",140,0.487547039985657,0
0,98,"val",141,0.596570909023285,1
0,98,"val",142,0.626835107803345,1
0,98,"val",143,0.627135455608368,1
0,98,"val",144,0.676448464393616,0
0,98,"val",145,0.687053620815277,0
0,98,"val",146,0.470313936471939,0
0,98,"val",147,0.459718197584152,0
0,98,"val",148,0.538475513458252,0
0,98,"val",149,0.600104153156281,0
0,98,"val",150,0.714581191539764,0
0,98,"val",151,0.723310172557831,0
0,98,"val",152,0.729171872138977,1
0,98,"val",153,0.636900186538696,0
0,98,"val",154,0.502489447593689,1
0,98,"val",155,0.534648060798645,0
0,98,"val",156,0.616283714771271,0
0,98,"val",157,0.621810913085938,0
0,98,"val",158,0.506348311901093,0
0,98,"val",159,0.48785987496376,1
0,98,"val",160,0.387799113988876,1
0,98,"val",161,0.411438316106796,1
0,98,"val",162,0.335419893264771,1
0,98,"val",163,0.289354056119919,1
0,98,"val",164,0.456941604614258,0
0,98,"val",165,0.525229811668396,0
0,98,"val",166,0.596570909023285,0
0,98,"val",167,0.578271865844727,0
0,98,"val",168,0.627135455608368,1
0,98,"val",169,0.622886002063751,0
0,98,"val",170,0.687053620815277,0
0,98,"val",171,0.687353134155273,0
0,98,"val",172,0.459718197584152,1
0,98,"val",173,0.449000656604767,1
0,98,"val",174,0.600104153156281,1
0,98,"val",175,0.550492167472839,0
0,98,"val",176,0.723310172557831,0
0,98,"val",177,0.685323297977448,1
0,98,"val",178,0.636900186538696,0
0,98,"val",179,0.625945329666138,1
0,98,"val",180,0.534648060798645,0
0,98,"val",181,0.536433815956116,1
0,98,"val",182,0.621810913085938,1
0,98,"val",183,0.623989760875702,1
0,98,"val",184,0.487859785556793,0
0,98,"val",185,0.486791253089905,0
0,98,"val",186,0.411438316106796,0
0,98,"val",187,0.431648343801498,0
0,98,"val",188,0.289354056119919,0
0,98,"val",189,0.358644753694534,0
0,98,"val",190,0.525229811668396,0
0,98,"val",191,0.444010883569717,1
0,98,"val",192,0.578271865844727,0
0,98,"val",193,0.607140898704529,0
0,98,"val",194,0.622886002063751,0
0,98,"val",195,0.615487575531006,1
0,98,"val",196,0.687353134155273,1
0,98,"val",197,0.665660440921783,1
0,98,"val",198,0.449000656604767,1
0,98,"val",199,0.439497619867325,0
0,98,"val",200,0.550492167472839,0
0,98,"val",201,0.536526620388031,0
0,98,"val",202,0.685323297977448,0
0,98,"val",203,0.697970032691956,1
0,98,"val",204,0.625945329666138,1
0,98,"val",205,0.612349092960358,1
0,98,"val",206,0.536433815956116,0
0,98,"val",207,0.511558771133423,0
0,98,"val",208,0.623989760875702,0
0,98,"val",209,0.62338399887085,1
0,98,"val",210,0.486791253089905,1
0,98,"val",211,0.489077478647232,1
0,98,"val",212,0.431648343801498,1
0,98,"val",213,0.432521134614944,1
0,98,"val",214,0.358644753694534,1
0,98,"val",215,0.342636108398438,0
0,98,"val",216,0.444010883569717,0
0,98,"val",217,0.498877942562103,0
0,98,"val",218,0.607140898704529,0
0,98,"val",219,0.536505162715912,0
0,98,"val",220,0.615487575531006,0
0,98,"val",221,0.613968312740326,1
0,98,"val",222,0.665660440921783,1
0,98,"val",223,0.668768465518951,1
0,98,"val",224,0.43949756026268,0
0,98,"val",225,0.433038026094437,1
0,98,"val",226,0.536526620388031,1
0,98,"val",227,0.533092021942139,1
0,98,"val",228,0.697970032691956,0
0,98,"val",229,0.665853798389435,0
0,98,"val",230,0.612349092960358,0
0,98,"val",231,0.67447292804718,0
0,98,"val",232,0.511558771133423,0
0,98,"val",233,0.521949708461761,0
0,98,"val",234,0.62338399887085,0
0,98,"val",235,0.616352438926697,0
0,98,"val",236,0.489077478647232,0
0,98,"val",237,0.515680730342865,0
0,98,"val",238,0.432521134614944,1
0,98,"val",239,0.409246981143951,0
0,98,"val",240,0.342636108398438,0
0,98,"val",241,0.349890500307083,0
0,98,"val",242,0.498877942562103,0
0,98,"val",243,0.526495695114136,1
0,98,"val",244,0.536505162715912,1
0,98,"val",245,0.575685620307922,1
0,98,"val",246,0.613968312740326,0
0,98,"val",247,0.607725203037262,1
0,98,"val",248,0.668768525123596,1
0,98,"val",249,0.664560317993164,0
0,98,"val",250,0.433038026094437,1
0,98,"val",251,0.421846002340317,1
0,98,"val",252,0.533092021942139,1
0,98,"val",253,0.534232199192047,1
0,98,"val",254,0.665853798389435,0
0,98,"val",255,0.666655123233795,0
0,98,"val",256,0.67447292804718,0
0,98,"val",257,0.647645950317383,0
0,98,"val",258,0.521949708461761,1
0,98,"val",259,0.550327658653259,1
0,98,"val",260,0.616352438926697,1
0,98,"val",261,0.616914212703705,1
0,98,"val",262,0.515680730342865,1
0,98,"val",263,0.519739985466003,0
0,98,"val",264,0.409246981143951,0
0,98,"val",265,0.404467731714249,1
0,98,"val",266,0.349890500307083,1
0,98,"val",267,0.350459307432175,0
0,98,"val",268,0.526495695114136,0
0,98,"val",269,0.539621353149414,0
0,98,"val",270,0.575685620307922,1
0,98,"val",271,0.640988945960999,1
0,98,"val",272,0.607725203037262,1
0,98,"val",273,0.61963278055191,1
0,98,"val",274,0.664560317993164,0
0,98,"val",275,0.660555362701416,0
0,98,"val",276,0.421846002340317,0
0,98,"val",277,0.448848396539688,0
0,98,"val",278,0.534232199192047,1
0,98,"val",279,0.538207709789276,1
0,98,"val",280,0.666655123233795,1
0,98,"val",281,0.687244176864624,1
0,98,"val",282,0.647645950317383,1
0,98,"val",283,0.57513415813446,1
0,98,"val",284,0.550327658653259,0
0,98,"val",285,0.528241217136383,0
0,98,"val",286,0.616914212703705,0
0,98,"val",287,0.617674946784973,0
0,98,"val",288,0.519740045070648,0
0,98,"val",289,0.520202040672302,0
0,98,"val",290,0.404467731714249,0
0,98,"val",291,0.453388273715973,0
0,98,"val",292,0.350459307432175,0
0,98,"val",293,0.292554050683975,0
0,98,"val",294,0.539621353149414,1
0,98,"val",295,0.544526696205139,1
0,98,"val",296,0.640988945960999,0
0,98,"val",297,0.4615298807621,0
0,98,"val",298,0.61963278055191,0
0,98,"val",299,0.626506507396698,1
0,98,"val",300,0.660555362701416,1
0,98,"val",301,0.660607159137726,1
0,98,"val",302,0.448848396539688,0
0,98,"val",303,0.449791014194489,0
0,98,"val",304,0.538207709789276,0
0,98,"test",1,0.543013274669647,0
0,98,"test",2,0.687244176864624,0
0,98,"test",3,0.701812505722046,1
0,98,"test",4,0.57513415813446,1
0,98,"test",5,0.639902234077454,1
0,98,"test",6,0.528241217136383,1
0,98,"test",7,0.538962721824646,1
0,98,"test",8,0.617675065994263,1
0,98,"test",9,0.622523248195648,1
0,98,"test",10,0.520202040672302,1
0,98,"test",11,0.536552488803864,1
0,98,"test",12,0.453388273715973,1
0,98,"test",13,0.369183897972107,1
0,98,"test",14,0.292554050683975,1
0,98,"test",15,0.287047207355499,1
0,98,"test",16,0.544526696205139,1
0,98,"test",17,0.491078436374664,0
0,98,"test",18,0.4615298807621,0
0,98,"test",19,0.444375604391098,0
0,98,"test",20,0.626506507396698,1
0,98,"test",21,0.62926971912384,1
0,98,"test",22,0.660607159137726,1
0,98,"test",23,0.648425102233887,0
0,98,"test",24,0.449791014194489,0
0,98,"test",25,0.458631575107574,0
0,98,"test",26,0.543013274669647,1
0,98,"test",27,0.538693785667419,1
0,98,"test",28,0.701812505722046,1
0,98,"test",29,0.70747697353363,0
0,98,"test",30,0.639902234077454,0
0,98,"test",31,0.669404029846191,0
0,98,"test",32,0.538962721824646,0
0,98,"test",33,0.566127896308899,0
0,98,"test",34,0.622523248195648,1
0,98,"test",35,0.608055114746094,1
0,98,"test",36,0.536552488803864,1
0,98,"test",37,0.540101647377014,1
0,98,"test",38,0.369183897972107,1
0,98,"test",39,0.369310170412064,1
0,98,"test",40,0.287047207355499,1
0,98,"test",41,0.301977753639221,1
0,98,"test",42,0.491078436374664,0
0,98,"test",43,0.430437356233597,0
0,98,"test",44,0.444375604391098,1
0,98,"test",45,0.458402514457703,1
0,98,"test",46,0.62926971912384,1
0,98,"test",47,0.626412391662598,0
0,98,"test",48,0.648425102233887,0
0,98,"test",49,0.674857556819916,0
0,98,"test",50,0.458631575107574,0
0,98,"test",51,0.428978025913239,1
0,98,"test",52,0.538693785667419,1
0,98,"test",53,0.533347725868225,1
0,98,"test",54,0.70747697353363,1
0,98,"test",55,0.69979465007782,0
0,98,"test",56,0.669404089450836,0
0,98,"test",57,0.777110278606415,0
0,98,"test",58,0.566127896308899,0
0,98,"test",59,0.563540816307068,1
0,98,"test",60,0.608055114746094,1
0,98,"test",61,0.627529382705688,1
0,98,"test",62,0.540101647377014,0
0,98,"test",63,0.52746570110321,1
0,98,"test",64,0.369310081005096,1
0,98,"test",65,0.401635974645615,1
0,98,"test",66,0.301977753639221,1
0,98,"test",67,0.270066946744919,1
0,98,"test",68,0.430437356233597,0
0,98,"test",69,0.455422163009644,0
0,98,"test",70,0.458402514457703,0
0,98,"test",71,0.52062326669693,1
0,98,"test",72,0.626412391662598,1
0,98,"test",73,0.611581385135651,0
0,98,"test",74,0.674857556819916,0
0,98,"test",75,0.668374061584473,0
0,98,"test",76,0.428978025913239,0
0,98,"test",77,0.420959085226059,0
0,98,"test",78,0.533347725868225,1
0,98,"test",79,0.565488338470459,0
0,98,"test",80,0.69979465007782,0
0,98,"test",81,0.719642102718353,1
0,98,"test",82,0.777110278606415,1
0,98,"test",83,0.684028387069702,1
0,98,"test",84,0.563540816307068,1
0,98,"test",85,0.566327691078186,0
0,98,"test",86,0.627529382705688,0
0,98,"test",87,0.624620079994202,0
0,98,"test",88,0.52746570110321,0
0,98,"test",89,0.491649448871613,0
0,98,"test",90,0.401635974645615,0
0,98,"test",91,0.391453623771667,1
0,98,"test",92,0.270066946744919,0
0,98,"test",93,0.269162803888321,0
0,98,"test",94,0.455422163009644,0
0,98,"test",95,0.459033042192459,0
0,98,"test",96,0.520623385906219,0
0,98,"test",97,0.533783853054047,1
0,98,"test",98,0.611581385135651,1
0,98,"test",99,0.624327540397644,1
0,98,"test",100,0.668374061584473,1
0,98,"test",101,0.669141173362732,1
0,98,"test",102,0.420959085226059,0
0,98,"test",103,0.392920196056366,0
0,98,"test",104,0.565488338470459,0
0,98,"test",105,0.613776206970215,0
0,98,"test",106,0.719642102718353,0
0,98,"test",107,0.676672279834747,0
0,98,"test",108,0.684028387069702,0
0,98,"test",109,0.705831527709961,0
0,98,"test",110,0.566327691078186,1
0,98,"test",111,0.527492702007294,1
0,98,"test",112,0.624620079994202,1
0,98,"test",113,0.620777308940887,0
0,98,"test",114,0.491649448871613,1
0,98,"test",115,0.50817197561264,1
0,98,"test",116,0.391453623771667,1
0,98,"test",117,0.422821462154388,1
0,98,"test",118,0.269162803888321,1
0,98,"test",119,0.317902714014053,0
0,98,"test",120,0.459033071994781,0
0,98,"test",121,0.53286612033844,0
0,98,"test",122,0.533783853054047,1
0,98,"test",123,0.541120231151581,1
0,98,"test",124,0.624327540397644,1
0,98,"test",125,0.615226566791534,0
0,98,"test",126,0.669141173362732,0
0,98,"test",127,0.680013000965118,0
0,98,"test",128,0.392920076847076,1
0,98,"test",129,0.413440048694611,1
0,98,"test",130,0.613776206970215,1
0,98,"test",131,0.629675626754761,1
0,98,"test",132,0.676672279834747,0
0,98,"test",133,0.773256659507751,0
0,98,"test",134,0.705831527709961,0
0,98,"test",135,0.659918427467346,0
0,98,"test",136,0.527492702007294,0
0,98,"test",137,0.559143483638763,1
0,98,"test",138,0.620777308940887,1
0,98,"test",139,0.621169209480286,1
0,98,"test",140,0.50817197561264,1
0,98,"test",141,0.498278439044952,1
0,98,"test",142,0.422821462154388,1
0,98,"test",143,0.442429393529892,1
0,98,"test",144,0.317902714014053,1
0,98,"test",145,0.320765793323517,1
0,98,"test",146,0.53286612033844,1
0,98,"test",147,0.525321364402771,1
0,98,"test",148,0.541120231151581,1
0,98,"test",149,0.430372297763824,1
0,98,"test",150,0.615226566791534,1
0,98,"test",151,0.613578915596008,1
0,98,"test",152,0.680013000965118,0
0,98,"test",153,0.678632259368896,0
0,98,"test",154,0.413440048694611,1
0,98,"test",155,0.45133313536644,1
0,98,"test",156,0.629675626754761,1
0,98,"test",157,0.589788258075714,0
0,98,"test",158,0.773256659507751,0
0,98,"test",159,0.730658650398254,0
0,98,"test",160,0.659918427467346,0
0,98,"test",161,0.649462401866913,0
0,98,"test",162,0.559143483638763,0
0,98,"test",163,0.536748647689819,0
0,98,"test",164,0.621169209480286,0
0,98,"test",165,0.615785717964172,1
0,98,"test",166,0.498278439044952,1
0,98,"test",167,0.519312918186188,0
0,98,"test",168,0.442429393529892,1
0,98,"test",169,0.426870673894882,1
0,98,"test",170,0.320765793323517,1
0,98,"test",171,0.326500505208969,0
0,98,"test",172,0.525321364402771,0
0,98,"test",173,0.551816165447235,1
0,98,"test",174,0.430372297763824,1
0,98,"test",175,0.483409941196442,1
0,98,"test",176,0.613578915596008,1
0,98,"test",177,0.607301592826843,0
0,98,"test",178,0.678632259368896,0
0,98,"test",179,0.685320913791656,0
0,98,"test",180,0.45133313536644,0
0,98,"test",181,0.383255392313004,0
0,98,"test",182,0.589788258075714,0
0,98,"test",183,0.575658202171326,0
0,98,"test",184,0.730658650398254,0
0,98,"test",185,0.714651525020599,0
0,98,"test",186,0.649462401866913,1
0,98,"test",187,0.622558951377869,0
0,98,"test",188,0.536748647689819,0
0,98,"test",189,0.539955735206604,0
0,98,"test",190,0.615785717964172,0
0,98,"test",191,0.630773961544037,0
0,98,"test",192,0.519312918186188,0
0,98,"test",193,0.47040456533432,0
0,98,"test",194,0.426870673894882,0
0,98,"test",195,0.451447784900665,0
0,98,"test",196,0.326500505208969,0
0,98,"test",197,0.321515738964081,1
0,98,"test",198,0.551816165447235,1
0,98,"test",199,0.536364674568176,1
0,98,"test",200,0.483409941196442,0
0,98,"test",201,0.493556439876556,0
0,98,"test",202,0.607301592826843,1
0,98,"test",203,0.637654662132263,0
0,98,"test",204,0.685320913791656,0
0,98,"test",205,0.669114589691162,0
0,98,"test",206,0.383255392313004,1
0,98,"test",207,0.355017006397247,0
0,98,"test",208,0.575658202171326,0
0,98,"test",209,0.540662169456482,0
0,98,"test",210,0.714651525020599,0
0,98,"test",211,0.715300738811493,0
0,98,"test",212,0.622558951377869,1
0,98,"test",213,0.734170436859131,0
0,98,"test",214,0.539955735206604,1
0,98,"test",215,0.559361577033997,1
0,98,"test",216,0.630773961544037,1
0,98,"test",217,0.635950267314911,0
0,98,"test",218,0.47040456533432,0
0,98,"test",219,0.467139035463333,1
0,98,"test",220,0.451447784900665,1
0,98,"test",221,0.431252092123032,0
0,98,"test",222,0.321515738964081,1
0,98,"test",223,0.314754784107208,1
0,98,"test",224,0.536364495754242,1
0,98,"test",225,0.496555328369141,0
0,98,"test",226,0.493556439876556,0
0,98,"test",227,0.45497915148735,0
0,98,"test",228,0.637654662132263,1
0,98,"test",229,0.610623419284821,1
0,98,"test",230,0.669114589691162,0
0,98,"test",231,0.67165195941925,1
0,98,"test",232,0.355017006397247,1
0,98,"test",233,0.475601345300674,1
0,98,"test",234,0.540662169456482,1
0,98,"test",235,0.542424976825714,1
0,98,"test",236,0.715300738811493,1
0,98,"test",237,0.731360197067261,0
0,98,"test",238,0.734170436859131,0
0,98,"test",239,0.65923285484314,0
0,98,"test",240,0.559361577033997,0
0,98,"test",241,0.559932112693787,0
0,98,"test",242,0.635950267314911,0
0,98,"test",243,0.633517503738403,0
0,98,"test",244,0.467139035463333,1
0,98,"test",245,0.477403849363327,1
0,98,"test",246,0.431252092123032,1
0,98,"test",247,0.458162665367126,1
0,98,"test",248,0.314754843711853,1
0,98,"test",249,0.236342921853065,1
0,98,"test",250,0.496555328369141,1
0,98,"test",251,0.469275414943695,1
0,98,"test",252,0.45497915148735,0
0,98,"test",253,0.419781506061554,0
0,98,"test",254,0.610623419284821,0
0,98,"test",255,0.599132061004639,1
0,98,"test",256,0.671651840209961,1
0,98,"test",257,0.674157798290253,1
0,98,"test",258,0.475601345300674,1
0,98,"test",259,0.418008357286453,1
0,98,"test",260,0.542424976825714,1
0,98,"test",261,0.53732031583786,1
0,98,"test",262,0.731360197067261,0
0,98,"test",263,0.723051249980927,0
0,98,"test",264,0.65923285484314,1
0,98,"test",265,0.691922426223755,1
0,98,"test",266,0.559932112693787,1
0,98,"test",267,0.586673378944397,1
0,98,"test",268,0.633517503738403,1
0,98,"test",269,0.627071797847748,1
0,98,"test",270,0.477403849363327,1
0,98,"test",271,0.499680042266846,1
0,98,"test",272,0.458162665367126,1
0,98,"test",273,0.449948906898499,1
0,98,"test",274,0.236342921853065,1
0,98,"test",275,0.310909032821655,1
0,98,"test",276,0.469275414943695,1
0,98,"test",277,0.515328943729401,1
0,98,"test",278,0.419781506061554,0
0,98,"test",279,0.36831259727478,0
0,98,"test",280,0.599132061004639,0
0,98,"test",281,0.627202928066254,0
0,98,"test",282,0.674157798290253,0
0,98,"test",283,0.66487592458725,0
0,98,"test",284,0.418008357286453,0
0,98,"test",285,0.470015794038773,0
0,98,"test",286,0.53732031583786,0
0,98,"test",287,0.613322377204895,0
0,98,"test",288,0.723051249980927,0
0,98,"test",289,0.718376159667969,0
0,98,"test",290,0.691922426223755,0
0,98,"test",291,0.613056004047394,0
0,98,"test",292,0.586673378944397,1
0,98,"test",293,0.494055688381195,1
0,98,"test",294,0.627071797847748,1
0,98,"test",295,0.612944543361664,0
0,98,"test",296,0.499680042266846,0
0,98,"test",297,0.511880576610565,1
0,98,"test",298,0.449948906898499,0
0,98,"test",299,0.449527531862259,0
0,98,"test",300,0.310909032821655,1
0,98,"test",301,0.310981512069702,1
0,98,"test",302,0.515328943729401,1
0,98,"test",303,0.456817328929901,0
0,98,"test",304,0.36831259727478,1
0,98,"test",305,0.400083839893341,0
0,41,"val",1,0.464456379413605,0
0,41,"val",2,0.393040001392365,1
0,41,"val",3,0.39626756310463,0
0,41,"val",4,0.41916224360466,1
0,41,"val",5,0.426792502403259,1
0,41,"val",6,0.34399875998497,1
0,41,"val",7,0.326726585626602,1
0,41,"val",8,0.519379198551178,1
0,41,"val",9,0.519470870494843,1
0,41,"val",10,0.543341994285583,1
0,41,"val",11,0.506888449192047,1
0,41,"val",12,0.391841858625412,1
0,41,"val",13,0.421277076005936,1
0,41,"val",14,0.366454809904099,1
0,41,"val",15,0.418789833784103,1
0,41,"val",16,0.364655792713165,1
0,41,"val",17,0.272116839885712,1
0,41,"val",18,0.444004148244858,1
0,41,"val",19,0.479750603437424,1
0,41,"val",20,0.560052871704102,1
0,41,"val",21,0.600151717662811,1
0,41,"val",22,0.534834682941437,1
0,41,"val",23,0.46940553188324,0
0,41,"val",24,0.568648099899292,0
0,41,"val",25,0.430280327796936,1
0,41,"val",26,0.464456379413605,0
0,41,"val",27,0.473432004451752,0
0,41,"val",28,0.39626756310463,0
0,41,"val",29,0.338127553462982,1
0,41,"val",30,0.426792502403259,1
0,41,"val",31,0.419611632823944,0
0,41,"val",32,0.326726496219635,0
0,41,"val",33,0.331798762083054,0
0,41,"val",34,0.519470870494843,0
0,41,"val",35,0.502079248428345,0
0,41,"val",36,0.506888449192047,0
0,41,"val",37,0.52640825510025,1
0,41,"val",38,0.421277076005936,1
0,41,"val",39,0.447530835866928,1
0,41,"val",40,0.418789833784103,0
0,41,"val",41,0.392312556505203,0
0,41,"val",42,0.272116839885712,0
0,41,"val",43,0.293159902095795,0
0,41,"val",44,0.479750603437424,0
0,41,"val",45,0.414061099290848,0
0,41,"val",46,0.600151717662811,0
0,41,"val",47,0.576251864433289,1
0,41,"val",48,0.46940553188324,1
0,41,"val",49,0.527445673942566,1
0,41,"val",50,0.430280327796936,1
0,41,"val",51,0.511508941650391,1
0,41,"val",52,0.473432004451752,1
0,41,"val",53,0.528142690658569,1
0,41,"val",54,0.338127553462982,1
0,41,"val",55,0.374263137578964,1
0,41,"val",56,0.419611632823944,1
0,41,"val",57,0.411367148160934,1
0,41,"val",58,0.331798762083054,1
0,41,"val",59,0.310969591140747,1
0,41,"val",60,0.502079248428345,1
0,41,"val",61,0.479012429714203,0
0,41,"val",62,0.52640825510025,1
0,41,"val",63,0.559198141098022,0
0,41,"val",64,0.44753086566925,0
0,41,"val",65,0.439405232667923,1
0,41,"val",66,0.392312556505203,1
0,41,"val",67,0.405122995376587,1
0,41,"val",68,0.293159902095795,1
0,41,"val",69,0.315647304058075,1
0,41,"val",70,0.414061099290848,1
0,41,"val",71,0.464205473661423,1
0,41,"val",72,0.576251864433289,1
0,41,"val",73,0.553919792175293,1
0,41,"val",74,0.527445673942566,1
0,41,"val",75,0.567594707012177,1
0,41,"val",76,0.511508941650391,0
0,41,"val",77,0.488471239805222,1
0,41,"val",78,0.528142690658569,1
0,41,"val",79,0.464870452880859,0
0,41,"val",80,0.374263137578964,0
0,41,"val",81,0.391027837991714,0
0,41,"val",82,0.411367148160934,1
0,41,"val",83,0.414503425359726,0
0,41,"val",84,0.310969591140747,0
0,41,"val",85,0.315179973840714,0
0,41,"val",86,0.479012429714203,1
0,41,"val",87,0.462416529655457,1
0,41,"val",88,0.559198141098022,1
0,41,"val",89,0.594782769680023,0
0,41,"val",90,0.439405232667923,0
0,41,"val",91,0.417694181203842,0
0,41,"val",92,0.405122995376587,0
0,41,"val",93,0.450635135173798,0
0,41,"val",94,0.315647304058075,0
0,41,"val",95,0.263444632291794,0
0,41,"val",96,0.464205473661423,1
0,41,"val",97,0.433822900056839,1
0,41,"val",98,0.553919792175293,1
0,41,"val",99,0.575484097003937,1
0,41,"val",100,0.567594707012177,0
0,41,"val",101,0.568456649780273,0
0,41,"val",102,0.488471239805222,0
0,41,"val",103,0.394149780273438,0
0,41,"val",104,0.464870452880859,1
0,41,"val",105,0.423926949501038,1
0,41,"val",106,0.391027837991714,1
0,41,"val",107,0.389325678348541,1
0,41,"val",108,0.414503425359726,1
0,41,"val",109,0.409295350313187,0
0,41,"val",110,0.315179973840714,0
0,41,"val",111,0.340330511331558,1
0,41,"val",112,0.462416529655457,1
0,41,"val",113,0.496070683002472,1
0,41,"val",114,0.594782769680023,0
0,41,"val",115,0.55009651184082,1
0,41,"val",116,0.417694181203842,0
0,41,"val",117,0.455841183662415,1
0,41,"val",118,0.450635135173798,1
0,41,"val",119,0.367362976074219,1
0,41,"val",120,0.263444632291794,0
0,41,"val",121,0.36474621295929,0
0,41,"val",122,0.433822900056839,0
0,41,"val",123,0.458528995513916,1
0,41,"val",124,0.575484097003937,1
0,41,"val",125,0.534980654716492,1
0,41,"val",126,0.568456649780273,1
0,41,"val",127,0.596367120742798,1
0,41,"val",128,0.394149780273438,1
0,41,"val",129,0.23193633556366,1
0,41,"val",130,0.423926949501038,1
0,41,"val",131,0.444057434797287,0
0,41,"val",132,0.389325678348541,0
0,41,"val",133,0.391778171062469,1
0,41,"val",134,0.409295350313187,1
0,41,"val",135,0.420614570379257,0
0,41,"val",136,0.340330511331558,0
0,41,"val",137,0.321948140859604,0
0,41,"val",138,0.496070683002472,0
0,41,"val",139,0.447745442390442,0
0,41,"val",140,0.55009651184082,0
0,41,"val",141,0.473015308380127,1
0,41,"val",142,0.455841183662415,1
0,41,"val",143,0.425091952085495,1
0,41,"val",144,0.367362976074219,0
0,41,"val",145,0.376177877187729,0
0,41,"val",146,0.36474621295929,0
0,41,"val",147,0.352993488311768,0
0,41,"val",148,0.458528995513916,0
0,41,"val",149,0.539240539073944,0
0,41,"val",150,0.534980654716492,0
0,41,"val",151,0.518169403076172,0
0,41,"val",152,0.596367061138153,1
0,41,"val",153,0.477780997753143,0
0,41,"val",154,0.23193633556366,1
0,41,"val",155,0.276657223701477,0
0,41,"val",156,0.444057434797287,0
0,41,"val",157,0.429946810007095,0
0,41,"val",158,0.391778171062469,0
0,41,"val",159,0.400950938463211,1
0,41,"val",160,0.420614570379257,1
0,41,"val",161,0.410378098487854,1
0,41,"val",162,0.321948140859604,1
0,41,"val",163,0.335546463727951,1
0,41,"val",164,0.447745442390442,0
0,41,"val",165,0.503237366676331,0
0,41,"val",166,0.473015308380127,0
0,41,"val",167,0.465881794691086,0
0,41,"val",168,0.425091952085495,1
0,41,"val",169,0.448513180017471,0
0,41,"val",170,0.376177877187729,0
0,41,"val",171,0.376116842031479,0
0,41,"val",172,0.352993488311768,1
0,41,"val",173,0.343891620635986,1
0,41,"val",174,0.539240539073944,1
0,41,"val",175,0.498495280742645,0
0,41,"val",176,0.518169403076172,0
0,41,"val",177,0.462589681148529,1
0,41,"val",178,0.477780997753143,0
0,41,"val",179,0.504586398601532,1
0,41,"val",180,0.276657223701477,0
0,41,"val",181,0.277924060821533,1
0,41,"val",182,0.429946810007095,1
0,41,"val",183,0.378025680780411,1
0,41,"val",184,0.400950908660889,0
0,41,"val",185,0.399652063846588,0
0,41,"val",186,0.410378098487854,0
0,41,"val",187,0.383848637342453,0
0,41,"val",188,0.335546463727951,0
0,41,"val",189,0.306420356035233,0
0,41,"val",190,0.503237366676331,0
0,41,"val",191,0.516188263893127,1
0,41,"val",192,0.465881794691086,0
0,41,"val",193,0.452489912509918,0
0,41,"val",194,0.448513180017471,0
0,41,"val",195,0.395631104707718,1
0,41,"val",196,0.376116842031479,1
0,41,"val",197,0.386422246694565,1
0,41,"val",198,0.343891620635986,1
0,41,"val",199,0.29362216591835,0
0,41,"val",200,0.498495280742645,0
0,41,"val",201,0.45267641544342,0
0,41,"val",202,0.462589681148529,0
0,41,"val",203,0.501115620136261,1
0,41,"val",204,0.504586398601532,1
0,41,"val",205,0.527868032455444,1
0,41,"val",206,0.277924060821533,0
0,41,"val",207,0.491508215665817,0
0,41,"val",208,0.378025680780411,0
0,41,"val",209,0.472271084785461,1
0,41,"val",210,0.399652063846588,1
0,41,"val",211,0.395402014255524,1
0,41,"val",212,0.383848637342453,1
0,41,"val",213,0.396204918622971,1
0,41,"val",214,0.306420356035233,1
0,41,"val",215,0.313389658927917,0
0,41,"val",216,0.516188323497772,0
0,41,"val",217,0.510672807693481,0
0,41,"val",218,0.452489912509918,0
0,41,"val",219,0.512863457202911,0
0,41,"val",220,0.395631104707718,0
0,41,"val",221,0.430541396141052,1
0,41,"val",222,0.386422246694565,1
0,41,"val",223,0.414854496717453,1
0,41,"val",224,0.293622136116028,0
0,41,"val",225,0.412664234638214,1
0,41,"val",226,0.45267641544342,1
0,41,"val",227,0.441055476665497,1
0,41,"val",228,0.501115620136261,0
0,41,"val",229,0.497346103191376,0
0,41,"val",230,0.527868032455444,0
0,41,"val",231,0.567749857902527,0
0,41,"val",232,0.491508215665817,0
0,41,"val",233,0.284580290317535,0
0,41,"val",234,0.472271084785461,0
0,41,"val",235,0.524029910564423,0
0,41,"val",236,0.395402014255524,0
0,41,"val",237,0.389393329620361,0
0,41,"val",238,0.396204918622971,1
0,41,"val",239,0.405212044715881,0
0,41,"val",240,0.313389658927917,0
0,41,"val",241,0.310684114694595,0
0,41,"val",242,0.510672807693481,0
0,41,"val",243,0.496763944625854,1
0,41,"val",244,0.512863457202911,1
0,41,"val",245,0.486697107553482,1
0,41,"val",246,0.430541396141052,0
0,41,"val",247,0.398483216762543,1
0,41,"val",248,0.414854407310486,1
0,41,"val",249,0.415825992822647,0
0,41,"val",250,0.412664234638214,1
0,41,"val",251,0.375147879123688,1
0,41,"val",252,0.441055476665497,1
0,41,"val",253,0.456349581480026,1
0,41,"val",254,0.497346103191376,0
0,41,"val",255,0.479301869869232,0
0,41,"val",256,0.567749857902527,0
0,41,"val",257,0.551566123962402,0
0,41,"val",258,0.284580290317535,1
0,41,"val",259,0.431387037038803,1
0,41,"val",260,0.524029910564423,1
0,41,"val",261,0.436863929033279,1
0,41,"val",262,0.389393329620361,1
0,41,"val",263,0.386529445648193,0
0,41,"val",264,0.405212044715881,0
0,41,"val",265,0.405565500259399,1
0,41,"val",266,0.310684114694595,1
0,41,"val",267,0.310601711273193,0
0,41,"val",268,0.496763944625854,0
0,41,"val",269,0.484235286712646,0
0,41,"val",270,0.486697107553482,1
0,41,"val",271,0.442419677972794,1
0,41,"val",272,0.398483216762543,1
0,41,"val",273,0.46747162938118,1
0,41,"val",274,0.415825992822647,0
0,41,"val",275,0.451533019542694,0
0,41,"val",276,0.375147879123688,0
0,41,"val",277,0.399109452962875,0
0,41,"val",278,0.456349581480026,1
0,41,"val",279,0.463856160640717,1
0,41,"val",280,0.479301869869232,1
0,41,"val",281,0.522715091705322,1
0,41,"val",282,0.551566123962402,1
0,41,"val",283,0.517495512962341,1
0,41,"val",284,0.431387037038803,0
0,41,"val",285,0.471838682889938,0
0,41,"val",286,0.436863929033279,0
0,41,"val",287,0.489682912826538,0
0,41,"val",288,0.386529445648193,0
0,41,"val",289,0.383239716291428,0
0,41,"val",290,0.405565500259399,0
0,41,"val",291,0.376877248287201,0
0,41,"val",292,0.310601711273193,0
0,41,"val",293,0.33617901802063,0
0,41,"val",294,0.484235286712646,1
0,41,"val",295,0.472832292318344,1
0,41,"val",296,0.442419677972794,0
0,41,"val",297,0.571085751056671,0
0,41,"val",298,0.46747162938118,0
0,41,"val",299,0.486406266689301,1
0,41,"val",300,0.451533019542694,1
0,41,"val",301,0.405545949935913,1
0,41,"val",302,0.399109452962875,0
0,41,"val",303,0.31889745593071,0
0,41,"val",304,0.463856160640717,0
0,41,"test",1,0.336971759796143,0
0,41,"test",2,0.522715091705322,0
0,41,"test",3,0.540573537349701,1
0,41,"test",4,0.517495512962341,1
0,41,"test",5,0.522009909152985,1
0,41,"test",6,0.471838682889938,1
0,41,"test",7,0.439539939165115,1
0,41,"test",8,0.489682912826538,1
0,41,"test",9,0.409940958023071,1
0,41,"test",10,0.383239716291428,1
0,41,"test",11,0.384571015834808,1
0,41,"test",12,0.376877248287201,1
0,41,"test",13,0.414406806230545,1
0,41,"test",14,0.33617901802063,1
0,41,"test",15,0.336470872163773,1
0,41,"test",16,0.472832292318344,1
0,41,"test",17,0.49856024980545,0
0,41,"test",18,0.571085751056671,0
0,41,"test",19,0.586116850376129,0
0,41,"test",20,0.486406266689301,1
0,41,"test",21,0.499401211738586,1
0,41,"test",22,0.405545949935913,1
0,41,"test",23,0.400809317827225,0
0,41,"test",24,0.31889745593071,0
0,41,"test",25,0.413118600845337,0
0,41,"test",26,0.336971759796143,1
0,41,"test",27,0.460475713014603,1
0,41,"test",28,0.540573537349701,1
0,41,"test",29,0.529088020324707,0
0,41,"test",30,0.522009909152985,0
0,41,"test",31,0.550873637199402,0
0,41,"test",32,0.439539939165115,0
0,41,"test",33,0.381194084882736,0
0,41,"test",34,0.409940958023071,1
0,41,"test",35,0.426202654838562,1
0,41,"test",36,0.384571015834808,1
0,41,"test",37,0.386597454547882,1
0,41,"test",38,0.414406806230545,1
0,41,"test",39,0.40665876865387,1
0,41,"test",40,0.336470872163773,1
0,41,"test",41,0.332222729921341,1
0,41,"test",42,0.49856024980545,0
0,41,"test",43,0.470815539360046,0
0,41,"test",44,0.586116850376129,1
0,41,"test",45,0.574142813682556,1
0,41,"test",46,0.499401211738586,1
0,41,"test",47,0.458045244216919,0
0,41,"test",48,0.400809317827225,0
0,41,"test",49,0.38195127248764,0
0,41,"test",50,0.413118600845337,0
0,41,"test",51,0.303104162216187,1
0,41,"test",52,0.460475713014603,1
0,41,"test",53,0.449643641710281,1
0,41,"test",54,0.529088020324707,1
0,41,"test",55,0.483065485954285,0
0,41,"test",56,0.550873577594757,0
0,41,"test",57,0.611939787864685,0
0,41,"test",58,0.381194084882736,0
0,41,"test",59,0.349836796522141,1
0,41,"test",60,0.426202654838562,1
0,41,"test",61,0.447952747344971,1
0,41,"test",62,0.386597454547882,0
0,41,"test",63,0.38468873500824,1
0,41,"test",64,0.40665876865387,1
0,41,"test",65,0.3995720744133,1
0,41,"test",66,0.332222729921341,1
0,41,"test",67,0.345459461212158,1
0,41,"test",68,0.470815539360046,0
0,41,"test",69,0.445657074451447,0
0,41,"test",70,0.574142813682556,0
0,41,"test",71,0.520543456077576,1
0,41,"test",72,0.458045244216919,1
0,41,"test",73,0.434050887823105,0
0,41,"test",74,0.38195127248764,0
0,41,"test",75,0.40261521935463,0
0,41,"test",76,0.303104162216187,0
0,41,"test",77,0.340008765459061,0
0,41,"test",78,0.449643641710281,1
0,41,"test",79,0.505582571029663,0
0,41,"test",80,0.483065485954285,0
0,41,"test",81,0.497506976127625,1
0,41,"test",82,0.611939787864685,1
0,41,"test",83,0.562738358974457,1
0,41,"test",84,0.349836796522141,1
0,41,"test",85,0.378304004669189,0
0,41,"test",86,0.447952747344971,0
0,41,"test",87,0.400061964988708,0
0,41,"test",88,0.384688675403595,0
0,41,"test",89,0.392734318971634,0
0,41,"test",90,0.3995720744133,0
0,41,"test",91,0.41512057185173,1
0,41,"test",92,0.345459461212158,0
0,41,"test",93,0.346734702587128,0
0,41,"test",94,0.445657074451447,0
0,41,"test",95,0.476161807775497,0
0,41,"test",96,0.520543456077576,0
0,41,"test",97,0.515561580657959,1
0,41,"test",98,0.434050887823105,1
0,41,"test",99,0.457749217748642,1
0,41,"test",100,0.40261521935463,1
0,41,"test",101,0.391004621982574,1
0,41,"test",102,0.340008765459061,0
0,41,"test",103,0.298632919788361,0
0,41,"test",104,0.505582571029663,0
0,41,"test",105,0.546431660652161,0
0,41,"test",106,0.497506976127625,0
0,41,"test",107,0.459817290306091,0
0,41,"test",108,0.562738358974457,0
0,41,"test",109,0.57498824596405,0
0,41,"test",110,0.378304004669189,1
0,41,"test",111,0.258491069078445,1
0,41,"test",112,0.400061964988708,1
0,41,"test",113,0.424953311681747,0
0,41,"test",114,0.392734318971634,1
0,41,"test",115,0.395254075527191,1
0,41,"test",116,0.41512057185173,1
0,41,"test",117,0.40133398771286,1
0,41,"test",118,0.346734702587128,1
0,41,"test",119,0.330346912145615,0
0,41,"test",120,0.476161807775497,0
0,41,"test",121,0.49752214550972,0
0,41,"test",122,0.515561580657959,1
0,41,"test",123,0.510471999645233,1
0,41,"test",124,0.457749217748642,1
0,41,"test",125,0.426057785749435,0
0,41,"test",126,0.391004621982574,0
0,41,"test",127,0.381396859884262,0
0,41,"test",128,0.298632889986038,1
0,41,"test",129,0.271398842334747,1
0,41,"test",130,0.546431660652161,1
0,41,"test",131,0.568007588386536,1
0,41,"test",132,0.459817290306091,0
0,41,"test",133,0.550008118152618,0
0,41,"test",134,0.57498824596405,0
0,41,"test",135,0.55909538269043,0
0,41,"test",136,0.258491069078445,0
0,41,"test",137,0.379541903734207,1
0,41,"test",138,0.424953311681747,1
0,41,"test",139,0.452372431755066,1
0,41,"test",140,0.395254075527191,1
0,41,"test",141,0.398442327976227,1
0,41,"test",142,0.40133398771286,1
0,41,"test",143,0.405663639307022,1
0,41,"test",144,0.330346912145615,1
0,41,"test",145,0.335730075836182,1
0,41,"test",146,0.49752214550972,1
0,41,"test",147,0.505530476570129,1
0,41,"test",148,0.510471999645233,1
0,41,"test",149,0.599195420742035,1
0,41,"test",150,0.426057785749435,1
0,41,"test",151,0.447344809770584,1
0,41,"test",152,0.38139683008194,0
0,41,"test",153,0.425052165985107,0
0,41,"test",154,0.271398842334747,1
0,41,"test",155,0.231630191206932,1
0,41,"test",156,0.568007588386536,1
0,41,"test",157,0.527826547622681,0
0,41,"test",158,0.550008118152618,0
0,41,"test",159,0.522734463214874,0
0,41,"test",160,0.559095501899719,0
0,41,"test",161,0.554667055606842,0
0,41,"test",162,0.379541903734207,0
0,41,"test",163,0.455075681209564,0
0,41,"test",164,0.452372431755066,0
0,41,"test",165,0.429105341434479,1
0,41,"test",166,0.398442327976227,1
0,41,"test",167,0.390265166759491,0
0,41,"test",168,0.405663639307022,1
0,41,"test",169,0.411271750926971,1
0,41,"test",170,0.335730075836182,1
0,41,"test",171,0.330944657325745,0
0,41,"test",172,0.505530476570129,0
0,41,"test",173,0.495838463306427,1
0,41,"test",174,0.599195420742035,1
0,41,"test",175,0.553337693214417,1
0,41,"test",176,0.447344809770584,1
0,41,"test",177,0.455046653747559,0
0,41,"test",178,0.425052165985107,0
0,41,"test",179,0.379242897033691,0
0,41,"test",180,0.231630191206932,0
0,41,"test",181,0.384979456663132,0
0,41,"test",182,0.527826547622681,0
0,41,"test",183,0.517940163612366,0
0,41,"test",184,0.522734642028809,0
0,41,"test",185,0.469339191913605,0
0,41,"test",186,0.554667055606842,1
0,41,"test",187,0.542815685272217,0
0,41,"test",188,0.455075681209564,0
0,41,"test",189,0.454654037952423,0
0,41,"test",190,0.429105341434479,0
0,41,"test",191,0.444557696580887,0
0,41,"test",192,0.390265166759491,0
0,41,"test",193,0.409175515174866,0
0,41,"test",194,0.411271750926971,0
0,41,"test",195,0.393275916576385,0
0,41,"test",196,0.330944657325745,0
0,41,"test",197,0.322675675153732,1
0,41,"test",198,0.495838463306427,1
0,41,"test",199,0.496842920780182,1
0,41,"test",200,0.553337693214417,0
0,41,"test",201,0.54458212852478,0
0,41,"test",202,0.455046653747559,1
0,41,"test",203,0.476504802703857,0
0,41,"test",204,0.379242897033691,0
0,41,"test",205,0.383239716291428,0
0,41,"test",206,0.384979456663132,1
0,41,"test",207,0.336906224489212,0
0,41,"test",208,0.517940163612366,0
0,41,"test",209,0.467304170131683,0
0,41,"test",210,0.469339191913605,0
0,41,"test",211,0.47157096862793,0
0,41,"test",212,0.542815685272217,1
0,41,"test",213,0.588033616542816,0
0,41,"test",214,0.454654037952423,1
0,41,"test",215,0.288204193115234,1
0,41,"test",216,0.444557696580887,1
0,41,"test",217,0.387335568666458,0
0,41,"test",218,0.409175515174866,0
0,41,"test",219,0.409926027059555,1
0,41,"test",220,0.393275916576385,1
0,41,"test",221,0.40984109044075,0
0,41,"test",222,0.322675675153732,1
0,41,"test",223,0.33592763543129,1
0,41,"test",224,0.496842920780182,1
0,41,"test",225,0.493820905685425,0
0,41,"test",226,0.54458212852478,0
0,41,"test",227,0.563232839107513,0
0,41,"test",228,0.476504802703857,1
0,41,"test",229,0.458613336086273,1
0,41,"test",230,0.383239716291428,0
0,41,"test",231,0.349048554897308,1
0,41,"test",232,0.336906224489212,1
0,41,"test",233,0.406350553035736,1
0,41,"test",234,0.467304170131683,1
0,41,"test",235,0.472430199384689,1
0,41,"test",236,0.47157096862793,1
0,41,"test",237,0.481733441352844,0
0,41,"test",238,0.588033616542816,0
0,41,"test",239,0.55912721157074,0
0,41,"test",240,0.288204193115234,0
0,41,"test",241,0.240082696080208,0
0,41,"test",242,0.387335568666458,0
0,41,"test",243,0.38421556353569,0
0,41,"test",244,0.409926027059555,1
0,41,"test",245,0.400076925754547,1
0,41,"test",246,0.40984109044075,1
0,41,"test",247,0.392676740884781,1
0,41,"test",248,0.33592763543129,1
0,41,"test",249,0.362742066383362,1
0,41,"test",250,0.493820905685425,1
0,41,"test",251,0.513953387737274,1
0,41,"test",252,0.563232839107513,0
0,41,"test",253,0.596379816532135,0
0,41,"test",254,0.458613336086273,0
0,41,"test",255,0.428608626127243,1
0,41,"test",256,0.349048525094986,1
0,41,"test",257,0.400298237800598,1
0,41,"test",258,0.406350553035736,1
0,41,"test",259,0.352081686258316,1
0,41,"test",260,0.472430199384689,1
0,41,"test",261,0.454964518547058,1
0,41,"test",262,0.481733441352844,0
0,41,"test",263,0.410668253898621,0
0,41,"test",264,0.55912721157074,1
0,41,"test",265,0.567127108573914,1
0,41,"test",266,0.240082696080208,1
0,41,"test",267,0.420619457960129,1
0,41,"test",268,0.38421556353569,1
0,41,"test",269,0.405766785144806,1
0,41,"test",270,0.400076925754547,1
0,41,"test",271,0.398663282394409,1
0,41,"test",272,0.392676740884781,1
0,41,"test",273,0.391825377941132,1
0,41,"test",274,0.362742066383362,1
0,41,"test",275,0.335970044136047,1
0,41,"test",276,0.513953387737274,1
0,41,"test",277,0.51754766702652,1
0,41,"test",278,0.596379816532135,0
0,41,"test",279,0.654044389724731,0
0,41,"test",280,0.428608626127243,0
0,41,"test",281,0.448889553546906,0
0,41,"test",282,0.400298237800598,0
0,41,"test",283,0.375165730714798,0
0,41,"test",284,0.352081686258316,0
0,41,"test",285,0.34907454252243,0
0,41,"test",286,0.454964518547058,0
0,41,"test",287,0.546352386474609,0
0,41,"test",288,0.410668253898621,0
0,41,"test",289,0.483641117811203,0
0,41,"test",290,0.567127108573914,0
0,41,"test",291,0.524137377738953,0
0,41,"test",292,0.420619457960129,1
0,41,"test",293,0.491101801395416,1
0,41,"test",294,0.405766785144806,1
0,41,"test",295,0.387688964605331,0
0,41,"test",296,0.398663282394409,0
0,41,"test",297,0.393888294696808,1
0,41,"test",298,0.391825377941132,0
0,41,"test",299,0.398230105638504,0
0,41,"test",300,0.335970044136047,1
0,41,"test",301,0.364886581897736,1
0,41,"test",302,0.51754766702652,1
0,41,"test",303,0.528002738952637,0
0,41,"test",304,0.654044389724731,1
0,41,"test",305,0.623956441879272,0
0,64,"val",1,0.51408588886261,0
0,64,"val",2,0.536331355571747,1
0,64,"val",3,0.531186521053314,0
0,64,"val",4,0.468133747577667,1
0,64,"val",5,0.488566130399704,1
0,64,"val",6,0.384328842163086,1
0,64,"val",7,0.384257644414902,1
0,64,"val",8,0.522189438343048,1
0,64,"val",9,0.528110146522522,1
0,64,"val",10,0.553641498088837,1
0,64,"val",11,0.52556699514389,1
0,64,"val",12,0.487806141376495,1
0,64,"val",13,0.55557644367218,1
0,64,"val",14,0.528412461280823,1
0,64,"val",15,0.573176085948944,1
0,64,"val",16,0.507459580898285,1
0,64,"val",17,0.451284825801849,1
0,64,"val",18,0.418041080236435,1
0,64,"val",19,0.44710847735405,1
0,64,"val",20,0.512304484844208,1
0,64,"val",21,0.54092937707901,1
0,64,"val",22,0.578039705753326,1
0,64,"val",23,0.481896251440048,0
0,64,"val",24,0.557762503623962,0
0,64,"val",25,0.438000112771988,1
0,64,"val",26,0.51408588886261,0
0,64,"val",27,0.524060368537903,0
0,64,"val",28,0.531186521053314,0
0,64,"val",29,0.485308796167374,1
0,64,"val",30,0.488566130399704,1
0,64,"val",31,0.488192498683929,0
0,64,"val",32,0.384257644414902,0
0,64,"val",33,0.376151323318481,0
0,64,"val",34,0.528110146522522,0
0,64,"val",35,0.521764397621155,0
0,64,"val",36,0.52556699514389,0
0,64,"val",37,0.528062224388123,1
0,64,"val",38,0.55557644367218,1
0,64,"val",39,0.542636752128601,1
0,64,"val",40,0.573176085948944,0
0,64,"val",41,0.557178020477295,0
0,64,"val",42,0.451284825801849,0
0,64,"val",43,0.464829683303833,0
0,64,"val",44,0.44710847735405,0
0,64,"val",45,0.399800062179565,0
0,64,"val",46,0.54092937707901,0
0,64,"val",47,0.529417812824249,1
0,64,"val",48,0.481896251440048,1
0,64,"val",49,0.567338883876801,1
0,64,"val",50,0.438000112771988,1
0,64,"val",51,0.508823156356812,1
0,64,"val",52,0.524060368537903,1
0,64,"val",53,0.562356352806091,1
0,64,"val",54,0.485308796167374,1
0,64,"val",55,0.519313514232635,1
0,64,"val",56,0.488192498683929,1
0,64,"val",57,0.480350613594055,1
0,64,"val",58,0.376151323318481,1
0,64,"val",59,0.376825273036957,1
0,64,"val",60,0.521764397621155,1
0,64,"val",61,0.507880687713623,0
0,64,"val",62,0.528062224388123,1
0,64,"val",63,0.554948329925537,0
0,64,"val",64,0.542636752128601,0
0,64,"val",65,0.523496806621552,1
0,64,"val",66,0.557178020477295,1
0,64,"val",67,0.564383327960968,1
0,64,"val",68,0.464829683303833,1
0,64,"val",69,0.485955148935318,1
0,64,"val",70,0.399800062179565,1
0,64,"val",71,0.434452563524246,1
0,64,"val",72,0.529417812824249,1
0,64,"val",73,0.503212451934814,1
0,64,"val",74,0.567338883876801,1
0,64,"val",75,0.633056402206421,1
0,64,"val",76,0.508823156356812,0
0,64,"val",77,0.4975526034832,1
0,64,"val",78,0.562356352806091,1
0,64,"val",79,0.52083033323288,0
0,64,"val",80,0.519313514232635,0
0,64,"val",81,0.536468029022217,0
0,64,"val",82,0.480350613594055,1
0,64,"val",83,0.494140803813934,0
0,64,"val",84,0.376825273036957,0
0,64,"val",85,0.384389132261276,0
0,64,"val",86,0.507880687713623,1
0,64,"val",87,0.502138555049896,1
0,64,"val",88,0.554948329925537,1
0,64,"val",89,0.577397346496582,0
0,64,"val",90,0.523496806621552,0
0,64,"val",91,0.494591742753983,0
0,64,"val",92,0.564383327960968,0
0,64,"val",93,0.601716637611389,0
0,64,"val",94,0.485955148935318,0
0,64,"val",95,0.456885248422623,0
0,64,"val",96,0.434452563524246,1
0,64,"val",97,0.413075268268585,1
0,64,"val",98,0.503212451934814,1
0,64,"val",99,0.521918654441833,1
0,64,"val",100,0.633056402206421,0
0,64,"val",101,0.632125914096832,0
0,64,"val",102,0.4975526034832,0
0,64,"val",103,0.408255517482758,0
0,64,"val",104,0.52083033323288,1
0,64,"val",105,0.507802605628967,1
0,64,"val",106,0.536468029022217,1
0,64,"val",107,0.535048246383667,1
0,64,"val",108,0.494140803813934,1
0,64,"val",109,0.475482553243637,0
0,64,"val",110,0.384389132261276,0
0,64,"val",111,0.38928696513176,1
0,64,"val",112,0.502138555049896,1
0,64,"val",113,0.517781138420105,1
0,64,"val",114,0.577397346496582,0
0,64,"val",115,0.549237787723541,1
0,64,"val",116,0.494591742753983,0
0,64,"val",117,0.55325973033905,1
0,64,"val",118,0.601716637611389,1
0,64,"val",119,0.528620362281799,1
0,64,"val",120,0.456885248422623,0
0,64,"val",121,0.518650710582733,0
0,64,"val",122,0.413075268268585,0
0,64,"val",123,0.433763086795807,1
0,64,"val",124,0.521918654441833,1
0,64,"val",125,0.493199467658997,1
0,64,"val",126,0.632125914096832,1
0,64,"val",127,0.665467202663422,1
0,64,"val",128,0.408255517482758,1
0,64,"val",129,0.315329790115356,1
0,64,"val",130,0.507802605628967,1
0,64,"val",131,0.518852055072784,0
0,64,"val",132,0.535048246383667,0
0,64,"val",133,0.531976222991943,1
0,64,"val",134,0.475482553243637,1
0,64,"val",135,0.495963335037231,0
0,64,"val",136,0.38928696513176,0
0,64,"val",137,0.377043783664703,0
0,64,"val",138,0.517781138420105,0
0,64,"val",139,0.495493859052658,0
0,64,"val",140,0.549237787723541,0
0,64,"val",141,0.489332854747772,1
0,64,"val",142,0.55325973033905,1
0,64,"val",143,0.546619713306427,1
0,64,"val",144,0.528620362281799,0
0,64,"val",145,0.529037177562714,0
0,64,"val",146,0.518650710582733,0
0,64,"val",147,0.516009390354156,0
0,64,"val",148,0.433763086795807,0
0,64,"val",149,0.508626341819763,0
0,64,"val",150,0.493199467658997,0
0,64,"val",151,0.492370575666428,0
0,64,"val",152,0.665467143058777,1
0,64,"val",153,0.529059708118439,0
0,64,"val",154,0.315329790115356,1
0,64,"val",155,0.32386177778244,0
0,64,"val",156,0.518852055072784,0
0,64,"val",157,0.506206154823303,0
0,64,"val",158,0.531976222991943,0
0,64,"val",159,0.532178580760956,1
0,64,"val",160,0.495963275432587,1
0,64,"val",161,0.49077844619751,1
0,64,"val",162,0.377043783664703,1
0,64,"val",163,0.403281360864639,1
0,64,"val",164,0.495493859052658,0
0,64,"val",165,0.543926298618317,0
0,64,"val",166,0.489332854747772,0
0,64,"val",167,0.505062818527222,0
0,64,"val",168,0.546619713306427,1
0,64,"val",169,0.543402433395386,0
0,64,"val",170,0.529037177562714,0
0,64,"val",171,0.528609275817871,0
0,64,"val",172,0.516009390354156,1
0,64,"val",173,0.514369010925293,1
0,64,"val",174,0.508626341819763,1
0,64,"val",175,0.46673795580864,0
0,64,"val",176,0.492370575666428,0
0,64,"val",177,0.445638835430145,1
0,64,"val",178,0.529059708118439,0
0,64,"val",179,0.548393666744232,1
0,64,"val",180,0.32386177778244,0
0,64,"val",181,0.324858903884888,1
0,64,"val",182,0.506206154823303,1
0,64,"val",183,0.47961699962616,1
0,64,"val",184,0.532178580760956,0
0,64,"val",185,0.529368281364441,0
0,64,"val",186,0.49077844619751,0
0,64,"val",187,0.456346243619919,0
0,64,"val",188,0.403281360864639,0
0,64,"val",189,0.374040484428406,0
0,64,"val",190,0.543926298618317,0
0,64,"val",191,0.530831933021545,1
0,64,"val",192,0.505062818527222,0
0,64,"val",193,0.491455405950546,0
0,64,"val",194,0.543402433395386,0
0,64,"val",195,0.519050240516663,1
0,64,"val",196,0.528609275817871,1
0,64,"val",197,0.551977157592773,1
0,64,"val",198,0.514369010925293,1
0,64,"val",199,0.483144104480743,0
0,64,"val",200,0.46673795580864,0
0,64,"val",201,0.426897764205933,0
0,64,"val",202,0.445638835430145,0
0,64,"val",203,0.469397753477097,1
0,64,"val",204,0.548393666744232,1
0,64,"val",205,0.568840861320496,1
0,64,"val",206,0.324858903884888,0
0,64,"val",207,0.49109148979187,0
0,64,"val",208,0.47961699962616,0
0,64,"val",209,0.522305130958557,1
0,64,"val",210,0.529368281364441,1
0,64,"val",211,0.525522887706757,1
0,64,"val",212,0.456346243619919,1
0,64,"val",213,0.481878340244293,1
0,64,"val",214,0.374040484428406,1
0,64,"val",215,0.382417112588882,0
0,64,"val",216,0.53083199262619,0
0,64,"val",217,0.542987942695618,0
0,64,"val",218,0.491455405950546,0
0,64,"val",219,0.52479362487793,0
0,64,"val",220,0.519050240516663,0
0,64,"val",221,0.523369491100311,1
0,64,"val",222,0.551977157592773,1
0,64,"val",223,0.578117728233337,1
0,64,"val",224,0.483144104480743,0
0,64,"val",225,0.557918727397919,1
0,64,"val",226,0.426897764205933,1
0,64,"val",227,0.41843119263649,1
0,64,"val",228,0.469397753477097,0
0,64,"val",229,0.447274804115295,0
0,64,"val",230,0.568840861320496,0
0,64,"val",231,0.63683694601059,0
0,64,"val",232,0.49109148979187,0
0,64,"val",233,0.325638025999069,0
0,64,"val",234,0.522305130958557,0
0,64,"val",235,0.563672780990601,0
0,64,"val",236,0.525522887706757,0
0,64,"val",237,0.532874226570129,0
0,64,"val",238,0.481878340244293,1
0,64,"val",239,0.479244261980057,0
0,64,"val",240,0.382417112588882,0
0,64,"val",241,0.376350700855255,0
0,64,"val",242,0.542987942695618,0
0,64,"val",243,0.535223841667175,1
0,64,"val",244,0.52479362487793,1
0,64,"val",245,0.503391861915588,1
0,64,"val",246,0.523369491100311,0
0,64,"val",247,0.506302177906036,1
0,64,"val",248,0.578117728233337,1
0,64,"val",249,0.577242136001587,0
0,64,"val",250,0.557918727397919,1
0,64,"val",251,0.541335642337799,1
0,64,"val",252,0.41843119263649,1
0,64,"val",253,0.426801592111588,1
0,64,"val",254,0.447274804115295,0
0,64,"val",255,0.441277176141739,0
0,64,"val",256,0.63683694601059,0
0,64,"val",257,0.616529941558838,0
0,64,"val",258,0.325638025999069,1
0,64,"val",259,0.450807303190231,1
0,64,"val",260,0.563672780990601,1
0,64,"val",261,0.514692366123199,1
0,64,"val",262,0.532874226570129,1
0,64,"val",263,0.530842185020447,0
0,64,"val",264,0.479244261980057,0
0,64,"val",265,0.476434081792831,1
0,64,"val",266,0.376350700855255,1
0,64,"val",267,0.375738590955734,0
0,64,"val",268,0.535223841667175,0
0,64,"val",269,0.523788571357727,0
0,64,"val",270,0.503391861915588,1
0,64,"val",271,0.469986021518707,1
0,64,"val",272,0.506302177906036,1
0,64,"val",273,0.540240585803986,1
0,64,"val",274,0.577242136001587,0
0,64,"val",275,0.598068177700043,0
0,64,"val",276,0.541335642337799,0
0,64,"val",277,0.546776175498962,0
0,64,"val",278,0.426801592111588,1
0,64,"val",279,0.432514309883118,1
0,64,"val",280,0.441277176141739,1
0,64,"val",281,0.469808965921402,1
0,64,"val",282,0.616529941558838,1
0,64,"val",283,0.552231252193451,1
0,64,"val",284,0.450807303190231,0
0,64,"val",285,0.466943591833115,0
0,64,"val",286,0.514692366123199,0
0,64,"val",287,0.543287456035614,0
0,64,"val",288,0.530842185020447,0
0,64,"val",289,0.527577042579651,0
0,64,"val",290,0.476434081792831,0
0,64,"val",291,0.464244306087494,0
0,64,"val",292,0.375738590955734,0
0,64,"val",293,0.395147442817688,0
0,64,"val",294,0.523788571357727,1
0,64,"val",295,0.513026535511017,1
0,64,"val",296,0.469986021518707,0
0,64,"val",297,0.564990103244781,0
0,64,"val",298,0.540240585803986,0
0,64,"val",299,0.558942019939423,1
0,64,"val",300,0.598068177700043,1
0,64,"val",301,0.567070364952087,1
0,64,"val",302,0.546776175498962,0
0,64,"val",303,0.497641742229462,0
0,64,"val",304,0.432514309883118,0
0,64,"test",1,0.353589206933975,0
0,64,"test",2,0.469808965921402,0
0,64,"test",3,0.485969692468643,1
0,64,"test",4,0.552231252193451,1
0,64,"test",5,0.597339928150177,1
0,64,"test",6,0.466943591833115,1
0,64,"test",7,0.44669184088707,1
0,64,"test",8,0.543287396430969,1
0,64,"test",9,0.496112406253815,1
0,64,"test",10,0.527577042579651,1
0,64,"test",11,0.529857158660889,1
0,64,"test",12,0.464244306087494,1
0,64,"test",13,0.471281498670578,1
0,64,"test",14,0.395147442817688,1
0,64,"test",15,0.404177755117416,1
0,64,"test",16,0.513026535511017,1
0,64,"test",17,0.528003513813019,0
0,64,"test",18,0.564990103244781,0
0,64,"test",19,0.569089293479919,0
0,64,"test",20,0.558942019939423,1
0,64,"test",21,0.578936815261841,1
0,64,"test",22,0.567070364952087,1
0,64,"test",23,0.555518448352814,0
0,64,"test",24,0.497641742229462,0
0,64,"test",25,0.551291525363922,0
0,64,"test",26,0.353589206933975,1
0,64,"test",27,0.437134504318237,1
0,64,"test",28,0.485969692468643,1
0,64,"test",29,0.486104130744934,0
0,64,"test",30,0.597339928150177,0
0,64,"test",31,0.627483785152435,0
0,64,"test",32,0.446691811084747,0
0,64,"test",33,0.410857886075974,0
0,64,"test",34,0.496112406253815,1
0,64,"test",35,0.505600035190582,1
0,64,"test",36,0.529857158660889,1
0,64,"test",37,0.531293094158173,1
0,64,"test",38,0.471281498670578,1
0,64,"test",39,0.457024872303009,1
0,64,"test",40,0.404177755117416,1
0,64,"test",41,0.391847670078278,1
0,64,"test",42,0.528003513813019,0
0,64,"test",43,0.505411922931671,0
0,64,"test",44,0.569089293479919,1
0,64,"test",45,0.565245032310486,1
0,64,"test",46,0.578936815261841,1
0,64,"test",47,0.55290949344635,0
0,64,"test",48,0.555518448352814,0
0,64,"test",49,0.546120166778564,0
0,64,"test",50,0.551291525363922,0
0,64,"test",51,0.493497550487518,1
0,64,"test",52,0.437134504318237,1
0,64,"test",53,0.42241758108139,1
0,64,"test",54,0.486104130744934,1
0,64,"test",55,0.463052153587341,0
0,64,"test",56,0.627483785152435,0
0,64,"test",57,0.691700458526611,0
0,64,"test",58,0.410857886075974,0
0,64,"test",59,0.382262110710144,1
0,64,"test",60,0.505600035190582,1
0,64,"test",61,0.498802602291107,1
0,64,"test",62,0.531293094158173,0
0,64,"test",63,0.5301393866539,1
0,64,"test",64,0.457024872303009,1
0,64,"test",65,0.463338524103165,1
0,64,"test",66,0.391847670078278,1
0,64,"test",67,0.403235346078873,1
0,64,"test",68,0.505411922931671,0
0,64,"test",69,0.494691789150238,0
0,64,"test",70,0.565245032310486,0
0,64,"test",71,0.511152744293213,1
0,64,"test",72,0.55290949344635,1
0,64,"test",73,0.520100235939026,0
0,64,"test",74,0.546120166778564,0
0,64,"test",75,0.567723274230957,0
0,64,"test",76,0.493497550487518,0
0,64,"test",77,0.520748972892761,0
0,64,"test",78,0.42241758108139,1
0,64,"test",79,0.471422761678696,0
0,64,"test",80,0.463052153587341,0
0,64,"test",81,0.480997115373611,1
0,64,"test",82,0.691700458526611,1
0,64,"test",83,0.639837682247162,1
0,64,"test",84,0.382262110710144,1
0,64,"test",85,0.408348023891449,0
0,64,"test",86,0.498802602291107,0
0,64,"test",87,0.489175111055374,0
0,64,"test",88,0.5301393866539,0
0,64,"test",89,0.524177074432373,0
0,64,"test",90,0.463338524103165,0
0,64,"test",91,0.485825806856155,1
0,64,"test",92,0.403235346078873,0
0,64,"test",93,0.402942210435867,0
0,64,"test",94,0.494691789150238,0
0,64,"test",95,0.508962750434875,0
0,64,"test",96,0.511152744293213,0
0,64,"test",97,0.524807870388031,1
0,64,"test",98,0.520100235939026,1
0,64,"test",99,0.548417985439301,1
0,64,"test",100,0.567723274230957,1
0,64,"test",101,0.556899547576904,1
0,64,"test",102,0.520748972892761,0
0,64,"test",103,0.498981237411499,0
0,64,"test",104,0.471422761678696,0
0,64,"test",105,0.524487972259521,0
0,64,"test",106,0.480997115373611,0
0,64,"test",107,0.439545065164566,0
0,64,"test",108,0.639837682247162,0
0,64,"test",109,0.654403388500214,0
0,64,"test",110,0.408348023891449,1
0,64,"test",111,0.31577068567276,1
0,64,"test",112,0.489175111055374,1
0,64,"test",113,0.505279421806335,0
0,64,"test",114,0.524177074432373,1
0,64,"test",115,0.539176940917969,1
0,64,"test",116,0.485825806856155,1
0,64,"test",117,0.482830584049225,1
0,64,"test",118,0.402942210435867,1
0,64,"test",119,0.38322502374649,0
0,64,"test",120,0.508962750434875,0
0,64,"test",121,0.538586556911469,0
0,64,"test",122,0.524807870388031,1
0,64,"test",123,0.520781397819519,1
0,64,"test",124,0.548417985439301,1
0,64,"test",125,0.524555087089539,0
0,64,"test",126,0.556899547576904,0
0,64,"test",127,0.541992604732513,0
0,64,"test",128,0.498981207609177,1
0,64,"test",129,0.471338868141174,1
0,64,"test",130,0.524487972259521,1
0,64,"test",131,0.548183500766754,1
0,64,"test",132,0.439545065164566,0
0,64,"test",133,0.533795535564423,0
0,64,"test",134,0.654403388500214,0
0,64,"test",135,0.626120805740356,0
0,64,"test",136,0.31577068567276,0
0,64,"test",137,0.404061794281006,1
0,64,"test",138,0.505279421806335,1
0,64,"test",139,0.517757475376129,1
0,64,"test",140,0.539176940917969,1
0,64,"test",141,0.539155006408691,1
0,64,"test",142,0.482830584049225,1
0,64,"test",143,0.511703431606293,1
0,64,"test",144,0.38322502374649,1
0,64,"test",145,0.381191074848175,1
0,64,"test",146,0.538586556911469,1
0,64,"test",147,0.547761142253876,1
0,64,"test",148,0.520781397819519,1
0,64,"test",149,0.581849873065948,1
0,64,"test",150,0.524555087089539,1
0,64,"test",151,0.526058852672577,1
0,64,"test",152,0.541992604732513,0
0,64,"test",153,0.579495012760162,0
0,64,"test",154,0.471338868141174,1
0,64,"test",155,0.412076592445374,1
0,64,"test",156,0.548183500766754,1
0,64,"test",157,0.497117459774017,0
0,64,"test",158,0.533795535564423,0
0,64,"test",159,0.498811990022659,0
0,64,"test",160,0.626120805740356,0
0,64,"test",161,0.618343412876129,0
0,64,"test",162,0.404061794281006,0
0,64,"test",163,0.46970123052597,0
0,64,"test",164,0.517757475376129,0
0,64,"test",165,0.510676801204681,1
0,64,"test",166,0.539155006408691,1
0,64,"test",167,0.534937560558319,0
0,64,"test",168,0.511703431606293,1
0,64,"test",169,0.506820261478424,1
0,64,"test",170,0.381191074848175,1
0,64,"test",171,0.379088312387466,0
0,64,"test",172,0.547761142253876,0
0,64,"test",173,0.545124113559723,1
0,64,"test",174,0.581849873065948,1
0,64,"test",175,0.551670432090759,1
0,64,"test",176,0.526058852672577,1
0,64,"test",177,0.515992164611816,0
0,64,"test",178,0.579495012760162,0
0,64,"test",179,0.534130990505219,0
0,64,"test",180,0.412076592445374,0
0,64,"test",181,0.558305025100708,0
0,64,"test",182,0.497117459774017,0
0,64,"test",183,0.487069666385651,0
0,64,"test",184,0.498812019824982,0
0,64,"test",185,0.464448243379593,0
0,64,"test",186,0.618343412876129,1
0,64,"test",187,0.596193134784698,0
0,64,"test",188,0.46970123052597,0
0,64,"test",189,0.475626885890961,0
0,64,"test",190,0.510676801204681,0
0,64,"test",191,0.467376619577408,0
0,64,"test",192,0.534937500953674,0
0,64,"test",193,0.53143972158432,0
0,64,"test",194,0.506820261478424,0
0,64,"test",195,0.499963849782944,0
0,64,"test",196,0.379088312387466,0
0,64,"test",197,0.387393116950989,1
0,64,"test",198,0.545124113559723,1
0,64,"test",199,0.539008021354675,1
0,64,"test",200,0.551670432090759,0
0,64,"test",201,0.547611117362976,0
0,64,"test",202,0.515992164611816,1
0,64,"test",203,0.594620168209076,0
0,64,"test",204,0.534130990505219,0
0,64,"test",205,0.548954248428345,0
0,64,"test",206,0.558305025100708,1
0,64,"test",207,0.538120567798615,0
0,64,"test",208,0.487069666385651,0
0,64,"test",209,0.435293436050415,0
0,64,"test",210,0.464448243379593,0
0,64,"test",211,0.465935379266739,0
0,64,"test",212,0.596193134784698,1
0,64,"test",213,0.670021295547485,0
0,64,"test",214,0.475626885890961,1
0,64,"test",215,0.338910460472107,1
0,64,"test",216,0.467376619577408,1
0,64,"test",217,0.423494219779968,0
0,64,"test",218,0.53143972158432,0
0,64,"test",219,0.528460562229156,1
0,64,"test",220,0.499963849782944,1
0,64,"test",221,0.508002638816833,0
0,64,"test",222,0.387393116950989,1
0,64,"test",223,0.383618146181107,1
0,64,"test",224,0.539008021354675,1
0,64,"test",225,0.524875998497009,0
0,64,"test",226,0.547611117362976,0
0,64,"test",227,0.525503277778625,0
0,64,"test",228,0.594620168209076,1
0,64,"test",229,0.522066473960876,1
0,64,"test",230,0.548954248428345,0
0,64,"test",231,0.507875263690948,1
0,64,"test",232,0.538120567798615,1
0,64,"test",233,0.54107540845871,1
0,64,"test",234,0.435293436050415,1
0,64,"test",235,0.439344704151154,1
0,64,"test",236,0.465935379266739,1
0,64,"test",237,0.479136943817139,0
0,64,"test",238,0.670021295547485,0
0,64,"test",239,0.625679910182953,0
0,64,"test",240,0.338910460472107,0
0,64,"test",241,0.320355206727982,0
0,64,"test",242,0.423494219779968,0
0,64,"test",243,0.469388157129288,0
0,64,"test",244,0.528460562229156,1
0,64,"test",245,0.521540999412537,1
0,64,"test",246,0.508002638816833,1
0,64,"test",247,0.513633906841278,1
0,64,"test",248,0.383618116378784,1
0,64,"test",249,0.414948105812073,1
0,64,"test",250,0.524875998497009,1
0,64,"test",251,0.536188244819641,1
0,64,"test",252,0.525503277778625,0
0,64,"test",253,0.55046558380127,0
0,64,"test",254,0.522066473960876,0
0,64,"test",255,0.499273121356964,1
0,64,"test",256,0.507875204086304,1
0,64,"test",257,0.565015375614166,1
0,64,"test",258,0.54107540845871,1
0,64,"test",259,0.529016554355621,1
0,64,"test",260,0.439344704151154,1
0,64,"test",261,0.4288150370121,1
0,64,"test",262,0.479136943817139,0
0,64,"test",263,0.432146459817886,0
0,64,"test",264,0.625679910182953,1
0,64,"test",265,0.645231962203979,1
0,64,"test",266,0.320355206727982,1
0,64,"test",267,0.471218585968018,1
0,64,"test",268,0.469388157129288,1
0,64,"test",269,0.487641513347626,1
0,64,"test",270,0.521540999412537,1
0,64,"test",271,0.538517117500305,1
0,64,"test",272,0.513633906841278,1
0,64,"test",273,0.49403303861618,1
0,64,"test",274,0.414948105812073,1
0,64,"test",275,0.385260403156281,1
0,64,"test",276,0.536188244819641,1
0,64,"test",277,0.566442787647247,1
0,64,"test",278,0.55046558380127,0
0,64,"test",279,0.605001866817474,0
0,64,"test",280,0.499273121356964,0
0,64,"test",281,0.552260875701904,0
0,64,"test",282,0.565015375614166,0
0,64,"test",283,0.54014390707016,0
0,64,"test",284,0.529016554355621,0
0,64,"test",285,0.50891250371933,0
0,64,"test",286,0.4288150370121,0
0,64,"test",287,0.523107349872589,0
0,64,"test",288,0.432146459817886,0
0,64,"test",289,0.473641723394394,0
0,64,"test",290,0.645231962203979,0
0,64,"test",291,0.584432005882263,0
0,64,"test",292,0.471218585968018,1
0,64,"test",293,0.49942734837532,1
0,64,"test",294,0.487641513347626,1
0,64,"test",295,0.486711978912354,0
0,64,"test",296,0.538517117500305,0
0,64,"test",297,0.537312507629395,1
0,64,"test",298,0.49403303861618,0
0,64,"test",299,0.50784558057785,0
0,64,"test",300,0.385260403156281,1
0,64,"test",301,0.398224055767059,1
0,64,"test",302,0.566442787647247,1
0,64,"test",303,0.543459355831146,0
0,64,"test",304,0.605001866817474,1
0,64,"test",305,0.582821428775787,0
0.05,23,"val",1,0.496594965457916,0
0.05,23,"val",2,0.407770931720734,1
0.05,23,"val",3,0.407857865095139,0
0.05,23,"val",4,0.404131889343262,1
0.05,23,"val",5,0.416940659284592,1
0.05,23,"val",6,0.329575955867767,1
0.05,23,"val",7,0.301049202680588,1
0.05,23,"val",8,0.451421022415161,1
0.05,23,"val",9,0.439433097839355,1
0.05,23,"val",10,0.409058481454849,1
0.05,23,"val",11,0.383608162403107,1
0.05,23,"val",12,0.300627589225769,1
0.05,23,"val",13,0.397954136133194,1
0.05,23,"val",14,0.465608298778534,1
0.05,23,"val",15,0.506497859954834,1
0.05,23,"val",16,0.514147400856018,1
0.05,23,"val",17,0.43863108754158,1
0.05,23,"val",18,0.480594873428345,1
0.05,23,"val",19,0.526752293109894,1
0.05,23,"val",20,0.544198095798492,1
0.05,23,"val",21,0.573336660861969,1
0.05,23,"val",22,0.584280788898468,1
0.05,23,"val",23,0.490604847669601,0
0.05,23,"val",24,0.620705962181091,0
0.05,23,"val",25,0.520208477973938,1
0.05,23,"val",26,0.496594965457916,0
0.05,23,"val",27,0.509980499744415,0
0.05,23,"val",28,0.407857865095139,0
0.05,23,"val",29,0.376393049955368,1
0.05,23,"val",30,0.416940659284592,1
0.05,23,"val",31,0.410131335258484,0
0.05,23,"val",32,0.301049202680588,0
0.05,23,"val",33,0.318974524736404,0
0.05,23,"val",34,0.439433097839355,0
0.05,23,"val",35,0.408106088638306,0
0.05,23,"val",36,0.383608162403107,0
0.05,23,"val",37,0.415768951177597,1
0.05,23,"val",38,0.397954136133194,1
0.05,23,"val",39,0.391479313373566,1
0.05,23,"val",40,0.506497859954834,0
0.05,23,"val",41,0.487383008003235,0
0.05,23,"val",42,0.43863108754158,0
0.05,23,"val",43,0.458014637231827,0
0.05,23,"val",44,0.526752293109894,0
0.05,23,"val",45,0.439786463975906,0
0.05,23,"val",46,0.573336660861969,0
0.05,23,"val",47,0.558681309223175,1
0.05,23,"val",48,0.490604847669601,1
0.05,23,"val",49,0.576645910739899,1
0.05,23,"val",50,0.520208477973938,1
0.05,23,"val",51,0.576051950454712,1
0.05,23,"val",52,0.509980499744415,1
0.05,23,"val",53,0.560063302516937,1
0.05,23,"val",54,0.376393049955368,1
0.05,23,"val",55,0.400150150060654,1
0.05,23,"val",56,0.410131335258484,1
0.05,23,"val",57,0.399297416210175,1
0.05,23,"val",58,0.318974524736404,1
0.05,23,"val",59,0.289077967405319,1
0.05,23,"val",60,0.408106088638306,1
0.05,23,"val",61,0.402726739645004,0
0.05,23,"val",62,0.415768951177597,1
0.05,23,"val",63,0.437613129615784,0
0.05,23,"val",64,0.391479313373566,0
0.05,23,"val",65,0.362622410058975,1
0.05,23,"val",66,0.487383008003235,1
0.05,23,"val",67,0.498553276062012,1
0.05,23,"val",68,0.458014637231827,1
0.05,23,"val",69,0.481093555688858,1
0.05,23,"val",70,0.439786463975906,1
0.05,23,"val",71,0.506083250045776,1
0.05,23,"val",72,0.558681309223175,1
0.05,23,"val",73,0.535374939441681,1
0.05,23,"val",74,0.576645910739899,1
0.05,23,"val",75,0.612752795219421,1
0.05,23,"val",76,0.576051950454712,0
0.05,23,"val",77,0.541895925998688,1
0.05,23,"val",78,0.560063302516937,1
0.05,23,"val",79,0.506156325340271,0
0.05,23,"val",80,0.400150150060654,0
0.05,23,"val",81,0.40634498000145,0
0.05,23,"val",82,0.399297416210175,1
0.05,23,"val",83,0.408827692270279,0
0.05,23,"val",84,0.289077967405319,0
0.05,23,"val",85,0.285875797271729,0
0.05,23,"val",86,0.402726739645004,1
0.05,23,"val",87,0.354804903268814,1
0.05,23,"val",88,0.437613129615784,1
0.05,23,"val",89,0.473207473754883,0
0.05,23,"val",90,0.362622410058975,0
0.05,23,"val",91,0.315990775823593,0
0.05,23,"val",92,0.498553276062012,0
0.05,23,"val",93,0.505394101142883,0
0.05,23,"val",94,0.481093555688858,0
0.05,23,"val",95,0.434405922889709,0
0.05,23,"val",96,0.506083250045776,1
0.05,23,"val",97,0.465150684118271,1
0.05,23,"val",98,0.535374939441681,1
0.05,23,"val",99,0.554356634616852,1
0.05,23,"val",100,0.612752795219421,0
0.05,23,"val",101,0.619773983955383,0
0.05,23,"val",102,0.541895925998688,0
0.05,23,"val",103,0.489961296319962,0
0.05,23,"val",104,0.506156325340271,1
0.05,23,"val",105,0.490951180458069,1
0.05,23,"val",106,0.40634498000145,1
0.05,23,"val",107,0.406123727560043,1
0.05,23,"val",108,0.408827692270279,1
0.05,23,"val",109,0.395731598138809,0
0.05,23,"val",110,0.285875797271729,0
0.05,23,"val",111,0.315644562244415,1
0.05,23,"val",112,0.354804903268814,1
0.05,23,"val",113,0.402722179889679,1
0.05,23,"val",114,0.473207473754883,0
0.05,23,"val",115,0.428796231746674,1
0.05,23,"val",116,0.315990775823593,0
0.05,23,"val",117,0.410014569759369,1
0.05,23,"val",118,0.505394101142883,1
0.05,23,"val",119,0.467073500156403,1
0.05,23,"val",120,0.434405922889709,0
0.05,23,"val",121,0.51442939043045,0
0.05,23,"val",122,0.465150684118271,0
0.05,23,"val",123,0.49454739689827,1
0.05,23,"val",124,0.554356634616852,1
0.05,23,"val",125,0.524897277355194,1
0.05,23,"val",126,0.619773983955383,1
0.05,23,"val",127,0.647233724594116,1
0.05,23,"val",128,0.489961236715317,1
0.05,23,"val",129,0.343698054552078,1
0.05,23,"val",130,0.490951180458069,1
0.05,23,"val",131,0.506715357303619,0
0.05,23,"val",132,0.406123727560043,0
0.05,23,"val",133,0.406859457492828,1
0.05,23,"val",134,0.395731598138809,1
0.05,23,"val",135,0.41572642326355,0
0.05,23,"val",136,0.315644562244415,0
0.05,23,"val",137,0.302891761064529,0
0.05,23,"val",138,0.402722179889679,0
0.05,23,"val",139,0.350173234939575,0
0.05,23,"val",140,0.428796231746674,0
0.05,23,"val",141,0.375642240047455,1
0.05,23,"val",142,0.410014569759369,1
0.05,23,"val",143,0.386581301689148,1
0.05,23,"val",144,0.467073500156403,0
0.05,23,"val",145,0.477967947721481,0
0.05,23,"val",146,0.51442939043045,0
0.05,23,"val",147,0.505672216415405,0
0.05,23,"val",148,0.49454739689827,0
0.05,23,"val",149,0.616869926452637,0
0.05,23,"val",150,0.524897277355194,0
0.05,23,"val",151,0.521950781345367,0
0.05,23,"val",152,0.647233724594116,1
0.05,23,"val",153,0.494888544082642,0
0.05,23,"val",154,0.343698054552078,1
0.05,23,"val",155,0.381305903196335,0
0.05,23,"val",156,0.506715357303619,0
0.05,23,"val",157,0.486358463764191,0
0.05,23,"val",158,0.406859457492828,0
0.05,23,"val",159,0.410430103540421,1
0.05,23,"val",160,0.41572642326355,1
0.05,23,"val",161,0.403257071971893,1
0.05,23,"val",162,0.302891761064529,1
0.05,23,"val",163,0.293860226869583,1
0.05,23,"val",164,0.350173234939575,0
0.05,23,"val",165,0.380399465560913,0
0.05,23,"val",166,0.375642240047455,0
0.05,23,"val",167,0.34500315785408,0
0.05,23,"val",168,0.386581301689148,1
0.05,23,"val",169,0.393037170171738,0
0.05,23,"val",170,0.477967947721481,0
0.05,23,"val",171,0.477936238050461,0
0.05,23,"val",172,0.505672216415405,1
0.05,23,"val",173,0.498333841562271,1
0.05,23,"val",174,0.616869926452637,1
0.05,23,"val",175,0.545185625553131,0
0.05,23,"val",176,0.521950781345367,0
0.05,23,"val",177,0.473957091569901,1
0.05,23,"val",178,0.494888544082642,0
0.05,23,"val",179,0.543561398983002,1
0.05,23,"val",180,0.381305903196335,0
0.05,23,"val",181,0.382205605506897,1
0.05,23,"val",182,0.486358463764191,1
0.05,23,"val",183,0.443837374448776,1
0.05,23,"val",184,0.410430073738098,0
0.05,23,"val",185,0.408646732568741,0
0.05,23,"val",186,0.403257071971893,0
0.05,23,"val",187,0.36702036857605,0
0.05,23,"val",188,0.293860226869583,0
0.05,23,"val",189,0.286949068307877,0
0.05,23,"val",190,0.380399465560913,0
0.05,23,"val",191,0.426561146974564,1
0.05,23,"val",192,0.34500315785408,0
0.05,23,"val",193,0.339953124523163,0
0.05,23,"val",194,0.393037170171738,0
0.05,23,"val",195,0.341505438089371,1
0.05,23,"val",196,0.477936238050461,1
0.05,23,"val",197,0.478550016880035,1
0.05,23,"val",198,0.498333841562271,1
0.05,23,"val",199,0.46412992477417,0
0.05,23,"val",200,0.545185625553131,0
0.05,23,"val",201,0.489472210407257,0
0.05,23,"val",202,0.473957091569901,0
0.05,23,"val",203,0.499637246131897,1
0.05,23,"val",204,0.543561398983002,1
0.05,23,"val",205,0.577595591545105,1
0.05,23,"val",206,0.382205605506897,0
0.05,23,"val",207,0.564892709255219,0
0.05,23,"val",208,0.443837374448776,0
0.05,23,"val",209,0.507526457309723,1
0.05,23,"val",210,0.408646732568741,1
0.05,23,"val",211,0.404772192239761,1
0.05,23,"val",212,0.36702036857605,1
0.05,23,"val",213,0.387085884809494,1
0.05,23,"val",214,0.286949068307877,1
0.05,23,"val",215,0.285762578248978,0
0.05,23,"val",216,0.426561146974564,0
0.05,23,"val",217,0.397558063268661,0
0.05,23,"val",218,0.339953124523163,0
0.05,23,"val",219,0.395635306835175,0
0.05,23,"val",220,0.341505438089371,0
0.05,23,"val",221,0.357720971107483,1
0.05,23,"val",222,0.478550016880035,1
0.05,23,"val",223,0.496438980102539,1
0.05,23,"val",224,0.46412992477417,0
0.05,23,"val",225,0.503123641014099,1
0.05,23,"val",226,0.489472210407257,1
0.05,23,"val",227,0.474302351474762,1
0.05,23,"val",228,0.499637246131897,0
0.05,23,"val",229,0.459011226892471,0
0.05,23,"val",230,0.577595591545105,0
0.05,23,"val",231,0.619739592075348,0
0.05,23,"val",232,0.564892709255219,0
0.05,23,"val",233,0.392576843500137,0
0.05,23,"val",234,0.507526457309723,0
0.05,23,"val",235,0.567900836467743,0
0.05,23,"val",236,0.404772192239761,0
0.05,23,"val",237,0.406747251749039,0
0.05,23,"val",238,0.387085884809494,1
0.05,23,"val",239,0.393343955278397,0
0.05,23,"val",240,0.285762578248978,0
0.05,23,"val",241,0.289287149906158,0
0.05,23,"val",242,0.397558063268661,0
0.05,23,"val",243,0.373268038034439,1
0.05,23,"val",244,0.395635306835175,1
0.05,23,"val",245,0.379700541496277,1
0.05,23,"val",246,0.357720971107483,0
0.05,23,"val",247,0.325005054473877,1
0.05,23,"val",248,0.496438980102539,1
0.05,23,"val",249,0.494028031826019,0
0.05,23,"val",250,0.503123641014099,1
0.05,23,"val",251,0.497425824403763,1
0.05,23,"val",252,0.474302351474762,1
0.05,23,"val",253,0.497512400150299,1
0.05,23,"val",254,0.459011226892471,0
0.05,23,"val",255,0.459545284509659,0
0.05,23,"val",256,0.619739592075348,0
0.05,23,"val",257,0.59930694103241,0
0.05,23,"val",258,0.392576843500137,1
0.05,23,"val",259,0.51498419046402,1
0.05,23,"val",260,0.567900836467743,1
0.05,23,"val",261,0.500295758247375,1
0.05,23,"val",262,0.406747251749039,1
0.05,23,"val",263,0.405970603227615,0
0.05,23,"val",264,0.393343955278397,0
0.05,23,"val",265,0.392602562904358,1
0.05,23,"val",266,0.289287149906158,1
0.05,23,"val",267,0.289912670850754,0
0.05,23,"val",268,0.373268038034439,0
0.05,23,"val",269,0.358327805995941,0
0.05,23,"val",270,0.379700541496277,1
0.05,23,"val",271,0.350386053323746,1
0.05,23,"val",272,0.325005054473877,1
0.05,23,"val",273,0.404287576675415,1
0.05,23,"val",274,0.494028031826019,0
0.05,23,"val",275,0.501387000083923,0
0.05,23,"val",276,0.497425824403763,0
0.05,23,"val",277,0.514117121696472,0
0.05,23,"val",278,0.497512400150299,1
0.05,23,"val",279,0.507804274559021,1
0.05,23,"val",280,0.459545284509659,1
0.05,23,"val",281,0.492728114128113,1
0.05,23,"val",282,0.59930694103241,1
0.05,23,"val",283,0.552993297576904,1
0.05,23,"val",284,0.51498419046402,0
0.05,23,"val",285,0.556122362613678,0
0.05,23,"val",286,0.500295758247375,0
0.05,23,"val",287,0.539274871349335,0
0.05,23,"val",288,0.405970692634583,0
0.05,23,"val",289,0.404557555913925,0
0.05,23,"val",290,0.392602562904358,0
0.05,23,"val",291,0.364283353090286,0
0.05,23,"val",292,0.289912670850754,0
0.05,23,"val",293,0.302690118551254,0
0.05,23,"val",294,0.358327805995941,1
0.05,23,"val",295,0.348047018051147,1
0.05,23,"val",296,0.350386053323746,0
0.05,23,"val",297,0.445462644100189,0
0.05,23,"val",298,0.404287576675415,0
0.05,23,"val",299,0.444905251264572,1
0.05,23,"val",300,0.501387000083923,1
0.05,23,"val",301,0.486917436122894,1
0.05,23,"val",302,0.514117121696472,0
0.05,23,"val",303,0.483849972486496,0
0.05,23,"val",304,0.507804274559021,0
0.05,23,"test",1,0.352989107370377,0
0.05,23,"test",2,0.492728114128113,0
0.05,23,"test",3,0.513974964618683,1
0.05,23,"test",4,0.552993297576904,1
0.05,23,"test",5,0.558738827705383,1
0.05,23,"test",6,0.556122362613678,1
0.05,23,"test",7,0.527121722698212,1
0.05,23,"test",8,0.539274871349335,1
0.05,23,"test",9,0.471051454544067,1
0.05,23,"test",10,0.404557555913925,1
0.05,23,"test",11,0.406125217676163,1
0.05,23,"test",12,0.364283353090286,1
0.05,23,"test",13,0.399689495563507,1
0.05,23,"test",14,0.302690118551254,1
0.05,23,"test",15,0.294269442558289,1
0.05,23,"test",16,0.348047018051147,1
0.05,23,"test",17,0.385308802127838,0
0.05,23,"test",18,0.445462644100189,0
0.05,23,"test",19,0.467973530292511,0
0.05,23,"test",20,0.444905251264572,1
0.05,23,"test",21,0.47954598069191,1
0.05,23,"test",22,0.486917436122894,1
0.05,23,"test",23,0.477797895669937,0
0.05,23,"test",24,0.483849972486496,0
0.05,23,"test",25,0.521659433841705,0
0.05,23,"test",26,0.352989107370377,1
0.05,23,"test",27,0.495114594697952,1
0.05,23,"test",28,0.513974964618683,1
0.05,23,"test",29,0.517362236976624,0
0.05,23,"test",30,0.558738827705383,0
0.05,23,"test",31,0.597384572029114,0
0.05,23,"test",32,0.527121722698212,0
0.05,23,"test",33,0.473262667655945,0
0.05,23,"test",34,0.471051454544067,1
0.05,23,"test",35,0.493045270442963,1
0.05,23,"test",36,0.406125217676163,1
0.05,23,"test",37,0.404742538928986,1
0.05,23,"test",38,0.399689495563507,1
0.05,23,"test",39,0.389621078968048,1
0.05,23,"test",40,0.294269442558289,1
0.05,23,"test",41,0.30054759979248,1
0.05,23,"test",42,0.385308802127838,0
0.05,23,"test",43,0.37946680188179,0
0.05,23,"test",44,0.467973530292511,1
0.05,23,"test",45,0.451028257608414,1
0.05,23,"test",46,0.47954598069191,1
0.05,23,"test",47,0.411026567220688,0
0.05,23,"test",48,0.477797895669937,0
0.05,23,"test",49,0.479817181825638,0
0.05,23,"test",50,0.521659433841705,0
0.05,23,"test",51,0.470155298709869,1
0.05,23,"test",52,0.495114594697952,1
0.05,23,"test",53,0.487805783748627,1
0.05,23,"test",54,0.517362236976624,1
0.05,23,"test",55,0.493766188621521,0
0.05,23,"test",56,0.597384512424469,0
0.05,23,"test",57,0.653893411159515,0
0.05,23,"test",58,0.473262667655945,0
0.05,23,"test",59,0.446707904338837,1
0.05,23,"test",60,0.493045270442963,1
0.05,23,"test",61,0.477118402719498,1
0.05,23,"test",62,0.404742538928986,0
0.05,23,"test",63,0.406007558107376,1
0.05,23,"test",64,0.389621078968048,1
0.05,23,"test",65,0.383245497941971,1
0.05,23,"test",66,0.30054759979248,1
0.05,23,"test",67,0.30776709318161,1
0.05,23,"test",68,0.37946680188179,0
0.05,23,"test",69,0.34932616353035,0
0.05,23,"test",70,0.451028257608414,0
0.05,23,"test",71,0.426069915294647,1
0.05,23,"test",72,0.411026567220688,1
0.05,23,"test",73,0.35535129904747,0
0.05,23,"test",74,0.479817181825638,0
0.05,23,"test",75,0.490184903144836,0
0.05,23,"test",76,0.470155298709869,0
0.05,23,"test",77,0.488365978002548,0
0.05,23,"test",78,0.487805783748627,1
0.05,23,"test",79,0.565900802612305,0
0.05,23,"test",80,0.493766188621521,0
0.05,23,"test",81,0.51109915971756,1
0.05,23,"test",82,0.653893411159515,1
0.05,23,"test",83,0.612100899219513,1
0.05,23,"test",84,0.446707904338837,1
0.05,23,"test",85,0.470822095870972,0
0.05,23,"test",86,0.477118402719498,0
0.05,23,"test",87,0.460347801446915,0
0.05,23,"test",88,0.406007498502731,0
0.05,23,"test",89,0.402969896793365,0
0.05,23,"test",90,0.383245497941971,0
0.05,23,"test",91,0.404927790164948,1
0.05,23,"test",92,0.30776709318161,0
0.05,23,"test",93,0.309993892908096,0
0.05,23,"test",94,0.34932616353035,0
0.05,23,"test",95,0.372294217348099,0
0.05,23,"test",96,0.426069915294647,0
0.05,23,"test",97,0.400638967752457,1
0.05,23,"test",98,0.35535129904747,1
0.05,23,"test",99,0.405310422182083,1
0.05,23,"test",100,0.490184903144836,1
0.05,23,"test",101,0.483616322278976,1
0.05,23,"test",102,0.488365978002548,0
0.05,23,"test",103,0.45813712477684,0
0.05,23,"test",104,0.565900802612305,0
0.05,23,"test",105,0.628465533256531,0
0.05,23,"test",106,0.51109915971756,0
0.05,23,"test",107,0.464939922094345,0
0.05,23,"test",108,0.612100899219513,0
0.05,23,"test",109,0.625748634338379,0
0.05,23,"test",110,0.470822095870972,1
0.05,23,"test",111,0.364142745733261,1
0.05,23,"test",112,0.460347801446915,1
0.05,23,"test",113,0.48508083820343,0
0.05,23,"test",114,0.402969896793365,1
0.05,23,"test",115,0.406756997108459,1
0.05,23,"test",116,0.404927790164948,1
0.05,23,"test",117,0.391644537448883,1
0.05,23,"test",118,0.309993892908096,1
0.05,23,"test",119,0.30736055970192,0
0.05,23,"test",120,0.372294217348099,0
0.05,23,"test",121,0.372423350811005,0
0.05,23,"test",122,0.400638967752457,1
0.05,23,"test",123,0.397256284952164,1
0.05,23,"test",124,0.405310422182083,1
0.05,23,"test",125,0.35724726319313,0
0.05,23,"test",126,0.483616322278976,0
0.05,23,"test",127,0.481300950050354,0
0.05,23,"test",128,0.458137065172195,1
0.05,23,"test",129,0.439152479171753,1
0.05,23,"test",130,0.628465533256531,1
0.05,23,"test",131,0.65917706489563,1
0.05,23,"test",132,0.464939922094345,0
0.05,23,"test",133,0.536032021045685,0
0.05,23,"test",134,0.625748634338379,0
0.05,23,"test",135,0.609150946140289,0
0.05,23,"test",136,0.364142745733261,0
0.05,23,"test",137,0.474055767059326,1
0.05,23,"test",138,0.48508083820343,1
0.05,23,"test",139,0.502721011638641,1
0.05,23,"test",140,0.406756997108459,1
0.05,23,"test",141,0.408814281225204,1
0.05,23,"test",142,0.391644537448883,1
0.05,23,"test",143,0.418948858976364,1
0.05,23,"test",144,0.30736055970192,1
0.05,23,"test",145,0.318477481603622,1
0.05,23,"test",146,0.372423350811005,1
0.05,23,"test",147,0.382744759321213,1
0.05,23,"test",148,0.397256284952164,1
0.05,23,"test",149,0.475679755210876,1
0.05,23,"test",150,0.35724726319313,1
0.05,23,"test",151,0.370921581983566,1
0.05,23,"test",152,0.481300950050354,0
0.05,23,"test",153,0.508470416069031,0
0.05,23,"test",154,0.439152479171753,1
0.05,23,"test",155,0.378256380558014,1
0.05,23,"test",156,0.65917706489563,1
0.05,23,"test",157,0.599644064903259,0
0.05,23,"test",158,0.536032021045685,0
0.05,23,"test",159,0.526531338691711,0
0.05,23,"test",160,0.609151005744934,0
0.05,23,"test",161,0.604007720947266,0
0.05,23,"test",162,0.474055767059326,0
0.05,23,"test",163,0.532865047454834,0
0.05,23,"test",164,0.502721011638641,0
0.05,23,"test",165,0.495017647743225,1
0.05,23,"test",166,0.408814281225204,1
0.05,23,"test",167,0.406925141811371,0
0.05,23,"test",168,0.418948858976364,1
0.05,23,"test",169,0.41822212934494,1
0.05,23,"test",170,0.318477481603622,1
0.05,23,"test",171,0.31344935297966,0
0.05,23,"test",172,0.382744759321213,0
0.05,23,"test",173,0.366207212209702,1
0.05,23,"test",174,0.475679755210876,1
0.05,23,"test",175,0.431313693523407,1
0.05,23,"test",176,0.370921581983566,1
0.05,23,"test",177,0.366112470626831,0
0.05,23,"test",178,0.508470416069031,0
0.05,23,"test",179,0.480650663375854,0
0.05,23,"test",180,0.378256380558014,0
0.05,23,"test",181,0.480967730283737,0
0.05,23,"test",182,0.599644064903259,0
0.05,23,"test",183,0.582058012485504,0
0.05,23,"test",184,0.526531338691711,0
0.05,23,"test",185,0.49650850892067,0
0.05,23,"test",186,0.604007720947266,1
0.05,23,"test",187,0.58982127904892,0
0.05,23,"test",188,0.532865047454834,0
0.05,23,"test",189,0.528179883956909,0
0.05,23,"test",190,0.495017647743225,0
0.05,23,"test",191,0.444478452205658,0
0.05,23,"test",192,0.406925141811371,0
0.05,23,"test",193,0.416688412427902,0
0.05,23,"test",194,0.41822212934494,0
0.05,23,"test",195,0.396598905324936,0
0.05,23,"test",196,0.31344935297966,0
0.05,23,"test",197,0.292327970266342,1
0.05,23,"test",198,0.366207212209702,1
0.05,23,"test",199,0.370874762535095,1
0.05,23,"test",200,0.431313693523407,0
0.05,23,"test",201,0.420647621154785,0
0.05,23,"test",202,0.366112470626831,1
0.05,23,"test",203,0.475572437047958,0
0.05,23,"test",204,0.480650663375854,0
0.05,23,"test",205,0.478076547384262,0
0.05,23,"test",206,0.480967730283737,1
0.05,23,"test",207,0.463953107595444,0
0.05,23,"test",208,0.582058012485504,0
0.05,23,"test",209,0.512423455715179,0
0.05,23,"test",210,0.49650850892067,0
0.05,23,"test",211,0.497796595096588,0
0.05,23,"test",212,0.58982127904892,1
0.05,23,"test",213,0.637862920761108,0
0.05,23,"test",214,0.528179883956909,1
0.05,23,"test",215,0.387719631195068,1
0.05,23,"test",216,0.444478511810303,1
0.05,23,"test",217,0.395958423614502,0
0.05,23,"test",218,0.416688412427902,0
0.05,23,"test",219,0.416720539331436,1
0.05,23,"test",220,0.396598905324936,1
0.05,23,"test",221,0.418250620365143,0
0.05,23,"test",222,0.292327970266342,1
0.05,23,"test",223,0.315550655126572,1
0.05,23,"test",224,0.37087482213974,1
0.05,23,"test",225,0.378225475549698,0
0.05,23,"test",226,0.420647621154785,0
0.05,23,"test",227,0.471764534711838,0
0.05,23,"test",228,0.475572437047958,1
0.05,23,"test",229,0.376126199960709,1
0.05,23,"test",230,0.478076547384262,0
0.05,23,"test",231,0.445025712251663,1
0.05,23,"test",232,0.463953107595444,1
0.05,23,"test",233,0.533990085124969,1
0.05,23,"test",234,0.512423455715179,1
0.05,23,"test",235,0.519745767116547,1
0.05,23,"test",236,0.497796595096588,1
0.05,23,"test",237,0.508453607559204,0
0.05,23,"test",238,0.637862920761108,0
0.05,23,"test",239,0.609322130680084,0
0.05,23,"test",240,0.387719631195068,0
0.05,23,"test",241,0.337462574243546,0
0.05,23,"test",242,0.395958423614502,0
0.05,23,"test",243,0.433228313922882,0
0.05,23,"test",244,0.416720539331436,1
0.05,23,"test",245,0.405693739652634,1
0.05,23,"test",246,0.418250620365143,1
0.05,23,"test",247,0.408775597810745,1
0.05,23,"test",248,0.315550655126572,1
0.05,23,"test",249,0.322017073631287,1
0.05,23,"test",250,0.378225475549698,1
0.05,23,"test",251,0.412953555583954,1
0.05,23,"test",252,0.471764534711838,0
0.05,23,"test",253,0.498722910881042,0
0.05,23,"test",254,0.376126199960709,0
0.05,23,"test",255,0.326913118362427,1
0.05,23,"test",256,0.445025712251663,1
0.05,23,"test",257,0.492412507534027,1
0.05,23,"test",258,0.533990085124969,1
0.05,23,"test",259,0.491351336240768,1
0.05,23,"test",260,0.519745767116547,1
0.05,23,"test",261,0.492255032062531,1
0.05,23,"test",262,0.508453607559204,0
0.05,23,"test",263,0.475970953702927,0
0.05,23,"test",264,0.609322130680084,1
0.05,23,"test",265,0.617177963256836,1
0.05,23,"test",266,0.337462574243546,1
0.05,23,"test",267,0.491284072399139,1
0.05,23,"test",268,0.433228313922882,1
0.05,23,"test",269,0.459219068288803,1
0.05,23,"test",270,0.405693739652634,1
0.05,23,"test",271,0.409916877746582,1
0.05,23,"test",272,0.408775597810745,1
0.05,23,"test",273,0.391212403774261,1
0.05,23,"test",274,0.322017073631287,1
0.05,23,"test",275,0.31352499127388,1
0.05,23,"test",276,0.412953555583954,1
0.05,23,"test",277,0.396969944238663,1
0.05,23,"test",278,0.498722910881042,0
0.05,23,"test",279,0.55276620388031,0
0.05,23,"test",280,0.326913118362427,0
0.05,23,"test",281,0.404601901769638,0
0.05,23,"test",282,0.492412507534027,0
0.05,23,"test",283,0.469553828239441,0
0.05,23,"test",284,0.491351336240768,0
0.05,23,"test",285,0.505338788032532,0
0.05,23,"test",286,0.492255032062531,0
0.05,23,"test",287,0.628785490989685,0
0.05,23,"test",288,0.475970894098282,0
0.05,23,"test",289,0.504462718963623,0
0.05,23,"test",290,0.617177963256836,0
0.05,23,"test",291,0.559517443180084,0
0.05,23,"test",292,0.491284072399139,1
0.05,23,"test",293,0.55384087562561,1
0.05,23,"test",294,0.459219068288803,1
0.05,23,"test",295,0.459221929311752,0
0.05,23,"test",296,0.409916877746582,0
0.05,23,"test",297,0.407812893390656,1
0.05,23,"test",298,0.391212403774261,0
0.05,23,"test",299,0.406928837299347,0
0.05,23,"test",300,0.31352499127388,1
0.05,23,"test",301,0.367208987474442,1
0.05,23,"test",302,0.396969944238663,1
0.05,23,"test",303,0.438239544630051,0
0.05,23,"test",304,0.55276620388031,1
0.05,23,"test",305,0.516203105449677,0
0.05,27,"val",1,0.438539415597916,0
0.05,27,"val",2,0.507143259048462,1
0.05,27,"val",3,0.492731213569641,0
0.05,27,"val",4,0.548952877521515,1
0.05,27,"val",5,0.556318044662476,1
0.05,27,"val",6,0.334281384944916,1
0.05,27,"val",7,0.315094530582428,1
0.05,27,"val",8,0.52604728937149,1
0.05,27,"val",9,0.542689442634583,1
0.05,27,"val",10,0.546561419963837,1
0.05,27,"val",11,0.578448534011841,1
0.05,27,"val",12,0.46651366353035,1
0.05,27,"val",13,0.448212176561356,1
0.05,27,"val",14,0.539585947990417,1
0.05,27,"val",15,0.62054854631424,1
0.05,27,"val",16,0.454966753721237,1
0.05,27,"val",17,0.409896612167358,1
0.05,27,"val",18,0.493833303451538,1
0.05,27,"val",19,0.523901224136353,1
0.05,27,"val",20,0.616941511631012,1
0.05,27,"val",21,0.627944946289062,1
0.05,27,"val",22,0.448910713195801,1
0.05,27,"val",23,0.347916066646576,0
0.05,27,"val",24,0.507058501243591,0
0.05,27,"val",25,0.349751651287079,1
0.05,27,"val",26,0.438539415597916,0
0.05,27,"val",27,0.446753531694412,0
0.05,27,"val",28,0.492731213569641,0
0.05,27,"val",29,0.54144161939621,1
0.05,27,"val",30,0.556318044662476,1
0.05,27,"val",31,0.530231535434723,0
0.05,27,"val",32,0.315094530582428,0
0.05,27,"val",33,0.329332917928696,0
0.05,27,"val",34,0.542689442634583,0
0.05,27,"val",35,0.534978985786438,0
0.05,27,"val",36,0.578448534011841,0
0.05,27,"val",37,0.589098811149597,1
0.05,27,"val",38,0.448212176561356,1
0.05,27,"val",39,0.489403933286667,1
0.05,27,"val",40,0.62054854631424,0
0.05,27,"val",41,0.576545476913452,0
0.05,27,"val",42,0.409896612167358,0
0.05,27,"val",43,0.417764216661453,0
0.05,27,"val",44,0.523901224136353,0
0.05,27,"val",45,0.446931391954422,0
0.05,27,"val",46,0.627944946289062,0
0.05,27,"val",47,0.642361044883728,1
0.05,27,"val",48,0.347916066646576,1
0.05,27,"val",49,0.432003140449524,1
0.05,27,"val",50,0.349751651287079,1
0.05,27,"val",51,0.444688141345978,1
0.05,27,"val",52,0.446753531694412,1
0.05,27,"val",53,0.480533391237259,1
0.05,27,"val",54,0.54144161939621,1
0.05,27,"val",55,0.540315568447113,1
0.05,27,"val",56,0.530231535434723,1
0.05,27,"val",57,0.511879563331604,1
0.05,27,"val",58,0.329332917928696,1
0.05,27,"val",59,0.303408741950989,1
0.05,27,"val",60,0.534978985786438,1
0.05,27,"val",61,0.473811119794846,0
0.05,27,"val",62,0.589098811149597,1
0.05,27,"val",63,0.570012032985687,0
0.05,27,"val",64,0.489403873682022,0
0.05,27,"val",65,0.492264449596405,1
0.05,27,"val",66,0.576545476913452,1
0.05,27,"val",67,0.601896524429321,1
0.05,27,"val",68,0.417764216661453,1
0.05,27,"val",69,0.455847054719925,1
0.05,27,"val",70,0.446931391954422,1
0.05,27,"val",71,0.50769579410553,1
0.05,27,"val",72,0.642361044883728,1
0.05,27,"val",73,0.597591042518616,1
0.05,27,"val",74,0.432003140449524,1
0.05,27,"val",75,0.454941660165787,1
0.05,27,"val",76,0.444688141345978,0
0.05,27,"val",77,0.458872973918915,1
0.05,27,"val",78,0.480533391237259,1
0.05,27,"val",79,0.44522500038147,0
0.05,27,"val",80,0.540315568447113,0
0.05,27,"val",81,0.515825033187866,0
0.05,27,"val",82,0.511879563331604,1
0.05,27,"val",83,0.514201521873474,0
0.05,27,"val",84,0.303408741950989,0
0.05,27,"val",85,0.294476717710495,0
0.05,27,"val",86,0.473811119794846,1
0.05,27,"val",87,0.524142861366272,1
0.05,27,"val",88,0.570012032985687,1
0.05,27,"val",89,0.549473881721497,0
0.05,27,"val",90,0.492264449596405,0
0.05,27,"val",91,0.489684730768204,0
0.05,27,"val",92,0.601896524429321,0
0.05,27,"val",93,0.631648123264313,0
0.05,27,"val",94,0.455847054719925,0
0.05,27,"val",95,0.444173216819763,0
0.05,27,"val",96,0.507695734500885,1
0.05,27,"val",97,0.469929695129395,1
0.05,27,"val",98,0.597591042518616,1
0.05,27,"val",99,0.619878232479095,1
0.05,27,"val",100,0.454941660165787,0
0.05,27,"val",101,0.466426998376846,0
0.05,27,"val",102,0.458872973918915,0
0.05,27,"val",103,0.321996808052063,0
0.05,27,"val",104,0.44522500038147,1
0.05,27,"val",105,0.461468696594238,1
0.05,27,"val",106,0.515825033187866,1
0.05,27,"val",107,0.525885224342346,1
0.05,27,"val",108,0.514201521873474,1
0.05,27,"val",109,0.509453654289246,0
0.05,27,"val",110,0.294476717710495,0
0.05,27,"val",111,0.328723758459091,1
0.05,27,"val",112,0.524142861366272,1
0.05,27,"val",113,0.524760484695435,1
0.05,27,"val",114,0.549473881721497,0
0.05,27,"val",115,0.573214530944824,1
0.05,27,"val",116,0.489684730768204,0
0.05,27,"val",117,0.492652118206024,1
0.05,27,"val",118,0.631648123264313,1
0.05,27,"val",119,0.54284131526947,1
0.05,27,"val",120,0.444173157215118,0
0.05,27,"val",121,0.511946499347687,0
0.05,27,"val",122,0.469929695129395,0
0.05,27,"val",123,0.489371687173843,1
0.05,27,"val",124,0.619878232479095,1
0.05,27,"val",125,0.595848679542542,1
0.05,27,"val",126,0.466426998376846,1
0.05,27,"val",127,0.512490510940552,1
0.05,27,"val",128,0.32199689745903,1
0.05,27,"val",129,0.250540554523468,1
0.05,27,"val",130,0.461468696594238,1
0.05,27,"val",131,0.467008143663406,0
0.05,27,"val",132,0.525885224342346,0
0.05,27,"val",133,0.50738000869751,1
0.05,27,"val",134,0.509453654289246,1
0.05,27,"val",135,0.530648171901703,0
0.05,27,"val",136,0.328723758459091,0
0.05,27,"val",137,0.318342536687851,0
0.05,27,"val",138,0.524760484695435,0
0.05,27,"val",139,0.493634879589081,0
0.05,27,"val",140,0.573214530944824,0
0.05,27,"val",141,0.609060764312744,1
0.05,27,"val",142,0.492652118206024,1
0.05,27,"val",143,0.459934324026108,1
0.05,27,"val",144,0.54284131526947,0
0.05,27,"val",145,0.569547474384308,0
0.05,27,"val",146,0.511946499347687,0
0.05,27,"val",147,0.52203106880188,0
0.05,27,"val",148,0.489371687173843,0
0.05,27,"val",149,0.596072733402252,0
0.05,27,"val",150,0.595848679542542,0
0.05,27,"val",151,0.61572790145874,0
0.05,27,"val",152,0.512490510940552,1
0.05,27,"val",153,0.347462087869644,0
0.05,27,"val",154,0.250540554523468,1
0.05,27,"val",155,0.258095353841782,0
0.05,27,"val",156,0.467008143663406,0
0.05,27,"val",157,0.436426758766174,0
0.05,27,"val",158,0.50738000869751,0
0.05,27,"val",159,0.480726331472397,1
0.05,27,"val",160,0.530648171901703,1
0.05,27,"val",161,0.505553483963013,1
0.05,27,"val",162,0.318342536687851,1
0.05,27,"val",163,0.299944370985031,1
0.05,27,"val",164,0.493634879589081,0
0.05,27,"val",165,0.586122632026672,0
0.05,27,"val",166,0.609060764312744,0
0.05,27,"val",167,0.580376803874969,0
0.05,27,"val",168,0.459934324026108,1
0.05,27,"val",169,0.490049451589584,0
0.05,27,"val",170,0.569547474384308,0
0.05,27,"val",171,0.569829285144806,0
0.05,27,"val",172,0.52203106880188,1
0.05,27,"val",173,0.530559182167053,1
0.05,27,"val",174,0.596072733402252,1
0.05,27,"val",175,0.531155407428741,0
0.05,27,"val",176,0.61572790145874,0
0.05,27,"val",177,0.540341317653656,1
0.05,27,"val",178,0.347462087869644,0
0.05,27,"val",179,0.386807829141617,1
0.05,27,"val",180,0.258095353841782,0
0.05,27,"val",181,0.257765769958496,1
0.05,27,"val",182,0.436426758766174,1
0.05,27,"val",183,0.408763557672501,1
0.05,27,"val",184,0.480726331472397,0
0.05,27,"val",185,0.482767760753632,0
0.05,27,"val",186,0.505553483963013,0
0.05,27,"val",187,0.460968255996704,0
0.05,27,"val",188,0.299944370985031,0
0.05,27,"val",189,0.302441716194153,0
0.05,27,"val",190,0.586122632026672,0
0.05,27,"val",191,0.550955355167389,1
0.05,27,"val",192,0.580376803874969,0
0.05,27,"val",193,0.601963996887207,0
0.05,27,"val",194,0.490049451589584,0
0.05,27,"val",195,0.444179505109787,1
0.05,27,"val",196,0.569829285144806,1
0.05,27,"val",197,0.559792578220367,1
0.05,27,"val",198,0.530559182167053,1
0.05,27,"val",199,0.484386742115021,0
0.05,27,"val",200,0.531155407428741,0
0.05,27,"val",201,0.490235656499863,0
0.05,27,"val",202,0.540341317653656,0
0.05,27,"val",203,0.567068755626678,1
0.05,27,"val",204,0.386807829141617,1
0.05,27,"val",205,0.43096598982811,1
0.05,27,"val",206,0.257765769958496,0
0.05,27,"val",207,0.412129461765289,0
0.05,27,"val",208,0.408763557672501,0
0.05,27,"val",209,0.445026218891144,1
0.05,27,"val",210,0.482767760753632,1
0.05,27,"val",211,0.488968580961227,1
0.05,27,"val",212,0.460968255996704,1
0.05,27,"val",213,0.479538798332214,1
0.05,27,"val",214,0.302441716194153,1
0.05,27,"val",215,0.295493990182877,0
0.05,27,"val",216,0.550955355167389,0
0.05,27,"val",217,0.577536463737488,0
0.05,27,"val",218,0.601963996887207,0
0.05,27,"val",219,0.586504280567169,0
0.05,27,"val",220,0.444179505109787,0
0.05,27,"val",221,0.482790052890778,1
0.05,27,"val",222,0.559792578220367,1
0.05,27,"val",223,0.598011493682861,1
0.05,27,"val",224,0.484386712312698,0
0.05,27,"val",225,0.626220762729645,1
0.05,27,"val",226,0.490235656499863,1
0.05,27,"val",227,0.477155804634094,1
0.05,27,"val",228,0.567068755626678,0
0.05,27,"val",229,0.48585256934166,0
0.05,27,"val",230,0.43096598982811,0
0.05,27,"val",231,0.514335930347443,0
0.05,27,"val",232,0.412129461765289,0
0.05,27,"val",233,0.272132188081741,0
0.05,27,"val",234,0.445026218891144,0
0.05,27,"val",235,0.507633626461029,0
0.05,27,"val",236,0.488968580961227,0
0.05,27,"val",237,0.519287586212158,0
0.05,27,"val",238,0.479538798332214,1
0.05,27,"val",239,0.497696101665497,0
0.05,27,"val",240,0.295493990182877,0
0.05,27,"val",241,0.303942024707794,0
0.05,27,"val",242,0.577536463737488,0
0.05,27,"val",243,0.58537745475769,1
0.05,27,"val",244,0.586504280567169,1
0.05,27,"val",245,0.601592183113098,1
0.05,27,"val",246,0.482790052890778,0
0.05,27,"val",247,0.458596855401993,1
0.05,27,"val",248,0.598011434078217,1
0.05,27,"val",249,0.595629453659058,0
0.05,27,"val",250,0.626220762729645,1
0.05,27,"val",251,0.599699735641479,1
0.05,27,"val",252,0.477155804634094,1
0.05,27,"val",253,0.510905981063843,1
0.05,27,"val",254,0.48585256934166,0
0.05,27,"val",255,0.497997254133224,0
0.05,27,"val",256,0.514335930347443,0
0.05,27,"val",257,0.499229699373245,0
0.05,27,"val",258,0.272132188081741,1
0.05,27,"val",259,0.338437587022781,1
0.05,27,"val",260,0.507633626461029,1
0.05,27,"val",261,0.460554391145706,1
0.05,27,"val",262,0.519287586212158,1
0.05,27,"val",263,0.528164982795715,0
0.05,27,"val",264,0.497696101665497,0
0.05,27,"val",265,0.499696642160416,1
0.05,27,"val",266,0.303942024707794,1
0.05,27,"val",267,0.305061608552933,0
0.05,27,"val",268,0.58537745475769,0
0.05,27,"val",269,0.586794674396515,0
0.05,27,"val",270,0.601592183113098,1
0.05,27,"val",271,0.625091552734375,1
0.05,27,"val",272,0.458596855401993,1
0.05,27,"val",273,0.511815130710602,1
0.05,27,"val",274,0.595629453659058,0
0.05,27,"val",275,0.629149079322815,0
0.05,27,"val",276,0.599699735641479,0
0.05,27,"val",277,0.595134198665619,0
0.05,27,"val",278,0.510905981063843,1
0.05,27,"val",279,0.519324123859406,1
0.05,27,"val",280,0.497997313737869,1
0.05,27,"val",281,0.530513048171997,1
0.05,27,"val",282,0.499229699373245,1
0.05,27,"val",283,0.438298225402832,1
0.05,27,"val",284,0.338437587022781,0
0.05,27,"val",285,0.392969578504562,0
0.05,27,"val",286,0.460554391145706,0
0.05,27,"val",287,0.479527235031128,0
0.05,27,"val",288,0.528164982795715,0
0.05,27,"val",289,0.532460510730743,0
0.05,27,"val",290,0.499696642160416,0
0.05,27,"val",291,0.448135793209076,0
0.05,27,"val",292,0.305061608552933,0
0.05,27,"val",293,0.315978318452835,0
0.05,27,"val",294,0.586794674396515,1
0.05,27,"val",295,0.583863198757172,1
0.05,27,"val",296,0.625091552734375,0
0.05,27,"val",297,0.558436512947083,0
0.05,27,"val",298,0.511815130710602,0
0.05,27,"val",299,0.523349761962891,1
0.05,27,"val",300,0.629149079322815,1
0.05,27,"val",301,0.580954670906067,1
0.05,27,"val",302,0.595134198665619,0
0.05,27,"val",303,0.499677002429962,0
0.05,27,"val",304,0.519324123859406,0
0.05,27,"test",1,0.361475944519043,0
0.05,27,"test",2,0.530513048171997,0
0.05,27,"test",3,0.558956563472748,1
0.05,27,"test",4,0.438298225402832,1
0.05,27,"test",5,0.493706405162811,1
0.05,27,"test",6,0.392969578504562,1
0.05,27,"test",7,0.356776177883148,1
0.05,27,"test",8,0.479527235031128,1
0.05,27,"test",9,0.426984757184982,1
0.05,27,"test",10,0.532460510730743,1
0.05,27,"test",11,0.55188375711441,1
0.05,27,"test",12,0.448135793209076,1
0.05,27,"test",13,0.527817964553833,1
0.05,27,"test",14,0.315978318452835,1
0.05,27,"test",15,0.300456166267395,1
0.05,27,"test",16,0.583863198757172,1
0.05,27,"test",17,0.566756784915924,0
0.05,27,"test",18,0.558436512947083,0
0.05,27,"test",19,0.56154066324234,0
0.05,27,"test",20,0.523349761962891,1
0.05,27,"test",21,0.531682372093201,1
0.05,27,"test",22,0.580954670906067,1
0.05,27,"test",23,0.569777965545654,0
0.05,27,"test",24,0.499677002429962,0
0.05,27,"test",25,0.596155047416687,0
0.05,27,"test",26,0.361475944519043,1
0.05,27,"test",27,0.486923456192017,1
0.05,27,"test",28,0.558956563472748,1
0.05,27,"test",29,0.581675350666046,0
0.05,27,"test",30,0.493706405162811,0
0.05,27,"test",31,0.517571210861206,0
0.05,27,"test",32,0.356776177883148,0
0.05,27,"test",33,0.298765748739243,0
0.05,27,"test",34,0.426984757184982,1
0.05,27,"test",35,0.48987677693367,1
0.05,27,"test",36,0.55188375711441,1
0.05,27,"test",37,0.54999053478241,1
0.05,27,"test",38,0.527817964553833,1
0.05,27,"test",39,0.517856121063232,1
0.05,27,"test",40,0.300456166267395,1
0.05,27,"test",41,0.313393324613571,1
0.05,27,"test",42,0.566756784915924,0
0.05,27,"test",43,0.491582483053207,0
0.05,27,"test",44,0.56154066324234,1
0.05,27,"test",45,0.561347365379333,1
0.05,27,"test",46,0.531682372093201,1
0.05,27,"test",47,0.495351731777191,0
0.05,27,"test",48,0.569777965545654,0
0.05,27,"test",49,0.562762141227722,0
0.05,27,"test",50,0.596155047416687,0
0.05,27,"test",51,0.508779346942902,1
0.05,27,"test",52,0.486923456192017,1
0.05,27,"test",53,0.497324883937836,1
0.05,27,"test",54,0.581675350666046,1
0.05,27,"test",55,0.570848345756531,0
0.05,27,"test",56,0.517571151256561,0
0.05,27,"test",57,0.574597895145416,0
0.05,27,"test",58,0.298765748739243,0
0.05,27,"test",59,0.283262699842453,1
0.05,27,"test",60,0.48987677693367,1
0.05,27,"test",61,0.428869038820267,1
0.05,27,"test",62,0.54999053478241,0
0.05,27,"test",63,0.540038824081421,1
0.05,27,"test",64,0.517856061458588,1
0.05,27,"test",65,0.49240243434906,1
0.05,27,"test",66,0.313393324613571,1
0.05,27,"test",67,0.323329776525497,1
0.05,27,"test",68,0.491582483053207,0
0.05,27,"test",69,0.490176200866699,0
0.05,27,"test",70,0.561347365379333,0
0.05,27,"test",71,0.592898488044739,1
0.05,27,"test",72,0.495351731777191,1
0.05,27,"test",73,0.488778382539749,0
0.05,27,"test",74,0.562762141227722,0
0.05,27,"test",75,0.583062827587128,0
0.05,27,"test",76,0.508779346942902,0
0.05,27,"test",77,0.561947166919708,0
0.05,27,"test",78,0.497324883937836,1
0.05,27,"test",79,0.570724666118622,0
0.05,27,"test",80,0.570848345756531,0
0.05,27,"test",81,0.608352184295654,1
0.05,27,"test",82,0.574597895145416,1
0.05,27,"test",83,0.526763498783112,1
0.05,27,"test",84,0.283262699842453,1
0.05,27,"test",85,0.297055125236511,0
0.05,27,"test",86,0.428869038820267,0
0.05,27,"test",87,0.417196691036224,0
0.05,27,"test",88,0.540038764476776,0
0.05,27,"test",89,0.493106961250305,0
0.05,27,"test",90,0.49240243434906,0
0.05,27,"test",91,0.518693685531616,1
0.05,27,"test",92,0.323329776525497,0
0.05,27,"test",93,0.326211363077164,0
0.05,27,"test",94,0.490176200866699,0
0.05,27,"test",95,0.52280193567276,0
0.05,27,"test",96,0.592898368835449,0
0.05,27,"test",97,0.588295578956604,1
0.05,27,"test",98,0.488778382539749,1
0.05,27,"test",99,0.497467160224915,1
0.05,27,"test",100,0.583062827587128,1
0.05,27,"test",101,0.568958580493927,1
0.05,27,"test",102,0.561947166919708,0
0.05,27,"test",103,0.532722592353821,0
0.05,27,"test",104,0.570724666118622,0
0.05,27,"test",105,0.608272314071655,0
0.05,27,"test",106,0.608352184295654,0
0.05,27,"test",107,0.522499680519104,0
0.05,27,"test",108,0.526763498783112,0
0.05,27,"test",109,0.539806365966797,0
0.05,27,"test",110,0.297055125236511,1
0.05,27,"test",111,0.251084417104721,1
0.05,27,"test",112,0.417196691036224,1
0.05,27,"test",113,0.438543111085892,0
0.05,27,"test",114,0.493106961250305,1
0.05,27,"test",115,0.483332484960556,1
0.05,27,"test",116,0.518693685531616,1
0.05,27,"test",117,0.488753914833069,1
0.05,27,"test",118,0.326211363077164,1
0.05,27,"test",119,0.321509897708893,0
0.05,27,"test",120,0.52280193567276,0
0.05,27,"test",121,0.588217914104462,0
0.05,27,"test",122,0.588295578956604,1
0.05,27,"test",123,0.590938150882721,1
0.05,27,"test",124,0.497467160224915,1
0.05,27,"test",125,0.476945072412491,0
0.05,27,"test",126,0.568958580493927,0
0.05,27,"test",127,0.568458616733551,0
0.05,27,"test",128,0.532722592353821,1
0.05,27,"test",129,0.481177151203156,1
0.05,27,"test",130,0.608272314071655,1
0.05,27,"test",131,0.617604792118073,1
0.05,27,"test",132,0.522499680519104,0
0.05,27,"test",133,0.688976526260376,0
0.05,27,"test",134,0.539806365966797,0
0.05,27,"test",135,0.506536066532135,0
0.05,27,"test",136,0.251084417104721,0
0.05,27,"test",137,0.30344095826149,1
0.05,27,"test",138,0.438543111085892,1
0.05,27,"test",139,0.446164280176163,1
0.05,27,"test",140,0.483332484960556,1
0.05,27,"test",141,0.467845112085342,1
0.05,27,"test",142,0.488753914833069,1
0.05,27,"test",143,0.505126118659973,1
0.05,27,"test",144,0.321509897708893,1
0.05,27,"test",145,0.329299837350845,1
0.05,27,"test",146,0.588217914104462,1
0.05,27,"test",147,0.585919797420502,1
0.05,27,"test",148,0.590938150882721,1
0.05,27,"test",149,0.54129296541214,1
0.05,27,"test",150,0.476945072412491,1
0.05,27,"test",151,0.498950839042664,1
0.05,27,"test",152,0.568458616733551,0
0.05,27,"test",153,0.625187397003174,0
0.05,27,"test",154,0.481177151203156,1
0.05,27,"test",155,0.392531454563141,1
0.05,27,"test",156,0.617604792118073,1
0.05,27,"test",157,0.591066181659698,0
0.05,27,"test",158,0.688976526260376,0
0.05,27,"test",159,0.628462255001068,0
0.05,27,"test",160,0.506536066532135,0
0.05,27,"test",161,0.498499810695648,0
0.05,27,"test",162,0.30344095826149,0
0.05,27,"test",163,0.362768590450287,0
0.05,27,"test",164,0.446164280176163,0
0.05,27,"test",165,0.462250977754593,1
0.05,27,"test",166,0.467845112085342,1
0.05,27,"test",167,0.519618034362793,0
0.05,27,"test",168,0.505126118659973,1
0.05,27,"test",169,0.511210858821869,1
0.05,27,"test",170,0.329299837350845,1
0.05,27,"test",171,0.32625025510788,0
0.05,27,"test",172,0.585919797420502,0
0.05,27,"test",173,0.593378365039825,1
0.05,27,"test",174,0.54129296541214,1
0.05,27,"test",175,0.571256458759308,1
0.05,27,"test",176,0.498950839042664,1
0.05,27,"test",177,0.512107014656067,0
0.05,27,"test",178,0.625187397003174,0
0.05,27,"test",179,0.572269141674042,0
0.05,27,"test",180,0.392531454563141,0
0.05,27,"test",181,0.632484197616577,0
0.05,27,"test",182,0.591066181659698,0
0.05,27,"test",183,0.583892345428467,0
0.05,27,"test",184,0.628462255001068,0
0.05,27,"test",185,0.595143437385559,0
0.05,27,"test",186,0.498499810695648,1
0.05,27,"test",187,0.475875794887543,0
0.05,27,"test",188,0.362768590450287,0
0.05,27,"test",189,0.357228219509125,0
0.05,27,"test",190,0.462250977754593,0
0.05,27,"test",191,0.438698589801788,0
0.05,27,"test",192,0.519618153572083,0
0.05,27,"test",193,0.447011142969131,0
0.05,27,"test",194,0.511210858821869,0
0.05,27,"test",195,0.479907810688019,0
0.05,27,"test",196,0.32625025510788,0
0.05,27,"test",197,0.302945047616959,1
0.05,27,"test",198,0.593378365039825,1
0.05,27,"test",199,0.589395046234131,1
0.05,27,"test",200,0.571256458759308,0
0.05,27,"test",201,0.570720374584198,0
0.05,27,"test",202,0.512107014656067,1
0.05,27,"test",203,0.496195524930954,0
0.05,27,"test",204,0.572269141674042,0
0.05,27,"test",205,0.558466970920563,0
0.05,27,"test",206,0.632484197616577,1
0.05,27,"test",207,0.591897249221802,0
0.05,27,"test",208,0.583892345428467,0
0.05,27,"test",209,0.52149486541748,0
0.05,27,"test",210,0.595143437385559,0
0.05,27,"test",211,0.596732199192047,0
0.05,27,"test",212,0.475875794887543,1
0.05,27,"test",213,0.556097567081451,0
0.05,27,"test",214,0.357228219509125,1
0.05,27,"test",215,0.250383734703064,1
0.05,27,"test",216,0.438698619604111,1
0.05,27,"test",217,0.420233994722366,0
0.05,27,"test",218,0.447011142969131,0
0.05,27,"test",219,0.44730532169342,1
0.05,27,"test",220,0.479907810688019,1
0.05,27,"test",221,0.509190738201141,0
0.05,27,"test",222,0.302945047616959,1
0.05,27,"test",223,0.327815353870392,1
0.05,27,"test",224,0.589395105838776,1
0.05,27,"test",225,0.566804885864258,0
0.05,27,"test",226,0.570720374584198,0
0.05,27,"test",227,0.57970803976059,0
0.05,27,"test",228,0.496195524930954,1
0.05,27,"test",229,0.512194097042084,1
0.05,27,"test",230,0.558466970920563,0
0.05,27,"test",231,0.509146213531494,1
0.05,27,"test",232,0.591897249221802,1
0.05,27,"test",233,0.54893159866333,1
0.05,27,"test",234,0.52149486541748,1
0.05,27,"test",235,0.530945897102356,1
0.05,27,"test",236,0.596732199192047,1
0.05,27,"test",237,0.624647676944733,0
0.05,27,"test",238,0.556097567081451,0
0.05,27,"test",239,0.505681931972504,0
0.05,27,"test",240,0.250383734703064,0
0.05,27,"test",241,0.222658514976501,0
0.05,27,"test",242,0.420233994722366,0
0.05,27,"test",243,0.394936591386795,0
0.05,27,"test",244,0.44730532169342,1
0.05,27,"test",245,0.475663006305695,1
0.05,27,"test",246,0.509190738201141,1
0.05,27,"test",247,0.489718347787857,1
0.05,27,"test",248,0.327815353870392,1
0.05,27,"test",249,0.345590889453888,1
0.05,27,"test",250,0.566804885864258,1
0.05,27,"test",251,0.56444263458252,1
0.05,27,"test",252,0.57970803976059,0
0.05,27,"test",253,0.561261713504791,0
0.05,27,"test",254,0.512194097042084,0
0.05,27,"test",255,0.497314453125,1
0.05,27,"test",256,0.509146213531494,1
0.05,27,"test",257,0.586697816848755,1
0.05,27,"test",258,0.54893159866333,1
0.05,27,"test",259,0.578486084938049,1
0.05,27,"test",260,0.530945897102356,1
0.05,27,"test",261,0.492075651884079,1
0.05,27,"test",262,0.624647676944733,0
0.05,27,"test",263,0.590242028236389,0
0.05,27,"test",264,0.505681931972504,1
0.05,27,"test",265,0.531673908233643,1
0.05,27,"test",266,0.222658514976501,1
0.05,27,"test",267,0.299995273351669,1
0.05,27,"test",268,0.394936591386795,1
0.05,27,"test",269,0.413828670978546,1
0.05,27,"test",270,0.475663006305695,1
0.05,27,"test",271,0.480048179626465,1
0.05,27,"test",272,0.489718347787857,1
0.05,27,"test",273,0.475324302911758,1
0.05,27,"test",274,0.345590889453888,1
0.05,27,"test",275,0.326578915119171,1
0.05,27,"test",276,0.56444263458252,1
0.05,27,"test",277,0.57400381565094,1
0.05,27,"test",278,0.561261713504791,0
0.05,27,"test",279,0.435462266206741,0
0.05,27,"test",280,0.497314512729645,0
0.05,27,"test",281,0.485182493925095,0
0.05,27,"test",282,0.586697816848755,0
0.05,27,"test",283,0.543581068515778,0
0.05,27,"test",284,0.578486084938049,0
0.05,27,"test",285,0.494542837142944,0
0.05,27,"test",286,0.492075651884079,0
0.05,27,"test",287,0.607409119606018,0
0.05,27,"test",288,0.590242028236389,0
0.05,27,"test",289,0.604267060756683,0
0.05,27,"test",290,0.531673908233643,0
0.05,27,"test",291,0.475153535604477,0
0.05,27,"test",292,0.299995273351669,1
0.05,27,"test",293,0.418852895498276,1
0.05,27,"test",294,0.413828670978546,1
0.05,27,"test",295,0.448404729366302,0
0.05,27,"test",296,0.480048179626465,0
0.05,27,"test",297,0.502508759498596,1
0.05,27,"test",298,0.475324302911758,0
0.05,27,"test",299,0.4907266497612,0
0.05,27,"test",300,0.326578915119171,1
0.05,27,"test",301,0.332612335681915,1
0.05,27,"test",302,0.57400381565094,1
0.05,27,"test",303,0.563737750053406,0
0.05,27,"test",304,0.435462266206741,1
0.05,27,"test",305,0.526597797870636,0
0.05,98,"val",1,0.566169619560242,0
0.05,98,"val",2,0.505280613899231,1
0.05,98,"val",3,0.497643351554871,0
0.05,98,"val",4,0.455024063587189,1
0.05,98,"val",5,0.468377292156219,1
0.05,98,"val",6,0.321911126375198,1
0.05,98,"val",7,0.326961427927017,1
0.05,98,"val",8,0.472951829433441,1
0.05,98,"val",9,0.474955916404724,1
0.05,98,"val",10,0.53203284740448,1
0.05,98,"val",11,0.530231237411499,1
0.05,98,"val",12,0.50046443939209,1
0.05,98,"val",13,0.53867381811142,1
0.05,98,"val",14,0.524660527706146,1
0.05,98,"val",15,0.548542737960815,1
0.05,98,"val",16,0.538086354732513,1
0.05,98,"val",17,0.486643016338348,1
0.05,98,"val",18,0.52793961763382,1
0.05,98,"val",19,0.553470015525818,1
0.05,98,"val",20,0.599839270114899,1
0.05,98,"val",21,0.630022704601288,1
0.05,98,"val",22,0.567474484443665,1
0.05,98,"val",23,0.439651072025299,0
0.05,98,"val",24,0.599905073642731,0
0.05,98,"val",25,0.489195287227631,1
0.05,98,"val",26,0.566169619560242,0
0.05,98,"val",27,0.573993802070618,0
0.05,98,"val",28,0.497643351554871,0
0.05,98,"val",29,0.461760729551315,1
0.05,98,"val",30,0.468377292156219,1
0.05,98,"val",31,0.4731465280056,0
0.05,98,"val",32,0.326961427927017,0
0.05,98,"val",33,0.328972727060318,0
0.05,98,"val",34,0.474955916404724,0
0.05,98,"val",35,0.476002782583237,0
0.05,98,"val",36,0.530231237411499,0
0.05,98,"val",37,0.520751118659973,1
0.05,98,"val",38,0.53867381811142,1
0.05,98,"val",39,0.527656078338623,1
0.05,98,"val",40,0.548542737960815,0
0.05,98,"val",41,0.547371327877045,0
0.05,98,"val",42,0.486643016338348,0
0.05,98,"val",43,0.500574707984924,0
0.05,98,"val",44,0.553470015525818,0
0.05,98,"val",45,0.512705624103546,0
0.05,98,"val",46,0.630022704601288,0
0.05,98,"val",47,0.613024652004242,1
0.05,98,"val",48,0.439651072025299,1
0.05,98,"val",49,0.549237608909607,1
0.05,98,"val",50,0.489195287227631,1
0.05,98,"val",51,0.577691495418549,1
0.05,98,"val",52,0.573993802070618,1
0.05,98,"val",53,0.597985565662384,1
0.05,98,"val",54,0.461760729551315,1
0.05,98,"val",55,0.488443166017532,1
0.05,98,"val",56,0.4731465280056,1
0.05,98,"val",57,0.47131136059761,1
0.05,98,"val",58,0.328972727060318,1
0.05,98,"val",59,0.338115721940994,1
0.05,98,"val",60,0.476002782583237,1
0.05,98,"val",61,0.472878634929657,0
0.05,98,"val",62,0.520751118659973,1
0.05,98,"val",63,0.525901675224304,0
0.05,98,"val",64,0.527656078338623,0
0.05,98,"val",65,0.515233278274536,1
0.05,98,"val",66,0.547371327877045,1
0.05,98,"val",67,0.543299078941345,1
0.05,98,"val",68,0.500574707984924,1
0.05,98,"val",69,0.51087361574173,1
0.05,98,"val",70,0.512705624103546,1
0.05,98,"val",71,0.542186200618744,1
0.05,98,"val",72,0.613024652004242,1
0.05,98,"val",73,0.594290256500244,1
0.05,98,"val",74,0.549237608909607,1
0.05,98,"val",75,0.624057948589325,1
0.05,98,"val",76,0.577691495418549,0
0.05,98,"val",77,0.575272023677826,1
0.05,98,"val",78,0.597985565662384,1
0.05,98,"val",79,0.573596775531769,0
0.05,98,"val",80,0.488443166017532,0
0.05,98,"val",81,0.508111000061035,0
0.05,98,"val",82,0.47131136059761,1
0.05,98,"val",83,0.481803268194199,0
0.05,98,"val",84,0.338115721940994,0
0.05,98,"val",85,0.337002396583557,0
0.05,98,"val",86,0.472878634929657,1
0.05,98,"val",87,0.475149214267731,1
0.05,98,"val",88,0.525901675224304,1
0.05,98,"val",89,0.526692926883698,0
0.05,98,"val",90,0.515233278274536,0
0.05,98,"val",91,0.499788701534271,0
0.05,98,"val",92,0.543299078941345,0
0.05,98,"val",93,0.605714619159698,0
0.05,98,"val",94,0.51087361574173,0
0.05,98,"val",95,0.466887533664703,0
0.05,98,"val",96,0.542186200618744,1
0.05,98,"val",97,0.52293848991394,1
0.05,98,"val",98,0.594290256500244,1
0.05,98,"val",99,0.610130727291107,1
0.05,98,"val",100,0.624057948589325,0
0.05,98,"val",101,0.621796131134033,0
0.05,98,"val",102,0.575272023677826,0
0.05,98,"val",103,0.443496525287628,0
0.05,98,"val",104,0.573596775531769,1
0.05,98,"val",105,0.585089981555939,1
0.05,98,"val",106,0.508111000061035,1
0.05,98,"val",107,0.507538259029388,1
0.05,98,"val",108,0.481803268194199,1
0.05,98,"val",109,0.468171566724777,0
0.05,98,"val",110,0.337002396583557,0
0.05,98,"val",111,0.319040924310684,1
0.05,98,"val",112,0.475149214267731,1
0.05,98,"val",113,0.475428104400635,1
0.05,98,"val",114,0.526692926883698,0
0.05,98,"val",115,0.525980830192566,1
0.05,98,"val",116,0.499788701534271,0
0.05,98,"val",117,0.534452438354492,1
0.05,98,"val",118,0.605714619159698,1
0.05,98,"val",119,0.522660732269287,1
0.05,98,"val",120,0.466887533664703,0
0.05,98,"val",121,0.537733733654022,0
0.05,98,"val",122,0.52293848991394,0
0.05,98,"val",123,0.537042856216431,1
0.05,98,"val",124,0.610130727291107,1
0.05,98,"val",125,0.583341836929321,1
0.05,98,"val",126,0.621796131134033,1
0.05,98,"val",127,0.666342675685883,1
0.05,98,"val",128,0.443496435880661,1
0.05,98,"val",129,0.235108464956284,1
0.05,98,"val",130,0.585089981555939,1
0.05,98,"val",131,0.587924182415009,0
0.05,98,"val",132,0.507538259029388,0
0.05,98,"val",133,0.498751431703568,1
0.05,98,"val",134,0.468171566724777,1
0.05,98,"val",135,0.479347586631775,0
0.05,98,"val",136,0.319040924310684,0
0.05,98,"val",137,0.331245332956314,0
0.05,98,"val",138,0.475428104400635,0
0.05,98,"val",139,0.473290652036667,0
0.05,98,"val",140,0.525980830192566,0
0.05,98,"val",141,0.520741045475006,1
0.05,98,"val",142,0.534452438354492,1
0.05,98,"val",143,0.532629549503326,1
0.05,98,"val",144,0.522660732269287,0
0.05,98,"val",145,0.510585963726044,0
0.05,98,"val",146,0.537733733654022,0
0.05,98,"val",147,0.528606057167053,0
0.05,98,"val",148,0.537042856216431,0
0.05,98,"val",149,0.619758069515228,0
0.05,98,"val",150,0.583341836929321,0
0.05,98,"val",151,0.580331325531006,0
0.05,98,"val",152,0.666342675685883,1
0.05,98,"val",153,0.469759345054626,0
0.05,98,"val",154,0.235108464956284,1
0.05,98,"val",155,0.289641290903091,0
0.05,98,"val",156,0.587924182415009,0
0.05,98,"val",157,0.570860683917999,0
0.05,98,"val",158,0.498751431703568,0
0.05,98,"val",159,0.499277651309967,1
0.05,98,"val",160,0.479347586631775,1
0.05,98,"val",161,0.481322526931763,1
0.05,98,"val",162,0.331245332956314,1
0.05,98,"val",163,0.323610991239548,1
0.05,98,"val",164,0.473290652036667,0
0.05,98,"val",165,0.478723257780075,0
0.05,98,"val",166,0.520741045475006,0
0.05,98,"val",167,0.534457504749298,0
0.05,98,"val",168,0.532629549503326,1
0.05,98,"val",169,0.528094291687012,0
0.05,98,"val",170,0.510585963726044,0
0.05,98,"val",171,0.509988844394684,0
0.05,98,"val",172,0.528606057167053,1
0.05,98,"val",173,0.519813716411591,1
0.05,98,"val",174,0.619758069515228,1
0.05,98,"val",175,0.562246918678284,0
0.05,98,"val",176,0.580331325531006,0
0.05,98,"val",177,0.546036779880524,1
0.05,98,"val",178,0.469759345054626,0
0.05,98,"val",179,0.508112788200378,1
0.05,98,"val",180,0.289641290903091,0
0.05,98,"val",181,0.291589289903641,1
0.05,98,"val",182,0.570860683917999,1
0.05,98,"val",183,0.558876037597656,1
0.05,98,"val",184,0.499277651309967,0
0.05,98,"val",185,0.496491670608521,0
0.05,98,"val",186,0.481322526931763,0
0.05,98,"val",187,0.466366708278656,0
0.05,98,"val",188,0.323610991239548,0
0.05,98,"val",189,0.341445446014404,0
0.05,98,"val",190,0.478723257780075,0
0.05,98,"val",191,0.476246207952499,1
0.05,98,"val",192,0.534457504749298,0
0.05,98,"val",193,0.534152925014496,0
0.05,98,"val",194,0.528094291687012,0
0.05,98,"val",195,0.518268823623657,1
0.05,98,"val",196,0.509988844394684,1
0.05,98,"val",197,0.557090699672699,1
0.05,98,"val",198,0.519813716411591,1
0.05,98,"val",199,0.485601037740707,0
0.05,98,"val",200,0.562246918678284,0
0.05,98,"val",201,0.534151792526245,0
0.05,98,"val",202,0.546036779880524,0
0.05,98,"val",203,0.563774168491364,1
0.05,98,"val",204,0.508112788200378,1
0.05,98,"val",205,0.549211323261261,1
0.05,98,"val",206,0.291589289903641,0
0.05,98,"val",207,0.559269726276398,0
0.05,98,"val",208,0.558876037597656,0
0.05,98,"val",209,0.572411775588989,1
0.05,98,"val",210,0.496491670608521,1
0.05,98,"val",211,0.492607444524765,1
0.05,98,"val",212,0.466366708278656,1
0.05,98,"val",213,0.481597781181335,1
0.05,98,"val",214,0.341445446014404,1
0.05,98,"val",215,0.337887793779373,0
0.05,98,"val",216,0.476246267557144,0
0.05,98,"val",217,0.478142708539963,0
0.05,98,"val",218,0.534152925014496,0
0.05,98,"val",219,0.526505172252655,0
0.05,98,"val",220,0.518268823623657,0
0.05,98,"val",221,0.516460657119751,1
0.05,98,"val",222,0.557090699672699,1
0.05,98,"val",223,0.576780200004578,1
0.05,98,"val",224,0.485601037740707,0
0.05,98,"val",225,0.554396986961365,1
0.05,98,"val",226,0.534151792526245,1
0.05,98,"val",227,0.527141273021698,1
0.05,98,"val",228,0.563774168491364,0
0.05,98,"val",229,0.556981682777405,0
0.05,98,"val",230,0.549211323261261,0
0.05,98,"val",231,0.638152956962585,0
0.05,98,"val",232,0.559269726276398,0
0.05,98,"val",233,0.294280707836151,0
0.05,98,"val",234,0.572411775588989,0
0.05,98,"val",235,0.609543740749359,0
0.05,98,"val",236,0.492607444524765,0
0.05,98,"val",237,0.501231789588928,0
0.05,98,"val",238,0.481597781181335,1
0.05,98,"val",239,0.474061280488968,0
0.05,98,"val",240,0.337887793779373,0
0.05,98,"val",241,0.338267773389816,0
0.05,98,"val",242,0.478142708539963,0
0.05,98,"val",243,0.479454338550568,1
0.05,98,"val",244,0.526505172252655,1
0.05,98,"val",245,0.524335861206055,1
0.05,98,"val",246,0.516460657119751,0
0.05,98,"val",247,0.510264039039612,1
0.05,98,"val",248,0.576780200004578,1
0.05,98,"val",249,0.584856510162354,0
0.05,98,"val",250,0.554396986961365,1
0.05,98,"val",251,0.527194142341614,1
0.05,98,"val",252,0.527141273021698,1
0.05,98,"val",253,0.536503612995148,1
0.05,98,"val",254,0.556981682777405,0
0.05,98,"val",255,0.547082185745239,0
0.05,98,"val",256,0.638152956962585,0
0.05,98,"val",257,0.620727121829987,0
0.05,98,"val",258,0.294280707836151,1
0.05,98,"val",259,0.505238771438599,1
0.05,98,"val",260,0.609543740749359,1
0.05,98,"val",261,0.584797084331512,1
0.05,98,"val",262,0.501231789588928,1
0.05,98,"val",263,0.499767512083054,0
0.05,98,"val",264,0.474061280488968,0
0.05,98,"val",265,0.471316009759903,1
0.05,98,"val",266,0.338267773389816,1
0.05,98,"val",267,0.338244140148163,0
0.05,98,"val",268,0.479454338550568,0
0.05,98,"val",269,0.479967921972275,0
0.05,98,"val",270,0.524335861206055,1
0.05,98,"val",271,0.526138722896576,1
0.05,98,"val",272,0.510264039039612,1
0.05,98,"val",273,0.52401077747345,1
0.05,98,"val",274,0.584856510162354,0
0.05,98,"val",275,0.616692662239075,0
0.05,98,"val",276,0.527194142341614,0
0.05,98,"val",277,0.552444934844971,0
0.05,98,"val",278,0.536503612995148,1
0.05,98,"val",279,0.542405426502228,1
0.05,98,"val",280,0.547082185745239,1
0.05,98,"val",281,0.57246458530426,1
0.05,98,"val",282,0.620727121829987,1
0.05,98,"val",283,0.555392682552338,1
0.05,98,"val",284,0.505238771438599,0
0.05,98,"val",285,0.526796042919159,0
0.05,98,"val",286,0.584797084331512,0
0.05,98,"val",287,0.594991624355316,0
0.05,98,"val",288,0.499767482280731,0
0.05,98,"val",289,0.496207058429718,0
0.05,98,"val",290,0.471316009759903,0
0.05,98,"val",291,0.477157115936279,0
0.05,98,"val",292,0.338244140148163,0
0.05,98,"val",293,0.319677144289017,0
0.05,98,"val",294,0.479967921972275,1
0.05,98,"val",295,0.479806661605835,1
0.05,98,"val",296,0.526138722896576,0
0.05,98,"val",297,0.528099060058594,0
0.05,98,"val",298,0.52401077747345,0
0.05,98,"val",299,0.538201451301575,1
0.05,98,"val",300,0.616692662239075,1
0.05,98,"val",301,0.581450819969177,1
0.05,98,"val",302,0.552444934844971,0
0.05,98,"val",303,0.505445420742035,0
0.05,98,"val",304,0.542405426502228,0
0.05,98,"test",1,0.49472513794899,0
0.05,98,"test",2,0.57246458530426,0
0.05,98,"test",3,0.584321975708008,1
0.05,98,"test",4,0.555392682552338,1
0.05,98,"test",5,0.615612387657166,1
0.05,98,"test",6,0.526796042919159,1
0.05,98,"test",7,0.501712441444397,1
0.05,98,"test",8,0.594991624355316,1
0.05,98,"test",9,0.566708385944366,1
0.05,98,"test",10,0.496207058429718,1
0.05,98,"test",11,0.50585150718689,1
0.05,98,"test",12,0.477157115936279,1
0.05,98,"test",13,0.461103230714798,1
0.05,98,"test",14,0.319677144289017,1
0.05,98,"test",15,0.322971671819687,1
0.05,98,"test",16,0.479806661605835,1
0.05,98,"test",17,0.478481739759445,0
0.05,98,"test",18,0.528099060058594,0
0.05,98,"test",19,0.524050116539001,0
0.05,98,"test",20,0.538201451301575,1
0.05,98,"test",21,0.554423689842224,1
0.05,98,"test",22,0.581450819969177,1
0.05,98,"test",23,0.588596880435944,0
0.05,98,"test",24,0.505445420742035,0
0.05,98,"test",25,0.563725650310516,0
0.05,98,"test",26,0.49472513794899,1
0.05,98,"test",27,0.537498533725739,1
0.05,98,"test",28,0.584321975708008,1
0.05,98,"test",29,0.57854962348938,0
0.05,98,"test",30,0.615612387657166,0
0.05,98,"test",31,0.636320888996124,0
0.05,98,"test",32,0.501712441444397,0
0.05,98,"test",33,0.438559710979462,0
0.05,98,"test",34,0.566708385944366,1
0.05,98,"test",35,0.595521688461304,1
0.05,98,"test",36,0.50585150718689,1
0.05,98,"test",37,0.511274874210358,1
0.05,98,"test",38,0.461103230714798,1
0.05,98,"test",39,0.45298758149147,1
0.05,98,"test",40,0.322971671819687,1
0.05,98,"test",41,0.322684705257416,1
0.05,98,"test",42,0.478481739759445,0
0.05,98,"test",43,0.473665177822113,0
0.05,98,"test",44,0.524050116539001,1
0.05,98,"test",45,0.526783049106598,1
0.05,98,"test",46,0.554423689842224,1
0.05,98,"test",47,0.534023940563202,0
0.05,98,"test",48,0.588596880435944,0
0.05,98,"test",49,0.537951827049255,0
0.05,98,"test",50,0.563725650310516,0
0.05,98,"test",51,0.486473023891449,1
0.05,98,"test",52,0.537498533725739,1
0.05,98,"test",53,0.532123804092407,1
0.05,98,"test",54,0.57854962348938,1
0.05,98,"test",55,0.558157801628113,0
0.05,98,"test",56,0.636320888996124,0
0.05,98,"test",57,0.703138053417206,0
0.05,98,"test",58,0.438559710979462,0
0.05,98,"test",59,0.392401605844498,1
0.05,98,"test",60,0.595521688461304,1
0.05,98,"test",61,0.555654942989349,1
0.05,98,"test",62,0.511274874210358,0
0.05,98,"test",63,0.501491665840149,1
0.05,98,"test",64,0.452987551689148,1
0.05,98,"test",65,0.463131606578827,1
0.05,98,"test",66,0.322684705257416,1
0.05,98,"test",67,0.31228569149971,1
0.05,98,"test",68,0.473665177822113,0
0.05,98,"test",69,0.473111361265182,0
0.05,98,"test",70,0.526783049106598,0
0.05,98,"test",71,0.507952272891998,1
0.05,98,"test",72,0.534023940563202,1
0.05,98,"test",73,0.513708770275116,0
0.05,98,"test",74,0.537951827049255,0
0.05,98,"test",75,0.567498981952667,0
0.05,98,"test",76,0.486473023891449,0
0.05,98,"test",77,0.505518078804016,0
0.05,98,"test",78,0.532123804092407,1
0.05,98,"test",79,0.582403957843781,0
0.05,98,"test",80,0.558157801628113,0
0.05,98,"test",81,0.571826577186584,1
0.05,98,"test",82,0.703138053417206,1
0.05,98,"test",83,0.645930647850037,1
0.05,98,"test",84,0.392401605844498,1
0.05,98,"test",85,0.434404999017715,0
0.05,98,"test",86,0.555654942989349,0
0.05,98,"test",87,0.560962915420532,0
0.05,98,"test",88,0.501491665840149,0
0.05,98,"test",89,0.491146326065063,0
0.05,98,"test",90,0.463131606578827,0
0.05,98,"test",91,0.473926275968552,1
0.05,98,"test",92,0.31228569149971,0
0.05,98,"test",93,0.311321884393692,0
0.05,98,"test",94,0.473111361265182,0
0.05,98,"test",95,0.47534516453743,0
0.05,98,"test",96,0.507952272891998,0
0.05,98,"test",97,0.524828612804413,1
0.05,98,"test",98,0.513708770275116,1
0.05,98,"test",99,0.53079617023468,1
0.05,98,"test",100,0.567498981952667,1
0.05,98,"test",101,0.555991947650909,1
0.05,98,"test",102,0.505518078804016,0
0.05,98,"test",103,0.462843358516693,0
0.05,98,"test",104,0.582403957843781,0
0.05,98,"test",105,0.63585638999939,0
0.05,98,"test",106,0.571826577186584,0
0.05,98,"test",107,0.54214745759964,0
0.05,98,"test",108,0.645930647850037,0
0.05,98,"test",109,0.659584283828735,0
0.05,98,"test",110,0.434404999017715,1
0.05,98,"test",111,0.267520934343338,1
0.05,98,"test",112,0.560962915420532,1
0.05,98,"test",113,0.572894215583801,0
0.05,98,"test",114,0.491146326065063,1
0.05,98,"test",115,0.510548532009125,1
0.05,98,"test",116,0.473926275968552,1
0.05,98,"test",117,0.479538232088089,1
0.05,98,"test",118,0.311321884393692,1
0.05,98,"test",119,0.325434595346451,0
0.05,98,"test",120,0.475345134735107,0
0.05,98,"test",121,0.479352533817291,0
0.05,98,"test",122,0.524828612804413,1
0.05,98,"test",123,0.524409115314484,1
0.05,98,"test",124,0.53079617023468,1
0.05,98,"test",125,0.517896354198456,0
0.05,98,"test",126,0.555991947650909,0
0.05,98,"test",127,0.527655005455017,0
0.05,98,"test",128,0.462843358516693,1
0.05,98,"test",129,0.455772668123245,1
0.05,98,"test",130,0.63585638999939,1
0.05,98,"test",131,0.653098165988922,1
0.05,98,"test",132,0.54214745759964,0
0.05,98,"test",133,0.623160362243652,0
0.05,98,"test",134,0.659584283828735,0
0.05,98,"test",135,0.62872052192688,0
0.05,98,"test",136,0.267520934343338,0
0.05,98,"test",137,0.431709170341492,1
0.05,98,"test",138,0.572894215583801,1
0.05,98,"test",139,0.575653910636902,1
0.05,98,"test",140,0.510548532009125,1
0.05,98,"test",141,0.509976804256439,1
0.05,98,"test",142,0.479538232088089,1
0.05,98,"test",143,0.50229799747467,1
0.05,98,"test",144,0.325434595346451,1
0.05,98,"test",145,0.324911862611771,1
0.05,98,"test",146,0.479352533817291,1
0.05,98,"test",147,0.478210479021072,1
0.05,98,"test",148,0.524409115314484,1
0.05,98,"test",149,0.52808290719986,1
0.05,98,"test",150,0.517896354198456,1
0.05,98,"test",151,0.515869617462158,1
0.05,98,"test",152,0.527655005455017,0
0.05,98,"test",153,0.555793225765228,0
0.05,98,"test",154,0.455772668123245,1
0.05,98,"test",155,0.441870540380478,1
0.05,98,"test",156,0.653098165988922,1
0.05,98,"test",157,0.609520614147186,0
0.05,98,"test",158,0.623160362243652,0
0.05,98,"test",159,0.58558064699173,0
0.05,98,"test",160,0.62872052192688,0
0.05,98,"test",161,0.620575129985809,0
0.05,98,"test",162,0.431709170341492,0
0.05,98,"test",163,0.534071743488312,0
0.05,98,"test",164,0.575653910636902,0
0.05,98,"test",165,0.585535705089569,1
0.05,98,"test",166,0.509976804256439,1
0.05,98,"test",167,0.504981756210327,0
0.05,98,"test",168,0.50229799747467,1
0.05,98,"test",169,0.494923621416092,1
0.05,98,"test",170,0.324911862611771,1
0.05,98,"test",171,0.327218174934387,0
0.05,98,"test",172,0.478210479021072,0
0.05,98,"test",173,0.478752672672272,1
0.05,98,"test",174,0.52808290719986,1
0.05,98,"test",175,0.526290595531464,1
0.05,98,"test",176,0.515869617462158,1
0.05,98,"test",177,0.507459402084351,0
0.05,98,"test",178,0.555793225765228,0
0.05,98,"test",179,0.51574444770813,0
0.05,98,"test",180,0.441870540380478,0
0.05,98,"test",181,0.511004567146301,0
0.05,98,"test",182,0.609520614147186,0
0.05,98,"test",183,0.596712648868561,0
0.05,98,"test",184,0.58558064699173,0
0.05,98,"test",185,0.561104238033295,0
0.05,98,"test",186,0.620575129985809,1
0.05,98,"test",187,0.596773087978363,0
0.05,98,"test",188,0.534071743488312,0
0.05,98,"test",189,0.542220413684845,0
0.05,98,"test",190,0.585535705089569,0
0.05,98,"test",191,0.531327307224274,0
0.05,98,"test",192,0.504981875419617,0
0.05,98,"test",193,0.502919435501099,0
0.05,98,"test",194,0.494923621416092,0
0.05,98,"test",195,0.498194634914398,0
0.05,98,"test",196,0.327218174934387,0
0.05,98,"test",197,0.330223739147186,1
0.05,98,"test",198,0.478752672672272,1
0.05,98,"test",199,0.479364603757858,1
0.05,98,"test",200,0.526290595531464,0
0.05,98,"test",201,0.527652859687805,0
0.05,98,"test",202,0.507459402084351,1
0.05,98,"test",203,0.562824785709381,0
0.05,98,"test",204,0.51574444770813,0
0.05,98,"test",205,0.548920035362244,0
0.05,98,"test",206,0.511004567146301,1
0.05,98,"test",207,0.459247291088104,0
0.05,98,"test",208,0.596712648868561,0
0.05,98,"test",209,0.545240104198456,0
0.05,98,"test",210,0.561104238033295,0
0.05,98,"test",211,0.562053740024567,0
0.05,98,"test",212,0.596773087978363,1
0.05,98,"test",213,0.676382958889008,0
0.05,98,"test",214,0.542220413684845,1
0.05,98,"test",215,0.309930443763733,1
0.05,98,"test",216,0.531327307224274,1
0.05,98,"test",217,0.503142714500427,0
0.05,98,"test",218,0.502919435501099,0
0.05,98,"test",219,0.50050938129425,1
0.05,98,"test",220,0.498194634914398,1
0.05,98,"test",221,0.496813535690308,0
0.05,98,"test",222,0.330223739147186,1
0.05,98,"test",223,0.323372095823288,1
0.05,98,"test",224,0.479364603757858,1
0.05,98,"test",225,0.478559285402298,0
0.05,98,"test",226,0.527652859687805,0
0.05,98,"test",227,0.49864274263382,0
0.05,98,"test",228,0.562824785709381,1
0.05,98,"test",229,0.511407732963562,1
0.05,98,"test",230,0.548920035362244,0
0.05,98,"test",231,0.512113511562347,1
0.05,98,"test",232,0.459247291088104,1
0.05,98,"test",233,0.562034785747528,1
0.05,98,"test",234,0.545240104198456,1
0.05,98,"test",235,0.549471497535706,1
0.05,98,"test",236,0.562053740024567,1
0.05,98,"test",237,0.573912620544434,0
0.05,98,"test",238,0.676382958889008,0
0.05,98,"test",239,0.627999186515808,0
0.05,98,"test",240,0.309930443763733,0
0.05,98,"test",241,0.252281844615936,0
0.05,98,"test",242,0.503142714500427,0
0.05,98,"test",243,0.541240155696869,0
0.05,98,"test",244,0.50050938129425,1
0.05,98,"test",245,0.491017013788223,1
0.05,98,"test",246,0.496813535690308,1
0.05,98,"test",247,0.508792877197266,1
0.05,98,"test",248,0.323372095823288,1
0.05,98,"test",249,0.297950655221939,1
0.05,98,"test",250,0.478559285402298,1
0.05,98,"test",251,0.477458834648132,1
0.05,98,"test",252,0.49864274263382,0
0.05,98,"test",253,0.50550639629364,0
0.05,98,"test",254,0.511407732963562,0
0.05,98,"test",255,0.500661253929138,1
0.05,98,"test",256,0.512113511562347,1
0.05,98,"test",257,0.554166495800018,1
0.05,98,"test",258,0.562034785747528,1
0.05,98,"test",259,0.511459231376648,1
0.05,98,"test",260,0.549471497535706,1
0.05,98,"test",261,0.535542130470276,1
0.05,98,"test",262,0.573912620544434,0
0.05,98,"test",263,0.553391754627228,0
0.05,98,"test",264,0.627999186515808,1
0.05,98,"test",265,0.650886297225952,1
0.05,98,"test",266,0.252281844615936,1
0.05,98,"test",267,0.518058300018311,1
0.05,98,"test",268,0.541240155696869,1
0.05,98,"test",269,0.555948197841644,1
0.05,98,"test",270,0.491017013788223,1
0.05,98,"test",271,0.507487595081329,1
0.05,98,"test",272,0.508792877197266,1
0.05,98,"test",273,0.494101315736771,1
0.05,98,"test",274,0.297950655221939,1
0.05,98,"test",275,0.32247394323349,1
0.05,98,"test",276,0.477458834648132,1
0.05,98,"test",277,0.473103553056717,1
0.05,98,"test",278,0.50550639629364,0
0.05,98,"test",279,0.520303428173065,0
0.05,98,"test",280,0.500661253929138,0
0.05,98,"test",281,0.534331321716309,0
0.05,98,"test",282,0.554166495800018,0
0.05,98,"test",283,0.547181308269501,0
0.05,98,"test",284,0.511459231376648,0
0.05,98,"test",285,0.528974652290344,0
0.05,98,"test",286,0.535542130470276,0
0.05,98,"test",287,0.634815156459808,0
0.05,98,"test",288,0.553391754627228,0
0.05,98,"test",289,0.567056238651276,0
0.05,98,"test",290,0.650886297225952,0
0.05,98,"test",291,0.598661422729492,0
0.05,98,"test",292,0.518058300018311,1
0.05,98,"test",293,0.574418306350708,1
0.05,98,"test",294,0.555948197841644,1
0.05,98,"test",295,0.578136265277863,0
0.05,98,"test",296,0.507487595081329,0
0.05,98,"test",297,0.506718039512634,1
0.05,98,"test",298,0.494101315736771,0
0.05,98,"test",299,0.502326190471649,0
0.05,98,"test",300,0.32247394323349,1
0.05,98,"test",301,0.317025393247604,1
0.05,98,"test",302,0.473103553056717,1
0.05,98,"test",303,0.474254786968231,0
0.05,98,"test",304,0.520303428173065,1
0.05,98,"test",305,0.519500374794006,0
0.05,41,"val",1,0.532541453838348,0
0.05,41,"val",2,0.398057460784912,1
0.05,41,"val",3,0.434276968240738,0
0.05,41,"val",4,0.42126053571701,1
0.05,41,"val",5,0.44142934679985,1
0.05,41,"val",6,0.320994853973389,1
0.05,41,"val",7,0.311104536056519,1
0.05,41,"val",8,0.420243859291077,1
0.05,41,"val",9,0.440275371074677,1
0.05,41,"val",10,0.461343288421631,1
0.05,41,"val",11,0.464885324239731,1
0.05,41,"val",12,0.40921288728714,1
0.05,41,"val",13,0.43438783288002,1
0.05,41,"val",14,0.286641061306,1
0.05,41,"val",15,0.355478882789612,1
0.05,41,"val",16,0.330146551132202,1
0.05,41,"val",17,0.238099962472916,1
0.05,41,"val",18,0.478828072547913,1
0.05,41,"val",19,0.513209879398346,1
0.05,41,"val",20,0.537981450557709,1
0.05,41,"val",21,0.583648562431335,1
0.05,41,"val",22,0.464718014001846,1
0.05,41,"val",23,0.437538921833038,0
0.05,41,"val",24,0.634576499462128,0
0.05,41,"val",25,0.552493989467621,1
0.05,41,"val",26,0.532541453838348,0
0.05,41,"val",27,0.528885662555695,0
0.05,41,"val",28,0.434276968240738,0
0.05,41,"val",29,0.410411536693573,1
0.05,41,"val",30,0.44142934679985,1
0.05,41,"val",31,0.437288254499435,0
0.05,41,"val",32,0.311104565858841,0
0.05,41,"val",33,0.305018544197083,0
0.05,41,"val",34,0.440275371074677,0
0.05,41,"val",35,0.404404431581497,0
0.05,41,"val",36,0.464885324239731,0
0.05,41,"val",37,0.504309415817261,1
0.05,41,"val",38,0.43438783288002,1
0.05,41,"val",39,0.474836885929108,1
0.05,41,"val",40,0.355478882789612,0
0.05,41,"val",41,0.304559588432312,0
0.05,41,"val",42,0.238099962472916,0
0.05,41,"val",43,0.261816024780273,0
0.05,41,"val",44,0.513209879398346,0
0.05,41,"val",45,0.458216220140457,0
0.05,41,"val",46,0.583648562431335,0
0.05,41,"val",47,0.541809320449829,1
0.05,41,"val",48,0.437538921833038,1
0.05,41,"val",49,0.465010643005371,1
0.05,41,"val",50,0.552493989467621,1
0.05,41,"val",51,0.581576466560364,1
0.05,41,"val",52,0.528885662555695,1
0.05,41,"val",53,0.566511511802673,1
0.05,41,"val",54,0.410411536693573,1
0.05,41,"val",55,0.405524641275406,1
0.05,41,"val",56,0.43728831410408,1
0.05,41,"val",57,0.423274576663971,1
0.05,41,"val",58,0.305018544197083,1
0.05,41,"val",59,0.292299687862396,1
0.05,41,"val",60,0.404404431581497,1
0.05,41,"val",61,0.332301408052444,0
0.05,41,"val",62,0.504309415817261,1
0.05,41,"val",63,0.506196856498718,0
0.05,41,"val",64,0.474836826324463,0
0.05,41,"val",65,0.469042301177979,1
0.05,41,"val",66,0.304559588432312,1
0.05,41,"val",67,0.335312306880951,1
0.05,41,"val",68,0.261816024780273,1
0.05,41,"val",69,0.27523273229599,1
0.05,41,"val",70,0.458216220140457,1
0.05,41,"val",71,0.500811517238617,1
0.05,41,"val",72,0.541809320449829,1
0.05,41,"val",73,0.541565656661987,1
0.05,41,"val",74,0.465010643005371,1
0.05,41,"val",75,0.515795469284058,1
0.05,41,"val",76,0.581576466560364,0
0.05,41,"val",77,0.519543349742889,1
0.05,41,"val",78,0.566511511802673,1
0.05,41,"val",79,0.514477014541626,0
0.05,41,"val",80,0.405524641275406,0
0.05,41,"val",81,0.385826885700226,0
0.05,41,"val",82,0.423274576663971,1
0.05,41,"val",83,0.433690369129181,0
0.05,41,"val",84,0.292299687862396,0
0.05,41,"val",85,0.302717983722687,0
0.05,41,"val",86,0.332301408052444,1
0.05,41,"val",87,0.358976781368256,1
0.05,41,"val",88,0.506196856498718,1
0.05,41,"val",89,0.528316140174866,0
0.05,41,"val",90,0.469042301177979,0
0.05,41,"val",91,0.444469928741455,0
0.05,41,"val",92,0.335312306880951,0
0.05,41,"val",93,0.346678704023361,0
0.05,41,"val",94,0.27523273229599,0
0.05,41,"val",95,0.205617547035217,0
0.05,41,"val",96,0.500811576843262,1
0.05,41,"val",97,0.476710170507431,1
0.05,41,"val",98,0.541565656661987,1
0.05,41,"val",99,0.556984782218933,1
0.05,41,"val",100,0.515795469284058,0
0.05,41,"val",101,0.51232123374939,0
0.05,41,"val",102,0.519543349742889,0
0.05,41,"val",103,0.531417191028595,0
0.05,41,"val",104,0.514477014541626,1
0.05,41,"val",105,0.416461586952209,1
0.05,41,"val",106,0.385826885700226,1
0.05,41,"val",107,0.384698390960693,1
0.05,41,"val",108,0.433690369129181,1
0.05,41,"val",109,0.418689548969269,0
0.05,41,"val",110,0.302717983722687,0
0.05,41,"val",111,0.324131667613983,1
0.05,41,"val",112,0.358976781368256,1
0.05,41,"val",113,0.387331515550613,1
0.05,41,"val",114,0.528316140174866,0
0.05,41,"val",115,0.500409185886383,1
0.05,41,"val",116,0.444469928741455,0
0.05,41,"val",117,0.483031392097473,1
0.05,41,"val",118,0.346678704023361,1
0.05,41,"val",119,0.291085928678513,1
0.05,41,"val",120,0.205617547035217,0
0.05,41,"val",121,0.31739354133606,0
0.05,41,"val",122,0.476710170507431,0
0.05,41,"val",123,0.501943230628967,1
0.05,41,"val",124,0.556984782218933,1
0.05,41,"val",125,0.516168117523193,1
0.05,41,"val",126,0.51232123374939,1
0.05,41,"val",127,0.535018742084503,1
0.05,41,"val",128,0.531417191028595,1
0.05,41,"val",129,0.412348687648773,1
0.05,41,"val",130,0.416461586952209,1
0.05,41,"val",131,0.446127474308014,0
0.05,41,"val",132,0.384698390960693,0
0.05,41,"val",133,0.416309893131256,1
0.05,41,"val",134,0.418689548969269,1
0.05,41,"val",135,0.444418847560883,0
0.05,41,"val",136,0.324131667613983,0
0.05,41,"val",137,0.300403445959091,0
0.05,41,"val",138,0.387331515550613,0
0.05,41,"val",139,0.326835811138153,0
0.05,41,"val",140,0.500409185886383,0
0.05,41,"val",141,0.489015072584152,1
0.05,41,"val",142,0.483031392097473,1
0.05,41,"val",143,0.441918522119522,1
0.05,41,"val",144,0.291085928678513,0
0.05,41,"val",145,0.326176643371582,0
0.05,41,"val",146,0.31739354133606,0
0.05,41,"val",147,0.30042091012001,0
0.05,41,"val",148,0.501943230628967,0
0.05,41,"val",149,0.536576569080353,0
0.05,41,"val",150,0.516168117523193,0
0.05,41,"val",151,0.47838819026947,0
0.05,41,"val",152,0.535018742084503,1
0.05,41,"val",153,0.456099659204483,0
0.05,41,"val",154,0.412348687648773,1
0.05,41,"val",155,0.448364287614822,0
0.05,41,"val",156,0.446127474308014,0
0.05,41,"val",157,0.456821471452713,0
0.05,41,"val",158,0.416309893131256,0
0.05,41,"val",159,0.442181020975113,1
0.05,41,"val",160,0.444418907165527,1
0.05,41,"val",161,0.425067931413651,1
0.05,41,"val",162,0.300403445959091,1
0.05,41,"val",163,0.333284348249435,1
0.05,41,"val",164,0.326835811138153,0
0.05,41,"val",165,0.486718356609344,0
0.05,41,"val",166,0.489015072584152,0
0.05,41,"val",167,0.435409873723984,0
0.05,41,"val",168,0.441918522119522,1
0.05,41,"val",169,0.476011782884598,0
0.05,41,"val",170,0.326176643371582,0
0.05,41,"val",171,0.327015042304993,0
0.05,41,"val",172,0.30042091012001,1
0.05,41,"val",173,0.285377711057663,1
0.05,41,"val",174,0.536576569080353,1
0.05,41,"val",175,0.53410941362381,0
0.05,41,"val",176,0.47838819026947,0
0.05,41,"val",177,0.438349336385727,1
0.05,41,"val",178,0.456099659204483,0
0.05,41,"val",179,0.465623050928116,1
0.05,41,"val",180,0.448364287614822,0
0.05,41,"val",181,0.448403537273407,1
0.05,41,"val",182,0.456821471452713,1
0.05,41,"val",183,0.381217896938324,1
0.05,41,"val",184,0.442181020975113,0
0.05,41,"val",185,0.449092954397202,0
0.05,41,"val",186,0.425067931413651,0
0.05,41,"val",187,0.377206355333328,0
0.05,41,"val",188,0.333284348249435,0
0.05,41,"val",189,0.285731077194214,0
0.05,41,"val",190,0.486718356609344,0
0.05,41,"val",191,0.445163637399673,1
0.05,41,"val",192,0.435409873723984,0
0.05,41,"val",193,0.448023796081543,0
0.05,41,"val",194,0.476011782884598,0
0.05,41,"val",195,0.408201605081558,1
0.05,41,"val",196,0.327015042304993,1
0.05,41,"val",197,0.281013667583466,1
0.05,41,"val",198,0.285377711057663,1
0.05,41,"val",199,0.232925459742546,0
0.05,41,"val",200,0.53410941362381,0
0.05,41,"val",201,0.493771523237228,0
0.05,41,"val",202,0.438349336385727,0
0.05,41,"val",203,0.483313471078873,1
0.05,41,"val",204,0.465623050928116,1
0.05,41,"val",205,0.467096507549286,1
0.05,41,"val",206,0.448403537273407,0
0.05,41,"val",207,0.578835248947144,0
0.05,41,"val",208,0.381217896938324,0
0.05,41,"val",209,0.530773222446442,1
0.05,41,"val",210,0.449092954397202,1
0.05,41,"val",211,0.452146053314209,1
0.05,41,"val",212,0.377206355333328,1
0.05,41,"val",213,0.397107779979706,1
0.05,41,"val",214,0.285731077194214,1
0.05,41,"val",215,0.299546360969543,0
0.05,41,"val",216,0.445163577795029,0
0.05,41,"val",217,0.481824725866318,0
0.05,41,"val",218,0.448023796081543,0
0.05,41,"val",219,0.482364803552628,0
0.05,41,"val",220,0.408201605081558,0
0.05,41,"val",221,0.455890893936157,1
0.05,41,"val",222,0.281013667583466,1
0.05,41,"val",223,0.310645192861557,1
0.05,41,"val",224,0.232925370335579,0
0.05,41,"val",225,0.340143799781799,1
0.05,41,"val",226,0.493771523237228,1
0.05,41,"val",227,0.483657509088516,1
0.05,41,"val",228,0.483313471078873,0
0.05,41,"val",229,0.514780759811401,0
0.05,41,"val",230,0.467096507549286,0
0.05,41,"val",231,0.49128982424736,0
0.05,41,"val",232,0.578835248947144,0
0.05,41,"val",233,0.467055916786194,0
0.05,41,"val",234,0.530773222446442,0
0.05,41,"val",235,0.537945091724396,0
0.05,41,"val",236,0.452146053314209,0
0.05,41,"val",237,0.401322722434998,0
0.05,41,"val",238,0.397107779979706,1
0.05,41,"val",239,0.413760244846344,0
0.05,41,"val",240,0.299546360969543,0
0.05,41,"val",241,0.291582971811295,0
0.05,41,"val",242,0.481824725866318,0
0.05,41,"val",243,0.467446535825729,1
0.05,41,"val",244,0.482364803552628,1
0.05,41,"val",245,0.483270823955536,1
0.05,41,"val",246,0.455890893936157,0
0.05,41,"val",247,0.414666563272476,1
0.05,41,"val",248,0.310645192861557,1
0.05,41,"val",249,0.302381336688995,0
0.05,41,"val",250,0.340143799781799,1
0.05,41,"val",251,0.295357137918472,1
0.05,41,"val",252,0.483657509088516,1
0.05,41,"val",253,0.486431539058685,1
0.05,41,"val",254,0.514780759811401,0
0.05,41,"val",255,0.484380781650543,0
0.05,41,"val",256,0.49128982424736,0
0.05,41,"val",257,0.468929678201675,0
0.05,41,"val",258,0.467055916786194,1
0.05,41,"val",259,0.530647218227386,1
0.05,41,"val",260,0.537945091724396,1
0.05,41,"val",261,0.439573407173157,1
0.05,41,"val",262,0.401322722434998,1
0.05,41,"val",263,0.399028569459915,0
0.05,41,"val",264,0.413760244846344,0
0.05,41,"val",265,0.413754940032959,1
0.05,41,"val",266,0.291582971811295,1
0.05,41,"val",267,0.290868759155273,0
0.05,41,"val",268,0.467446535825729,0
0.05,41,"val",269,0.449398219585419,0
0.05,41,"val",270,0.483270823955536,1
0.05,41,"val",271,0.48024719953537,1
0.05,41,"val",272,0.414666563272476,1
0.05,41,"val",273,0.506518125534058,1
0.05,41,"val",274,0.302381336688995,0
0.05,41,"val",275,0.334212362766266,0
0.05,41,"val",276,0.295357137918472,0
0.05,41,"val",277,0.337152093648911,0
0.05,41,"val",278,0.486431539058685,1
0.05,41,"val",279,0.492073595523834,1
0.05,41,"val",280,0.484380811452866,1
0.05,41,"val",281,0.531824886798859,1
0.05,41,"val",282,0.468929678201675,1
0.05,41,"val",283,0.435308843851089,1
0.05,41,"val",284,0.530647218227386,0
0.05,41,"val",285,0.58858186006546,0
0.05,41,"val",286,0.439573407173157,0
0.05,41,"val",287,0.509305596351624,0
0.05,41,"val",288,0.399028569459915,0
0.05,41,"val",289,0.402142584323883,0
0.05,41,"val",290,0.413754940032959,0
0.05,41,"val",291,0.362443029880524,0
0.05,41,"val",292,0.290868759155273,0
0.05,41,"val",293,0.326730877161026,0
0.05,41,"val",294,0.449398219585419,1
0.05,41,"val",295,0.431603968143463,1
0.05,41,"val",296,0.48024719953537,0
0.05,41,"val",297,0.504382848739624,0
0.05,41,"val",298,0.506518125534058,0
0.05,41,"val",299,0.524487853050232,1
0.05,41,"val",300,0.334212362766266,1
0.05,41,"val",301,0.286669194698334,1
0.05,41,"val",302,0.337152093648911,0
0.05,41,"val",303,0.263344079256058,0
0.05,41,"val",304,0.492073595523834,0
0.05,41,"test",1,0.373417615890503,0
0.05,41,"test",2,0.531824886798859,0
0.05,41,"test",3,0.543393075466156,1
0.05,41,"test",4,0.435308843851089,1
0.05,41,"test",5,0.426591098308563,1
0.05,41,"test",6,0.58858186006546,1
0.05,41,"test",7,0.555619895458221,1
0.05,41,"test",8,0.509305596351624,1
0.05,41,"test",9,0.428176552057266,1
0.05,41,"test",10,0.402142584323883,1
0.05,41,"test",11,0.385877341032028,1
0.05,41,"test",12,0.362443029880524,1
0.05,41,"test",13,0.421672791242599,1
0.05,41,"test",14,0.326730877161026,1
0.05,41,"test",15,0.334619462490082,1
0.05,41,"test",16,0.431603968143463,1
0.05,41,"test",17,0.437661617994308,0
0.05,41,"test",18,0.504382848739624,0
0.05,41,"test",19,0.532029867172241,0
0.05,41,"test",20,0.524487853050232,1
0.05,41,"test",21,0.52514636516571,1
0.05,41,"test",22,0.286669194698334,1
0.05,41,"test",23,0.268532186746597,0
0.05,41,"test",24,0.263344079256058,0
0.05,41,"test",25,0.356692671775818,0
0.05,41,"test",26,0.373417615890503,1
0.05,41,"test",27,0.505286812782288,1
0.05,41,"test",28,0.543393075466156,1
0.05,41,"test",29,0.516050040721893,0
0.05,41,"test",30,0.426591098308563,0
0.05,41,"test",31,0.465077012777328,0
0.05,41,"test",32,0.555619895458221,0
0.05,41,"test",33,0.50207793712616,0
0.05,41,"test",34,0.428176552057266,1
0.05,41,"test",35,0.404888480901718,1
0.05,41,"test",36,0.385877341032028,1
0.05,41,"test",37,0.381087422370911,1
0.05,41,"test",38,0.421672791242599,1
0.05,41,"test",39,0.407334387302399,1
0.05,41,"test",40,0.334619462490082,1
0.05,41,"test",41,0.321473211050034,1
0.05,41,"test",42,0.437661617994308,0
0.05,41,"test",43,0.338601171970367,0
0.05,41,"test",44,0.532029867172241,1
0.05,41,"test",45,0.512614011764526,1
0.05,41,"test",46,0.52514636516571,1
0.05,41,"test",47,0.486373394727707,0
0.05,41,"test",48,0.268532186746597,0
0.05,41,"test",49,0.297344624996185,0
0.05,41,"test",50,0.356692671775818,0
0.05,41,"test",51,0.233854547142982,1
0.05,41,"test",52,0.505286812782288,1
0.05,41,"test",53,0.485422819852829,1
0.05,41,"test",54,0.516050040721893,1
0.05,41,"test",55,0.453519374132156,0
0.05,41,"test",56,0.465077012777328,0
0.05,41,"test",57,0.5497185587883,0
0.05,41,"test",58,0.50207793712616,0
0.05,41,"test",59,0.487897396087646,1
0.05,41,"test",60,0.404888480901718,1
0.05,41,"test",61,0.529382765293121,1
0.05,41,"test",62,0.381087422370911,0
0.05,41,"test",63,0.391548603773117,1
0.05,41,"test",64,0.407334357500076,1
0.05,41,"test",65,0.402223140001297,1
0.05,41,"test",66,0.321473211050034,1
0.05,41,"test",67,0.338622152805328,1
0.05,41,"test",68,0.338601171970367,0
0.05,41,"test",69,0.32335302233696,0
0.05,41,"test",70,0.512614011764526,0
0.05,41,"test",71,0.525809645652771,1
0.05,41,"test",72,0.486373394727707,1
0.05,41,"test",73,0.462012022733688,0
0.05,41,"test",74,0.297344624996185,0
0.05,41,"test",75,0.298491686582565,0
0.05,41,"test",76,0.233854547142982,0
0.05,41,"test",77,0.261849641799927,0
0.05,41,"test",78,0.485422819852829,1
0.05,41,"test",79,0.508989870548248,0
0.05,41,"test",80,0.453519374132156,0
0.05,41,"test",81,0.452246248722076,1
0.05,41,"test",82,0.5497185587883,1
0.05,41,"test",83,0.481614679098129,1
0.05,41,"test",84,0.487897396087646,1
0.05,41,"test",85,0.500635147094727,0
0.05,41,"test",86,0.529382765293121,0
0.05,41,"test",87,0.421976566314697,0
0.05,41,"test",88,0.391548693180084,0
0.05,41,"test",89,0.450179398059845,0
0.05,41,"test",90,0.402223140001297,0
0.05,41,"test",91,0.430659592151642,1
0.05,41,"test",92,0.338622152805328,0
0.05,41,"test",93,0.339042276144028,0
0.05,41,"test",94,0.32335302233696,0
0.05,41,"test",95,0.367385804653168,0
0.05,41,"test",96,0.525809645652771,0
0.05,41,"test",97,0.488715291023254,1
0.05,41,"test",98,0.462012022733688,1
0.05,41,"test",99,0.487768709659576,1
0.05,41,"test",100,0.298491686582565,1
0.05,41,"test",101,0.290925830602646,1
0.05,41,"test",102,0.261849641799927,0
0.05,41,"test",103,0.198938369750977,0
0.05,41,"test",104,0.508989870548248,0
0.05,41,"test",105,0.527258813381195,0
0.05,41,"test",106,0.452246248722076,0
0.05,41,"test",107,0.443231701850891,0
0.05,41,"test",108,0.481614679098129,0
0.05,41,"test",109,0.498470425605774,0
0.05,41,"test",110,0.500635147094727,1
0.05,41,"test",111,0.432527214288712,1
0.05,41,"test",112,0.421976566314697,1
0.05,41,"test",113,0.442809373140335,0
0.05,41,"test",114,0.450179398059845,1
0.05,41,"test",115,0.388579130172729,1
0.05,41,"test",116,0.430659592151642,1
0.05,41,"test",117,0.407165139913559,1
0.05,41,"test",118,0.339042276144028,1
0.05,41,"test",119,0.312438905239105,0
0.05,41,"test",120,0.367385864257812,0
0.05,41,"test",121,0.476876378059387,0
0.05,41,"test",122,0.488715291023254,1
0.05,41,"test",123,0.488339334726334,1
0.05,41,"test",124,0.487768709659576,1
0.05,41,"test",125,0.449081391096115,0
0.05,41,"test",126,0.290925830602646,0
0.05,41,"test",127,0.310568809509277,0
0.05,41,"test",128,0.198938354849815,1
0.05,41,"test",129,0.18952389061451,1
0.05,41,"test",130,0.527258813381195,1
0.05,41,"test",131,0.554929375648499,1
0.05,41,"test",132,0.443231701850891,0
0.05,41,"test",133,0.457279086112976,0
0.05,41,"test",134,0.498470425605774,0
0.05,41,"test",135,0.479301989078522,0
0.05,41,"test",136,0.432527214288712,0
0.05,41,"test",137,0.509486854076385,1
0.05,41,"test",138,0.442809373140335,1
0.05,41,"test",139,0.486904323101044,1
0.05,41,"test",140,0.388579130172729,1
0.05,41,"test",141,0.399138808250427,1
0.05,41,"test",142,0.407165139913559,1
0.05,41,"test",143,0.424409180879593,1
0.05,41,"test",144,0.312438905239105,1
0.05,41,"test",145,0.313359767198563,1
0.05,41,"test",146,0.476876378059387,1
0.05,41,"test",147,0.495514690876007,1
0.05,41,"test",148,0.488339334726334,1
0.05,41,"test",149,0.525028705596924,1
0.05,41,"test",150,0.449081391096115,1
0.05,41,"test",151,0.480414092540741,1
0.05,41,"test",152,0.310568898916245,0
0.05,41,"test",153,0.358324497938156,0
0.05,41,"test",154,0.18952389061451,1
0.05,41,"test",155,0.171075060963631,1
0.05,41,"test",156,0.554929375648499,1
0.05,41,"test",157,0.521364688873291,0
0.05,41,"test",158,0.457279086112976,0
0.05,41,"test",159,0.475882202386856,0
0.05,41,"test",160,0.479301989078522,0
0.05,41,"test",161,0.474214732646942,0
0.05,41,"test",162,0.509486854076385,0
0.05,41,"test",163,0.542294025421143,0
0.05,41,"test",164,0.486904323101044,0
0.05,41,"test",165,0.424677938222885,1
0.05,41,"test",166,0.399138808250427,1
0.05,41,"test",167,0.392501085996628,0
0.05,41,"test",168,0.424409180879593,1
0.05,41,"test",169,0.436728417873383,1
0.05,41,"test",170,0.313359767198563,1
0.05,41,"test",171,0.30828532576561,0
0.05,41,"test",172,0.495514690876007,0
0.05,41,"test",173,0.495851069688797,1
0.05,41,"test",174,0.525028705596924,1
0.05,41,"test",175,0.50108015537262,1
0.05,41,"test",176,0.480414092540741,1
0.05,41,"test",177,0.497146487236023,0
0.05,41,"test",178,0.358324497938156,0
0.05,41,"test",179,0.324121743440628,0
0.05,41,"test",180,0.171075060963631,0
0.05,41,"test",181,0.272629290819168,0
0.05,41,"test",182,0.521364688873291,0
0.05,41,"test",183,0.510750949382782,0
0.05,41,"test",184,0.475882172584534,0
0.05,41,"test",185,0.417190939188004,0
0.05,41,"test",186,0.474214732646942,1
0.05,41,"test",187,0.46214970946312,0
0.05,41,"test",188,0.542294025421143,0
0.05,41,"test",189,0.528577327728271,0
0.05,41,"test",190,0.424677938222885,0
0.05,41,"test",191,0.584947943687439,0
0.05,41,"test",192,0.392501175403595,0
0.05,41,"test",193,0.451205968856812,0
0.05,41,"test",194,0.436728417873383,0
0.05,41,"test",195,0.386822462081909,0
0.05,41,"test",196,0.30828532576561,0
0.05,41,"test",197,0.311062216758728,1
0.05,41,"test",198,0.495851069688797,1
0.05,41,"test",199,0.478893607854843,1
0.05,41,"test",200,0.50108015537262,0
0.05,41,"test",201,0.490501999855042,0
0.05,41,"test",202,0.497146487236023,1
0.05,41,"test",203,0.49040287733078,0
0.05,41,"test",204,0.324121743440628,0
0.05,41,"test",205,0.285426020622253,0
0.05,41,"test",206,0.272629290819168,1
0.05,41,"test",207,0.199746534228325,0
0.05,41,"test",208,0.510750949382782,0
0.05,41,"test",209,0.495995610952377,0
0.05,41,"test",210,0.417190939188004,0
0.05,41,"test",211,0.419689208269119,0
0.05,41,"test",212,0.46214970946312,1
0.05,41,"test",213,0.516365110874176,0
0.05,41,"test",214,0.528577327728271,1
0.05,41,"test",215,0.441362977027893,1
0.05,41,"test",216,0.584947943687439,1
0.05,41,"test",217,0.543645977973938,0
0.05,41,"test",218,0.451205968856812,0
0.05,41,"test",219,0.460607290267944,1
0.05,41,"test",220,0.386822462081909,1
0.05,41,"test",221,0.433793574571609,0
0.05,41,"test",222,0.311062216758728,1
0.05,41,"test",223,0.316129565238953,1
0.05,41,"test",224,0.478893637657166,1
0.05,41,"test",225,0.431127578020096,0
0.05,41,"test",226,0.490501999855042,0
0.05,41,"test",227,0.566461324691772,0
0.05,41,"test",228,0.49040287733078,1
0.05,41,"test",229,0.500556230545044,1
0.05,41,"test",230,0.285426020622253,0
0.05,41,"test",231,0.273302674293518,1
0.05,41,"test",232,0.199746534228325,1
0.05,41,"test",233,0.358397513628006,1
0.05,41,"test",234,0.495995610952377,1
0.05,41,"test",235,0.496209979057312,1
0.05,41,"test",236,0.419689208269119,1
0.05,41,"test",237,0.417065173387527,0
0.05,41,"test",238,0.516365110874176,0
0.05,41,"test",239,0.479566097259521,0
0.05,41,"test",240,0.441362977027893,0
0.05,41,"test",241,0.389884859323502,0
0.05,41,"test",242,0.543645977973938,0
0.05,41,"test",243,0.438369572162628,0
0.05,41,"test",244,0.460607290267944,1
0.05,41,"test",245,0.471170634031296,1
0.05,41,"test",246,0.433793574571609,1
0.05,41,"test",247,0.383665919303894,1
0.05,41,"test",248,0.316129565238953,1
0.05,41,"test",249,0.355687111616135,1
0.05,41,"test",250,0.431127578020096,1
0.05,41,"test",251,0.461672097444534,1
0.05,41,"test",252,0.566461324691772,0
0.05,41,"test",253,0.579742908477783,0
0.05,41,"test",254,0.500556230545044,0
0.05,41,"test",255,0.459717988967896,1
0.05,41,"test",256,0.273302674293518,1
0.05,41,"test",257,0.311096370220184,1
0.05,41,"test",258,0.358397513628006,1
0.05,41,"test",259,0.270740628242493,1
0.05,41,"test",260,0.496209979057312,1
0.05,41,"test",261,0.496050000190735,1
0.05,41,"test",262,0.417065173387527,0
0.05,41,"test",263,0.329981505870819,0
0.05,41,"test",264,0.479566097259521,1
0.05,41,"test",265,0.487626671791077,1
0.05,41,"test",266,0.389884859323502,1
0.05,41,"test",267,0.48088327050209,1
0.05,41,"test",268,0.438369572162628,1
0.05,41,"test",269,0.445946544408798,1
0.05,41,"test",270,0.471170634031296,1
0.05,41,"test",271,0.406893014907837,1
0.05,41,"test",272,0.383665919303894,1
0.05,41,"test",273,0.384917944669724,1
0.05,41,"test",274,0.355687111616135,1
0.05,41,"test",275,0.317831426858902,1
0.05,41,"test",276,0.461672097444534,1
0.05,41,"test",277,0.541769325733185,1
0.05,41,"test",278,0.579742908477783,0
0.05,41,"test",279,0.564204275608063,0
0.05,41,"test",280,0.459718078374863,0
0.05,41,"test",281,0.473417222499847,0
0.05,41,"test",282,0.311096370220184,0
0.05,41,"test",283,0.272939652204514,0
0.05,41,"test",284,0.270740628242493,0
0.05,41,"test",285,0.303392231464386,0
0.05,41,"test",286,0.496050000190735,0
0.05,41,"test",287,0.529684603214264,0
0.05,41,"test",288,0.329981505870819,0
0.05,41,"test",289,0.433630526065826,0
0.05,41,"test",290,0.487626671791077,0
0.05,41,"test",291,0.431292712688446,0
0.05,41,"test",292,0.48088327050209,1
0.05,41,"test",293,0.548658311367035,1
0.05,41,"test",294,0.445946544408798,1
0.05,41,"test",295,0.363809853792191,0
0.05,41,"test",296,0.406893014907837,0
0.05,41,"test",297,0.395933330059052,1
0.05,41,"test",298,0.384917944669724,0
0.05,41,"test",299,0.398275762796402,0
0.05,41,"test",300,0.317831426858902,1
0.05,41,"test",301,0.344101965427399,1
0.05,41,"test",302,0.541769325733185,1
0.05,41,"test",303,0.505072951316833,0
0.05,41,"test",304,0.564204275608063,1
0.05,41,"test",305,0.571648001670837,0
0.05,64,"val",1,0.479808956384659,0
0.05,64,"val",2,0.500001072883606,1
0.05,64,"val",3,0.499992400407791,0
0.05,64,"val",4,0.447621256113052,1
0.05,64,"val",5,0.47014456987381,1
0.05,64,"val",6,0.366213351488113,1
0.05,64,"val",7,0.360384583473206,1
0.05,64,"val",8,0.512189209461212,1
0.05,64,"val",9,0.515636324882507,1
0.05,64,"val",10,0.531137704849243,1
0.05,64,"val",11,0.501237332820892,1
0.05,64,"val",12,0.43634045124054,1
0.05,64,"val",13,0.505154967308044,1
0.05,64,"val",14,0.467645943164825,1
0.05,64,"val",15,0.530367434024811,1
0.05,64,"val",16,0.480672389268875,1
0.05,64,"val",17,0.416697144508362,1
0.05,64,"val",18,0.442751467227936,1
0.05,64,"val",19,0.474485695362091,1
0.05,64,"val",20,0.505699634552002,1
0.05,64,"val",21,0.540180087089539,1
0.05,64,"val",22,0.536622881889343,1
0.05,64,"val",23,0.450008034706116,0
0.05,64,"val",24,0.523413896560669,0
0.05,64,"val",25,0.412194639444351,1
0.05,64,"val",26,0.479808956384659,0
0.05,64,"val",27,0.486842930316925,0
0.05,64,"val",28,0.499992400407791,0
0.05,64,"val",29,0.460626423358917,1
0.05,64,"val",30,0.47014456987381,1
0.05,64,"val",31,0.466976851224899,0
0.05,64,"val",32,0.36038464307785,0
0.05,64,"val",33,0.3565933406353,0
0.05,64,"val",34,0.515636324882507,0
0.05,64,"val",35,0.504252552986145,0
0.05,64,"val",36,0.501237332820892,0
0.05,64,"val",37,0.511933207511902,1
0.05,64,"val",38,0.505154967308044,1
0.05,64,"val",39,0.497800707817078,1
0.05,64,"val",40,0.530367434024811,0
0.05,64,"val",41,0.503731966018677,0
0.05,64,"val",42,0.416697144508362,0
0.05,64,"val",43,0.433737844228745,0
0.05,64,"val",44,0.474485695362091,0
0.05,64,"val",45,0.417746216058731,0
0.05,64,"val",46,0.540180087089539,0
0.05,64,"val",47,0.522923827171326,1
0.05,64,"val",48,0.450008034706116,1
0.05,64,"val",49,0.529035270214081,1
0.05,64,"val",50,0.412194639444351,1
0.05,64,"val",51,0.47574919462204,1
0.05,64,"val",52,0.486842930316925,1
0.05,64,"val",53,0.51893424987793,1
0.05,64,"val",54,0.460626423358917,1
0.05,64,"val",55,0.487958937883377,1
0.05,64,"val",56,0.466976851224899,1
0.05,64,"val",57,0.456091493368149,1
0.05,64,"val",58,0.3565933406353,1
0.05,64,"val",59,0.350051373243332,1
0.05,64,"val",60,0.504252552986145,1
0.05,64,"val",61,0.490537315607071,0
0.05,64,"val",62,0.511933207511902,1
0.05,64,"val",63,0.53984260559082,0
0.05,64,"val",64,0.497800707817078,0
0.05,64,"val",65,0.478090673685074,1
0.05,64,"val",66,0.503731966018677,1
0.05,64,"val",67,0.517155945301056,1
0.05,64,"val",68,0.433737844228745,1
0.05,64,"val",69,0.454010486602783,1
0.05,64,"val",70,0.417746216058731,1
0.05,64,"val",71,0.460500359535217,1
0.05,64,"val",72,0.522923827171326,1
0.05,64,"val",73,0.497467517852783,1
0.05,64,"val",74,0.529035270214081,1
0.05,64,"val",75,0.599252045154572,1
0.05,64,"val",76,0.47574919462204,0
0.05,64,"val",77,0.456986665725708,1
0.05,64,"val",78,0.51893424987793,1
0.05,64,"val",79,0.482772290706635,0
0.05,64,"val",80,0.487958937883377,0
0.05,64,"val",81,0.498235911130905,0
0.05,64,"val",82,0.456091493368149,1
0.05,64,"val",83,0.471393167972565,0
0.05,64,"val",84,0.350051373243332,0
0.05,64,"val",85,0.355957180261612,0
0.05,64,"val",86,0.490537315607071,1
0.05,64,"val",87,0.476199895143509,1
0.05,64,"val",88,0.53984260559082,1
0.05,64,"val",89,0.566686153411865,0
0.05,64,"val",90,0.478090673685074,0
0.05,64,"val",91,0.447188973426819,0
0.05,64,"val",92,0.517155945301056,0
0.05,64,"val",93,0.56068080663681,0
0.05,64,"val",94,0.454010486602783,0
0.05,64,"val",95,0.413285285234451,0
0.05,64,"val",96,0.460500419139862,1
0.05,64,"val",97,0.434630662202835,1
0.05,64,"val",98,0.497467517852783,1
0.05,64,"val",99,0.517833054065704,1
0.05,64,"val",100,0.599252045154572,0
0.05,64,"val",101,0.596922159194946,0
0.05,64,"val",102,0.456986665725708,0
0.05,64,"val",103,0.383772969245911,0
0.05,64,"val",104,0.482772290706635,1
0.05,64,"val",105,0.458243995904922,1
0.05,64,"val",106,0.498235911130905,1
0.05,64,"val",107,0.49687385559082,1
0.05,64,"val",108,0.471393167972565,1
0.05,64,"val",109,0.450720369815826,0
0.05,64,"val",110,0.355957180261612,0
0.05,64,"val",111,0.368254512548447,1
0.05,64,"val",112,0.476199895143509,1
0.05,64,"val",113,0.499583691358566,1
0.05,64,"val",114,0.566686153411865,0
0.05,64,"val",115,0.532870411872864,1
0.05,64,"val",116,0.447188973426819,0
0.05,64,"val",117,0.509774744510651,1
0.05,64,"val",118,0.56068080663681,1
0.05,64,"val",119,0.46868047118187,1
0.05,64,"val",120,0.413285285234451,0
0.05,64,"val",121,0.486524283885956,0
0.05,64,"val",122,0.434630662202835,0
0.05,64,"val",123,0.457226663827896,1
0.05,64,"val",124,0.517833054065704,1
0.05,64,"val",125,0.483832806348801,1
0.05,64,"val",126,0.596922159194946,1
0.05,64,"val",127,0.62750381231308,1
0.05,64,"val",128,0.383772969245911,1
0.05,64,"val",129,0.288153439760208,1
0.05,64,"val",130,0.458243995904922,1
0.05,64,"val",131,0.47053599357605,0
0.05,64,"val",132,0.49687385559082,0
0.05,64,"val",133,0.49894243478775,1
0.05,64,"val",134,0.450720369815826,1
0.05,64,"val",135,0.476142406463623,0
0.05,64,"val",136,0.368254512548447,0
0.05,64,"val",137,0.354058086872101,0
0.05,64,"val",138,0.499583691358566,0
0.05,64,"val",139,0.468998432159424,0
0.05,64,"val",140,0.532870411872864,0
0.05,64,"val",141,0.468216896057129,1
0.05,64,"val",142,0.509774744510651,1
0.05,64,"val",143,0.497140645980835,1
0.05,64,"val",144,0.46868047118187,0
0.05,64,"val",145,0.475738614797592,0
0.05,64,"val",146,0.486524283885956,0
0.05,64,"val",147,0.481650441884995,0
0.05,64,"val",148,0.457226663827896,0
0.05,64,"val",149,0.539983868598938,0
0.05,64,"val",150,0.483832806348801,0
0.05,64,"val",151,0.477667212486267,0
0.05,64,"val",152,0.627503871917725,1
0.05,64,"val",153,0.496624946594238,0
0.05,64,"val",154,0.288153439760208,1
0.05,64,"val",155,0.299919605255127,0
0.05,64,"val",156,0.47053599357605,0
0.05,64,"val",157,0.465058952569962,0
0.05,64,"val",158,0.49894243478775,0
0.05,64,"val",159,0.501369476318359,1
0.05,64,"val",160,0.476142406463623,1
0.05,64,"val",161,0.466199159622192,1
0.05,64,"val",162,0.354058086872101,1
0.05,64,"val",163,0.37489327788353,1
0.05,64,"val",164,0.468998432159424,0
0.05,64,"val",165,0.522150754928589,0
0.05,64,"val",166,0.468216896057129,0
0.05,64,"val",167,0.473691999912262,0
0.05,64,"val",168,0.497140645980835,1
0.05,64,"val",169,0.498740702867508,0
0.05,64,"val",170,0.475738614797592,0
0.05,64,"val",171,0.475417613983154,0
0.05,64,"val",172,0.481650441884995,1
0.05,64,"val",173,0.477868318557739,1
0.05,64,"val",174,0.539983868598938,1
0.05,64,"val",175,0.493367373943329,0
0.05,64,"val",176,0.477667212486267,0
0.05,64,"val",177,0.424019813537598,1
0.05,64,"val",178,0.496624946594238,0
0.05,64,"val",179,0.515152096748352,1
0.05,64,"val",180,0.299919605255127,0
0.05,64,"val",181,0.301042824983597,1
0.05,64,"val",182,0.465058952569962,1
0.05,64,"val",183,0.436498939990997,1
0.05,64,"val",184,0.501369476318359,0
0.05,64,"val",185,0.499872624874115,0
0.05,64,"val",186,0.466199159622192,0
0.05,64,"val",187,0.424437463283539,0
0.05,64,"val",188,0.37489327788353,0
0.05,64,"val",189,0.346649557352066,0
0.05,64,"val",190,0.522150754928589,0
0.05,64,"val",191,0.516053676605225,1
0.05,64,"val",192,0.473691999912262,0
0.05,64,"val",193,0.460570722818375,0
0.05,64,"val",194,0.498740702867508,0
0.05,64,"val",195,0.465676844120026,1
0.05,64,"val",196,0.475417613983154,1
0.05,64,"val",197,0.494184464216232,1
0.05,64,"val",198,0.477868318557739,1
0.05,64,"val",199,0.443081200122833,0
0.05,64,"val",200,0.493367373943329,0
0.05,64,"val",201,0.450928598642349,0
0.05,64,"val",202,0.424019813537598,0
0.05,64,"val",203,0.455310195684433,1
0.05,64,"val",204,0.515152096748352,1
0.05,64,"val",205,0.531120359897614,1
0.05,64,"val",206,0.301042824983597,0
0.05,64,"val",207,0.46099528670311,0
0.05,64,"val",208,0.436498939990997,0
0.05,64,"val",209,0.485770851373672,1
0.05,64,"val",210,0.499872624874115,1
0.05,64,"val",211,0.497175931930542,1
0.05,64,"val",212,0.424437463283539,1
0.05,64,"val",213,0.452255606651306,1
0.05,64,"val",214,0.346649557352066,1
0.05,64,"val",215,0.354143887758255,0
0.05,64,"val",216,0.516053676605225,0
0.05,64,"val",217,0.523645043373108,0
0.05,64,"val",218,0.460570722818375,0
0.05,64,"val",219,0.503781616687775,0
0.05,64,"val",220,0.465676844120026,0
0.05,64,"val",221,0.476152390241623,1
0.05,64,"val",222,0.494184464216232,1
0.05,64,"val",223,0.528888523578644,1
0.05,64,"val",224,0.443081140518188,0
0.05,64,"val",225,0.517916738986969,1
0.05,64,"val",226,0.450928598642349,1
0.05,64,"val",227,0.440922975540161,1
0.05,64,"val",228,0.455310195684433,0
0.05,64,"val",229,0.44021463394165,0
0.05,64,"val",230,0.531120359897614,0
0.05,64,"val",231,0.588412046432495,0
0.05,64,"val",232,0.46099528670311,0
0.05,64,"val",233,0.3004529774189,0
0.05,64,"val",234,0.485770851373672,0
0.05,64,"val",235,0.513552367687225,0
0.05,64,"val",236,0.497175931930542,0
0.05,64,"val",237,0.497942686080933,0
0.05,64,"val",238,0.452255606651306,1
0.05,64,"val",239,0.452845871448517,0
0.05,64,"val",240,0.354143887758255,0
0.05,64,"val",241,0.349661886692047,0
0.05,64,"val",242,0.523645043373108,0
0.05,64,"val",243,0.512179791927338,1
0.05,64,"val",244,0.503781616687775,1
0.05,64,"val",245,0.481395900249481,1
0.05,64,"val",246,0.476152390241623,0
0.05,64,"val",247,0.454364597797394,1
0.05,64,"val",248,0.528888523578644,1
0.05,64,"val",249,0.527114152908325,0
0.05,64,"val",250,0.517916738986969,1
0.05,64,"val",251,0.49982950091362,1
0.05,64,"val",252,0.440922975540161,1
0.05,64,"val",253,0.453512191772461,1
0.05,64,"val",254,0.44021463394165,0
0.05,64,"val",255,0.428000181913376,0
0.05,64,"val",256,0.588412046432495,0
0.05,64,"val",257,0.564499497413635,0
0.05,64,"val",258,0.3004529774189,1
0.05,64,"val",259,0.424031615257263,1
0.05,64,"val",260,0.513552367687225,1
0.05,64,"val",261,0.46707159280777,1
0.05,64,"val",262,0.497942686080933,1
0.05,64,"val",263,0.496106624603271,0
0.05,64,"val",264,0.452845871448517,0
0.05,64,"val",265,0.450295239686966,1
0.05,64,"val",266,0.349661886692047,1
0.05,64,"val",267,0.349267065525055,0
0.05,64,"val",268,0.512179791927338,0
0.05,64,"val",269,0.498336434364319,0
0.05,64,"val",270,0.481395900249481,1
0.05,64,"val",271,0.444394260644913,1
0.05,64,"val",272,0.454364597797394,1
0.05,64,"val",273,0.500378131866455,1
0.05,64,"val",274,0.527114152908325,0
0.05,64,"val",275,0.555932343006134,0
0.05,64,"val",276,0.49982950091362,0
0.05,64,"val",277,0.509489119052887,0
0.05,64,"val",278,0.453512191772461,1
0.05,64,"val",279,0.460115641355515,1
0.05,64,"val",280,0.428000152111053,1
0.05,64,"val",281,0.464312374591827,1
0.05,64,"val",282,0.564499497413635,1
0.05,64,"val",283,0.503993153572083,1
0.05,64,"val",284,0.424031615257263,0
0.05,64,"val",285,0.43939396739006,0
0.05,64,"val",286,0.46707159280777,0
0.05,64,"val",287,0.496835708618164,0
0.05,64,"val",288,0.496106624603271,0
0.05,64,"val",289,0.49402266740799,0
0.05,64,"val",290,0.450295239686966,0
0.05,64,"val",291,0.429072499275208,0
0.05,64,"val",292,0.349267065525055,0
0.05,64,"val",293,0.370574742555618,0
0.05,64,"val",294,0.498336434364319,1
0.05,64,"val",295,0.485819011926651,1
0.05,64,"val",296,0.444394260644913,0
0.05,64,"val",297,0.549963891506195,0
0.05,64,"val",298,0.500378131866455,0
0.05,64,"val",299,0.523486793041229,1
0.05,64,"val",300,0.555932343006134,1
0.05,64,"val",301,0.513436436653137,1
0.05,64,"val",302,0.509489119052887,0
0.05,64,"val",303,0.46101650595665,0
0.05,64,"val",304,0.460115641355515,0
0.05,64,"test",1,0.344388365745544,0
0.05,64,"test",2,0.464312374591827,0
0.05,64,"test",3,0.481509417295456,1
0.05,64,"test",4,0.503993153572083,1
0.05,64,"test",5,0.531442224979401,1
0.05,64,"test",6,0.43939396739006,1
0.05,64,"test",7,0.420397222042084,1
0.05,64,"test",8,0.496835738420486,1
0.05,64,"test",9,0.454268336296082,1
0.05,64,"test",10,0.49402266740799,1
0.05,64,"test",11,0.492128908634186,1
0.05,64,"test",12,0.429072499275208,1
0.05,64,"test",13,0.448688328266144,1
0.05,64,"test",14,0.370574742555618,1
0.05,64,"test",15,0.375775039196014,1
0.05,64,"test",16,0.485819011926651,1
0.05,64,"test",17,0.50658655166626,0
0.05,64,"test",18,0.549963891506195,0
0.05,64,"test",19,0.558847188949585,0
0.05,64,"test",20,0.523486793041229,1
0.05,64,"test",21,0.546649217605591,1
0.05,64,"test",22,0.513436436653137,1
0.05,64,"test",23,0.499217987060547,0
0.05,64,"test",24,0.46101650595665,0
0.05,64,"test",25,0.515334486961365,0
0.05,64,"test",26,0.344388365745544,1
0.05,64,"test",27,0.4599529504776,1
0.05,64,"test",28,0.481509417295456,1
0.05,64,"test",29,0.476885080337524,0
0.05,64,"test",30,0.531442224979401,0
0.05,64,"test",31,0.570006787776947,0
0.05,64,"test",32,0.420397251844406,0
0.05,64,"test",33,0.386631220579147,0
0.05,64,"test",34,0.454268336296082,1
0.05,64,"test",35,0.450951367616653,1
0.05,64,"test",36,0.492128908634186,1
0.05,64,"test",37,0.491311848163605,1
0.05,64,"test",38,0.448688328266144,1
0.05,64,"test",39,0.433289349079132,1
0.05,64,"test",40,0.375775039196014,1
0.05,64,"test",41,0.367101907730103,1
0.05,64,"test",42,0.50658655166626,0
0.05,64,"test",43,0.483890563249588,0
0.05,64,"test",44,0.558847188949585,1
0.05,64,"test",45,0.551605343818665,1
0.05,64,"test",46,0.546649217605591,1
0.05,64,"test",47,0.50994074344635,0
0.05,64,"test",48,0.499217987060547,0
0.05,64,"test",49,0.489822179079056,0
0.05,64,"test",50,0.515334486961365,0
0.05,64,"test",51,0.451822757720947,1
0.05,64,"test",52,0.4599529504776,1
0.05,64,"test",53,0.44756156206131,1
0.05,64,"test",54,0.476885080337524,1
0.05,64,"test",55,0.444338232278824,0
0.05,64,"test",56,0.570006787776947,0
0.05,64,"test",57,0.646730899810791,0
0.05,64,"test",58,0.386631220579147,0
0.05,64,"test",59,0.358977913856506,1
0.05,64,"test",60,0.450951367616653,1
0.05,64,"test",61,0.467754423618317,1
0.05,64,"test",62,0.491311848163605,0
0.05,64,"test",63,0.494278639554977,1
0.05,64,"test",64,0.433289378881454,1
0.05,64,"test",65,0.436191737651825,1
0.05,64,"test",66,0.367101907730103,1
0.05,64,"test",67,0.378910779953003,1
0.05,64,"test",68,0.483890563249588,0
0.05,64,"test",69,0.468070268630981,0
0.05,64,"test",70,0.551605343818665,0
0.05,64,"test",71,0.500521063804626,1
0.05,64,"test",72,0.50994074344635,1
0.05,64,"test",73,0.47382128238678,0
0.05,64,"test",74,0.489822179079056,0
0.05,64,"test",75,0.515100359916687,0
0.05,64,"test",76,0.451822757720947,0
0.05,64,"test",77,0.478868991136551,0
0.05,64,"test",78,0.44756156206131,1
0.05,64,"test",79,0.503175735473633,0
0.05,64,"test",80,0.444338232278824,0
0.05,64,"test",81,0.462529271841049,1
0.05,64,"test",82,0.646730899810791,1
0.05,64,"test",83,0.585749864578247,1
0.05,64,"test",84,0.358977913856506,1
0.05,64,"test",85,0.384233355522156,0
0.05,64,"test",86,0.467754423618317,0
0.05,64,"test",87,0.4488425552845,0
0.05,64,"test",88,0.494278609752655,0
0.05,64,"test",89,0.495956391096115,0
0.05,64,"test",90,0.436191737651825,0
0.05,64,"test",91,0.462856709957123,1
0.05,64,"test",92,0.378910779953003,0
0.05,64,"test",93,0.379192501306534,0
0.05,64,"test",94,0.468070268630981,0
0.05,64,"test",95,0.485862880945206,0
0.05,64,"test",96,0.500521183013916,0
0.05,64,"test",97,0.505135476589203,1
0.05,64,"test",98,0.47382128238678,1
0.05,64,"test",99,0.505586862564087,1
0.05,64,"test",100,0.515100359916687,1
0.05,64,"test",101,0.501311361789703,1
0.05,64,"test",102,0.478868991136551,0
0.05,64,"test",103,0.447655916213989,0
0.05,64,"test",104,0.503175735473633,0
0.05,64,"test",105,0.556282222270966,0
0.05,64,"test",106,0.462529271841049,0
0.05,64,"test",107,0.418582856655121,0
0.05,64,"test",108,0.585749864578247,0
0.05,64,"test",109,0.602751970291138,0
0.05,64,"test",110,0.384233355522156,1
0.05,64,"test",111,0.29123467206955,1
0.05,64,"test",112,0.4488425552845,1
0.05,64,"test",113,0.462345242500305,0
0.05,64,"test",114,0.495956391096115,1
0.05,64,"test",115,0.500375866889954,1
0.05,64,"test",116,0.462856709957123,1
0.05,64,"test",117,0.454964369535446,1
0.05,64,"test",118,0.379192501306534,1
0.05,64,"test",119,0.360930144786835,0
0.05,64,"test",120,0.485862880945206,0
0.05,64,"test",121,0.515528678894043,0
0.05,64,"test",122,0.505135476589203,1
0.05,64,"test",123,0.500849306583405,1
0.05,64,"test",124,0.505586862564087,1
0.05,64,"test",125,0.476378798484802,0
0.05,64,"test",126,0.501311361789703,0
0.05,64,"test",127,0.487460136413574,0
0.05,64,"test",128,0.447655916213989,1
0.05,64,"test",129,0.421006977558136,1
0.05,64,"test",130,0.556282222270966,1
0.05,64,"test",131,0.578026831150055,1
0.05,64,"test",132,0.418582856655121,0
0.05,64,"test",133,0.515582323074341,0
0.05,64,"test",134,0.602751970291138,0
0.05,64,"test",135,0.575780987739563,0
0.05,64,"test",136,0.29123467206955,0
0.05,64,"test",137,0.38000550866127,1
0.05,64,"test",138,0.462345242500305,1
0.05,64,"test",139,0.477039635181427,1
0.05,64,"test",140,0.500375866889954,1
0.05,64,"test",141,0.501483738422394,1
0.05,64,"test",142,0.454964369535446,1
0.05,64,"test",143,0.48979726433754,1
0.05,64,"test",144,0.360930144786835,1
0.05,64,"test",145,0.361314684152603,1
0.05,64,"test",146,0.515528678894043,1
0.05,64,"test",147,0.526449263095856,1
0.05,64,"test",148,0.500849306583405,1
0.05,64,"test",149,0.57075834274292,1
0.05,64,"test",150,0.476378798484802,1
0.05,64,"test",151,0.482207953929901,1
0.05,64,"test",152,0.487460136413574,0
0.05,64,"test",153,0.537724018096924,0
0.05,64,"test",154,0.421006977558136,1
0.05,64,"test",155,0.35247865319252,1
0.05,64,"test",156,0.578026831150055,1
0.05,64,"test",157,0.529259920120239,0
0.05,64,"test",158,0.515582323074341,0
0.05,64,"test",159,0.483814090490341,0
0.05,64,"test",160,0.575780987739563,0
0.05,64,"test",161,0.568293571472168,0
0.05,64,"test",162,0.38000550866127,0
0.05,64,"test",163,0.441069900989532,0
0.05,64,"test",164,0.477039635181427,0
0.05,64,"test",165,0.461611092090607,1
0.05,64,"test",166,0.501483738422394,1
0.05,64,"test",167,0.498218268156052,0
0.05,64,"test",168,0.48979726433754,1
0.05,64,"test",169,0.486288726329803,1
0.05,64,"test",170,0.361314684152603,1
0.05,64,"test",171,0.358338922262192,0
0.05,64,"test",172,0.526449263095856,0
0.05,64,"test",173,0.521447777748108,1
0.05,64,"test",174,0.57075834274292,1
0.05,64,"test",175,0.535518765449524,1
0.05,64,"test",176,0.482207953929901,1
0.05,64,"test",177,0.474838882684708,0
0.05,64,"test",178,0.537724018096924,0
0.05,64,"test",179,0.481090396642685,0
0.05,64,"test",180,0.35247865319252,0
0.05,64,"test",181,0.509427428245544,0
0.05,64,"test",182,0.529259920120239,0
0.05,64,"test",183,0.519411623477936,0
0.05,64,"test",184,0.483814090490341,0
0.05,64,"test",185,0.440354317426682,0
0.05,64,"test",186,0.568293571472168,1
0.05,64,"test",187,0.547769546508789,0
0.05,64,"test",188,0.441069900989532,0
0.05,64,"test",189,0.445655763149261,0
0.05,64,"test",190,0.461611092090607,0
0.05,64,"test",191,0.446653723716736,0
0.05,64,"test",192,0.498218268156052,0
0.05,64,"test",193,0.501289069652557,0
0.05,64,"test",194,0.486288726329803,0
0.05,64,"test",195,0.469430148601532,0
0.05,64,"test",196,0.358338922262192,0
0.05,64,"test",197,0.360794216394424,1
0.05,64,"test",198,0.521447777748108,1
0.05,64,"test",199,0.51575118303299,1
0.05,64,"test",200,0.535518765449524,0
0.05,64,"test",201,0.529365122318268,0
0.05,64,"test",202,0.474838882684708,1
0.05,64,"test",203,0.555588781833649,0
0.05,64,"test",204,0.481090396642685,0
0.05,64,"test",205,0.491190701723099,0
0.05,64,"test",206,0.509427428245544,1
0.05,64,"test",207,0.477005004882812,0
0.05,64,"test",208,0.519411623477936,0
0.05,64,"test",209,0.463074177503586,0
0.05,64,"test",210,0.440354317426682,0
0.05,64,"test",211,0.442282974720001,0
0.05,64,"test",212,0.547769546508789,1
0.05,64,"test",213,0.620347380638123,0
0.05,64,"test",214,0.445655763149261,1
0.05,64,"test",215,0.316192060709,1
0.05,64,"test",216,0.446653723716736,1
0.05,64,"test",217,0.407524228096008,0
0.05,64,"test",218,0.501289069652557,0
0.05,64,"test",219,0.500056326389313,1
0.05,64,"test",220,0.469430148601532,1
0.05,64,"test",221,0.487103819847107,0
0.05,64,"test",222,0.360794216394424,1
0.05,64,"test",223,0.363020479679108,1
0.05,64,"test",224,0.515751123428345,1
0.05,64,"test",225,0.502370595932007,0
0.05,64,"test",226,0.529365122318268,0
0.05,64,"test",227,0.523148953914642,0
0.05,64,"test",228,0.555588781833649,1
0.05,64,"test",229,0.481301337480545,1
0.05,64,"test",230,0.491190701723099,0
0.05,64,"test",231,0.442007035017014,1
0.05,64,"test",232,0.477005004882812,1
0.05,64,"test",233,0.508971869945526,1
0.05,64,"test",234,0.463074177503586,1
0.05,64,"test",235,0.468094289302826,1
0.05,64,"test",236,0.442282974720001,1
0.05,64,"test",237,0.455549120903015,0
0.05,64,"test",238,0.620347380638123,0
0.05,64,"test",239,0.575632393360138,0
0.05,64,"test",240,0.316192060709,0
0.05,64,"test",241,0.297480642795563,0
0.05,64,"test",242,0.407524228096008,0
0.05,64,"test",243,0.4366814494133,0
0.05,64,"test",244,0.500056326389313,1
0.05,64,"test",245,0.49571767449379,1
0.05,64,"test",246,0.487103819847107,1
0.05,64,"test",247,0.484066992998123,1
0.05,64,"test",248,0.363020479679108,1
0.05,64,"test",249,0.392282366752625,1
0.05,64,"test",250,0.502370595932007,1
0.05,64,"test",251,0.519101738929749,1
0.05,64,"test",252,0.523148953914642,0
0.05,64,"test",253,0.548920035362244,0
0.05,64,"test",254,0.481301337480545,0
0.05,64,"test",255,0.453591793775558,1
0.05,64,"test",256,0.442007035017014,1
0.05,64,"test",257,0.513770461082458,1
0.05,64,"test",258,0.508971869945526,1
0.05,64,"test",259,0.486749231815338,1
0.05,64,"test",260,0.468094289302826,1
0.05,64,"test",261,0.453006207942963,1
0.05,64,"test",262,0.455549120903015,0
0.05,64,"test",263,0.389770686626434,0
0.05,64,"test",264,0.575632393360138,1
0.05,64,"test",265,0.591997027397156,1
0.05,64,"test",266,0.297480642795563,1
0.05,64,"test",267,0.441740781068802,1
0.05,64,"test",268,0.4366814494133,1
0.05,64,"test",269,0.450855135917664,1
0.05,64,"test",270,0.49571767449379,1
0.05,64,"test",271,0.502307176589966,1
0.05,64,"test",272,0.484066992998123,1
0.05,64,"test",273,0.462772756814957,1
0.05,64,"test",274,0.392282366752625,1
0.05,64,"test",275,0.364134937524796,1
0.05,64,"test",276,0.519101738929749,1
0.05,64,"test",277,0.54794055223465,1
0.05,64,"test",278,0.548920035362244,0
0.05,64,"test",279,0.600338816642761,0
0.05,64,"test",280,0.453591823577881,0
0.05,64,"test",281,0.507293820381165,0
0.05,64,"test",282,0.513770461082458,0
0.05,64,"test",283,0.479061931371689,0
0.05,64,"test",284,0.486749231815338,0
0.05,64,"test",285,0.47694194316864,0
0.05,64,"test",286,0.453006207942963,0
0.05,64,"test",287,0.554807245731354,0
0.05,64,"test",288,0.389770686626434,0
0.05,64,"test",289,0.452330529689789,0
0.05,64,"test",290,0.591997027397156,0
0.05,64,"test",291,0.524481773376465,0
0.05,64,"test",292,0.441740781068802,1
0.05,64,"test",293,0.464916616678238,1
0.05,64,"test",294,0.450855135917664,1
0.05,64,"test",295,0.434988439083099,0
0.05,64,"test",296,0.502307176589966,0
0.05,64,"test",297,0.50037944316864,1
0.05,64,"test",298,0.462772756814957,0
0.05,64,"test",299,0.480072200298309,0
0.05,64,"test",300,0.364134937524796,1
0.05,64,"test",301,0.384251296520233,1
0.05,64,"test",302,0.54794055223465,1
0.05,64,"test",303,0.530679166316986,0
0.05,64,"test",304,0.600338816642761,1
0.05,64,"test",305,0.578803539276123,0
0.1,23,"val",1,0.506161272525787,0
0.1,23,"val",2,0.412392318248749,1
0.1,23,"val",3,0.412250638008118,0
0.1,23,"val",4,0.411901891231537,1
0.1,23,"val",5,0.423084318637848,1
0.1,23,"val",6,0.337516278028488,1
0.1,23,"val",7,0.309520334005356,1
0.1,23,"val",8,0.457056760787964,1
0.1,23,"val",9,0.444707483053207,1
0.1,23,"val",10,0.421794921159744,1
0.1,23,"val",11,0.396435678005219,1
0.1,23,"val",12,0.31116309762001,1
0.1,23,"val",13,0.40711310505867,1
0.1,23,"val",14,0.472720772027969,1
0.1,23,"val",15,0.510751903057098,1
0.1,23,"val",16,0.526365697383881,1
0.1,23,"val",17,0.452602416276932,1
0.1,23,"val",18,0.488360077142715,1
0.1,23,"val",19,0.533625602722168,1
0.1,23,"val",20,0.545470118522644,1
0.1,23,"val",21,0.574487566947937,1
0.1,23,"val",22,0.58761340379715,1
0.1,23,"val",23,0.494418650865555,0
0.1,23,"val",24,0.627906203269958,0
0.1,23,"val",25,0.527316451072693,1
0.1,23,"val",26,0.506161272525787,0
0.1,23,"val",27,0.5196573138237,0
0.1,23,"val",28,0.412250638008118,0
0.1,23,"val",29,0.37778702378273,1
0.1,23,"val",30,0.423084318637848,1
0.1,23,"val",31,0.416409343481064,0
0.1,23,"val",32,0.309520334005356,0
0.1,23,"val",33,0.327237337827682,0
0.1,23,"val",34,0.444707483053207,0
0.1,23,"val",35,0.414566814899445,0
0.1,23,"val",36,0.396435678005219,0
0.1,23,"val",37,0.427244544029236,1
0.1,23,"val",38,0.40711310505867,1
0.1,23,"val",39,0.400354355573654,1
0.1,23,"val",40,0.510751903057098,0
0.1,23,"val",41,0.493521898984909,0
0.1,23,"val",42,0.452602416276932,0
0.1,23,"val",43,0.471607148647308,0
0.1,23,"val",44,0.533625602722168,0
0.1,23,"val",45,0.449129045009613,0
0.1,23,"val",46,0.574487566947937,0
0.1,23,"val",47,0.559738218784332,1
0.1,23,"val",48,0.494418650865555,1
0.1,23,"val",49,0.579747438430786,1
0.1,23,"val",50,0.527316451072693,1
0.1,23,"val",51,0.583767652511597,1
0.1,23,"val",52,0.5196573138237,1
0.1,23,"val",53,0.569471895694733,1
0.1,23,"val",54,0.37778702378273,1
0.1,23,"val",55,0.402795672416687,1
0.1,23,"val",56,0.416409343481064,1
0.1,23,"val",57,0.406412214040756,1
0.1,23,"val",58,0.327237337827682,1
0.1,23,"val",59,0.297926366329193,1
0.1,23,"val",60,0.414566814899445,1
0.1,23,"val",61,0.411151081323624,0
0.1,23,"val",62,0.427244544029236,1
0.1,23,"val",63,0.448941111564636,0
0.1,23,"val",64,0.400354355573654,0
0.1,23,"val",65,0.372063219547272,1
0.1,23,"val",66,0.493521898984909,1
0.1,23,"val",67,0.50349497795105,1
0.1,23,"val",68,0.471607148647308,1
0.1,23,"val",69,0.494132876396179,1
0.1,23,"val",70,0.449129045009613,1
0.1,23,"val",71,0.51345020532608,1
0.1,23,"val",72,0.559738218784332,1
0.1,23,"val",73,0.536833941936493,1
0.1,23,"val",74,0.579747438430786,1
0.1,23,"val",75,0.614420652389526,1
0.1,23,"val",76,0.583767652511597,0
0.1,23,"val",77,0.551215708255768,1
0.1,23,"val",78,0.569471895694733,1
0.1,23,"val",79,0.516005396842957,0
0.1,23,"val",80,0.402795672416687,0
0.1,23,"val",81,0.411012381315231,0
0.1,23,"val",82,0.406412214040756,1
0.1,23,"val",83,0.414674758911133,0
0.1,23,"val",84,0.297926366329193,0
0.1,23,"val",85,0.294685482978821,0
0.1,23,"val",86,0.411151081323624,1
0.1,23,"val",87,0.362646371126175,1
0.1,23,"val",88,0.448941111564636,1
0.1,23,"val",89,0.483617395162582,0
0.1,23,"val",90,0.372063219547272,0
0.1,23,"val",91,0.326190829277039,0
0.1,23,"val",92,0.50349497795105,0
0.1,23,"val",93,0.510398268699646,0
0.1,23,"val",94,0.494132876396179,0
0.1,23,"val",95,0.448379456996918,0
0.1,23,"val",96,0.51345020532608,1
0.1,23,"val",97,0.473734468221664,1
0.1,23,"val",98,0.536833941936493,1
0.1,23,"val",99,0.555569052696228,1
0.1,23,"val",100,0.614420652389526,0
0.1,23,"val",101,0.621505737304688,0
0.1,23,"val",102,0.551215708255768,0
0.1,23,"val",103,0.496945261955261,0
0.1,23,"val",104,0.516005396842957,1
0.1,23,"val",105,0.502574563026428,1
0.1,23,"val",106,0.411012381315231,1
0.1,23,"val",107,0.410474359989166,1
0.1,23,"val",108,0.414674758911133,1
0.1,23,"val",109,0.403220981359482,0
0.1,23,"val",110,0.294685482978821,0
0.1,23,"val",111,0.323760628700256,1
0.1,23,"val",112,0.362646371126175,1
0.1,23,"val",113,0.40967470407486,1
0.1,23,"val",114,0.483617395162582,0
0.1,23,"val",115,0.44034931063652,1
0.1,23,"val",116,0.326190829277039,0
0.1,23,"val",117,0.418397784233093,1
0.1,23,"val",118,0.510398268699646,1
0.1,23,"val",119,0.473993211984634,1
0.1,23,"val",120,0.448379397392273,0
0.1,23,"val",121,0.526324450969696,0
0.1,23,"val",122,0.473734468221664,0
0.1,23,"val",123,0.502514958381653,1
0.1,23,"val",124,0.555569052696228,1
0.1,23,"val",125,0.526461780071259,1
0.1,23,"val",126,0.621505737304688,1
0.1,23,"val",127,0.648791491985321,1
0.1,23,"val",128,0.496945261955261,1
0.1,23,"val",129,0.348836690187454,1
0.1,23,"val",130,0.502574563026428,1
0.1,23,"val",131,0.517899692058563,0
0.1,23,"val",132,0.410474359989166,0
0.1,23,"val",133,0.410930573940277,1
0.1,23,"val",134,0.403220981359482,1
0.1,23,"val",135,0.421103894710541,0
0.1,23,"val",136,0.323760628700256,0
0.1,23,"val",137,0.311443090438843,0
0.1,23,"val",138,0.40967470407486,0
0.1,23,"val",139,0.358898848295212,0
0.1,23,"val",140,0.44034931063652,0
0.1,23,"val",141,0.387668788433075,1
0.1,23,"val",142,0.418397784233093,1
0.1,23,"val",143,0.395911067724228,1
0.1,23,"val",144,0.473993211984634,0
0.1,23,"val",145,0.48348668217659,0
0.1,23,"val",146,0.526324450969696,0
0.1,23,"val",147,0.517676949501038,0
0.1,23,"val",148,0.502514958381653,0
0.1,23,"val",149,0.621683716773987,0
0.1,23,"val",150,0.526461780071259,0
0.1,23,"val",151,0.523472845554352,0
0.1,23,"val",152,0.648791491985321,1
0.1,23,"val",153,0.497405767440796,0
0.1,23,"val",154,0.348836690187454,1
0.1,23,"val",155,0.387283682823181,0
0.1,23,"val",156,0.517899692058563,0
0.1,23,"val",157,0.496962785720825,0
0.1,23,"val",158,0.410930573940277,0
0.1,23,"val",159,0.415323942899704,1
0.1,23,"val",160,0.421103894710541,1
0.1,23,"val",161,0.409580588340759,1
0.1,23,"val",162,0.311443090438843,1
0.1,23,"val",163,0.302301496267319,1
0.1,23,"val",164,0.358898848295212,0
0.1,23,"val",165,0.384878605604172,0
0.1,23,"val",166,0.387668788433075,0
0.1,23,"val",167,0.358543127775192,0
0.1,23,"val",168,0.395911067724228,1
0.1,23,"val",169,0.40186682343483,0
0.1,23,"val",170,0.48348668217659,0
0.1,23,"val",171,0.483428955078125,0
0.1,23,"val",172,0.517676949501038,1
0.1,23,"val",173,0.510412096977234,1
0.1,23,"val",174,0.621683716773987,1
0.1,23,"val",175,0.551868081092834,0
0.1,23,"val",176,0.523472845554352,0
0.1,23,"val",177,0.476873099803925,1
0.1,23,"val",178,0.497405767440796,0
0.1,23,"val",179,0.546146512031555,1
0.1,23,"val",180,0.387283682823181,0
0.1,23,"val",181,0.38820618391037,1
0.1,23,"val",182,0.496962785720825,1
0.1,23,"val",183,0.455291330814362,1
0.1,23,"val",184,0.415323942899704,0
0.1,23,"val",185,0.413294315338135,0
0.1,23,"val",186,0.409580588340759,0
0.1,23,"val",187,0.376058965921402,0
0.1,23,"val",188,0.302301496267319,0
0.1,23,"val",189,0.295896917581558,0
0.1,23,"val",190,0.384878605604172,0
0.1,23,"val",191,0.431826531887054,1
0.1,23,"val",192,0.358543127775192,0
0.1,23,"val",193,0.353159606456757,0
0.1,23,"val",194,0.40186682343483,0
0.1,23,"val",195,0.351788520812988,1
0.1,23,"val",196,0.483428955078125,1
0.1,23,"val",197,0.485732465982437,1
0.1,23,"val",198,0.510412096977234,1
0.1,23,"val",199,0.477371543645859,0
0.1,23,"val",200,0.551868081092834,0
0.1,23,"val",201,0.497399806976318,0
0.1,23,"val",202,0.476873099803925,0
0.1,23,"val",203,0.50175416469574,1
0.1,23,"val",204,0.546146512031555,1
0.1,23,"val",205,0.580577373504639,1
0.1,23,"val",206,0.38820618391037,0
0.1,23,"val",207,0.572300970554352,0
0.1,23,"val",208,0.455291330814362,0
0.1,23,"val",209,0.517166435718536,1
0.1,23,"val",210,0.413294315338135,1
0.1,23,"val",211,0.408979415893555,1
0.1,23,"val",212,0.376058965921402,1
0.1,23,"val",213,0.394522458314896,1
0.1,23,"val",214,0.295896917581558,1
0.1,23,"val",215,0.294601052999496,0
0.1,23,"val",216,0.43182647228241,0
0.1,23,"val",217,0.402090340852737,0
0.1,23,"val",218,0.353159606456757,0
0.1,23,"val",219,0.407896786928177,0
0.1,23,"val",220,0.351788520812988,0
0.1,23,"val",221,0.367388099431992,1
0.1,23,"val",222,0.485732465982437,1
0.1,23,"val",223,0.502384960651398,1
0.1,23,"val",224,0.477371573448181,0
0.1,23,"val",225,0.513276159763336,1
0.1,23,"val",226,0.497399806976318,1
0.1,23,"val",227,0.482652425765991,1
0.1,23,"val",228,0.50175416469574,0
0.1,23,"val",229,0.46210989356041,0
0.1,23,"val",230,0.580577373504639,0
0.1,23,"val",231,0.622827589511871,0
0.1,23,"val",232,0.572300970554352,0
0.1,23,"val",233,0.398595929145813,0
0.1,23,"val",234,0.517166435718536,0
0.1,23,"val",235,0.577971518039703,0
0.1,23,"val",236,0.408979415893555,0
0.1,23,"val",237,0.410719603300095,0
0.1,23,"val",238,0.394522458314896,1
0.1,23,"val",239,0.400696247816086,0
0.1,23,"val",240,0.294601052999496,0
0.1,23,"val",241,0.298139274120331,0
0.1,23,"val",242,0.402090340852737,0
0.1,23,"val",243,0.378221064805984,1
0.1,23,"val",244,0.407896786928177,1
0.1,23,"val",245,0.39195391535759,1
0.1,23,"val",246,0.367388099431992,0
0.1,23,"val",247,0.335395008325577,1
0.1,23,"val",248,0.502384960651398,1
0.1,23,"val",249,0.500349283218384,0
0.1,23,"val",250,0.513276159763336,1
0.1,23,"val",251,0.50837242603302,1
0.1,23,"val",252,0.482652425765991,1
0.1,23,"val",253,0.504720449447632,1
0.1,23,"val",254,0.46210989356041,0
0.1,23,"val",255,0.462723791599274,0
0.1,23,"val",256,0.622827589511871,0
0.1,23,"val",257,0.603241443634033,0
0.1,23,"val",258,0.398595929145813,1
0.1,23,"val",259,0.522380530834198,1
0.1,23,"val",260,0.577971518039703,1
0.1,23,"val",261,0.511511385440826,1
0.1,23,"val",262,0.410719603300095,1
0.1,23,"val",263,0.409620881080627,0
0.1,23,"val",264,0.400696247816086,0
0.1,23,"val",265,0.400125026702881,1
0.1,23,"val",266,0.298139274120331,1
0.1,23,"val",267,0.298762023448944,0
0.1,23,"val",268,0.378221064805984,0
0.1,23,"val",269,0.363737851381302,0
0.1,23,"val",270,0.39195391535759,1
0.1,23,"val",271,0.362683415412903,1
0.1,23,"val",272,0.335395008325577,1
0.1,23,"val",273,0.412447512149811,1
0.1,23,"val",274,0.500349283218384,0
0.1,23,"val",275,0.506922483444214,0
0.1,23,"val",276,0.50837242603302,0
0.1,23,"val",277,0.52483344078064,0
0.1,23,"val",278,0.504720449447632,1
0.1,23,"val",279,0.514754235744476,1
0.1,23,"val",280,0.462723791599274,1
0.1,23,"val",281,0.495067119598389,1
0.1,23,"val",282,0.603241443634033,1
0.1,23,"val",283,0.557951390743256,1
0.1,23,"val",284,0.522380530834198,0
0.1,23,"val",285,0.563151597976685,0
0.1,23,"val",286,0.511511385440826,0
0.1,23,"val",287,0.549533367156982,0
0.1,23,"val",288,0.409620821475983,0
0.1,23,"val",289,0.40785613656044,0
0.1,23,"val",290,0.400125026702881,0
0.1,23,"val",291,0.373124688863754,0
0.1,23,"val",292,0.298762023448944,0
0.1,23,"val",293,0.310997396707535,0
0.1,23,"val",294,0.363737851381302,1
0.1,23,"val",295,0.353893607854843,1
0.1,23,"val",296,0.362683415412903,0
0.1,23,"val",297,0.456775158643723,0
0.1,23,"val",298,0.412447512149811,0
0.1,23,"val",299,0.45183464884758,1
0.1,23,"val",300,0.506922483444214,1
0.1,23,"val",301,0.49388325214386,1
0.1,23,"val",302,0.52483344078064,0
0.1,23,"val",303,0.496562480926514,0
0.1,23,"val",304,0.514754235744476,0
0.1,23,"test",1,0.365138441324234,0
0.1,23,"test",2,0.495067119598389,0
0.1,23,"test",3,0.51588499546051,1
0.1,23,"test",4,0.557951390743256,1
0.1,23,"test",5,0.564819574356079,1
0.1,23,"test",6,0.563151597976685,1
0.1,23,"test",7,0.534279882907867,1
0.1,23,"test",8,0.549533367156982,1
0.1,23,"test",9,0.481994599103928,1
0.1,23,"test",10,0.40785613656044,1
0.1,23,"test",11,0.409647732973099,1
0.1,23,"test",12,0.373124688863754,1
0.1,23,"test",13,0.4073306620121,1
0.1,23,"test",14,0.310997396707535,1
0.1,23,"test",15,0.302695512771606,1
0.1,23,"test",16,0.353893607854843,1
0.1,23,"test",17,0.390998125076294,0
0.1,23,"test",18,0.456775158643723,0
0.1,23,"test",19,0.478348404169083,0
0.1,23,"test",20,0.45183464884758,1
0.1,23,"test",21,0.485510677099228,1
0.1,23,"test",22,0.49388325214386,1
0.1,23,"test",23,0.485649466514587,0
0.1,23,"test",24,0.496562480926514,0
0.1,23,"test",25,0.532197117805481,0
0.1,23,"test",26,0.365138441324234,1
0.1,23,"test",27,0.503168940544128,1
0.1,23,"test",28,0.51588499546051,1
0.1,23,"test",29,0.519097983837128,0
0.1,23,"test",30,0.564819574356079,0
0.1,23,"test",31,0.601776778697968,0
0.1,23,"test",32,0.534279882907867,0
0.1,23,"test",33,0.480356454849243,0
0.1,23,"test",34,0.481994599103928,1
0.1,23,"test",35,0.505156278610229,1
0.1,23,"test",36,0.409647732973099,1
0.1,23,"test",37,0.408756613731384,1
0.1,23,"test",38,0.4073306620121,1
0.1,23,"test",39,0.398147970438004,1
0.1,23,"test",40,0.302695512771606,1
0.1,23,"test",41,0.308934211730957,1
0.1,23,"test",42,0.390998125076294,0
0.1,23,"test",43,0.387866616249084,0
0.1,23,"test",44,0.478348404169083,1
0.1,23,"test",45,0.462071985006332,1
0.1,23,"test",46,0.485510677099228,1
0.1,23,"test",47,0.419342756271362,0
0.1,23,"test",48,0.485649466514587,0
0.1,23,"test",49,0.486309975385666,0
0.1,23,"test",50,0.532197117805481,0
0.1,23,"test",51,0.48305955529213,1
0.1,23,"test",52,0.503168940544128,1
0.1,23,"test",53,0.495477080345154,1
0.1,23,"test",54,0.519097983837128,1
0.1,23,"test",55,0.496047139167786,0
0.1,23,"test",56,0.601776778697968,0
0.1,23,"test",57,0.655885279178619,0
0.1,23,"test",58,0.480356454849243,0
0.1,23,"test",59,0.453538566827774,1
0.1,23,"test",60,0.505156278610229,1
0.1,23,"test",61,0.486625611782074,1
0.1,23,"test",62,0.408756613731384,0
0.1,23,"test",63,0.409505844116211,1
0.1,23,"test",64,0.398147970438004,1
0.1,23,"test",65,0.391630172729492,1
0.1,23,"test",66,0.308934211730957,1
0.1,23,"test",67,0.315903633832932,1
0.1,23,"test",68,0.387866616249084,0
0.1,23,"test",69,0.358146488666534,0
0.1,23,"test",70,0.462071985006332,0
0.1,23,"test",71,0.436781466007233,1
0.1,23,"test",72,0.419342756271362,1
0.1,23,"test",73,0.364980131387711,0
0.1,23,"test",74,0.486309975385666,0
0.1,23,"test",75,0.496585011482239,0
0.1,23,"test",76,0.48305955529213,0
0.1,23,"test",77,0.50021493434906,0
0.1,23,"test",78,0.495477080345154,1
0.1,23,"test",79,0.57122814655304,0
0.1,23,"test",80,0.496047139167786,0
0.1,23,"test",81,0.512868821620941,1
0.1,23,"test",82,0.655885279178619,1
0.1,23,"test",83,0.615834295749664,1
0.1,23,"test",84,0.453538566827774,1
0.1,23,"test",85,0.477894246578217,0
0.1,23,"test",86,0.486625611782074,0
0.1,23,"test",87,0.471241980791092,0
0.1,23,"test",88,0.409505844116211,0
0.1,23,"test",89,0.406954824924469,0
0.1,23,"test",90,0.391630172729492,0
0.1,23,"test",91,0.411528259515762,1
0.1,23,"test",92,0.315903633832932,0
0.1,23,"test",93,0.318088233470917,0
0.1,23,"test",94,0.358146488666534,0
0.1,23,"test",95,0.3799187541008,0
0.1,23,"test",96,0.43678143620491,0
0.1,23,"test",97,0.412677884101868,1
0.1,23,"test",98,0.364980131387711,1
0.1,23,"test",99,0.413731426000595,1
0.1,23,"test",100,0.496585011482239,1
0.1,23,"test",101,0.490338444709778,1
0.1,23,"test",102,0.50021493434906,0
0.1,23,"test",103,0.470887660980225,0
0.1,23,"test",104,0.57122814655304,0
0.1,23,"test",105,0.632861435413361,0
0.1,23,"test",106,0.512868821620941,0
0.1,23,"test",107,0.468117088079453,0
0.1,23,"test",108,0.615834295749664,0
0.1,23,"test",109,0.628930628299713,0
0.1,23,"test",110,0.477894246578217,1
0.1,23,"test",111,0.369839012622833,1
0.1,23,"test",112,0.471241980791092,1
0.1,23,"test",113,0.495945870876312,0
0.1,23,"test",114,0.406954824924469,1
0.1,23,"test",115,0.412605941295624,1
0.1,23,"test",116,0.411528259515762,1
0.1,23,"test",117,0.398867934942245,1
0.1,23,"test",118,0.318088233470917,1
0.1,23,"test",119,0.31571888923645,0
0.1,23,"test",120,0.379918724298477,0
0.1,23,"test",121,0.377149909734726,0
0.1,23,"test",122,0.412677884101868,1
0.1,23,"test",123,0.409315317869186,1
0.1,23,"test",124,0.413731426000595,1
0.1,23,"test",125,0.366994589567184,0
0.1,23,"test",126,0.490338444709778,0
0.1,23,"test",127,0.487285733222961,0
0.1,23,"test",128,0.470887660980225,1
0.1,23,"test",129,0.452767223119736,1
0.1,23,"test",130,0.632861435413361,1
0.1,23,"test",131,0.663478434085846,1
0.1,23,"test",132,0.468117088079453,0
0.1,23,"test",133,0.537297546863556,0
0.1,23,"test",134,0.628930628299713,0
0.1,23,"test",135,0.612677752971649,0
0.1,23,"test",136,0.369839012622833,0
0.1,23,"test",137,0.481071382761002,1
0.1,23,"test",138,0.495945870876312,1
0.1,23,"test",139,0.512974739074707,1
0.1,23,"test",140,0.412605941295624,1
0.1,23,"test",141,0.415091544389725,1
0.1,23,"test",142,0.398867934942245,1
0.1,23,"test",143,0.422715753316879,1
0.1,23,"test",144,0.31571888923645,1
0.1,23,"test",145,0.326657921075821,1
0.1,23,"test",146,0.377149909734726,1
0.1,23,"test",147,0.387019574642181,1
0.1,23,"test",148,0.409315317869186,1
0.1,23,"test",149,0.486134141683578,1
0.1,23,"test",150,0.366994589567184,1
0.1,23,"test",151,0.38008514046669,1
0.1,23,"test",152,0.487285733222961,0
0.1,23,"test",153,0.512657821178436,0
0.1,23,"test",154,0.452767223119736,1
0.1,23,"test",155,0.392581313848495,1
0.1,23,"test",156,0.663478434085846,1
0.1,23,"test",157,0.604478597640991,0
0.1,23,"test",158,0.537297546863556,0
0.1,23,"test",159,0.527937114238739,0
0.1,23,"test",160,0.612677812576294,0
0.1,23,"test",161,0.607651710510254,0
0.1,23,"test",162,0.481071382761002,0
0.1,23,"test",163,0.540425956249237,0
0.1,23,"test",164,0.512974739074707,0
0.1,23,"test",165,0.506511211395264,1
0.1,23,"test",166,0.415091544389725,1
0.1,23,"test",167,0.411203742027283,0
0.1,23,"test",168,0.422715753316879,1
0.1,23,"test",169,0.422324657440186,1
0.1,23,"test",170,0.326657921075821,1
0.1,23,"test",171,0.321758389472961,0
0.1,23,"test",172,0.387019574642181,0
0.1,23,"test",173,0.37051597237587,1
0.1,23,"test",174,0.486134141683578,1
0.1,23,"test",175,0.44283127784729,1
0.1,23,"test",176,0.38008514046669,1
0.1,23,"test",177,0.375104486942291,0
0.1,23,"test",178,0.512657821178436,0
0.1,23,"test",179,0.486187815666199,0
0.1,23,"test",180,0.392581313848495,0
0.1,23,"test",181,0.491176813840866,0
0.1,23,"test",182,0.604478597640991,0
0.1,23,"test",183,0.586931049823761,0
0.1,23,"test",184,0.527937114238739,0
0.1,23,"test",185,0.498741775751114,0
0.1,23,"test",186,0.607651710510254,1
0.1,23,"test",187,0.593720674514771,0
0.1,23,"test",188,0.540425956249237,0
0.1,23,"test",189,0.536003351211548,0
0.1,23,"test",190,0.506511211395264,0
0.1,23,"test",191,0.453468471765518,0
0.1,23,"test",192,0.411203742027283,0
0.1,23,"test",193,0.423115938901901,0
0.1,23,"test",194,0.422324657440186,0
0.1,23,"test",195,0.402823597192764,0
0.1,23,"test",196,0.321758389472961,0
0.1,23,"test",197,0.300947606563568,1
0.1,23,"test",198,0.37051597237587,1
0.1,23,"test",199,0.375556170940399,1
0.1,23,"test",200,0.44283127784729,0
0.1,23,"test",201,0.432541191577911,0
0.1,23,"test",202,0.375104486942291,1
0.1,23,"test",203,0.482088714838028,0
0.1,23,"test",204,0.486187815666199,0
0.1,23,"test",205,0.485069066286087,0
0.1,23,"test",206,0.491176813840866,1
0.1,23,"test",207,0.475205808877945,0
0.1,23,"test",208,0.586931049823761,0
0.1,23,"test",209,0.519321084022522,0
0.1,23,"test",210,0.498741775751114,0
0.1,23,"test",211,0.499983489513397,0
0.1,23,"test",212,0.593720674514771,1
0.1,23,"test",213,0.640582382678986,0
0.1,23,"test",214,0.536003351211548,1
0.1,23,"test",215,0.393914878368378,1
0.1,23,"test",216,0.453468471765518,1
0.1,23,"test",217,0.404830753803253,0
0.1,23,"test",218,0.423115938901901,0
0.1,23,"test",219,0.423005282878876,1
0.1,23,"test",220,0.402823597192764,1
0.1,23,"test",221,0.422272920608521,0
0.1,23,"test",222,0.300947606563568,1
0.1,23,"test",223,0.323746263980865,1
0.1,23,"test",224,0.375556260347366,1
0.1,23,"test",225,0.384104877710342,0
0.1,23,"test",226,0.432541191577911,0
0.1,23,"test",227,0.481168866157532,0
0.1,23,"test",228,0.482088714838028,1
0.1,23,"test",229,0.384905278682709,1
0.1,23,"test",230,0.485069066286087,0
0.1,23,"test",231,0.453015625476837,1
0.1,23,"test",232,0.475205808877945,1
0.1,23,"test",233,0.545019865036011,1
0.1,23,"test",234,0.519321084022522,1
0.1,23,"test",235,0.526322782039642,1
0.1,23,"test",236,0.499983489513397,1
0.1,23,"test",237,0.510304152965546,0
0.1,23,"test",238,0.640582382678986,0
0.1,23,"test",239,0.612820565700531,0
0.1,23,"test",240,0.393914878368378,0
0.1,23,"test",241,0.342878848314285,0
0.1,23,"test",242,0.404830753803253,0
0.1,23,"test",243,0.443451195955276,0
0.1,23,"test",244,0.423005282878876,1
0.1,23,"test",245,0.410373538732529,1
0.1,23,"test",246,0.422272920608521,1
0.1,23,"test",247,0.413745403289795,1
0.1,23,"test",248,0.323746263980865,1
0.1,23,"test",249,0.329833418130875,1
0.1,23,"test",250,0.384104877710342,1
0.1,23,"test",251,0.417898833751678,1
0.1,23,"test",252,0.481168866157532,0
0.1,23,"test",253,0.507513046264648,0
0.1,23,"test",254,0.384905278682709,0
0.1,23,"test",255,0.336876511573792,1
0.1,23,"test",256,0.453015714883804,1
0.1,23,"test",257,0.498273849487305,1
0.1,23,"test",258,0.545019865036011,1
0.1,23,"test",259,0.502851009368896,1
0.1,23,"test",260,0.526322782039642,1
0.1,23,"test",261,0.500125050544739,1
0.1,23,"test",262,0.510304152965546,0
0.1,23,"test",263,0.479509651660919,0
0.1,23,"test",264,0.612820565700531,1
0.1,23,"test",265,0.620708644390106,1
0.1,23,"test",266,0.342878848314285,1
0.1,23,"test",267,0.499228864908218,1
0.1,23,"test",268,0.443451195955276,1
0.1,23,"test",269,0.46966290473938,1
0.1,23,"test",270,0.410373538732529,1
0.1,23,"test",271,0.41552010178566,1
0.1,23,"test",272,0.413745403289795,1
0.1,23,"test",273,0.397958010435104,1
0.1,23,"test",274,0.329833418130875,1
0.1,23,"test",275,0.321734368801117,1
0.1,23,"test",276,0.417898833751678,1
0.1,23,"test",277,0.400316059589386,1
0.1,23,"test",278,0.507513046264648,0
0.1,23,"test",279,0.560639977455139,0
0.1,23,"test",280,0.336876451969147,0
0.1,23,"test",281,0.413225710391998,0
0.1,23,"test",282,0.498273849487305,0
0.1,23,"test",283,0.477167904376984,0
0.1,23,"test",284,0.502851009368896,0
0.1,23,"test",285,0.517594754695892,0
0.1,23,"test",286,0.500125050544739,0
0.1,23,"test",287,0.633235156536102,0
0.1,23,"test",288,0.479509681463242,0
0.1,23,"test",289,0.506424784660339,0
0.1,23,"test",290,0.620708644390106,0
0.1,23,"test",291,0.56520277261734,0
0.1,23,"test",292,0.499228864908218,1
0.1,23,"test",293,0.562079608440399,1
0.1,23,"test",294,0.46966290473938,1
0.1,23,"test",295,0.471521586179733,0
0.1,23,"test",296,0.41552010178566,0
0.1,23,"test",297,0.412693560123444,1
0.1,23,"test",298,0.397958010435104,0
0.1,23,"test",299,0.412140101194382,0
0.1,23,"test",300,0.321734368801117,1
0.1,23,"test",301,0.374514281749725,1
0.1,23,"test",302,0.400316059589386,1
0.1,23,"test",303,0.44201073050499,0
0.1,23,"test",304,0.560639977455139,1
0.1,23,"test",305,0.524941563606262,0
0.1,27,"val",1,0.466687232255936,0
0.1,27,"val",2,0.533281564712524,1
0.1,27,"val",3,0.520381450653076,0
0.1,27,"val",4,0.566363990306854,1
0.1,27,"val",5,0.571889042854309,1
0.1,27,"val",6,0.354966670274734,1
0.1,27,"val",7,0.338367879390717,1
0.1,27,"val",8,0.515421569347382,1
0.1,27,"val",9,0.532978475093842,1
0.1,27,"val",10,0.583220243453979,1
0.1,27,"val",11,0.603323459625244,1
0.1,27,"val",12,0.510857403278351,1
0.1,27,"val",13,0.497329741716385,1
0.1,27,"val",14,0.542931020259857,1
0.1,27,"val",15,0.607551455497742,1
0.1,27,"val",16,0.461889207363129,1
0.1,27,"val",17,0.413135677576065,1
0.1,27,"val",18,0.501769661903381,1
0.1,27,"val",19,0.535323977470398,1
0.1,27,"val",20,0.568256795406342,1
0.1,27,"val",21,0.592437863349915,1
0.1,27,"val",22,0.396815001964569,1
0.1,27,"val",23,0.3039291203022,0
0.1,27,"val",24,0.460968106985092,0
0.1,27,"val",25,0.312438070774078,1
0.1,27,"val",26,0.466687232255936,0
0.1,27,"val",27,0.476924449205399,0
0.1,27,"val",28,0.520381450653076,0
0.1,27,"val",29,0.543917894363403,1
0.1,27,"val",30,0.571889042854309,1
0.1,27,"val",31,0.551855087280273,0
0.1,27,"val",32,0.338367879390717,0
0.1,27,"val",33,0.350060433149338,0
0.1,27,"val",34,0.532978475093842,0
0.1,27,"val",35,0.531107366085052,0
0.1,27,"val",36,0.603323459625244,0
0.1,27,"val",37,0.607561409473419,1
0.1,27,"val",38,0.497329741716385,1
0.1,27,"val",39,0.533092439174652,1
0.1,27,"val",40,0.607551455497742,0
0.1,27,"val",41,0.573111116886139,0
0.1,27,"val",42,0.413135677576065,0
0.1,27,"val",43,0.42318406701088,0
0.1,27,"val",44,0.535323977470398,0
0.1,27,"val",45,0.45876556634903,0
0.1,27,"val",46,0.592437863349915,0
0.1,27,"val",47,0.593611538410187,1
0.1,27,"val",48,0.3039291203022,1
0.1,27,"val",49,0.380387216806412,1
0.1,27,"val",50,0.312438070774078,1
0.1,27,"val",51,0.399590015411377,1
0.1,27,"val",52,0.476924449205399,1
0.1,27,"val",53,0.514539122581482,1
0.1,27,"val",54,0.543917894363403,1
0.1,27,"val",55,0.552541077136993,1
0.1,27,"val",56,0.551855206489563,1
0.1,27,"val",57,0.53734427690506,1
0.1,27,"val",58,0.350060433149338,1
0.1,27,"val",59,0.327432513237,1
0.1,27,"val",60,0.531107366085052,1
0.1,27,"val",61,0.474383533000946,0
0.1,27,"val",62,0.607561409473419,1
0.1,27,"val",63,0.599078714847565,0
0.1,27,"val",64,0.533092439174652,0
0.1,27,"val",65,0.53484570980072,1
0.1,27,"val",66,0.573111116886139,1
0.1,27,"val",67,0.592808365821838,1
0.1,27,"val",68,0.42318406701088,1
0.1,27,"val",69,0.450764924287796,1
0.1,27,"val",70,0.45876556634903,1
0.1,27,"val",71,0.518341958522797,1
0.1,27,"val",72,0.593611538410187,1
0.1,27,"val",73,0.551501631736755,1
0.1,27,"val",74,0.380387216806412,1
0.1,27,"val",75,0.404454320669174,1
0.1,27,"val",76,0.399590015411377,0
0.1,27,"val",77,0.418223857879639,1
0.1,27,"val",78,0.514539122581482,1
0.1,27,"val",79,0.47596487402916,0
0.1,27,"val",80,0.552541077136993,0
0.1,27,"val",81,0.540188252925873,0
0.1,27,"val",82,0.53734427690506,1
0.1,27,"val",83,0.539782822132111,0
0.1,27,"val",84,0.327432513237,0
0.1,27,"val",85,0.319806843996048,0
0.1,27,"val",86,0.474383533000946,1
0.1,27,"val",87,0.529010653495789,1
0.1,27,"val",88,0.599078714847565,1
0.1,27,"val",89,0.58540940284729,0
0.1,27,"val",90,0.53484570980072,0
0.1,27,"val",91,0.531761527061462,0
0.1,27,"val",92,0.592808365821838,0
0.1,27,"val",93,0.618299901485443,0
0.1,27,"val",94,0.450764924287796,0
0.1,27,"val",95,0.430054247379303,0
0.1,27,"val",96,0.518341898918152,1
0.1,27,"val",97,0.481219232082367,1
0.1,27,"val",98,0.551501631736755,1
0.1,27,"val",99,0.576305150985718,1
0.1,27,"val",100,0.404454320669174,0
0.1,27,"val",101,0.414348036050797,0
0.1,27,"val",102,0.418223857879639,0
0.1,27,"val",103,0.287508398294449,0
0.1,27,"val",104,0.47596487402916,1
0.1,27,"val",105,0.494751244783401,1
0.1,27,"val",106,0.540188252925873,1
0.1,27,"val",107,0.547356903553009,1
0.1,27,"val",108,0.539782822132111,1
0.1,27,"val",109,0.53515887260437,0
0.1,27,"val",110,0.319806843996048,0
0.1,27,"val",111,0.350921481847763,1
0.1,27,"val",112,0.529010653495789,1
0.1,27,"val",113,0.52248078584671,1
0.1,27,"val",114,0.58540940284729,0
0.1,27,"val",115,0.600813210010529,1
0.1,27,"val",116,0.531761527061462,0
0.1,27,"val",117,0.536007225513458,1
0.1,27,"val",118,0.618299901485443,1
0.1,27,"val",119,0.545455753803253,1
0.1,27,"val",120,0.430054217576981,0
0.1,27,"val",121,0.493850111961365,0
0.1,27,"val",122,0.481219232082367,0
0.1,27,"val",123,0.502953767776489,1
0.1,27,"val",124,0.576305150985718,1
0.1,27,"val",125,0.543501734733582,1
0.1,27,"val",126,0.414348036050797,1
0.1,27,"val",127,0.460299044847488,1
0.1,27,"val",128,0.287508398294449,1
0.1,27,"val",129,0.219891607761383,1
0.1,27,"val",130,0.494751244783401,1
0.1,27,"val",131,0.500527381896973,0
0.1,27,"val",132,0.547356903553009,0
0.1,27,"val",133,0.531708359718323,1
0.1,27,"val",134,0.53515887260437,1
0.1,27,"val",135,0.552025437355042,0
0.1,27,"val",136,0.350921481847763,0
0.1,27,"val",137,0.340688198804855,0
0.1,27,"val",138,0.52248078584671,0
0.1,27,"val",139,0.501215696334839,0
0.1,27,"val",140,0.600813210010529,0
0.1,27,"val",141,0.615624845027924,1
0.1,27,"val",142,0.536007225513458,1
0.1,27,"val",143,0.50784707069397,1
0.1,27,"val",144,0.545455753803253,0
0.1,27,"val",145,0.566097140312195,0
0.1,27,"val",146,0.493850111961365,0
0.1,27,"val",147,0.496385157108307,0
0.1,27,"val",148,0.502953767776489,0
0.1,27,"val",149,0.609170258045197,0
0.1,27,"val",150,0.543501734733582,0
0.1,27,"val",151,0.553612470626831,0
0.1,27,"val",152,0.460299044847488,1
0.1,27,"val",153,0.304282546043396,0
0.1,27,"val",154,0.219891607761383,1
0.1,27,"val",155,0.2283616065979,0
0.1,27,"val",156,0.500527381896973,0
0.1,27,"val",157,0.468974679708481,0
0.1,27,"val",158,0.531708359718323,0
0.1,27,"val",159,0.511801302433014,1
0.1,27,"val",160,0.552025437355042,1
0.1,27,"val",161,0.533007264137268,1
0.1,27,"val",162,0.340688198804855,1
0.1,27,"val",163,0.326124638319016,1
0.1,27,"val",164,0.501215696334839,0
0.1,27,"val",165,0.579181432723999,0
0.1,27,"val",166,0.615624845027924,0
0.1,27,"val",167,0.604032754898071,0
0.1,27,"val",168,0.50784707069397,1
0.1,27,"val",169,0.533633828163147,0
0.1,27,"val",170,0.566097140312195,0
0.1,27,"val",171,0.566295921802521,0
0.1,27,"val",172,0.496385157108307,1
0.1,27,"val",173,0.498515218496323,1
0.1,27,"val",174,0.609170258045197,1
0.1,27,"val",175,0.546379566192627,0
0.1,27,"val",176,0.553612470626831,0
0.1,27,"val",177,0.481379568576813,1
0.1,27,"val",178,0.304282546043396,0
0.1,27,"val",179,0.339073657989502,1
0.1,27,"val",180,0.2283616065979,0
0.1,27,"val",181,0.228255450725555,1
0.1,27,"val",182,0.468974679708481,1
0.1,27,"val",183,0.442883461713791,1
0.1,27,"val",184,0.511801302433014,0
0.1,27,"val",185,0.512451350688934,0
0.1,27,"val",186,0.533007264137268,0
0.1,27,"val",187,0.493499398231506,0
0.1,27,"val",188,0.326124638319016,0
0.1,27,"val",189,0.326449364423752,0
0.1,27,"val",190,0.579181432723999,0
0.1,27,"val",191,0.54262900352478,1
0.1,27,"val",192,0.604032814502716,0
0.1,27,"val",193,0.61777263879776,0
0.1,27,"val",194,0.533633828163147,0
0.1,27,"val",195,0.492001891136169,1
0.1,27,"val",196,0.566295921802521,1
0.1,27,"val",197,0.560181021690369,1
0.1,27,"val",198,0.498515218496323,1
0.1,27,"val",199,0.46071469783783,0
0.1,27,"val",200,0.546379566192627,0
0.1,27,"val",201,0.501831769943237,0
0.1,27,"val",202,0.481379568576813,0
0.1,27,"val",203,0.511224865913391,1
0.1,27,"val",204,0.339073657989502,1
0.1,27,"val",205,0.379330217838287,1
0.1,27,"val",206,0.228255450725555,0
0.1,27,"val",207,0.369093477725983,0
0.1,27,"val",208,0.442883461713791,0
0.1,27,"val",209,0.474749118089676,1
0.1,27,"val",210,0.512451350688934,1
0.1,27,"val",211,0.515843093395233,1
0.1,27,"val",212,0.493499398231506,1
0.1,27,"val",213,0.511556565761566,1
0.1,27,"val",214,0.326449364423752,1
0.1,27,"val",215,0.320617169141769,0
0.1,27,"val",216,0.54262900352478,0
0.1,27,"val",217,0.569659650325775,0
0.1,27,"val",218,0.61777263879776,0
0.1,27,"val",219,0.607495009899139,0
0.1,27,"val",220,0.492001891136169,0
0.1,27,"val",221,0.52708101272583,1
0.1,27,"val",222,0.560181021690369,1
0.1,27,"val",223,0.591188311576843,1
0.1,27,"val",224,0.460714727640152,0
0.1,27,"val",225,0.558048844337463,1
0.1,27,"val",226,0.501831769943237,1
0.1,27,"val",227,0.488673120737076,1
0.1,27,"val",228,0.511224865913391,0
0.1,27,"val",229,0.451628446578979,0
0.1,27,"val",230,0.379330217838287,0
0.1,27,"val",231,0.463483065366745,0
0.1,27,"val",232,0.369093477725983,0
0.1,27,"val",233,0.239495322108269,0
0.1,27,"val",234,0.474749118089676,0
0.1,27,"val",235,0.542113423347473,0
0.1,27,"val",236,0.515843093395233,0
0.1,27,"val",237,0.541166126728058,0
0.1,27,"val",238,0.511556565761566,1
0.1,27,"val",239,0.526007413864136,0
0.1,27,"val",240,0.320617169141769,0
0.1,27,"val",241,0.327885150909424,0
0.1,27,"val",242,0.569659650325775,0
0.1,27,"val",243,0.580390334129333,1
0.1,27,"val",244,0.607495009899139,1
0.1,27,"val",245,0.614244520664215,1
0.1,27,"val",246,0.52708101272583,0
0.1,27,"val",247,0.504815578460693,1
0.1,27,"val",248,0.591188371181488,1
0.1,27,"val",249,0.589621305465698,0
0.1,27,"val",250,0.558048844337463,1
0.1,27,"val",251,0.538721442222595,1
0.1,27,"val",252,0.488673120737076,1
0.1,27,"val",253,0.518112540245056,1
0.1,27,"val",254,0.451628446578979,0
0.1,27,"val",255,0.454673916101456,0
0.1,27,"val",256,0.463483065366745,0
0.1,27,"val",257,0.449864238500595,0
0.1,27,"val",258,0.239495322108269,1
0.1,27,"val",259,0.30529060959816,1
0.1,27,"val",260,0.542113423347473,1
0.1,27,"val",261,0.4941126704216,1
0.1,27,"val",262,0.541166126728058,1
0.1,27,"val",263,0.547208249568939,0
0.1,27,"val",264,0.526007413864136,0
0.1,27,"val",265,0.527410507202148,1
0.1,27,"val",266,0.327885150909424,1
0.1,27,"val",267,0.328852862119675,0
0.1,27,"val",268,0.580390334129333,0
0.1,27,"val",269,0.584351718425751,0
0.1,27,"val",270,0.614244520664215,1
0.1,27,"val",271,0.626609027385712,1
0.1,27,"val",272,0.504815578460693,1
0.1,27,"val",273,0.549575507640839,1
0.1,27,"val",274,0.589621305465698,0
0.1,27,"val",275,0.616840302944183,0
0.1,27,"val",276,0.538721442222595,0
0.1,27,"val",277,0.543150842189789,0
0.1,27,"val",278,0.518112540245056,1
0.1,27,"val",279,0.526708006858826,1
0.1,27,"val",280,0.454673916101456,1
0.1,27,"val",281,0.491598308086395,1
0.1,27,"val",282,0.449864238500595,1
0.1,27,"val",283,0.390174776315689,1
0.1,27,"val",284,0.30529060959816,0
0.1,27,"val",285,0.350399494171143,0
0.1,27,"val",286,0.4941126704216,0
0.1,27,"val",287,0.513448297977448,0
0.1,27,"val",288,0.547208249568939,0
0.1,27,"val",289,0.549298346042633,0
0.1,27,"val",290,0.527410507202148,0
0.1,27,"val",291,0.483016639947891,0
0.1,27,"val",292,0.328852862119675,0
0.1,27,"val",293,0.340109437704086,0
0.1,27,"val",294,0.584351718425751,1
0.1,27,"val",295,0.583671152591705,1
0.1,27,"val",296,0.626609027385712,0
0.1,27,"val",297,0.59205174446106,0
0.1,27,"val",298,0.549575507640839,0
0.1,27,"val",299,0.557843327522278,1
0.1,27,"val",300,0.616840302944183,1
0.1,27,"val",301,0.577862501144409,1
0.1,27,"val",302,0.543150842189789,0
0.1,27,"val",303,0.475812494754791,0
0.1,27,"val",304,0.526708006858826,0
0.1,27,"test",1,0.38089644908905,0
0.1,27,"test",2,0.491598308086395,0
0.1,27,"test",3,0.518392145633698,1
0.1,27,"test",4,0.390174776315689,1
0.1,27,"test",5,0.454362869262695,1
0.1,27,"test",6,0.350399494171143,1
0.1,27,"test",7,0.318947553634644,1
0.1,27,"test",8,0.513448297977448,1
0.1,27,"test",9,0.460083395242691,1
0.1,27,"test",10,0.549298346042633,1
0.1,27,"test",11,0.565431296825409,1
0.1,27,"test",12,0.483016639947891,1
0.1,27,"test",13,0.54960685968399,1
0.1,27,"test",14,0.340109437704086,1
0.1,27,"test",15,0.326665967702866,1
0.1,27,"test",16,0.583671152591705,1
0.1,27,"test",17,0.563061356544495,0
0.1,27,"test",18,0.59205174446106,0
0.1,27,"test",19,0.593437135219574,0
0.1,27,"test",20,0.557843327522278,1
0.1,27,"test",21,0.565671980381012,1
0.1,27,"test",22,0.577862501144409,1
0.1,27,"test",23,0.568972885608673,0
0.1,27,"test",24,0.475812494754791,0
0.1,27,"test",25,0.547050058841705,0
0.1,27,"test",26,0.38089644908905,1
0.1,27,"test",27,0.501706659793854,1
0.1,27,"test",28,0.518392145633698,1
0.1,27,"test",29,0.530885756015778,0
0.1,27,"test",30,0.454362869262695,0
0.1,27,"test",31,0.472520291805267,0
0.1,27,"test",32,0.318947464227676,0
0.1,27,"test",33,0.270056039094925,0
0.1,27,"test",34,0.460083395242691,1
0.1,27,"test",35,0.520283460617065,1
0.1,27,"test",36,0.565431296825409,1
0.1,27,"test",37,0.564952909946442,1
0.1,27,"test",38,0.54960685968399,1
0.1,27,"test",39,0.540869951248169,1
0.1,27,"test",40,0.326665967702866,1
0.1,27,"test",41,0.33747610449791,1
0.1,27,"test",42,0.563061356544495,0
0.1,27,"test",43,0.494928300380707,0
0.1,27,"test",44,0.593437135219574,1
0.1,27,"test",45,0.593864679336548,1
0.1,27,"test",46,0.565671980381012,1
0.1,27,"test",47,0.538121521472931,0
0.1,27,"test",48,0.568972885608673,0
0.1,27,"test",49,0.561841905117035,0
0.1,27,"test",50,0.547050058841705,0
0.1,27,"test",51,0.476150304079056,1
0.1,27,"test",52,0.501706659793854,1
0.1,27,"test",53,0.50610363483429,1
0.1,27,"test",54,0.530885756015778,1
0.1,27,"test",55,0.509201169013977,0
0.1,27,"test",56,0.472520291805267,0
0.1,27,"test",57,0.532519936561584,0
0.1,27,"test",58,0.270056039094925,0
0.1,27,"test",59,0.254896223545074,1
0.1,27,"test",60,0.520283460617065,1
0.1,27,"test",61,0.454619079828262,1
0.1,27,"test",62,0.564952909946442,0
0.1,27,"test",63,0.556144833564758,1
0.1,27,"test",64,0.540869832038879,1
0.1,27,"test",65,0.520521283149719,1
0.1,27,"test",66,0.33747610449791,1
0.1,27,"test",67,0.347549825906754,1
0.1,27,"test",68,0.494928300380707,0
0.1,27,"test",69,0.498086452484131,0
0.1,27,"test",70,0.593864679336548,0
0.1,27,"test",71,0.602964878082275,1
0.1,27,"test",72,0.538121521472931,1
0.1,27,"test",73,0.53193724155426,0
0.1,27,"test",74,0.561841905117035,0
0.1,27,"test",75,0.579059302806854,0
0.1,27,"test",76,0.476150304079056,0
0.1,27,"test",77,0.512687861919403,0
0.1,27,"test",78,0.50610363483429,1
0.1,27,"test",79,0.578063249588013,0
0.1,27,"test",80,0.509201169013977,0
0.1,27,"test",81,0.5421022772789,1
0.1,27,"test",82,0.532519936561584,1
0.1,27,"test",83,0.480036377906799,1
0.1,27,"test",84,0.254896223545074,1
0.1,27,"test",85,0.268457919359207,0
0.1,27,"test",86,0.454619079828262,0
0.1,27,"test",87,0.450076371431351,0
0.1,27,"test",88,0.556144833564758,0
0.1,27,"test",89,0.518471956253052,0
0.1,27,"test",90,0.520521283149719,0
0.1,27,"test",91,0.542913019657135,1
0.1,27,"test",92,0.347549825906754,0
0.1,27,"test",93,0.350133955478668,0
0.1,27,"test",94,0.498086452484131,0
0.1,27,"test",95,0.52527129650116,0
0.1,27,"test",96,0.602964878082275,0
0.1,27,"test",97,0.608091831207275,1
0.1,27,"test",98,0.53193724155426,1
0.1,27,"test",99,0.539611160755157,1
0.1,27,"test",100,0.579059302806854,1
0.1,27,"test",101,0.567450404167175,1
0.1,27,"test",102,0.512687861919403,0
0.1,27,"test",103,0.485828787088394,0
0.1,27,"test",104,0.578063249588013,0
0.1,27,"test",105,0.620385766029358,0
0.1,27,"test",106,0.5421022772789,0
0.1,27,"test",107,0.467563837766647,0
0.1,27,"test",108,0.480036377906799,0
0.1,27,"test",109,0.492991387844086,0
0.1,27,"test",110,0.268457919359207,1
0.1,27,"test",111,0.221642181277275,1
0.1,27,"test",112,0.450076371431351,1
0.1,27,"test",113,0.471682608127594,0
0.1,27,"test",114,0.518471956253052,1
0.1,27,"test",115,0.516519546508789,1
0.1,27,"test",116,0.542913019657135,1
0.1,27,"test",117,0.519128620624542,1
0.1,27,"test",118,0.350133955478668,1
0.1,27,"test",119,0.34397953748703,0
0.1,27,"test",120,0.525271356105804,0
0.1,27,"test",121,0.582584202289581,0
0.1,27,"test",122,0.608091831207275,1
0.1,27,"test",123,0.609236359596252,1
0.1,27,"test",124,0.539611160755157,1
0.1,27,"test",125,0.52214652299881,0
0.1,27,"test",126,0.567450404167175,0
0.1,27,"test",127,0.565922021865845,0
0.1,27,"test",128,0.485828787088394,1
0.1,27,"test",129,0.451741844415665,1
0.1,27,"test",130,0.620385766029358,1
0.1,27,"test",131,0.634883642196655,1
0.1,27,"test",132,0.467563837766647,0
0.1,27,"test",133,0.623744547367096,0
0.1,27,"test",134,0.492991387844086,0
0.1,27,"test",135,0.456360995769501,0
0.1,27,"test",136,0.221642181277275,0
0.1,27,"test",137,0.272782325744629,1
0.1,27,"test",138,0.471682608127594,1
0.1,27,"test",139,0.478320568799973,1
0.1,27,"test",140,0.516519546508789,1
0.1,27,"test",141,0.504688382148743,1
0.1,27,"test",142,0.519128620624542,1
0.1,27,"test",143,0.534736752510071,1
0.1,27,"test",144,0.34397953748703,1
0.1,27,"test",145,0.350537717342377,1
0.1,27,"test",146,0.582584202289581,1
0.1,27,"test",147,0.578182578086853,1
0.1,27,"test",148,0.609236359596252,1
0.1,27,"test",149,0.579553782939911,1
0.1,27,"test",150,0.52214652299881,1
0.1,27,"test",151,0.540103673934937,1
0.1,27,"test",152,0.565922141075134,0
0.1,27,"test",153,0.61143159866333,0
0.1,27,"test",154,0.451741844415665,1
0.1,27,"test",155,0.390216946601868,1
0.1,27,"test",156,0.634883642196655,1
0.1,27,"test",157,0.601089119911194,0
0.1,27,"test",158,0.623744547367096,0
0.1,27,"test",159,0.565105319023132,0
0.1,27,"test",160,0.456360936164856,0
0.1,27,"test",161,0.448039352893829,0
0.1,27,"test",162,0.272782325744629,0
0.1,27,"test",163,0.326802223920822,0
0.1,27,"test",164,0.478320568799973,0
0.1,27,"test",165,0.495637357234955,1
0.1,27,"test",166,0.504688382148743,1
0.1,27,"test",167,0.542323708534241,0
0.1,27,"test",168,0.534736752510071,1
0.1,27,"test",169,0.538177073001862,1
0.1,27,"test",170,0.350537717342377,1
0.1,27,"test",171,0.347733080387115,0
0.1,27,"test",172,0.578182578086853,0
0.1,27,"test",173,0.586826801300049,1
0.1,27,"test",174,0.579553782939911,1
0.1,27,"test",175,0.599757552146912,1
0.1,27,"test",176,0.540103673934937,1
0.1,27,"test",177,0.549158811569214,0
0.1,27,"test",178,0.61143159866333,0
0.1,27,"test",179,0.568436682224274,0
0.1,27,"test",180,0.390216946601868,0
0.1,27,"test",181,0.552835822105408,0
0.1,27,"test",182,0.601089119911194,0
0.1,27,"test",183,0.591563880443573,0
0.1,27,"test",184,0.565105378627777,0
0.1,27,"test",185,0.525085270404816,0
0.1,27,"test",186,0.448039352893829,1
0.1,27,"test",187,0.425017237663269,0
0.1,27,"test",188,0.326802223920822,0
0.1,27,"test",189,0.323664993047714,0
0.1,27,"test",190,0.495637357234955,0
0.1,27,"test",191,0.451719701290131,0
0.1,27,"test",192,0.542323648929596,0
0.1,27,"test",193,0.486996173858643,0
0.1,27,"test",194,0.538177073001862,0
0.1,27,"test",195,0.513871908187866,0
0.1,27,"test",196,0.347733080387115,0
0.1,27,"test",197,0.327664107084274,1
0.1,27,"test",198,0.586826801300049,1
0.1,27,"test",199,0.583725988864899,1
0.1,27,"test",200,0.599757552146912,0
0.1,27,"test",201,0.599352598190308,0
0.1,27,"test",202,0.549158811569214,1
0.1,27,"test",203,0.540535748004913,0
0.1,27,"test",204,0.568436682224274,0
0.1,27,"test",205,0.55884450674057,0
0.1,27,"test",206,0.552835822105408,1
0.1,27,"test",207,0.523531138896942,0
0.1,27,"test",208,0.591563880443573,0
0.1,27,"test",209,0.529461741447449,0
0.1,27,"test",210,0.525085270404816,0
0.1,27,"test",211,0.526810944080353,0
0.1,27,"test",212,0.425017237663269,1
0.1,27,"test",213,0.510944902896881,0
0.1,27,"test",214,0.323664993047714,1
0.1,27,"test",215,0.224559009075165,1
0.1,27,"test",216,0.451719641685486,1
0.1,27,"test",217,0.430388003587723,0
0.1,27,"test",218,0.486996173858643,0
0.1,27,"test",219,0.48662143945694,1
0.1,27,"test",220,0.513871908187866,1
0.1,27,"test",221,0.536931753158569,0
0.1,27,"test",222,0.327664107084274,1
0.1,27,"test",223,0.349525064229965,1
0.1,27,"test",224,0.583726108074188,1
0.1,27,"test",225,0.564195394515991,0
0.1,27,"test",226,0.599352598190308,0
0.1,27,"test",227,0.594761312007904,0
0.1,27,"test",228,0.540535748004913,1
0.1,27,"test",229,0.549297153949738,1
0.1,27,"test",230,0.55884450674057,0
0.1,27,"test",231,0.518089532852173,1
0.1,27,"test",232,0.523531138896942,1
0.1,27,"test",233,0.523107349872589,1
0.1,27,"test",234,0.529461741447449,1
0.1,27,"test",235,0.53799033164978,1
0.1,27,"test",236,0.526810944080353,1
0.1,27,"test",237,0.551880121231079,0
0.1,27,"test",238,0.510944902896881,0
0.1,27,"test",239,0.455330222845078,0
0.1,27,"test",240,0.224559009075165,0
0.1,27,"test",241,0.200330927968025,0
0.1,27,"test",242,0.430388003587723,0
0.1,27,"test",243,0.424654990434647,0
0.1,27,"test",244,0.48662143945694,1
0.1,27,"test",245,0.505337059497833,1
0.1,27,"test",246,0.536931753158569,1
0.1,27,"test",247,0.523518860340118,1
0.1,27,"test",248,0.34952512383461,1
0.1,27,"test",249,0.368871629238129,1
0.1,27,"test",250,0.564195394515991,1
0.1,27,"test",251,0.556588292121887,1
0.1,27,"test",252,0.594761312007904,0
0.1,27,"test",253,0.586172342300415,0
0.1,27,"test",254,0.549297153949738,0
0.1,27,"test",255,0.53816682100296,1
0.1,27,"test",256,0.518089473247528,1
0.1,27,"test",257,0.581383109092712,1
0.1,27,"test",258,0.523107349872589,1
0.1,27,"test",259,0.523491442203522,1
0.1,27,"test",260,0.53799033164978,1
0.1,27,"test",261,0.503891587257385,1
0.1,27,"test",262,0.551880121231079,0
0.1,27,"test",263,0.516098141670227,0
0.1,27,"test",264,0.455330222845078,1
0.1,27,"test",265,0.484873920679092,1
0.1,27,"test",266,0.200330927968025,1
0.1,27,"test",267,0.279237508773804,1
0.1,27,"test",268,0.424654990434647,1
0.1,27,"test",269,0.445038408041,1
0.1,27,"test",270,0.505337059497833,1
0.1,27,"test",271,0.513549089431763,1
0.1,27,"test",272,0.523518860340118,1
0.1,27,"test",273,0.509389638900757,1
0.1,27,"test",274,0.368871629238129,1
0.1,27,"test",275,0.348622411489487,1
0.1,27,"test",276,0.556588292121887,1
0.1,27,"test",277,0.562345564365387,1
0.1,27,"test",278,0.586172342300415,0
0.1,27,"test",279,0.482125699520111,0
0.1,27,"test",280,0.53816682100296,0
0.1,27,"test",281,0.529926359653473,0
0.1,27,"test",282,0.581383109092712,0
0.1,27,"test",283,0.546856760978699,0
0.1,27,"test",284,0.523491442203522,0
0.1,27,"test",285,0.480599373579025,0
0.1,27,"test",286,0.503891587257385,0
0.1,27,"test",287,0.619876265525818,0
0.1,27,"test",288,0.516098260879517,0
0.1,27,"test",289,0.535475313663483,0
0.1,27,"test",290,0.484873920679092,0
0.1,27,"test",291,0.431224226951599,0
0.1,27,"test",292,0.279237508773804,1
0.1,27,"test",293,0.377995073795319,1
0.1,27,"test",294,0.445038408041,1
0.1,27,"test",295,0.481023490428925,0
0.1,27,"test",296,0.513549089431763,0
0.1,27,"test",297,0.530178129673004,1
0.1,27,"test",298,0.509389638900757,0
0.1,27,"test",299,0.523614525794983,0
0.1,27,"test",300,0.348622411489487,1
0.1,27,"test",301,0.352699995040894,1
0.1,27,"test",302,0.562345564365387,1
0.1,27,"test",303,0.550774037837982,0
0.1,27,"test",304,0.482125699520111,1
0.1,27,"test",305,0.563874661922455,0
0.1,98,"val",1,0.611424565315247,0
0.1,98,"val",2,0.503993391990662,1
0.1,98,"val",3,0.48642373085022,0
0.1,98,"val",4,0.339854329824448,1
0.1,98,"val",5,0.348134964704514,1
0.1,98,"val",6,0.30312043428421,1
0.1,98,"val",7,0.307318657636642,1
0.1,98,"val",8,0.386064857244492,1
0.1,98,"val",9,0.410011023283005,1
0.1,98,"val",10,0.47173485159874,1
0.1,98,"val",11,0.525372266769409,1
0.1,98,"val",12,0.583147823810577,1
0.1,98,"val",13,0.618388414382935,1
0.1,98,"val",14,0.657048046588898,1
0.1,98,"val",15,0.663978457450867,1
0.1,98,"val",16,0.478869259357452,1
0.1,98,"val",17,0.462752640247345,1
0.1,98,"val",18,0.522798776626587,1
0.1,98,"val",19,0.541064560413361,1
0.1,98,"val",20,0.730343103408813,1
0.1,98,"val",21,0.748269438743591,1
0.1,98,"val",22,0.598856449127197,1
0.1,98,"val",23,0.537049651145935,0
0.1,98,"val",24,0.474086970090866,0
0.1,98,"val",25,0.527555227279663,1
0.1,98,"val",26,0.611424565315247,0
0.1,98,"val",27,0.609514236450195,0
0.1,98,"val",28,0.48642373085022,0
0.1,98,"val",29,0.520456314086914,1
0.1,98,"val",30,0.348134964704514,1
0.1,98,"val",31,0.376261174678802,0
0.1,98,"val",32,0.307318657636642,0
0.1,98,"val",33,0.320961236953735,0
0.1,98,"val",34,0.410011023283005,0
0.1,98,"val",35,0.424099147319794,0
0.1,98,"val",36,0.525372266769409,0
0.1,98,"val",37,0.506044268608093,1
0.1,98,"val",38,0.618388414382935,1
0.1,98,"val",39,0.6105677485466,1
0.1,98,"val",40,0.663978457450867,0
0.1,98,"val",41,0.656905949115753,0
0.1,98,"val",42,0.462752640247345,0
0.1,98,"val",43,0.469188213348389,0
0.1,98,"val",44,0.541064560413361,0
0.1,98,"val",45,0.519365131855011,0
0.1,98,"val",46,0.748269438743591,0
0.1,98,"val",47,0.745933473110199,1
0.1,98,"val",48,0.537049651145935,1
0.1,98,"val",49,0.596331357955933,1
0.1,98,"val",50,0.527555227279663,1
0.1,98,"val",51,0.475727766752243,1
0.1,98,"val",52,0.609514236450195,1
0.1,98,"val",53,0.60759174823761,1
0.1,98,"val",54,0.520456314086914,1
0.1,98,"val",55,0.515366911888123,1
0.1,98,"val",56,0.376261174678802,1
0.1,98,"val",57,0.388741612434387,1
0.1,98,"val",58,0.320961236953735,1
0.1,98,"val",59,0.335747838020325,1
0.1,98,"val",60,0.424099147319794,1
0.1,98,"val",61,0.385388672351837,0
0.1,98,"val",62,0.506044268608093,1
0.1,98,"val",63,0.462287664413452,0
0.1,98,"val",64,0.610567808151245,0
0.1,98,"val",65,0.600718140602112,1
0.1,98,"val",66,0.656905949115753,1
0.1,98,"val",67,0.663328528404236,1
0.1,98,"val",68,0.469188213348389,1
0.1,98,"val",69,0.461053282022476,1
0.1,98,"val",70,0.519365131855011,1
0.1,98,"val",71,0.533862769603729,1
0.1,98,"val",72,0.745933473110199,1
0.1,98,"val",73,0.720593810081482,1
0.1,98,"val",74,0.596331357955933,1
0.1,98,"val",75,0.711050271987915,1
0.1,98,"val",76,0.475727766752243,0
0.1,98,"val",77,0.437676250934601,1
0.1,98,"val",78,0.60759174823761,1
0.1,98,"val",79,0.609065353870392,0
0.1,98,"val",80,0.515366911888123,0
0.1,98,"val",81,0.512382566928864,0
0.1,98,"val",82,0.388741612434387,1
0.1,98,"val",83,0.400594383478165,0
0.1,98,"val",84,0.335747838020325,0
0.1,98,"val",85,0.326095670461655,0
0.1,98,"val",86,0.385388672351837,1
0.1,98,"val",87,0.457278668880463,1
0.1,98,"val",88,0.46228763461113,1
0.1,98,"val",89,0.420817226171494,0
0.1,98,"val",90,0.600718140602112,0
0.1,98,"val",91,0.584711909294128,0
0.1,98,"val",92,0.663328528404236,0
0.1,98,"val",93,0.648030877113342,0
0.1,98,"val",94,0.461053282022476,0
0.1,98,"val",95,0.430338263511658,0
0.1,98,"val",96,0.533862769603729,1
0.1,98,"val",97,0.523693144321442,1
0.1,98,"val",98,0.720593810081482,1
0.1,98,"val",99,0.735744178295135,1
0.1,98,"val",100,0.711050271987915,0
0.1,98,"val",101,0.694473683834076,0
0.1,98,"val",102,0.437676250934601,0
0.1,98,"val",103,0.533875823020935,0
0.1,98,"val",104,0.609065353870392,1
0.1,98,"val",105,0.601258397102356,1
0.1,98,"val",106,0.512382566928864,1
0.1,98,"val",107,0.517096817493439,1
0.1,98,"val",108,0.400594383478165,1
0.1,98,"val",109,0.386867463588715,0
0.1,98,"val",110,0.326095670461655,0
0.1,98,"val",111,0.289508879184723,1
0.1,98,"val",112,0.457278668880463,1
0.1,98,"val",113,0.419208228588104,1
0.1,98,"val",114,0.420817226171494,0
0.1,98,"val",115,0.473599880933762,1
0.1,98,"val",116,0.584711909294128,0
0.1,98,"val",117,0.615114629268646,1
0.1,98,"val",118,0.648030877113342,1
0.1,98,"val",119,0.659014403820038,1
0.1,98,"val",120,0.430338263511658,0
0.1,98,"val",121,0.460166096687317,0
0.1,98,"val",122,0.523693144321442,0
0.1,98,"val",123,0.531724810600281,1
0.1,98,"val",124,0.735744178295135,1
0.1,98,"val",125,0.715991318225861,1
0.1,98,"val",126,0.694473683834076,1
0.1,98,"val",127,0.721993148326874,1
0.1,98,"val",128,0.53387588262558,1
0.1,98,"val",129,0.486762791872025,1
0.1,98,"val",130,0.601258397102356,1
0.1,98,"val",131,0.602429568767548,0
0.1,98,"val",132,0.517096817493439,0
0.1,98,"val",133,0.497977316379547,1
0.1,98,"val",134,0.386867463588715,1
0.1,98,"val",135,0.38427859544754,0
0.1,98,"val",136,0.289508879184723,0
0.1,98,"val",137,0.322680950164795,0
0.1,98,"val",138,0.419208228588104,0
0.1,98,"val",139,0.438601493835449,0
0.1,98,"val",140,0.473599880933762,0
0.1,98,"val",141,0.584995210170746,1
0.1,98,"val",142,0.615114629268646,1
0.1,98,"val",143,0.614144444465637,1
0.1,98,"val",144,0.659014403820038,0
0.1,98,"val",145,0.670991659164429,0
0.1,98,"val",146,0.460166096687317,0
0.1,98,"val",147,0.44922599196434,0
0.1,98,"val",148,0.531724810600281,0
0.1,98,"val",149,0.594167768955231,0
0.1,98,"val",150,0.715991318225861,0
0.1,98,"val",151,0.725171744823456,0
0.1,98,"val",152,0.721993148326874,1
0.1,98,"val",153,0.625089228153229,0
0.1,98,"val",154,0.486762791872025,1
0.1,98,"val",155,0.519278824329376,0
0.1,98,"val",156,0.602429568767548,0
0.1,98,"val",157,0.60806679725647,0
0.1,98,"val",158,0.497977316379547,0
0.1,98,"val",159,0.478392899036407,1
0.1,98,"val",160,0.38427859544754,1
0.1,98,"val",161,0.406345754861832,1
0.1,98,"val",162,0.322680950164795,1
0.1,98,"val",163,0.279410570859909,1
0.1,98,"val",164,0.438601493835449,0
0.1,98,"val",165,0.508119165897369,0
0.1,98,"val",166,0.584995210170746,0
0.1,98,"val",167,0.564723193645477,0
0.1,98,"val",168,0.614144444465637,1
0.1,98,"val",169,0.610886096954346,0
0.1,98,"val",170,0.670991659164429,0
0.1,98,"val",171,0.671329259872437,0
0.1,98,"val",172,0.44922599196434,1
0.1,98,"val",173,0.438201308250427,1
0.1,98,"val",174,0.594167768955231,1
0.1,98,"val",175,0.544176638126373,0
0.1,98,"val",176,0.725171744823456,0
0.1,98,"val",177,0.685368597507477,1
0.1,98,"val",178,0.625089228153229,0
0.1,98,"val",179,0.614235281944275,1
0.1,98,"val",180,0.519278824329376,0
0.1,98,"val",181,0.521077632904053,1
0.1,98,"val",182,0.60806679725647,1
0.1,98,"val",183,0.609550356864929,1
0.1,98,"val",184,0.478392899036407,0
0.1,98,"val",185,0.477425575256348,0
0.1,98,"val",186,0.406345754861832,0
0.1,98,"val",187,0.422803610563278,0
0.1,98,"val",188,0.279410570859909,0
0.1,98,"val",189,0.344741731882095,0
0.1,98,"val",190,0.508119165897369,0
0.1,98,"val",191,0.427284270524979,1
0.1,98,"val",192,0.564723253250122,0
0.1,98,"val",193,0.594714999198914,0
0.1,98,"val",194,0.610886096954346,0
0.1,98,"val",195,0.601547062397003,1
0.1,98,"val",196,0.671329259872437,1
0.1,98,"val",197,0.647269487380981,1
0.1,98,"val",198,0.438201308250427,1
0.1,98,"val",199,0.428179800510406,0
0.1,98,"val",200,0.544176638126373,0
0.1,98,"val",201,0.529700100421906,0
0.1,98,"val",202,0.685368597507477,0
0.1,98,"val",203,0.698832750320435,1
0.1,98,"val",204,0.614235281944275,1
0.1,98,"val",205,0.600548028945923,1
0.1,98,"val",206,0.521077632904053,0
0.1,98,"val",207,0.499143779277802,0
0.1,98,"val",208,0.609550356864929,0
0.1,98,"val",209,0.609941482543945,1
0.1,98,"val",210,0.477425575256348,1
0.1,98,"val",211,0.480028510093689,1
0.1,98,"val",212,0.422803610563278,1
0.1,98,"val",213,0.425565749406815,1
0.1,98,"val",214,0.344741731882095,1
0.1,98,"val",215,0.329867780208588,0
0.1,98,"val",216,0.427284270524979,0
0.1,98,"val",217,0.48179230093956,0
0.1,98,"val",218,0.594714999198914,0
0.1,98,"val",219,0.523145377635956,0
0.1,98,"val",220,0.601547062397003,0
0.1,98,"val",221,0.601328372955322,1
0.1,98,"val",222,0.647269487380981,1
0.1,98,"val",223,0.650650203227997,1
0.1,98,"val",224,0.428179830312729,0
0.1,98,"val",225,0.421356678009033,1
0.1,98,"val",226,0.529700100421906,1
0.1,98,"val",227,0.526021599769592,1
0.1,98,"val",228,0.698832750320435,0
0.1,98,"val",229,0.665014564990997,0
0.1,98,"val",230,0.600548028945923,0
0.1,98,"val",231,0.664888083934784,0
0.1,98,"val",232,0.499143779277802,0
0.1,98,"val",233,0.506630301475525,0
0.1,98,"val",234,0.609941482543945,0
0.1,98,"val",235,0.603041350841522,0
0.1,98,"val",236,0.480028510093689,0
0.1,98,"val",237,0.507591366767883,0
0.1,98,"val",238,0.425565749406815,1
0.1,98,"val",239,0.403100997209549,0
0.1,98,"val",240,0.329867780208588,0
0.1,98,"val",241,0.33648094534874,0
0.1,98,"val",242,0.48179230093956,0
0.1,98,"val",243,0.509229779243469,1
0.1,98,"val",244,0.523145377635956,1
0.1,98,"val",245,0.563334941864014,1
0.1,98,"val",246,0.601328372955322,0
0.1,98,"val",247,0.593981981277466,1
0.1,98,"val",248,0.650650322437286,1
0.1,98,"val",249,0.646026909351349,0
0.1,98,"val",250,0.421356678009033,1
0.1,98,"val",251,0.410309970378876,1
0.1,98,"val",252,0.526021599769592,1
0.1,98,"val",253,0.527326166629791,1
0.1,98,"val",254,0.665014564990997,0
0.1,98,"val",255,0.665956079959869,0
0.1,98,"val",256,0.664888083934784,0
0.1,98,"val",257,0.636737525463104,0
0.1,98,"val",258,0.506630301475525,1
0.1,98,"val",259,0.536563813686371,1
0.1,98,"val",260,0.603041350841522,1
0.1,98,"val",261,0.603013157844543,1
0.1,98,"val",262,0.507591366767883,1
0.1,98,"val",263,0.511984467506409,0
0.1,98,"val",264,0.403100997209549,0
0.1,98,"val",265,0.398266613483429,1
0.1,98,"val",266,0.33648094534874,1
0.1,98,"val",267,0.336991041898727,0
0.1,98,"val",268,0.509229779243469,0
0.1,98,"val",269,0.522286713123322,0
0.1,98,"val",270,0.563334941864014,1
0.1,98,"val",271,0.630526721477509,1
0.1,98,"val",272,0.593981981277466,1
0.1,98,"val",273,0.608662962913513,1
0.1,98,"val",274,0.646026909351349,0
0.1,98,"val",275,0.641635298728943,0
0.1,98,"val",276,0.410309970378876,0
0.1,98,"val",277,0.437686651945114,0
0.1,98,"val",278,0.527326166629791,1
0.1,98,"val",279,0.531456649303436,1
0.1,98,"val",280,0.665956079959869,1
0.1,98,"val",281,0.687356472015381,1
0.1,98,"val",282,0.636737525463104,1
0.1,98,"val",283,0.56158846616745,1
0.1,98,"val",284,0.536563813686371,0
0.1,98,"val",285,0.515311896800995,0
0.1,98,"val",286,0.603013157844543,0
0.1,98,"val",287,0.604237794876099,0
0.1,98,"val",288,0.511984467506409,0
0.1,98,"val",289,0.512707889080048,0
0.1,98,"val",290,0.398266613483429,0
0.1,98,"val",291,0.44405934214592,0
0.1,98,"val",292,0.336991041898727,0
0.1,98,"val",293,0.282125681638718,0
0.1,98,"val",294,0.522286713123322,1
0.1,98,"val",295,0.527120649814606,1
0.1,98,"val",296,0.630526721477509,0
0.1,98,"val",297,0.447175264358521,0
0.1,98,"val",298,0.608662962913513,0
0.1,98,"val",299,0.616432964801788,1
0.1,98,"val",300,0.641635298728943,1
0.1,98,"val",301,0.641814708709717,1
0.1,98,"val",302,0.437686651945114,0
0.1,98,"val",303,0.438974440097809,0
0.1,98,"val",304,0.531456649303436,0
0.1,98,"test",1,0.532604932785034,0
0.1,98,"test",2,0.687356472015381,0
0.1,98,"test",3,0.702443361282349,1
0.1,98,"test",4,0.56158846616745,1
0.1,98,"test",5,0.627751588821411,1
0.1,98,"test",6,0.515311896800995,1
0.1,98,"test",7,0.525521278381348,1
0.1,98,"test",8,0.604237794876099,1
0.1,98,"test",9,0.608552873134613,1
0.1,98,"test",10,0.512707889080048,1
0.1,98,"test",11,0.529364585876465,1
0.1,98,"test",12,0.44405934214592,1
0.1,98,"test",13,0.36380136013031,1
0.1,98,"test",14,0.282125681638718,1
0.1,98,"test",15,0.277212828397751,1
0.1,98,"test",16,0.527120649814606,1
0.1,98,"test",17,0.473625361919403,0
0.1,98,"test",18,0.447175264358521,0
0.1,98,"test",19,0.430291920900345,0
0.1,98,"test",20,0.616432964801788,1
0.1,98,"test",21,0.619717478752136,1
0.1,98,"test",22,0.641814708709717,1
0.1,98,"test",23,0.629144787788391,0
0.1,98,"test",24,0.438974440097809,0
0.1,98,"test",25,0.447587102651596,0
0.1,98,"test",26,0.532604932785034,1
0.1,98,"test",27,0.531931757926941,1
0.1,98,"test",28,0.702443361282349,1
0.1,98,"test",29,0.708620369434357,0
0.1,98,"test",30,0.627751588821411,0
0.1,98,"test",31,0.659087300300598,0
0.1,98,"test",32,0.525521278381348,0
0.1,98,"test",33,0.551752924919128,0
0.1,98,"test",34,0.608552873134613,1
0.1,98,"test",35,0.593912661075592,1
0.1,98,"test",36,0.529364585876465,1
0.1,98,"test",37,0.532670617103577,1
0.1,98,"test",38,0.36380136013031,1
0.1,98,"test",39,0.362930536270142,1
0.1,98,"test",40,0.277212828397751,1
0.1,98,"test",41,0.29110324382782,1
0.1,98,"test",42,0.473625361919403,0
0.1,98,"test",43,0.412768930196762,0
0.1,98,"test",44,0.430291920900345,1
0.1,98,"test",45,0.444168537855148,1
0.1,98,"test",46,0.619717478752136,1
0.1,98,"test",47,0.614799916744232,0
0.1,98,"test",48,0.629144787788391,0
0.1,98,"test",49,0.657345652580261,0
0.1,98,"test",50,0.447587102651596,0
0.1,98,"test",51,0.417510092258453,1
0.1,98,"test",52,0.531931757926941,1
0.1,98,"test",53,0.526397466659546,1
0.1,98,"test",54,0.708620369434357,1
0.1,98,"test",55,0.700664639472961,0
0.1,98,"test",56,0.659087300300598,0
0.1,98,"test",57,0.772175431251526,0
0.1,98,"test",58,0.551752924919128,0
0.1,98,"test",59,0.548891663551331,1
0.1,98,"test",60,0.593912661075592,1
0.1,98,"test",61,0.613864123821259,1
0.1,98,"test",62,0.532670617103577,0
0.1,98,"test",63,0.520017147064209,1
0.1,98,"test",64,0.362930536270142,1
0.1,98,"test",65,0.394513845443726,1
0.1,98,"test",66,0.29110324382782,1
0.1,98,"test",67,0.260636299848557,1
0.1,98,"test",68,0.412768930196762,0
0.1,98,"test",69,0.437067419290543,0
0.1,98,"test",70,0.444168537855148,0
0.1,98,"test",71,0.508154690265656,1
0.1,98,"test",72,0.614799916744232,1
0.1,98,"test",73,0.599132716655731,0
0.1,98,"test",74,0.657345652580261,0
0.1,98,"test",75,0.65020763874054,0
0.1,98,"test",76,0.417510092258453,0
0.1,98,"test",77,0.409512430429459,0
0.1,98,"test",78,0.526397466659546,1
0.1,98,"test",79,0.559135019779205,0
0.1,98,"test",80,0.700664639472961,0
0.1,98,"test",81,0.721337080001831,1
0.1,98,"test",82,0.772175431251526,1
0.1,98,"test",83,0.674554586410522,1
0.1,98,"test",84,0.548891663551331,1
0.1,98,"test",85,0.551925778388977,0
0.1,98,"test",86,0.613864123821259,0
0.1,98,"test",87,0.610590398311615,0
0.1,98,"test",88,0.520017147064209,0
0.1,98,"test",89,0.482820332050323,0
0.1,98,"test",90,0.394513845443726,0
0.1,98,"test",91,0.386610060930252,1
0.1,98,"test",92,0.260636299848557,0
0.1,98,"test",93,0.259738862514496,0
0.1,98,"test",94,0.437067419290543,0
0.1,98,"test",95,0.441137582063675,0
0.1,98,"test",96,0.508154809474945,0
0.1,98,"test",97,0.520538091659546,1
0.1,98,"test",98,0.599132716655731,1
0.1,98,"test",99,0.612734019756317,1
0.1,98,"test",100,0.65020763874054,1
0.1,98,"test",101,0.651048839092255,1
0.1,98,"test",102,0.409512430429459,0
0.1,98,"test",103,0.380627810955048,0
0.1,98,"test",104,0.559135019779205,0
0.1,98,"test",105,0.607778310775757,0
0.1,98,"test",106,0.721337080001831,0
0.1,98,"test",107,0.676299273967743,0
0.1,98,"test",108,0.674554586410522,0
0.1,98,"test",109,0.697453141212463,0
0.1,98,"test",110,0.551925778388977,1
0.1,98,"test",111,0.511947154998779,1
0.1,98,"test",112,0.610590398311615,1
0.1,98,"test",113,0.606928169727325,0
0.1,98,"test",114,0.482820332050323,1
0.1,98,"test",115,0.498366713523865,1
0.1,98,"test",116,0.386610060930252,1
0.1,98,"test",117,0.416414976119995,1
0.1,98,"test",118,0.259738862514496,1
0.1,98,"test",119,0.306133836507797,0
0.1,98,"test",120,0.441137582063675,0
0.1,98,"test",121,0.515697181224823,0
0.1,98,"test",122,0.520538091659546,1
0.1,98,"test",123,0.528037905693054,1
0.1,98,"test",124,0.612734019756317,1
0.1,98,"test",125,0.602384686470032,0
0.1,98,"test",126,0.651048839092255,0
0.1,98,"test",127,0.663125455379486,0
0.1,98,"test",128,0.380627751350403,1
0.1,98,"test",129,0.400942593812943,1
0.1,98,"test",130,0.607778310775757,1
0.1,98,"test",131,0.623797833919525,1
0.1,98,"test",132,0.676299273967743,0
0.1,98,"test",133,0.776294529438019,0
0.1,98,"test",134,0.697453141212463,0
0.1,98,"test",135,0.649621844291687,0
0.1,98,"test",136,0.511947154998779,0
0.1,98,"test",137,0.544831871986389,1
0.1,98,"test",138,0.606928169727325,1
0.1,98,"test",139,0.607614815235138,1
0.1,98,"test",140,0.498366713523865,1
0.1,98,"test",141,0.487930536270142,1
0.1,98,"test",142,0.416414976119995,1
0.1,98,"test",143,0.438937693834305,1
0.1,98,"test",144,0.306133836507797,1
0.1,98,"test",145,0.308865129947662,1
0.1,98,"test",146,0.515697181224823,1
0.1,98,"test",147,0.508283138275146,1
0.1,98,"test",148,0.528037905693054,1
0.1,98,"test",149,0.415919989347458,1
0.1,98,"test",150,0.602384686470032,1
0.1,98,"test",151,0.601697027683258,1
0.1,98,"test",152,0.663125455379486,0
0.1,98,"test",153,0.662339925765991,0
0.1,98,"test",154,0.400942593812943,1
0.1,98,"test",155,0.437592744827271,1
0.1,98,"test",156,0.623797833919525,1
0.1,98,"test",157,0.583691716194153,0
0.1,98,"test",158,0.776294529438019,0
0.1,98,"test",159,0.732761025428772,0
0.1,98,"test",160,0.649621784687042,0
0.1,98,"test",161,0.638747215270996,0
0.1,98,"test",162,0.544831871986389,0
0.1,98,"test",163,0.523377120494843,0
0.1,98,"test",164,0.607614815235138,0
0.1,98,"test",165,0.601751804351807,1
0.1,98,"test",166,0.487930536270142,1
0.1,98,"test",167,0.511059582233429,0
0.1,98,"test",168,0.438937693834305,1
0.1,98,"test",169,0.423570483922958,1
0.1,98,"test",170,0.308865129947662,1
0.1,98,"test",171,0.314271956682205,0
0.1,98,"test",172,0.508283138275146,0
0.1,98,"test",173,0.534923672676086,1
0.1,98,"test",174,0.415919989347458,1
0.1,98,"test",175,0.469395697116852,1
0.1,98,"test",176,0.601697027683258,1
0.1,98,"test",177,0.596003413200378,0
0.1,98,"test",178,0.662339925765991,0
0.1,98,"test",179,0.669100105762482,0
0.1,98,"test",180,0.437592744827271,0
0.1,98,"test",181,0.371253132820129,0
0.1,98,"test",182,0.583691716194153,0
0.1,98,"test",183,0.569300472736359,0
0.1,98,"test",184,0.732761025428772,0
0.1,98,"test",185,0.71589857339859,0
0.1,98,"test",186,0.638747215270996,1
0.1,98,"test",187,0.610843360424042,0
0.1,98,"test",188,0.523377120494843,0
0.1,98,"test",189,0.526383578777313,0
0.1,98,"test",190,0.601751804351807,0
0.1,98,"test",191,0.616217315196991,0
0.1,98,"test",192,0.511059522628784,0
0.1,98,"test",193,0.459110379219055,0
0.1,98,"test",194,0.423570483922958,0
0.1,98,"test",195,0.445089846849442,0
0.1,98,"test",196,0.314271956682205,0
0.1,98,"test",197,0.309761583805084,1
0.1,98,"test",198,0.534923672676086,1
0.1,98,"test",199,0.519227862358093,1
0.1,98,"test",200,0.469395697116852,0
0.1,98,"test",201,0.479487210512161,0
0.1,98,"test",202,0.596003413200378,1
0.1,98,"test",203,0.626845240592957,0
0.1,98,"test",204,0.669100105762482,0
0.1,98,"test",205,0.651017725467682,0
0.1,98,"test",206,0.371253132820129,1
0.1,98,"test",207,0.342729836702347,0
0.1,98,"test",208,0.569300472736359,0
0.1,98,"test",209,0.534008026123047,0
0.1,98,"test",210,0.71589857339859,0
0.1,98,"test",211,0.716601252555847,0
0.1,98,"test",212,0.610843360424042,1
0.1,98,"test",213,0.727160930633545,0
0.1,98,"test",214,0.526383578777313,1
0.1,98,"test",215,0.544086277484894,1
0.1,98,"test",216,0.616217255592346,1
0.1,98,"test",217,0.621082484722137,0
0.1,98,"test",218,0.459110379219055,0
0.1,98,"test",219,0.455742478370667,1
0.1,98,"test",220,0.445089846849442,1
0.1,98,"test",221,0.427895784378052,0
0.1,98,"test",222,0.309761583805084,1
0.1,98,"test",223,0.303151965141296,1
0.1,98,"test",224,0.519227802753448,1
0.1,98,"test",225,0.479001194238663,0
0.1,98,"test",226,0.479487210512161,0
0.1,98,"test",227,0.441973090171814,0
0.1,98,"test",228,0.626845240592957,1
0.1,98,"test",229,0.599426627159119,1
0.1,98,"test",230,0.651017725467682,0
0.1,98,"test",231,0.653759479522705,1
0.1,98,"test",232,0.342729836702347,1
0.1,98,"test",233,0.465338081121445,1
0.1,98,"test",234,0.534008026123047,1
0.1,98,"test",235,0.535784721374512,1
0.1,98,"test",236,0.716601252555847,1
0.1,98,"test",237,0.73325502872467,0
0.1,98,"test",238,0.727160930633545,0
0.1,98,"test",239,0.648923754692078,0
0.1,98,"test",240,0.544086277484894,0
0.1,98,"test",241,0.544182658195496,0
0.1,98,"test",242,0.621082484722137,0
0.1,98,"test",243,0.619497239589691,0
0.1,98,"test",244,0.455742478370667,1
0.1,98,"test",245,0.467419415712357,1
0.1,98,"test",246,0.427895784378052,1
0.1,98,"test",247,0.452696025371552,1
0.1,98,"test",248,0.303151994943619,1
0.1,98,"test",249,0.228137865662575,1
0.1,98,"test",250,0.479001194238663,1
0.1,98,"test",251,0.45229583978653,1
0.1,98,"test",252,0.441973090171814,0
0.1,98,"test",253,0.406252950429916,0
0.1,98,"test",254,0.599426627159119,0
0.1,98,"test",255,0.586724698543549,1
0.1,98,"test",256,0.653759479522705,1
0.1,98,"test",257,0.65667313337326,1
0.1,98,"test",258,0.465338081121445,1
0.1,98,"test",259,0.406500339508057,1
0.1,98,"test",260,0.535784721374512,1
0.1,98,"test",261,0.530536830425262,1
0.1,98,"test",262,0.73325502872467,0
0.1,98,"test",263,0.722927272319794,0
0.1,98,"test",264,0.648923754692078,1
0.1,98,"test",265,0.682844519615173,1
0.1,98,"test",266,0.544182658195496,1
0.1,98,"test",267,0.571960985660553,1
0.1,98,"test",268,0.619497239589691,1
0.1,98,"test",269,0.613204121589661,1
0.1,98,"test",270,0.467419415712357,1
0.1,98,"test",271,0.489959001541138,1
0.1,98,"test",272,0.452696025371552,1
0.1,98,"test",273,0.443116098642349,1
0.1,98,"test",274,0.228137865662575,1
0.1,98,"test",275,0.299497216939926,1
0.1,98,"test",276,0.45229583978653,1
0.1,98,"test",277,0.498696386814117,1
0.1,98,"test",278,0.406252950429916,0
0.1,98,"test",279,0.354651898145676,0
0.1,98,"test",280,0.586724698543549,0
0.1,98,"test",281,0.615167796611786,0
0.1,98,"test",282,0.65667313337326,0
0.1,98,"test",283,0.646448969841003,0
0.1,98,"test",284,0.406500339508057,0
0.1,98,"test",285,0.459906816482544,0
0.1,98,"test",286,0.530536830425262,0
0.1,98,"test",287,0.607355654239655,0
0.1,98,"test",288,0.722927272319794,0
0.1,98,"test",289,0.719921827316284,0
0.1,98,"test",290,0.682844519615173,0
0.1,98,"test",291,0.600181579589844,0
0.1,98,"test",292,0.571960985660553,1
0.1,98,"test",293,0.481767773628235,1
0.1,98,"test",294,0.613204121589661,1
0.1,98,"test",295,0.598312437534332,0
0.1,98,"test",296,0.489959001541138,0
0.1,98,"test",297,0.502985715866089,1
0.1,98,"test",298,0.443116098642349,0
0.1,98,"test",299,0.444274127483368,0
0.1,98,"test",300,0.299497216939926,1
0.1,98,"test",301,0.299771010875702,1
0.1,98,"test",302,0.498696386814117,1
0.1,98,"test",303,0.440407037734985,0
0.1,98,"test",304,0.354651898145676,1
0.1,98,"test",305,0.386034578084946,0
0.1,41,"val",1,0.47277644276619,0
0.1,41,"val",2,0.41025573015213,1
0.1,41,"val",3,0.411847978830338,0
0.1,41,"val",4,0.442324191331863,1
0.1,41,"val",5,0.449276268482208,1
0.1,41,"val",6,0.35698264837265,1
0.1,41,"val",7,0.343942165374756,1
0.1,41,"val",8,0.505582094192505,1
0.1,41,"val",9,0.505409002304077,1
0.1,41,"val",10,0.541966319084167,1
0.1,41,"val",11,0.505814254283905,1
0.1,41,"val",12,0.407814055681229,1
0.1,41,"val",13,0.43551430106163,1
0.1,41,"val",14,0.380647152662277,1
0.1,41,"val",15,0.429059505462646,1
0.1,41,"val",16,0.366342127323151,1
0.1,41,"val",17,0.276740550994873,1
0.1,41,"val",18,0.44465583562851,1
0.1,41,"val",19,0.4767045378685,1
0.1,41,"val",20,0.559961676597595,1
0.1,41,"val",21,0.597079277038574,1
0.1,41,"val",22,0.542194426059723,1
0.1,41,"val",23,0.474064946174622,0
0.1,41,"val",24,0.568738877773285,0
0.1,41,"val",25,0.433290511369705,1
0.1,41,"val",26,0.47277644276619,0
0.1,41,"val",27,0.4815653860569,0
0.1,41,"val",28,0.411847978830338,0
0.1,41,"val",29,0.353029578924179,1
0.1,41,"val",30,0.449276268482208,1
0.1,41,"val",31,0.442919343709946,0
0.1,41,"val",32,0.343942165374756,0
0.1,41,"val",33,0.345852255821228,0
0.1,41,"val",34,0.505409002304077,0
0.1,41,"val",35,0.489179819822311,0
0.1,41,"val",36,0.505814254283905,0
0.1,41,"val",37,0.521987617015839,1
0.1,41,"val",38,0.43551430106163,1
0.1,41,"val",39,0.456884473562241,1
0.1,41,"val",40,0.429059505462646,0
0.1,41,"val",41,0.404627621173859,0
0.1,41,"val",42,0.276740550994873,0
0.1,41,"val",43,0.296944051980972,0
0.1,41,"val",44,0.4767045378685,0
0.1,41,"val",45,0.416979342699051,0
0.1,41,"val",46,0.597079277038574,0
0.1,41,"val",47,0.575699925422668,1
0.1,41,"val",48,0.474064946174622,1
0.1,41,"val",49,0.533658802509308,1
0.1,41,"val",50,0.433290511369705,1
0.1,41,"val",51,0.515424609184265,1
0.1,41,"val",52,0.4815653860569,1
0.1,41,"val",53,0.533700883388519,1
0.1,41,"val",54,0.353029578924179,1
0.1,41,"val",55,0.390266984701157,1
0.1,41,"val",56,0.442919343709946,1
0.1,41,"val",57,0.435386806726456,1
0.1,41,"val",58,0.345852255821228,1
0.1,41,"val",59,0.329717606306076,1
0.1,41,"val",60,0.489179819822311,1
0.1,41,"val",61,0.468730688095093,0
0.1,41,"val",62,0.521987617015839,1
0.1,41,"val",63,0.554860055446625,0
0.1,41,"val",64,0.456884473562241,0
0.1,41,"val",65,0.44898584485054,1
0.1,41,"val",66,0.404627621173859,1
0.1,41,"val",67,0.416301935911179,1
0.1,41,"val",68,0.296944051980972,1
0.1,41,"val",69,0.318753004074097,1
0.1,41,"val",70,0.416979342699051,1
0.1,41,"val",71,0.462560623884201,1
0.1,41,"val",72,0.575699925422668,1
0.1,41,"val",73,0.553815603256226,1
0.1,41,"val",74,0.533658802509308,1
0.1,41,"val",75,0.572081029415131,1
0.1,41,"val",76,0.515424609184265,0
0.1,41,"val",77,0.497184276580811,1
0.1,41,"val",78,0.533700883388519,1
0.1,41,"val",79,0.473613888025284,0
0.1,41,"val",80,0.390266984701157,0
0.1,41,"val",81,0.408856004476547,0
0.1,41,"val",82,0.435386806726456,1
0.1,41,"val",83,0.438036650419235,0
0.1,41,"val",84,0.329717606306076,0
0.1,41,"val",85,0.335013657808304,0
0.1,41,"val",86,0.468730688095093,1
0.1,41,"val",87,0.452503651380539,1
0.1,41,"val",88,0.554860055446625,1
0.1,41,"val",89,0.590016543865204,0
0.1,41,"val",90,0.44898584485054,0
0.1,41,"val",91,0.429510980844498,0
0.1,41,"val",92,0.416301935911179,0
0.1,41,"val",93,0.459752231836319,0
0.1,41,"val",94,0.318753004074097,0
0.1,41,"val",95,0.268969506025314,0
0.1,41,"val",96,0.462560623884201,1
0.1,41,"val",97,0.434884935617447,1
0.1,41,"val",98,0.553815603256226,1
0.1,41,"val",99,0.574217140674591,1
0.1,41,"val",100,0.572081029415131,0
0.1,41,"val",101,0.573542058467865,0
0.1,41,"val",102,0.497184276580811,0
0.1,41,"val",103,0.397265315055847,0
0.1,41,"val",104,0.473613888025284,1
0.1,41,"val",105,0.436523139476776,1
0.1,41,"val",106,0.408856004476547,1
0.1,41,"val",107,0.407161504030228,1
0.1,41,"val",108,0.438036650419235,1
0.1,41,"val",109,0.433473706245422,0
0.1,41,"val",110,0.335013657808304,0
0.1,41,"val",111,0.355446934700012,1
0.1,41,"val",112,0.452503651380539,1
0.1,41,"val",113,0.48372083902359,1
0.1,41,"val",114,0.590016543865204,0
0.1,41,"val",115,0.546019434928894,1
0.1,41,"val",116,0.429510980844498,0
0.1,41,"val",117,0.464433401823044,1
0.1,41,"val",118,0.459752231836319,1
0.1,41,"val",119,0.381421804428101,1
0.1,41,"val",120,0.268969506025314,0
0.1,41,"val",121,0.366613894701004,0
0.1,41,"val",122,0.434884935617447,0
0.1,41,"val",123,0.457086235284805,1
0.1,41,"val",124,0.574217140674591,1
0.1,41,"val",125,0.536368072032928,1
0.1,41,"val",126,0.573542058467865,1
0.1,41,"val",127,0.603243947029114,1
0.1,41,"val",128,0.397265315055847,1
0.1,41,"val",129,0.23451592028141,1
0.1,41,"val",130,0.436523139476776,1
0.1,41,"val",131,0.455382138490677,0
0.1,41,"val",132,0.407161504030228,0
0.1,41,"val",133,0.407995164394379,1
0.1,41,"val",134,0.433473706245422,1
0.1,41,"val",135,0.443591564893723,0
0.1,41,"val",136,0.355446934700012,0
0.1,41,"val",137,0.338448852300644,0
0.1,41,"val",138,0.48372083902359,0
0.1,41,"val",139,0.439648658037186,0
0.1,41,"val",140,0.546019434928894,0
0.1,41,"val",141,0.470519840717316,1
0.1,41,"val",142,0.464433401823044,1
0.1,41,"val",143,0.438388854265213,1
0.1,41,"val",144,0.381421804428101,0
0.1,41,"val",145,0.389166116714478,0
0.1,41,"val",146,0.366613894701004,0
0.1,41,"val",147,0.355258822441101,0
0.1,41,"val",148,0.457086235284805,0
0.1,41,"val",149,0.532352268695831,0
0.1,41,"val",150,0.536368072032928,0
0.1,41,"val",151,0.521082997322083,0
0.1,41,"val",152,0.603243947029114,1
0.1,41,"val",153,0.480986028909683,0
0.1,41,"val",154,0.23451592028141,1
0.1,41,"val",155,0.279806643724442,0
0.1,41,"val",156,0.455382138490677,0
0.1,41,"val",157,0.44107124209404,0
0.1,41,"val",158,0.407995164394379,0
0.1,41,"val",159,0.416335135698318,1
0.1,41,"val",160,0.443591564893723,1
0.1,41,"val",161,0.434244185686111,1
0.1,41,"val",162,0.338448852300644,1
0.1,41,"val",163,0.355253338813782,1
0.1,41,"val",164,0.439648658037186,0
0.1,41,"val",165,0.488942831754684,0
0.1,41,"val",166,0.470519840717316,0
0.1,41,"val",167,0.469462424516678,0
0.1,41,"val",168,0.438388854265213,1
0.1,41,"val",169,0.457742929458618,0
0.1,41,"val",170,0.389166116714478,0
0.1,41,"val",171,0.38909986615181,0
0.1,41,"val",172,0.355258822441101,1
0.1,41,"val",173,0.346517980098724,1
0.1,41,"val",174,0.532352268695831,1
0.1,41,"val",175,0.493692636489868,0
0.1,41,"val",176,0.521082997322083,0
0.1,41,"val",177,0.468561798334122,1
0.1,41,"val",178,0.480986028909683,0
0.1,41,"val",179,0.508593320846558,1
0.1,41,"val",180,0.279806643724442,0
0.1,41,"val",181,0.281128376722336,1
0.1,41,"val",182,0.44107124209404,1
0.1,41,"val",183,0.391935676336288,1
0.1,41,"val",184,0.416335076093674,0
0.1,41,"val",185,0.414636105298996,0
0.1,41,"val",186,0.434244185686111,0
0.1,41,"val",187,0.409049093723297,0
0.1,41,"val",188,0.355253338813782,0
0.1,41,"val",189,0.325328975915909,0
0.1,41,"val",190,0.488942831754684,0
0.1,41,"val",191,0.502161145210266,1
0.1,41,"val",192,0.469462424516678,0
0.1,41,"val",193,0.455670028924942,0
0.1,41,"val",194,0.457742929458618,0
0.1,41,"val",195,0.412318557500839,1
0.1,41,"val",196,0.38909986615181,1
0.1,41,"val",197,0.399489909410477,1
0.1,41,"val",198,0.346517980098724,1
0.1,41,"val",199,0.297874093055725,0
0.1,41,"val",200,0.493692636489868,0
0.1,41,"val",201,0.451936841011047,0
0.1,41,"val",202,0.468561798334122,0
0.1,41,"val",203,0.504623353481293,1
0.1,41,"val",204,0.508593320846558,1
0.1,41,"val",205,0.533840417861938,1
0.1,41,"val",206,0.281128376722336,0
0.1,41,"val",207,0.494849056005478,0
0.1,41,"val",208,0.391935676336288,0
0.1,41,"val",209,0.480392068624496,1
0.1,41,"val",210,0.414636105298996,1
0.1,41,"val",211,0.41010320186615,1
0.1,41,"val",212,0.409049093723297,1
0.1,41,"val",213,0.420746058225632,1
0.1,41,"val",214,0.325328975915909,1
0.1,41,"val",215,0.333098083734512,0
0.1,41,"val",216,0.502161145210266,0
0.1,41,"val",217,0.496232926845551,0
0.1,41,"val",218,0.455670028924942,0
0.1,41,"val",219,0.510180294513702,0
0.1,41,"val",220,0.412318557500839,0
0.1,41,"val",221,0.441724866628647,1
0.1,41,"val",222,0.399489909410477,1
0.1,41,"val",223,0.425933748483658,1
0.1,41,"val",224,0.297874093055725,0
0.1,41,"val",225,0.414536356925964,1
0.1,41,"val",226,0.451936841011047,1
0.1,41,"val",227,0.441402524709702,1
0.1,41,"val",228,0.504623353481293,0
0.1,41,"val",229,0.500047087669373,0
0.1,41,"val",230,0.533840417861938,0
0.1,41,"val",231,0.578243851661682,0
0.1,41,"val",232,0.494849056005478,0
0.1,41,"val",233,0.287074446678162,0
0.1,41,"val",234,0.480392068624496,0
0.1,41,"val",235,0.530764698982239,0
0.1,41,"val",236,0.41010320186615,0
0.1,41,"val",237,0.406223982572556,0
0.1,41,"val",238,0.420746058225632,1
0.1,41,"val",239,0.429568588733673,0
0.1,41,"val",240,0.333098083734512,0
0.1,41,"val",241,0.329364418983459,0
0.1,41,"val",242,0.496232926845551,0
0.1,41,"val",243,0.483040571212769,1
0.1,41,"val",244,0.510180294513702,1
0.1,41,"val",245,0.484447479248047,1
0.1,41,"val",246,0.441724866628647,0
0.1,41,"val",247,0.414218187332153,1
0.1,41,"val",248,0.425933748483658,1
0.1,41,"val",249,0.426994234323502,0
0.1,41,"val",250,0.414536356925964,1
0.1,41,"val",251,0.377761691808701,1
0.1,41,"val",252,0.441402524709702,1
0.1,41,"val",253,0.456062495708466,1
0.1,41,"val",254,0.500047087669373,0
0.1,41,"val",255,0.483803004026413,0
0.1,41,"val",256,0.578243672847748,0
0.1,41,"val",257,0.562994480133057,0
0.1,41,"val",258,0.287074446678162,1
0.1,41,"val",259,0.436001628637314,1
0.1,41,"val",260,0.530764698982239,1
0.1,41,"val",261,0.448484987020493,1
0.1,41,"val",262,0.406223982572556,1
0.1,41,"val",263,0.40334153175354,0
0.1,41,"val",264,0.429568588733673,0
0.1,41,"val",265,0.429942697286606,1
0.1,41,"val",266,0.329364418983459,1
0.1,41,"val",267,0.329135954380035,0
0.1,41,"val",268,0.483040571212769,0
0.1,41,"val",269,0.471465200185776,0
0.1,41,"val",270,0.484447479248047,1
0.1,41,"val",271,0.442415982484818,1
0.1,41,"val",272,0.414218187332153,1
0.1,41,"val",273,0.472948253154755,1
0.1,41,"val",274,0.426994234323502,0
0.1,41,"val",275,0.460740506649017,0
0.1,41,"val",276,0.377761691808701,0
0.1,41,"val",277,0.400715470314026,0
0.1,41,"val",278,0.456062495708466,1
0.1,41,"val",279,0.462887465953827,1
0.1,41,"val",280,0.483803004026413,1
0.1,41,"val",281,0.523881196975708,1
0.1,41,"val",282,0.562994480133057,1
0.1,41,"val",283,0.527294814586639,1
0.1,41,"val",284,0.436001628637314,0
0.1,41,"val",285,0.473518788814545,0
0.1,41,"val",286,0.448484987020493,0
0.1,41,"val",287,0.498035162687302,0
0.1,41,"val",288,0.403341561555862,0
0.1,41,"val",289,0.399744093418121,0
0.1,41,"val",290,0.429942697286606,0
0.1,41,"val",291,0.401910901069641,0
0.1,41,"val",292,0.329135954380035,0
0.1,41,"val",293,0.353712171316147,0
0.1,41,"val",294,0.471465200185776,1
0.1,41,"val",295,0.461107522249222,1
0.1,41,"val",296,0.442415982484818,0
0.1,41,"val",297,0.567004382610321,0
0.1,41,"val",298,0.472948253154755,0
0.1,41,"val",299,0.489982575178146,1
0.1,41,"val",300,0.460740506649017,1
0.1,41,"val",301,0.417489647865295,1
0.1,41,"val",302,0.400715470314026,0
0.1,41,"val",303,0.322166442871094,0
0.1,41,"val",304,0.462887465953827,0
0.1,41,"test",1,0.346245944499969,0
0.1,41,"test",2,0.523881196975708,0
0.1,41,"test",3,0.540710508823395,1
0.1,41,"test",4,0.527294814586639,1
0.1,41,"test",5,0.537882268428802,1
0.1,41,"test",6,0.473518788814545,1
0.1,41,"test",7,0.442673623561859,1
0.1,41,"test",8,0.498035132884979,1
0.1,41,"test",9,0.42220613360405,1
0.1,41,"test",10,0.399744093418121,1
0.1,41,"test",11,0.402368456125259,1
0.1,41,"test",12,0.401910901069641,1
0.1,41,"test",13,0.43816727399826,1
0.1,41,"test",14,0.353712171316147,1
0.1,41,"test",15,0.35615873336792,1
0.1,41,"test",16,0.461107522249222,1
0.1,41,"test",17,0.485242396593094,0
0.1,41,"test",18,0.567004382610321,0
0.1,41,"test",19,0.580970346927643,0
0.1,41,"test",20,0.489982575178146,1
0.1,41,"test",21,0.502679586410522,1
0.1,41,"test",22,0.417489647865295,1
0.1,41,"test",23,0.413353651762009,0
0.1,41,"test",24,0.322166442871094,0
0.1,41,"test",25,0.414361774921417,0
0.1,41,"test",26,0.346245944499969,1
0.1,41,"test",27,0.458797574043274,1
0.1,41,"test",28,0.540710508823395,1
0.1,41,"test",29,0.530672550201416,0
0.1,41,"test",30,0.537882268428802,0
0.1,41,"test",31,0.564575612545013,0
0.1,41,"test",32,0.442673623561859,0
0.1,41,"test",33,0.38560962677002,0
0.1,41,"test",34,0.42220613360405,1
0.1,41,"test",35,0.439543038606644,1
0.1,41,"test",36,0.402368456125259,1
0.1,41,"test",37,0.405090302228928,1
0.1,41,"test",38,0.43816727399826,1
0.1,41,"test",39,0.430811673402786,1
0.1,41,"test",40,0.35615873336792,1
0.1,41,"test",41,0.349955290555954,1
0.1,41,"test",42,0.485242396593094,0
0.1,41,"test",43,0.46082016825676,0
0.1,41,"test",44,0.580970346927643,1
0.1,41,"test",45,0.569669723510742,1
0.1,41,"test",46,0.502679586410522,1
0.1,41,"test",47,0.466231942176819,0
0.1,41,"test",48,0.413353651762009,0
0.1,41,"test",49,0.394980818033218,0
0.1,41,"test",50,0.414361774921417,0
0.1,41,"test",51,0.307258546352386,1
0.1,41,"test",52,0.458797574043274,1
0.1,41,"test",53,0.449603706598282,1
0.1,41,"test",54,0.530672550201416,1
0.1,41,"test",55,0.487821906805038,0
0.1,41,"test",56,0.564575672149658,0
0.1,41,"test",57,0.623777866363525,0
0.1,41,"test",58,0.38560962677002,0
0.1,41,"test",59,0.353867828845978,1
0.1,41,"test",60,0.439543038606644,1
0.1,41,"test",61,0.456870883703232,1
0.1,41,"test",62,0.405090302228928,0
0.1,41,"test",63,0.401879101991653,1
0.1,41,"test",64,0.430811673402786,1
0.1,41,"test",65,0.424287050962448,1
0.1,41,"test",66,0.349955290555954,1
0.1,41,"test",67,0.362464159727097,1
0.1,41,"test",68,0.46082016825676,0
0.1,41,"test",69,0.43781790137291,0
0.1,41,"test",70,0.569669723510742,0
0.1,41,"test",71,0.514740228652954,1
0.1,41,"test",72,0.466231942176819,1
0.1,41,"test",73,0.444401502609253,0
0.1,41,"test",74,0.394980818033218,0
0.1,41,"test",75,0.414492040872574,0
0.1,41,"test",76,0.307258546352386,0
0.1,41,"test",77,0.343317717313766,0
0.1,41,"test",78,0.449603706598282,1
0.1,41,"test",79,0.502040803432465,0
0.1,41,"test",80,0.487821906805038,0
0.1,41,"test",81,0.501603960990906,1
0.1,41,"test",82,0.623777866363525,1
0.1,41,"test",83,0.575546383857727,1
0.1,41,"test",84,0.353867828845978,1
0.1,41,"test",85,0.382692694664001,0
0.1,41,"test",86,0.456870883703232,0
0.1,41,"test",87,0.412632316350937,0
0.1,41,"test",88,0.401879101991653,0
0.1,41,"test",89,0.40745148062706,0
0.1,41,"test",90,0.424287050962448,0
0.1,41,"test",91,0.438825249671936,1
0.1,41,"test",92,0.362464159727097,0
0.1,41,"test",93,0.363319367170334,0
0.1,41,"test",94,0.43781790137291,0
0.1,41,"test",95,0.465200006961823,0
0.1,41,"test",96,0.514740228652954,0
0.1,41,"test",97,0.512333869934082,1
0.1,41,"test",98,0.444401502609253,1
0.1,41,"test",99,0.4656782746315,1
0.1,41,"test",100,0.414492040872574,1
0.1,41,"test",101,0.403629392385483,1
0.1,41,"test",102,0.343317717313766,0
0.1,41,"test",103,0.304526090621948,0
0.1,41,"test",104,0.502040803432465,0
0.1,41,"test",105,0.540013253688812,0
0.1,41,"test",106,0.501603960990906,0
0.1,41,"test",107,0.465940624475479,0
0.1,41,"test",108,0.575546383857727,0
0.1,41,"test",109,0.587385296821594,0
0.1,41,"test",110,0.382692694664001,1
0.1,41,"test",111,0.261567056179047,1
0.1,41,"test",112,0.412632316350937,1
0.1,41,"test",113,0.436577171087265,0
0.1,41,"test",114,0.40745148062706,1
0.1,41,"test",115,0.413219124078751,1
0.1,41,"test",116,0.438825249671936,1
0.1,41,"test",117,0.425747394561768,1
0.1,41,"test",118,0.363319367170334,1
0.1,41,"test",119,0.346479505300522,0
0.1,41,"test",120,0.465200006961823,0
0.1,41,"test",121,0.483614206314087,0
0.1,41,"test",122,0.512333869934082,1
0.1,41,"test",123,0.507328510284424,1
0.1,41,"test",124,0.4656782746315,1
0.1,41,"test",125,0.438095390796661,0
0.1,41,"test",126,0.403629392385483,0
0.1,41,"test",127,0.394252300262451,0
0.1,41,"test",128,0.304526090621948,1
0.1,41,"test",129,0.27764043211937,1
0.1,41,"test",130,0.540013253688812,1
0.1,41,"test",131,0.559195756912231,1
0.1,41,"test",132,0.465940624475479,0
0.1,41,"test",133,0.553159058094025,0
0.1,41,"test",134,0.587385296821594,0
0.1,41,"test",135,0.570085465908051,0
0.1,41,"test",136,0.261567056179047,0
0.1,41,"test",137,0.383469521999359,1
0.1,41,"test",138,0.436577171087265,1
0.1,41,"test",139,0.462180435657501,1
0.1,41,"test",140,0.413219124078751,1
0.1,41,"test",141,0.416045367717743,1
0.1,41,"test",142,0.425747394561768,1
0.1,41,"test",143,0.428328305482864,1
0.1,41,"test",144,0.346479505300522,1
0.1,41,"test",145,0.350092053413391,1
0.1,41,"test",146,0.483614206314087,1
0.1,41,"test",147,0.491015702486038,1
0.1,41,"test",148,0.507328510284424,1
0.1,41,"test",149,0.594695806503296,1
0.1,41,"test",150,0.438095390796661,1
0.1,41,"test",151,0.455606341362,1
0.1,41,"test",152,0.394252389669418,0
0.1,41,"test",153,0.435015946626663,0
0.1,41,"test",154,0.27764043211937,1
0.1,41,"test",155,0.240400224924088,1
0.1,41,"test",156,0.559195756912231,1
0.1,41,"test",157,0.522472381591797,0
0.1,41,"test",158,0.553159058094025,0
0.1,41,"test",159,0.525558412075043,0
0.1,41,"test",160,0.570085465908051,0
0.1,41,"test",161,0.565407752990723,0
0.1,41,"test",162,0.383469521999359,0
0.1,41,"test",163,0.459885805845261,0
0.1,41,"test",164,0.462180435657501,0
0.1,41,"test",165,0.441356658935547,1
0.1,41,"test",166,0.416045367717743,1
0.1,41,"test",167,0.407634764909744,0
0.1,41,"test",168,0.428328305482864,1
0.1,41,"test",169,0.434139400720596,1
0.1,41,"test",170,0.350092053413391,1
0.1,41,"test",171,0.345936924219131,0
0.1,41,"test",172,0.491015702486038,0
0.1,41,"test",173,0.481703221797943,1
0.1,41,"test",174,0.594695806503296,1
0.1,41,"test",175,0.549243927001953,1
0.1,41,"test",176,0.455606341362,1
0.1,41,"test",177,0.460969269275665,0
0.1,41,"test",178,0.435015946626663,0
0.1,41,"test",179,0.392052948474884,0
0.1,41,"test",180,0.240400224924088,0
0.1,41,"test",181,0.389188349246979,0
0.1,41,"test",182,0.522472381591797,0
0.1,41,"test",183,0.514028787612915,0
0.1,41,"test",184,0.525558412075043,0
0.1,41,"test",185,0.474940329790115,0
0.1,41,"test",186,0.565407752990723,1
0.1,41,"test",187,0.552720904350281,0
0.1,41,"test",188,0.459885805845261,0
0.1,41,"test",189,0.46052473783493,0
0.1,41,"test",190,0.441356658935547,0
0.1,41,"test",191,0.452652394771576,0
0.1,41,"test",192,0.407634764909744,0
0.1,41,"test",193,0.424249678850174,0
0.1,41,"test",194,0.434139400720596,0
0.1,41,"test",195,0.416997075080872,0
0.1,41,"test",196,0.345936924219131,0
0.1,41,"test",197,0.34158593416214,1
0.1,41,"test",198,0.481703221797943,1
0.1,41,"test",199,0.482933193445206,1
0.1,41,"test",200,0.549243927001953,0
0.1,41,"test",201,0.541117191314697,0
0.1,41,"test",202,0.460969269275665,1
0.1,41,"test",203,0.484352022409439,0
0.1,41,"test",204,0.392052948474884,0
0.1,41,"test",205,0.396404922008514,0
0.1,41,"test",206,0.389188349246979,1
0.1,41,"test",207,0.344667583703995,0
0.1,41,"test",208,0.514028787612915,0
0.1,41,"test",209,0.46590518951416,0
0.1,41,"test",210,0.474940329790115,0
0.1,41,"test",211,0.477055877447128,0
0.1,41,"test",212,0.552720904350281,1
0.1,41,"test",213,0.600426495075226,0
0.1,41,"test",214,0.46052473783493,1
0.1,41,"test",215,0.292144864797592,1
0.1,41,"test",216,0.452652394771576,1
0.1,41,"test",217,0.398093968629837,0
0.1,41,"test",218,0.424249678850174,0
0.1,41,"test",219,0.424390226602554,1
0.1,41,"test",220,0.416997075080872,1
0.1,41,"test",221,0.432681500911713,0
0.1,41,"test",222,0.34158593416214,1
0.1,41,"test",223,0.350822031497955,1
0.1,41,"test",224,0.48293325304985,1
0.1,41,"test",225,0.48081248998642,0
0.1,41,"test",226,0.541117191314697,0
0.1,41,"test",227,0.556390702724457,0
0.1,41,"test",228,0.484352022409439,1
0.1,41,"test",229,0.464308440685272,1
0.1,41,"test",230,0.396404922008514,0
0.1,41,"test",231,0.364704608917236,1
0.1,41,"test",232,0.344667583703995,1
0.1,41,"test",233,0.407386839389801,1
0.1,41,"test",234,0.46590518951416,1
0.1,41,"test",235,0.470879137516022,1
0.1,41,"test",236,0.477055877447128,1
0.1,41,"test",237,0.486780107021332,0
0.1,41,"test",238,0.600426495075226,0
0.1,41,"test",239,0.569999277591705,0
0.1,41,"test",240,0.292144864797592,0
0.1,41,"test",241,0.244083002209663,0
0.1,41,"test",242,0.398093968629837,0
0.1,41,"test",243,0.39668020606041,0
0.1,41,"test",244,0.424390226602554,1
0.1,41,"test",245,0.413855195045471,1
0.1,41,"test",246,0.432681500911713,1
0.1,41,"test",247,0.415383547544479,1
0.1,41,"test",248,0.350822031497955,1
0.1,41,"test",249,0.377511531114578,1
0.1,41,"test",250,0.48081248998642,1
0.1,41,"test",251,0.499742984771729,1
0.1,41,"test",252,0.556390702724457,0
0.1,41,"test",253,0.589911282062531,0
0.1,41,"test",254,0.464308440685272,0
0.1,41,"test",255,0.438644170761108,1
0.1,41,"test",256,0.364704608917236,1
0.1,41,"test",257,0.412080973386765,1
0.1,41,"test",258,0.407386839389801,1
0.1,41,"test",259,0.355215519666672,1
0.1,41,"test",260,0.470879137516022,1
0.1,41,"test",261,0.453993320465088,1
0.1,41,"test",262,0.486780107021332,0
0.1,41,"test",263,0.419228315353394,0
0.1,41,"test",264,0.569999277591705,1
0.1,41,"test",265,0.579795777797699,1
0.1,41,"test",266,0.244083002209663,1
0.1,41,"test",267,0.42809185385704,1
0.1,41,"test",268,0.39668020606041,1
0.1,41,"test",269,0.417633175849915,1
0.1,41,"test",270,0.413855195045471,1
0.1,41,"test",271,0.415794521570206,1
0.1,41,"test",272,0.415383547544479,1
0.1,41,"test",273,0.415869474411011,1
0.1,41,"test",274,0.377511531114578,1
0.1,41,"test",275,0.35124146938324,1
0.1,41,"test",276,0.499742984771729,1
0.1,41,"test",277,0.502067744731903,1
0.1,41,"test",278,0.589911282062531,0
0.1,41,"test",279,0.650373935699463,0
0.1,41,"test",280,0.438644170761108,0
0.1,41,"test",281,0.458605527877808,0
0.1,41,"test",282,0.412080973386765,0
0.1,41,"test",283,0.389053463935852,0
0.1,41,"test",284,0.355215519666672,0
0.1,41,"test",285,0.351299166679382,0
0.1,41,"test",286,0.453993320465088,0
0.1,41,"test",287,0.539715707302094,0
0.1,41,"test",288,0.419228345155716,0
0.1,41,"test",289,0.48849681019783,0
0.1,41,"test",290,0.579795777797699,0
0.1,41,"test",291,0.53780198097229,0
0.1,41,"test",292,0.42809185385704,1
0.1,41,"test",293,0.497268438339233,1
0.1,41,"test",294,0.417633175849915,1
0.1,41,"test",295,0.402315318584442,0
0.1,41,"test",296,0.415794521570206,0
0.1,41,"test",297,0.411282032728195,1
0.1,41,"test",298,0.415869474411011,0
0.1,41,"test",299,0.42144188284874,0
0.1,41,"test",300,0.35124146938324,1
0.1,41,"test",301,0.374287962913513,1
0.1,41,"test",302,0.502067744731903,1
0.1,41,"test",303,0.512876749038696,0
0.1,41,"test",304,0.650373935699463,1
0.1,41,"test",305,0.618583798408508,0
0.1,64,"val",1,0.492689728736877,0
0.1,64,"val",2,0.496876955032349,1
0.1,64,"val",3,0.494657754898071,0
0.1,64,"val",4,0.443474054336548,1
0.1,64,"val",5,0.464921683073044,1
0.1,64,"val",6,0.360189259052277,1
0.1,64,"val",7,0.354159116744995,1
0.1,64,"val",8,0.501347899436951,1
0.1,64,"val",9,0.504989385604858,1
0.1,64,"val",10,0.530986845493317,1
0.1,64,"val",11,0.503318011760712,1
0.1,64,"val",12,0.454294770956039,1
0.1,64,"val",13,0.521723628044128,1
0.1,64,"val",14,0.486464619636536,1
0.1,64,"val",15,0.545798122882843,1
0.1,64,"val",16,0.454632222652435,1
0.1,64,"val",17,0.399490922689438,1
0.1,64,"val",18,0.432559043169022,1
0.1,64,"val",19,0.458994895219803,1
0.1,64,"val",20,0.535963892936707,1
0.1,64,"val",21,0.567178130149841,1
0.1,64,"val",22,0.542507886886597,1
0.1,64,"val",23,0.447276473045349,0
0.1,64,"val",24,0.543101608753204,0
0.1,64,"val",25,0.416313707828522,1
0.1,64,"val",26,0.492689728736877,0
0.1,64,"val",27,0.500777900218964,0
0.1,64,"val",28,0.494657754898071,0
0.1,64,"val",29,0.454226940870285,1
0.1,64,"val",30,0.464921683073044,1
0.1,64,"val",31,0.463537156581879,0
0.1,64,"val",32,0.354159146547318,0
0.1,64,"val",33,0.352288335561752,0
0.1,64,"val",34,0.504989385604858,0
0.1,64,"val",35,0.496027588844299,0
0.1,64,"val",36,0.503318011760712,0
0.1,64,"val",37,0.50954681634903,1
0.1,64,"val",38,0.521723628044128,1
0.1,64,"val",39,0.513306081295013,1
0.1,64,"val",40,0.545798122882843,0
0.1,64,"val",41,0.520449459552765,0
0.1,64,"val",42,0.399490922689438,0
0.1,64,"val",43,0.413766890764236,0
0.1,64,"val",44,0.458994895219803,0
0.1,64,"val",45,0.407697409391403,0
0.1,64,"val",46,0.567178130149841,0
0.1,64,"val",47,0.552843809127808,1
0.1,64,"val",48,0.447276473045349,1
0.1,64,"val",49,0.533227205276489,1
0.1,64,"val",50,0.416313707828522,1
0.1,64,"val",51,0.494998961687088,1
0.1,64,"val",52,0.500777900218964,1
0.1,64,"val",53,0.533684849739075,1
0.1,64,"val",54,0.454226940870285,1
0.1,64,"val",55,0.483116954565048,1
0.1,64,"val",56,0.463537156581879,1
0.1,64,"val",57,0.454390794038773,1
0.1,64,"val",58,0.352288335561752,1
0.1,64,"val",59,0.346240252256393,1
0.1,64,"val",60,0.496027588844299,1
0.1,64,"val",61,0.483952343463898,0
0.1,64,"val",62,0.50954681634903,1
0.1,64,"val",63,0.535922050476074,0
0.1,64,"val",64,0.513306081295013,0
0.1,64,"val",65,0.494001299142838,1
0.1,64,"val",66,0.520449459552765,1
0.1,64,"val",67,0.533487915992737,1
0.1,64,"val",68,0.413766890764236,1
0.1,64,"val",69,0.43284147977829,1
0.1,64,"val",70,0.407697409391403,1
0.1,64,"val",71,0.446543663740158,1
0.1,64,"val",72,0.552843809127808,1
0.1,64,"val",73,0.527491450309753,1
0.1,64,"val",74,0.533227205276489,1
0.1,64,"val",75,0.605468392372131,1
0.1,64,"val",76,0.494998961687088,0
0.1,64,"val",77,0.484614014625549,1
0.1,64,"val",78,0.533684849739075,1
0.1,64,"val",79,0.497535407543182,0
0.1,64,"val",80,0.483116954565048,0
0.1,64,"val",81,0.496131360530853,0
0.1,64,"val",82,0.454390794038773,1
0.1,64,"val",83,0.469359397888184,0
0.1,64,"val",84,0.346240252256393,0
0.1,64,"val",85,0.350483387708664,0
0.1,64,"val",86,0.483952343463898,1
0.1,64,"val",87,0.473156243562698,1
0.1,64,"val",88,0.535921990871429,1
0.1,64,"val",89,0.55976939201355,0
0.1,64,"val",90,0.494001299142838,0
0.1,64,"val",91,0.464159250259399,0
0.1,64,"val",92,0.533487915992737,0
0.1,64,"val",93,0.571702480316162,0
0.1,64,"val",94,0.43284147977829,0
0.1,64,"val",95,0.400008648633957,0
0.1,64,"val",96,0.446543723344803,1
0.1,64,"val",97,0.422774702310562,1
0.1,64,"val",98,0.527491450309753,1
0.1,64,"val",99,0.546773910522461,1
0.1,64,"val",100,0.605468392372131,0
0.1,64,"val",101,0.603572070598602,0
0.1,64,"val",102,0.484614014625549,0
0.1,64,"val",103,0.383301585912704,0
0.1,64,"val",104,0.497535407543182,1
0.1,64,"val",105,0.482155025005341,1
0.1,64,"val",106,0.496131360530853,1
0.1,64,"val",107,0.494841337203979,1
0.1,64,"val",108,0.469359397888184,1
0.1,64,"val",109,0.449222087860107,0
0.1,64,"val",110,0.350483387708664,0
0.1,64,"val",111,0.36089500784874,1
0.1,64,"val",112,0.473156243562698,1
0.1,64,"val",113,0.492053598165512,1
0.1,64,"val",114,0.55976939201355,0
0.1,64,"val",115,0.529808342456818,1
0.1,64,"val",116,0.464159250259399,0
0.1,64,"val",117,0.524834096431732,1
0.1,64,"val",118,0.571702480316162,1
0.1,64,"val",119,0.487549364566803,1
0.1,64,"val",120,0.400008618831635,0
0.1,64,"val",121,0.462990671396255,0
0.1,64,"val",122,0.422774702310562,0
0.1,64,"val",123,0.441375613212585,1
0.1,64,"val",124,0.546773910522461,1
0.1,64,"val",125,0.515659034252167,1
0.1,64,"val",126,0.603572070598602,1
0.1,64,"val",127,0.636723101139069,1
0.1,64,"val",128,0.383301645517349,1
0.1,64,"val",129,0.275076240301132,1
0.1,64,"val",130,0.482155025005341,1
0.1,64,"val",131,0.492788374423981,0
0.1,64,"val",132,0.494841337203979,0
0.1,64,"val",133,0.494353085756302,1
0.1,64,"val",134,0.449222087860107,1
0.1,64,"val",135,0.472291350364685,0
0.1,64,"val",136,0.36089500784874,0
0.1,64,"val",137,0.349590271711349,0
0.1,64,"val",138,0.492053598165512,0
0.1,64,"val",139,0.466865539550781,0
0.1,64,"val",140,0.529808342456818,0
0.1,64,"val",141,0.470149397850037,1
0.1,64,"val",142,0.524834096431732,1
0.1,64,"val",143,0.513662099838257,1
0.1,64,"val",144,0.487549364566803,0
0.1,64,"val",145,0.494596362113953,0
0.1,64,"val",146,0.462990671396255,0
0.1,64,"val",147,0.45985546708107,0
0.1,64,"val",148,0.441375613212585,0
0.1,64,"val",149,0.523431360721588,0
0.1,64,"val",150,0.515659034252167,0
0.1,64,"val",151,0.512072384357452,0
0.1,64,"val",152,0.636723041534424,1
0.1,64,"val",153,0.499471604824066,0
0.1,64,"val",154,0.275076240301132,1
0.1,64,"val",155,0.28926283121109,0
0.1,64,"val",156,0.492788374423981,0
0.1,64,"val",157,0.482912212610245,0
0.1,64,"val",158,0.494353085756302,0
0.1,64,"val",159,0.495972961187363,1
0.1,64,"val",160,0.472291320562363,1
0.1,64,"val",161,0.465192586183548,1
0.1,64,"val",162,0.349590271711349,1
0.1,64,"val",163,0.36531537771225,1
0.1,64,"val",164,0.466865539550781,0
0.1,64,"val",165,0.513252913951874,0
0.1,64,"val",166,0.470149397850037,0
0.1,64,"val",167,0.480346292257309,0
0.1,64,"val",168,0.513662099838257,1
0.1,64,"val",169,0.514192521572113,0
0.1,64,"val",170,0.494596362113953,0
0.1,64,"val",171,0.494283586740494,0
0.1,64,"val",172,0.45985546708107,1
0.1,64,"val",173,0.457638263702393,1
0.1,64,"val",174,0.523431360721588,1
0.1,64,"val",175,0.473809063434601,0
0.1,64,"val",176,0.512072384357452,0
0.1,64,"val",177,0.461832761764526,1
0.1,64,"val",178,0.499471604824066,0
0.1,64,"val",179,0.517852246761322,1
0.1,64,"val",180,0.28926283121109,0
0.1,64,"val",181,0.290297657251358,1
0.1,64,"val",182,0.482912212610245,1
0.1,64,"val",183,0.456662893295288,1
0.1,64,"val",184,0.495972961187363,0
0.1,64,"val",185,0.493986785411835,0
0.1,64,"val",186,0.465192586183548,0
0.1,64,"val",187,0.427226513624191,0
0.1,64,"val",188,0.36531537771225,0
0.1,64,"val",189,0.343801200389862,0
0.1,64,"val",190,0.513252913951874,0
0.1,64,"val",191,0.505887746810913,1
0.1,64,"val",192,0.480346292257309,0
0.1,64,"val",193,0.467704504728317,0
0.1,64,"val",194,0.514192521572113,0
0.1,64,"val",195,0.483382910490036,1
0.1,64,"val",196,0.494283586740494,1
0.1,64,"val",197,0.510636806488037,1
0.1,64,"val",198,0.457638263702393,1
0.1,64,"val",199,0.426688581705093,0
0.1,64,"val",200,0.473809063434601,0
0.1,64,"val",201,0.437082976102829,0
0.1,64,"val",202,0.461832761764526,0
0.1,64,"val",203,0.489583373069763,1
0.1,64,"val",204,0.517852246761322,1
0.1,64,"val",205,0.53528892993927,1
0.1,64,"val",206,0.290297657251358,0
0.1,64,"val",207,0.475130677223206,0
0.1,64,"val",208,0.456662893295288,0
0.1,64,"val",209,0.499407440423965,1
0.1,64,"val",210,0.493986785411835,1
0.1,64,"val",211,0.490856885910034,1
0.1,64,"val",212,0.427226513624191,1
0.1,64,"val",213,0.454249769449234,1
0.1,64,"val",214,0.343801200389862,1
0.1,64,"val",215,0.349141299724579,0
0.1,64,"val",216,0.505887627601624,0
0.1,64,"val",217,0.513828933238983,0
0.1,64,"val",218,0.467704504728317,0
0.1,64,"val",219,0.504149436950684,0
0.1,64,"val",220,0.483382910490036,0
0.1,64,"val",221,0.492533832788467,1
0.1,64,"val",222,0.510636806488037,1
0.1,64,"val",223,0.54270738363266,1
0.1,64,"val",224,0.426688581705093,0
0.1,64,"val",225,0.50028383731842,1
0.1,64,"val",226,0.437082976102829,1
0.1,64,"val",227,0.428179383277893,1
0.1,64,"val",228,0.489583373069763,0
0.1,64,"val",229,0.471300274133682,0
0.1,64,"val",230,0.53528892993927,0
0.1,64,"val",231,0.602335870265961,0
0.1,64,"val",232,0.475130677223206,0
0.1,64,"val",233,0.292059689760208,0
0.1,64,"val",234,0.499407440423965,0
0.1,64,"val",235,0.533854484558105,0
0.1,64,"val",236,0.490856885910034,0
0.1,64,"val",237,0.494250118732452,0
0.1,64,"val",238,0.454249769449234,1
0.1,64,"val",239,0.452551901340485,0
0.1,64,"val",240,0.349141299724579,0
0.1,64,"val",241,0.345969468355179,0
0.1,64,"val",242,0.513828933238983,0
0.1,64,"val",243,0.504686713218689,1
0.1,64,"val",244,0.504149436950684,1
0.1,64,"val",245,0.483232825994492,1
0.1,64,"val",246,0.492533832788467,0
0.1,64,"val",247,0.472063064575195,1
0.1,64,"val",248,0.54270738363266,1
0.1,64,"val",249,0.540428876876831,0
0.1,64,"val",250,0.50028383731842,1
0.1,64,"val",251,0.482532829046249,1
0.1,64,"val",252,0.428179383277893,1
0.1,64,"val",253,0.4430051445961,1
0.1,64,"val",254,0.471300274133682,0
0.1,64,"val",255,0.461888819932938,0
0.1,64,"val",256,0.602335870265961,0
0.1,64,"val",257,0.578746259212494,0
0.1,64,"val",258,0.292059689760208,1
0.1,64,"val",259,0.427971690893173,1
0.1,64,"val",260,0.533854484558105,1
0.1,64,"val",261,0.48902815580368,1
0.1,64,"val",262,0.494250118732452,1
0.1,64,"val",263,0.492420077323914,0
0.1,64,"val",264,0.452551901340485,0
0.1,64,"val",265,0.449737668037415,1
0.1,64,"val",266,0.345969468355179,1
0.1,64,"val",267,0.345707148313522,0
0.1,64,"val",268,0.504686713218689,0
0.1,64,"val",269,0.493104070425034,0
0.1,64,"val",270,0.483232825994492,1
0.1,64,"val",271,0.44964388012886,1
0.1,64,"val",272,0.472063064575195,1
0.1,64,"val",273,0.514457762241364,1
0.1,64,"val",274,0.540428876876831,0
0.1,64,"val",275,0.566390872001648,0
0.1,64,"val",276,0.482532829046249,0
0.1,64,"val",277,0.48900380730629,0
0.1,64,"val",278,0.4430051445961,1
0.1,64,"val",279,0.4489925801754,1
0.1,64,"val",280,0.461888819932938,1
0.1,64,"val",281,0.494668155908585,1
0.1,64,"val",282,0.578746259212494,1
0.1,64,"val",283,0.509597957134247,1
0.1,64,"val",284,0.427971690893173,0
0.1,64,"val",285,0.448469400405884,0
0.1,64,"val",286,0.48902815580368,0
0.1,64,"val",287,0.515727579593658,0
0.1,64,"val",288,0.492420047521591,0
0.1,64,"val",289,0.489887744188309,0
0.1,64,"val",290,0.449737668037415,0
0.1,64,"val",291,0.434122502803802,0
0.1,64,"val",292,0.345707148313522,0
0.1,64,"val",293,0.362092882394791,0
0.1,64,"val",294,0.493104070425034,1
0.1,64,"val",295,0.482470154762268,1
0.1,64,"val",296,0.44964388012886,0
0.1,64,"val",297,0.545633375644684,0
0.1,64,"val",298,0.514457762241364,0
0.1,64,"val",299,0.536251664161682,1
0.1,64,"val",300,0.566390872001648,1
0.1,64,"val",301,0.527525365352631,1
0.1,64,"val",302,0.48900380730629,0
0.1,64,"val",303,0.441818624734879,0
0.1,64,"val",304,0.4489925801754,0
0.1,64,"test",1,0.338704288005829,0
0.1,64,"test",2,0.494668155908585,0
0.1,64,"test",3,0.511220991611481,1
0.1,64,"test",4,0.509597957134247,1
0.1,64,"test",5,0.552672982215881,1
0.1,64,"test",6,0.448469400405884,1
0.1,64,"test",7,0.425822466611862,1
0.1,64,"test",8,0.515727579593658,1
0.1,64,"test",9,0.47312194108963,1
0.1,64,"test",10,0.489887744188309,1
0.1,64,"test",11,0.490284234285355,1
0.1,64,"test",12,0.434122502803802,1
0.1,64,"test",13,0.445743083953857,1
0.1,64,"test",14,0.362092882394791,1
0.1,64,"test",15,0.366039335727692,1
0.1,64,"test",16,0.482470154762268,1
0.1,64,"test",17,0.49908173084259,0
0.1,64,"test",18,0.545633375644684,0
0.1,64,"test",19,0.551982343196869,0
0.1,64,"test",20,0.536251664161682,1
0.1,64,"test",21,0.558890879154205,1
0.1,64,"test",22,0.527525365352631,1
0.1,64,"test",23,0.513425827026367,0
0.1,64,"test",24,0.441818624734879,0
0.1,64,"test",25,0.493680357933044,0
0.1,64,"test",26,0.338704288005829,1
0.1,64,"test",27,0.443031549453735,1
0.1,64,"test",28,0.511220991611481,1
0.1,64,"test",29,0.508736610412598,0
0.1,64,"test",30,0.552672982215881,0
0.1,64,"test",31,0.589398562908173,0
0.1,64,"test",32,0.425822466611862,0
0.1,64,"test",33,0.382617563009262,0
0.1,64,"test",34,0.47312194108963,1
0.1,64,"test",35,0.479931324720383,1
0.1,64,"test",36,0.490284234285355,1
0.1,64,"test",37,0.490750730037689,1
0.1,64,"test",38,0.445743083953857,1
0.1,64,"test",39,0.430997848510742,1
0.1,64,"test",40,0.366039335727692,1
0.1,64,"test",41,0.3592808842659,1
0.1,64,"test",42,0.49908173084259,0
0.1,64,"test",43,0.478939324617386,0
0.1,64,"test",44,0.551982343196869,1
0.1,64,"test",45,0.546571791172028,1
0.1,64,"test",46,0.558890879154205,1
0.1,64,"test",47,0.524867057800293,0
0.1,64,"test",48,0.513425827026367,0
0.1,64,"test",49,0.507525861263275,0
0.1,64,"test",50,0.493680357933044,0
0.1,64,"test",51,0.435758829116821,1
0.1,64,"test",52,0.443031549453735,1
0.1,64,"test",53,0.436201632022858,1
0.1,64,"test",54,0.508736610412598,1
0.1,64,"test",55,0.480871587991714,0
0.1,64,"test",56,0.589398622512817,0
0.1,64,"test",57,0.664706349372864,0
0.1,64,"test",58,0.382617563009262,0
0.1,64,"test",59,0.351886421442032,1
0.1,64,"test",60,0.479931324720383,1
0.1,64,"test",61,0.479876399040222,1
0.1,64,"test",62,0.490750730037689,0
0.1,64,"test",63,0.491269886493683,1
0.1,64,"test",64,0.430997848510742,1
0.1,64,"test",65,0.436030387878418,1
0.1,64,"test",66,0.3592808842659,1
0.1,64,"test",67,0.369075357913971,1
0.1,64,"test",68,0.478939324617386,0
0.1,64,"test",69,0.466069042682648,0
0.1,64,"test",70,0.546571791172028,0
0.1,64,"test",71,0.495802938938141,1
0.1,64,"test",72,0.524867057800293,1
0.1,64,"test",73,0.490019679069519,0
0.1,64,"test",74,0.507525861263275,0
0.1,64,"test",75,0.530092537403107,0
0.1,64,"test",76,0.435758829116821,0
0.1,64,"test",77,0.461901187896729,0
0.1,64,"test",78,0.436201632022858,1
0.1,64,"test",79,0.491807669401169,0
0.1,64,"test",80,0.480871587991714,0
0.1,64,"test",81,0.498929798603058,1
0.1,64,"test",82,0.664706349372864,1
0.1,64,"test",83,0.604112029075623,1
0.1,64,"test",84,0.351886421442032,1
0.1,64,"test",85,0.379863232374191,0
0.1,64,"test",86,0.479876399040222,0
0.1,64,"test",87,0.467031359672546,0
0.1,64,"test",88,0.491269886493683,0
0.1,64,"test",89,0.489583879709244,0
0.1,64,"test",90,0.436030387878418,0
0.1,64,"test",91,0.460489273071289,1
0.1,64,"test",92,0.369075357913971,0
0.1,64,"test",93,0.369425058364868,0
0.1,64,"test",94,0.466069042682648,0
0.1,64,"test",95,0.481024205684662,0
0.1,64,"test",96,0.495802938938141,0
0.1,64,"test",97,0.504783868789673,1
0.1,64,"test",98,0.490019679069519,1
0.1,64,"test",99,0.520505249500275,1
0.1,64,"test",100,0.530092537403107,1
0.1,64,"test",101,0.517591059207916,1
0.1,64,"test",102,0.461901187896729,0
0.1,64,"test",103,0.436186045408249,0
0.1,64,"test",104,0.491807669401169,0
0.1,64,"test",105,0.542374789714813,0
0.1,64,"test",106,0.498929798603058,0
0.1,64,"test",107,0.45597380399704,0
0.1,64,"test",108,0.604112029075623,0
0.1,64,"test",109,0.621001362800598,0
0.1,64,"test",110,0.379863232374191,1
0.1,64,"test",111,0.27940645813942,1
0.1,64,"test",112,0.467031359672546,1
0.1,64,"test",113,0.48144742846489,0
0.1,64,"test",114,0.489583879709244,1
0.1,64,"test",115,0.498494923114777,1
0.1,64,"test",116,0.460489273071289,1
0.1,64,"test",117,0.455808103084564,1
0.1,64,"test",118,0.369425058364868,1
0.1,64,"test",119,0.354842305183411,0
0.1,64,"test",120,0.481024205684662,0
0.1,64,"test",121,0.507734656333923,0
0.1,64,"test",122,0.504783868789673,1
0.1,64,"test",123,0.500806510448456,1
0.1,64,"test",124,0.520505249500275,1
0.1,64,"test",125,0.492969125509262,0
0.1,64,"test",126,0.517591059207916,0
0.1,64,"test",127,0.505656480789185,0
0.1,64,"test",128,0.436186045408249,1
0.1,64,"test",129,0.410053580999374,1
0.1,64,"test",130,0.542374789714813,1
0.1,64,"test",131,0.55865603685379,1
0.1,64,"test",132,0.45597380399704,0
0.1,64,"test",133,0.551186859607697,0
0.1,64,"test",134,0.621001362800598,0
0.1,64,"test",135,0.589942336082458,0
0.1,64,"test",136,0.27940645813942,0
0.1,64,"test",137,0.376691460609436,1
0.1,64,"test",138,0.48144742846489,1
0.1,64,"test",139,0.493815898895264,1
0.1,64,"test",140,0.498494923114777,1
0.1,64,"test",141,0.499169290065765,1
0.1,64,"test",142,0.455808103084564,1
0.1,64,"test",143,0.489286690950394,1
0.1,64,"test",144,0.354842305183411,1
0.1,64,"test",145,0.355734020471573,1
0.1,64,"test",146,0.507734656333923,1
0.1,64,"test",147,0.5169797539711,1
0.1,64,"test",148,0.500806510448456,1
0.1,64,"test",149,0.563873648643494,1
0.1,64,"test",150,0.492969125509262,1
0.1,64,"test",151,0.497642636299133,1
0.1,64,"test",152,0.505656480789185,0
0.1,64,"test",153,0.552518546581268,0
0.1,64,"test",154,0.410053580999374,1
0.1,64,"test",155,0.346093267202377,1
0.1,64,"test",156,0.55865603685379,1
0.1,64,"test",157,0.515991926193237,0
0.1,64,"test",158,0.551186859607697,0
0.1,64,"test",159,0.518307089805603,0
0.1,64,"test",160,0.589942336082458,0
0.1,64,"test",161,0.581535696983337,0
0.1,64,"test",162,0.376691460609436,0
0.1,64,"test",163,0.449579477310181,0
0.1,64,"test",164,0.493815898895264,0
0.1,64,"test",165,0.484962612390518,1
0.1,64,"test",166,0.499169290065765,1
0.1,64,"test",167,0.495370924472809,0
0.1,64,"test",168,0.489286690950394,1
0.1,64,"test",169,0.484318733215332,1
0.1,64,"test",170,0.355734020471573,1
0.1,64,"test",171,0.353233575820923,0
0.1,64,"test",172,0.5169797539711,0
0.1,64,"test",173,0.513390362262726,1
0.1,64,"test",174,0.563873648643494,1
0.1,64,"test",175,0.532254099845886,1
0.1,64,"test",176,0.497642636299133,1
0.1,64,"test",177,0.489545226097107,0
0.1,64,"test",178,0.552518546581268,0
0.1,64,"test",179,0.499737441539764,0
0.1,64,"test",180,0.346093267202377,0
0.1,64,"test",181,0.497209638357162,0
0.1,64,"test",182,0.515991926193237,0
0.1,64,"test",183,0.508675873279572,0
0.1,64,"test",184,0.518307089805603,0
0.1,64,"test",185,0.479670166969299,0
0.1,64,"test",186,0.581535696983337,1
0.1,64,"test",187,0.558068692684174,0
0.1,64,"test",188,0.449579477310181,0
0.1,64,"test",189,0.454541742801666,0
0.1,64,"test",190,0.484962612390518,0
0.1,64,"test",191,0.455324709415436,0
0.1,64,"test",192,0.495370984077454,0
0.1,64,"test",193,0.496502280235291,0
0.1,64,"test",194,0.484318733215332,0
0.1,64,"test",195,0.472943603992462,0
0.1,64,"test",196,0.353233575820923,0
0.1,64,"test",197,0.35420298576355,1
0.1,64,"test",198,0.513390362262726,1
0.1,64,"test",199,0.508018732070923,1
0.1,64,"test",200,0.532254099845886,0
0.1,64,"test",201,0.527332305908203,0
0.1,64,"test",202,0.489545226097107,1
0.1,64,"test",203,0.569592237472534,0
0.1,64,"test",204,0.499737441539764,0
0.1,64,"test",205,0.508250653743744,0
0.1,64,"test",206,0.497209638357162,1
0.1,64,"test",207,0.469361811876297,0
0.1,64,"test",208,0.508675873279572,0
0.1,64,"test",209,0.451235711574554,0
0.1,64,"test",210,0.479670166969299,0
0.1,64,"test",211,0.481378048658371,0
0.1,64,"test",212,0.558068692684174,1
0.1,64,"test",213,0.639133095741272,0
0.1,64,"test",214,0.454541742801666,1
0.1,64,"test",215,0.303293257951736,1
0.1,64,"test",216,0.455324679613113,1
0.1,64,"test",217,0.416527420282364,0
0.1,64,"test",218,0.496502280235291,0
0.1,64,"test",219,0.494732320308685,1
0.1,64,"test",220,0.472943603992462,1
0.1,64,"test",221,0.485516041517258,0
0.1,64,"test",222,0.35420298576355,1
0.1,64,"test",223,0.356849044561386,1
0.1,64,"test",224,0.508018732070923,1
0.1,64,"test",225,0.495621800422668,0
0.1,64,"test",226,0.527332305908203,0
0.1,64,"test",227,0.513785481452942,0
0.1,64,"test",228,0.569592237472534,1
0.1,64,"test",229,0.495803862810135,1
0.1,64,"test",230,0.508250653743744,0
0.1,64,"test",231,0.461337834596634,1
0.1,64,"test",232,0.469361811876297,1
0.1,64,"test",233,0.484047323465347,1
0.1,64,"test",234,0.451235711574554,1
0.1,64,"test",235,0.456898212432861,1
0.1,64,"test",236,0.481378048658371,1
0.1,64,"test",237,0.49465075135231,0
0.1,64,"test",238,0.639133095741272,0
0.1,64,"test",239,0.589568734169006,0
0.1,64,"test",240,0.303293257951736,0
0.1,64,"test",241,0.278988718986511,0
0.1,64,"test",242,0.416527420282364,0
0.1,64,"test",243,0.451206833124161,0
0.1,64,"test",244,0.494732320308685,1
0.1,64,"test",245,0.488794714212418,1
0.1,64,"test",246,0.485516041517258,1
0.1,64,"test",247,0.487872093915939,1
0.1,64,"test",248,0.356848984956741,1
0.1,64,"test",249,0.381507515907288,1
0.1,64,"test",250,0.495621800422668,1
0.1,64,"test",251,0.509153425693512,1
0.1,64,"test",252,0.513785481452942,0
0.1,64,"test",253,0.538304448127747,0
0.1,64,"test",254,0.495803862810135,0
0.1,64,"test",255,0.470013707876205,1
0.1,64,"test",256,0.461337834596634,1
0.1,64,"test",257,0.529697179794312,1
0.1,64,"test",258,0.484047323465347,1
0.1,64,"test",259,0.469893455505371,1
0.1,64,"test",260,0.456898212432861,1
0.1,64,"test",261,0.438802152872086,1
0.1,64,"test",262,0.49465075135231,0
0.1,64,"test",263,0.436840355396271,0
0.1,64,"test",264,0.589568734169006,1
0.1,64,"test",265,0.610373139381409,1
0.1,64,"test",266,0.278988718986511,1
0.1,64,"test",267,0.44052866101265,1
0.1,64,"test",268,0.451206833124161,1
0.1,64,"test",269,0.466992050409317,1
0.1,64,"test",270,0.488794714212418,1
0.1,64,"test",271,0.499162912368774,1
0.1,64,"test",272,0.487872093915939,1
0.1,64,"test",273,0.466420352458954,1
0.1,64,"test",274,0.381507515907288,1
0.1,64,"test",275,0.357585161924362,1
0.1,64,"test",276,0.509153425693512,1
0.1,64,"test",277,0.535503625869751,1
0.1,64,"test",278,0.538304448127747,0
0.1,64,"test",279,0.589331865310669,0
0.1,64,"test",280,0.470013678073883,0
0.1,64,"test",281,0.522735357284546,0
0.1,64,"test",282,0.529697179794312,0
0.1,64,"test",283,0.496560484170914,0
0.1,64,"test",284,0.469893455505371,0
0.1,64,"test",285,0.454007148742676,0
0.1,64,"test",286,0.438802152872086,0
0.1,64,"test",287,0.540241122245789,0
0.1,64,"test",288,0.436840355396271,0
0.1,64,"test",289,0.490225046873093,0
0.1,64,"test",290,0.610373139381409,0
0.1,64,"test",291,0.539460480213165,0
0.1,64,"test",292,0.44052866101265,1
0.1,64,"test",293,0.483764976263046,1
0.1,64,"test",294,0.466992050409317,1
0.1,64,"test",295,0.461464822292328,0
0.1,64,"test",296,0.499162912368774,0
0.1,64,"test",297,0.49753201007843,1
0.1,64,"test",298,0.466420352458954,0
0.1,64,"test",299,0.482428759336472,0
0.1,64,"test",300,0.357585161924362,1
0.1,64,"test",301,0.378156721591949,1
0.1,64,"test",302,0.535503625869751,1
0.1,64,"test",303,0.5185227394104,0
0.1,64,"test",304,0.589331865310669,1
0.1,64,"test",305,0.568320572376251,0
