"lambda","seed","set","sample_id","yhat","y_true"
0,23,"val",1,0.506685972213745,0
0,23,"val",2,0.467904716730118,1
0,23,"val",3,0.459728211164474,0
0,23,"val",4,0.463756412267685,1
0,23,"val",5,0.460397511720657,1
0,23,"val",6,0.396376341581345,1
0,23,"val",7,0.426185131072998,1
0,23,"val",8,0.506075382232666,1
0,23,"val",9,0.500280976295471,1
0,23,"val",10,0.521356523036957,1
0,23,"val",11,0.52041095495224,1
0,23,"val",12,0.513886690139771,1
0,23,"val",13,0.518364191055298,1
0,23,"val",14,0.51686042547226,1
0,23,"val",15,0.529335796833038,1
0,23,"val",16,0.509613513946533,1
0,23,"val",17,0.502355217933655,1
0,23,"val",18,0.489997655153275,1
0,23,"val",19,0.490760177373886,1
0,23,"val",20,0.53693163394928,1
0,23,"val",21,0.544630587100983,1
0,23,"val",22,0.535570442676544,1
0,23,"val",23,0.542799890041351,0
0,23,"val",24,0.495721280574799,0
0,23,"val",25,0.48087152838707,1
0,23,"val",26,0.506685972213745,0
0,23,"val",27,0.510290026664734,0
0,23,"val",28,0.459728211164474,0
0,23,"val",29,0.408711344003677,1
0,23,"val",30,0.460397511720657,1
0,23,"val",31,0.466253221035004,0
0,23,"val",32,0.426185131072998,0
0,23,"val",33,0.413298070430756,0
0,23,"val",34,0.500280976295471,0
0,23,"val",35,0.497994840145111,0
0,23,"val",36,0.52041095495224,0
0,23,"val",37,0.520825088024139,1
0,23,"val",38,0.518364191055298,1
0,23,"val",39,0.521755218505859,1
0,23,"val",40,0.529335796833038,0
0,23,"val",41,0.519957005977631,0
0,23,"val",42,0.502355217933655,0
0,23,"val",43,0.503812313079834,0
0,23,"val",44,0.490760177373886,0
0,23,"val",45,0.49179407954216,0
0,23,"val",46,0.544630587100983,0
0,23,"val",47,0.542433261871338,1
0,23,"val",48,0.542799890041351,1
0,23,"val",49,0.540144681930542,1
0,23,"val",50,0.48087152838707,1
0,23,"val",51,0.497842729091644,1
0,23,"val",52,0.510290026664734,1
0,23,"val",53,0.517744123935699,1
0,23,"val",54,0.408711344003677,1
0,23,"val",55,0.444666832685471,1
0,23,"val",56,0.466253221035004,1
0,23,"val",57,0.471147239208221,1
0,23,"val",58,0.413298070430756,1
0,23,"val",59,0.442068636417389,1
0,23,"val",60,0.497994840145111,1
0,23,"val",61,0.507539629936218,0
0,23,"val",62,0.520825088024139,1
0,23,"val",63,0.522463381290436,0
0,23,"val",64,0.521755218505859,0
0,23,"val",65,0.52002614736557,1
0,23,"val",66,0.519957005977631,1
0,23,"val",67,0.525057315826416,1
0,23,"val",68,0.503812313079834,1
0,23,"val",69,0.503258109092712,1
0,23,"val",70,0.49179407954216,1
0,23,"val",71,0.490513622760773,1
0,23,"val",72,0.542433261871338,1
0,23,"val",73,0.534083902835846,1
0,23,"val",74,0.540144681930542,1
0,23,"val",75,0.580174326896667,1
0,23,"val",76,0.497842729091644,0
0,23,"val",77,0.504912674427032,1
0,23,"val",78,0.517744123935699,1
0,23,"val",79,0.510825991630554,0
0,23,"val",80,0.444666832685471,0
0,23,"val",81,0.470090568065643,0
0,23,"val",82,0.471147239208221,1
0,23,"val",83,0.470255970954895,0
0,23,"val",84,0.442068636417389,0
0,23,"val",85,0.443003296852112,0
0,23,"val",86,0.507539629936218,1
0,23,"val",87,0.494535952806473,1
0,23,"val",88,0.522463381290436,1
0,23,"val",89,0.523742914199829,0
0,23,"val",90,0.52002614736557,0
0,23,"val",91,0.516466915607452,0
0,23,"val",92,0.525057315826416,0
0,23,"val",93,0.528191149234772,0
0,23,"val",94,0.503258109092712,0
0,23,"val",95,0.499904870986938,0
0,23,"val",96,0.490513622760773,1
0,23,"val",97,0.491193801164627,1
0,23,"val",98,0.534083902835846,1
0,23,"val",99,0.539481520652771,1
0,23,"val",100,0.580174326896667,0
0,23,"val",101,0.568339288234711,0
0,23,"val",102,0.504912674427032,0
0,23,"val",103,0.474412709474564,0
0,23,"val",104,0.510825991630554,1
0,23,"val",105,0.514500796794891,1
0,23,"val",106,0.470090568065643,1
0,23,"val",107,0.468191057443619,1
0,23,"val",108,0.470255970954895,1
0,23,"val",109,0.471569269895554,0
0,23,"val",110,0.443003296852112,0
0,23,"val",111,0.408097863197327,1
0,23,"val",112,0.494535952806473,1
0,23,"val",113,0.4994997382164,1
0,23,"val",114,0.523742914199829,0
0,23,"val",115,0.522114098072052,1
0,23,"val",116,0.516466915607452,0
0,23,"val",117,0.523595690727234,1
0,23,"val",118,0.528191149234772,1
0,23,"val",119,0.517396986484528,1
0,23,"val",120,0.499904870986938,0
0,23,"val",121,0.503828823566437,0
0,23,"val",122,0.491193801164627,0
0,23,"val",123,0.491999357938766,1
0,23,"val",124,0.539481520652771,1
0,23,"val",125,0.531576812267303,1
0,23,"val",126,0.568339288234711,1
0,23,"val",127,0.561796963214874,1
0,23,"val",128,0.474412709474564,1
0,23,"val",129,0.43634307384491,1
0,23,"val",130,0.514500796794891,1
0,23,"val",131,0.515244603157043,0
0,23,"val",132,0.468191057443619,0
0,23,"val",133,0.460037052631378,1
0,23,"val",134,0.471569269895554,1
0,23,"val",135,0.464528918266296,0
0,23,"val",136,0.408097863197327,0
0,23,"val",137,0.428058207035065,0
0,23,"val",138,0.4994997382164,0
0,23,"val",139,0.499030828475952,0
0,23,"val",140,0.522114098072052,0
0,23,"val",141,0.518216013908386,1
0,23,"val",142,0.523595690727234,1
0,23,"val",143,0.518536746501923,1
0,23,"val",144,0.517396986484528,0
0,23,"val",145,0.521963655948639,0
0,23,"val",146,0.503828823566437,0
0,23,"val",147,0.501725614070892,0
0,23,"val",148,0.491999357938766,0
0,23,"val",149,0.489467531442642,0
0,23,"val",150,0.531576812267303,0
0,23,"val",151,0.531952381134033,0
0,23,"val",152,0.561796963214874,1
0,23,"val",153,0.584509968757629,0
0,23,"val",154,0.43634307384491,1
0,23,"val",155,0.451234698295593,0
0,23,"val",156,0.515244603157043,0
0,23,"val",157,0.511738002300262,0
0,23,"val",158,0.460037052631378,0
0,23,"val",159,0.462916553020477,1
0,23,"val",160,0.464528918266296,1
0,23,"val",161,0.473095297813416,1
0,23,"val",162,0.428058207035065,1
0,23,"val",163,0.432517170906067,1
0,23,"val",164,0.499030828475952,0
0,23,"val",165,0.475435376167297,0
0,23,"val",166,0.518216013908386,0
0,23,"val",167,0.518671929836273,0
0,23,"val",168,0.518536746501923,1
0,23,"val",169,0.521952748298645,0
0,23,"val",170,0.521963655948639,0
0,23,"val",171,0.522061049938202,0
0,23,"val",172,0.501725614070892,1
0,23,"val",173,0.50026535987854,1
0,23,"val",174,0.489467531442642,1
0,23,"val",175,0.493815004825592,0
0,23,"val",176,0.531952381134033,0
0,23,"val",177,0.520418524742126,1
0,23,"val",178,0.584509968757629,0
0,23,"val",179,0.56218558549881,1
0,23,"val",180,0.451234698295593,0
0,23,"val",181,0.451878190040588,1
0,23,"val",182,0.511738002300262,1
0,23,"val",183,0.510414719581604,1
0,23,"val",184,0.462916553020477,0
0,23,"val",185,0.459031134843826,0
0,23,"val",186,0.473095297813416,0
0,23,"val",187,0.480629831552505,0
0,23,"val",188,0.432517170906067,0
0,23,"val",189,0.445690929889679,0
0,23,"val",190,0.475435376167297,0
0,23,"val",191,0.496166706085205,1
0,23,"val",192,0.518671929836273,0
0,23,"val",193,0.518326878547668,0
0,23,"val",194,0.521952748298645,0
0,23,"val",195,0.514925360679626,1
0,23,"val",196,0.522061049938202,1
0,23,"val",197,0.516622364521027,1
0,23,"val",198,0.50026535987854,1
0,23,"val",199,0.499583959579468,0
0,23,"val",200,0.493815004825592,0
0,23,"val",201,0.491054385900497,0
0,23,"val",202,0.520418524742126,0
0,23,"val",203,0.525527536869049,1
0,23,"val",204,0.56218558549881,1
0,23,"val",205,0.542069613933563,1
0,23,"val",206,0.451878190040588,0
0,23,"val",207,0.492905080318451,0
0,23,"val",208,0.510414719581604,0
0,23,"val",209,0.50953733921051,1
0,23,"val",210,0.459031134843826,1
0,23,"val",211,0.45328289270401,1
0,23,"val",212,0.480629831552505,1
0,23,"val",213,0.479964822530746,1
0,23,"val",214,0.445690929889679,1
0,23,"val",215,0.443591266870499,0
0,23,"val",216,0.496166706085205,0
0,23,"val",217,0.481977254152298,0
0,23,"val",218,0.518326878547668,0
0,23,"val",219,0.520655810832977,0
0,23,"val",220,0.514925360679626,0
0,23,"val",221,0.51867663860321,1
0,23,"val",222,0.516622364521027,1
0,23,"val",223,0.52134245634079,1
0,23,"val",224,0.499583959579468,0
0,23,"val",225,0.498010158538818,1
0,23,"val",226,0.491054385900497,1
0,23,"val",227,0.491152882575989,1
0,23,"val",228,0.525527536869049,0
0,23,"val",229,0.520444869995117,0
0,23,"val",230,0.542069613933563,0
0,23,"val",231,0.534474194049835,0
0,23,"val",232,0.492905080318451,0
0,23,"val",233,0.44806757569313,0
0,23,"val",234,0.50953733921051,0
0,23,"val",235,0.520008087158203,0
0,23,"val",236,0.45328289270401,0
0,23,"val",237,0.461952120065689,0
0,23,"val",238,0.479964822530746,1
0,23,"val",239,0.474659442901611,0
0,23,"val",240,0.443591266870499,0
0,23,"val",241,0.442086160182953,0
0,23,"val",242,0.481977254152298,0
0,23,"val",243,0.477102875709534,1
0,23,"val",244,0.520655810832977,1
0,23,"val",245,0.519372045993805,1
0,23,"val",246,0.51867663860321,0
0,23,"val",247,0.514860510826111,1
0,23,"val",248,0.52134245634079,1
0,23,"val",249,0.51999306678772,0
0,23,"val",250,0.498010158538818,1
0,23,"val",251,0.497628629207611,1
0,23,"val",252,0.491152882575989,1
0,23,"val",253,0.489432275295258,1
0,23,"val",254,0.520444869995117,0
0,23,"val",255,0.519340813159943,0
0,23,"val",256,0.534474194049835,0
0,23,"val",257,0.528744995594025,0
0,23,"val",258,0.44806757569313,1
0,23,"val",259,0.487229824066162,1
0,23,"val",260,0.520008087158203,1
0,23,"val",261,0.514716923236847,1
0,23,"val",262,0.461952120065689,1
0,23,"val",263,0.459337502717972,0
0,23,"val",264,0.474659442901611,0
0,23,"val",265,0.473945170640945,1
0,23,"val",266,0.442086160182953,1
0,23,"val",267,0.441763401031494,0
0,23,"val",268,0.477102875709534,0
0,23,"val",269,0.476570188999176,0
0,23,"val",270,0.519372045993805,1
0,23,"val",271,0.517209708690643,1
0,23,"val",272,0.514860510826111,1
0,23,"val",273,0.526906371116638,1
0,23,"val",274,0.51999306678772,0
0,23,"val",275,0.525594770908356,0
0,23,"val",276,0.497628629207611,0
0,23,"val",277,0.49963515996933,0
0,23,"val",278,0.489432275295258,1
0,23,"val",279,0.489250689744949,1
0,23,"val",280,0.519340813159943,1
0,23,"val",281,0.525283515453339,1
0,23,"val",282,0.528744995594025,1
0,23,"val",283,0.524568676948547,1
0,23,"val",284,0.487229824066162,0
0,23,"val",285,0.483139961957932,0
0,23,"val",286,0.514716923236847,0
0,23,"val",287,0.51708573102951,0
0,23,"val",288,0.459337502717972,0
0,23,"val",289,0.45475697517395,0
0,23,"val",290,0.473945170640945,0
0,23,"val",291,0.485277086496353,0
0,23,"val",292,0.441763401031494,0
0,23,"val",293,0.421284019947052,0
0,23,"val",294,0.476570188999176,1
0,23,"val",295,0.477914690971375,1
0,23,"val",296,0.517209708690643,0
0,23,"val",297,0.522863268852234,0
0,23,"val",298,0.526906371116638,0
0,23,"val",299,0.534892320632935,1
0,23,"val",300,0.525594770908356,1
0,23,"val",301,0.517507612705231,1
0,23,"val",302,0.49963515996933,0
0,23,"val",303,0.500417232513428,0
0,23,"val",304,0.489250689744949,0
0,23,"test",1,0.496217250823975,0
0,23,"test",2,0.525283515453339,0
0,23,"test",3,0.529214262962341,1
0,23,"test",4,0.524568676948547,1
0,23,"test",5,0.520031929016113,1
0,23,"test",6,0.483139961957932,1
0,23,"test",7,0.483107149600983,1
0,23,"test",8,0.5170858502388,1
0,23,"test",9,0.511261105537415,1
0,23,"test",10,0.45475697517395,1
0,23,"test",11,0.462490797042847,1
0,23,"test",12,0.485277086496353,1
0,23,"test",13,0.467538833618164,1
0,23,"test",14,0.421284019947052,1
0,23,"test",15,0.432093620300293,1
0,23,"test",16,0.477914690971375,1
0,23,"test",17,0.486697971820831,0
0,23,"test",18,0.522863268852234,0
0,23,"test",19,0.523418366909027,0
0,23,"test",20,0.534892320632935,1
0,23,"test",21,0.541602492332458,1
0,23,"test",22,0.517507612705231,1
0,23,"test",23,0.5147465467453,0
0,23,"test",24,0.500417232513428,0
0,23,"test",25,0.500768959522247,0
0,23,"test",26,0.496217250823975,1
0,23,"test",27,0.492694228887558,1
0,23,"test",28,0.529214262962341,1
0,23,"test",29,0.529589176177979,0
0,23,"test",30,0.520031929016113,0
0,23,"test",31,0.526118040084839,0
0,23,"test",32,0.483107149600983,0
0,23,"test",33,0.478039592504501,0
0,23,"test",34,0.511261105537415,1
0,23,"test",35,0.514977216720581,1
0,23,"test",36,0.462490797042847,1
0,23,"test",37,0.468137711286545,1
0,23,"test",38,0.467538833618164,1
0,23,"test",39,0.46891924738884,1
0,23,"test",40,0.432093620300293,1
0,23,"test",41,0.424432903528214,1
0,23,"test",42,0.486697971820831,0
0,23,"test",43,0.502397298812866,0
0,23,"test",44,0.523418366909027,1
0,23,"test",45,0.523019433021545,1
0,23,"test",46,0.541602492332458,1
0,23,"test",47,0.524086475372314,0
0,23,"test",48,0.5147465467453,0
0,23,"test",49,0.518672227859497,0
0,23,"test",50,0.500768959522247,0
0,23,"test",51,0.498841613531113,1
0,23,"test",52,0.492694228887558,1
0,23,"test",53,0.490074127912521,1
0,23,"test",54,0.529589176177979,1
0,23,"test",55,0.524250328540802,0
0,23,"test",56,0.526118040084839,0
0,23,"test",57,0.547874569892883,0
0,23,"test",58,0.478039592504501,0
0,23,"test",59,0.470584720373154,1
0,23,"test",60,0.514977216720581,1
0,23,"test",61,0.501921653747559,1
0,23,"test",62,0.468137711286545,0
0,23,"test",63,0.459813117980957,1
0,23,"test",64,0.46891924738884,1
0,23,"test",65,0.474496096372604,1
0,23,"test",66,0.424432903528214,1
0,23,"test",67,0.414233088493347,1
0,23,"test",68,0.502397298812866,0
0,23,"test",69,0.499437272548676,0
0,23,"test",70,0.523019433021545,0
0,23,"test",71,0.518284916877747,1
0,23,"test",72,0.524086475372314,1
0,23,"test",73,0.519120037555695,0
0,23,"test",74,0.518672227859497,0
0,23,"test",75,0.519294202327728,0
0,23,"test",76,0.498841613531113,0
0,23,"test",77,0.497957766056061,0
0,23,"test",78,0.490074127912521,1
0,23,"test",79,0.487515717744827,0
0,23,"test",80,0.524250328540802,0
0,23,"test",81,0.52908730506897,1
0,23,"test",82,0.547874569892883,1
0,23,"test",83,0.52957683801651,1
0,23,"test",84,0.470584720373154,1
0,23,"test",85,0.477416902780533,0
0,23,"test",86,0.501921653747559,0
0,23,"test",87,0.51002049446106,0
0,23,"test",88,0.459813117980957,0
0,23,"test",89,0.451011419296265,0
0,23,"test",90,0.474496096372604,0
0,23,"test",91,0.469399511814117,1
0,23,"test",92,0.414233088493347,0
0,23,"test",93,0.411416232585907,0
0,23,"test",94,0.499437272548676,0
0,23,"test",95,0.496482789516449,0
0,23,"test",96,0.518284916877747,0
0,23,"test",97,0.520691156387329,1
0,23,"test",98,0.519120037555695,1
0,23,"test",99,0.523975670337677,1
0,23,"test",100,0.519294202327728,1
0,23,"test",101,0.518037855625153,1
0,23,"test",102,0.497957766056061,0
0,23,"test",103,0.497684448957443,0
0,23,"test",104,0.487515717744827,0
0,23,"test",105,0.487279951572418,0
0,23,"test",106,0.52908730506897,0
0,23,"test",107,0.519138336181641,0
0,23,"test",108,0.52957683801651,0
0,23,"test",109,0.533271193504333,0
0,23,"test",110,0.477416902780533,1
0,23,"test",111,0.447080999612808,1
0,23,"test",112,0.51002049446106,1
0,23,"test",113,0.512457191944122,0
0,23,"test",114,0.451011419296265,1
0,23,"test",115,0.476800888776779,1
0,23,"test",116,0.469399511814117,1
0,23,"test",117,0.477439343929291,1
0,23,"test",118,0.411416232585907,1
0,23,"test",119,0.419933080673218,0
0,23,"test",120,0.496482789516449,0
0,23,"test",121,0.474743366241455,0
0,23,"test",122,0.520691156387329,1
0,23,"test",123,0.520448446273804,1
0,23,"test",124,0.523975670337677,1
0,23,"test",125,0.518111646175385,0
0,23,"test",126,0.518037855625153,0
0,23,"test",127,0.520334482192993,0
0,23,"test",128,0.497684448957443,1
0,23,"test",129,0.498730957508087,1
0,23,"test",130,0.487279951572418,1
0,23,"test",131,0.492042928934097,1
0,23,"test",132,0.519138336181641,0
0,23,"test",133,0.548110246658325,0
0,23,"test",134,0.533271193504333,0
0,23,"test",135,0.531227469444275,0
0,23,"test",136,0.447080999612808,0
0,23,"test",137,0.475528389215469,1
0,23,"test",138,0.512457191944122,1
0,23,"test",139,0.512411296367645,1
0,23,"test",140,0.476800888776779,1
0,23,"test",141,0.478099852800369,1
0,23,"test",142,0.477439343929291,1
0,23,"test",143,0.473916321992874,1
0,23,"test",144,0.419933080673218,1
0,23,"test",145,0.409759730100632,1
0,23,"test",146,0.474743366241455,1
0,23,"test",147,0.474560052156448,1
0,23,"test",148,0.520448446273804,1
0,23,"test",149,0.523834347724915,1
0,23,"test",150,0.518111646175385,1
0,23,"test",151,0.521529793739319,1
0,23,"test",152,0.520334482192993,0
0,23,"test",153,0.530219197273254,0
0,23,"test",154,0.498730957508087,1
0,23,"test",155,0.500778436660767,1
0,23,"test",156,0.492042928934097,1
0,23,"test",157,0.487507551908493,0
0,23,"test",158,0.548110246658325,0
0,23,"test",159,0.534020245075226,0
0,23,"test",160,0.531227469444275,0
0,23,"test",161,0.530596554279327,0
0,23,"test",162,0.475528389215469,0
0,23,"test",163,0.491557031869888,0
0,23,"test",164,0.512411296367645,0
0,23,"test",165,0.514662563800812,1
0,23,"test",166,0.478099852800369,1
0,23,"test",167,0.466186463832855,0
0,23,"test",168,0.473916321992874,1
0,23,"test",169,0.469409465789795,1
0,23,"test",170,0.409759730100632,1
0,23,"test",171,0.416253924369812,0
0,23,"test",172,0.474560052156448,0
0,23,"test",173,0.468124598264694,1
0,23,"test",174,0.523834347724915,1
0,23,"test",175,0.522240579128265,1
0,23,"test",176,0.521529793739319,1
0,23,"test",177,0.523477911949158,0
0,23,"test",178,0.530219197273254,0
0,23,"test",179,0.521920263767242,0
0,23,"test",180,0.500778436660767,0
0,23,"test",181,0.496549516916275,0
0,23,"test",182,0.487507551908493,0
0,23,"test",183,0.486856639385223,0
0,23,"test",184,0.534020245075226,0
0,23,"test",185,0.525204598903656,0
0,23,"test",186,0.530596554279327,1
0,23,"test",187,0.529489934444427,0
0,23,"test",188,0.491557031869888,0
0,23,"test",189,0.49442195892334,0
0,23,"test",190,0.514662563800812,0
0,23,"test",191,0.477749109268188,0
0,23,"test",192,0.466186463832855,0
0,23,"test",193,0.472529411315918,0
0,23,"test",194,0.469409465789795,0
0,23,"test",195,0.484320729970932,0
0,23,"test",196,0.416253924369812,0
0,23,"test",197,0.434928119182587,1
0,23,"test",198,0.468124598264694,1
0,23,"test",199,0.473753809928894,1
0,23,"test",200,0.522240579128265,0
0,23,"test",201,0.521892368793488,0
0,23,"test",202,0.523477911949158,1
0,23,"test",203,0.530071318149567,0
0,23,"test",204,0.521920263767242,0
0,23,"test",205,0.517163813114166,0
0,23,"test",206,0.496549516916275,1
0,23,"test",207,0.497181236743927,0
0,23,"test",208,0.486856639385223,0
0,23,"test",209,0.48934331536293,0
0,23,"test",210,0.525204598903656,0
0,23,"test",211,0.525548338890076,0
0,23,"test",212,0.529489934444427,1
0,23,"test",213,0.537346124649048,0
0,23,"test",214,0.49442195892334,1
0,23,"test",215,0.458847910165787,1
0,23,"test",216,0.477749109268188,1
0,23,"test",217,0.468655526638031,0
0,23,"test",218,0.472529411315918,0
0,23,"test",219,0.469639182090759,1
0,23,"test",220,0.484320729970932,1
0,23,"test",221,0.470587581396103,0
0,23,"test",222,0.434928119182587,1
0,23,"test",223,0.411154210567474,1
0,23,"test",224,0.473753809928894,1
0,23,"test",225,0.486146003007889,0
0,23,"test",226,0.521892368793488,0
0,23,"test",227,0.517880320549011,0
0,23,"test",228,0.530071318149567,1
0,23,"test",229,0.524439871311188,1
0,23,"test",230,0.517163813114166,0
0,23,"test",231,0.514804303646088,1
0,23,"test",232,0.497181236743927,1
0,23,"test",233,0.505032777786255,1
0,23,"test",234,0.48934331536293,1
0,23,"test",235,0.488863885402679,1
0,23,"test",236,0.525548338890076,1
0,23,"test",237,0.529427230358124,0
0,23,"test",238,0.537346124649048,0
0,23,"test",239,0.531447112560272,0
0,23,"test",240,0.458847910165787,0
0,23,"test",241,0.451193153858185,0
0,23,"test",242,0.468655526638031,0
0,23,"test",243,0.503310799598694,0
0,23,"test",244,0.469639182090759,1
0,23,"test",245,0.452659845352173,1
0,23,"test",246,0.470587581396103,1
0,23,"test",247,0.486281603574753,1
0,23,"test",248,0.411154210567474,1
0,23,"test",249,0.396259903907776,1
0,23,"test",250,0.486146003007889,1
0,23,"test",251,0.489895761013031,1
0,23,"test",252,0.517880320549011,0
0,23,"test",253,0.520946800708771,0
0,23,"test",254,0.524439871311188,0
0,23,"test",255,0.517962276935577,1
0,23,"test",256,0.514804303646088,1
0,23,"test",257,0.521129786968231,1
0,23,"test",258,0.505032777786255,1
0,23,"test",259,0.497657626867294,1
0,23,"test",260,0.488863885402679,1
0,23,"test",261,0.491133123636246,1
0,23,"test",262,0.529427230358124,0
0,23,"test",263,0.51962798833847,0
0,23,"test",264,0.531447112560272,1
0,23,"test",265,0.530822396278381,1
0,23,"test",266,0.451193153858185,1
0,23,"test",267,0.493980348110199,1
0,23,"test",268,0.503310799598694,1
0,23,"test",269,0.507786870002747,1
0,23,"test",270,0.452659845352173,1
0,23,"test",271,0.473487049341202,1
0,23,"test",272,0.486281603574753,1
0,23,"test",273,0.484181970357895,1
0,23,"test",274,0.396259903907776,1
0,23,"test",275,0.412353813648224,1
0,23,"test",276,0.489895761013031,1
0,23,"test",277,0.473530292510986,1
0,23,"test",278,0.520946800708771,0
0,23,"test",279,0.523858726024628,0
0,23,"test",280,0.517962276935577,0
0,23,"test",281,0.522185504436493,0
0,23,"test",282,0.521129786968231,0
0,23,"test",283,0.515437483787537,0
0,23,"test",284,0.497657626867294,0
0,23,"test",285,0.503643870353699,0
0,23,"test",286,0.491133123636246,0
0,23,"test",287,0.487699002027512,0
0,23,"test",288,0.51962798833847,0
0,23,"test",289,0.527369737625122,0
0,23,"test",290,0.530822396278381,0
0,23,"test",291,0.521368384361267,0
0,23,"test",292,0.493980348110199,1
0,23,"test",293,0.500064969062805,1
0,23,"test",294,0.507786870002747,1
0,23,"test",295,0.513060748577118,0
0,23,"test",296,0.473487049341202,0
0,23,"test",297,0.470072358846664,1
0,23,"test",298,0.484181970357895,0
0,23,"test",299,0.482175260782242,0
0,23,"test",300,0.412353813648224,1
0,23,"test",301,0.351425349712372,1
0,23,"test",302,0.473530292510986,1
0,23,"test",303,0.491663068532944,0
0,23,"test",304,0.523858726024628,1
0,23,"test",305,0.524061381816864,0
0,27,"val",1,0.492372334003448,0
0,27,"val",2,0.463274419307709,1
0,27,"val",3,0.453144580125809,0
0,27,"val",4,0.468258678913116,1
0,27,"val",5,0.468270659446716,1
0,27,"val",6,0.402443826198578,1
0,27,"val",7,0.42905730009079,1
0,27,"val",8,0.485941290855408,1
0,27,"val",9,0.480061620473862,1
0,27,"val",10,0.516926944255829,1
0,27,"val",11,0.516340970993042,1
0,27,"val",12,0.507036924362183,1
0,27,"val",13,0.514748752117157,1
0,27,"val",14,0.513594210147858,1
0,27,"val",15,0.533944547176361,1
0,27,"val",16,0.510495364665985,1
0,27,"val",17,0.501788675785065,1
0,27,"val",18,0.499880611896515,1
0,27,"val",19,0.509592354297638,1
0,27,"val",20,0.545244038105011,1
0,27,"val",21,0.552396655082703,1
0,27,"val",22,0.543140888214111,1
0,27,"val",23,0.520090162754059,0
0,27,"val",24,0.511874616146088,0
0,27,"val",25,0.450721442699432,1
0,27,"val",26,0.492372334003448,0
0,27,"val",27,0.495695173740387,0
0,27,"val",28,0.453144580125809,0
0,27,"val",29,0.436270028352737,1
0,27,"val",30,0.468270659446716,1
0,27,"val",31,0.472242832183838,0
0,27,"val",32,0.42905730009079,0
0,27,"val",33,0.416313588619232,0
0,27,"val",34,0.480061620473862,0
0,27,"val",35,0.481146514415741,0
0,27,"val",36,0.516340970993042,0
0,27,"val",37,0.519647598266602,1
0,27,"val",38,0.514748752117157,1
0,27,"val",39,0.520164966583252,1
0,27,"val",40,0.533944547176361,0
0,27,"val",41,0.519545376300812,0
0,27,"val",42,0.501788675785065,0
0,27,"val",43,0.504136562347412,0
0,27,"val",44,0.509592354297638,0
0,27,"val",45,0.501788735389709,0
0,27,"val",46,0.552396655082703,0
0,27,"val",47,0.555255174636841,1
0,27,"val",48,0.520090162754059,1
0,27,"val",49,0.544601321220398,1
0,27,"val",50,0.450721442699432,1
0,27,"val",51,0.494642108678818,1
0,27,"val",52,0.495695173740387,1
0,27,"val",53,0.506871044635773,1
0,27,"val",54,0.436270028352737,1
0,27,"val",55,0.453714072704315,1
0,27,"val",56,0.472242742776871,1
0,27,"val",57,0.474396377801895,1
0,27,"val",58,0.416313588619232,1
0,27,"val",59,0.442157685756683,1
0,27,"val",60,0.481146514415741,1
0,27,"val",61,0.493249177932739,0
0,27,"val",62,0.519647598266602,1
0,27,"val",63,0.520604133605957,0
0,27,"val",64,0.520164966583252,0
0,27,"val",65,0.517174780368805,1
0,27,"val",66,0.519545376300812,1
0,27,"val",67,0.527244210243225,1
0,27,"val",68,0.504136562347412,1
0,27,"val",69,0.504212498664856,1
0,27,"val",70,0.501788735389709,1
0,27,"val",71,0.506575107574463,1
0,27,"val",72,0.555255174636841,1
0,27,"val",73,0.538728356361389,1
0,27,"val",74,0.544601321220398,1
0,27,"val",75,0.591333210468292,1
0,27,"val",76,0.494642108678818,0
0,27,"val",77,0.50177001953125,1
0,27,"val",78,0.506871044635773,1
0,27,"val",79,0.495261132717133,0
0,27,"val",80,0.453714072704315,0
0,27,"val",81,0.466431826353073,0
0,27,"val",82,0.474396377801895,1
0,27,"val",83,0.475225448608398,0
0,27,"val",84,0.442157685756683,0
0,27,"val",85,0.444326251745224,0
0,27,"val",86,0.493249177932739,1
0,27,"val",87,0.479436218738556,1
0,27,"val",88,0.520604133605957,1
0,27,"val",89,0.522381961345673,0
0,27,"val",90,0.517174780368805,0
0,27,"val",91,0.511282205581665,0
0,27,"val",92,0.527244210243225,0
0,27,"val",93,0.530466973781586,0
0,27,"val",94,0.504212498664856,0
0,27,"val",95,0.497728705406189,0
0,27,"val",96,0.506575107574463,1
0,27,"val",97,0.50373899936676,1
0,27,"val",98,0.538728356361389,1
0,27,"val",99,0.547103464603424,1
0,27,"val",100,0.591333210468292,0
0,27,"val",101,0.583777070045471,0
0,27,"val",102,0.50177001953125,0
0,27,"val",103,0.431295335292816,0
0,27,"val",104,0.495261132717133,1
0,27,"val",105,0.497163653373718,1
0,27,"val",106,0.466431826353073,1
0,27,"val",107,0.466477632522583,1
0,27,"val",108,0.475225448608398,1
0,27,"val",109,0.474337965250015,0
0,27,"val",110,0.444326251745224,0
0,27,"val",111,0.413195580244064,1
0,27,"val",112,0.479436218738556,1
0,27,"val",113,0.483300775289536,1
0,27,"val",114,0.522381961345673,0
0,27,"val",115,0.520047903060913,1
0,27,"val",116,0.511282205581665,0
0,27,"val",117,0.523229241371155,1
0,27,"val",118,0.530466973781586,1
0,27,"val",119,0.514303028583527,1
0,27,"val",120,0.497728705406189,0
0,27,"val",121,0.505158007144928,0
0,27,"val",122,0.50373899936676,0
0,27,"val",123,0.510507881641388,1
0,27,"val",124,0.547103464603424,1
0,27,"val",125,0.537819802761078,1
0,27,"val",126,0.583777070045471,1
0,27,"val",127,0.587693691253662,1
0,27,"val",128,0.431295335292816,1
0,27,"val",129,0.316089898347855,1
0,27,"val",130,0.497163653373718,1
0,27,"val",131,0.49847674369812,0
0,27,"val",132,0.466477632522583,0
0,27,"val",133,0.456877678632736,1
0,27,"val",134,0.474337965250015,1
0,27,"val",135,0.472646981477737,0
0,27,"val",136,0.413195580244064,0
0,27,"val",137,0.429619908332825,0
0,27,"val",138,0.483300775289536,0
0,27,"val",139,0.484450876712799,0
0,27,"val",140,0.520047903060913,0
0,27,"val",141,0.516444563865662,1
0,27,"val",142,0.523229241371155,1
0,27,"val",143,0.514999866485596,1
0,27,"val",144,0.514303028583527,0
0,27,"val",145,0.521086394786835,0
0,27,"val",146,0.505158007144928,0
0,27,"val",147,0.502624928951263,0
0,27,"val",148,0.510507881641388,0
0,27,"val",149,0.512769162654877,0
0,27,"val",150,0.537819802761078,0
0,27,"val",151,0.544320344924927,0
0,27,"val",152,0.587693691253662,1
0,27,"val",153,0.556074619293213,0
0,27,"val",154,0.316089898347855,1
0,27,"val",155,0.355707883834839,0
0,27,"val",156,0.49847674369812,0
0,27,"val",157,0.49360591173172,0
0,27,"val",158,0.456877678632736,0
0,27,"val",159,0.453100442886353,1
0,27,"val",160,0.472646981477737,1
0,27,"val",161,0.476272881031036,1
0,27,"val",162,0.429619908332825,1
0,27,"val",163,0.436754673719406,1
0,27,"val",164,0.484450876712799,0
0,27,"val",165,0.458250910043716,0
0,27,"val",166,0.516444563865662,0
0,27,"val",167,0.512657523155212,0
0,27,"val",168,0.514999866485596,1
0,27,"val",169,0.520486950874329,0
0,27,"val",170,0.521086394786835,0
0,27,"val",171,0.521219551563263,0
0,27,"val",172,0.502624928951263,1
0,27,"val",173,0.500515699386597,1
0,27,"val",174,0.512769162654877,1
0,27,"val",175,0.519002079963684,0
0,27,"val",176,0.544320344924927,0
0,27,"val",177,0.524396598339081,1
0,27,"val",178,0.556074619293213,0
0,27,"val",179,0.553594589233398,1
0,27,"val",180,0.355707883834839,0
0,27,"val",181,0.357409119606018,1
0,27,"val",182,0.49360591173172,1
0,27,"val",183,0.490454912185669,1
0,27,"val",184,0.453100442886353,0
0,27,"val",185,0.449697703123093,0
0,27,"val",186,0.476272881031036,0
0,27,"val",187,0.47891503572464,0
0,27,"val",188,0.436754673719406,0
0,27,"val",189,0.444823026657104,0
0,27,"val",190,0.458250910043716,0
0,27,"val",191,0.476779788732529,1
0,27,"val",192,0.512657523155212,0
0,27,"val",193,0.512797892093658,0
0,27,"val",194,0.520486950874329,0
0,27,"val",195,0.508815586566925,1
0,27,"val",196,0.521219551563263,1
0,27,"val",197,0.515173435211182,1
0,27,"val",198,0.500515699386597,1
0,27,"val",199,0.498685896396637,0
0,27,"val",200,0.519002079963684,0
0,27,"val",201,0.5067058801651,0
0,27,"val",202,0.524396598339081,0
0,27,"val",203,0.529812932014465,1
0,27,"val",204,0.553594589233398,1
0,27,"val",205,0.546598553657532,1
0,27,"val",206,0.357409119606018,0
0,27,"val",207,0.482869833707809,0
0,27,"val",208,0.490454912185669,0
0,27,"val",209,0.495063483715057,1
0,27,"val",210,0.449697703123093,1
0,27,"val",211,0.445965081453323,1
0,27,"val",212,0.47891503572464,1
0,27,"val",213,0.479127079248428,1
0,27,"val",214,0.444823026657104,1
0,27,"val",215,0.444537252187729,0
0,27,"val",216,0.476779788732529,0
0,27,"val",217,0.463338434696198,0
0,27,"val",218,0.512797892093658,0
0,27,"val",219,0.517826020717621,0
0,27,"val",220,0.508815586566925,0
0,27,"val",221,0.515050232410431,1
0,27,"val",222,0.515173435211182,1
0,27,"val",223,0.522293925285339,1
0,27,"val",224,0.498685896396637,0
0,27,"val",225,0.492885708808899,1
0,27,"val",226,0.5067058801651,1
0,27,"val",227,0.505032241344452,1
0,27,"val",228,0.529812932014465,0
0,27,"val",229,0.510213136672974,0
0,27,"val",230,0.546598553657532,0
0,27,"val",231,0.555156052112579,0
0,27,"val",232,0.482869833707809,0
0,27,"val",233,0.350946217775345,0
0,27,"val",234,0.495063483715057,0
0,27,"val",235,0.50840151309967,0
0,27,"val",236,0.445965081453323,0
0,27,"val",237,0.460733681917191,0
0,27,"val",238,0.479127079248428,1
0,27,"val",239,0.476311326026917,0
0,27,"val",240,0.444537252187729,0
0,27,"val",241,0.442079544067383,0
0,27,"val",242,0.463338434696198,0
0,27,"val",243,0.460951894521713,1
0,27,"val",244,0.517826020717621,1
0,27,"val",245,0.516853749752045,1
0,27,"val",246,0.515050232410431,0
0,27,"val",247,0.508698582649231,1
0,27,"val",248,0.522293925285339,1
0,27,"val",249,0.520746111869812,0
0,27,"val",250,0.492885708808899,1
0,27,"val",251,0.494048655033112,1
0,27,"val",252,0.505032241344452,1
0,27,"val",253,0.499649703502655,1
0,27,"val",254,0.510213136672974,0
0,27,"val",255,0.513638198375702,0
0,27,"val",256,0.555156052112579,0
0,27,"val",257,0.544313609600067,0
0,27,"val",258,0.350946217775345,1
0,27,"val",259,0.460399210453033,1
0,27,"val",260,0.50840151309967,1
0,27,"val",261,0.497508615255356,1
0,27,"val",262,0.460733681917191,1
0,27,"val",263,0.460488617420197,0
0,27,"val",264,0.476311326026917,0
0,27,"val",265,0.475775152444839,1
0,27,"val",266,0.442079544067383,1
0,27,"val",267,0.441666901111603,0
0,27,"val",268,0.460951894521713,0
0,27,"val",269,0.461425602436066,0
0,27,"val",270,0.516853749752045,1
0,27,"val",271,0.514191806316376,1
0,27,"val",272,0.508698582649231,1
0,27,"val",273,0.527892768383026,1
0,27,"val",274,0.520746111869812,0
0,27,"val",275,0.527458250522614,0
0,27,"val",276,0.494048655033112,0
0,27,"val",277,0.497958809137344,0
0,27,"val",278,0.499649703502655,1
0,27,"val",279,0.500483751296997,1
0,27,"val",280,0.513638198375702,1
0,27,"val",281,0.519985914230347,1
0,27,"val",282,0.544313609600067,1
0,27,"val",283,0.526109397411346,1
0,27,"val",284,0.460399210453033,0
0,27,"val",285,0.464870572090149,0
0,27,"val",286,0.497508615255356,0
0,27,"val",287,0.502669215202332,0
0,27,"val",288,0.460488617420197,0
0,27,"val",289,0.458225339651108,0
0,27,"val",290,0.475775152444839,0
0,27,"val",291,0.481329351663589,0
0,27,"val",292,0.441666901111603,0
0,27,"val",293,0.425663560628891,0
0,27,"val",294,0.461425602436066,1
0,27,"val",295,0.463010668754578,1
0,27,"val",296,0.514191806316376,0
0,27,"val",297,0.520611584186554,0
0,27,"val",298,0.527892768383026,0
0,27,"val",299,0.540192127227783,1
0,27,"val",300,0.527458250522614,1
0,27,"val",301,0.517503917217255,1
0,27,"val",302,0.497958809137344,0
0,27,"val",303,0.500653743743896,0
0,27,"val",304,0.500483751296997,0
0,27,"test",1,0.50042188167572,0
0,27,"test",2,0.519985914230347,0
0,27,"test",3,0.52733325958252,1
0,27,"test",4,0.526109397411346,1
0,27,"test",5,0.531190991401672,1
0,27,"test",6,0.464870572090149,1
0,27,"test",7,0.456375360488892,1
0,27,"test",8,0.502669215202332,1
0,27,"test",9,0.492244482040405,1
0,27,"test",10,0.458225339651108,1
0,27,"test",11,0.466639220714569,1
0,27,"test",12,0.481329351663589,1
0,27,"test",13,0.471442580223083,1
0,27,"test",14,0.425663560628891,1
0,27,"test",15,0.43640860915184,1
0,27,"test",16,0.463010668754578,1
0,27,"test",17,0.470123052597046,0
0,27,"test",18,0.520611584186554,0
0,27,"test",19,0.522559344768524,0
0,27,"test",20,0.540192127227783,1
0,27,"test",21,0.550880432128906,1
0,27,"test",22,0.517503917217255,1
0,27,"test",23,0.514486849308014,0
0,27,"test",24,0.500653743743896,0
0,27,"test",25,0.499454826116562,0
0,27,"test",26,0.50042188167572,1
0,27,"test",27,0.51255601644516,1
0,27,"test",28,0.52733325958252,1
0,27,"test",29,0.533520758152008,0
0,27,"test",30,0.531190991401672,0
0,27,"test",31,0.544084906578064,0
0,27,"test",32,0.456375390291214,0
0,27,"test",33,0.434224277734756,0
0,27,"test",34,0.492244482040405,1
0,27,"test",35,0.499269813299179,1
0,27,"test",36,0.466639220714569,1
0,27,"test",37,0.470034122467041,1
0,27,"test",38,0.471442580223083,1
0,27,"test",39,0.471726298332214,1
0,27,"test",40,0.43640860915184,1
0,27,"test",41,0.428308099508286,1
0,27,"test",42,0.470123052597046,0
0,27,"test",43,0.487766623497009,0
0,27,"test",44,0.522559344768524,1
0,27,"test",45,0.521228313446045,1
0,27,"test",46,0.550880432128906,1
0,27,"test",47,0.523987650871277,0
0,27,"test",48,0.514486849308014,0
0,27,"test",49,0.517189383506775,0
0,27,"test",50,0.499454826116562,0
0,27,"test",51,0.497468888759613,1
0,27,"test",52,0.51255601644516,1
0,27,"test",53,0.501861214637756,1
0,27,"test",54,0.533520758152008,1
0,27,"test",55,0.531460344791412,0
0,27,"test",56,0.544084906578064,0
0,27,"test",57,0.583402574062347,0
0,27,"test",58,0.434224277734756,0
0,27,"test",59,0.413514524698257,1
0,27,"test",60,0.499269813299179,1
0,27,"test",61,0.487640380859375,1
0,27,"test",62,0.470034122467041,0
0,27,"test",63,0.462931901216507,1
0,27,"test",64,0.471726298332214,1
0,27,"test",65,0.475593835115433,1
0,27,"test",66,0.428308099508286,1
0,27,"test",67,0.419367343187332,1
0,27,"test",68,0.487766623497009,0
0,27,"test",69,0.484923750162125,0
0,27,"test",70,0.521228313446045,0
0,27,"test",71,0.519546687602997,1
0,27,"test",72,0.523987650871277,1
0,27,"test",73,0.515715003013611,0
0,27,"test",74,0.517189383506775,0
0,27,"test",75,0.519316554069519,0
0,27,"test",76,0.497468888759613,0
0,27,"test",77,0.495814323425293,0
0,27,"test",78,0.501861214637756,1
0,27,"test",79,0.498642325401306,0
0,27,"test",80,0.531460344791412,0
0,27,"test",81,0.54217529296875,1
0,27,"test",82,0.583402574062347,1
0,27,"test",83,0.550690591335297,1
0,27,"test",84,0.413514524698257,1
0,27,"test",85,0.432486981153488,0
0,27,"test",86,0.487640380859375,0
0,27,"test",87,0.490532100200653,0
0,27,"test",88,0.462931901216507,0
0,27,"test",89,0.445241659879684,0
0,27,"test",90,0.475593835115433,0
0,27,"test",91,0.47383451461792,1
0,27,"test",92,0.419367343187332,0
0,27,"test",93,0.416698604822159,0
0,27,"test",94,0.484923750162125,0
0,27,"test",95,0.481196284294128,0
0,27,"test",96,0.519546687602997,0
0,27,"test",97,0.518351912498474,1
0,27,"test",98,0.515715003013611,1
0,27,"test",99,0.523724138736725,1
0,27,"test",100,0.519316554069519,1
0,27,"test",101,0.517114877700806,1
0,27,"test",102,0.495814323425293,0
0,27,"test",103,0.493070304393768,0
0,27,"test",104,0.498642325401306,0
0,27,"test",105,0.505151093006134,0
0,27,"test",106,0.54217529296875,0
0,27,"test",107,0.520269155502319,0
0,27,"test",108,0.550690591335297,0
0,27,"test",109,0.558289051055908,0
0,27,"test",110,0.432486981153488,1
0,27,"test",111,0.342266291379929,1
0,27,"test",112,0.490532100200653,1
0,27,"test",113,0.494157552719116,0
0,27,"test",114,0.445241659879684,1
0,27,"test",115,0.467537820339203,1
0,27,"test",116,0.47383451461792,1
0,27,"test",117,0.477930635213852,1
0,27,"test",118,0.416698604822159,1
0,27,"test",119,0.423273473978043,0
0,27,"test",120,0.481196284294128,0
0,27,"test",121,0.458554655313492,0
0,27,"test",122,0.518351912498474,1
0,27,"test",123,0.518150925636292,1
0,27,"test",124,0.523724138736725,1
0,27,"test",125,0.51415354013443,0
0,27,"test",126,0.517114877700806,0
0,27,"test",127,0.519279420375824,0
0,27,"test",128,0.493070304393768,1
0,27,"test",129,0.494963824748993,1
0,27,"test",130,0.505151093006134,1
0,27,"test",131,0.523500025272369,1
0,27,"test",132,0.520269155502319,0
0,27,"test",133,0.573326051235199,0
0,27,"test",134,0.558289051055908,0
0,27,"test",135,0.549189150333405,0
0,27,"test",136,0.342266291379929,0
0,27,"test",137,0.429592669010162,1
0,27,"test",138,0.494157552719116,1
0,27,"test",139,0.495570957660675,1
0,27,"test",140,0.467537820339203,1
0,27,"test",141,0.466483294963837,1
0,27,"test",142,0.477930635213852,1
0,27,"test",143,0.479467481374741,1
0,27,"test",144,0.423273473978043,1
0,27,"test",145,0.413920998573303,1
0,27,"test",146,0.458554655313492,1
0,27,"test",147,0.456772834062576,1
0,27,"test",148,0.518150925636292,1
0,27,"test",149,0.522156834602356,1
0,27,"test",150,0.51415354013443,1
0,27,"test",151,0.519527316093445,1
0,27,"test",152,0.519279420375824,0
0,27,"test",153,0.535055875778198,0
0,27,"test",154,0.494963824748993,1
0,27,"test",155,0.494926661252975,1
0,27,"test",156,0.523500025272369,1
0,27,"test",157,0.50313800573349,0
0,27,"test",158,0.573326051235199,0
0,27,"test",159,0.548683822154999,0
0,27,"test",160,0.549189150333405,0
0,27,"test",161,0.546779990196228,0
0,27,"test",162,0.429592669010162,0
0,27,"test",163,0.472020000219345,0
0,27,"test",164,0.495570957660675,0
0,27,"test",165,0.497413218021393,1
0,27,"test",166,0.466483294963837,1
0,27,"test",167,0.463984280824661,0
0,27,"test",168,0.479467481374741,1
0,27,"test",169,0.477210432291031,1
0,27,"test",170,0.413920998573303,1
0,27,"test",171,0.419405877590179,0
0,27,"test",172,0.456772834062576,0
0,27,"test",173,0.452264070510864,1
0,27,"test",174,0.522156834602356,1
0,27,"test",175,0.520152449607849,1
0,27,"test",176,0.519527316093445,1
0,27,"test",177,0.522153973579407,0
0,27,"test",178,0.535055875778198,0
0,27,"test",179,0.521296441555023,0
0,27,"test",180,0.494926661252975,0
0,27,"test",181,0.486771583557129,0
0,27,"test",182,0.50313800573349,0
0,27,"test",183,0.496337205171585,0
0,27,"test",184,0.548683822154999,0
0,27,"test",185,0.538760721683502,0
0,27,"test",186,0.546779990196228,1
0,27,"test",187,0.540820419788361,0
0,27,"test",188,0.472020000219345,0
0,27,"test",189,0.475819945335388,0
0,27,"test",190,0.497413218021393,0
0,27,"test",191,0.476315528154373,0
0,27,"test",192,0.463984280824661,0
0,27,"test",193,0.456243366003036,0
0,27,"test",194,0.477210432291031,0
0,27,"test",195,0.481704771518707,0
0,27,"test",196,0.419405877590179,0
0,27,"test",197,0.437426596879959,1
0,27,"test",198,0.452264070510864,1
0,27,"test",199,0.457681566476822,1
0,27,"test",200,0.520152449607849,0
0,27,"test",201,0.519227266311646,0
0,27,"test",202,0.522153973579407,1
0,27,"test",203,0.534197747707367,0
0,27,"test",204,0.521296441555023,0
0,27,"test",205,0.515512108802795,0
0,27,"test",206,0.486771583557129,1
0,27,"test",207,0.487076103687286,0
0,27,"test",208,0.496337205171585,0
0,27,"test",209,0.50186026096344,0
0,27,"test",210,0.538760721683502,0
0,27,"test",211,0.539171695709229,0
0,27,"test",212,0.540820419788361,1
0,27,"test",213,0.566868364810944,0
0,27,"test",214,0.475819945335388,1
0,27,"test",215,0.374778985977173,1
0,27,"test",216,0.476315587759018,1
0,27,"test",217,0.464777708053589,0
0,27,"test",218,0.456243366003036,0
0,27,"test",219,0.452830702066422,1
0,27,"test",220,0.481704771518707,1
0,27,"test",221,0.477820843458176,0
0,27,"test",222,0.437426596879959,1
0,27,"test",223,0.415443331003189,1
0,27,"test",224,0.457681566476822,1
0,27,"test",225,0.469981998205185,0
0,27,"test",226,0.519227266311646,0
0,27,"test",227,0.520502328872681,0
0,27,"test",228,0.534197747707367,1
0,27,"test",229,0.523720979690552,1
0,27,"test",230,0.515512108802795,0
0,27,"test",231,0.509411573410034,1
0,27,"test",232,0.487076103687286,1
0,27,"test",233,0.505860865116119,1
0,27,"test",234,0.50186026096344,1
0,27,"test",235,0.500114977359772,1
0,27,"test",236,0.539171695709229,1
0,27,"test",237,0.547625839710236,0
0,27,"test",238,0.566868364810944,0
0,27,"test",239,0.549334347248077,0
0,27,"test",240,0.374778985977173,0
0,27,"test",241,0.346094787120819,0
0,27,"test",242,0.464777708053589,0
0,27,"test",243,0.483654081821442,0
0,27,"test",244,0.452830702066422,1
0,27,"test",245,0.440433025360107,1
0,27,"test",246,0.477820843458176,1
0,27,"test",247,0.483075708150864,1
0,27,"test",248,0.415443331003189,1
0,27,"test",249,0.401323914527893,1
0,27,"test",250,0.469981998205185,1
0,27,"test",251,0.470835715532303,1
0,27,"test",252,0.520502328872681,0
0,27,"test",253,0.522792756557465,0
0,27,"test",254,0.523720979690552,0
0,27,"test",255,0.513658821582794,1
0,27,"test",256,0.509411573410034,1
0,27,"test",257,0.521493971347809,1
0,27,"test",258,0.505860865116119,1
0,27,"test",259,0.494826316833496,1
0,27,"test",260,0.500114977359772,1
0,27,"test",261,0.50734555721283,1
0,27,"test",262,0.547625839710236,0
0,27,"test",263,0.537966072559357,0
0,27,"test",264,0.549334347248077,1
0,27,"test",265,0.553362131118774,1
0,27,"test",266,0.346094787120819,1
0,27,"test",267,0.467498451471329,1
0,27,"test",268,0.483654081821442,1
0,27,"test",269,0.488608866930008,1
0,27,"test",270,0.440433025360107,1
0,27,"test",271,0.463697522878647,1
0,27,"test",272,0.483075708150864,1
0,27,"test",273,0.48141998052597,1
0,27,"test",274,0.401323914527893,1
0,27,"test",275,0.416689544916153,1
0,27,"test",276,0.470835715532303,1
0,27,"test",277,0.448892533779144,1
0,27,"test",278,0.522792756557465,0
0,27,"test",279,0.523032605648041,0
0,27,"test",280,0.513658821582794,0
0,27,"test",281,0.520988821983337,0
0,27,"test",282,0.521493971347809,0
0,27,"test",283,0.512917697429657,0
0,27,"test",284,0.494826316833496,0
0,27,"test",285,0.504988074302673,0
0,27,"test",286,0.50734555721283,0
0,27,"test",287,0.507128536701202,0
0,27,"test",288,0.537966072559357,0
0,27,"test",289,0.541164934635162,0
0,27,"test",290,0.553362131118774,0
0,27,"test",291,0.529341697692871,0
0,27,"test",292,0.467498451471329,1
0,27,"test",293,0.492297291755676,1
0,27,"test",294,0.488608866930008,1
0,27,"test",295,0.495165526866913,0
0,27,"test",296,0.463697522878647,0
0,27,"test",297,0.464333802461624,1
0,27,"test",298,0.48141998052597,0
0,27,"test",299,0.481375157833099,0
0,27,"test",300,0.416689544916153,1
0,27,"test",301,0.364538073539734,1
0,27,"test",302,0.448892533779144,1
0,27,"test",303,0.466268658638,0
0,27,"test",304,0.523032605648041,1
0,27,"test",305,0.524272978305817,0
0,98,"val",1,0.518054962158203,0
0,98,"val",2,0.458579868078232,1
0,98,"val",3,0.454958289861679,0
0,98,"val",4,0.484561026096344,1
0,98,"val",5,0.489959180355072,1
0,98,"val",6,0.384783536195755,1
0,98,"val",7,0.408911287784576,1
0,98,"val",8,0.519189119338989,1
0,98,"val",9,0.51443886756897,1
0,98,"val",10,0.517597198486328,1
0,98,"val",11,0.504675388336182,1
0,98,"val",12,0.500422656536102,1
0,98,"val",13,0.516943693161011,1
0,98,"val",14,0.525105059146881,1
0,98,"val",15,0.551279067993164,1
0,98,"val",16,0.51248973608017,1
0,98,"val",17,0.490510582923889,1
0,98,"val",18,0.499021023511887,1
0,98,"val",19,0.510341227054596,1
0,98,"val",20,0.552423179149628,1
0,98,"val",21,0.579630017280579,1
0,98,"val",22,0.550596594810486,1
0,98,"val",23,0.523764491081238,0
0,98,"val",24,0.539235293865204,0
0,98,"val",25,0.394364774227142,1
0,98,"val",26,0.518054962158203,0
0,98,"val",27,0.524092674255371,0
0,98,"val",28,0.454958289861679,0
0,98,"val",29,0.391197264194489,1
0,98,"val",30,0.489959180355072,1
0,98,"val",31,0.483912169933319,0
0,98,"val",32,0.408911287784576,0
0,98,"val",33,0.399724245071411,0
0,98,"val",34,0.51443886756897,0
0,98,"val",35,0.509773135185242,0
0,98,"val",36,0.504675388336182,0
0,98,"val",37,0.504473090171814,1
0,98,"val",38,0.516943693161011,1
0,98,"val",39,0.518683075904846,1
0,98,"val",40,0.551279067993164,0
0,98,"val",41,0.536273896694183,0
0,98,"val",42,0.490510582923889,0
0,98,"val",43,0.494476497173309,0
0,98,"val",44,0.510341227054596,0
0,98,"val",45,0.486446380615234,0
0,98,"val",46,0.579630017280579,0
0,98,"val",47,0.570053160190582,1
0,98,"val",48,0.523764491081238,1
0,98,"val",49,0.55336993932724,1
0,98,"val",50,0.394364774227142,1
0,98,"val",51,0.486234784126282,1
0,98,"val",52,0.524092674255371,1
0,98,"val",53,0.543740808963776,1
0,98,"val",54,0.391197264194489,1
0,98,"val",55,0.431248337030411,1
0,98,"val",56,0.483912169933319,1
0,98,"val",57,0.48059070110321,1
0,98,"val",58,0.399724245071411,1
0,98,"val",59,0.423350304365158,1
0,98,"val",60,0.509773135185242,1
0,98,"val",61,0.513945937156677,0
0,98,"val",62,0.504473090171814,1
0,98,"val",63,0.519970536231995,0
0,98,"val",64,0.518683075904846,0
0,98,"val",65,0.512736141681671,1
0,98,"val",66,0.536273896694183,1
0,98,"val",67,0.543655514717102,1
0,98,"val",68,0.494476497173309,1
0,98,"val",69,0.500867962837219,1
0,98,"val",70,0.486446380615234,1
0,98,"val",71,0.503408670425415,1
0,98,"val",72,0.570053160190582,1
0,98,"val",73,0.544283509254456,1
0,98,"val",74,0.55336993932724,1
0,98,"val",75,0.631359279155731,1
0,98,"val",76,0.486234784126282,0
0,98,"val",77,0.50016975402832,1
0,98,"val",78,0.543740808963776,1
0,98,"val",79,0.523015439510345,0
0,98,"val",80,0.431248337030411,0
0,98,"val",81,0.459047824144363,0
0,98,"val",82,0.48059070110321,1
0,98,"val",83,0.482582360506058,0
0,98,"val",84,0.423350304365158,0
0,98,"val",85,0.423357099294662,0
0,98,"val",86,0.513945937156677,1
0,98,"val",87,0.500977516174316,1
0,98,"val",88,0.519970536231995,1
0,98,"val",89,0.535630464553833,0
0,98,"val",90,0.512736141681671,0
0,98,"val",91,0.503868937492371,0
0,98,"val",92,0.543655514717102,0
0,98,"val",93,0.56238204240799,0
0,98,"val",94,0.500867962837219,0
0,98,"val",95,0.490891605615616,0
0,98,"val",96,0.503408670425415,1
0,98,"val",97,0.491417974233627,1
0,98,"val",98,0.544283509254456,1
0,98,"val",99,0.561221599578857,1
0,98,"val",100,0.631359279155731,0
0,98,"val",101,0.61545717716217,0
0,98,"val",102,0.50016975402832,0
0,98,"val",103,0.358259111642838,0
0,98,"val",104,0.523015439510345,1
0,98,"val",105,0.519583642482758,1
0,98,"val",106,0.459047824144363,1
0,98,"val",107,0.456154406070709,1
0,98,"val",108,0.482582360506058,1
0,98,"val",109,0.479871362447739,0
0,98,"val",110,0.423357099294662,0
0,98,"val",111,0.393275201320648,1
0,98,"val",112,0.500977516174316,1
0,98,"val",113,0.509820580482483,1
0,98,"val",114,0.535630464553833,0
0,98,"val",115,0.516455352306366,1
0,98,"val",116,0.503868937492371,0
0,98,"val",117,0.523481547832489,1
0,98,"val",118,0.56238204240799,1
0,98,"val",119,0.525588274002075,1
0,98,"val",120,0.490891605615616,0
0,98,"val",121,0.514638125896454,0
0,98,"val",122,0.491417974233627,0
0,98,"val",123,0.496146619319916,1
0,98,"val",124,0.561221599578857,1
0,98,"val",125,0.535935580730438,1
0,98,"val",126,0.61545717716217,1
0,98,"val",127,0.619442164897919,1
0,98,"val",128,0.358259111642838,1
0,98,"val",129,0.200336292386055,1
0,98,"val",130,0.519583642482758,1
0,98,"val",131,0.52375465631485,0
0,98,"val",132,0.456154406070709,0
0,98,"val",133,0.451957672834396,1
0,98,"val",134,0.479871362447739,1
0,98,"val",135,0.485614091157913,0
0,98,"val",136,0.393275201320648,0
0,98,"val",137,0.411492735147476,0
0,98,"val",138,0.509820580482483,0
0,98,"val",139,0.502536535263062,0
0,98,"val",140,0.516455352306366,0
0,98,"val",141,0.483347803354263,1
0,98,"val",142,0.523481547832489,1
0,98,"val",143,0.51535964012146,1
0,98,"val",144,0.525588274002075,0
0,98,"val",145,0.530137300491333,0
0,98,"val",146,0.514638125896454,0
0,98,"val",147,0.511711478233337,0
0,98,"val",148,0.496146619319916,0
0,98,"val",149,0.560086369514465,0
0,98,"val",150,0.535935580730438,0
0,98,"val",151,0.53683602809906,0
0,98,"val",152,0.619442164897919,1
0,98,"val",153,0.580784678459167,0
0,98,"val",154,0.200336292386055,1
0,98,"val",155,0.244540080428123,0
0,98,"val",156,0.52375465631485,0
0,98,"val",157,0.517608463764191,0
0,98,"val",158,0.451957672834396,0
0,98,"val",159,0.460629761219025,1
0,98,"val",160,0.485614091157913,1
0,98,"val",161,0.481364905834198,1
0,98,"val",162,0.411492735147476,1
0,98,"val",163,0.412400186061859,1
0,98,"val",164,0.502536535263062,0
0,98,"val",165,0.494754314422607,0
0,98,"val",166,0.483347803354263,0
0,98,"val",167,0.498297721147537,0
0,98,"val",168,0.51535964012146,1
0,98,"val",169,0.519101679325104,0
0,98,"val",170,0.530137300491333,0
0,98,"val",171,0.530124425888062,0
0,98,"val",172,0.511711478233337,1
0,98,"val",173,0.509472370147705,1
0,98,"val",174,0.560086369514465,1
0,98,"val",175,0.514117777347565,0
0,98,"val",176,0.53683602809906,0
0,98,"val",177,0.505886435508728,1
0,98,"val",178,0.580784678459167,0
0,98,"val",179,0.570748507976532,1
0,98,"val",180,0.244540080428123,0
0,98,"val",181,0.246055066585541,1
0,98,"val",182,0.517608463764191,1
0,98,"val",183,0.507717490196228,1
0,98,"val",184,0.460629820823669,0
0,98,"val",185,0.457223117351532,0
0,98,"val",186,0.481364905834198,0
0,98,"val",187,0.477010607719421,0
0,98,"val",188,0.412400186061859,0
0,98,"val",189,0.426829159259796,0
0,98,"val",190,0.494754314422607,0
0,98,"val",191,0.510839343070984,1
0,98,"val",192,0.498297721147537,0
0,98,"val",193,0.492048710584641,0
0,98,"val",194,0.519101679325104,0
0,98,"val",195,0.506272196769714,1
0,98,"val",196,0.530124425888062,1
0,98,"val",197,0.532444834709167,1
0,98,"val",198,0.509472370147705,1
0,98,"val",199,0.497270047664642,0
0,98,"val",200,0.514117777347565,0
0,98,"val",201,0.497032761573792,0
0,98,"val",202,0.505886435508728,0
0,98,"val",203,0.518789887428284,1
0,98,"val",204,0.570748507976532,1
0,98,"val",205,0.556335389614105,1
0,98,"val",206,0.246055066585541,0
0,98,"val",207,0.459889709949493,0
0,98,"val",208,0.507717490196228,0
0,98,"val",209,0.52299040555954,1
0,98,"val",210,0.457223117351532,1
0,98,"val",211,0.450696110725403,1
0,98,"val",212,0.477010607719421,1
0,98,"val",213,0.479743748903275,1
0,98,"val",214,0.426829159259796,1
0,98,"val",215,0.424066185951233,0
0,98,"val",216,0.510839343070984,0
0,98,"val",217,0.49992647767067,0
0,98,"val",218,0.492048710584641,0
0,98,"val",219,0.503378868103027,0
0,98,"val",220,0.506272196769714,0
0,98,"val",221,0.511136889457703,1
0,98,"val",222,0.532444834709167,1
0,98,"val",223,0.545478165149689,1
0,98,"val",224,0.497270047664642,0
0,98,"val",225,0.528189778327942,1
0,98,"val",226,0.497032761573792,1
0,98,"val",227,0.493177473545074,1
0,98,"val",228,0.518789887428284,0
0,98,"val",229,0.509049892425537,0
0,98,"val",230,0.556335389614105,0
0,98,"val",231,0.565564930438995,0
0,98,"val",232,0.459889709949493,0
0,98,"val",233,0.247609928250313,0
0,98,"val",234,0.52299040555954,0
0,98,"val",235,0.543802082538605,0
0,98,"val",236,0.450696110725403,0
0,98,"val",237,0.451585799455643,0
0,98,"val",238,0.479743748903275,1
0,98,"val",239,0.479596257209778,0
0,98,"val",240,0.424066185951233,0
0,98,"val",241,0.423423618078232,0
0,98,"val",242,0.49992647767067,0
0,98,"val",243,0.495318472385406,1
0,98,"val",244,0.503378868103027,1
0,98,"val",245,0.49210387468338,1
0,98,"val",246,0.511136889457703,0
0,98,"val",247,0.504153072834015,1
0,98,"val",248,0.545478165149689,1
0,98,"val",249,0.544923484325409,0
0,98,"val",250,0.528189778327942,1
0,98,"val",251,0.517403304576874,1
0,98,"val",252,0.493177473545074,1
0,98,"val",253,0.504830718040466,1
0,98,"val",254,0.509049892425537,0
0,98,"val",255,0.504390716552734,0
0,98,"val",256,0.565564930438995,0
0,98,"val",257,0.550349175930023,0
0,98,"val",258,0.247609928250313,1
0,98,"val",259,0.402647465467453,1
0,98,"val",260,0.543802082538605,1
0,98,"val",261,0.521999895572662,1
0,98,"val",262,0.451585799455643,1
0,98,"val",263,0.447838008403778,0
0,98,"val",264,0.479596257209778,0
0,98,"val",265,0.479374706745148,1
0,98,"val",266,0.423423618078232,1
0,98,"val",267,0.423222541809082,0
0,98,"val",268,0.495318472385406,0
0,98,"val",269,0.49319913983345,0
0,98,"val",270,0.49210387468338,1
0,98,"val",271,0.476324915885925,1
0,98,"val",272,0.504153072834015,1
0,98,"val",273,0.524859189987183,1
0,98,"val",274,0.544923484325409,0
0,98,"val",275,0.560801029205322,0
0,98,"val",276,0.517403304576874,0
0,98,"val",277,0.525232315063477,0
0,98,"val",278,0.504830718040466,1
0,98,"val",279,0.508079290390015,1
0,98,"val",280,0.504390716552734,1
0,98,"val",281,0.521003663539886,1
0,98,"val",282,0.550349175930023,1
0,98,"val",283,0.528182625770569,1
0,98,"val",284,0.402647465467453,0
0,98,"val",285,0.431783646345139,0
0,98,"val",286,0.521999895572662,0
0,98,"val",287,0.534306764602661,0
0,98,"val",288,0.447838008403778,0
0,98,"val",289,0.442775249481201,0
0,98,"val",290,0.479374706745148,0
0,98,"val",291,0.478716939687729,0
0,98,"val",292,0.423222541809082,0
0,98,"val",293,0.40345224738121,0
0,98,"val",294,0.49319913983345,1
0,98,"val",295,0.492156624794006,1
0,98,"val",296,0.476324915885925,0
0,98,"val",297,0.525335848331451,0
0,98,"val",298,0.524859189987183,0
0,98,"val",299,0.540990173816681,1
0,98,"val",300,0.560801029205322,1
0,98,"val",301,0.539660155773163,1
0,98,"val",302,0.525232315063477,0
0,98,"val",303,0.502939403057098,0
0,98,"val",304,0.508079290390015,0
0,98,"test",1,0.474367946386337,0
0,98,"test",2,0.521003663539886,0
0,98,"test",3,0.531572937965393,1
0,98,"test",4,0.528182625770569,1
0,98,"test",5,0.532021045684814,1
0,98,"test",6,0.431783646345139,1
0,98,"test",7,0.404377281665802,1
0,98,"test",8,0.534306764602661,1
0,98,"test",9,0.513693273067474,1
0,98,"test",10,0.442775249481201,1
0,98,"test",11,0.447928160429001,1
0,98,"test",12,0.478716939687729,1
0,98,"test",13,0.481368869543076,1
0,98,"test",14,0.40345224738121,1
0,98,"test",15,0.411945164203644,1
0,98,"test",16,0.492156624794006,1
0,98,"test",17,0.501563429832458,0
0,98,"test",18,0.525335848331451,0
0,98,"test",19,0.531449854373932,0
0,98,"test",20,0.540990173816681,1
0,98,"test",21,0.558550715446472,1
0,98,"test",22,0.539660155773163,1
0,98,"test",23,0.535983920097351,0
0,98,"test",24,0.502939403057098,0
0,98,"test",25,0.529792428016663,0
0,98,"test",26,0.474367946386337,1
0,98,"test",27,0.494879066944122,1
0,98,"test",28,0.531572937965393,1
0,98,"test",29,0.530446112155914,0
0,98,"test",30,0.532021045684814,0
0,98,"test",31,0.549030184745789,0
0,98,"test",32,0.404377281665802,0
0,98,"test",33,0.351548999547958,0
0,98,"test",34,0.513693273067474,1
0,98,"test",35,0.52013236284256,1
0,98,"test",36,0.447928160429001,1
0,98,"test",37,0.453414976596832,1
0,98,"test",38,0.481368869543076,1
0,98,"test",39,0.478946030139923,1
0,98,"test",40,0.411945164203644,1
0,98,"test",41,0.406507313251495,1
0,98,"test",42,0.501563429832458,0
0,98,"test",43,0.50817483663559,0
0,98,"test",44,0.531449854373932,1
0,98,"test",45,0.526324510574341,1
0,98,"test",46,0.558550715446472,1
0,98,"test",47,0.524076163768768,0
0,98,"test",48,0.535983920097351,0
0,98,"test",49,0.531705796718597,0
0,98,"test",50,0.529792428016663,0
0,98,"test",51,0.499608039855957,1
0,98,"test",52,0.494879066944122,1
0,98,"test",53,0.499953001737595,1
0,98,"test",54,0.530446112155914,1
0,98,"test",55,0.515341997146606,0
0,98,"test",56,0.549030184745789,0
0,98,"test",57,0.609597623348236,0
0,98,"test",58,0.351548999547958,0
0,98,"test",59,0.318952053785324,1
0,98,"test",60,0.52013236284256,1
0,98,"test",61,0.508979976177216,1
0,98,"test",62,0.453414976596832,0
0,98,"test",63,0.446700274944305,1
0,98,"test",64,0.478946030139923,1
0,98,"test",65,0.477765917778015,1
0,98,"test",66,0.406507313251495,1
0,98,"test",67,0.396508365869522,1
0,98,"test",68,0.50817483663559,0
0,98,"test",69,0.502625942230225,0
0,98,"test",70,0.526324510574341,0
0,98,"test",71,0.493762135505676,1
0,98,"test",72,0.524076163768768,1
0,98,"test",73,0.511052906513214,0
0,98,"test",74,0.531705796718597,0
0,98,"test",75,0.539799690246582,0
0,98,"test",76,0.499608039855957,0
0,98,"test",77,0.508380055427551,0
0,98,"test",78,0.499953001737595,1
0,98,"test",79,0.535471320152283,0
0,98,"test",80,0.515341997146606,0
0,98,"test",81,0.528795540332794,1
0,98,"test",82,0.609597623348236,1
0,98,"test",83,0.558268010616302,1
0,98,"test",84,0.318952053785324,1
0,98,"test",85,0.348571300506592,0
0,98,"test",86,0.508979976177216,0
0,98,"test",87,0.510601699352264,0
0,98,"test",88,0.446700274944305,0
0,98,"test",89,0.447449505329132,0
0,98,"test",90,0.477765917778015,0
0,98,"test",91,0.481925815343857,1
0,98,"test",92,0.396508365869522,0
0,98,"test",93,0.394155353307724,0
0,98,"test",94,0.502625942230225,0
0,98,"test",95,0.504333019256592,0
0,98,"test",96,0.493762135505676,0
0,98,"test",97,0.503070294857025,1
0,98,"test",98,0.511052906513214,1
0,98,"test",99,0.522889256477356,1
0,98,"test",100,0.539799690246582,1
0,98,"test",101,0.534856021404266,1
0,98,"test",102,0.508380055427551,0
0,98,"test",103,0.4982690513134,0
0,98,"test",104,0.535471320152283,0
0,98,"test",105,0.570821702480316,0
0,98,"test",106,0.528795540332794,0
0,98,"test",107,0.502935647964478,0
0,98,"test",108,0.558268010616302,0
0,98,"test",109,0.569142162799835,0
0,98,"test",110,0.348571300506592,1
0,98,"test",111,0.227584779262543,1
0,98,"test",112,0.510601699352264,1
0,98,"test",113,0.517568230628967,0
0,98,"test",114,0.447449505329132,1
0,98,"test",115,0.468694120645523,1
0,98,"test",116,0.481925815343857,1
0,98,"test",117,0.479806929826736,1
0,98,"test",118,0.394155353307724,1
0,98,"test",119,0.40386164188385,0
0,98,"test",120,0.504333019256592,0
0,98,"test",121,0.493877708911896,0
0,98,"test",122,0.503070294857025,1
0,98,"test",123,0.500909149646759,1
0,98,"test",124,0.522889256477356,1
0,98,"test",125,0.510698795318604,0
0,98,"test",126,0.534856021404266,0
0,98,"test",127,0.53202885389328,0
0,98,"test",128,0.4982690513134,1
0,98,"test",129,0.493015348911285,1
0,98,"test",130,0.570821702480316,1
0,98,"test",131,0.586988568305969,1
0,98,"test",132,0.502935647964478,0
0,98,"test",133,0.598299443721771,0
0,98,"test",134,0.569142162799835,0
0,98,"test",135,0.557059049606323,0
0,98,"test",136,0.227584779262543,0
0,98,"test",137,0.347631454467773,1
0,98,"test",138,0.517568230628967,1
0,98,"test",139,0.522397935390472,1
0,98,"test",140,0.468694120645523,1
0,98,"test",141,0.472304582595825,1
0,98,"test",142,0.479806929826736,1
0,98,"test",143,0.484615415334702,1
0,98,"test",144,0.40386164188385,1
0,98,"test",145,0.395951569080353,1
0,98,"test",146,0.493877708911896,1
0,98,"test",147,0.494089484214783,1
0,98,"test",148,0.500909149646759,1
0,98,"test",149,0.537610113620758,1
0,98,"test",150,0.510698795318604,1
0,98,"test",151,0.515020728111267,1
0,98,"test",152,0.53202885389328,0
0,98,"test",153,0.554277420043945,0
0,98,"test",154,0.493015348911285,1
0,98,"test",155,0.485064059495926,1
0,98,"test",156,0.586988568305969,1
0,98,"test",157,0.552819967269897,0
0,98,"test",158,0.598299443721771,0
0,98,"test",159,0.543342292308807,0
0,98,"test",160,0.557059049606323,0
0,98,"test",161,0.553916215896606,0
0,98,"test",162,0.347631454467773,0
0,98,"test",163,0.427792280912399,0
0,98,"test",164,0.522397935390472,0
0,98,"test",165,0.520607054233551,1
0,98,"test",166,0.472304582595825,1
0,98,"test",167,0.45526534318924,0
0,98,"test",168,0.484615415334702,1
0,98,"test",169,0.484520047903061,1
0,98,"test",170,0.395951569080353,1
0,98,"test",171,0.401529878377914,0
0,98,"test",172,0.494089484214783,0
0,98,"test",173,0.489117532968521,1
0,98,"test",174,0.537610113620758,1
0,98,"test",175,0.517825186252594,1
0,98,"test",176,0.515020728111267,1
0,98,"test",177,0.515288949012756,0
0,98,"test",178,0.554277420043945,0
0,98,"test",179,0.53149288892746,0
0,98,"test",180,0.485064059495926,0
0,98,"test",181,0.516874611377716,0
0,98,"test",182,0.552819967269897,0
0,98,"test",183,0.545302867889404,0
0,98,"test",184,0.543342292308807,0
0,98,"test",185,0.518621444702148,0
0,98,"test",186,0.553916215896606,1
0,98,"test",187,0.546410441398621,0
0,98,"test",188,0.427792280912399,0
0,98,"test",189,0.432253539562225,0
0,98,"test",190,0.520607054233551,0
0,98,"test",191,0.475793421268463,0
0,98,"test",192,0.45526534318924,0
0,98,"test",193,0.476086050271988,0
0,98,"test",194,0.484520047903061,0
0,98,"test",195,0.482725560665131,0
0,98,"test",196,0.401529878377914,0
0,98,"test",197,0.415997087955475,1
0,98,"test",198,0.489117532968521,1
0,98,"test",199,0.493158042430878,1
0,98,"test",200,0.517825186252594,0
0,98,"test",201,0.515213072299957,0
0,98,"test",202,0.515288949012756,1
0,98,"test",203,0.544974565505981,0
0,98,"test",204,0.53149288892746,0
0,98,"test",205,0.531563639640808,0
0,98,"test",206,0.516874611377716,1
0,98,"test",207,0.503789603710175,0
0,98,"test",208,0.545302867889404,0
0,98,"test",209,0.509009778499603,0
0,98,"test",210,0.518621444702148,0
0,98,"test",211,0.519507527351379,0
0,98,"test",212,0.546410441398621,1
0,98,"test",213,0.581949949264526,0
0,98,"test",214,0.432253539562225,1
0,98,"test",215,0.259979784488678,1
0,98,"test",216,0.475793421268463,1
0,98,"test",217,0.453837335109711,0
0,98,"test",218,0.476086050271988,0
0,98,"test",219,0.475020855665207,1
0,98,"test",220,0.482725560665131,1
0,98,"test",221,0.48443678021431,0
0,98,"test",222,0.415997087955475,1
0,98,"test",223,0.396650642156601,1
0,98,"test",224,0.493158042430878,1
0,98,"test",225,0.500421762466431,0
0,98,"test",226,0.515213072299957,0
0,98,"test",227,0.513801157474518,0
0,98,"test",228,0.544974565505981,1
0,98,"test",229,0.517678260803223,1
0,98,"test",230,0.531563639640808,0
0,98,"test",231,0.518072485923767,1
0,98,"test",232,0.503789603710175,1
0,98,"test",233,0.527520418167114,1
0,98,"test",234,0.509009778499603,1
0,98,"test",235,0.513048231601715,1
0,98,"test",236,0.519507527351379,1
0,98,"test",237,0.531145036220551,0
0,98,"test",238,0.581949949264526,0
0,98,"test",239,0.557308733463287,0
0,98,"test",240,0.259979784488678,0
0,98,"test",241,0.217295780777931,0
0,98,"test",242,0.453837335109711,0
0,98,"test",243,0.499618679285049,0
0,98,"test",244,0.475020855665207,1
0,98,"test",245,0.454917848110199,1
0,98,"test",246,0.48443678021431,1
0,98,"test",247,0.485343664884567,1
0,98,"test",248,0.396650642156601,1
0,98,"test",249,0.379575669765472,1
0,98,"test",250,0.500421762466431,1
0,98,"test",251,0.505982041358948,1
0,98,"test",252,0.513801157474518,0
0,98,"test",253,0.537674427032471,0
0,98,"test",254,0.517678260803223,0
0,98,"test",255,0.506147086620331,1
0,98,"test",256,0.518072485923767,1
0,98,"test",257,0.539925277233124,1
0,98,"test",258,0.527520418167114,1
0,98,"test",259,0.511316776275635,1
0,98,"test",260,0.513048231601715,1
0,98,"test",261,0.497577250003815,1
0,98,"test",262,0.531145036220551,0
0,98,"test",263,0.507374107837677,0
0,98,"test",264,0.557308733463287,1
0,98,"test",265,0.562020778656006,1
0,98,"test",266,0.217295780777931,1
0,98,"test",267,0.403219044208527,1
0,98,"test",268,0.499618679285049,1
0,98,"test",269,0.508798003196716,1
0,98,"test",270,0.454917848110199,1
0,98,"test",271,0.467457741498947,1
0,98,"test",272,0.485343664884567,1
0,98,"test",273,0.481856256723404,1
0,98,"test",274,0.379575669765472,1
0,98,"test",275,0.397357165813446,1
0,98,"test",276,0.505982041358948,1
0,98,"test",277,0.488430917263031,1
0,98,"test",278,0.537674427032471,0
0,98,"test",279,0.57138466835022,0
0,98,"test",280,0.506147086620331,0
0,98,"test",281,0.521328270435333,0
0,98,"test",282,0.539925277233124,0
0,98,"test",283,0.527828991413116,0
0,98,"test",284,0.511316776275635,0
0,98,"test",285,0.510060727596283,0
0,98,"test",286,0.497577250003815,0
0,98,"test",287,0.570309221744537,0
0,98,"test",288,0.507374107837677,0
0,98,"test",289,0.524283528327942,0
0,98,"test",290,0.562020778656006,0
0,98,"test",291,0.530770659446716,0
0,98,"test",292,0.403219044208527,1
0,98,"test",293,0.47504073381424,1
0,98,"test",294,0.508798003196716,1
0,98,"test",295,0.512521982192993,0
0,98,"test",296,0.467457741498947,0
0,98,"test",297,0.461012691259384,1
0,98,"test",298,0.481856256723404,0
0,98,"test",299,0.483733355998993,0
0,98,"test",300,0.397357165813446,1
0,98,"test",301,0.346920937299728,1
0,98,"test",302,0.488430917263031,1
0,98,"test",303,0.506838083267212,0
0,98,"test",304,0.57138466835022,1
0,98,"test",305,0.553777873516083,0
0,41,"val",1,0.496981173753738,0
0,41,"val",2,0.479829013347626,1
0,41,"val",3,0.471602559089661,0
0,41,"val",4,0.476250618696213,1
0,41,"val",5,0.477168172597885,1
0,41,"val",6,0.375887006521225,1
0,41,"val",7,0.410305976867676,1
0,41,"val",8,0.494735062122345,1
0,41,"val",9,0.487010180950165,1
0,41,"val",10,0.513636589050293,1
0,41,"val",11,0.503713607788086,1
0,41,"val",12,0.504923462867737,1
0,41,"val",13,0.519932925701141,1
0,41,"val",14,0.515471279621124,1
0,41,"val",15,0.529968321323395,1
0,41,"val",16,0.504258632659912,1
0,41,"val",17,0.497967541217804,1
0,41,"val",18,0.472158193588257,1
0,41,"val",19,0.47593292593956,1
0,41,"val",20,0.551375687122345,1
0,41,"val",21,0.55957305431366,1
0,41,"val",22,0.52706640958786,1
0,41,"val",23,0.510456740856171,0
0,41,"val",24,0.503766298294067,0
0,41,"val",25,0.427365869283676,1
0,41,"val",26,0.496981173753738,0
0,41,"val",27,0.50455641746521,0
0,41,"val",28,0.471602559089661,0
0,41,"val",29,0.471844375133514,1
0,41,"val",30,0.477168172597885,1
0,41,"val",31,0.479335814714432,0
0,41,"val",32,0.410305976867676,0
0,41,"val",33,0.396026998758316,0
0,41,"val",34,0.487010180950165,0
0,41,"val",35,0.486192345619202,0
0,41,"val",36,0.503713607788086,0
0,41,"val",37,0.507796347141266,1
0,41,"val",38,0.519932925701141,1
0,41,"val",39,0.519867122173309,1
0,41,"val",40,0.529968321323395,0
0,41,"val",41,0.519773662090302,0
0,41,"val",42,0.497967541217804,0
0,41,"val",43,0.499418318271637,0
0,41,"val",44,0.47593292593956,0
0,41,"val",45,0.477681040763855,0
0,41,"val",46,0.55957305431366,0
0,41,"val",47,0.566381335258484,1
0,41,"val",48,0.510456740856171,1
0,41,"val",49,0.52887624502182,1
0,41,"val",50,0.427365869283676,1
0,41,"val",51,0.486614733934402,1
0,41,"val",52,0.50455641746521,1
0,41,"val",53,0.529376029968262,1
0,41,"val",54,0.471844375133514,1
0,41,"val",55,0.478616327047348,1
0,41,"val",56,0.479335814714432,1
0,41,"val",57,0.480545431375504,1
0,41,"val",58,0.396026998758316,1
0,41,"val",59,0.428088992834091,1
0,41,"val",60,0.486192345619202,1
0,41,"val",61,0.501014709472656,0
0,41,"val",62,0.507796347141266,1
0,41,"val",63,0.51731139421463,0
0,41,"val",64,0.519867122173309,0
0,41,"val",65,0.514547526836395,1
0,41,"val",66,0.519773662090302,1
0,41,"val",67,0.525560915470123,1
0,41,"val",68,0.499418318271637,1
0,41,"val",69,0.498778849840164,1
0,41,"val",70,0.477681040763855,1
0,41,"val",71,0.47518265247345,1
0,41,"val",72,0.566381335258484,1
0,41,"val",73,0.541900455951691,1
0,41,"val",74,0.52887624502182,1
0,41,"val",75,0.581999599933624,1
0,41,"val",76,0.486614733934402,0
0,41,"val",77,0.503875315189362,1
0,41,"val",78,0.529376029968262,1
0,41,"val",79,0.503811836242676,0
0,41,"val",80,0.478616327047348,0
0,41,"val",81,0.482799589633942,0
0,41,"val",82,0.480545431375504,1
0,41,"val",83,0.482094049453735,0
0,41,"val",84,0.428088992834091,0
0,41,"val",85,0.429017663002014,0
0,41,"val",86,0.501014709472656,1
0,41,"val",87,0.482576727867126,1
0,41,"val",88,0.51731139421463,1
0,41,"val",89,0.528078138828278,0
0,41,"val",90,0.514547526836395,0
0,41,"val",91,0.50686651468277,0
0,41,"val",92,0.525560915470123,0
0,41,"val",93,0.528068542480469,0
0,41,"val",94,0.498778849840164,0
0,41,"val",95,0.495120048522949,0
0,41,"val",96,0.47518265247345,1
0,41,"val",97,0.476725608110428,1
0,41,"val",98,0.541900455951691,1
0,41,"val",99,0.553119659423828,1
0,41,"val",100,0.581999599933624,0
0,41,"val",101,0.571460723876953,0
0,41,"val",102,0.503875315189362,0
0,41,"val",103,0.405562371015549,0
0,41,"val",104,0.503811836242676,1
0,41,"val",105,0.510927379131317,1
0,41,"val",106,0.482799589633942,1
0,41,"val",107,0.483845710754395,1
0,41,"val",108,0.482094049453735,1
0,41,"val",109,0.480204999446869,0
0,41,"val",110,0.429017663002014,0
0,41,"val",111,0.389402568340302,1
0,41,"val",112,0.482576727867126,1
0,41,"val",113,0.488586932420731,1
0,41,"val",114,0.528078138828278,0
0,41,"val",115,0.514639794826508,1
0,41,"val",116,0.50686651468277,0
0,41,"val",117,0.523765742778778,1
0,41,"val",118,0.528068542480469,1
0,41,"val",119,0.516133964061737,1
0,41,"val",120,0.495120048522949,0
0,41,"val",121,0.498773872852325,0
0,41,"val",122,0.476725608110428,0
0,41,"val",123,0.479883044958115,1
0,41,"val",124,0.553119659423828,1
0,41,"val",125,0.541653990745544,1
0,41,"val",126,0.571460723876953,1
0,41,"val",127,0.574250221252441,1
0,41,"val",128,0.405562371015549,1
0,41,"val",129,0.289077907800674,1
0,41,"val",130,0.510927379131317,1
0,41,"val",131,0.513531982898712,0
0,41,"val",132,0.483845710754395,0
0,41,"val",133,0.475990742444992,1
0,41,"val",134,0.480204999446869,1
0,41,"val",135,0.479928433895111,0
0,41,"val",136,0.389402568340302,0
0,41,"val",137,0.412615805864334,0
0,41,"val",138,0.488586932420731,0
0,41,"val",139,0.488814920186996,0
0,41,"val",140,0.514639794826508,0
0,41,"val",141,0.491501003503799,1
0,41,"val",142,0.523765742778778,1
0,41,"val",143,0.518245935440063,1
0,41,"val",144,0.516133964061737,0
0,41,"val",145,0.5213662981987,0
0,41,"val",146,0.498773872852325,0
0,41,"val",147,0.49671483039856,0
0,41,"val",148,0.479883044958115,0
0,41,"val",149,0.474714726209641,0
0,41,"val",150,0.541653990745544,0
0,41,"val",151,0.552881300449371,0
0,41,"val",152,0.574250221252441,1
0,41,"val",153,0.556547582149506,0
0,41,"val",154,0.289077907800674,1
0,41,"val",155,0.329682976007462,0
0,41,"val",156,0.513531982898712,0
0,41,"val",157,0.50078284740448,0
0,41,"val",158,0.475990742444992,0
0,41,"val",159,0.4694804251194,1
0,41,"val",160,0.479928433895111,1
0,41,"val",161,0.48287907242775,1
0,41,"val",162,0.412615805864334,1
0,41,"val",163,0.417219609022141,1
0,41,"val",164,0.488814920186996,0
0,41,"val",165,0.457809418439865,0
0,41,"val",166,0.491501003503799,0
0,41,"val",167,0.496978223323822,0
0,41,"val",168,0.518245935440063,1
0,41,"val",169,0.520191609859467,0
0,41,"val",170,0.5213662981987,0
0,41,"val",171,0.521456599235535,0
0,41,"val",172,0.49671483039856,1
0,41,"val",173,0.495177239179611,1
0,41,"val",174,0.474714726209641,1
0,41,"val",175,0.482848197221756,0
0,41,"val",176,0.552881300449371,0
0,41,"val",177,0.525522530078888,1
0,41,"val",178,0.556547582149506,0
0,41,"val",179,0.544158756732941,1
0,41,"val",180,0.329682976007462,0
0,41,"val",181,0.331411600112915,1
0,41,"val",182,0.50078284740448,1
0,41,"val",183,0.493534684181213,1
0,41,"val",184,0.4694804251194,0
0,41,"val",185,0.467661410570145,0
0,41,"val",186,0.48287907242775,0
0,41,"val",187,0.4832703769207,0
0,41,"val",188,0.417219609022141,0
0,41,"val",189,0.432092159986496,0
0,41,"val",190,0.457809418439865,0
0,41,"val",191,0.482245296239853,1
0,41,"val",192,0.496978223323822,0
0,41,"val",193,0.491810023784637,0
0,41,"val",194,0.520191609859467,0
0,41,"val",195,0.51090681552887,1
0,41,"val",196,0.521456599235535,1
0,41,"val",197,0.515548825263977,1
0,41,"val",198,0.495177239179611,1
0,41,"val",199,0.494853556156158,0
0,41,"val",200,0.482848197221756,0
0,41,"val",201,0.476868093013763,0
0,41,"val",202,0.525522530078888,0
0,41,"val",203,0.531644463539124,1
0,41,"val",204,0.544158756732941,1
0,41,"val",205,0.53103905916214,1
0,41,"val",206,0.331411600112915,0
0,41,"val",207,0.468662947416306,0
0,41,"val",208,0.493534684181213,0
0,41,"val",209,0.503079652786255,1
0,41,"val",210,0.467661410570145,1
0,41,"val",211,0.466679304838181,1
0,41,"val",212,0.4832703769207,1
0,41,"val",213,0.485172003507614,1
0,41,"val",214,0.432092159986496,1
0,41,"val",215,0.429680734872818,0
0,41,"val",216,0.482245296239853,0
0,41,"val",217,0.465026527643204,0
0,41,"val",218,0.491810023784637,0
0,41,"val",219,0.504205584526062,0
0,41,"val",220,0.51090681552887,0
0,41,"val",221,0.513664901256561,1
0,41,"val",222,0.515548825263977,1
0,41,"val",223,0.521390676498413,1
0,41,"val",224,0.494853556156158,0
0,41,"val",225,0.489908874034882,1
0,41,"val",226,0.476868093013763,1
0,41,"val",227,0.476926028728485,1
0,41,"val",228,0.531644463539124,0
0,41,"val",229,0.506145477294922,0
0,41,"val",230,0.53103905916214,0
0,41,"val",231,0.540074169635773,0
0,41,"val",232,0.468662947416306,0
0,41,"val",233,0.323879659175873,0
0,41,"val",234,0.503079652786255,0
0,41,"val",235,0.535293400287628,0
0,41,"val",236,0.466679304838181,0
0,41,"val",237,0.479691684246063,0
0,41,"val",238,0.485172003507614,1
0,41,"val",239,0.48215314745903,0
0,41,"val",240,0.429680734872818,0
0,41,"val",241,0.428117156028748,0
0,41,"val",242,0.465026527643204,0
0,41,"val",243,0.460388332605362,1
0,41,"val",244,0.504205584526062,1
0,41,"val",245,0.49631005525589,1
0,41,"val",246,0.513664901256561,0
0,41,"val",247,0.508549213409424,1
0,41,"val",248,0.521390676498413,1
0,41,"val",249,0.519650280475616,0
0,41,"val",250,0.489908874034882,1
0,41,"val",251,0.490711539983749,1
0,41,"val",252,0.476926028728485,1
0,41,"val",253,0.470661282539368,1
0,41,"val",254,0.506145477294922,0
0,41,"val",255,0.510876953601837,0
0,41,"val",256,0.540074169635773,0
0,41,"val",257,0.529789924621582,0
0,41,"val",258,0.323879659175873,1
0,41,"val",259,0.439274102449417,1
0,41,"val",260,0.535293400287628,1
0,41,"val",261,0.51115894317627,1
0,41,"val",262,0.479691684246063,1
0,41,"val",263,0.480574578046799,0
0,41,"val",264,0.48215314745903,0
0,41,"val",265,0.481484055519104,1
0,41,"val",266,0.428117156028748,1
0,41,"val",267,0.427776277065277,0
0,41,"val",268,0.460388332605362,0
0,41,"val",269,0.460165828466415,0
0,41,"val",270,0.49631005525589,1
0,41,"val",271,0.482908725738525,1
0,41,"val",272,0.508549213409424,1
0,41,"val",273,0.523713409900665,1
0,41,"val",274,0.519650280475616,0
0,41,"val",275,0.524959206581116,0
0,41,"val",276,0.490711539983749,0
0,41,"val",277,0.492997288703918,0
0,41,"val",278,0.470661282539368,1
0,41,"val",279,0.470491737127304,1
0,41,"val",280,0.510876953601837,1
0,41,"val",281,0.517567992210388,1
0,41,"val",282,0.529789924621582,1
0,41,"val",283,0.511823713779449,1
0,41,"val",284,0.439274102449417,0
0,41,"val",285,0.44346672296524,0
0,41,"val",286,0.51115894317627,0
0,41,"val",287,0.521953940391541,0
0,41,"val",288,0.480574578046799,0
0,41,"val",289,0.479866623878479,0
0,41,"val",290,0.481484055519104,0
0,41,"val",291,0.486429214477539,0
0,41,"val",292,0.427776277065277,0
0,41,"val",293,0.404470890760422,0
0,41,"val",294,0.460165828466415,1
0,41,"val",295,0.461770743131638,1
0,41,"val",296,0.482908725738525,0
0,41,"val",297,0.520590424537659,0
0,41,"val",298,0.523713409900665,0
0,41,"val",299,0.536394655704498,1
0,41,"val",300,0.524959206581116,1
0,41,"val",301,0.516569137573242,1
0,41,"val",302,0.492997288703918,0
0,41,"val",303,0.495697021484375,0
0,41,"val",304,0.470491737127304,0
0,41,"test",1,0.487351596355438,0
0,41,"test",2,0.517567992210388,0
0,41,"test",3,0.526579201221466,1
0,41,"test",4,0.511823713779449,1
0,41,"test",5,0.519858777523041,1
0,41,"test",6,0.44346672296524,1
0,41,"test",7,0.434116989374161,1
0,41,"test",8,0.521953940391541,1
0,41,"test",9,0.497749954462051,1
0,41,"test",10,0.479866623878479,1
0,41,"test",11,0.486552059650421,1
0,41,"test",12,0.486429214477539,1
0,41,"test",13,0.477926701307297,1
0,41,"test",14,0.404470890760422,1
0,41,"test",15,0.416735142469406,1
0,41,"test",16,0.461770743131638,1
0,41,"test",17,0.471987098455429,0
0,41,"test",18,0.520590424537659,0
0,41,"test",19,0.525947391986847,0
0,41,"test",20,0.536394655704498,1
0,41,"test",21,0.549858748912811,1
0,41,"test",22,0.516569137573242,1
0,41,"test",23,0.512675285339355,0
0,41,"test",24,0.495697021484375,0
0,41,"test",25,0.494062095880508,0
0,41,"test",26,0.487351596355438,1
0,41,"test",27,0.481874018907547,1
0,41,"test",28,0.526579201221466,1
0,41,"test",29,0.535656571388245,0
0,41,"test",30,0.519858777523041,0
0,41,"test",31,0.530799031257629,0
0,41,"test",32,0.434116989374161,0
0,41,"test",33,0.408770978450775,0
0,41,"test",34,0.497749954462051,1
0,41,"test",35,0.517437994480133,1
0,41,"test",36,0.486552059650421,1
0,41,"test",37,0.488461047410965,1
0,41,"test",38,0.477926701307297,1
0,41,"test",39,0.477326363325119,1
0,41,"test",40,0.416735142469406,1
0,41,"test",41,0.408145308494568,1
0,41,"test",42,0.471987098455429,0
0,41,"test",43,0.49350917339325,0
0,41,"test",44,0.525947391986847,1
0,41,"test",45,0.521674931049347,1
0,41,"test",46,0.549858748912811,1
0,41,"test",47,0.524126470088959,0
0,41,"test",48,0.512675285339355,0
0,41,"test",49,0.518065452575684,0
0,41,"test",50,0.494062095880508,0
0,41,"test",51,0.493830680847168,1
0,41,"test",52,0.481874018907547,1
0,41,"test",53,0.473020285367966,1
0,41,"test",54,0.535656571388245,1
0,41,"test",55,0.534755885601044,0
0,41,"test",56,0.530799031257629,0
0,41,"test",57,0.571424305438995,0
0,41,"test",58,0.408770978450775,0
0,41,"test",59,0.386969089508057,1
0,41,"test",60,0.517437994480133,1
0,41,"test",61,0.486487805843353,1
0,41,"test",62,0.488461047410965,0
0,41,"test",63,0.483219295740128,1
0,41,"test",64,0.477326363325119,1
0,41,"test",65,0.480523735284805,1
0,41,"test",66,0.408145308494568,1
0,41,"test",67,0.39604526758194,1
0,41,"test",68,0.49350917339325,0
0,41,"test",69,0.489401131868362,0
0,41,"test",70,0.521674931049347,0
0,41,"test",71,0.507244348526001,1
0,41,"test",72,0.524126470088959,1
0,41,"test",73,0.513271152973175,0
0,41,"test",74,0.518065452575684,0
0,41,"test",75,0.518991649150848,0
0,41,"test",76,0.493830680847168,0
0,41,"test",77,0.492127239704132,0
0,41,"test",78,0.473020285367966,1
0,41,"test",79,0.467129766941071,0
0,41,"test",80,0.534755885601044,0
0,41,"test",81,0.550540268421173,1
0,41,"test",82,0.571424305438995,1
0,41,"test",83,0.536808729171753,1
0,41,"test",84,0.386969089508057,1
0,41,"test",85,0.406881928443909,0
0,41,"test",86,0.486487805843353,0
0,41,"test",87,0.49346786737442,0
0,41,"test",88,0.483219295740128,0
0,41,"test",89,0.467139720916748,0
0,41,"test",90,0.480523735284805,0
0,41,"test",91,0.480413377285004,1
0,41,"test",92,0.39604526758194,0
0,41,"test",93,0.392725020647049,0
0,41,"test",94,0.489401131868362,0
0,41,"test",95,0.485123693943024,0
0,41,"test",96,0.507244348526001,0
0,41,"test",97,0.504727840423584,1
0,41,"test",98,0.513271152973175,1
0,41,"test",99,0.523010730743408,1
0,41,"test",100,0.518991649150848,1
0,41,"test",101,0.517411291599274,1
0,41,"test",102,0.492127239704132,0
0,41,"test",103,0.491681128740311,0
0,41,"test",104,0.467129766941071,0
0,41,"test",105,0.47126829624176,0
0,41,"test",106,0.550540268421173,0
0,41,"test",107,0.520055890083313,0
0,41,"test",108,0.536808729171753,0
0,41,"test",109,0.54429042339325,0
0,41,"test",110,0.406881928443909,1
0,41,"test",111,0.31655940413475,1
0,41,"test",112,0.49346786737442,1
0,41,"test",113,0.502394080162048,0
0,41,"test",114,0.467139720916748,1
0,41,"test",115,0.480154812335968,1
0,41,"test",116,0.480413377285004,1
0,41,"test",117,0.483979761600494,1
0,41,"test",118,0.392725020647049,1
0,41,"test",119,0.403269410133362,0
0,41,"test",120,0.485123693943024,0
0,41,"test",121,0.457484245300293,0
0,41,"test",122,0.504727840423584,1
0,41,"test",123,0.503225326538086,1
0,41,"test",124,0.523010730743408,1
0,41,"test",125,0.513562262058258,0
0,41,"test",126,0.517411291599274,0
0,41,"test",127,0.519932329654694,0
0,41,"test",128,0.491681128740311,1
0,41,"test",129,0.493332833051682,1
0,41,"test",130,0.47126829624176,1
0,41,"test",131,0.482098788022995,1
0,41,"test",132,0.520055890083313,0
0,41,"test",133,0.611056625843048,0
0,41,"test",134,0.54429042339325,0
0,41,"test",135,0.534341990947723,0
0,41,"test",136,0.31655940413475,0
0,41,"test",137,0.403817355632782,1
0,41,"test",138,0.502394080162048,1
0,41,"test",139,0.505070090293884,1
0,41,"test",140,0.480154812335968,1
0,41,"test",141,0.477496832609177,1
0,41,"test",142,0.483979761600494,1
0,41,"test",143,0.487894386053085,1
0,41,"test",144,0.403269410133362,1
0,41,"test",145,0.391719251871109,1
0,41,"test",146,0.457484245300293,1
0,41,"test",147,0.456416755914688,1
0,41,"test",148,0.503225326538086,1
0,41,"test",149,0.529112040996552,1
0,41,"test",150,0.513562262058258,1
0,41,"test",151,0.516125380992889,1
0,41,"test",152,0.519932329654694,0
0,41,"test",153,0.530855000019073,0
0,41,"test",154,0.493332833051682,1
0,41,"test",155,0.494939357042313,1
0,41,"test",156,0.482098788022995,1
0,41,"test",157,0.469397455453873,0
0,41,"test",158,0.611056625843048,0
0,41,"test",159,0.559928953647614,0
0,41,"test",160,0.534341990947723,0
0,41,"test",161,0.531834900379181,0
0,41,"test",162,0.403817355632782,0
0,41,"test",163,0.454418331384659,0
0,41,"test",164,0.505070090293884,0
0,41,"test",165,0.511357426643372,1
0,41,"test",166,0.477496832609177,1
0,41,"test",167,0.481652557849884,0
0,41,"test",168,0.487894386053085,1
0,41,"test",169,0.484752148389816,1
0,41,"test",170,0.391719251871109,1
0,41,"test",171,0.399251818656921,0
0,41,"test",172,0.456416755914688,0
0,41,"test",173,0.449549287557602,1
0,41,"test",174,0.529112040996552,1
0,41,"test",175,0.515565872192383,1
0,41,"test",176,0.516125380992889,1
0,41,"test",177,0.515296101570129,0
0,41,"test",178,0.530855000019073,0
0,41,"test",179,0.521484434604645,0
0,41,"test",180,0.494939357042313,0
0,41,"test",181,0.487459719181061,0
0,41,"test",182,0.469397455453873,0
0,41,"test",183,0.466249763965607,0
0,41,"test",184,0.559928953647614,0
0,41,"test",185,0.546276986598969,0
0,41,"test",186,0.531834900379181,1
0,41,"test",187,0.525622665882111,0
0,41,"test",188,0.454418331384659,0
0,41,"test",189,0.459794342517853,0
0,41,"test",190,0.511357426643372,0
0,41,"test",191,0.461726695299149,0
0,41,"test",192,0.481652557849884,0
0,41,"test",193,0.465487599372864,0
0,41,"test",194,0.484752148389816,0
0,41,"test",195,0.489602535963058,0
0,41,"test",196,0.399251818656921,0
0,41,"test",197,0.420041769742966,1
0,41,"test",198,0.449549287557602,1
0,41,"test",199,0.456333458423615,1
0,41,"test",200,0.515565872192383,0
0,41,"test",201,0.513076961040497,0
0,41,"test",202,0.515296101570129,1
0,41,"test",203,0.540623247623444,0
0,41,"test",204,0.521484434604645,0
0,41,"test",205,0.516232132911682,0
0,41,"test",206,0.487459719181061,1
0,41,"test",207,0.488782644271851,0
0,41,"test",208,0.466249763965607,0
0,41,"test",209,0.47110840678215,0
0,41,"test",210,0.546276986598969,0
0,41,"test",211,0.546842634677887,0
0,41,"test",212,0.525622665882111,1
0,41,"test",213,0.553308606147766,0
0,41,"test",214,0.459794342517853,1
0,41,"test",215,0.348902374505997,1
0,41,"test",216,0.461726695299149,1
0,41,"test",217,0.436084568500519,0
0,41,"test",218,0.465487599372864,0
0,41,"test",219,0.46259593963623,1
0,41,"test",220,0.489602535963058,1
0,41,"test",221,0.485553383827209,0
0,41,"test",222,0.420041769742966,1
0,41,"test",223,0.393210589885712,1
0,41,"test",224,0.456333488225937,1
0,41,"test",225,0.471509516239166,0
0,41,"test",226,0.513076961040497,0
0,41,"test",227,0.523720324039459,0
0,41,"test",228,0.540623247623444,1
0,41,"test",229,0.517399966716766,1
0,41,"test",230,0.516232132911682,0
0,41,"test",231,0.512344539165497,1
0,41,"test",232,0.488782644271851,1
0,41,"test",233,0.499216914176941,1
0,41,"test",234,0.47110840678215,1
0,41,"test",235,0.469499677419662,1
0,41,"test",236,0.546842634677887,1
0,41,"test",237,0.560380637645721,0
0,41,"test",238,0.553308606147766,0
0,41,"test",239,0.534424364566803,0
0,41,"test",240,0.348902374505997,0
0,41,"test",241,0.32227548956871,0
0,41,"test",242,0.436084568500519,0
0,41,"test",243,0.476637631654739,0
0,41,"test",244,0.46259593963623,1
0,41,"test",245,0.460111141204834,1
0,41,"test",246,0.485553383827209,1
0,41,"test",247,0.492719084024429,1
0,41,"test",248,0.393210589885712,1
0,41,"test",249,0.373380899429321,1
0,41,"test",250,0.471509516239166,1
0,41,"test",251,0.474555194377899,1
0,41,"test",252,0.523720324039459,0
0,41,"test",253,0.53291779756546,0
0,41,"test",254,0.517399966716766,0
0,41,"test",255,0.508405447006226,1
0,41,"test",256,0.512344539165497,1
0,41,"test",257,0.521228849887848,1
0,41,"test",258,0.499216914176941,1
0,41,"test",259,0.491394996643066,1
0,41,"test",260,0.469499677419662,1
0,41,"test",261,0.477159827947617,1
0,41,"test",262,0.560380637645721,0
0,41,"test",263,0.546412289142609,0
0,41,"test",264,0.534424364566803,1
0,41,"test",265,0.539413154125214,1
0,41,"test",266,0.32227548956871,1
0,41,"test",267,0.447363436222076,1
0,41,"test",268,0.476637631654739,1
0,41,"test",269,0.488624900579453,1
0,41,"test",270,0.460111141204834,1
0,41,"test",271,0.47684034705162,1
0,41,"test",272,0.492719084024429,1
0,41,"test",273,0.488735288381577,1
0,41,"test",274,0.373380899429321,1
0,41,"test",275,0.394520491361618,1
0,41,"test",276,0.474555194377899,1
0,41,"test",277,0.451716810464859,1
0,41,"test",278,0.53291779756546,0
0,41,"test",279,0.546384692192078,0
0,41,"test",280,0.508405447006226,0
0,41,"test",281,0.522311985492706,0
0,41,"test",282,0.521228849887848,0
0,41,"test",283,0.51387357711792,0
0,41,"test",284,0.491394996643066,0
0,41,"test",285,0.498818755149841,0
0,41,"test",286,0.477159827947617,0
0,41,"test",287,0.47211542725563,0
0,41,"test",288,0.546412348747253,0
0,41,"test",289,0.549542605876923,0
0,41,"test",290,0.539413154125214,0
0,41,"test",291,0.516968071460724,0
0,41,"test",292,0.447363436222076,1
0,41,"test",293,0.485071808099747,1
0,41,"test",294,0.488624900579453,1
0,41,"test",295,0.506775796413422,0
0,41,"test",296,0.47684034705162,0
0,41,"test",297,0.479993402957916,1
0,41,"test",298,0.488735288381577,0
0,41,"test",299,0.489967077970505,0
0,41,"test",300,0.394520491361618,1
0,41,"test",301,0.317230641841888,1
0,41,"test",302,0.451716810464859,1
0,41,"test",303,0.473211586475372,0
0,41,"test",304,0.546384692192078,1
0,41,"test",305,0.538829445838928,0
0,64,"val",1,0.505971550941467,0
0,64,"val",2,0.466185867786407,1
0,64,"val",3,0.458559334278107,0
0,64,"val",4,0.473797112703323,1
0,64,"val",5,0.480770289897919,1
0,64,"val",6,0.371477097272873,1
0,64,"val",7,0.39056271314621,1
0,64,"val",8,0.514046490192413,1
0,64,"val",9,0.505642771720886,1
0,64,"val",10,0.512001574039459,1
0,64,"val",11,0.49762374162674,1
0,64,"val",12,0.488415211439133,1
0,64,"val",13,0.504709005355835,1
0,64,"val",14,0.508027374744415,1
0,64,"val",15,0.538299858570099,1
0,64,"val",16,0.517571866512299,1
0,64,"val",17,0.492217391729355,1
0,64,"val",18,0.474672377109528,1
0,64,"val",19,0.48541048169136,1
0,64,"val",20,0.541752696037292,1
0,64,"val",21,0.562439024448395,1
0,64,"val",22,0.560479044914246,1
0,64,"val",23,0.528452217578888,0
0,64,"val",24,0.51006281375885,0
0,64,"val",25,0.393979996442795,1
0,64,"val",26,0.505971550941467,0
0,64,"val",27,0.514321029186249,0
0,64,"val",28,0.458559334278107,0
0,64,"val",29,0.414412677288055,1
0,64,"val",30,0.480770289897919,1
0,64,"val",31,0.478583514690399,0
0,64,"val",32,0.39056271314621,0
0,64,"val",33,0.385977625846863,0
0,64,"val",34,0.505642771720886,0
0,64,"val",35,0.50057590007782,0
0,64,"val",36,0.49762374162674,0
0,64,"val",37,0.500360131263733,1
0,64,"val",38,0.504709005355835,1
0,64,"val",39,0.505609631538391,1
0,64,"val",40,0.538299858570099,0
0,64,"val",41,0.52040559053421,0
0,64,"val",42,0.492217391729355,0
0,64,"val",43,0.497925668954849,0
0,64,"val",44,0.48541048169136,0
0,64,"val",45,0.47126230597496,0
0,64,"val",46,0.562439024448395,0
0,64,"val",47,0.561421751976013,1
0,64,"val",48,0.528452217578888,1
0,64,"val",49,0.564109563827515,1
0,64,"val",50,0.393979996442795,1
0,64,"val",51,0.480056166648865,1
0,64,"val",52,0.514321029186249,1
0,64,"val",53,0.5442755818367,1
0,64,"val",54,0.414412677288055,1
0,64,"val",55,0.449432700872421,1
0,64,"val",56,0.478583514690399,1
0,64,"val",57,0.475617170333862,1
0,64,"val",58,0.385977625846863,1
0,64,"val",59,0.405517220497131,1
0,64,"val",60,0.50057590007782,1
0,64,"val",61,0.509357750415802,0
0,64,"val",62,0.500360131263733,1
0,64,"val",63,0.516275644302368,0
0,64,"val",64,0.505609631538391,0
0,64,"val",65,0.499499320983887,1
0,64,"val",66,0.52040559053421,1
0,64,"val",67,0.529169678688049,1
0,64,"val",68,0.497925668954849,1
0,64,"val",69,0.502168297767639,1
0,64,"val",70,0.47126230597496,1
0,64,"val",71,0.480413109064102,1
0,64,"val",72,0.561421751976013,1
0,64,"val",73,0.531275987625122,1
0,64,"val",74,0.564109563827515,1
0,64,"val",75,0.644522607326508,1
0,64,"val",76,0.480056166648865,0
0,64,"val",77,0.49642077088356,1
0,64,"val",78,0.5442755818367,1
0,64,"val",79,0.512402415275574,0
0,64,"val",80,0.449432700872421,0
0,64,"val",81,0.468524634838104,0
0,64,"val",82,0.475617170333862,1
0,64,"val",83,0.479857623577118,0
0,64,"val",84,0.405517220497131,0
0,64,"val",85,0.402964949607849,0
0,64,"val",86,0.509357750415802,1
0,64,"val",87,0.49037903547287,1
0,64,"val",88,0.516275644302368,1
0,64,"val",89,0.533169865608215,0
0,64,"val",90,0.499499320983887,0
0,64,"val",91,0.490943998098373,0
0,64,"val",92,0.529169678688049,0
0,64,"val",93,0.552674233913422,0
0,64,"val",94,0.502168297767639,0
0,64,"val",95,0.486818015575409,0
0,64,"val",96,0.480413109064102,1
0,64,"val",97,0.473908007144928,1
0,64,"val",98,0.531275987625122,1
0,64,"val",99,0.548050403594971,1
0,64,"val",100,0.644522607326508,0
0,64,"val",101,0.628760814666748,0
0,64,"val",102,0.49642077088356,0
0,64,"val",103,0.358947247266769,0
0,64,"val",104,0.512402415275574,1
0,64,"val",105,0.513127744197845,1
0,64,"val",106,0.468524634838104,1
0,64,"val",107,0.467929363250732,1
0,64,"val",108,0.479857623577118,1
0,64,"val",109,0.474309682846069,0
0,64,"val",110,0.402964949607849,0
0,64,"val",111,0.376422435045242,1
0,64,"val",112,0.49037903547287,1
0,64,"val",113,0.501565158367157,1
0,64,"val",114,0.533169865608215,0
0,64,"val",115,0.512332797050476,1
0,64,"val",116,0.490943998098373,0
0,64,"val",117,0.510240256786346,1
0,64,"val",118,0.552674233913422,1
0,64,"val",119,0.50858211517334,1
0,64,"val",120,0.486818045377731,0
0,64,"val",121,0.512877762317657,0
0,64,"val",122,0.473908007144928,0
0,64,"val",123,0.479644566774368,1
0,64,"val",124,0.548050403594971,1
0,64,"val",125,0.526011407375336,1
0,64,"val",126,0.628760814666748,1
0,64,"val",127,0.630186378955841,1
0,64,"val",128,0.358947336673737,1
0,64,"val",129,0.192641645669937,1
0,64,"val",130,0.513127744197845,1
0,64,"val",131,0.518161535263062,0
0,64,"val",132,0.467929363250732,0
0,64,"val",133,0.459934771060944,1
0,64,"val",134,0.474309682846069,1
0,64,"val",135,0.481629490852356,0
0,64,"val",136,0.376422435045242,0
0,64,"val",137,0.395250499248505,0
0,64,"val",138,0.501565158367157,0
0,64,"val",139,0.493822127580643,0
0,64,"val",140,0.512332797050476,0
0,64,"val",141,0.476472496986389,1
0,64,"val",142,0.510240256786346,1
0,64,"val",143,0.503108203411102,1
0,64,"val",144,0.50858211517334,0
0,64,"val",145,0.513739585876465,0
0,64,"val",146,0.512877762317657,0
0,64,"val",147,0.507973968982697,0
0,64,"val",148,0.479644566774368,0
0,64,"val",149,0.51937061548233,0
0,64,"val",150,0.526011407375336,0
0,64,"val",151,0.532517910003662,0
0,64,"val",152,0.630186378955841,1
0,64,"val",153,0.581376492977142,0
0,64,"val",154,0.192641645669937,1
0,64,"val",155,0.241011410951614,0
0,64,"val",156,0.518161535263062,0
0,64,"val",157,0.504550218582153,0
0,64,"val",158,0.459934771060944,0
0,64,"val",159,0.460293561220169,1
0,64,"val",160,0.481629490852356,1
0,64,"val",161,0.478545427322388,1
0,64,"val",162,0.395250499248505,1
0,64,"val",163,0.387655884027481,1
0,64,"val",164,0.493822127580643,0
0,64,"val",165,0.469304025173187,0
0,64,"val",166,0.476472496986389,0
0,64,"val",167,0.488766223192215,0
0,64,"val",168,0.503108203411102,1
0,64,"val",169,0.505995750427246,0
0,64,"val",170,0.513739585876465,0
0,64,"val",171,0.513728082180023,0
0,64,"val",172,0.507973968982697,1
0,64,"val",173,0.503986239433289,1
0,64,"val",174,0.51937061548233,1
0,64,"val",175,0.492193281650543,0
0,64,"val",176,0.532517910003662,0
0,64,"val",177,0.498278498649597,1
0,64,"val",178,0.581376492977142,0
0,64,"val",179,0.579876840114594,1
0,64,"val",180,0.241011410951614,0
0,64,"val",181,0.243303656578064,1
0,64,"val",182,0.504550218582153,1
0,64,"val",183,0.490398108959198,1
0,64,"val",184,0.460293561220169,0
0,64,"val",185,0.4573033452034,0
0,64,"val",186,0.478545427322388,0
0,64,"val",187,0.471034795045853,0
0,64,"val",188,0.387655884027481,0
0,64,"val",189,0.409620195627213,0
0,64,"val",190,0.469304025173187,0
0,64,"val",191,0.499600648880005,1
0,64,"val",192,0.488766223192215,0
0,64,"val",193,0.481663644313812,0
0,64,"val",194,0.505995750427246,0
0,64,"val",195,0.494400680065155,1
0,64,"val",196,0.513728082180023,1
0,64,"val",197,0.515897393226624,1
0,64,"val",198,0.503986239433289,1
0,64,"val",199,0.492705166339874,0
0,64,"val",200,0.492193281650543,0
0,64,"val",201,0.477738231420517,0
0,64,"val",202,0.498278498649597,0
0,64,"val",203,0.509760677814484,1
0,64,"val",204,0.579876840114594,1
0,64,"val",205,0.567348301410675,1
0,64,"val",206,0.243303656578064,0
0,64,"val",207,0.456088900566101,0
0,64,"val",208,0.490398108959198,0
0,64,"val",209,0.512789785861969,1
0,64,"val",210,0.4573033452034,1
0,64,"val",211,0.452890455722809,1
0,64,"val",212,0.471034795045853,1
0,64,"val",213,0.476408988237381,1
0,64,"val",214,0.409620195627213,1
0,64,"val",215,0.404242724180222,0
0,64,"val",216,0.499600648880005,0
0,64,"val",217,0.478514432907104,0
0,64,"val",218,0.481663644313812,0
0,64,"val",219,0.497323036193848,0
0,64,"val",220,0.494400680065155,0
0,64,"val",221,0.498392462730408,1
0,64,"val",222,0.515897393226624,1
0,64,"val",223,0.531197965145111,1
0,64,"val",224,0.492705166339874,0
0,64,"val",225,0.509786307811737,1
0,64,"val",226,0.477738231420517,1
0,64,"val",227,0.475290358066559,1
0,64,"val",228,0.509760677814484,0
0,64,"val",229,0.490482658147812,0
0,64,"val",230,0.567348301410675,0
0,64,"val",231,0.572189688682556,0
0,64,"val",232,0.456088900566101,0
0,64,"val",233,0.235069617629051,0
0,64,"val",234,0.512789785861969,0
0,64,"val",235,0.548172295093536,0
0,64,"val",236,0.452890455722809,0
0,64,"val",237,0.462475299835205,0
0,64,"val",238,0.476408988237381,1
0,64,"val",239,0.475294172763824,0
0,64,"val",240,0.404242724180222,0
0,64,"val",241,0.405751943588257,0
0,64,"val",242,0.478514432907104,0
0,64,"val",243,0.472614526748657,1
0,64,"val",244,0.497323036193848,1
0,64,"val",245,0.485131800174713,1
0,64,"val",246,0.498392462730408,0
0,64,"val",247,0.492179572582245,1
0,64,"val",248,0.531197965145111,1
0,64,"val",249,0.530453026294708,0
0,64,"val",250,0.509786307811737,1
0,64,"val",251,0.503081083297729,1
0,64,"val",252,0.475290358066559,1
0,64,"val",253,0.477330029010773,1
0,64,"val",254,0.490482658147812,0
0,64,"val",255,0.490161240100861,0
0,64,"val",256,0.572189688682556,0
0,64,"val",257,0.555956184864044,0
0,64,"val",258,0.235069617629051,1
0,64,"val",259,0.41217440366745,1
0,64,"val",260,0.548172295093536,1
0,64,"val",261,0.515053272247314,1
0,64,"val",262,0.462475299835205,1
0,64,"val",263,0.461096197366714,0
0,64,"val",264,0.475294172763824,0
0,64,"val",265,0.47455158829689,1
0,64,"val",266,0.405751943588257,1
0,64,"val",267,0.405795812606812,0
0,64,"val",268,0.472614526748657,0
0,64,"val",269,0.47175070643425,0
0,64,"val",270,0.485131800174713,1
0,64,"val",271,0.466354757547379,1
0,64,"val",272,0.492179572582245,1
0,64,"val",273,0.509860038757324,1
0,64,"val",274,0.530453026294708,0
0,64,"val",275,0.55042165517807,0
0,64,"val",276,0.503081083297729,0
0,64,"val",277,0.513003170490265,0
0,64,"val",278,0.477330029010773,1
0,64,"val",279,0.479466706514359,1
0,64,"val",280,0.490161240100861,1
0,64,"val",281,0.503584027290344,1
0,64,"val",282,0.555956184864044,1
0,64,"val",283,0.534636735916138,1
0,64,"val",284,0.41217440366745,0
0,64,"val",285,0.42023777961731,0
0,64,"val",286,0.515053272247314,0
0,64,"val",287,0.532047510147095,0
0,64,"val",288,0.461096197366714,0
0,64,"val",289,0.457621186971664,0
0,64,"val",290,0.47455158829689,0
0,64,"val",291,0.473706185817719,0
0,64,"val",292,0.405795812606812,0
0,64,"val",293,0.382664859294891,0
0,64,"val",294,0.47175070643425,1
0,64,"val",295,0.472520887851715,1
0,64,"val",296,0.466354757547379,0
0,64,"val",297,0.521751999855042,0
0,64,"val",298,0.509860038757324,0
0,64,"val",299,0.524506688117981,1
0,64,"val",300,0.55042165517807,1
0,64,"val",301,0.524145364761353,1
0,64,"val",302,0.513003170490265,0
0,64,"val",303,0.499293863773346,0
0,64,"val",304,0.479466706514359,0
0,64,"test",1,0.470485657453537,0
0,64,"test",2,0.503584027290344,0
0,64,"test",3,0.514829874038696,1
0,64,"test",4,0.534636735916138,1
0,64,"test",5,0.532974004745483,1
0,64,"test",6,0.42023777961731,1
0,64,"test",7,0.404540747404099,1
0,64,"test",8,0.532047510147095,1
0,64,"test",9,0.498875200748444,1
0,64,"test",10,0.457621186971664,1
0,64,"test",11,0.465961188077927,1
0,64,"test",12,0.473706185817719,1
0,64,"test",13,0.473609060049057,1
0,64,"test",14,0.382664859294891,1
0,64,"test",15,0.387016206979752,1
0,64,"test",16,0.472520887851715,1
0,64,"test",17,0.485602349042892,0
0,64,"test",18,0.521751999855042,0
0,64,"test",19,0.529091119766235,0
0,64,"test",20,0.524506688117981,1
0,64,"test",21,0.541165769100189,1
0,64,"test",22,0.524145364761353,1
0,64,"test",23,0.519919872283936,0
0,64,"test",24,0.499293863773346,0
0,64,"test",25,0.517839074134827,0
0,64,"test",26,0.470485657453537,1
0,64,"test",27,0.480421513319016,1
0,64,"test",28,0.514829874038696,1
0,64,"test",29,0.519287765026093,0
0,64,"test",30,0.532974004745483,0
0,64,"test",31,0.551987111568451,0
0,64,"test",32,0.404540777206421,0
0,64,"test",33,0.36381584405899,0
0,64,"test",34,0.498875200748444,1
0,64,"test",35,0.519285023212433,1
0,64,"test",36,0.465961188077927,1
0,64,"test",37,0.470148384571075,1
0,64,"test",38,0.473609060049057,1
0,64,"test",39,0.47004359960556,1
0,64,"test",40,0.387016206979752,1
0,64,"test",41,0.386143654584885,1
0,64,"test",42,0.485602349042892,0
0,64,"test",43,0.501188397407532,0
0,64,"test",44,0.529091119766235,1
0,64,"test",45,0.523102760314941,1
0,64,"test",46,0.541165769100189,1
0,64,"test",47,0.510686814785004,0
0,64,"test",48,0.519919872283936,0
0,64,"test",49,0.515229344367981,0
0,64,"test",50,0.517839074134827,0
0,64,"test",51,0.492968410253525,1
0,64,"test",52,0.480421513319016,1
0,64,"test",53,0.476201325654984,1
0,64,"test",54,0.519287765026093,1
0,64,"test",55,0.509039103984833,0
0,64,"test",56,0.551987111568451,0
0,64,"test",57,0.609912753105164,0
0,64,"test",58,0.36381584405899,0
0,64,"test",59,0.328278064727783,1
0,64,"test",60,0.519285023212433,1
0,64,"test",61,0.493611991405487,1
0,64,"test",62,0.470148384571075,0
0,64,"test",63,0.46258345246315,1
0,64,"test",64,0.47004359960556,1
0,64,"test",65,0.471487373113632,1
0,64,"test",66,0.386143654584885,1
0,64,"test",67,0.374957621097565,1
0,64,"test",68,0.501188397407532,0
0,64,"test",69,0.494055867195129,0
0,64,"test",70,0.523102760314941,0
0,64,"test",71,0.492543697357178,1
0,64,"test",72,0.510686814785004,1
0,64,"test",73,0.49802565574646,0
0,64,"test",74,0.515229344367981,0
0,64,"test",75,0.524389088153839,0
0,64,"test",76,0.492968410253525,0
0,64,"test",77,0.497947067022324,0
0,64,"test",78,0.476201325654984,1
0,64,"test",79,0.496156483888626,0
0,64,"test",80,0.509039103984833,0
0,64,"test",81,0.525879263877869,1
0,64,"test",82,0.609912753105164,1
0,64,"test",83,0.562005043029785,1
0,64,"test",84,0.328278064727783,1
0,64,"test",85,0.360744118690491,0
0,64,"test",86,0.493611991405487,0
0,64,"test",87,0.493364751338959,0
0,64,"test",88,0.46258345246315,0
0,64,"test",89,0.451193779706955,0
0,64,"test",90,0.471487373113632,0
0,64,"test",91,0.477327972650528,1
0,64,"test",92,0.374957621097565,0
0,64,"test",93,0.373262941837311,0
0,64,"test",94,0.494055867195129,0
0,64,"test",95,0.494646787643433,0
0,64,"test",96,0.492543697357178,0
0,64,"test",97,0.497505098581314,1
0,64,"test",98,0.49802565574646,1
0,64,"test",99,0.509360134601593,1
0,64,"test",100,0.524389088153839,1
0,64,"test",101,0.51867139339447,1
0,64,"test",102,0.497947067022324,0
0,64,"test",103,0.486406326293945,0
0,64,"test",104,0.496156483888626,0
0,64,"test",105,0.526303589344025,0
0,64,"test",106,0.525879263877869,0
0,64,"test",107,0.493734687566757,0
0,64,"test",108,0.562005043029785,0
0,64,"test",109,0.572873175144196,0
0,64,"test",110,0.360744118690491,1
0,64,"test",111,0.223318248987198,1
0,64,"test",112,0.493364751338959,1
0,64,"test",113,0.505352437496185,0
0,64,"test",114,0.451193779706955,1
0,64,"test",115,0.470864951610565,1
0,64,"test",116,0.477327972650528,1
0,64,"test",117,0.476387619972229,1
0,64,"test",118,0.373262941837311,1
0,64,"test",119,0.386763960123062,0
0,64,"test",120,0.494646787643433,0
0,64,"test",121,0.469114035367966,0
0,64,"test",122,0.497505098581314,1
0,64,"test",123,0.49517548084259,1
0,64,"test",124,0.509360134601593,1
0,64,"test",125,0.498174071311951,0
0,64,"test",126,0.51867139339447,0
0,64,"test",127,0.515712261199951,0
0,64,"test",128,0.486406326293945,1
0,64,"test",129,0.484586119651794,1
0,64,"test",130,0.526303589344025,1
0,64,"test",131,0.543591320514679,1
0,64,"test",132,0.493734687566757,0
0,64,"test",133,0.603875935077667,0
0,64,"test",134,0.572873175144196,0
0,64,"test",135,0.56316089630127,0
0,64,"test",136,0.223318248987198,0
0,64,"test",137,0.355785667896271,1
0,64,"test",138,0.505352437496185,1
0,64,"test",139,0.511728465557098,1
0,64,"test",140,0.470864951610565,1
0,64,"test",141,0.470620602369308,1
0,64,"test",142,0.476387619972229,1
0,64,"test",143,0.486527055501938,1
0,64,"test",144,0.386763960123062,1
0,64,"test",145,0.381139039993286,1
0,64,"test",146,0.469114035367966,1
0,64,"test",147,0.467171669006348,1
0,64,"test",148,0.49517548084259,1
0,64,"test",149,0.535103619098663,1
0,64,"test",150,0.498174071311951,1
0,64,"test",151,0.501304388046265,1
0,64,"test",152,0.515712261199951,0
0,64,"test",153,0.542094647884369,0
0,64,"test",154,0.484586119651794,1
0,64,"test",155,0.478865951299667,1
0,64,"test",156,0.543591320514679,1
0,64,"test",157,0.510900735855103,0
0,64,"test",158,0.603875935077667,0
0,64,"test",159,0.540484666824341,0
0,64,"test",160,0.563161015510559,0
0,64,"test",161,0.560330271720886,0
0,64,"test",162,0.355785667896271,0
0,64,"test",163,0.434853941202164,0
0,64,"test",164,0.511728465557098,0
0,64,"test",165,0.514196813106537,1
0,64,"test",166,0.470620602369308,1
0,64,"test",167,0.465866476297379,0
0,64,"test",168,0.486527055501938,1
0,64,"test",169,0.485087007284164,1
0,64,"test",170,0.381139039993286,1
0,64,"test",171,0.386327683925629,0
0,64,"test",172,0.467171669006348,0
0,64,"test",173,0.458841979503632,1
0,64,"test",174,0.535103619098663,1
0,64,"test",175,0.513790786266327,1
0,64,"test",176,0.501304388046265,1
0,64,"test",177,0.500017881393433,0
0,64,"test",178,0.542094647884369,0
0,64,"test",179,0.515209317207336,0
0,64,"test",180,0.478865951299667,0
0,64,"test",181,0.494832992553711,0
0,64,"test",182,0.510900735855103,0
0,64,"test",183,0.502824306488037,0
0,64,"test",184,0.540484666824341,0
0,64,"test",185,0.516776859760284,0
0,64,"test",186,0.560330271720886,1
0,64,"test",187,0.553637564182281,0
0,64,"test",188,0.434853941202164,0
0,64,"test",189,0.442460298538208,0
0,64,"test",190,0.514196813106537,0
0,64,"test",191,0.468218863010406,0
0,64,"test",192,0.465866476297379,0
0,64,"test",193,0.465336680412292,0
0,64,"test",194,0.485087007284164,0
0,64,"test",195,0.481676548719406,0
0,64,"test",196,0.386327683925629,0
0,64,"test",197,0.395530253648758,1
0,64,"test",198,0.458841979503632,1
0,64,"test",199,0.467697232961655,1
0,64,"test",200,0.513790786266327,0
0,64,"test",201,0.510498404502869,0
0,64,"test",202,0.500017881393433,1
0,64,"test",203,0.530921757221222,0
0,64,"test",204,0.515209317207336,0
0,64,"test",205,0.514957249164581,0
0,64,"test",206,0.494832992553711,1
0,64,"test",207,0.483689159154892,0
0,64,"test",208,0.502824306488037,0
0,64,"test",209,0.480680286884308,0
0,64,"test",210,0.516776859760284,0
0,64,"test",211,0.517662465572357,0
0,64,"test",212,0.553637564182281,1
0,64,"test",213,0.584617853164673,0
0,64,"test",214,0.442460298538208,1
0,64,"test",215,0.267640054225922,1
0,64,"test",216,0.468218863010406,1
0,64,"test",217,0.43474605679512,0
0,64,"test",218,0.465336680412292,0
0,64,"test",219,0.463402569293976,1
0,64,"test",220,0.481676548719406,1
0,64,"test",221,0.485397487878799,0
0,64,"test",222,0.395530253648758,1
0,64,"test",223,0.380863130092621,1
0,64,"test",224,0.467697232961655,1
0,64,"test",225,0.484477281570435,0
0,64,"test",226,0.510498404502869,0
0,64,"test",227,0.514466464519501,0
0,64,"test",228,0.530921757221222,1
0,64,"test",229,0.502407193183899,1
0,64,"test",230,0.514957249164581,0
0,64,"test",231,0.500717163085938,1
0,64,"test",232,0.483689159154892,1
0,64,"test",233,0.522790551185608,1
0,64,"test",234,0.480680286884308,1
0,64,"test",235,0.48204430937767,1
0,64,"test",236,0.517662465572357,1
0,64,"test",237,0.532191097736359,0
0,64,"test",238,0.584617853164673,0
0,64,"test",239,0.56355482339859,0
0,64,"test",240,0.267640054225922,0
0,64,"test",241,0.22807303071022,0
0,64,"test",242,0.43474605679512,0
0,64,"test",243,0.474444419145584,0
0,64,"test",244,0.463402569293976,1
0,64,"test",245,0.451716333627701,1
0,64,"test",246,0.485397487878799,1
0,64,"test",247,0.486059814691544,1
0,64,"test",248,0.380863130092621,1
0,64,"test",249,0.360562980175018,1
0,64,"test",250,0.484477281570435,1
0,64,"test",251,0.490464508533478,1
0,64,"test",252,0.514466464519501,0
0,64,"test",253,0.536861598491669,0
0,64,"test",254,0.502407193183899,0
0,64,"test",255,0.492672979831696,1
0,64,"test",256,0.500717163085938,1
0,64,"test",257,0.524659395217896,1
0,64,"test",258,0.522790551185608,1
0,64,"test",259,0.499183714389801,1
0,64,"test",260,0.48204430937767,1
0,64,"test",261,0.478329479694366,1
0,64,"test",262,0.532191097736359,0
0,64,"test",263,0.508694589138031,0
0,64,"test",264,0.56355482339859,1
0,64,"test",265,0.565770089626312,1
0,64,"test",266,0.22807303071022,1
0,64,"test",267,0.42526251077652,1
0,64,"test",268,0.474444419145584,1
0,64,"test",269,0.489489138126373,1
0,64,"test",270,0.451716333627701,1
0,64,"test",271,0.468279093503952,1
0,64,"test",272,0.486059814691544,1
0,64,"test",273,0.480037420988083,1
0,64,"test",274,0.360562980175018,1
0,64,"test",275,0.380878090858459,1
0,64,"test",276,0.490464508533478,1
0,64,"test",277,0.454469412565231,1
0,64,"test",278,0.536861598491669,0
0,64,"test",279,0.570827603340149,0
0,64,"test",280,0.492672979831696,0
0,64,"test",281,0.508423447608948,0
0,64,"test",282,0.524659395217896,0
0,64,"test",283,0.510797321796417,0
0,64,"test",284,0.499183714389801,0
0,64,"test",285,0.509449481964111,0
0,64,"test",286,0.478329479694366,0
0,64,"test",287,0.526304543018341,0
0,64,"test",288,0.508694589138031,0
0,64,"test",289,0.522273898124695,0
0,64,"test",290,0.565770089626312,0
0,64,"test",291,0.53386378288269,0
0,64,"test",292,0.42526251077652,1
0,64,"test",293,0.476232796907425,1
0,64,"test",294,0.489489138126373,1
0,64,"test",295,0.504718720912933,0
0,64,"test",296,0.468279093503952,0
0,64,"test",297,0.467465192079544,1
0,64,"test",298,0.480037420988083,0
0,64,"test",299,0.484060078859329,0
0,64,"test",300,0.380878090858459,1
0,64,"test",301,0.341467887163162,1
0,64,"test",302,0.454469412565231,1
0,64,"test",303,0.488940566778183,0
0,64,"test",304,0.570827603340149,1
0,64,"test",305,0.552274346351624,0
0.05,23,"val",1,0.518243074417114,0
0.05,23,"val",2,0.466469049453735,1
0.05,23,"val",3,0.460436582565308,0
0.05,23,"val",4,0.468658953905106,1
0.05,23,"val",5,0.467988342046738,1
0.05,23,"val",6,0.380621284246445,1
0.05,23,"val",7,0.411870509386063,1
0.05,23,"val",8,0.506219029426575,1
0.05,23,"val",9,0.500508069992065,1
0.05,23,"val",10,0.510868728160858,1
0.05,23,"val",11,0.507347583770752,1
0.05,23,"val",12,0.505982577800751,1
0.05,23,"val",13,0.513685643672943,1
0.05,23,"val",14,0.512114405632019,1
0.05,23,"val",15,0.527699410915375,1
0.05,23,"val",16,0.512950420379639,1
0.05,23,"val",17,0.497438728809357,1
0.05,23,"val",18,0.475144863128662,1
0.05,23,"val",19,0.476963669061661,1
0.05,23,"val",20,0.536425828933716,1
0.05,23,"val",21,0.547394156455994,1
0.05,23,"val",22,0.540227949619293,1
0.05,23,"val",23,0.533968448638916,0
0.05,23,"val",24,0.491367936134338,0
0.05,23,"val",25,0.439560264348984,1
0.05,23,"val",26,0.518243074417114,0
0.05,23,"val",27,0.522177636623383,0
0.05,23,"val",28,0.460436582565308,0
0.05,23,"val",29,0.398058414459229,1
0.05,23,"val",30,0.467988342046738,1
0.05,23,"val",31,0.470133066177368,0
0.05,23,"val",32,0.411870509386063,0
0.05,23,"val",33,0.398168593645096,0
0.05,23,"val",34,0.500508069992065,0
0.05,23,"val",35,0.496230602264404,0
0.05,23,"val",36,0.507347583770752,0
0.05,23,"val",37,0.504924893379211,1
0.05,23,"val",38,0.513685643672943,1
0.05,23,"val",39,0.516550719738007,1
0.05,23,"val",40,0.527699410915375,0
0.05,23,"val",41,0.516893863677979,0
0.05,23,"val",42,0.497438728809357,0
0.05,23,"val",43,0.500605285167694,0
0.05,23,"val",44,0.476963669061661,0
0.05,23,"val",45,0.476608067750931,0
0.05,23,"val",46,0.547394156455994,0
0.05,23,"val",47,0.544800817966461,1
0.05,23,"val",48,0.533968448638916,1
0.05,23,"val",49,0.544168710708618,1
0.05,23,"val",50,0.439560264348984,1
0.05,23,"val",51,0.485661327838898,1
0.05,23,"val",52,0.522177636623383,1
0.05,23,"val",53,0.533516645431519,1
0.05,23,"val",54,0.398058414459229,1
0.05,23,"val",55,0.439767599105835,1
0.05,23,"val",56,0.470133066177368,1
0.05,23,"val",57,0.472553670406342,1
0.05,23,"val",58,0.398168593645096,1
0.05,23,"val",59,0.428512066602707,1
0.05,23,"val",60,0.496230602264404,1
0.05,23,"val",61,0.504398345947266,0
0.05,23,"val",62,0.504924893379211,1
0.05,23,"val",63,0.509917259216309,0
0.05,23,"val",64,0.516550719738007,0
0.05,23,"val",65,0.5135458111763,1
0.05,23,"val",66,0.516893863677979,1
0.05,23,"val",67,0.52253645658493,1
0.05,23,"val",68,0.500605285167694,1
0.05,23,"val",69,0.50186550617218,1
0.05,23,"val",70,0.476608067750931,1
0.05,23,"val",71,0.476062327623367,1
0.05,23,"val",72,0.544800817966461,1
0.05,23,"val",73,0.532021045684814,1
0.05,23,"val",74,0.544168710708618,1
0.05,23,"val",75,0.601779997348785,1
0.05,23,"val",76,0.485661327838898,0
0.05,23,"val",77,0.500229597091675,1
0.05,23,"val",78,0.533516645431519,1
0.05,23,"val",79,0.521646082401276,0
0.05,23,"val",80,0.439767599105835,0
0.05,23,"val",81,0.467694371938705,0
0.05,23,"val",82,0.472553670406342,1
0.05,23,"val",83,0.472376316785812,0
0.05,23,"val",84,0.428512066602707,0
0.05,23,"val",85,0.429669499397278,0
0.05,23,"val",86,0.504398345947266,1
0.05,23,"val",87,0.490190297365189,1
0.05,23,"val",88,0.509917259216309,1
0.05,23,"val",89,0.513272702693939,0
0.05,23,"val",90,0.5135458111763,0
0.05,23,"val",91,0.508537232875824,0
0.05,23,"val",92,0.52253645658493,0
0.05,23,"val",93,0.529991686344147,0
0.05,23,"val",94,0.50186550617218,0
0.05,23,"val",95,0.494066655635834,0
0.05,23,"val",96,0.476062327623367,1
0.05,23,"val",97,0.476070672273636,1
0.05,23,"val",98,0.532021045684814,1
0.05,23,"val",99,0.539955317974091,1
0.05,23,"val",100,0.601779997348785,0
0.05,23,"val",101,0.587500810623169,0
0.05,23,"val",102,0.500229597091675,0
0.05,23,"val",103,0.42181333899498,0
0.05,23,"val",104,0.521646082401276,1
0.05,23,"val",105,0.519173383712769,1
0.05,23,"val",106,0.467694371938705,1
0.05,23,"val",107,0.46514356136322,1
0.05,23,"val",108,0.472376316785812,1
0.05,23,"val",109,0.472620278596878,0
0.05,23,"val",110,0.429669499397278,0
0.05,23,"val",111,0.39301872253418,1
0.05,23,"val",112,0.490190297365189,1
0.05,23,"val",113,0.4972283244133,1
0.05,23,"val",114,0.513272702693939,0
0.05,23,"val",115,0.509184241294861,1
0.05,23,"val",116,0.508537232875824,0
0.05,23,"val",117,0.519255518913269,1
0.05,23,"val",118,0.529991686344147,1
0.05,23,"val",119,0.51263427734375,1
0.05,23,"val",120,0.494066655635834,0
0.05,23,"val",121,0.506655812263489,0
0.05,23,"val",122,0.476070672273636,0
0.05,23,"val",123,0.477293491363525,1
0.05,23,"val",124,0.539955317974091,1
0.05,23,"val",125,0.528757393360138,1
0.05,23,"val",126,0.587500810623169,1
0.05,23,"val",127,0.584704637527466,1
0.05,23,"val",128,0.42181333899498,1
0.05,23,"val",129,0.325985103845596,1
0.05,23,"val",130,0.519173383712769,1
0.05,23,"val",131,0.521730124950409,0
0.05,23,"val",132,0.46514356136322,0
0.05,23,"val",133,0.459026992321014,1
0.05,23,"val",134,0.472620278596878,1
0.05,23,"val",135,0.469199687242508,0
0.05,23,"val",136,0.39301872253418,0
0.05,23,"val",137,0.413693159818649,0
0.05,23,"val",138,0.4972283244133,0
0.05,23,"val",139,0.494262188673019,0
0.05,23,"val",140,0.509184241294861,0
0.05,23,"val",141,0.499348610639572,1
0.05,23,"val",142,0.519255518913269,1
0.05,23,"val",143,0.513395011425018,1
0.05,23,"val",144,0.51263427734375,0
0.05,23,"val",145,0.517124772071838,0
0.05,23,"val",146,0.506655812263489,0
0.05,23,"val",147,0.503199219703674,0
0.05,23,"val",148,0.477293491363525,0
0.05,23,"val",149,0.481879144906998,0
0.05,23,"val",150,0.528757393360138,0
0.05,23,"val",151,0.53003865480423,0
0.05,23,"val",152,0.584704637527466,1
0.05,23,"val",153,0.585971772670746,0
0.05,23,"val",154,0.325985103845596,1
0.05,23,"val",155,0.359670430421829,0
0.05,23,"val",156,0.521730124950409,0
0.05,23,"val",157,0.518627941608429,0
0.05,23,"val",158,0.459026992321014,0
0.05,23,"val",159,0.464977711439133,1
0.05,23,"val",160,0.469199687242508,1
0.05,23,"val",161,0.474059462547302,1
0.05,23,"val",162,0.413693159818649,1
0.05,23,"val",163,0.419266402721405,1
0.05,23,"val",164,0.494262188673019,0
0.05,23,"val",165,0.474541336297989,0
0.05,23,"val",166,0.499348610639572,0
0.05,23,"val",167,0.506156146526337,0
0.05,23,"val",168,0.513395011425018,1
0.05,23,"val",169,0.516809463500977,0
0.05,23,"val",170,0.517124772071838,0
0.05,23,"val",171,0.517197370529175,0
0.05,23,"val",172,0.503199219703674,1
0.05,23,"val",173,0.500668883323669,1
0.05,23,"val",174,0.481879144906998,1
0.05,23,"val",175,0.480933547019958,0
0.05,23,"val",176,0.53003865480423,0
0.05,23,"val",177,0.51385635137558,1
0.05,23,"val",178,0.585971772670746,0
0.05,23,"val",179,0.565834999084473,1
0.05,23,"val",180,0.359670430421829,0
0.05,23,"val",181,0.361129850149155,1
0.05,23,"val",182,0.518627941608429,1
0.05,23,"val",183,0.51271265745163,1
0.05,23,"val",184,0.464977711439133,0
0.05,23,"val",185,0.461183488368988,0
0.05,23,"val",186,0.474059462547302,0
0.05,23,"val",187,0.477823376655579,0
0.05,23,"val",188,0.419266402721405,0
0.05,23,"val",189,0.432313621044159,0
0.05,23,"val",190,0.474541336297989,0
0.05,23,"val",191,0.496039420366287,1
0.05,23,"val",192,0.506156206130981,0
0.05,23,"val",193,0.50434398651123,0
0.05,23,"val",194,0.516809463500977,0
0.05,23,"val",195,0.50834584236145,1
0.05,23,"val",196,0.517197370529175,1
0.05,23,"val",197,0.513444006443024,1
0.05,23,"val",198,0.500668883323669,1
0.05,23,"val",199,0.495891928672791,0
0.05,23,"val",200,0.480933547019958,0
0.05,23,"val",201,0.476228475570679,0
0.05,23,"val",202,0.51385635137558,0
0.05,23,"val",203,0.520422995090485,1
0.05,23,"val",204,0.565834999084473,1
0.05,23,"val",205,0.546589910984039,1
0.05,23,"val",206,0.361129850149155,0
0.05,23,"val",207,0.472263365983963,0
0.05,23,"val",208,0.51271265745163,0
0.05,23,"val",209,0.521458923816681,1
0.05,23,"val",210,0.461183488368988,1
0.05,23,"val",211,0.45478767156601,1
0.05,23,"val",212,0.477823376655579,1
0.05,23,"val",213,0.478377133607864,1
0.05,23,"val",214,0.432313621044159,1
0.05,23,"val",215,0.430244863033295,0
0.05,23,"val",216,0.496039420366287,0
0.05,23,"val",217,0.481746762990952,0
0.05,23,"val",218,0.50434398651123,0
0.05,23,"val",219,0.506229877471924,0
0.05,23,"val",220,0.50834584236145,0
0.05,23,"val",221,0.512224614620209,1
0.05,23,"val",222,0.513444006443024,1
0.05,23,"val",223,0.520138919353485,1
0.05,23,"val",224,0.495891928672791,0
0.05,23,"val",225,0.503157138824463,1
0.05,23,"val",226,0.476228475570679,1
0.05,23,"val",227,0.476109117269516,1
0.05,23,"val",228,0.520422995090485,0
0.05,23,"val",229,0.512059390544891,0
0.05,23,"val",230,0.546589910984039,0
0.05,23,"val",231,0.545551359653473,0
0.05,23,"val",232,0.472263365983963,0
0.05,23,"val",233,0.354203134775162,0
0.05,23,"val",234,0.521458923816681,0
0.05,23,"val",235,0.53259551525116,0
0.05,23,"val",236,0.45478767156601,0
0.05,23,"val",237,0.459740400314331,0
0.05,23,"val",238,0.478377133607864,1
0.05,23,"val",239,0.474669903516769,0
0.05,23,"val",240,0.430244863033295,0
0.05,23,"val",241,0.42852258682251,0
0.05,23,"val",242,0.481746762990952,0
0.05,23,"val",243,0.475292265415192,1
0.05,23,"val",244,0.506229877471924,1
0.05,23,"val",245,0.50271463394165,1
0.05,23,"val",246,0.512224614620209,0
0.05,23,"val",247,0.507705569267273,1
0.05,23,"val",248,0.520138919353485,1
0.05,23,"val",249,0.518956184387207,0
0.05,23,"val",250,0.503157138824463,1
0.05,23,"val",251,0.499483555555344,1
0.05,23,"val",252,0.476109117269516,1
0.05,23,"val",253,0.474926263093948,1
0.05,23,"val",254,0.512059390544891,0
0.05,23,"val",255,0.511228263378143,0
0.05,23,"val",256,0.545551359653473,0
0.05,23,"val",257,0.535957753658295,0
0.05,23,"val",258,0.354203134775162,1
0.05,23,"val",259,0.452229380607605,1
0.05,23,"val",260,0.53259551525116,1
0.05,23,"val",261,0.520809412002563,1
0.05,23,"val",262,0.459740400314331,1
0.05,23,"val",263,0.456359654664993,0
0.05,23,"val",264,0.474669903516769,0
0.05,23,"val",265,0.474105477333069,1
0.05,23,"val",266,0.42852258682251,1
0.05,23,"val",267,0.428170025348663,0
0.05,23,"val",268,0.475292265415192,0
0.05,23,"val",269,0.473505705595016,0
0.05,23,"val",270,0.50271463394165,1
0.05,23,"val",271,0.498354852199554,1
0.05,23,"val",272,0.507705569267273,1
0.05,23,"val",273,0.521747946739197,1
0.05,23,"val",274,0.518956184387207,0
0.05,23,"val",275,0.52753347158432,0
0.05,23,"val",276,0.499483555555344,0
0.05,23,"val",277,0.504504323005676,0
0.05,23,"val",278,0.474926263093948,1
0.05,23,"val",279,0.474990010261536,1
0.05,23,"val",280,0.511228263378143,1
0.05,23,"val",281,0.518937766551971,1
0.05,23,"val",282,0.535957753658295,1
0.05,23,"val",283,0.524563312530518,1
0.05,23,"val",284,0.452229380607605,0
0.05,23,"val",285,0.449839800596237,0
0.05,23,"val",286,0.520809412002563,0
0.05,23,"val",287,0.527950823307037,0
0.05,23,"val",288,0.456359654664993,0
0.05,23,"val",289,0.451289653778076,0
0.05,23,"val",290,0.474105477333069,0
0.05,23,"val",291,0.481609433889389,0
0.05,23,"val",292,0.428170025348663,0
0.05,23,"val",293,0.407083630561829,0
0.05,23,"val",294,0.473505705595016,1
0.05,23,"val",295,0.473931789398193,1
0.05,23,"val",296,0.498354852199554,0
0.05,23,"val",297,0.51164722442627,0
0.05,23,"val",298,0.521747946739197,0
0.05,23,"val",299,0.532323777675629,1
0.05,23,"val",300,0.52753347158432,1
0.05,23,"val",301,0.515758335590363,1
0.05,23,"val",302,0.504504323005676,0
0.05,23,"val",303,0.498860061168671,0
0.05,23,"val",304,0.474990010261536,0
0.05,23,"test",1,0.482302814722061,0
0.05,23,"test",2,0.518937766551971,0
0.05,23,"test",3,0.524598002433777,1
0.05,23,"test",4,0.524563312530518,1
0.05,23,"test",5,0.523241460323334,1
0.05,23,"test",6,0.449839800596237,1
0.05,23,"test",7,0.445271283388138,1
0.05,23,"test",8,0.527950823307037,1
0.05,23,"test",9,0.516315758228302,1
0.05,23,"test",10,0.451289653778076,1
0.05,23,"test",11,0.457614421844482,1
0.05,23,"test",12,0.481609433889389,1
0.05,23,"test",13,0.470294505357742,1
0.05,23,"test",14,0.407083630561829,1
0.05,23,"test",15,0.418864160776138,1
0.05,23,"test",16,0.473931789398193,1
0.05,23,"test",17,0.48475307226181,0
0.05,23,"test",18,0.51164722442627,0
0.05,23,"test",19,0.511643171310425,0
0.05,23,"test",20,0.532323777675629,1
0.05,23,"test",21,0.5427166223526,1
0.05,23,"test",22,0.515758335590363,1
0.05,23,"test",23,0.512749493122101,0
0.05,23,"test",24,0.498860061168671,0
0.05,23,"test",25,0.50726044178009,0
0.05,23,"test",26,0.482302814722061,1
0.05,23,"test",27,0.478040426969528,1
0.05,23,"test",28,0.524598002433777,1
0.05,23,"test",29,0.525779843330383,0
0.05,23,"test",30,0.523241460323334,0
0.05,23,"test",31,0.533637881278992,0
0.05,23,"test",32,0.445271283388138,0
0.05,23,"test",33,0.427203893661499,0
0.05,23,"test",34,0.516315758228302,1
0.05,23,"test",35,0.518496751785278,1
0.05,23,"test",36,0.457614421844482,1
0.05,23,"test",37,0.463230639696121,1
0.05,23,"test",38,0.470294505357742,1
0.05,23,"test",39,0.470344871282578,1
0.05,23,"test",40,0.418864160776138,1
0.05,23,"test",41,0.410265922546387,1
0.05,23,"test",42,0.48475307226181,0
0.05,23,"test",43,0.49867108464241,0
0.05,23,"test",44,0.511643171310425,1
0.05,23,"test",45,0.511479437351227,1
0.05,23,"test",46,0.5427166223526,1
0.05,23,"test",47,0.519763350486755,0
0.05,23,"test",48,0.512749493122101,0
0.05,23,"test",49,0.514894127845764,0
0.05,23,"test",50,0.50726044178009,0
0.05,23,"test",51,0.495613753795624,1
0.05,23,"test",52,0.478040426969528,1
0.05,23,"test",53,0.475286364555359,1
0.05,23,"test",54,0.525779843330383,1
0.05,23,"test",55,0.519146680831909,0
0.05,23,"test",56,0.533637881278992,0
0.05,23,"test",57,0.570834398269653,0
0.05,23,"test",58,0.427203893661499,0
0.05,23,"test",59,0.408228904008865,1
0.05,23,"test",60,0.518496751785278,1
0.05,23,"test",61,0.512216925621033,1
0.05,23,"test",62,0.463230639696121,0
0.05,23,"test",63,0.455852210521698,1
0.05,23,"test",64,0.470344871282578,1
0.05,23,"test",65,0.473905622959137,1
0.05,23,"test",66,0.410265922546387,1
0.05,23,"test",67,0.400084733963013,1
0.05,23,"test",68,0.49867108464241,0
0.05,23,"test",69,0.494614690542221,0
0.05,23,"test",70,0.511479437351227,0
0.05,23,"test",71,0.497705429792404,1
0.05,23,"test",72,0.519763350486755,1
0.05,23,"test",73,0.51245641708374,0
0.05,23,"test",74,0.514894127845764,0
0.05,23,"test",75,0.517184674739838,0
0.05,23,"test",76,0.495613753795624,0
0.05,23,"test",77,0.497196018695831,0
0.05,23,"test",78,0.475286364555359,1
0.05,23,"test",79,0.476135432720184,0
0.05,23,"test",80,0.519146680831909,0
0.05,23,"test",81,0.526273369789124,1
0.05,23,"test",82,0.570834398269653,1
0.05,23,"test",83,0.5394247174263,1
0.05,23,"test",84,0.408228904008865,1
0.05,23,"test",85,0.425584197044373,0
0.05,23,"test",86,0.512216925621033,0
0.05,23,"test",87,0.514473438262939,0
0.05,23,"test",88,0.455852210521698,0
0.05,23,"test",89,0.451900035142899,0
0.05,23,"test",90,0.473905622959137,0
0.05,23,"test",91,0.471727341413498,1
0.05,23,"test",92,0.400084733963013,0
0.05,23,"test",93,0.397122740745544,0
0.05,23,"test",94,0.494614690542221,0
0.05,23,"test",95,0.492864996194839,0
0.05,23,"test",96,0.497705429792404,0
0.05,23,"test",97,0.505739688873291,1
0.05,23,"test",98,0.51245641708374,1
0.05,23,"test",99,0.519309937953949,1
0.05,23,"test",100,0.517184674739838,1
0.05,23,"test",101,0.515081405639648,1
0.05,23,"test",102,0.497196018695831,0
0.05,23,"test",103,0.493144035339355,0
0.05,23,"test",104,0.476135432720184,0
0.05,23,"test",105,0.481337010860443,0
0.05,23,"test",106,0.526273369789124,0
0.05,23,"test",107,0.511883080005646,0
0.05,23,"test",108,0.5394247174263,0
0.05,23,"test",109,0.545963525772095,0
0.05,23,"test",110,0.425584197044373,1
0.05,23,"test",111,0.349112749099731,1
0.05,23,"test",112,0.514473438262939,1
0.05,23,"test",113,0.518576562404633,0
0.05,23,"test",114,0.451900035142899,1
0.05,23,"test",115,0.476157367229462,1
0.05,23,"test",116,0.471727341413498,1
0.05,23,"test",117,0.476652234792709,1
0.05,23,"test",118,0.397122740745544,1
0.05,23,"test",119,0.405258923768997,0
0.05,23,"test",120,0.492864996194839,0
0.05,23,"test",121,0.473135024309158,0
0.05,23,"test",122,0.505739688873291,1
0.05,23,"test",123,0.505085468292236,1
0.05,23,"test",124,0.519309937953949,1
0.05,23,"test",125,0.511740624904633,0
0.05,23,"test",126,0.515081405639648,0
0.05,23,"test",127,0.51625919342041,0
0.05,23,"test",128,0.493144035339355,1
0.05,23,"test",129,0.492890894412994,1
0.05,23,"test",130,0.481337010860443,1
0.05,23,"test",131,0.489301413297653,1
0.05,23,"test",132,0.511883080005646,0
0.05,23,"test",133,0.554958939552307,0
0.05,23,"test",134,0.545963525772095,0
0.05,23,"test",135,0.540151238441467,0
0.05,23,"test",136,0.349112749099731,0
0.05,23,"test",137,0.422056049108505,1
0.05,23,"test",138,0.518576562404633,1
0.05,23,"test",139,0.521417856216431,1
0.05,23,"test",140,0.476157367229462,1
0.05,23,"test",141,0.478665918111801,1
0.05,23,"test",142,0.476652234792709,1
0.05,23,"test",143,0.47468376159668,1
0.05,23,"test",144,0.405258923768997,1
0.05,23,"test",145,0.39453536272049,1
0.05,23,"test",146,0.473135024309158,1
0.05,23,"test",147,0.474062472581863,1
0.05,23,"test",148,0.505085468292236,1
0.05,23,"test",149,0.514069497585297,1
0.05,23,"test",150,0.511740624904633,1
0.05,23,"test",151,0.515187203884125,1
0.05,23,"test",152,0.51625919342041,0
0.05,23,"test",153,0.529178023338318,0
0.05,23,"test",154,0.492890894412994,1
0.05,23,"test",155,0.492513954639435,1
0.05,23,"test",156,0.489301413297653,1
0.05,23,"test",157,0.478613793849945,0
0.05,23,"test",158,0.554958939552307,0
0.05,23,"test",159,0.533170580863953,0
0.05,23,"test",160,0.540151238441467,0
0.05,23,"test",161,0.538534700870514,0
0.05,23,"test",162,0.422056049108505,0
0.05,23,"test",163,0.464166224002838,0
0.05,23,"test",164,0.521417856216431,0
0.05,23,"test",165,0.519828617572784,1
0.05,23,"test",166,0.478665918111801,1
0.05,23,"test",167,0.463779807090759,0
0.05,23,"test",168,0.47468376159668,1
0.05,23,"test",169,0.471630454063416,1
0.05,23,"test",170,0.39453536272049,1
0.05,23,"test",171,0.401305854320526,0
0.05,23,"test",172,0.474062472581863,0
0.05,23,"test",173,0.466679155826569,1
0.05,23,"test",174,0.514069497585297,1
0.05,23,"test",175,0.509568214416504,1
0.05,23,"test",176,0.515187203884125,1
0.05,23,"test",177,0.516313433647156,0
0.05,23,"test",178,0.529178023338318,0
0.05,23,"test",179,0.517374217510223,0
0.05,23,"test",180,0.492513954639435,0
0.05,23,"test",181,0.497327327728271,0
0.05,23,"test",182,0.478613793849945,0
0.05,23,"test",183,0.476833671331406,0
0.05,23,"test",184,0.533170580863953,0
0.05,23,"test",185,0.521243512630463,0
0.05,23,"test",186,0.538534700870514,1
0.05,23,"test",187,0.534881293773651,0
0.05,23,"test",188,0.464166224002838,0
0.05,23,"test",189,0.46980682015419,0
0.05,23,"test",190,0.519828617572784,0
0.05,23,"test",191,0.487723141908646,0
0.05,23,"test",192,0.463779807090759,0
0.05,23,"test",193,0.477381497621536,0
0.05,23,"test",194,0.471630454063416,0
0.05,23,"test",195,0.482228755950928,0
0.05,23,"test",196,0.401305854320526,0
0.05,23,"test",197,0.421195209026337,1
0.05,23,"test",198,0.466679155826569,1
0.05,23,"test",199,0.472112357616425,1
0.05,23,"test",200,0.509568214416504,0
0.05,23,"test",201,0.509351432323456,0
0.05,23,"test",202,0.516313433647156,1
0.05,23,"test",203,0.530169188976288,0
0.05,23,"test",204,0.517374217510223,0
0.05,23,"test",205,0.513680696487427,0
0.05,23,"test",206,0.497327327728271,1
0.05,23,"test",207,0.493449479341507,0
0.05,23,"test",208,0.476833671331406,0
0.05,23,"test",209,0.475176900625229,0
0.05,23,"test",210,0.521243512630463,0
0.05,23,"test",211,0.521696805953979,0
0.05,23,"test",212,0.534881293773651,1
0.05,23,"test",213,0.553425669670105,0
0.05,23,"test",214,0.46980682015419,1
0.05,23,"test",215,0.376504808664322,1
0.05,23,"test",216,0.487723141908646,1
0.05,23,"test",217,0.471885055303574,0
0.05,23,"test",218,0.477381497621536,0
0.05,23,"test",219,0.475255906581879,1
0.05,23,"test",220,0.482228755950928,1
0.05,23,"test",221,0.472397416830063,0
0.05,23,"test",222,0.421195209026337,1
0.05,23,"test",223,0.396050572395325,1
0.05,23,"test",224,0.472112357616425,1
0.05,23,"test",225,0.483755946159363,0
0.05,23,"test",226,0.509351432323456,0
0.05,23,"test",227,0.497545957565308,0
0.05,23,"test",228,0.530169188976288,1
0.05,23,"test",229,0.517726600170135,1
0.05,23,"test",230,0.513680696487427,0
0.05,23,"test",231,0.509138822555542,1
0.05,23,"test",232,0.493449479341507,1
0.05,23,"test",233,0.511818706989288,1
0.05,23,"test",234,0.475176900625229,1
0.05,23,"test",235,0.475013464689255,1
0.05,23,"test",236,0.521696805953979,1
0.05,23,"test",237,0.527424156665802,0
0.05,23,"test",238,0.553425669670105,0
0.05,23,"test",239,0.540392398834229,0
0.05,23,"test",240,0.376504808664322,0
0.05,23,"test",241,0.354882389307022,0
0.05,23,"test",242,0.471885055303574,0
0.05,23,"test",243,0.507147908210754,0
0.05,23,"test",244,0.475255906581879,1
0.05,23,"test",245,0.456530719995499,1
0.05,23,"test",246,0.472397416830063,1
0.05,23,"test",247,0.484158247709274,1
0.05,23,"test",248,0.396050572395325,1
0.05,23,"test",249,0.382164120674133,1
0.05,23,"test",250,0.483755946159363,1
0.05,23,"test",251,0.48970240354538,1
0.05,23,"test",252,0.497545957565308,0
0.05,23,"test",253,0.505451560020447,0
0.05,23,"test",254,0.517726600170135,0
0.05,23,"test",255,0.510111033916473,1
0.05,23,"test",256,0.509138822555542,1
0.05,23,"test",257,0.518638134002686,1
0.05,23,"test",258,0.511818706989288,1
0.05,23,"test",259,0.497675538063049,1
0.05,23,"test",260,0.475013464689255,1
0.05,23,"test",261,0.476358741521835,1
0.05,23,"test",262,0.527424156665802,0
0.05,23,"test",263,0.515010416507721,0
0.05,23,"test",264,0.540392398834229,1
0.05,23,"test",265,0.541658937931061,1
0.05,23,"test",266,0.354882389307022,1
0.05,23,"test",267,0.463574707508087,1
0.05,23,"test",268,0.507147908210754,1
0.05,23,"test",269,0.513216555118561,1
0.05,23,"test",270,0.456530719995499,1
0.05,23,"test",271,0.473923057317734,1
0.05,23,"test",272,0.484158247709274,1
0.05,23,"test",273,0.481915384531021,1
0.05,23,"test",274,0.382164120674133,1
0.05,23,"test",275,0.397351831197739,1
0.05,23,"test",276,0.48970240354538,1
0.05,23,"test",277,0.475331962108612,1
0.05,23,"test",278,0.505451560020447,0
0.05,23,"test",279,0.518900513648987,0
0.05,23,"test",280,0.510111033916473,0
0.05,23,"test",281,0.517655551433563,0
0.05,23,"test",282,0.518638134002686,0
0.05,23,"test",283,0.511536777019501,0
0.05,23,"test",284,0.497675538063049,0
0.05,23,"test",285,0.505088806152344,0
0.05,23,"test",286,0.476358741521835,0
0.05,23,"test",287,0.481679171323776,0
0.05,23,"test",288,0.515010416507721,0
0.05,23,"test",289,0.524095416069031,0
0.05,23,"test",290,0.541658937931061,0
0.05,23,"test",291,0.52373594045639,0
0.05,23,"test",292,0.463574707508087,1
0.05,23,"test",293,0.487299025058746,1
0.05,23,"test",294,0.513216555118561,1
0.05,23,"test",295,0.514781713485718,0
0.05,23,"test",296,0.473923057317734,0
0.05,23,"test",297,0.468832612037659,1
0.05,23,"test",298,0.481915384531021,0
0.05,23,"test",299,0.480854094028473,0
0.05,23,"test",300,0.397351831197739,1
0.05,23,"test",301,0.334408342838287,1
0.05,23,"test",302,0.475331962108612,1
0.05,23,"test",303,0.493891716003418,0
0.05,23,"test",304,0.518900513648987,1
0.05,23,"test",305,0.514234721660614,0
0.05,27,"val",1,0.494227111339569,0
0.05,27,"val",2,0.464037984609604,1
0.05,27,"val",3,0.45396500825882,0
0.05,27,"val",4,0.469455450773239,1
0.05,27,"val",5,0.469534695148468,1
0.05,27,"val",6,0.404297858476639,1
0.05,27,"val",7,0.430527985095978,1
0.05,27,"val",8,0.488935261964798,1
0.05,27,"val",9,0.483139902353287,1
0.05,27,"val",10,0.517519176006317,1
0.05,27,"val",11,0.516638696193695,1
0.05,27,"val",12,0.506757020950317,1
0.05,27,"val",13,0.514139950275421,1
0.05,27,"val",14,0.513655602931976,1
0.05,27,"val",15,0.533527135848999,1
0.05,27,"val",16,0.511902093887329,1
0.05,27,"val",17,0.502876043319702,1
0.05,27,"val",18,0.500787138938904,1
0.05,27,"val",19,0.510705292224884,1
0.05,27,"val",20,0.543204307556152,1
0.05,27,"val",21,0.550328195095062,1
0.05,27,"val",22,0.540073573589325,1
0.05,27,"val",23,0.516337096691132,0
0.05,27,"val",24,0.514081180095673,0
0.05,27,"val",25,0.451815366744995,1
0.05,27,"val",26,0.494227111339569,0
0.05,27,"val",27,0.497589379549026,0
0.05,27,"val",28,0.45396500825882,0
0.05,27,"val",29,0.437117427587509,1
0.05,27,"val",30,0.469534695148468,1
0.05,27,"val",31,0.473369896411896,0
0.05,27,"val",32,0.430527985095978,0
0.05,27,"val",33,0.417993277311325,0
0.05,27,"val",34,0.483139902353287,0
0.05,27,"val",35,0.483769834041595,0
0.05,27,"val",36,0.516638696193695,0
0.05,27,"val",37,0.519987165927887,1
0.05,27,"val",38,0.514139950275421,1
0.05,27,"val",39,0.51925665140152,1
0.05,27,"val",40,0.533527135848999,0
0.05,27,"val",41,0.519548356533051,0
0.05,27,"val",42,0.502876043319702,0
0.05,27,"val",43,0.505300045013428,0
0.05,27,"val",44,0.510705292224884,0
0.05,27,"val",45,0.50268828868866,0
0.05,27,"val",46,0.550328195095062,0
0.05,27,"val",47,0.552927374839783,1
0.05,27,"val",48,0.516337096691132,1
0.05,27,"val",49,0.541151821613312,1
0.05,27,"val",50,0.451815366744995,1
0.05,27,"val",51,0.496061682701111,1
0.05,27,"val",52,0.497589379549026,1
0.05,27,"val",53,0.509022176265717,1
0.05,27,"val",54,0.437117427587509,1
0.05,27,"val",55,0.454492062330246,1
0.05,27,"val",56,0.473369896411896,1
0.05,27,"val",57,0.475438475608826,1
0.05,27,"val",58,0.417993277311325,1
0.05,27,"val",59,0.443456649780273,1
0.05,27,"val",60,0.483769834041595,1
0.05,27,"val",61,0.495410263538361,0
0.05,27,"val",62,0.519987165927887,1
0.05,27,"val",63,0.521225154399872,0
0.05,27,"val",64,0.51925665140152,0
0.05,27,"val",65,0.5163853764534,1
0.05,27,"val",66,0.519548356533051,1
0.05,27,"val",67,0.526987314224243,1
0.05,27,"val",68,0.505300045013428,1
0.05,27,"val",69,0.505457699298859,1
0.05,27,"val",70,0.50268828868866,1
0.05,27,"val",71,0.507615804672241,1
0.05,27,"val",72,0.552927374839783,1
0.05,27,"val",73,0.536900579929352,1
0.05,27,"val",74,0.541151821613312,1
0.05,27,"val",75,0.586317598819733,1
0.05,27,"val",76,0.496061682701111,0
0.05,27,"val",77,0.503078281879425,1
0.05,27,"val",78,0.509022176265717,1
0.05,27,"val",79,0.497100830078125,0
0.05,27,"val",80,0.454492062330246,0
0.05,27,"val",81,0.467170506715775,0
0.05,27,"val",82,0.475438475608826,1
0.05,27,"val",83,0.476274907588959,0
0.05,27,"val",84,0.443456649780273,0
0.05,27,"val",85,0.445572316646576,0
0.05,27,"val",86,0.495410263538361,1
0.05,27,"val",87,0.481500834226608,1
0.05,27,"val",88,0.521225094795227,1
0.05,27,"val",89,0.523334920406342,0
0.05,27,"val",90,0.5163853764534,0
0.05,27,"val",91,0.510765671730042,0
0.05,27,"val",92,0.526987314224243,0
0.05,27,"val",93,0.530520915985107,0
0.05,27,"val",94,0.505457699298859,0
0.05,27,"val",95,0.498763293027878,0
0.05,27,"val",96,0.507615804672241,1
0.05,27,"val",97,0.504692375659943,1
0.05,27,"val",98,0.536900579929352,1
0.05,27,"val",99,0.545063376426697,1
0.05,27,"val",100,0.586317598819733,0
0.05,27,"val",101,0.579165935516357,0
0.05,27,"val",102,0.503078281879425,0
0.05,27,"val",103,0.432314038276672,0
0.05,27,"val",104,0.497100830078125,1
0.05,27,"val",105,0.498711347579956,1
0.05,27,"val",106,0.467170506715775,1
0.05,27,"val",107,0.467206865549088,1
0.05,27,"val",108,0.476274907588959,1
0.05,27,"val",109,0.475373417139053,0
0.05,27,"val",110,0.445572316646576,0
0.05,27,"val",111,0.414884328842163,1
0.05,27,"val",112,0.481500834226608,1
0.05,27,"val",113,0.485785692930222,1
0.05,27,"val",114,0.523334920406342,0
0.05,27,"val",115,0.520595073699951,1
0.05,27,"val",116,0.510765671730042,0
0.05,27,"val",117,0.522188305854797,1
0.05,27,"val",118,0.530520915985107,1
0.05,27,"val",119,0.514329016208649,1
0.05,27,"val",120,0.498763293027878,0
0.05,27,"val",121,0.506577014923096,0
0.05,27,"val",122,0.504692375659943,0
0.05,27,"val",123,0.511601209640503,1
0.05,27,"val",124,0.545063376426697,1
0.05,27,"val",125,0.535978198051453,1
0.05,27,"val",126,0.579165935516357,1
0.05,27,"val",127,0.583608567714691,1
0.05,27,"val",128,0.432314068078995,1
0.05,27,"val",129,0.317163944244385,1
0.05,27,"val",130,0.498711347579956,1
0.05,27,"val",131,0.50012743473053,0
0.05,27,"val",132,0.467206865549088,0
0.05,27,"val",133,0.45767217874527,1
0.05,27,"val",134,0.475373417139053,1
0.05,27,"val",135,0.473793864250183,0
0.05,27,"val",136,0.414884328842163,0
0.05,27,"val",137,0.431102752685547,0
0.05,27,"val",138,0.485785692930222,0
0.05,27,"val",139,0.48635333776474,0
0.05,27,"val",140,0.520595073699951,0
0.05,27,"val",141,0.516386389732361,1
0.05,27,"val",142,0.522188305854797,1
0.05,27,"val",143,0.514364540576935,1
0.05,27,"val",144,0.514329016208649,0
0.05,27,"val",145,0.520818471908569,0
0.05,27,"val",146,0.506577014923096,0
0.05,27,"val",147,0.503998994827271,0
0.05,27,"val",148,0.511601209640503,0
0.05,27,"val",149,0.514025330543518,0
0.05,27,"val",150,0.535978198051453,0
0.05,27,"val",151,0.542252242565155,0
0.05,27,"val",152,0.583608567714691,1
0.05,27,"val",153,0.550742626190186,0
0.05,27,"val",154,0.317163944244385,1
0.05,27,"val",155,0.35667821764946,0
0.05,27,"val",156,0.50012743473053,0
0.05,27,"val",157,0.495237171649933,0
0.05,27,"val",158,0.45767217874527,0
0.05,27,"val",159,0.453926920890808,1
0.05,27,"val",160,0.473793864250183,1
0.05,27,"val",161,0.477280586957932,1
0.05,27,"val",162,0.431102752685547,1
0.05,27,"val",163,0.438071697950363,1
0.05,27,"val",164,0.48635333776474,0
0.05,27,"val",165,0.461300194263458,0
0.05,27,"val",166,0.516386389732361,0
0.05,27,"val",167,0.512847006320953,0
0.05,27,"val",168,0.514364540576935,1
0.05,27,"val",169,0.519563853740692,0
0.05,27,"val",170,0.520818471908569,0
0.05,27,"val",171,0.520943939685822,0
0.05,27,"val",172,0.503998994827271,1
0.05,27,"val",173,0.501850485801697,1
0.05,27,"val",174,0.514025330543518,1
0.05,27,"val",175,0.520294070243835,0
0.05,27,"val",176,0.542252242565155,0
0.05,27,"val",177,0.523050904273987,1
0.05,27,"val",178,0.550742626190186,0
0.05,27,"val",179,0.548956871032715,1
0.05,27,"val",180,0.35667821764946,0
0.05,27,"val",181,0.35835936665535,1
0.05,27,"val",182,0.495237171649933,1
0.05,27,"val",183,0.491815507411957,1
0.05,27,"val",184,0.453926920890808,0
0.05,27,"val",185,0.450534492731094,0
0.05,27,"val",186,0.477280586957932,0
0.05,27,"val",187,0.479814618825912,0
0.05,27,"val",188,0.438071697950363,0
0.05,27,"val",189,0.446091294288635,0
0.05,27,"val",190,0.461300194263458,0
0.05,27,"val",191,0.479814350605011,1
0.05,27,"val",192,0.512847006320953,0
0.05,27,"val",193,0.512838780879974,0
0.05,27,"val",194,0.519563853740692,0
0.05,27,"val",195,0.508474111557007,1
0.05,27,"val",196,0.520943939685822,1
0.05,27,"val",197,0.515374958515167,1
0.05,27,"val",198,0.501850485801697,1
0.05,27,"val",199,0.499833106994629,0
0.05,27,"val",200,0.520294070243835,0
0.05,27,"val",201,0.507731318473816,0
0.05,27,"val",202,0.523050904273987,0
0.05,27,"val",203,0.52823007106781,1
0.05,27,"val",204,0.548956871032715,1
0.05,27,"val",205,0.543026149272919,1
0.05,27,"val",206,0.35835936665535,0
0.05,27,"val",207,0.484160602092743,0
0.05,27,"val",208,0.491815507411957,0
0.05,27,"val",209,0.496954798698425,1
0.05,27,"val",210,0.450534492731094,1
0.05,27,"val",211,0.4468112885952,1
0.05,27,"val",212,0.479814618825912,1
0.05,27,"val",213,0.480040907859802,1
0.05,27,"val",214,0.446091294288635,1
0.05,27,"val",215,0.445785403251648,0
0.05,27,"val",216,0.479814350605011,0
0.05,27,"val",217,0.466484546661377,0
0.05,27,"val",218,0.512838780879974,0
0.05,27,"val",219,0.51810210943222,0
0.05,27,"val",220,0.508474111557007,0
0.05,27,"val",221,0.514374136924744,1
0.05,27,"val",222,0.515374958515167,1
0.05,27,"val",223,0.522395312786102,1
0.05,27,"val",224,0.499833106994629,0
0.05,27,"val",225,0.494431525468826,1
0.05,27,"val",226,0.507731318473816,1
0.05,27,"val",227,0.506015181541443,1
0.05,27,"val",228,0.52823007106781,0
0.05,27,"val",229,0.509315729141235,0
0.05,27,"val",230,0.543026149272919,0
0.05,27,"val",231,0.552521884441376,0
0.05,27,"val",232,0.484160602092743,0
0.05,27,"val",233,0.352168768644333,0
0.05,27,"val",234,0.496954798698425,0
0.05,27,"val",235,0.510419189929962,0
0.05,27,"val",236,0.4468112885952,0
0.05,27,"val",237,0.461499720811844,0
0.05,27,"val",238,0.480040907859802,1
0.05,27,"val",239,0.477297902107239,0
0.05,27,"val",240,0.445785403251648,0
0.05,27,"val",241,0.443381100893021,0
0.05,27,"val",242,0.466484546661377,0
0.05,27,"val",243,0.463777244091034,1
0.05,27,"val",244,0.51810210943222,1
0.05,27,"val",245,0.516921997070312,1
0.05,27,"val",246,0.514374136924744,0
0.05,27,"val",247,0.50834733247757,1
0.05,27,"val",248,0.522395312786102,1
0.05,27,"val",249,0.520947158336639,0
0.05,27,"val",250,0.494431525468826,1
0.05,27,"val",251,0.495453536510468,1
0.05,27,"val",252,0.506015181541443,1
0.05,27,"val",253,0.500568985939026,1
0.05,27,"val",254,0.509315729141235,0
0.05,27,"val",255,0.512622177600861,0
0.05,27,"val",256,0.552521884441376,0
0.05,27,"val",257,0.542054891586304,0
0.05,27,"val",258,0.352168768644333,1
0.05,27,"val",259,0.461192965507507,1
0.05,27,"val",260,0.510419189929962,1
0.05,27,"val",261,0.499131381511688,1
0.05,27,"val",262,0.461499720811844,1
0.05,27,"val",263,0.461247533559799,0
0.05,27,"val",264,0.477297902107239,0
0.05,27,"val",265,0.476772457361221,1
0.05,27,"val",266,0.443381100893021,1
0.05,27,"val",267,0.442976504564285,0
0.05,27,"val",268,0.463777244091034,0
0.05,27,"val",269,0.463975846767426,0
0.05,27,"val",270,0.516921997070312,1
0.05,27,"val",271,0.51395845413208,1
0.05,27,"val",272,0.50834733247757,1
0.05,27,"val",273,0.526597738265991,1
0.05,27,"val",274,0.520947158336639,0
0.05,27,"val",275,0.527677774429321,0
0.05,27,"val",276,0.495453536510468,0
0.05,27,"val",277,0.499486297369003,0
0.05,27,"val",278,0.500568985939026,1
0.05,27,"val",279,0.501426756381989,1
0.05,27,"val",280,0.512622177600861,1
0.05,27,"val",281,0.518762826919556,1
0.05,27,"val",282,0.542054891586304,1
0.05,27,"val",283,0.523949265480042,1
0.05,27,"val",284,0.461192965507507,0
0.05,27,"val",285,0.466325253248215,0
0.05,27,"val",286,0.499131381511688,0
0.05,27,"val",287,0.504565477371216,0
0.05,27,"val",288,0.461247533559799,0
0.05,27,"val",289,0.45899099111557,0
0.05,27,"val",290,0.476772457361221,0
0.05,27,"val",291,0.482176214456558,0
0.05,27,"val",292,0.442976504564285,0
0.05,27,"val",293,0.427158951759338,0
0.05,27,"val",294,0.463975846767426,1
0.05,27,"val",295,0.465345948934555,1
0.05,27,"val",296,0.51395845413208,0
0.05,27,"val",297,0.521343052387238,0
0.05,27,"val",298,0.526597738265991,0
0.05,27,"val",299,0.538381278514862,1
0.05,27,"val",300,0.527677774429321,1
0.05,27,"val",301,0.517784178256989,1
0.05,27,"val",302,0.499486297369003,0
0.05,27,"val",303,0.501900911331177,0
0.05,27,"val",304,0.501426756381989,0
0.05,27,"test",1,0.501232504844666,0
0.05,27,"test",2,0.518762826919556,0
0.05,27,"test",3,0.525881946086884,1
0.05,27,"test",4,0.523949265480042,1
0.05,27,"test",5,0.529782712459564,1
0.05,27,"test",6,0.466325253248215,1
0.05,27,"test",7,0.45746573805809,1
0.05,27,"test",8,0.504565477371216,1
0.05,27,"test",9,0.493769407272339,1
0.05,27,"test",10,0.45899099111557,1
0.05,27,"test",11,0.467340230941772,1
0.05,27,"test",12,0.482176214456558,1
0.05,27,"test",13,0.472552478313446,1
0.05,27,"test",14,0.427158951759338,1
0.05,27,"test",15,0.437729239463806,1
0.05,27,"test",16,0.465345948934555,1
0.05,27,"test",17,0.472826838493347,0
0.05,27,"test",18,0.521343052387238,0
0.05,27,"test",19,0.523429811000824,0
0.05,27,"test",20,0.538381278514862,1
0.05,27,"test",21,0.548666715621948,1
0.05,27,"test",22,0.517784178256989,1
0.05,27,"test",23,0.514915823936462,0
0.05,27,"test",24,0.501900911331177,0
0.05,27,"test",25,0.501042127609253,0
0.05,27,"test",26,0.501232504844666,1
0.05,27,"test",27,0.5136838555336,1
0.05,27,"test",28,0.525881946086884,1
0.05,27,"test",29,0.531820356845856,0
0.05,27,"test",30,0.529782712459564,0
0.05,27,"test",31,0.542153120040894,0
0.05,27,"test",32,0.45746573805809,0
0.05,27,"test",33,0.434884250164032,0
0.05,27,"test",34,0.493769407272339,1
0.05,27,"test",35,0.500777542591095,1
0.05,27,"test",36,0.467340230941772,1
0.05,27,"test",37,0.470717132091522,1
0.05,27,"test",38,0.472552478313446,1
0.05,27,"test",39,0.472806215286255,1
0.05,27,"test",40,0.437729239463806,1
0.05,27,"test",41,0.429771572351456,1
0.05,27,"test",42,0.472826838493347,0
0.05,27,"test",43,0.48986604809761,0
0.05,27,"test",44,0.523429811000824,1
0.05,27,"test",45,0.521981418132782,1
0.05,27,"test",46,0.548666715621948,1
0.05,27,"test",47,0.522908687591553,0
0.05,27,"test",48,0.514915823936462,0
0.05,27,"test",49,0.51721066236496,0
0.05,27,"test",50,0.501042127609253,0
0.05,27,"test",51,0.498637795448303,1
0.05,27,"test",52,0.5136838555336,1
0.05,27,"test",53,0.50280636548996,1
0.05,27,"test",54,0.531820356845856,1
0.05,27,"test",55,0.529843628406525,0
0.05,27,"test",56,0.542153120040894,0
0.05,27,"test",57,0.580446183681488,0
0.05,27,"test",58,0.434884250164032,0
0.05,27,"test",59,0.414225846529007,1
0.05,27,"test",60,0.500777542591095,1
0.05,27,"test",61,0.489400118589401,1
0.05,27,"test",62,0.470717132091522,0
0.05,27,"test",63,0.463666170835495,1
0.05,27,"test",64,0.472806215286255,1
0.05,27,"test",65,0.4765804708004,1
0.05,27,"test",66,0.429771572351456,1
0.05,27,"test",67,0.420941412448883,1
0.05,27,"test",68,0.48986604809761,0
0.05,27,"test",69,0.486807316541672,0
0.05,27,"test",70,0.521981418132782,0
0.05,27,"test",71,0.51986426115036,1
0.05,27,"test",72,0.522908687591553,1
0.05,27,"test",73,0.51499730348587,0
0.05,27,"test",74,0.51721066236496,0
0.05,27,"test",75,0.519450485706329,0
0.05,27,"test",76,0.498637795448303,0
0.05,27,"test",77,0.497100591659546,0
0.05,27,"test",78,0.50280636548996,1
0.05,27,"test",79,0.499616742134094,0
0.05,27,"test",80,0.529843628406525,0
0.05,27,"test",81,0.54019296169281,1
0.05,27,"test",82,0.580446183681488,1
0.05,27,"test",83,0.548506200313568,1
0.05,27,"test",84,0.414225846529007,1
0.05,27,"test",85,0.433146804571152,0
0.05,27,"test",86,0.489400118589401,0
0.05,27,"test",87,0.492010712623596,0
0.05,27,"test",88,0.463666170835495,0
0.05,27,"test",89,0.446088790893555,0
0.05,27,"test",90,0.4765804708004,0
0.05,27,"test",91,0.474904835224152,1
0.05,27,"test",92,0.420941412448883,0
0.05,27,"test",93,0.418312191963196,0
0.05,27,"test",94,0.486807316541672,0
0.05,27,"test",95,0.483403831720352,0
0.05,27,"test",96,0.51986426115036,0
0.05,27,"test",97,0.518630623817444,1
0.05,27,"test",98,0.51499730348587,1
0.05,27,"test",99,0.522649109363556,1
0.05,27,"test",100,0.519450485706329,1
0.05,27,"test",101,0.517247021198273,1
0.05,27,"test",102,0.497100591659546,0
0.05,27,"test",103,0.494152873754501,0
0.05,27,"test",104,0.499616742134094,0
0.05,27,"test",105,0.506289124488831,0
0.05,27,"test",106,0.54019296169281,0
0.05,27,"test",107,0.519063651561737,0
0.05,27,"test",108,0.548506200313568,0
0.05,27,"test",109,0.555895388126373,0
0.05,27,"test",110,0.433146804571152,1
0.05,27,"test",111,0.343235194683075,1
0.05,27,"test",112,0.492010712623596,1
0.05,27,"test",113,0.495753735303879,0
0.05,27,"test",114,0.446088790893555,1
0.05,27,"test",115,0.46829628944397,1
0.05,27,"test",116,0.474904835224152,1
0.05,27,"test",117,0.478877693414688,1
0.05,27,"test",118,0.418312191963196,1
0.05,27,"test",119,0.424831211566925,0
0.05,27,"test",120,0.483403831720352,0
0.05,27,"test",121,0.461446583271027,0
0.05,27,"test",122,0.518630623817444,1
0.05,27,"test",123,0.518389344215393,1
0.05,27,"test",124,0.522649109363556,1
0.05,27,"test",125,0.513527870178223,0
0.05,27,"test",126,0.517247021198273,0
0.05,27,"test",127,0.519172132015228,0
0.05,27,"test",128,0.494152873754501,1
0.05,27,"test",129,0.495983630418777,1
0.05,27,"test",130,0.506289124488831,1
0.05,27,"test",131,0.524958848953247,1
0.05,27,"test",132,0.519063651561737,0
0.05,27,"test",133,0.57041722536087,0
0.05,27,"test",134,0.555895388126373,0
0.05,27,"test",135,0.546760201454163,0
0.05,27,"test",136,0.343235194683075,0
0.05,27,"test",137,0.430377811193466,1
0.05,27,"test",138,0.495753735303879,1
0.05,27,"test",139,0.497323960065842,1
0.05,27,"test",140,0.46829628944397,1
0.05,27,"test",141,0.467258423566818,1
0.05,27,"test",142,0.478877693414688,1
0.05,27,"test",143,0.480438739061356,1
0.05,27,"test",144,0.424831211566925,1
0.05,27,"test",145,0.415619760751724,1
0.05,27,"test",146,0.461446583271027,1
0.05,27,"test",147,0.45992186665535,1
0.05,27,"test",148,0.518389344215393,1
0.05,27,"test",149,0.523153901100159,1
0.05,27,"test",150,0.513527870178223,1
0.05,27,"test",151,0.518619418144226,1
0.05,27,"test",152,0.519172132015228,0
0.05,27,"test",153,0.534653127193451,0
0.05,27,"test",154,0.495983630418777,1
0.05,27,"test",155,0.495794892311096,1
0.05,27,"test",156,0.524958848953247,1
0.05,27,"test",157,0.504219532012939,0
0.05,27,"test",158,0.57041722536087,0
0.05,27,"test",159,0.546475946903229,0
0.05,27,"test",160,0.546760201454163,0
0.05,27,"test",161,0.544359028339386,0
0.05,27,"test",162,0.430377811193466,0
0.05,27,"test",163,0.472913771867752,0
0.05,27,"test",164,0.497323960065842,0
0.05,27,"test",165,0.498988330364227,1
0.05,27,"test",166,0.467258423566818,1
0.05,27,"test",167,0.464733183383942,0
0.05,27,"test",168,0.480438739061356,1
0.05,27,"test",169,0.478249162435532,1
0.05,27,"test",170,0.415619760751724,1
0.05,27,"test",171,0.421031504869461,0
0.05,27,"test",172,0.45992186665535,0
0.05,27,"test",173,0.455249488353729,1
0.05,27,"test",174,0.523153901100159,1
0.05,27,"test",175,0.520727157592773,1
0.05,27,"test",176,0.518619418144226,1
0.05,27,"test",177,0.521089017391205,0
0.05,27,"test",178,0.534653127193451,0
0.05,27,"test",179,0.52105325460434,0
0.05,27,"test",180,0.495794892311096,0
0.05,27,"test",181,0.48810550570488,0
0.05,27,"test",182,0.504219532012939,0
0.05,27,"test",183,0.497291266918182,0
0.05,27,"test",184,0.546475946903229,0
0.05,27,"test",185,0.536944508552551,0
0.05,27,"test",186,0.544359028339386,1
0.05,27,"test",187,0.538374602794647,0
0.05,27,"test",188,0.472913771867752,0
0.05,27,"test",189,0.476596266031265,0
0.05,27,"test",190,0.498988330364227,0
0.05,27,"test",191,0.477949678897858,0
0.05,27,"test",192,0.464733183383942,0
0.05,27,"test",193,0.457066118717194,0
0.05,27,"test",194,0.478249162435532,0
0.05,27,"test",195,0.48256653547287,0
0.05,27,"test",196,0.421031504869461,0
0.05,27,"test",197,0.438766568899155,1
0.05,27,"test",198,0.455249488353729,1
0.05,27,"test",199,0.460574686527252,1
0.05,27,"test",200,0.520727157592773,0
0.05,27,"test",201,0.519744455814362,0
0.05,27,"test",202,0.521089017391205,1
0.05,27,"test",203,0.532727241516113,0
0.05,27,"test",204,0.52105325460434,0
0.05,27,"test",205,0.515653252601624,0
0.05,27,"test",206,0.48810550570488,1
0.05,27,"test",207,0.488150000572205,0
0.05,27,"test",208,0.497291266918182,0
0.05,27,"test",209,0.502830386161804,0
0.05,27,"test",210,0.536944508552551,0
0.05,27,"test",211,0.537336707115173,0
0.05,27,"test",212,0.538374602794647,1
0.05,27,"test",213,0.564308881759644,0
0.05,27,"test",214,0.476596266031265,1
0.05,27,"test",215,0.375439137220383,1
0.05,27,"test",216,0.477949678897858,1
0.05,27,"test",217,0.465988904237747,0
0.05,27,"test",218,0.457066118717194,0
0.05,27,"test",219,0.453659296035767,1
0.05,27,"test",220,0.48256653547287,1
0.05,27,"test",221,0.478841066360474,0
0.05,27,"test",222,0.438766568899155,1
0.05,27,"test",223,0.41711351275444,1
0.05,27,"test",224,0.460574686527252,1
0.05,27,"test",225,0.472589910030365,0
0.05,27,"test",226,0.519744455814362,0
0.05,27,"test",227,0.521347343921661,0
0.05,27,"test",228,0.532727241516113,1
0.05,27,"test",229,0.522589981555939,1
0.05,27,"test",230,0.515653252601624,0
0.05,27,"test",231,0.50954532623291,1
0.05,27,"test",232,0.488150000572205,1
0.05,27,"test",233,0.507430672645569,1
0.05,27,"test",234,0.502830386161804,1
0.05,27,"test",235,0.501064360141754,1
0.05,27,"test",236,0.537336707115173,1
0.05,27,"test",237,0.545510709285736,0
0.05,27,"test",238,0.564308881759644,0
0.05,27,"test",239,0.5468829870224,0
0.05,27,"test",240,0.375439137220383,0
0.05,27,"test",241,0.346563458442688,0
0.05,27,"test",242,0.465988904237747,0
0.05,27,"test",243,0.485044956207275,0
0.05,27,"test",244,0.453659296035767,1
0.05,27,"test",245,0.441290348768234,1
0.05,27,"test",246,0.478841066360474,1
0.05,27,"test",247,0.483913093805313,1
0.05,27,"test",248,0.41711351275444,1
0.05,27,"test",249,0.403153449296951,1
0.05,27,"test",250,0.472589910030365,1
0.05,27,"test",251,0.47391676902771,1
0.05,27,"test",252,0.521347343921661,0
0.05,27,"test",253,0.523961305618286,0
0.05,27,"test",254,0.522589981555939,0
0.05,27,"test",255,0.513015687465668,1
0.05,27,"test",256,0.50954532623291,1
0.05,27,"test",257,0.521477937698364,1
0.05,27,"test",258,0.507430672645569,1
0.05,27,"test",259,0.496148288249969,1
0.05,27,"test",260,0.501064360141754,1
0.05,27,"test",261,0.508384346961975,1
0.05,27,"test",262,0.545510709285736,0
0.05,27,"test",263,0.536428451538086,0
0.05,27,"test",264,0.5468829870224,1
0.05,27,"test",265,0.551104962825775,1
0.05,27,"test",266,0.346563458442688,1
0.05,27,"test",267,0.467796444892883,1
0.05,27,"test",268,0.485044956207275,1
0.05,27,"test",269,0.490124493837357,1
0.05,27,"test",270,0.441290348768234,1
0.05,27,"test",271,0.46447941660881,1
0.05,27,"test",272,0.483913093805313,1
0.05,27,"test",273,0.482283800840378,1
0.05,27,"test",274,0.403153449296951,1
0.05,27,"test",275,0.418337494134903,1
0.05,27,"test",276,0.47391676902771,1
0.05,27,"test",277,0.452619820833206,1
0.05,27,"test",278,0.523961305618286,0
0.05,27,"test",279,0.524839699268341,0
0.05,27,"test",280,0.513015687465668,0
0.05,27,"test",281,0.520057141780853,0
0.05,27,"test",282,0.521477937698364,0
0.05,27,"test",283,0.513134241104126,0
0.05,27,"test",284,0.496148288249969,0
0.05,27,"test",285,0.506351232528687,0
0.05,27,"test",286,0.508384346961975,0
0.05,27,"test",287,0.508299469947815,0
0.05,27,"test",288,0.536428451538086,0
0.05,27,"test",289,0.539239227771759,0
0.05,27,"test",290,0.551104962825775,0
0.05,27,"test",291,0.527710616588593,0
0.05,27,"test",292,0.467796444892883,1
0.05,27,"test",293,0.493426352739334,1
0.05,27,"test",294,0.490124493837357,1
0.05,27,"test",295,0.496540009975433,0
0.05,27,"test",296,0.46447941660881,0
0.05,27,"test",297,0.465095579624176,1
0.05,27,"test",298,0.482283800840378,0
0.05,27,"test",299,0.482258230447769,0
0.05,27,"test",300,0.418337494134903,1
0.05,27,"test",301,0.36687958240509,1
0.05,27,"test",302,0.452619820833206,1
0.05,27,"test",303,0.469936072826385,0
0.05,27,"test",304,0.524839699268341,1
0.05,27,"test",305,0.525638163089752,0
0.05,98,"val",1,0.509945690631866,0
0.05,98,"val",2,0.499723196029663,1
0.05,98,"val",3,0.5040363073349,0
0.05,98,"val",4,0.470139741897583,1
0.05,98,"val",5,0.469531267881393,1
0.05,98,"val",6,0.430056065320969,1
0.05,98,"val",7,0.448820471763611,1
0.05,98,"val",8,0.494850128889084,1
0.05,98,"val",9,0.489895045757294,1
0.05,98,"val",10,0.523854315280914,1
0.05,98,"val",11,0.524119675159454,1
0.05,98,"val",12,0.512731850147247,1
0.05,98,"val",13,0.515448093414307,1
0.05,98,"val",14,0.518902599811554,1
0.05,98,"val",15,0.526799201965332,1
0.05,98,"val",16,0.4882672727108,1
0.05,98,"val",17,0.493639647960663,1
0.05,98,"val",18,0.504821121692657,1
0.05,98,"val",19,0.501119136810303,1
0.05,98,"val",20,0.533158302307129,1
0.05,98,"val",21,0.548191606998444,1
0.05,98,"val",22,0.507410287857056,1
0.05,98,"val",23,0.511853873729706,0
0.05,98,"val",24,0.506776750087738,0
0.05,98,"val",25,0.458419442176819,1
0.05,98,"val",26,0.509945690631866,0
0.05,98,"val",27,0.510239839553833,0
0.05,98,"val",28,0.5040363073349,0
0.05,98,"val",29,0.494995176792145,1
0.05,98,"val",30,0.469531267881393,1
0.05,98,"val",31,0.472428828477859,0
0.05,98,"val",32,0.448820471763611,0
0.05,98,"val",33,0.44173526763916,0
0.05,98,"val",34,0.489895045757294,0
0.05,98,"val",35,0.491176694631577,0
0.05,98,"val",36,0.524119675159454,0
0.05,98,"val",37,0.531280636787415,1
0.05,98,"val",38,0.515448093414307,1
0.05,98,"val",39,0.519098341464996,1
0.05,98,"val",40,0.526799201965332,0
0.05,98,"val",41,0.522342503070831,0
0.05,98,"val",42,0.493639647960663,0
0.05,98,"val",43,0.491716414690018,0
0.05,98,"val",44,0.501119136810303,0
0.05,98,"val",45,0.496862769126892,0
0.05,98,"val",46,0.548191606998444,0
0.05,98,"val",47,0.536827325820923,1
0.05,98,"val",48,0.511853873729706,1
0.05,98,"val",49,0.509179174900055,1
0.05,98,"val",50,0.458419442176819,1
0.05,98,"val",51,0.483311682939529,1
0.05,98,"val",52,0.510239839553833,1
0.05,98,"val",53,0.510569334030151,1
0.05,98,"val",54,0.494995176792145,1
0.05,98,"val",55,0.495300263166428,1
0.05,98,"val",56,0.472428828477859,1
0.05,98,"val",57,0.474957168102264,1
0.05,98,"val",58,0.44173526763916,1
0.05,98,"val",59,0.459741771221161,1
0.05,98,"val",60,0.491176694631577,1
0.05,98,"val",61,0.50026947259903,0
0.05,98,"val",62,0.531280636787415,1
0.05,98,"val",63,0.530669093132019,0
0.05,98,"val",64,0.519098341464996,0
0.05,98,"val",65,0.518475413322449,1
0.05,98,"val",66,0.522342503070831,1
0.05,98,"val",67,0.524624645709991,1
0.05,98,"val",68,0.491716414690018,1
0.05,98,"val",69,0.493439137935638,1
0.05,98,"val",70,0.496862769126892,1
0.05,98,"val",71,0.500726222991943,1
0.05,98,"val",72,0.536827325820923,1
0.05,98,"val",73,0.532451808452606,1
0.05,98,"val",74,0.509179174900055,1
0.05,98,"val",75,0.523500800132751,1
0.05,98,"val",76,0.483311682939529,0
0.05,98,"val",77,0.490056872367859,1
0.05,98,"val",78,0.510569334030151,1
0.05,98,"val",79,0.510199308395386,0
0.05,98,"val",80,0.495300263166428,0
0.05,98,"val",81,0.497669339179993,0
0.05,98,"val",82,0.474957168102264,1
0.05,98,"val",83,0.475364774465561,0
0.05,98,"val",84,0.459741771221161,0
0.05,98,"val",85,0.459748536348343,0
0.05,98,"val",86,0.50026947259903,1
0.05,98,"val",87,0.491776645183563,1
0.05,98,"val",88,0.530669093132019,1
0.05,98,"val",89,0.533579468727112,0
0.05,98,"val",90,0.518475413322449,0
0.05,98,"val",91,0.516019880771637,0
0.05,98,"val",92,0.524624645709991,0
0.05,98,"val",93,0.527934074401855,0
0.05,98,"val",94,0.493439137935638,0
0.05,98,"val",95,0.499115020036697,0
0.05,98,"val",96,0.500726222991943,1
0.05,98,"val",97,0.497586667537689,1
0.05,98,"val",98,0.532451808452606,1
0.05,98,"val",99,0.538407027721405,1
0.05,98,"val",100,0.523500800132751,0
0.05,98,"val",101,0.519959986209869,0
0.05,98,"val",102,0.490056872367859,0
0.05,98,"val",103,0.450591593980789,0
0.05,98,"val",104,0.510199308395386,1
0.05,98,"val",105,0.50678026676178,1
0.05,98,"val",106,0.497669339179993,1
0.05,98,"val",107,0.496155619621277,1
0.05,98,"val",108,0.475364774465561,1
0.05,98,"val",109,0.475037008523941,0
0.05,98,"val",110,0.459748536348343,0
0.05,98,"val",111,0.436536818742752,1
0.05,98,"val",112,0.491776645183563,1
0.05,98,"val",113,0.492938458919525,1
0.05,98,"val",114,0.533579468727112,0
0.05,98,"val",115,0.529828071594238,1
0.05,98,"val",116,0.516019880771637,0
0.05,98,"val",117,0.520261526107788,1
0.05,98,"val",118,0.527934074401855,1
0.05,98,"val",119,0.519070982933044,1
0.05,98,"val",120,0.499115020036697,0
0.05,98,"val",121,0.494851410388947,0
0.05,98,"val",122,0.497586667537689,0
0.05,98,"val",123,0.493418276309967,1
0.05,98,"val",124,0.538407027721405,1
0.05,98,"val",125,0.526833772659302,1
0.05,98,"val",126,0.519959986209869,1
0.05,98,"val",127,0.519035279750824,1
0.05,98,"val",128,0.450591593980789,1
0.05,98,"val",129,0.420714795589447,1
0.05,98,"val",130,0.50678026676178,1
0.05,98,"val",131,0.507472455501556,0
0.05,98,"val",132,0.496155619621277,0
0.05,98,"val",133,0.500904977321625,1
0.05,98,"val",134,0.475037008523941,1
0.05,98,"val",135,0.472345650196075,0
0.05,98,"val",136,0.436536818742752,0
0.05,98,"val",137,0.450808972120285,0
0.05,98,"val",138,0.492938458919525,0
0.05,98,"val",139,0.495217591524124,0
0.05,98,"val",140,0.529828071594238,0
0.05,98,"val",141,0.527929544448853,1
0.05,98,"val",142,0.520261526107788,1
0.05,98,"val",143,0.515789031982422,1
0.05,98,"val",144,0.519070982933044,0
0.05,98,"val",145,0.520792961120605,0
0.05,98,"val",146,0.494851410388947,0
0.05,98,"val",147,0.49708092212677,0
0.05,98,"val",148,0.493418276309967,0
0.05,98,"val",149,0.518238127231598,0
0.05,98,"val",150,0.526833772659302,0
0.05,98,"val",151,0.521880567073822,0
0.05,98,"val",152,0.519035279750824,1
0.05,98,"val",153,0.529676377773285,0
0.05,98,"val",154,0.420714795589447,1
0.05,98,"val",155,0.429342269897461,0
0.05,98,"val",156,0.507472455501556,0
0.05,98,"val",157,0.509534776210785,0
0.05,98,"val",158,0.500904977321625,0
0.05,98,"val",159,0.506165683269501,1
0.05,98,"val",160,0.472345650196075,1
0.05,98,"val",161,0.476864546537399,1
0.05,98,"val",162,0.450808972120285,1
0.05,98,"val",163,0.450611799955368,1
0.05,98,"val",164,0.495217591524124,0
0.05,98,"val",165,0.474129498004913,0
0.05,98,"val",166,0.527929544448853,0
0.05,98,"val",167,0.519502222537994,0
0.05,98,"val",168,0.515789031982422,1
0.05,98,"val",169,0.519249320030212,0
0.05,98,"val",170,0.520792961120605,0
0.05,98,"val",171,0.520800292491913,0
0.05,98,"val",172,0.49708092212677,1
0.05,98,"val",173,0.498950481414795,1
0.05,98,"val",174,0.518238127231598,1
0.05,98,"val",175,0.493947148323059,0
0.05,98,"val",176,0.521880567073822,0
0.05,98,"val",177,0.51350599527359,1
0.05,98,"val",178,0.529676377773285,0
0.05,98,"val",179,0.519240081310272,1
0.05,98,"val",180,0.429342269897461,0
0.05,98,"val",181,0.429195523262024,1
0.05,98,"val",182,0.509534776210785,1
0.05,98,"val",183,0.508869469165802,1
0.05,98,"val",184,0.506165683269501,0
0.05,98,"val",185,0.506312489509583,0
0.05,98,"val",186,0.476864546537399,0
0.05,98,"val",187,0.4811971783638,0
0.05,98,"val",188,0.450611799955368,0
0.05,98,"val",189,0.462272346019745,0
0.05,98,"val",190,0.474129498004913,0
0.05,98,"val",191,0.487305551767349,1
0.05,98,"val",192,0.519502222537994,0
0.05,98,"val",193,0.520296990871429,0
0.05,98,"val",194,0.519249320030212,0
0.05,98,"val",195,0.512822985649109,1
0.05,98,"val",196,0.520800292491913,1
0.05,98,"val",197,0.521170020103455,1
0.05,98,"val",198,0.498950481414795,1
0.05,98,"val",199,0.499357163906097,0
0.05,98,"val",200,0.493947148323059,0
0.05,98,"val",201,0.497549474239349,0
0.05,98,"val",202,0.51350599527359,0
0.05,98,"val",203,0.519823908805847,1
0.05,98,"val",204,0.519240081310272,1
0.05,98,"val",205,0.510026752948761,1
0.05,98,"val",206,0.429195523262024,0
0.05,98,"val",207,0.47489932179451,0
0.05,98,"val",208,0.508869469165802,0
0.05,98,"val",209,0.510206758975983,1
0.05,98,"val",210,0.506312489509583,1
0.05,98,"val",211,0.505578815937042,1
0.05,98,"val",212,0.4811971783638,1
0.05,98,"val",213,0.481166392564774,1
0.05,98,"val",214,0.462272346019745,1
0.05,98,"val",215,0.460294395685196,0
0.05,98,"val",216,0.487305551767349,0
0.05,98,"val",217,0.477170258760452,0
0.05,98,"val",218,0.520296990871429,0
0.05,98,"val",219,0.526985228061676,0
0.05,98,"val",220,0.512822985649109,0
0.05,98,"val",221,0.516937911510468,1
0.05,98,"val",222,0.521170020103455,1
0.05,98,"val",223,0.524622738361359,1
0.05,98,"val",224,0.499357163906097,0
0.05,98,"val",225,0.50496631860733,1
0.05,98,"val",226,0.497549474239349,1
0.05,98,"val",227,0.497240841388702,1
0.05,98,"val",228,0.519823908805847,0
0.05,98,"val",229,0.523425281047821,0
0.05,98,"val",230,0.510026752948761,0
0.05,98,"val",231,0.510037779808044,0
0.05,98,"val",232,0.47489932179451,0
0.05,98,"val",233,0.436110645532608,0
0.05,98,"val",234,0.510206758975983,0
0.05,98,"val",235,0.508311629295349,0
0.05,98,"val",236,0.505578815937042,0
0.05,98,"val",237,0.498294472694397,0
0.05,98,"val",238,0.481166392564774,1
0.05,98,"val",239,0.477285414934158,0
0.05,98,"val",240,0.460294395685196,0
0.05,98,"val",241,0.459789544343948,0
0.05,98,"val",242,0.477170258760452,0
0.05,98,"val",243,0.477153360843658,1
0.05,98,"val",244,0.526985228061676,1
0.05,98,"val",245,0.526947438716888,1
0.05,98,"val",246,0.516937911510468,0
0.05,98,"val",247,0.513188600540161,1
0.05,98,"val",248,0.524622738361359,1
0.05,98,"val",249,0.524437308311462,0
0.05,98,"val",250,0.50496631860733,1
0.05,98,"val",251,0.504677057266235,1
0.05,98,"val",252,0.497240841388702,1
0.05,98,"val",253,0.507647037506104,1
0.05,98,"val",254,0.523425281047821,0
0.05,98,"val",255,0.518269419670105,0
0.05,98,"val",256,0.510037779808044,0
0.05,98,"val",257,0.507194101810455,0
0.05,98,"val",258,0.436110645532608,1
0.05,98,"val",259,0.456421792507172,1
0.05,98,"val",260,0.508311629295349,1
0.05,98,"val",261,0.507647275924683,1
0.05,98,"val",262,0.498294472694397,1
0.05,98,"val",263,0.496862351894379,0
0.05,98,"val",264,0.477285414934158,0
0.05,98,"val",265,0.4766865670681,1
0.05,98,"val",266,0.459789544343948,1
0.05,98,"val",267,0.459629446268082,0
0.05,98,"val",268,0.477153360843658,0
0.05,98,"val",269,0.479037016630173,0
0.05,98,"val",270,0.526947438716888,1
0.05,98,"val",271,0.524604737758636,1
0.05,98,"val",272,0.513188600540161,1
0.05,98,"val",273,0.52420711517334,1
0.05,98,"val",274,0.524437308311462,0
0.05,98,"val",275,0.527544677257538,0
0.05,98,"val",276,0.504677057266235,0
0.05,98,"val",277,0.501767039299011,0
0.05,98,"val",278,0.507647037506104,1
0.05,98,"val",279,0.508332967758179,1
0.05,98,"val",280,0.518269419670105,1
0.05,98,"val",281,0.527368068695068,1
0.05,98,"val",282,0.507194101810455,1
0.05,98,"val",283,0.502393364906311,1
0.05,98,"val",284,0.456421792507172,0
0.05,98,"val",285,0.471039801836014,0
0.05,98,"val",286,0.507647275924683,0
0.05,98,"val",287,0.508866250514984,0
0.05,98,"val",288,0.496862351894379,0
0.05,98,"val",289,0.496404409408569,0
0.05,98,"val",290,0.4766865670681,0
0.05,98,"val",291,0.484841912984848,0
0.05,98,"val",292,0.459629446268082,0
0.05,98,"val",293,0.444172501564026,0
0.05,98,"val",294,0.479037016630173,1
0.05,98,"val",295,0.481231987476349,1
0.05,98,"val",296,0.524604737758636,0
0.05,98,"val",297,0.529955863952637,0
0.05,98,"val",298,0.52420711517334,0
0.05,98,"val",299,0.52901017665863,1
0.05,98,"val",300,0.527544677257538,1
0.05,98,"val",301,0.523125529289246,1
0.05,98,"val",302,0.501767039299011,0
0.05,98,"val",303,0.498034536838531,0
0.05,98,"val",304,0.508332967758179,0
0.05,98,"test",1,0.490852057933807,0
0.05,98,"test",2,0.527368068695068,0
0.05,98,"test",3,0.530876517295837,1
0.05,98,"test",4,0.502393364906311,1
0.05,98,"test",5,0.505238056182861,1
0.05,98,"test",6,0.471039801836014,1
0.05,98,"test",7,0.460323065519333,1
0.05,98,"test",8,0.508866250514984,1
0.05,98,"test",9,0.509269714355469,1
0.05,98,"test",10,0.496404409408569,1
0.05,98,"test",11,0.491933882236481,1
0.05,98,"test",12,0.484841912984848,1
0.05,98,"test",13,0.472318440675735,1
0.05,98,"test",14,0.444172501564026,1
0.05,98,"test",15,0.450189560651779,1
0.05,98,"test",16,0.481231987476349,1
0.05,98,"test",17,0.483592838048935,0
0.05,98,"test",18,0.529955863952637,0
0.05,98,"test",19,0.534844577312469,0
0.05,98,"test",20,0.52901017665863,1
0.05,98,"test",21,0.532167196273804,1
0.05,98,"test",22,0.523125529289246,1
0.05,98,"test",23,0.522145986557007,0
0.05,98,"test",24,0.498034536838531,0
0.05,98,"test",25,0.500738203525543,0
0.05,98,"test",26,0.490852057933807,1
0.05,98,"test",27,0.490737825632095,1
0.05,98,"test",28,0.530876517295837,1
0.05,98,"test",29,0.525948464870453,0
0.05,98,"test",30,0.505238056182861,0
0.05,98,"test",31,0.50809907913208,0
0.05,98,"test",32,0.460323065519333,0
0.05,98,"test",33,0.444212019443512,0
0.05,98,"test",34,0.509269714355469,1
0.05,98,"test",35,0.504417181015015,1
0.05,98,"test",36,0.491933882236481,1
0.05,98,"test",37,0.491589248180389,1
0.05,98,"test",38,0.472318440675735,1
0.05,98,"test",39,0.472901850938797,1
0.05,98,"test",40,0.450189560651779,1
0.05,98,"test",41,0.446723192930222,1
0.05,98,"test",42,0.483592838048935,0
0.05,98,"test",43,0.496689677238464,0
0.05,98,"test",44,0.534844577312469,1
0.05,98,"test",45,0.531374156475067,1
0.05,98,"test",46,0.532167196273804,1
0.05,98,"test",47,0.520722389221191,0
0.05,98,"test",48,0.522145986557007,0
0.05,98,"test",49,0.521008253097534,0
0.05,98,"test",50,0.500738203525543,0
0.05,98,"test",51,0.501061260700226,1
0.05,98,"test",52,0.490737825632095,1
0.05,98,"test",53,0.503465175628662,1
0.05,98,"test",54,0.525948464870453,1
0.05,98,"test",55,0.516133546829224,0
0.05,98,"test",56,0.50809907913208,0
0.05,98,"test",57,0.520614981651306,0
0.05,98,"test",58,0.444212019443512,0
0.05,98,"test",59,0.438608765602112,1
0.05,98,"test",60,0.504417181015015,1
0.05,98,"test",61,0.509284019470215,1
0.05,98,"test",62,0.491589248180389,0
0.05,98,"test",63,0.494519680738449,1
0.05,98,"test",64,0.472901850938797,1
0.05,98,"test",65,0.476753503084183,1
0.05,98,"test",66,0.446723192930222,1
0.05,98,"test",67,0.438063859939575,1
0.05,98,"test",68,0.496689677238464,0
0.05,98,"test",69,0.49554905295372,0
0.05,98,"test",70,0.531374156475067,0
0.05,98,"test",71,0.537274599075317,1
0.05,98,"test",72,0.520722389221191,1
0.05,98,"test",73,0.517658054828644,0
0.05,98,"test",74,0.521008253097534,0
0.05,98,"test",75,0.523211359977722,0
0.05,98,"test",76,0.501061260700226,0
0.05,98,"test",77,0.503288984298706,0
0.05,98,"test",78,0.503465175628662,1
0.05,98,"test",79,0.520387053489685,0
0.05,98,"test",80,0.516133546829224,0
0.05,98,"test",81,0.517828404903412,1
0.05,98,"test",82,0.520614981651306,1
0.05,98,"test",83,0.509711682796478,1
0.05,98,"test",84,0.438608765602112,1
0.05,98,"test",85,0.443617939949036,0
0.05,98,"test",86,0.509284019470215,0
0.05,98,"test",87,0.509643614292145,0
0.05,98,"test",88,0.494519680738449,0
0.05,98,"test",89,0.504858016967773,0
0.05,98,"test",90,0.476753503084183,0
0.05,98,"test",91,0.474142014980316,1
0.05,98,"test",92,0.438063859939575,0
0.05,98,"test",93,0.43621638417244,0
0.05,98,"test",94,0.49554905295372,0
0.05,98,"test",95,0.4923175573349,0
0.05,98,"test",96,0.537274599075317,0
0.05,98,"test",97,0.528166055679321,1
0.05,98,"test",98,0.517658054828644,1
0.05,98,"test",99,0.520881116390228,1
0.05,98,"test",100,0.523211359977722,1
0.05,98,"test",101,0.521877944469452,1
0.05,98,"test",102,0.503288984298706,0
0.05,98,"test",103,0.50557553768158,0
0.05,98,"test",104,0.520387053489685,0
0.05,98,"test",105,0.526849687099457,0
0.05,98,"test",106,0.517828404903412,0
0.05,98,"test",107,0.513610541820526,0
0.05,98,"test",108,0.509711682796478,0
0.05,98,"test",109,0.511950194835663,0
0.05,98,"test",110,0.443617939949036,1
0.05,98,"test",111,0.425752103328705,1
0.05,98,"test",112,0.509643614292145,1
0.05,98,"test",113,0.509046018123627,0
0.05,98,"test",114,0.504858016967773,1
0.05,98,"test",115,0.502016544342041,1
0.05,98,"test",116,0.474142014980316,1
0.05,98,"test",117,0.479384124279022,1
0.05,98,"test",118,0.43621638417244,1
0.05,98,"test",119,0.444957345724106,0
0.05,98,"test",120,0.4923175573349,0
0.05,98,"test",121,0.47523307800293,0
0.05,98,"test",122,0.528166055679321,1
0.05,98,"test",123,0.528115034103394,1
0.05,98,"test",124,0.520881116390228,1
0.05,98,"test",125,0.516226530075073,0
0.05,98,"test",126,0.521877944469452,0
0.05,98,"test",127,0.521196067333221,0
0.05,98,"test",128,0.50557553768158,1
0.05,98,"test",129,0.502903580665588,1
0.05,98,"test",130,0.526849687099457,1
0.05,98,"test",131,0.5195192694664,1
0.05,98,"test",132,0.513610541820526,0
0.05,98,"test",133,0.524825632572174,0
0.05,98,"test",134,0.511950194835663,0
0.05,98,"test",135,0.508456945419312,0
0.05,98,"test",136,0.425752103328705,0
0.05,98,"test",137,0.445121824741364,1
0.05,98,"test",138,0.509046018123627,1
0.05,98,"test",139,0.509784400463104,1
0.05,98,"test",140,0.502016544342041,1
0.05,98,"test",141,0.504648983478546,1
0.05,98,"test",142,0.479384124279022,1
0.05,98,"test",143,0.480435580015182,1
0.05,98,"test",144,0.444957345724106,1
0.05,98,"test",145,0.438849687576294,1
0.05,98,"test",146,0.47523307800293,1
0.05,98,"test",147,0.47255864739418,1
0.05,98,"test",148,0.528115034103394,1
0.05,98,"test",149,0.532728970050812,1
0.05,98,"test",150,0.516226530075073,1
0.05,98,"test",151,0.519974112510681,1
0.05,98,"test",152,0.521196067333221,0
0.05,98,"test",153,0.52738219499588,0
0.05,98,"test",154,0.502903580665588,1
0.05,98,"test",155,0.500435471534729,1
0.05,98,"test",156,0.5195192694664,1
0.05,98,"test",157,0.522826671600342,0
0.05,98,"test",158,0.524825632572174,0
0.05,98,"test",159,0.522483587265015,0
0.05,98,"test",160,0.508456945419312,0
0.05,98,"test",161,0.50770092010498,0
0.05,98,"test",162,0.445121824741364,0
0.05,98,"test",163,0.46325147151947,0
0.05,98,"test",164,0.509784400463104,0
0.05,98,"test",165,0.507022798061371,1
0.05,98,"test",166,0.504648983478546,1
0.05,98,"test",167,0.497642576694489,0
0.05,98,"test",168,0.480435580015182,1
0.05,98,"test",169,0.477035135030746,1
0.05,98,"test",170,0.438849687576294,1
0.05,98,"test",171,0.443179935216904,0
0.05,98,"test",172,0.47255864739418,0
0.05,98,"test",173,0.470526158809662,1
0.05,98,"test",174,0.532728970050812,1
0.05,98,"test",175,0.529867112636566,1
0.05,98,"test",176,0.519974112510681,1
0.05,98,"test",177,0.523077845573425,0
0.05,98,"test",178,0.52738219499588,0
0.05,98,"test",179,0.521186888217926,0
0.05,98,"test",180,0.500435471534729,0
0.05,98,"test",181,0.509587526321411,0
0.05,98,"test",182,0.522826671600342,0
0.05,98,"test",183,0.525228261947632,0
0.05,98,"test",184,0.522483587265015,0
0.05,98,"test",185,0.513250648975372,0
0.05,98,"test",186,0.50770092010498,1
0.05,98,"test",187,0.505983412265778,0
0.05,98,"test",188,0.46325147151947,0
0.05,98,"test",189,0.463528364896774,0
0.05,98,"test",190,0.507022798061371,0
0.05,98,"test",191,0.497747838497162,0
0.05,98,"test",192,0.497642576694489,0
0.05,98,"test",193,0.511083602905273,0
0.05,98,"test",194,0.477035135030746,0
0.05,98,"test",195,0.485175520181656,0
0.05,98,"test",196,0.443179935216904,0
0.05,98,"test",197,0.454153388738632,1
0.05,98,"test",198,0.470526158809662,1
0.05,98,"test",199,0.474662512540817,1
0.05,98,"test",200,0.529867112636566,0
0.05,98,"test",201,0.528144717216492,0
0.05,98,"test",202,0.523077845573425,1
0.05,98,"test",203,0.524242401123047,0
0.05,98,"test",204,0.521186888217926,0
0.05,98,"test",205,0.520922064781189,0
0.05,98,"test",206,0.509587526321411,1
0.05,98,"test",207,0.511166870594025,0
0.05,98,"test",208,0.525228261947632,0
0.05,98,"test",209,0.507529377937317,0
0.05,98,"test",210,0.513250648975372,0
0.05,98,"test",211,0.513570189476013,0
0.05,98,"test",212,0.505983412265778,1
0.05,98,"test",213,0.514916300773621,0
0.05,98,"test",214,0.463528364896774,1
0.05,98,"test",215,0.426342964172363,1
0.05,98,"test",216,0.497747838497162,1
0.05,98,"test",217,0.497482419013977,0
0.05,98,"test",218,0.511083602905273,0
0.05,98,"test",219,0.511649429798126,1
0.05,98,"test",220,0.485175520181656,1
0.05,98,"test",221,0.47789791226387,0
0.05,98,"test",222,0.454153388738632,1
0.05,98,"test",223,0.439363062381744,1
0.05,98,"test",224,0.474662512540817,1
0.05,98,"test",225,0.483913034200668,0
0.05,98,"test",226,0.528144717216492,0
0.05,98,"test",227,0.548037827014923,0
0.05,98,"test",228,0.524242401123047,1
0.05,98,"test",229,0.523507177829742,1
0.05,98,"test",230,0.520922064781189,0
0.05,98,"test",231,0.51643967628479,1
0.05,98,"test",232,0.511166870594025,1
0.05,98,"test",233,0.49557164311409,1
0.05,98,"test",234,0.507529377937317,1
0.05,98,"test",235,0.51075005531311,1
0.05,98,"test",236,0.513570189476013,1
0.05,98,"test",237,0.514649271965027,0
0.05,98,"test",238,0.514916300773621,0
0.05,98,"test",239,0.508462607860565,0
0.05,98,"test",240,0.426342964172363,0
0.05,98,"test",241,0.413195073604584,0
0.05,98,"test",242,0.497482419013977,0
0.05,98,"test",243,0.510919511318207,0
0.05,98,"test",244,0.511649429798126,1
0.05,98,"test",245,0.508312523365021,1
0.05,98,"test",246,0.47789791226387,1
0.05,98,"test",247,0.487656205892563,1
0.05,98,"test",248,0.439363062381744,1
0.05,98,"test",249,0.422844290733337,1
0.05,98,"test",250,0.483913034200668,1
0.05,98,"test",251,0.482771068811417,1
0.05,98,"test",252,0.548037827014923,0
0.05,98,"test",253,0.549056828022003,0
0.05,98,"test",254,0.523507177829742,0
0.05,98,"test",255,0.517746865749359,1
0.05,98,"test",256,0.51643967628479,1
0.05,98,"test",257,0.523343503475189,1
0.05,98,"test",258,0.49557164311409,1
0.05,98,"test",259,0.504172086715698,1
0.05,98,"test",260,0.51075005531311,1
0.05,98,"test",261,0.497203886508942,1
0.05,98,"test",262,0.514649271965027,0
0.05,98,"test",263,0.505874931812286,0
0.05,98,"test",264,0.508462607860565,1
0.05,98,"test",265,0.510493814945221,1
0.05,98,"test",266,0.413195073604584,1
0.05,98,"test",267,0.452795177698135,1
0.05,98,"test",268,0.510919511318207,1
0.05,98,"test",269,0.51033091545105,1
0.05,98,"test",270,0.508312523365021,1
0.05,98,"test",271,0.503770112991333,1
0.05,98,"test",272,0.487656205892563,1
0.05,98,"test",273,0.484745442867279,1
0.05,98,"test",274,0.422844290733337,1
0.05,98,"test",275,0.439874798059464,1
0.05,98,"test",276,0.482771068811417,1
0.05,98,"test",277,0.463515073060989,1
0.05,98,"test",278,0.549056828022003,0
0.05,98,"test",279,0.539939343929291,0
0.05,98,"test",280,0.517746865749359,0
0.05,98,"test",281,0.519023239612579,0
0.05,98,"test",282,0.523343503475189,0
0.05,98,"test",283,0.519773364067078,0
0.05,98,"test",284,0.504172086715698,0
0.05,98,"test",285,0.494349300861359,0
0.05,98,"test",286,0.497203886508942,0
0.05,98,"test",287,0.525424301624298,0
0.05,98,"test",288,0.505874931812286,0
0.05,98,"test",289,0.515408575534821,0
0.05,98,"test",290,0.510493814945221,0
0.05,98,"test",291,0.50372052192688,0
0.05,98,"test",292,0.452795177698135,1
0.05,98,"test",293,0.478478372097015,1
0.05,98,"test",294,0.51033091545105,1
0.05,98,"test",295,0.505669236183167,0
0.05,98,"test",296,0.503770112991333,0
0.05,98,"test",297,0.500176191329956,1
0.05,98,"test",298,0.484745442867279,0
0.05,98,"test",299,0.48438686132431,0
0.05,98,"test",300,0.439874798059464,1
0.05,98,"test",301,0.399475544691086,1
0.05,98,"test",302,0.463515073060989,1
0.05,98,"test",303,0.478243857622147,0
0.05,98,"test",304,0.539939343929291,1
0.05,98,"test",305,0.542579472064972,0
0.05,41,"val",1,0.496446311473846,0
0.05,41,"val",2,0.479650378227234,1
0.05,41,"val",3,0.471729278564453,0
0.05,41,"val",4,0.476096451282501,1
0.05,41,"val",5,0.477085471153259,1
0.05,41,"val",6,0.377833396196365,1
0.05,41,"val",7,0.411542922258377,1
0.05,41,"val",8,0.492419719696045,1
0.05,41,"val",9,0.48477378487587,1
0.05,41,"val",10,0.511966824531555,1
0.05,41,"val",11,0.502031445503235,1
0.05,41,"val",12,0.502973139286041,1
0.05,41,"val",13,0.517652869224548,1
0.05,41,"val",14,0.513280510902405,1
0.05,41,"val",15,0.527174711227417,1
0.05,41,"val",16,0.50055468082428,1
0.05,41,"val",17,0.495090514421463,1
0.05,41,"val",18,0.471142500638962,1
0.05,41,"val",19,0.474893122911453,1
0.05,41,"val",20,0.550535023212433,1
0.05,41,"val",21,0.558906853199005,1
0.05,41,"val",22,0.526471197605133,1
0.05,41,"val",23,0.51106059551239,0
0.05,41,"val",24,0.504094123840332,0
0.05,41,"val",25,0.42846605181694,1
0.05,41,"val",26,0.496446311473846,0
0.05,41,"val",27,0.503993391990662,0
0.05,41,"val",28,0.471729278564453,0
0.05,41,"val",29,0.472443282604218,1
0.05,41,"val",30,0.477085471153259,1
0.05,41,"val",31,0.479050397872925,0
0.05,41,"val",32,0.411542922258377,0
0.05,41,"val",33,0.397428154945374,0
0.05,41,"val",34,0.48477378487587,0
0.05,41,"val",35,0.484174609184265,0
0.05,41,"val",36,0.502031445503235,0
0.05,41,"val",37,0.506066739559174,1
0.05,41,"val",38,0.517652869224548,1
0.05,41,"val",39,0.51744931936264,1
0.05,41,"val",40,0.527174711227417,0
0.05,41,"val",41,0.517404317855835,0
0.05,41,"val",42,0.495090514421463,0
0.05,41,"val",43,0.496340245008469,0
0.05,41,"val",44,0.474893122911453,0
0.05,41,"val",45,0.476468235254288,0
0.05,41,"val",46,0.558906853199005,0
0.05,41,"val",47,0.565602958202362,1
0.05,41,"val",48,0.51106059551239,1
0.05,41,"val",49,0.528510868549347,1
0.05,41,"val",50,0.42846605181694,1
0.05,41,"val",51,0.48675674200058,1
0.05,41,"val",52,0.503993391990662,1
0.05,41,"val",53,0.528805732727051,1
0.05,41,"val",54,0.472443282604218,1
0.05,41,"val",55,0.478762418031693,1
0.05,41,"val",56,0.479050397872925,1
0.05,41,"val",57,0.480116248130798,1
0.05,41,"val",58,0.397428154945374,1
0.05,41,"val",59,0.428767383098602,1
0.05,41,"val",60,0.484174609184265,1
0.05,41,"val",61,0.498967349529266,0
0.05,41,"val",62,0.506066739559174,1
0.05,41,"val",63,0.515605330467224,0
0.05,41,"val",64,0.51744931936264,0
0.05,41,"val",65,0.512254118919373,1
0.05,41,"val",66,0.517404317855835,1
0.05,41,"val",67,0.5229651927948,1
0.05,41,"val",68,0.496340245008469,1
0.05,41,"val",69,0.495450139045715,1
0.05,41,"val",70,0.476468235254288,1
0.05,41,"val",71,0.474120914936066,1
0.05,41,"val",72,0.565602958202362,1
0.05,41,"val",73,0.54104745388031,1
0.05,41,"val",74,0.528510868549347,1
0.05,41,"val",75,0.581213593482971,1
0.05,41,"val",76,0.48675674200058,0
0.05,41,"val",77,0.503339409828186,1
0.05,41,"val",78,0.528805732727051,1
0.05,41,"val",79,0.503217220306396,0
0.05,41,"val",80,0.478762418031693,0
0.05,41,"val",81,0.482502073049545,0
0.05,41,"val",82,0.480116248130798,1
0.05,41,"val",83,0.481657922267914,0
0.05,41,"val",84,0.428767383098602,0
0.05,41,"val",85,0.429774701595306,0
0.05,41,"val",86,0.498967349529266,1
0.05,41,"val",87,0.4808329641819,1
0.05,41,"val",88,0.515605330467224,1
0.05,41,"val",89,0.526378095149994,0
0.05,41,"val",90,0.512254118919373,0
0.05,41,"val",91,0.504792451858521,0
0.05,41,"val",92,0.5229651927948,0
0.05,41,"val",93,0.525364935398102,0
0.05,41,"val",94,0.495450139045715,0
0.05,41,"val",95,0.492356330156326,0
0.05,41,"val",96,0.474120914936066,1
0.05,41,"val",97,0.47556209564209,1
0.05,41,"val",98,0.54104745388031,1
0.05,41,"val",99,0.552345812320709,1
0.05,41,"val",100,0.581213593482971,0
0.05,41,"val",101,0.570636570453644,0
0.05,41,"val",102,0.503339409828186,0
0.05,41,"val",103,0.406904965639114,0
0.05,41,"val",104,0.503217220306396,1
0.05,41,"val",105,0.510010480880737,1
0.05,41,"val",106,0.482502073049545,1
0.05,41,"val",107,0.483545035123825,1
0.05,41,"val",108,0.481657922267914,1
0.05,41,"val",109,0.479768395423889,0
0.05,41,"val",110,0.429774701595306,0
0.05,41,"val",111,0.391195267438889,1
0.05,41,"val",112,0.4808329641819,1
0.05,41,"val",113,0.486592054367065,1
0.05,41,"val",114,0.526378095149994,0
0.05,41,"val",115,0.512934029102325,1
0.05,41,"val",116,0.504792451858521,0
0.05,41,"val",117,0.521232068538666,1
0.05,41,"val",118,0.525364935398102,1
0.05,41,"val",119,0.513922572135925,1
0.05,41,"val",120,0.492356330156326,0
0.05,41,"val",121,0.49493545293808,0
0.05,41,"val",122,0.47556209564209,0
0.05,41,"val",123,0.478683441877365,1
0.05,41,"val",124,0.552345812320709,1
0.05,41,"val",125,0.540719628334045,1
0.05,41,"val",126,0.570636570453644,1
0.05,41,"val",127,0.57289707660675,1
0.05,41,"val",128,0.406904995441437,1
0.05,41,"val",129,0.290690571069717,1
0.05,41,"val",130,0.510010480880737,1
0.05,41,"val",131,0.512680351734161,0
0.05,41,"val",132,0.483545035123825,0
0.05,41,"val",133,0.476022452116013,1
0.05,41,"val",134,0.479768395423889,1
0.05,41,"val",135,0.479660242795944,0
0.05,41,"val",136,0.391195267438889,0
0.05,41,"val",137,0.4136783182621,0
0.05,41,"val",138,0.486592054367065,0
0.05,41,"val",139,0.487039357423782,0
0.05,41,"val",140,0.512934029102325,0
0.05,41,"val",141,0.489765018224716,1
0.05,41,"val",142,0.521232068538666,1
0.05,41,"val",143,0.515976428985596,1
0.05,41,"val",144,0.513922572135925,0
0.05,41,"val",145,0.518966913223267,0
0.05,41,"val",146,0.49493545293808,0
0.05,41,"val",147,0.49297046661377,0
0.05,41,"val",148,0.478683441877365,0
0.05,41,"val",149,0.473951369524002,0
0.05,41,"val",150,0.540719628334045,0
0.05,41,"val",151,0.551863431930542,0
0.05,41,"val",152,0.572897017002106,1
0.05,41,"val",153,0.557046294212341,0
0.05,41,"val",154,0.290690571069717,1
0.05,41,"val",155,0.331404894590378,0
0.05,41,"val",156,0.512680351734161,0
0.05,41,"val",157,0.500058472156525,0
0.05,41,"val",158,0.476022452116013,0
0.05,41,"val",159,0.469595283269882,1
0.05,41,"val",160,0.479660242795944,1
0.05,41,"val",161,0.48236557841301,1
0.05,41,"val",162,0.4136783182621,1
0.05,41,"val",163,0.418577045202255,1
0.05,41,"val",164,0.487039357423782,0
0.05,41,"val",165,0.455987840890884,0
0.05,41,"val",166,0.489765018224716,0
0.05,41,"val",167,0.49532625079155,0
0.05,41,"val",168,0.515976428985596,1
0.05,41,"val",169,0.517762422561646,0
0.05,41,"val",170,0.518966913223267,0
0.05,41,"val",171,0.519053936004639,0
0.05,41,"val",172,0.49297046661377,1
0.05,41,"val",173,0.491521030664444,1
0.05,41,"val",174,0.473951369524002,1
0.05,41,"val",175,0.48169156908989,0
0.05,41,"val",176,0.551863431930542,0
0.05,41,"val",177,0.524346590042114,1
0.05,41,"val",178,0.557046294212341,0
0.05,41,"val",179,0.544326663017273,1
0.05,41,"val",180,0.331404894590378,0
0.05,41,"val",181,0.333127975463867,1
0.05,41,"val",182,0.500058472156525,1
0.05,41,"val",183,0.492669880390167,1
0.05,41,"val",184,0.469595283269882,0
0.05,41,"val",185,0.467860102653503,0
0.05,41,"val",186,0.48236557841301,0
0.05,41,"val",187,0.482543587684631,0
0.05,41,"val",188,0.418577045202255,0
0.05,41,"val",189,0.432626396417618,0
0.05,41,"val",190,0.455987840890884,0
0.05,41,"val",191,0.480100840330124,1
0.05,41,"val",192,0.49532625079155,0
0.05,41,"val",193,0.490149050951004,0
0.05,41,"val",194,0.517762422561646,0
0.05,41,"val",195,0.508857369422913,1
0.05,41,"val",196,0.519053936004639,1
0.05,41,"val",197,0.513313889503479,1
0.05,41,"val",198,0.491521030664444,1
0.05,41,"val",199,0.491747409105301,0
0.05,41,"val",200,0.48169156908989,0
0.05,41,"val",201,0.475734114646912,0
0.05,41,"val",202,0.524346590042114,0
0.05,41,"val",203,0.530594170093536,1
0.05,41,"val",204,0.544326663017273,1
0.05,41,"val",205,0.530696928501129,1
0.05,41,"val",206,0.333127975463867,0
0.05,41,"val",207,0.469140231609344,0
0.05,41,"val",208,0.492669880390167,0
0.05,41,"val",209,0.502525568008423,1
0.05,41,"val",210,0.467860102653503,1
0.05,41,"val",211,0.46697136759758,1
0.05,41,"val",212,0.482543587684631,1
0.05,41,"val",213,0.484458535909653,1
0.05,41,"val",214,0.432626396417618,1
0.05,41,"val",215,0.430393278598785,0
0.05,41,"val",216,0.480100840330124,0
0.05,41,"val",217,0.463066726922989,0
0.05,41,"val",218,0.490149050951004,0
0.05,41,"val",219,0.50250232219696,0
0.05,41,"val",220,0.508857369422913,0
0.05,41,"val",221,0.511435627937317,1
0.05,41,"val",222,0.513313889503479,1
0.05,41,"val",223,0.518938779830933,1
0.05,41,"val",224,0.491747409105301,0
0.05,41,"val",225,0.485509544610977,1
0.05,41,"val",226,0.475734114646912,1
0.05,41,"val",227,0.475768446922302,1
0.05,41,"val",228,0.530594170093536,0
0.05,41,"val",229,0.505196213722229,0
0.05,41,"val",230,0.530696928501129,0
0.05,41,"val",231,0.538764595985413,0
0.05,41,"val",232,0.469140231609344,0
0.05,41,"val",233,0.325669080018997,0
0.05,41,"val",234,0.502525568008423,0
0.05,41,"val",235,0.534549117088318,0
0.05,41,"val",236,0.46697136759758,0
0.05,41,"val",237,0.479603320360184,0
0.05,41,"val",238,0.484458535909653,1
0.05,41,"val",239,0.48161044716835,0
0.05,41,"val",240,0.430393278598785,0
0.05,41,"val",241,0.428788095712662,0
0.05,41,"val",242,0.463066726922989,0
0.05,41,"val",243,0.458641856908798,1
0.05,41,"val",244,0.50250232219696,1
0.05,41,"val",245,0.494594097137451,1
0.05,41,"val",246,0.511435627937317,0
0.05,41,"val",247,0.506525278091431,1
0.05,41,"val",248,0.518938779830933,1
0.05,41,"val",249,0.517249822616577,0
0.05,41,"val",250,0.485509544610977,1
0.05,41,"val",251,0.486760437488556,1
0.05,41,"val",252,0.475768446922302,1
0.05,41,"val",253,0.469714969396591,1
0.05,41,"val",254,0.505196213722229,0
0.05,41,"val",255,0.50982677936554,0
0.05,41,"val",256,0.538764595985413,0
0.05,41,"val",257,0.528571426868439,0
0.05,41,"val",258,0.325669080018997,1
0.05,41,"val",259,0.440035939216614,1
0.05,41,"val",260,0.534549117088318,1
0.05,41,"val",261,0.510309815406799,1
0.05,41,"val",262,0.479603320360184,1
0.05,41,"val",263,0.480496495962143,0
0.05,41,"val",264,0.48161044716835,0
0.05,41,"val",265,0.480967789888382,1
0.05,41,"val",266,0.428788095712662,1
0.05,41,"val",267,0.428447276353836,0
0.05,41,"val",268,0.458641856908798,0
0.05,41,"val",269,0.458544909954071,0
0.05,41,"val",270,0.494594097137451,1
0.05,41,"val",271,0.481194138526917,1
0.05,41,"val",272,0.506525278091431,1
0.05,41,"val",273,0.521045744419098,1
0.05,41,"val",274,0.517249822616577,0
0.05,41,"val",275,0.522358953952789,0
0.05,41,"val",276,0.486760437488556,0
0.05,41,"val",277,0.488724499940872,0
0.05,41,"val",278,0.469714969396591,1
0.05,41,"val",279,0.469567507505417,1
0.05,41,"val",280,0.50982677936554,1
0.05,41,"val",281,0.516659796237946,1
0.05,41,"val",282,0.528571426868439,1
0.05,41,"val",283,0.511126458644867,1
0.05,41,"val",284,0.440035939216614,0
0.05,41,"val",285,0.444500923156738,0
0.05,41,"val",286,0.510309815406799,0
0.05,41,"val",287,0.521234452724457,0
0.05,41,"val",288,0.480496495962143,0
0.05,41,"val",289,0.479866117238998,0
0.05,41,"val",290,0.480967789888382,0
0.05,41,"val",291,0.485555738210678,0
0.05,41,"val",292,0.428447276353836,0
0.05,41,"val",293,0.406030714511871,0
0.05,41,"val",294,0.458544909954071,1
0.05,41,"val",295,0.460217386484146,1
0.05,41,"val",296,0.481194138526917,0
0.05,41,"val",297,0.51889443397522,0
0.05,41,"val",298,0.521045744419098,0
0.05,41,"val",299,0.53326827287674,1
0.05,41,"val",300,0.522358953952789,1
0.05,41,"val",301,0.514270722866058,1
0.05,41,"val",302,0.488724499940872,0
0.05,41,"val",303,0.49230831861496,0
0.05,41,"val",304,0.469567507505417,0
0.05,41,"test",1,0.485873818397522,0
0.05,41,"test",2,0.516659796237946,0
0.05,41,"test",3,0.525710999965668,1
0.05,41,"test",4,0.511126458644867,1
0.05,41,"test",5,0.518474876880646,1
0.05,41,"test",6,0.444500923156738,1
0.05,41,"test",7,0.435115247964859,1
0.05,41,"test",8,0.521234452724457,1
0.05,41,"test",9,0.496971964836121,1
0.05,41,"test",10,0.479866117238998,1
0.05,41,"test",11,0.486242026090622,1
0.05,41,"test",12,0.485555738210678,1
0.05,41,"test",13,0.477632999420166,1
0.05,41,"test",14,0.406030714511871,1
0.05,41,"test",15,0.418120354413986,1
0.05,41,"test",16,0.460217386484146,1
0.05,41,"test",17,0.470139145851135,0
0.05,41,"test",18,0.51889443397522,0
0.05,41,"test",19,0.524236559867859,0
0.05,41,"test",20,0.53326827287674,1
0.05,41,"test",21,0.546308517456055,1
0.05,41,"test",22,0.514270722866058,1
0.05,41,"test",23,0.510480642318726,0
0.05,41,"test",24,0.49230831861496,0
0.05,41,"test",25,0.489631861448288,0
0.05,41,"test",26,0.485873818397522,1
0.05,41,"test",27,0.480629622936249,1
0.05,41,"test",28,0.525710999965668,1
0.05,41,"test",29,0.534709811210632,0
0.05,41,"test",30,0.518474876880646,0
0.05,41,"test",31,0.529362082481384,0
0.05,41,"test",32,0.435115247964859,0
0.05,41,"test",33,0.409926921129227,0
0.05,41,"test",34,0.496971964836121,1
0.05,41,"test",35,0.51639586687088,1
0.05,41,"test",36,0.486242026090622,1
0.05,41,"test",37,0.48800340294838,1
0.05,41,"test",38,0.477632999420166,1
0.05,41,"test",39,0.476992130279541,1
0.05,41,"test",40,0.418120354413986,1
0.05,41,"test",41,0.409559488296509,1
0.05,41,"test",42,0.470139145851135,0
0.05,41,"test",43,0.491594672203064,0
0.05,41,"test",44,0.524236559867859,1
0.05,41,"test",45,0.51997309923172,1
0.05,41,"test",46,0.546308517456055,1
0.05,41,"test",47,0.521568715572357,0
0.05,41,"test",48,0.510480642318726,0
0.05,41,"test",49,0.515767335891724,0
0.05,41,"test",50,0.489631861448288,0
0.05,41,"test",51,0.490643113851547,1
0.05,41,"test",52,0.480629622936249,1
0.05,41,"test",53,0.471988648176193,1
0.05,41,"test",54,0.534709811210632,1
0.05,41,"test",55,0.533628106117249,0
0.05,41,"test",56,0.529362082481384,0
0.05,41,"test",57,0.569397330284119,0
0.05,41,"test",58,0.409926921129227,0
0.05,41,"test",59,0.388375669717789,1
0.05,41,"test",60,0.51639586687088,1
0.05,41,"test",61,0.485963523387909,1
0.05,41,"test",62,0.48800340294838,0
0.05,41,"test",63,0.483055263757706,1
0.05,41,"test",64,0.476992100477219,1
0.05,41,"test",65,0.479997456073761,1
0.05,41,"test",66,0.409559488296509,1
0.05,41,"test",67,0.397952407598495,1
0.05,41,"test",68,0.491594672203064,0
0.05,41,"test",69,0.487623780965805,0
0.05,41,"test",70,0.51997309923172,0
0.05,41,"test",71,0.505462110042572,1
0.05,41,"test",72,0.521568715572357,1
0.05,41,"test",73,0.51102751493454,0
0.05,41,"test",74,0.515767335891724,0
0.05,41,"test",75,0.516630530357361,0
0.05,41,"test",76,0.490643113851547,0
0.05,41,"test",77,0.488559722900391,0
0.05,41,"test",78,0.471988648176193,1
0.05,41,"test",79,0.466454386711121,0
0.05,41,"test",80,0.533628106117249,0
0.05,41,"test",81,0.549441397190094,1
0.05,41,"test",82,0.569397330284119,1
0.05,41,"test",83,0.535331606864929,1
0.05,41,"test",84,0.388375669717789,1
0.05,41,"test",85,0.408060967922211,0
0.05,41,"test",86,0.485963523387909,0
0.05,41,"test",87,0.492700606584549,0
0.05,41,"test",88,0.483055233955383,0
0.05,41,"test",89,0.467455357313156,0
0.05,41,"test",90,0.479997456073761,0
0.05,41,"test",91,0.48003077507019,1
0.05,41,"test",92,0.397952407598495,0
0.05,41,"test",93,0.394704282283783,0
0.05,41,"test",94,0.487623780965805,0
0.05,41,"test",95,0.483289897441864,0
0.05,41,"test",96,0.505462110042572,0
0.05,41,"test",97,0.503016352653503,1
0.05,41,"test",98,0.51102751493454,1
0.05,41,"test",99,0.520469427108765,1
0.05,41,"test",100,0.516630530357361,1
0.05,41,"test",101,0.515116095542908,1
0.05,41,"test",102,0.488559722900391,0
0.05,41,"test",103,0.488722294569016,0
0.05,41,"test",104,0.466454386711121,0
0.05,41,"test",105,0.470666021108627,0
0.05,41,"test",106,0.549441397190094,0
0.05,41,"test",107,0.518891215324402,0
0.05,41,"test",108,0.535331606864929,0
0.05,41,"test",109,0.542709648609161,0
0.05,41,"test",110,0.408060967922211,1
0.05,41,"test",111,0.318260699510574,1
0.05,41,"test",112,0.492700606584549,1
0.05,41,"test",113,0.501623153686523,0
0.05,41,"test",114,0.467455357313156,1
0.05,41,"test",115,0.479819655418396,1
0.05,41,"test",116,0.48003077507019,1
0.05,41,"test",117,0.483344316482544,1
0.05,41,"test",118,0.394704282283783,1
0.05,41,"test",119,0.40465173125267,0
0.05,41,"test",120,0.483289897441864,0
0.05,41,"test",121,0.455743193626404,0
0.05,41,"test",122,0.503016352653503,1
0.05,41,"test",123,0.501511454582214,1
0.05,41,"test",124,0.520469427108765,1
0.05,41,"test",125,0.511357188224792,0
0.05,41,"test",126,0.515116095542908,0
0.05,41,"test",127,0.517575204372406,0
0.05,41,"test",128,0.488722294569016,1
0.05,41,"test",129,0.490588814020157,1
0.05,41,"test",130,0.470666021108627,1
0.05,41,"test",131,0.481259346008301,1
0.05,41,"test",132,0.518891215324402,0
0.05,41,"test",133,0.610197007656097,0
0.05,41,"test",134,0.542709648609161,0
0.05,41,"test",135,0.533083975315094,0
0.05,41,"test",136,0.318260699510574,0
0.05,41,"test",137,0.405084311962128,1
0.05,41,"test",138,0.501623153686523,1
0.05,41,"test",139,0.504399418830872,1
0.05,41,"test",140,0.479819655418396,1
0.05,41,"test",141,0.477203756570816,1
0.05,41,"test",142,0.483344316482544,1
0.05,41,"test",143,0.487254858016968,1
0.05,41,"test",144,0.40465173125267,1
0.05,41,"test",145,0.393307238817215,1
0.05,41,"test",146,0.455743193626404,1
0.05,41,"test",147,0.454561501741409,1
0.05,41,"test",148,0.501511454582214,1
0.05,41,"test",149,0.527417838573456,1
0.05,41,"test",150,0.511357188224792,1
0.05,41,"test",151,0.513754546642303,1
0.05,41,"test",152,0.517575204372406,0
0.05,41,"test",153,0.52802312374115,0
0.05,41,"test",154,0.490588814020157,1
0.05,41,"test",155,0.492686688899994,1
0.05,41,"test",156,0.481259346008301,1
0.05,41,"test",157,0.468751072883606,0
0.05,41,"test",158,0.610197007656097,0
0.05,41,"test",159,0.558925628662109,0
0.05,41,"test",160,0.533083975315094,0
0.05,41,"test",161,0.53065037727356,0
0.05,41,"test",162,0.405084311962128,0
0.05,41,"test",163,0.454947113990784,0
0.05,41,"test",164,0.504399418830872,0
0.05,41,"test",165,0.510461151599884,1
0.05,41,"test",166,0.477203756570816,1
0.05,41,"test",167,0.481448471546173,0
0.05,41,"test",168,0.487254858016968,1
0.05,41,"test",169,0.484259963035583,1
0.05,41,"test",170,0.393307238817215,1
0.05,41,"test",171,0.400645434856415,0
0.05,41,"test",172,0.454561501741409,0
0.05,41,"test",173,0.447856426239014,1
0.05,41,"test",174,0.527417838573456,1
0.05,41,"test",175,0.513861536979675,1
0.05,41,"test",176,0.513754546642303,1
0.05,41,"test",177,0.512854158878326,0
0.05,41,"test",178,0.52802312374115,0
0.05,41,"test",179,0.519075691699982,0
0.05,41,"test",180,0.492686688899994,0
0.05,41,"test",181,0.483656048774719,0
0.05,41,"test",182,0.468751072883606,0
0.05,41,"test",183,0.465665608644485,0
0.05,41,"test",184,0.558925628662109,0
0.05,41,"test",185,0.545073330402374,0
0.05,41,"test",186,0.53065037727356,1
0.05,41,"test",187,0.524652123451233,0
0.05,41,"test",188,0.454947113990784,0
0.05,41,"test",189,0.46013331413269,0
0.05,41,"test",190,0.510461151599884,0
0.05,41,"test",191,0.461181819438934,0
0.05,41,"test",192,0.481448471546173,0
0.05,41,"test",193,0.46548518538475,0
0.05,41,"test",194,0.484259963035583,0
0.05,41,"test",195,0.488738149404526,0
0.05,41,"test",196,0.400645434856415,0
0.05,41,"test",197,0.421083033084869,1
0.05,41,"test",198,0.447856426239014,1
0.05,41,"test",199,0.454606115818024,1
0.05,41,"test",200,0.513861536979675,0
0.05,41,"test",201,0.511379420757294,0
0.05,41,"test",202,0.512854158878326,1
0.05,41,"test",203,0.537639081478119,0
0.05,41,"test",204,0.519075691699982,0
0.05,41,"test",205,0.51398491859436,0
0.05,41,"test",206,0.483656048774719,1
0.05,41,"test",207,0.485815048217773,0
0.05,41,"test",208,0.465665608644485,0
0.05,41,"test",209,0.470173418521881,0
0.05,41,"test",210,0.545073330402374,0
0.05,41,"test",211,0.545646667480469,0
0.05,41,"test",212,0.524652123451233,1
0.05,41,"test",213,0.551560401916504,0
0.05,41,"test",214,0.46013331413269,1
0.05,41,"test",215,0.350505977869034,1
0.05,41,"test",216,0.461181819438934,1
0.05,41,"test",217,0.435489922761917,0
0.05,41,"test",218,0.46548518538475,0
0.05,41,"test",219,0.462666302919388,1
0.05,41,"test",220,0.488738149404526,1
0.05,41,"test",221,0.485022217035294,0
0.05,41,"test",222,0.421083033084869,1
0.05,41,"test",223,0.394816040992737,1
0.05,41,"test",224,0.454606115818024,1
0.05,41,"test",225,0.469709604978561,0
0.05,41,"test",226,0.511379420757294,0
0.05,41,"test",227,0.521934509277344,0
0.05,41,"test",228,0.537639081478119,1
0.05,41,"test",229,0.51489782333374,1
0.05,41,"test",230,0.51398491859436,0
0.05,41,"test",231,0.510276257991791,1
0.05,41,"test",232,0.485815048217773,1
0.05,41,"test",233,0.494943380355835,1
0.05,41,"test",234,0.470173418521881,1
0.05,41,"test",235,0.468628853559494,1
0.05,41,"test",236,0.545646667480469,1
0.05,41,"test",237,0.559208810329437,0
0.05,41,"test",238,0.551560401916504,0
0.05,41,"test",239,0.533177435398102,0
0.05,41,"test",240,0.350505977869034,0
0.05,41,"test",241,0.323823511600494,0
0.05,41,"test",242,0.435489922761917,0
0.05,41,"test",243,0.475978821516037,0
0.05,41,"test",244,0.462666302919388,1
0.05,41,"test",245,0.460472404956818,1
0.05,41,"test",246,0.485022217035294,1
0.05,41,"test",247,0.491774320602417,1
0.05,41,"test",248,0.394816040992737,1
0.05,41,"test",249,0.376023590564728,1
0.05,41,"test",250,0.469709604978561,1
0.05,41,"test",251,0.472498953342438,1
0.05,41,"test",252,0.521934509277344,0
0.05,41,"test",253,0.531171858310699,0
0.05,41,"test",254,0.51489782333374,0
0.05,41,"test",255,0.506255507469177,1
0.05,41,"test",256,0.510276257991791,1
0.05,41,"test",257,0.518800139427185,1
0.05,41,"test",258,0.494943380355835,1
0.05,41,"test",259,0.487707108259201,1
0.05,41,"test",260,0.468628853559494,1
0.05,41,"test",261,0.476022869348526,1
0.05,41,"test",262,0.559208810329437,0
0.05,41,"test",263,0.544979691505432,0
0.05,41,"test",264,0.533177435398102,1
0.05,41,"test",265,0.537899374961853,1
0.05,41,"test",266,0.323823511600494,1
0.05,41,"test",267,0.447689533233643,1
0.05,41,"test",268,0.475978821516037,1
0.05,41,"test",269,0.487936645746231,1
0.05,41,"test",270,0.460472404956818,1
0.05,41,"test",271,0.476645171642303,1
0.05,41,"test",272,0.491774320602417,1
0.05,41,"test",273,0.487882673740387,1
0.05,41,"test",274,0.376023590564728,1
0.05,41,"test",275,0.396129965782166,1
0.05,41,"test",276,0.472498953342438,1
0.05,41,"test",277,0.449584424495697,1
0.05,41,"test",278,0.531171858310699,0
0.05,41,"test",279,0.544701397418976,0
0.05,41,"test",280,0.506255507469177,0
0.05,41,"test",281,0.519851267337799,0
0.05,41,"test",282,0.518800139427185,0
0.05,41,"test",283,0.511705458164215,0
0.05,41,"test",284,0.487707108259201,0
0.05,41,"test",285,0.495144546031952,0
0.05,41,"test",286,0.476022869348526,0
0.05,41,"test",287,0.471481442451477,0
0.05,41,"test",288,0.544979691505432,0
0.05,41,"test",289,0.548389911651611,0
0.05,41,"test",290,0.537899374961853,0
0.05,41,"test",291,0.515792012214661,0
0.05,41,"test",292,0.447689533233643,1
0.05,41,"test",293,0.485015749931335,1
0.05,41,"test",294,0.487936645746231,1
0.05,41,"test",295,0.505747437477112,0
0.05,41,"test",296,0.476645171642303,0
0.05,41,"test",297,0.479776471853256,1
0.05,41,"test",298,0.487882673740387,0
0.05,41,"test",299,0.489144772291183,0
0.05,41,"test",300,0.396129965782166,1
0.05,41,"test",301,0.320208877325058,1
0.05,41,"test",302,0.449584424495697,1
0.05,41,"test",303,0.470872431993484,0
0.05,41,"test",304,0.544701397418976,1
0.05,41,"test",305,0.537123084068298,0
0.05,64,"val",1,0.505640804767609,0
0.05,64,"val",2,0.459557950496674,1
0.05,64,"val",3,0.451444923877716,0
0.05,64,"val",4,0.475600719451904,1
0.05,64,"val",5,0.483251541852951,1
0.05,64,"val",6,0.369646936655045,1
0.05,64,"val",7,0.388128280639648,1
0.05,64,"val",8,0.519363164901733,1
0.05,64,"val",9,0.511422872543335,1
0.05,64,"val",10,0.519854545593262,1
0.05,64,"val",11,0.503617823123932,1
0.05,64,"val",12,0.487701565027237,1
0.05,64,"val",13,0.506355881690979,1
0.05,64,"val",14,0.509804487228394,1
0.05,64,"val",15,0.544549226760864,1
0.05,64,"val",16,0.518880009651184,1
0.05,64,"val",17,0.489238083362579,1
0.05,64,"val",18,0.476411670446396,1
0.05,64,"val",19,0.489849150180817,1
0.05,64,"val",20,0.541096031665802,1
0.05,64,"val",21,0.567456126213074,1
0.05,64,"val",22,0.561724424362183,1
0.05,64,"val",23,0.526708841323853,0
0.05,64,"val",24,0.511269629001617,0
0.05,64,"val",25,0.37798136472702,1
0.05,64,"val",26,0.505640804767609,0
0.05,64,"val",27,0.514967679977417,0
0.05,64,"val",28,0.451444923877716,0
0.05,64,"val",29,0.394083052873611,1
0.05,64,"val",30,0.483251541852951,1
0.05,64,"val",31,0.479677349328995,0
0.05,64,"val",32,0.388128280639648,0
0.05,64,"val",33,0.38299286365509,0
0.05,64,"val",34,0.511422872543335,0
0.05,64,"val",35,0.505993545055389,0
0.05,64,"val",36,0.503617823123932,0
0.05,64,"val",37,0.507203817367554,1
0.05,64,"val",38,0.506355881690979,1
0.05,64,"val",39,0.507405877113342,1
0.05,64,"val",40,0.544549226760864,0
0.05,64,"val",41,0.524280071258545,0
0.05,64,"val",42,0.489238083362579,0
0.05,64,"val",43,0.495712518692017,0
0.05,64,"val",44,0.489849150180817,0
0.05,64,"val",45,0.47104874253273,0
0.05,64,"val",46,0.567456126213074,0
0.05,64,"val",47,0.562171280384064,1
0.05,64,"val",48,0.526708841323853,1
0.05,64,"val",49,0.565353333950043,1
0.05,64,"val",50,0.37798136472702,1
0.05,64,"val",51,0.476438701152802,1
0.05,64,"val",52,0.514967679977417,1
0.05,64,"val",53,0.548419654369354,1
0.05,64,"val",54,0.394083052873611,1
0.05,64,"val",55,0.437410861253738,1
0.05,64,"val",56,0.479677349328995,1
0.05,64,"val",57,0.475925505161285,1
0.05,64,"val",58,0.38299286365509,1
0.05,64,"val",59,0.402214378118515,1
0.05,64,"val",60,0.505993545055389,1
0.05,64,"val",61,0.513388335704803,0
0.05,64,"val",62,0.507203817367554,1
0.05,64,"val",63,0.525154948234558,0
0.05,64,"val",64,0.507405877113342,0
0.05,64,"val",65,0.500377535820007,1
0.05,64,"val",66,0.524280071258545,1
0.05,64,"val",67,0.534071803092957,1
0.05,64,"val",68,0.495712518692017,1
0.05,64,"val",69,0.501099109649658,1
0.05,64,"val",70,0.47104874253273,1
0.05,64,"val",71,0.483498245477676,1
0.05,64,"val",72,0.562171280384064,1
0.05,64,"val",73,0.530477166175842,1
0.05,64,"val",74,0.565353333950043,1
0.05,64,"val",75,0.652826011180878,1
0.05,64,"val",76,0.476438701152802,0
0.05,64,"val",77,0.495779514312744,1
0.05,64,"val",78,0.548419654369354,1
0.05,64,"val",79,0.512849390506744,0
0.05,64,"val",80,0.437410861253738,0
0.05,64,"val",81,0.461997956037521,0
0.05,64,"val",82,0.475925505161285,1
0.05,64,"val",83,0.480280369520187,0
0.05,64,"val",84,0.402214378118515,0
0.05,64,"val",85,0.400051921606064,0
0.05,64,"val",86,0.513388335704803,1
0.05,64,"val",87,0.494504570960999,1
0.05,64,"val",88,0.525154948234558,1
0.05,64,"val",89,0.54383784532547,0
0.05,64,"val",90,0.500377535820007,0
0.05,64,"val",91,0.490586191415787,0
0.05,64,"val",92,0.534071803092957,0
0.05,64,"val",93,0.562698423862457,0
0.05,64,"val",94,0.501099109649658,0
0.05,64,"val",95,0.483784675598145,0
0.05,64,"val",96,0.483498245477676,1
0.05,64,"val",97,0.474759101867676,1
0.05,64,"val",98,0.530477166175842,1
0.05,64,"val",99,0.549390256404877,1
0.05,64,"val",100,0.652826011180878,0
0.05,64,"val",101,0.635804653167725,0
0.05,64,"val",102,0.495779514312744,0
0.05,64,"val",103,0.33912119269371,0
0.05,64,"val",104,0.512849390506744,1
0.05,64,"val",105,0.51392787694931,1
0.05,64,"val",106,0.461997956037521,1
0.05,64,"val",107,0.460883647203445,1
0.05,64,"val",108,0.480280369520187,1
0.05,64,"val",109,0.474520117044449,0
0.05,64,"val",110,0.400051921606064,0
0.05,64,"val",111,0.375016748905182,1
0.05,64,"val",112,0.494504570960999,1
0.05,64,"val",113,0.506665110588074,1
0.05,64,"val",114,0.54383784532547,0
0.05,64,"val",115,0.520707905292511,1
0.05,64,"val",116,0.490586191415787,0
0.05,64,"val",117,0.512737452983856,1
0.05,64,"val",118,0.562698423862457,1
0.05,64,"val",119,0.510382413864136,1
0.05,64,"val",120,0.483784675598145,0
0.05,64,"val",121,0.514556765556335,0
0.05,64,"val",122,0.474759101867676,0
0.05,64,"val",123,0.4819355905056,1
0.05,64,"val",124,0.549390256404877,1
0.05,64,"val",125,0.523101568222046,1
0.05,64,"val",126,0.635804653167725,1
0.05,64,"val",127,0.638275563716888,1
0.05,64,"val",128,0.33912119269371,1
0.05,64,"val",129,0.164991065859795,1
0.05,64,"val",130,0.51392787694931,1
0.05,64,"val",131,0.519481301307678,0
0.05,64,"val",132,0.460883647203445,0
0.05,64,"val",133,0.45208328962326,1
0.05,64,"val",134,0.474520117044449,1
0.05,64,"val",135,0.482815891504288,0
0.05,64,"val",136,0.375016748905182,0
0.05,64,"val",137,0.392192780971527,0
0.05,64,"val",138,0.506665110588074,0
0.05,64,"val",139,0.497314870357513,0
0.05,64,"val",140,0.520707905292511,0
0.05,64,"val",141,0.479667574167252,1
0.05,64,"val",142,0.512737452983856,1
0.05,64,"val",143,0.504528760910034,1
0.05,64,"val",144,0.510382413864136,0
0.05,64,"val",145,0.515889465808868,0
0.05,64,"val",146,0.514556765556335,0
0.05,64,"val",147,0.509069800376892,0
0.05,64,"val",148,0.4819355905056,0
0.05,64,"val",149,0.531274557113647,0
0.05,64,"val",150,0.523101568222046,0
0.05,64,"val",151,0.527613699436188,0
0.05,64,"val",152,0.638275563716888,1
0.05,64,"val",153,0.585446119308472,0
0.05,64,"val",154,0.164991065859795,1
0.05,64,"val",155,0.214258596301079,0
0.05,64,"val",156,0.519481301307678,0
0.05,64,"val",157,0.504226386547089,0
0.05,64,"val",158,0.45208328962326,0
0.05,64,"val",159,0.454391568899155,1
0.05,64,"val",160,0.482815891504288,1
0.05,64,"val",161,0.478647083044052,1
0.05,64,"val",162,0.392192780971527,1
0.05,64,"val",163,0.386526226997375,1
0.05,64,"val",164,0.497314870357513,0
0.05,64,"val",165,0.476008355617523,0
0.05,64,"val",166,0.479667574167252,0
0.05,64,"val",167,0.492803364992142,0
0.05,64,"val",168,0.504528760910034,1
0.05,64,"val",169,0.507849633693695,0
0.05,64,"val",170,0.515889465808868,0
0.05,64,"val",171,0.515862941741943,0
0.05,64,"val",172,0.509069800376892,1
0.05,64,"val",173,0.50463855266571,1
0.05,64,"val",174,0.531274557113647,1
0.05,64,"val",175,0.497988790273666,0
0.05,64,"val",176,0.527613699436188,0
0.05,64,"val",177,0.491423428058624,1
0.05,64,"val",178,0.585446119308472,0
0.05,64,"val",179,0.582520008087158,1
0.05,64,"val",180,0.214258596301079,0
0.05,64,"val",181,0.216567322611809,1
0.05,64,"val",182,0.504226386547089,1
0.05,64,"val",183,0.488660246133804,1
0.05,64,"val",184,0.454391568899155,0
0.05,64,"val",185,0.450872093439102,0
0.05,64,"val",186,0.478647083044052,0
0.05,64,"val",187,0.469929546117783,0
0.05,64,"val",188,0.386526226997375,0
0.05,64,"val",189,0.406116932630539,0
0.05,64,"val",190,0.476008355617523,0
0.05,64,"val",191,0.50559663772583,1
0.05,64,"val",192,0.492803364992142,0
0.05,64,"val",193,0.484738826751709,0
0.05,64,"val",194,0.507849633693695,0
0.05,64,"val",195,0.494526028633118,1
0.05,64,"val",196,0.515862941741943,1
0.05,64,"val",197,0.519427120685577,1
0.05,64,"val",198,0.50463855266571,1
0.05,64,"val",199,0.490855693817139,0
0.05,64,"val",200,0.497988790273666,0
0.05,64,"val",201,0.479810446500778,0
0.05,64,"val",202,0.491423428058624,0
0.05,64,"val",203,0.504619121551514,1
0.05,64,"val",204,0.582520008087158,1
0.05,64,"val",205,0.568834900856018,1
0.05,64,"val",206,0.216567322611809,0
0.05,64,"val",207,0.448609679937363,0
0.05,64,"val",208,0.488660246133804,0
0.05,64,"val",209,0.51325398683548,1
0.05,64,"val",210,0.450872093439102,1
0.05,64,"val",211,0.445257514715195,1
0.05,64,"val",212,0.469929546117783,1
0.05,64,"val",213,0.475767016410828,1
0.05,64,"val",214,0.406116932630539,1
0.05,64,"val",215,0.401207089424133,0
0.05,64,"val",216,0.50559663772583,0
0.05,64,"val",217,0.485146790742874,0
0.05,64,"val",218,0.484738826751709,0
0.05,64,"val",219,0.503548860549927,0
0.05,64,"val",220,0.494526028633118,0
0.05,64,"val",221,0.499119609594345,1
0.05,64,"val",222,0.519427120685577,1
0.05,64,"val",223,0.537301301956177,1
0.05,64,"val",224,0.490855693817139,0
0.05,64,"val",225,0.515233635902405,1
0.05,64,"val",226,0.479810446500778,1
0.05,64,"val",227,0.476567387580872,1
0.05,64,"val",228,0.504619121551514,0
0.05,64,"val",229,0.487724334001541,0
0.05,64,"val",230,0.568834900856018,0
0.05,64,"val",231,0.575761556625366,0
0.05,64,"val",232,0.448609679937363,0
0.05,64,"val",233,0.208624631166458,0
0.05,64,"val",234,0.51325398683548,0
0.05,64,"val",235,0.552847743034363,0
0.05,64,"val",236,0.445257514715195,0
0.05,64,"val",237,0.454515665769577,0
0.05,64,"val",238,0.475767016410828,1
0.05,64,"val",239,0.47513547539711,0
0.05,64,"val",240,0.401207089424133,0
0.05,64,"val",241,0.402422875165939,0
0.05,64,"val",242,0.485146790742874,0
0.05,64,"val",243,0.478975534439087,1
0.05,64,"val",244,0.503548860549927,1
0.05,64,"val",245,0.489577263593674,1
0.05,64,"val",246,0.499119609594345,0
0.05,64,"val",247,0.491998940706253,1
0.05,64,"val",248,0.537301301956177,1
0.05,64,"val",249,0.536686837673187,0
0.05,64,"val",250,0.515233635902405,1
0.05,64,"val",251,0.50577849149704,1
0.05,64,"val",252,0.476567387580872,1
0.05,64,"val",253,0.480015486478806,1
0.05,64,"val",254,0.487724334001541,0
0.05,64,"val",255,0.485470235347748,0
0.05,64,"val",256,0.575761556625366,0
0.05,64,"val",257,0.558057427406311,0
0.05,64,"val",258,0.208624631166458,1
0.05,64,"val",259,0.39794597029686,1
0.05,64,"val",260,0.552847743034363,1
0.05,64,"val",261,0.516021847724915,1
0.05,64,"val",262,0.454515665769577,1
0.05,64,"val",263,0.452412515878677,0
0.05,64,"val",264,0.47513547539711,0
0.05,64,"val",265,0.474448621273041,1
0.05,64,"val",266,0.402422875165939,1
0.05,64,"val",267,0.402438312768936,0
0.05,64,"val",268,0.478975534439087,0
0.05,64,"val",269,0.477564781904221,0
0.05,64,"val",270,0.489577263593674,1
0.05,64,"val",271,0.467631876468658,1
0.05,64,"val",272,0.491998940706253,1
0.05,64,"val",273,0.512217938899994,1
0.05,64,"val",274,0.536686837673187,0
0.05,64,"val",275,0.560510754585266,0
0.05,64,"val",276,0.50577849149704,0
0.05,64,"val",277,0.517349421977997,0
0.05,64,"val",278,0.480015486478806,1
0.05,64,"val",279,0.482759565114975,1
0.05,64,"val",280,0.485470235347748,1
0.05,64,"val",281,0.501644253730774,1
0.05,64,"val",282,0.558057427406311,1
0.05,64,"val",283,0.534051299095154,1
0.05,64,"val",284,0.39794597029686,0
0.05,64,"val",285,0.407953828573227,0
0.05,64,"val",286,0.516021847724915,0
0.05,64,"val",287,0.53485894203186,0
0.05,64,"val",288,0.452412515878677,0
0.05,64,"val",289,0.447933852672577,0
0.05,64,"val",290,0.474448621273041,0
0.05,64,"val",291,0.472395718097687,0
0.05,64,"val",292,0.402438312768936,0
0.05,64,"val",293,0.381406426429749,0
0.05,64,"val",294,0.477564781904221,1
0.05,64,"val",295,0.477747440338135,1
0.05,64,"val",296,0.467631876468658,0
0.05,64,"val",297,0.531226277351379,0
0.05,64,"val",298,0.512217938899994,0
0.05,64,"val",299,0.529093146324158,1
0.05,64,"val",300,0.560510754585266,1
0.05,64,"val",301,0.5294149518013,1
0.05,64,"val",302,0.517349421977997,0
0.05,64,"val",303,0.498580813407898,0
0.05,64,"val",304,0.482759565114975,0
0.05,64,"test",1,0.467780470848083,0
0.05,64,"test",2,0.501644253730774,0
0.05,64,"test",3,0.513832926750183,1
0.05,64,"test",4,0.534051299095154,1
0.05,64,"test",5,0.533707201480865,1
0.05,64,"test",6,0.407953828573227,1
0.05,64,"test",7,0.389793992042542,1
0.05,64,"test",8,0.53485894203186,1
0.05,64,"test",9,0.497973084449768,1
0.05,64,"test",10,0.447933852672577,1
0.05,64,"test",11,0.457447320222855,1
0.05,64,"test",12,0.472395718097687,1
0.05,64,"test",13,0.474492579698563,1
0.05,64,"test",14,0.381406426429749,1
0.05,64,"test",15,0.385992228984833,1
0.05,64,"test",16,0.477747440338135,1
0.05,64,"test",17,0.491533845663071,0
0.05,64,"test",18,0.531226277351379,0
0.05,64,"test",19,0.53936493396759,0
0.05,64,"test",20,0.529093146324158,1
0.05,64,"test",21,0.548513770103455,1
0.05,64,"test",22,0.5294149518013,1
0.05,64,"test",23,0.524814367294312,0
0.05,64,"test",24,0.498580813407898,0
0.05,64,"test",25,0.523168504238129,0
0.05,64,"test",26,0.467780470848083,1
0.05,64,"test",27,0.482705175876617,1
0.05,64,"test",28,0.513832926750183,1
0.05,64,"test",29,0.516194820404053,0
0.05,64,"test",30,0.533707201480865,0
0.05,64,"test",31,0.554306268692017,0
0.05,64,"test",32,0.389793992042542,0
0.05,64,"test",33,0.343838721513748,0
0.05,64,"test",34,0.497973084449768,1
0.05,64,"test",35,0.520829021930695,1
0.05,64,"test",36,0.457447320222855,1
0.05,64,"test",37,0.462749034166336,1
0.05,64,"test",38,0.474492579698563,1
0.05,64,"test",39,0.470502585172653,1
0.05,64,"test",40,0.385992228984833,1
0.05,64,"test",41,0.384431153535843,1
0.05,64,"test",42,0.491533845663071,0
0.05,64,"test",43,0.505241572856903,0
0.05,64,"test",44,0.53936493396759,1
0.05,64,"test",45,0.53276789188385,1
0.05,64,"test",46,0.548513770103455,1
0.05,64,"test",47,0.513248026371002,0
0.05,64,"test",48,0.524814367294312,0
0.05,64,"test",49,0.518209338188171,0
0.05,64,"test",50,0.523168504238129,0
0.05,64,"test",51,0.491576552391052,1
0.05,64,"test",52,0.482705175876617,1
0.05,64,"test",53,0.47828796505928,1
0.05,64,"test",54,0.516194820404053,1
0.05,64,"test",55,0.502582430839539,0
0.05,64,"test",56,0.554306268692017,0
0.05,64,"test",57,0.618363261222839,0
0.05,64,"test",58,0.343838721513748,0
0.05,64,"test",59,0.305259555578232,1
0.05,64,"test",60,0.520829021930695,1
0.05,64,"test",61,0.491873383522034,1
0.05,64,"test",62,0.462749034166336,0
0.05,64,"test",63,0.453721731901169,1
0.05,64,"test",64,0.470502585172653,1
0.05,64,"test",65,0.471144676208496,1
0.05,64,"test",66,0.384431153535843,1
0.05,64,"test",67,0.374988317489624,1
0.05,64,"test",68,0.505241572856903,0
0.05,64,"test",69,0.497474104166031,0
0.05,64,"test",70,0.53276789188385,0
0.05,64,"test",71,0.498062074184418,1
0.05,64,"test",72,0.513248026371002,1
0.05,64,"test",73,0.498692780733109,0
0.05,64,"test",74,0.518209338188171,0
0.05,64,"test",75,0.529312670230865,0
0.05,64,"test",76,0.491576552391052,0
0.05,64,"test",77,0.498462855815887,0
0.05,64,"test",78,0.47828796505928,1
0.05,64,"test",79,0.503590166568756,0
0.05,64,"test",80,0.502582430839539,0
0.05,64,"test",81,0.519583761692047,1
0.05,64,"test",82,0.618363261222839,1
0.05,64,"test",83,0.56520140171051,1
0.05,64,"test",84,0.305259555578232,1
0.05,64,"test",85,0.340463578701019,0
0.05,64,"test",86,0.491873383522034,0
0.05,64,"test",87,0.491842180490494,0
0.05,64,"test",88,0.453721731901169,0
0.05,64,"test",89,0.442879229784012,0
0.05,64,"test",90,0.471144676208496,0
0.05,64,"test",91,0.477910816669464,1
0.05,64,"test",92,0.374988317489624,0
0.05,64,"test",93,0.373425424098969,0
0.05,64,"test",94,0.497474104166031,0
0.05,64,"test",95,0.499168664216995,0
0.05,64,"test",96,0.498062133789062,0
0.05,64,"test",97,0.503836750984192,1
0.05,64,"test",98,0.498692780733109,1
0.05,64,"test",99,0.511712372303009,1
0.05,64,"test",100,0.529312670230865,1
0.05,64,"test",101,0.522537529468536,1
0.05,64,"test",102,0.498462855815887,0
0.05,64,"test",103,0.484750270843506,0
0.05,64,"test",104,0.503590166568756,0
0.05,64,"test",105,0.539116203784943,0
0.05,64,"test",106,0.519583761692047,0
0.05,64,"test",107,0.487180858850479,0
0.05,64,"test",108,0.56520140171051,0
0.05,64,"test",109,0.577184557914734,0
0.05,64,"test",110,0.340463578701019,1
0.05,64,"test",111,0.19623002409935,1
0.05,64,"test",112,0.491842180490494,1
0.05,64,"test",113,0.505165457725525,0
0.05,64,"test",114,0.442879229784012,1
0.05,64,"test",115,0.46607318520546,1
0.05,64,"test",116,0.477910816669464,1
0.05,64,"test",117,0.475978821516037,1
0.05,64,"test",118,0.373425424098969,1
0.05,64,"test",119,0.384395509958267,0
0.05,64,"test",120,0.499168664216995,0
0.05,64,"test",121,0.475626617670059,0
0.05,64,"test",122,0.503836750984192,1
0.05,64,"test",123,0.501174569129944,1
0.05,64,"test",124,0.511712372303009,1
0.05,64,"test",125,0.498871505260468,0
0.05,64,"test",126,0.522537529468536,0
0.05,64,"test",127,0.518505573272705,0
0.05,64,"test",128,0.484750270843506,1
0.05,64,"test",129,0.481902331113815,1
0.05,64,"test",130,0.539116203784943,1
0.05,64,"test",131,0.559654355049133,1
0.05,64,"test",132,0.487180858850479,0
0.05,64,"test",133,0.601964771747589,0
0.05,64,"test",134,0.577184557914734,0
0.05,64,"test",135,0.565910935401917,0
0.05,64,"test",136,0.19623002409935,0
0.05,64,"test",137,0.335250467061996,1
0.05,64,"test",138,0.505165457725525,1
0.05,64,"test",139,0.512166261672974,1
0.05,64,"test",140,0.46607318520546,1
0.05,64,"test",141,0.466509103775024,1
0.05,64,"test",142,0.475978821516037,1
0.05,64,"test",143,0.486358672380447,1
0.05,64,"test",144,0.384395509958267,1
0.05,64,"test",145,0.378747314214706,1
0.05,64,"test",146,0.475626617670059,1
0.05,64,"test",147,0.473990589380264,1
0.05,64,"test",148,0.501174569129944,1
0.05,64,"test",149,0.545930325984955,1
0.05,64,"test",150,0.498871505260468,1
0.05,64,"test",151,0.502432763576508,1
0.05,64,"test",152,0.518505573272705,0
0.05,64,"test",153,0.549057483673096,0
0.05,64,"test",154,0.481902331113815,1
0.05,64,"test",155,0.474935859441757,1
0.05,64,"test",156,0.559654355049133,1
0.05,64,"test",157,0.521157145500183,0
0.05,64,"test",158,0.601964771747589,0
0.05,64,"test",159,0.535760641098022,0
0.05,64,"test",160,0.565910935401917,0
0.05,64,"test",161,0.562691509723663,0
0.05,64,"test",162,0.335250467061996,0
0.05,64,"test",163,0.423833698034286,0
0.05,64,"test",164,0.512166261672974,0
0.05,64,"test",165,0.515102446079254,1
0.05,64,"test",166,0.466509103775024,1
0.05,64,"test",167,0.458621114492416,0
0.05,64,"test",168,0.486358672380447,1
0.05,64,"test",169,0.485276818275452,1
0.05,64,"test",170,0.378747314214706,1
0.05,64,"test",171,0.383621692657471,0
0.05,64,"test",172,0.473990589380264,0
0.05,64,"test",173,0.465602785348892,1
0.05,64,"test",174,0.545930325984955,1
0.05,64,"test",175,0.522345900535583,1
0.05,64,"test",176,0.502432763576508,1
0.05,64,"test",177,0.500878512859344,0
0.05,64,"test",178,0.549057483673096,0
0.05,64,"test",179,0.517657876014709,0
0.05,64,"test",180,0.474935859441757,0
0.05,64,"test",181,0.497773170471191,0
0.05,64,"test",182,0.521157145500183,0
0.05,64,"test",183,0.511552155017853,0
0.05,64,"test",184,0.535760521888733,0
0.05,64,"test",185,0.509116768836975,0
0.05,64,"test",186,0.562691509723663,1
0.05,64,"test",187,0.555021345615387,0
0.05,64,"test",188,0.423833698034286,0
0.05,64,"test",189,0.432404339313507,0
0.05,64,"test",190,0.515102446079254,0
0.05,64,"test",191,0.464414983987808,0
0.05,64,"test",192,0.458621114492416,0
0.05,64,"test",193,0.462602615356445,0
0.05,64,"test",194,0.485276818275452,0
0.05,64,"test",195,0.481013298034668,0
0.05,64,"test",196,0.383621692657471,0
0.05,64,"test",197,0.393063127994537,1
0.05,64,"test",198,0.465602785348892,1
0.05,64,"test",199,0.474229961633682,1
0.05,64,"test",200,0.522345900535583,0
0.05,64,"test",201,0.518560945987701,0
0.05,64,"test",202,0.500878512859344,1
0.05,64,"test",203,0.536700844764709,0
0.05,64,"test",204,0.517657876014709,0
0.05,64,"test",205,0.51816600561142,0
0.05,64,"test",206,0.497773170471191,1
0.05,64,"test",207,0.483311027288437,0
0.05,64,"test",208,0.511552155017853,0
0.05,64,"test",209,0.484244763851166,0
0.05,64,"test",210,0.509116768836975,0
0.05,64,"test",211,0.51008266210556,0
0.05,64,"test",212,0.555021345615387,1
0.05,64,"test",213,0.590301871299744,0
0.05,64,"test",214,0.432404339313507,1
0.05,64,"test",215,0.241095915436745,1
0.05,64,"test",216,0.464415013790131,1
0.05,64,"test",217,0.427253216505051,0
0.05,64,"test",218,0.462602615356445,0
0.05,64,"test",219,0.460772037506104,1
0.05,64,"test",220,0.481013298034668,1
0.05,64,"test",221,0.485477238893509,0
0.05,64,"test",222,0.393063127994537,1
0.05,64,"test",223,0.37872302532196,1
0.05,64,"test",224,0.474229961633682,1
0.05,64,"test",225,0.490235179662704,0
0.05,64,"test",226,0.518560945987701,0
0.05,64,"test",227,0.521429181098938,0
0.05,64,"test",228,0.536700844764709,1
0.05,64,"test",229,0.50362229347229,1
0.05,64,"test",230,0.51816600561142,0
0.05,64,"test",231,0.501351118087769,1
0.05,64,"test",232,0.483311027288437,1
0.05,64,"test",233,0.527226686477661,1
0.05,64,"test",234,0.484244763851166,1
0.05,64,"test",235,0.4861079454422,1
0.05,64,"test",236,0.51008266210556,1
0.05,64,"test",237,0.524757921695709,0
0.05,64,"test",238,0.590301871299744,0
0.05,64,"test",239,0.56630927324295,0
0.05,64,"test",240,0.241095915436745,0
0.05,64,"test",241,0.20019268989563,0
0.05,64,"test",242,0.427253216505051,0
0.05,64,"test",243,0.470719903707504,0
0.05,64,"test",244,0.460772037506104,1
0.05,64,"test",245,0.445594549179077,1
0.05,64,"test",246,0.485477238893509,1
0.05,64,"test",247,0.485509604215622,1
0.05,64,"test",248,0.37872302532196,1
0.05,64,"test",249,0.363701671361923,1
0.05,64,"test",250,0.490235179662704,1
0.05,64,"test",251,0.496779024600983,1
0.05,64,"test",252,0.521429181098938,0
0.05,64,"test",253,0.546087920665741,0
0.05,64,"test",254,0.50362229347229,0
0.05,64,"test",255,0.492547333240509,1
0.05,64,"test",256,0.501351118087769,1
0.05,64,"test",257,0.529264152050018,1
0.05,64,"test",258,0.527226686477661,1
0.05,64,"test",259,0.500402569770813,1
0.05,64,"test",260,0.4861079454422,1
0.05,64,"test",261,0.480550497770309,1
0.05,64,"test",262,0.524757921695709,0
0.05,64,"test",263,0.499500691890717,0
0.05,64,"test",264,0.56630927324295,1
0.05,64,"test",265,0.569353342056274,1
0.05,64,"test",266,0.20019268989563,1
0.05,64,"test",267,0.412101805210114,1
0.05,64,"test",268,0.470719903707504,1
0.05,64,"test",269,0.487442433834076,1
0.05,64,"test",270,0.445594549179077,1
0.05,64,"test",271,0.463327169418335,1
0.05,64,"test",272,0.485509604215622,1
0.05,64,"test",273,0.479292094707489,1
0.05,64,"test",274,0.363701671361923,1
0.05,64,"test",275,0.37889501452446,1
0.05,64,"test",276,0.496779024600983,1
0.05,64,"test",277,0.461321115493774,1
0.05,64,"test",278,0.546087920665741,0
0.05,64,"test",279,0.582113683223724,0
0.05,64,"test",280,0.492547333240509,0
0.05,64,"test",281,0.510650873184204,0
0.05,64,"test",282,0.529264152050018,0
0.05,64,"test",283,0.513430535793304,0
0.05,64,"test",284,0.500402569770813,0
0.05,64,"test",285,0.510186851024628,0
0.05,64,"test",286,0.480550497770309,0
0.05,64,"test",287,0.539178848266602,0
0.05,64,"test",288,0.499500691890717,0
0.05,64,"test",289,0.515201687812805,0
0.05,64,"test",290,0.569353342056274,0
0.05,64,"test",291,0.53418093919754,0
0.05,64,"test",292,0.412101805210114,1
0.05,64,"test",293,0.471849381923676,1
0.05,64,"test",294,0.487442433834076,1
0.05,64,"test",295,0.504661858081818,0
0.05,64,"test",296,0.463327169418335,0
0.05,64,"test",297,0.461289465427399,1
0.05,64,"test",298,0.479292094707489,0
0.05,64,"test",299,0.483594119548798,0
0.05,64,"test",300,0.37889501452446,1
0.05,64,"test",301,0.342048078775406,1
0.05,64,"test",302,0.461321115493774,1
0.05,64,"test",303,0.495112150907516,0
0.05,64,"test",304,0.582113683223724,1
0.05,64,"test",305,0.563612580299377,0
0.1,23,"val",1,0.513085782527924,0
0.1,23,"val",2,0.466523498296738,1
0.1,23,"val",3,0.460233449935913,0
0.1,23,"val",4,0.472807377576828,1
0.1,23,"val",5,0.47286456823349,1
0.1,23,"val",6,0.383989185094833,1
0.1,23,"val",7,0.413304507732391,1
0.1,23,"val",8,0.512897908687592,1
0.1,23,"val",9,0.507717609405518,1
0.1,23,"val",10,0.512245833873749,1
0.1,23,"val",11,0.507633686065674,1
0.1,23,"val",12,0.505776405334473,1
0.1,23,"val",13,0.514255285263062,1
0.1,23,"val",14,0.510423541069031,1
0.1,23,"val",15,0.526705980300903,1
0.1,23,"val",16,0.518835008144379,1
0.1,23,"val",17,0.498552918434143,1
0.1,23,"val",18,0.480020135641098,1
0.1,23,"val",19,0.48505911231041,1
0.1,23,"val",20,0.540143191814423,1
0.1,23,"val",21,0.55491179227829,1
0.1,23,"val",22,0.541075348854065,1
0.1,23,"val",23,0.531243503093719,0
0.1,23,"val",24,0.496482610702515,0
0.1,23,"val",25,0.430053621530533,1
0.1,23,"val",26,0.513085782527924,0
0.1,23,"val",27,0.518180131912231,0
0.1,23,"val",28,0.460233449935913,0
0.1,23,"val",29,0.395871013402939,1
0.1,23,"val",30,0.47286456823349,1
0.1,23,"val",31,0.473639577627182,0
0.1,23,"val",32,0.413304507732391,0
0.1,23,"val",33,0.400299698114395,0
0.1,23,"val",34,0.507717609405518,0
0.1,23,"val",35,0.502063810825348,0
0.1,23,"val",36,0.507633686065674,0
0.1,23,"val",37,0.505386650562286,1
0.1,23,"val",38,0.514255285263062,1
0.1,23,"val",39,0.517740309238434,1
0.1,23,"val",40,0.526705980300903,0
0.1,23,"val",41,0.515973269939423,0
0.1,23,"val",42,0.498552918434143,0
0.1,23,"val",43,0.502799570560455,0
0.1,23,"val",44,0.48505911231041,0
0.1,23,"val",45,0.479992151260376,0
0.1,23,"val",46,0.55491179227829,0
0.1,23,"val",47,0.549678683280945,1
0.1,23,"val",48,0.531243503093719,1
0.1,23,"val",49,0.544768989086151,1
0.1,23,"val",50,0.430053621530533,1
0.1,23,"val",51,0.485911726951599,1
0.1,23,"val",52,0.518180131912231,1
0.1,23,"val",53,0.532463848590851,1
0.1,23,"val",54,0.395871013402939,1
0.1,23,"val",55,0.439300268888474,1
0.1,23,"val",56,0.473639577627182,1
0.1,23,"val",57,0.475173205137253,1
0.1,23,"val",58,0.400299698114395,1
0.1,23,"val",59,0.428927570581436,1
0.1,23,"val",60,0.502063810825348,1
0.1,23,"val",61,0.508306384086609,0
0.1,23,"val",62,0.505386650562286,1
0.1,23,"val",63,0.511663675308228,0
0.1,23,"val",64,0.517740309238434,0
0.1,23,"val",65,0.514406442642212,1
0.1,23,"val",66,0.515973269939423,1
0.1,23,"val",67,0.52137416601181,1
0.1,23,"val",68,0.502799570560455,1
0.1,23,"val",69,0.504846692085266,1
0.1,23,"val",70,0.479992151260376,1
0.1,23,"val",71,0.482768356800079,1
0.1,23,"val",72,0.549678683280945,1
0.1,23,"val",73,0.535464227199554,1
0.1,23,"val",74,0.544768989086151,1
0.1,23,"val",75,0.605806529521942,1
0.1,23,"val",76,0.485911726951599,0
0.1,23,"val",77,0.501623392105103,1
0.1,23,"val",78,0.532463848590851,1
0.1,23,"val",79,0.517805814743042,0
0.1,23,"val",80,0.439300268888474,0
0.1,23,"val",81,0.467811942100525,0
0.1,23,"val",82,0.475173205137253,1
0.1,23,"val",83,0.475133955478668,0
0.1,23,"val",84,0.428927570581436,0
0.1,23,"val",85,0.430075854063034,0
0.1,23,"val",86,0.508306384086609,1
0.1,23,"val",87,0.494178384542465,1
0.1,23,"val",88,0.511663675308228,1
0.1,23,"val",89,0.516324698925018,0
0.1,23,"val",90,0.514406442642212,0
0.1,23,"val",91,0.50877046585083,0
0.1,23,"val",92,0.52137416601181,0
0.1,23,"val",93,0.531886756420135,0
0.1,23,"val",94,0.504846692085266,0
0.1,23,"val",95,0.494142442941666,0
0.1,23,"val",96,0.482768356800079,1
0.1,23,"val",97,0.480622559785843,1
0.1,23,"val",98,0.535464227199554,1
0.1,23,"val",99,0.545021057128906,1
0.1,23,"val",100,0.605806529521942,0
0.1,23,"val",101,0.591106116771698,0
0.1,23,"val",102,0.501623392105103,0
0.1,23,"val",103,0.408366709947586,0
0.1,23,"val",104,0.517805814743042,1
0.1,23,"val",105,0.517589151859283,1
0.1,23,"val",106,0.467811942100525,1
0.1,23,"val",107,0.465276837348938,1
0.1,23,"val",108,0.475133955478668,1
0.1,23,"val",109,0.475139439105988,0
0.1,23,"val",110,0.430075854063034,0
0.1,23,"val",111,0.395759284496307,1
0.1,23,"val",112,0.494178384542465,1
0.1,23,"val",113,0.502531886100769,1
0.1,23,"val",114,0.516324698925018,0
0.1,23,"val",115,0.510620892047882,1
0.1,23,"val",116,0.50877046585083,0
0.1,23,"val",117,0.520775377750397,1
0.1,23,"val",118,0.531886756420135,1
0.1,23,"val",119,0.510856330394745,1
0.1,23,"val",120,0.494142442941666,0
0.1,23,"val",121,0.511695384979248,0
0.1,23,"val",122,0.480622559785843,0
0.1,23,"val",123,0.483841329813004,1
0.1,23,"val",124,0.545021057128906,1
0.1,23,"val",125,0.530758738517761,1
0.1,23,"val",126,0.591106116771698,1
0.1,23,"val",127,0.589279234409332,1
0.1,23,"val",128,0.408366709947586,1
0.1,23,"val",129,0.296694427728653,1
0.1,23,"val",130,0.517589151859283,1
0.1,23,"val",131,0.520228743553162,0
0.1,23,"val",132,0.465276837348938,0
0.1,23,"val",133,0.458902776241302,1
0.1,23,"val",134,0.475139439105988,1
0.1,23,"val",135,0.472884386777878,0
0.1,23,"val",136,0.395759284496307,0
0.1,23,"val",137,0.414927542209625,0
0.1,23,"val",138,0.502531886100769,0
0.1,23,"val",139,0.49750030040741,0
0.1,23,"val",140,0.510620892047882,0
0.1,23,"val",141,0.497871160507202,1
0.1,23,"val",142,0.520775377750397,1
0.1,23,"val",143,0.514016628265381,1
0.1,23,"val",144,0.510856330394745,0
0.1,23,"val",145,0.51467764377594,0
0.1,23,"val",146,0.511695384979248,0
0.1,23,"val",147,0.507331967353821,0
0.1,23,"val",148,0.483841329813004,0
0.1,23,"val",149,0.495886296033859,0
0.1,23,"val",150,0.530758738517761,0
0.1,23,"val",151,0.53069794178009,0
0.1,23,"val",152,0.589279234409332,1
0.1,23,"val",153,0.583864152431488,0
0.1,23,"val",154,0.296694427728653,1
0.1,23,"val",155,0.333873599767685,0
0.1,23,"val",156,0.520228743553162,0
0.1,23,"val",157,0.515197217464447,0
0.1,23,"val",158,0.458902776241302,0
0.1,23,"val",159,0.464807122945786,1
0.1,23,"val",160,0.472884386777878,1
0.1,23,"val",161,0.476397186517715,1
0.1,23,"val",162,0.414927542209625,1
0.1,23,"val",163,0.420790374279022,1
0.1,23,"val",164,0.49750030040741,0
0.1,23,"val",165,0.482998847961426,0
0.1,23,"val",166,0.497871160507202,0
0.1,23,"val",167,0.505751967430115,0
0.1,23,"val",168,0.514016628265381,1
0.1,23,"val",169,0.51803332567215,0
0.1,23,"val",170,0.51467764377594,0
0.1,23,"val",171,0.514720618724823,0
0.1,23,"val",172,0.507331967353821,1
0.1,23,"val",173,0.504064321517944,1
0.1,23,"val",174,0.495886296033859,1
0.1,23,"val",175,0.49115115404129,0
0.1,23,"val",176,0.53069794178009,0
0.1,23,"val",177,0.51244854927063,1
0.1,23,"val",178,0.583864152431488,0
0.1,23,"val",179,0.565393328666687,1
0.1,23,"val",180,0.333873599767685,0
0.1,23,"val",181,0.335500925779343,1
0.1,23,"val",182,0.515197217464447,1
0.1,23,"val",183,0.509046792984009,1
0.1,23,"val",184,0.464807122945786,0
0.1,23,"val",185,0.4609095454216,0
0.1,23,"val",186,0.476397186517715,0
0.1,23,"val",187,0.4787877202034,0
0.1,23,"val",188,0.420790374279022,0
0.1,23,"val",189,0.432526677846909,0
0.1,23,"val",190,0.482998847961426,0
0.1,23,"val",191,0.503310084342957,1
0.1,23,"val",192,0.505751967430115,0
0.1,23,"val",193,0.503404021263123,0
0.1,23,"val",194,0.51803332567215,0
0.1,23,"val",195,0.508307218551636,1
0.1,23,"val",196,0.514720618724823,1
0.1,23,"val",197,0.512891113758087,1
0.1,23,"val",198,0.504064321517944,1
0.1,23,"val",199,0.497089385986328,0
0.1,23,"val",200,0.49115115404129,0
0.1,23,"val",201,0.482142001390457,0
0.1,23,"val",202,0.51244854927063,0
0.1,23,"val",203,0.52059406042099,1
0.1,23,"val",204,0.565393328666687,1
0.1,23,"val",205,0.547242105007172,1
0.1,23,"val",206,0.335500925779343,0
0.1,23,"val",207,0.469798415899277,0
0.1,23,"val",208,0.509046792984009,0
0.1,23,"val",209,0.517210900783539,1
0.1,23,"val",210,0.4609095454216,1
0.1,23,"val",211,0.454349160194397,1
0.1,23,"val",212,0.4787877202034,1
0.1,23,"val",213,0.479715347290039,1
0.1,23,"val",214,0.432526677846909,1
0.1,23,"val",215,0.430599510669708,0
0.1,23,"val",216,0.503310084342957,0
0.1,23,"val",217,0.490153938531876,0
0.1,23,"val",218,0.503404021263123,0
0.1,23,"val",219,0.506483435630798,0
0.1,23,"val",220,0.508307218551636,0
0.1,23,"val",221,0.512868940830231,1
0.1,23,"val",222,0.512891113758087,1
0.1,23,"val",223,0.520449757575989,1
0.1,23,"val",224,0.497089385986328,0
0.1,23,"val",225,0.508328914642334,1
0.1,23,"val",226,0.482142001390457,1
0.1,23,"val",227,0.481172412633896,1
0.1,23,"val",228,0.52059406042099,0
0.1,23,"val",229,0.513214409351349,0
0.1,23,"val",230,0.547242105007172,0
0.1,23,"val",231,0.547504186630249,0
0.1,23,"val",232,0.469798415899277,0
0.1,23,"val",233,0.328541815280914,0
0.1,23,"val",234,0.517210900783539,0
0.1,23,"val",235,0.533131837844849,0
0.1,23,"val",236,0.454349160194397,0
0.1,23,"val",237,0.459724187850952,0
0.1,23,"val",238,0.479715347290039,1
0.1,23,"val",239,0.476719796657562,0
0.1,23,"val",240,0.430599510669708,0
0.1,23,"val",241,0.428936272859573,0
0.1,23,"val",242,0.490153938531876,0
0.1,23,"val",243,0.482834070920944,1
0.1,23,"val",244,0.506483435630798,1
0.1,23,"val",245,0.501980841159821,1
0.1,23,"val",246,0.512868940830231,0
0.1,23,"val",247,0.507671713829041,1
0.1,23,"val",248,0.520449757575989,1
0.1,23,"val",249,0.519570469856262,0
0.1,23,"val",250,0.508328914642334,1
0.1,23,"val",251,0.503020823001862,1
0.1,23,"val",252,0.481172412633896,1
0.1,23,"val",253,0.480562180280685,1
0.1,23,"val",254,0.513214409351349,0
0.1,23,"val",255,0.511162459850311,0
0.1,23,"val",256,0.547504186630249,0
0.1,23,"val",257,0.537165462970734,0
0.1,23,"val",258,0.328541815280914,1
0.1,23,"val",259,0.444021940231323,1
0.1,23,"val",260,0.533131837844849,1
0.1,23,"val",261,0.519035458564758,1
0.1,23,"val",262,0.459724187850952,1
0.1,23,"val",263,0.456320345401764,0
0.1,23,"val",264,0.476719796657562,0
0.1,23,"val",265,0.476242929697037,1
0.1,23,"val",266,0.428936272859573,1
0.1,23,"val",267,0.428601443767548,0
0.1,23,"val",268,0.482834070920944,0
0.1,23,"val",269,0.480053782463074,0
0.1,23,"val",270,0.501980841159821,1
0.1,23,"val",271,0.496125638484955,1
0.1,23,"val",272,0.507671713829041,1
0.1,23,"val",273,0.523703634738922,1
0.1,23,"val",274,0.519570469856262,0
0.1,23,"val",275,0.529844880104065,0
0.1,23,"val",276,0.503020823001862,0
0.1,23,"val",277,0.509919464588165,0
0.1,23,"val",278,0.480562180280685,1
0.1,23,"val",279,0.481205582618713,1
0.1,23,"val",280,0.511162459850311,1
0.1,23,"val",281,0.521004498004913,1
0.1,23,"val",282,0.537165462970734,1
0.1,23,"val",283,0.524661123752594,1
0.1,23,"val",284,0.444021940231323,0
0.1,23,"val",285,0.443954080343246,0
0.1,23,"val",286,0.519035458564758,0
0.1,23,"val",287,0.526877880096436,0
0.1,23,"val",288,0.456320345401764,0
0.1,23,"val",289,0.451138317584991,0
0.1,23,"val",290,0.476242929697037,0
0.1,23,"val",291,0.482107698917389,0
0.1,23,"val",292,0.428601443767548,0
0.1,23,"val",293,0.409126162528992,0
0.1,23,"val",294,0.480053782463074,1
0.1,23,"val",295,0.479601174592972,1
0.1,23,"val",296,0.496125638484955,0
0.1,23,"val",297,0.513814866542816,0
0.1,23,"val",298,0.523703634738922,0
0.1,23,"val",299,0.53560084104538,1
0.1,23,"val",300,0.529844880104065,1
0.1,23,"val",301,0.516151607036591,1
0.1,23,"val",302,0.509919464588165,0
0.1,23,"val",303,0.501317977905273,0
0.1,23,"val",304,0.481205582618713,0
0.1,23,"test",1,0.482841432094574,0
0.1,23,"test",2,0.521004498004913,0
0.1,23,"test",3,0.527535855770111,1
0.1,23,"test",4,0.524661123752594,1
0.1,23,"test",5,0.523499369621277,1
0.1,23,"test",6,0.443954080343246,1
0.1,23,"test",7,0.436893433332443,1
0.1,23,"test",8,0.526877880096436,1
0.1,23,"test",9,0.512785017490387,1
0.1,23,"test",10,0.451138317584991,1
0.1,23,"test",11,0.457780718803406,1
0.1,23,"test",12,0.482107698917389,1
0.1,23,"test",13,0.47355243563652,1
0.1,23,"test",14,0.409126162528992,1
0.1,23,"test",15,0.420453429222107,1
0.1,23,"test",16,0.479601174592972,1
0.1,23,"test",17,0.491364330053329,0
0.1,23,"test",18,0.513814866542816,0
0.1,23,"test",19,0.514390885829926,0
0.1,23,"test",20,0.53560084104538,1
0.1,23,"test",21,0.547270059585571,1
0.1,23,"test",22,0.516151607036591,1
0.1,23,"test",23,0.513337850570679,0
0.1,23,"test",24,0.501317977905273,0
0.1,23,"test",25,0.513611316680908,0
0.1,23,"test",26,0.482841432094574,1
0.1,23,"test",27,0.484840303659439,1
0.1,23,"test",28,0.527535855770111,1
0.1,23,"test",29,0.527536034584045,0
0.1,23,"test",30,0.523499369621277,0
0.1,23,"test",31,0.534732639789581,0
0.1,23,"test",32,0.436893433332443,0
0.1,23,"test",33,0.413478493690491,0
0.1,23,"test",34,0.512785017490387,1
0.1,23,"test",35,0.517960667610168,1
0.1,23,"test",36,0.457780718803406,1
0.1,23,"test",37,0.463466554880142,1
0.1,23,"test",38,0.47355243563652,1
0.1,23,"test",39,0.473184853792191,1
0.1,23,"test",40,0.420453429222107,1
0.1,23,"test",41,0.411987662315369,1
0.1,23,"test",42,0.491364330053329,0
0.1,23,"test",43,0.502524614334106,0
0.1,23,"test",44,0.514390885829926,1
0.1,23,"test",45,0.513757288455963,1
0.1,23,"test",46,0.547270059585571,1
0.1,23,"test",47,0.521363019943237,0
0.1,23,"test",48,0.513337850570679,0
0.1,23,"test",49,0.513626635074615,0
0.1,23,"test",50,0.513611316680908,0
0.1,23,"test",51,0.496882200241089,1
0.1,23,"test",52,0.484840303659439,1
0.1,23,"test",53,0.480663508176804,1
0.1,23,"test",54,0.527536034584045,1
0.1,23,"test",55,0.518313407897949,0
0.1,23,"test",56,0.534732639789581,0
0.1,23,"test",57,0.575043857097626,0
0.1,23,"test",58,0.413478493690491,0
0.1,23,"test",59,0.390792459249496,1
0.1,23,"test",60,0.517960667610168,1
0.1,23,"test",61,0.505652129650116,1
0.1,23,"test",62,0.463466554880142,0
0.1,23,"test",63,0.455890536308289,1
0.1,23,"test",64,0.473184853792191,1
0.1,23,"test",65,0.475826770067215,1
0.1,23,"test",66,0.411987662315369,1
0.1,23,"test",67,0.403004378080368,1
0.1,23,"test",68,0.502524614334106,0
0.1,23,"test",69,0.497769623994827,0
0.1,23,"test",70,0.513757288455963,0
0.1,23,"test",71,0.497398525476456,1
0.1,23,"test",72,0.521363019943237,1
0.1,23,"test",73,0.513165771961212,0
0.1,23,"test",74,0.513626635074615,0
0.1,23,"test",75,0.51706463098526,0
0.1,23,"test",76,0.496882200241089,0
0.1,23,"test",77,0.499530732631683,0
0.1,23,"test",78,0.480663508176804,1
0.1,23,"test",79,0.485496789216995,0
0.1,23,"test",80,0.518313407897949,0
0.1,23,"test",81,0.525780081748962,1
0.1,23,"test",82,0.575043857097626,1
0.1,23,"test",83,0.540984094142914,1
0.1,23,"test",84,0.390792459249496,1
0.1,23,"test",85,0.411526173353195,0
0.1,23,"test",86,0.505652129650116,0
0.1,23,"test",87,0.510422945022583,0
0.1,23,"test",88,0.455890536308289,0
0.1,23,"test",89,0.451397985219955,0
0.1,23,"test",90,0.475826770067215,0
0.1,23,"test",91,0.474660336971283,1
0.1,23,"test",92,0.403004378080368,0
0.1,23,"test",93,0.400244176387787,0
0.1,23,"test",94,0.497769623994827,0
0.1,23,"test",95,0.497306793928146,0
0.1,23,"test",96,0.497398525476456,0
0.1,23,"test",97,0.505999207496643,1
0.1,23,"test",98,0.513165771961212,1
0.1,23,"test",99,0.520876407623291,1
0.1,23,"test",100,0.51706463098526,1
0.1,23,"test",101,0.514496266841888,1
0.1,23,"test",102,0.499530732631683,0
0.1,23,"test",103,0.493205636739731,0
0.1,23,"test",104,0.485496789216995,0
0.1,23,"test",105,0.495547473430634,0
0.1,23,"test",106,0.525780081748962,0
0.1,23,"test",107,0.510581791400909,0
0.1,23,"test",108,0.540984094142914,0
0.1,23,"test",109,0.548064827919006,0
0.1,23,"test",110,0.411526173353195,1
0.1,23,"test",111,0.321672558784485,1
0.1,23,"test",112,0.510422945022583,1
0.1,23,"test",113,0.51553213596344,0
0.1,23,"test",114,0.451397985219955,1
0.1,23,"test",115,0.476210355758667,1
0.1,23,"test",116,0.474660336971283,1
0.1,23,"test",117,0.478332102298737,1
0.1,23,"test",118,0.400244176387787,1
0.1,23,"test",119,0.407067567110062,0
0.1,23,"test",120,0.497306793928146,0
0.1,23,"test",121,0.48105663061142,0
0.1,23,"test",122,0.505999207496643,1
0.1,23,"test",123,0.505156695842743,1
0.1,23,"test",124,0.520876407623291,1
0.1,23,"test",125,0.512291014194489,0
0.1,23,"test",126,0.514496266841888,0
0.1,23,"test",127,0.514557600021362,0
0.1,23,"test",128,0.493205636739731,1
0.1,23,"test",129,0.492555916309357,1
0.1,23,"test",130,0.495547473430634,1
0.1,23,"test",131,0.507324457168579,1
0.1,23,"test",132,0.510581791400909,0
0.1,23,"test",133,0.557164907455444,0
0.1,23,"test",134,0.548064827919006,0
0.1,23,"test",135,0.541683614253998,0
0.1,23,"test",136,0.321672558784485,0
0.1,23,"test",137,0.407741814851761,1
0.1,23,"test",138,0.51553213596344,1
0.1,23,"test",139,0.518196761608124,1
0.1,23,"test",140,0.476210355758667,1
0.1,23,"test",141,0.478671431541443,1
0.1,23,"test",142,0.478332102298737,1
0.1,23,"test",143,0.476723521947861,1
0.1,23,"test",144,0.407067567110062,1
0.1,23,"test",145,0.396953225135803,1
0.1,23,"test",146,0.48105663061142,1
0.1,23,"test",147,0.482938170433044,1
0.1,23,"test",148,0.505156695842743,1
0.1,23,"test",149,0.517257869243622,1
0.1,23,"test",150,0.512291014194489,1
0.1,23,"test",151,0.516285002231598,1
0.1,23,"test",152,0.514557600021362,0
0.1,23,"test",153,0.528547763824463,0
0.1,23,"test",154,0.492555916309357,1
0.1,23,"test",155,0.49112805724144,1
0.1,23,"test",156,0.507324457168579,1
0.1,23,"test",157,0.490588933229446,0
0.1,23,"test",158,0.557164907455444,0
0.1,23,"test",159,0.534002900123596,0
0.1,23,"test",160,0.541683614253998,0
0.1,23,"test",161,0.53991025686264,0
0.1,23,"test",162,0.407741814851761,0
0.1,23,"test",163,0.458597272634506,0
0.1,23,"test",164,0.518196761608124,0
0.1,23,"test",165,0.518229722976685,1
0.1,23,"test",166,0.478671431541443,1
0.1,23,"test",167,0.463855803012848,0
0.1,23,"test",168,0.476723521947861,1
0.1,23,"test",169,0.474258214235306,1
0.1,23,"test",170,0.396953225135803,1
0.1,23,"test",171,0.403280675411224,0
0.1,23,"test",172,0.482938170433044,0
0.1,23,"test",173,0.475360602140427,1
0.1,23,"test",174,0.517257869243622,1
0.1,23,"test",175,0.511119544506073,1
0.1,23,"test",176,0.516285002231598,1
0.1,23,"test",177,0.517612874507904,0
0.1,23,"test",178,0.528547763824463,0
0.1,23,"test",179,0.515134632587433,0
0.1,23,"test",180,0.49112805724144,0
0.1,23,"test",181,0.499632298946381,0
0.1,23,"test",182,0.490588933229446,0
0.1,23,"test",183,0.48708039522171,0
0.1,23,"test",184,0.534002900123596,0
0.1,23,"test",185,0.519477784633636,0
0.1,23,"test",186,0.53991025686264,1
0.1,23,"test",187,0.535859942436218,0
0.1,23,"test",188,0.458597272634506,0
0.1,23,"test",189,0.464786529541016,0
0.1,23,"test",190,0.518229722976685,0
0.1,23,"test",191,0.47661629319191,0
0.1,23,"test",192,0.463855803012848,0
0.1,23,"test",193,0.477228790521622,0
0.1,23,"test",194,0.474258214235306,0
0.1,23,"test",195,0.483209669589996,0
0.1,23,"test",196,0.403280675411224,0
0.1,23,"test",197,0.422135382890701,1
0.1,23,"test",198,0.475360602140427,1
0.1,23,"test",199,0.480096310377121,1
0.1,23,"test",200,0.511119544506073,0
0.1,23,"test",201,0.510643541812897,0
0.1,23,"test",202,0.517612874507904,1
0.1,23,"test",203,0.532886207103729,0
0.1,23,"test",204,0.515134632587433,0
0.1,23,"test",205,0.51283186674118,0
0.1,23,"test",206,0.499632298946381,1
0.1,23,"test",207,0.49319726228714,0
0.1,23,"test",208,0.48708039522171,0
0.1,23,"test",209,0.481751710176468,0
0.1,23,"test",210,0.519477784633636,0
0.1,23,"test",211,0.520014941692352,0
0.1,23,"test",212,0.535859942436218,1
0.1,23,"test",213,0.556165933609009,0
0.1,23,"test",214,0.464786529541016,1
0.1,23,"test",215,0.35258474946022,1
0.1,23,"test",216,0.476616233587265,1
0.1,23,"test",217,0.45863276720047,0
0.1,23,"test",218,0.477228790521622,0
0.1,23,"test",219,0.475045174360275,1
0.1,23,"test",220,0.483209669589996,1
0.1,23,"test",221,0.474861532449722,0
0.1,23,"test",222,0.422135382890701,1
0.1,23,"test",223,0.398428350687027,1
0.1,23,"test",224,0.480096310377121,1
0.1,23,"test",225,0.490052551031113,0
0.1,23,"test",226,0.510643541812897,0
0.1,23,"test",227,0.498962044715881,0
0.1,23,"test",228,0.532886207103729,1
0.1,23,"test",229,0.519199192523956,1
0.1,23,"test",230,0.51283186674118,0
0.1,23,"test",231,0.507142663002014,1
0.1,23,"test",232,0.49319726228714,1
0.1,23,"test",233,0.51881867647171,1
0.1,23,"test",234,0.481751710176468,1
0.1,23,"test",235,0.481812208890915,1
0.1,23,"test",236,0.520014941692352,1
0.1,23,"test",237,0.525914788246155,0
0.1,23,"test",238,0.556165933609009,0
0.1,23,"test",239,0.541936278343201,0
0.1,23,"test",240,0.35258474946022,0
0.1,23,"test",241,0.326654374599457,0
0.1,23,"test",242,0.45863276720047,0
0.1,23,"test",243,0.500667095184326,0
0.1,23,"test",244,0.475045174360275,1
0.1,23,"test",245,0.455985814332962,1
0.1,23,"test",246,0.474861532449722,1
0.1,23,"test",247,0.485027670860291,1
0.1,23,"test",248,0.398428350687027,1
0.1,23,"test",249,0.387482345104218,1
0.1,23,"test",250,0.490052551031113,1
0.1,23,"test",251,0.49744513630867,1
0.1,23,"test",252,0.498962044715881,0
0.1,23,"test",253,0.508709132671356,0
0.1,23,"test",254,0.519199192523956,0
0.1,23,"test",255,0.510580241680145,1
0.1,23,"test",256,0.507142663002014,1
0.1,23,"test",257,0.517989933490753,1
0.1,23,"test",258,0.51881867647171,1
0.1,23,"test",259,0.500319480895996,1
0.1,23,"test",260,0.481812208890915,1
0.1,23,"test",261,0.482467651367188,1
0.1,23,"test",262,0.525914788246155,0
0.1,23,"test",263,0.51120513677597,0
0.1,23,"test",264,0.541936278343201,1
0.1,23,"test",265,0.543403029441833,1
0.1,23,"test",266,0.326654374599457,1
0.1,23,"test",267,0.455741345882416,1
0.1,23,"test",268,0.500667095184326,1
0.1,23,"test",269,0.50824362039566,1
0.1,23,"test",270,0.455985814332962,1
0.1,23,"test",271,0.473948895931244,1
0.1,23,"test",272,0.485027670860291,1
0.1,23,"test",273,0.48286184668541,1
0.1,23,"test",274,0.387482345104218,1
0.1,23,"test",275,0.399690926074982,1
0.1,23,"test",276,0.49744513630867,1
0.1,23,"test",277,0.48635196685791,1
0.1,23,"test",278,0.508709132671356,0
0.1,23,"test",279,0.524456679821014,0
0.1,23,"test",280,0.510580241680145,0
0.1,23,"test",281,0.518935143947601,0
0.1,23,"test",282,0.517989933490753,0
0.1,23,"test",283,0.510633707046509,0
0.1,23,"test",284,0.500319480895996,0
0.1,23,"test",285,0.50946044921875,0
0.1,23,"test",286,0.482467651367188,0
0.1,23,"test",287,0.496060788631439,0
0.1,23,"test",288,0.51120513677597,0
0.1,23,"test",289,0.522911787033081,0
0.1,23,"test",290,0.543403029441833,0
0.1,23,"test",291,0.524025499820709,0
0.1,23,"test",292,0.455741345882416,1
0.1,23,"test",293,0.486485183238983,1
0.1,23,"test",294,0.50824362039566,1
0.1,23,"test",295,0.513038098812103,0
0.1,23,"test",296,0.473948895931244,0
0.1,23,"test",297,0.468901485204697,1
0.1,23,"test",298,0.48286184668541,0
0.1,23,"test",299,0.482106804847717,0
0.1,23,"test",300,0.399690926074982,1
0.1,23,"test",301,0.341658532619476,1
0.1,23,"test",302,0.48635196685791,1
0.1,23,"test",303,0.503398180007935,0
0.1,23,"test",304,0.524456679821014,1
0.1,23,"test",305,0.518700182437897,0
0.1,27,"val",1,0.496603190898895,0
0.1,27,"val",2,0.459942072629929,1
0.1,27,"val",3,0.449653744697571,0
0.1,27,"val",4,0.466587156057358,1
0.1,27,"val",5,0.467856854200363,1
0.1,27,"val",6,0.392288058996201,1
0.1,27,"val",7,0.419842749834061,1
0.1,27,"val",8,0.504369854927063,1
0.1,27,"val",9,0.498822748661041,1
0.1,27,"val",10,0.519823253154755,1
0.1,27,"val",11,0.516107439994812,1
0.1,27,"val",12,0.502833485603333,1
0.1,27,"val",13,0.511165201663971,1
0.1,27,"val",14,0.515661299228668,1
0.1,27,"val",15,0.5398810505867,1
0.1,27,"val",16,0.512819528579712,1
0.1,27,"val",17,0.500957369804382,1
0.1,27,"val",18,0.499472737312317,1
0.1,27,"val",19,0.510658144950867,1
0.1,27,"val",20,0.551542401313782,1
0.1,27,"val",21,0.562849700450897,1
0.1,27,"val",22,0.534009635448456,1
0.1,27,"val",23,0.502394556999207,0
0.1,27,"val",24,0.514981627464294,0
0.1,27,"val",25,0.429070472717285,1
0.1,27,"val",26,0.496603190898895,0
0.1,27,"val",27,0.500818371772766,0
0.1,27,"val",28,0.449653744697571,0
0.1,27,"val",29,0.42702317237854,1
0.1,27,"val",30,0.467856854200363,1
0.1,27,"val",31,0.471103966236115,0
0.1,27,"val",32,0.419842749834061,0
0.1,27,"val",33,0.407618999481201,0
0.1,27,"val",34,0.498822748661041,0
0.1,27,"val",35,0.496202915906906,0
0.1,27,"val",36,0.516107439994812,0
0.1,27,"val",37,0.519988179206848,1
0.1,27,"val",38,0.511165201663971,1
0.1,27,"val",39,0.515467882156372,1
0.1,27,"val",40,0.5398810505867,0
0.1,27,"val",41,0.523595035076141,0
0.1,27,"val",42,0.500957369804382,0
0.1,27,"val",43,0.503882169723511,0
0.1,27,"val",44,0.510658144950867,0
0.1,27,"val",45,0.49986732006073,0
0.1,27,"val",46,0.562849700450897,0
0.1,27,"val",47,0.563946485519409,1
0.1,27,"val",48,0.502394556999207,1
0.1,27,"val",49,0.53396999835968,1
0.1,27,"val",50,0.429070472717285,1
0.1,27,"val",51,0.490234851837158,1
0.1,27,"val",52,0.500818371772766,1
0.1,27,"val",53,0.516034960746765,1
0.1,27,"val",54,0.42702317237854,1
0.1,27,"val",55,0.44837087392807,1
0.1,27,"val",56,0.471103966236115,1
0.1,27,"val",57,0.472602367401123,1
0.1,27,"val",58,0.407618999481201,1
0.1,27,"val",59,0.434317946434021,1
0.1,27,"val",60,0.496202915906906,1
0.1,27,"val",61,0.505278348922729,0
0.1,27,"val",62,0.519988179206848,1
0.1,27,"val",63,0.524220645427704,0
0.1,27,"val",64,0.515467882156372,0
0.1,27,"val",65,0.512254118919373,1
0.1,27,"val",66,0.523595035076141,1
0.1,27,"val",67,0.532081007957458,1
0.1,27,"val",68,0.503882169723511,1
0.1,27,"val",69,0.505232453346252,1
0.1,27,"val",70,0.49986732006073,1
0.1,27,"val",71,0.506781816482544,1
0.1,27,"val",72,0.563946485519409,1
0.1,27,"val",73,0.543997645378113,1
0.1,27,"val",74,0.53396999835968,1
0.1,27,"val",75,0.586251318454742,1
0.1,27,"val",76,0.490234851837158,0
0.1,27,"val",77,0.501709878444672,1
0.1,27,"val",78,0.516034960746765,1
0.1,27,"val",79,0.499907314777374,0
0.1,27,"val",80,0.44837087392807,0
0.1,27,"val",81,0.463124573230743,0
0.1,27,"val",82,0.472602367401123,1
0.1,27,"val",83,0.474101454019547,0
0.1,27,"val",84,0.434317946434021,0
0.1,27,"val",85,0.435833126306534,0
0.1,27,"val",86,0.505278348922729,1
0.1,27,"val",87,0.489325642585754,1
0.1,27,"val",88,0.524220645427704,1
0.1,27,"val",89,0.529508173465729,0
0.1,27,"val",90,0.512254118919373,0
0.1,27,"val",91,0.506470084190369,0
0.1,27,"val",92,0.532081007957458,0
0.1,27,"val",93,0.540000379085541,0
0.1,27,"val",94,0.505232453346252,0
0.1,27,"val",95,0.497235596179962,0
0.1,27,"val",96,0.506781816482544,1
0.1,27,"val",97,0.502455592155457,1
0.1,27,"val",98,0.543997645378113,1
0.1,27,"val",99,0.554807901382446,1
0.1,27,"val",100,0.586251318454742,0
0.1,27,"val",101,0.578107833862305,0
0.1,27,"val",102,0.501709878444672,0
0.1,27,"val",103,0.403952151536942,0
0.1,27,"val",104,0.499907314777374,1
0.1,27,"val",105,0.500507712364197,1
0.1,27,"val",106,0.463124573230743,1
0.1,27,"val",107,0.462997764348984,1
0.1,27,"val",108,0.474101454019547,1
0.1,27,"val",109,0.47233510017395,0
0.1,27,"val",110,0.435833126306534,0
0.1,27,"val",111,0.402806758880615,1
0.1,27,"val",112,0.489325642585754,1
0.1,27,"val",113,0.497319936752319,1
0.1,27,"val",114,0.529508173465729,0
0.1,27,"val",115,0.522841691970825,1
0.1,27,"val",116,0.506470084190369,0
0.1,27,"val",117,0.51851749420166,1
0.1,27,"val",118,0.540000379085541,1
0.1,27,"val",119,0.51637202501297,1
0.1,27,"val",120,0.497235596179962,0
0.1,27,"val",121,0.508789896965027,0
0.1,27,"val",122,0.502455592155457,0
0.1,27,"val",123,0.509849548339844,1
0.1,27,"val",124,0.554807901382446,1
0.1,27,"val",125,0.541679203510284,1
0.1,27,"val",126,0.578107833862305,1
0.1,27,"val",127,0.585465431213379,1
0.1,27,"val",128,0.403952151536942,1
0.1,27,"val",129,0.271420121192932,1
0.1,27,"val",130,0.500507712364197,1
0.1,27,"val",131,0.502709329128265,0
0.1,27,"val",132,0.462997764348984,0
0.1,27,"val",133,0.453126639127731,1
0.1,27,"val",134,0.47233510017395,1
0.1,27,"val",135,0.47204852104187,0
0.1,27,"val",136,0.402806758880615,0
0.1,27,"val",137,0.421238094568253,0
0.1,27,"val",138,0.497319936752319,0
0.1,27,"val",139,0.493281424045563,0
0.1,27,"val",140,0.522841691970825,0
0.1,27,"val",141,0.511914134025574,1
0.1,27,"val",142,0.51851749420166,1
0.1,27,"val",143,0.511127293109894,1
0.1,27,"val",144,0.51637202501297,0
0.1,27,"val",145,0.523234069347382,0
0.1,27,"val",146,0.508789896965027,0
0.1,27,"val",147,0.50607168674469,0
0.1,27,"val",148,0.509849548339844,0
0.1,27,"val",149,0.520049929618835,0
0.1,27,"val",150,0.541679203510284,0
0.1,27,"val",151,0.547789037227631,0
0.1,27,"val",152,0.585465431213379,1
0.1,27,"val",153,0.541576087474823,0
0.1,27,"val",154,0.271420121192932,1
0.1,27,"val",155,0.314260393381119,0
0.1,27,"val",156,0.502709329128265,0
0.1,27,"val",157,0.496526092290878,0
0.1,27,"val",158,0.453126639127731,0
0.1,27,"val",159,0.450029879808426,1
0.1,27,"val",160,0.47204852104187,1
0.1,27,"val",161,0.474846482276917,1
0.1,27,"val",162,0.421238094568253,1
0.1,27,"val",163,0.426187664270401,1
0.1,27,"val",164,0.493281424045563,0
0.1,27,"val",165,0.47549632191658,0
0.1,27,"val",166,0.511914134025574,0
0.1,27,"val",167,0.51071172952652,0
0.1,27,"val",168,0.511127293109894,1
0.1,27,"val",169,0.515772700309753,0
0.1,27,"val",170,0.523234069347382,0
0.1,27,"val",171,0.523342669010162,0
0.1,27,"val",172,0.50607168674469,1
0.1,27,"val",173,0.503809809684753,1
0.1,27,"val",174,0.520049929618835,1
0.1,27,"val",175,0.520467758178711,0
0.1,27,"val",176,0.547789037227631,0
0.1,27,"val",177,0.52364718914032,1
0.1,27,"val",178,0.541576087474823,0
0.1,27,"val",179,0.540180027484894,1
0.1,27,"val",180,0.314260393381119,0
0.1,27,"val",181,0.316116362810135,1
0.1,27,"val",182,0.496526092290878,1
0.1,27,"val",183,0.491017490625381,1
0.1,27,"val",184,0.450029879808426,0
0.1,27,"val",185,0.446448534727097,0
0.1,27,"val",186,0.474846482276917,0
0.1,27,"val",187,0.476160168647766,0
0.1,27,"val",188,0.426187664270401,0
0.1,27,"val",189,0.437411189079285,0
0.1,27,"val",190,0.47549632191658,0
0.1,27,"val",191,0.495001494884491,1
0.1,27,"val",192,0.51071172952652,0
0.1,27,"val",193,0.509297430515289,0
0.1,27,"val",194,0.515772700309753,0
0.1,27,"val",195,0.505065739154816,1
0.1,27,"val",196,0.523342669010162,1
0.1,27,"val",197,0.518954157829285,1
0.1,27,"val",198,0.503809809684753,1
0.1,27,"val",199,0.499569773674011,0
0.1,27,"val",200,0.520467758178711,0
0.1,27,"val",201,0.506135702133179,0
0.1,27,"val",202,0.52364718914032,0
0.1,27,"val",203,0.531096994876862,1
0.1,27,"val",204,0.540180027484894,1
0.1,27,"val",205,0.535877346992493,1
0.1,27,"val",206,0.316116362810135,0
0.1,27,"val",207,0.473080545663834,0
0.1,27,"val",208,0.491017490625381,0
0.1,27,"val",209,0.500048458576202,1
0.1,27,"val",210,0.446448534727097,1
0.1,27,"val",211,0.442287027835846,1
0.1,27,"val",212,0.476160168647766,1
0.1,27,"val",213,0.477169126272202,1
0.1,27,"val",214,0.437411189079285,1
0.1,27,"val",215,0.436243802309036,0
0.1,27,"val",216,0.495001494884491,0
0.1,27,"val",217,0.481710702180862,0
0.1,27,"val",218,0.509297430515289,0
0.1,27,"val",219,0.517487704753876,0
0.1,27,"val",220,0.505065739154816,0
0.1,27,"val",221,0.510466039180756,1
0.1,27,"val",222,0.518954157829285,1
0.1,27,"val",223,0.528407871723175,1
0.1,27,"val",224,0.499569773674011,0
0.1,27,"val",225,0.501201391220093,1
0.1,27,"val",226,0.506135702133179,1
0.1,27,"val",227,0.503979027271271,1
0.1,27,"val",228,0.531096994876862,0
0.1,27,"val",229,0.510727822780609,0
0.1,27,"val",230,0.535877346992493,0
0.1,27,"val",231,0.551132380962372,0
0.1,27,"val",232,0.473080545663834,0
0.1,27,"val",233,0.309578627347946,0
0.1,27,"val",234,0.500048458576202,0
0.1,27,"val",235,0.517124831676483,0
0.1,27,"val",236,0.442287027835846,0
0.1,27,"val",237,0.45694562792778,0
0.1,27,"val",238,0.477169126272202,1
0.1,27,"val",239,0.474346876144409,0
0.1,27,"val",240,0.436243802309036,0
0.1,27,"val",241,0.434287816286087,0
0.1,27,"val",242,0.481710702180862,0
0.1,27,"val",243,0.476394683122635,1
0.1,27,"val",244,0.517487704753876,1
0.1,27,"val",245,0.514011919498444,1
0.1,27,"val",246,0.510466039180756,0
0.1,27,"val",247,0.504660367965698,1
0.1,27,"val",248,0.528407871723175,1
0.1,27,"val",249,0.526972532272339,0
0.1,27,"val",250,0.501201391220093,1
0.1,27,"val",251,0.499906420707703,1
0.1,27,"val",252,0.503979027271271,1
0.1,27,"val",253,0.499965846538544,1
0.1,27,"val",254,0.510727822780609,0
0.1,27,"val",255,0.51323789358139,0
0.1,27,"val",256,0.551132380962372,0
0.1,27,"val",257,0.539429783821106,0
0.1,27,"val",258,0.309578627347946,1
0.1,27,"val",259,0.441201329231262,1
0.1,27,"val",260,0.517124831676483,1
0.1,27,"val",261,0.501339077949524,1
0.1,27,"val",262,0.45694562792778,1
0.1,27,"val",263,0.456441819667816,0
0.1,27,"val",264,0.474346876144409,0
0.1,27,"val",265,0.473724544048309,1
0.1,27,"val",266,0.434287816286087,1
0.1,27,"val",267,0.4339240193367,0
0.1,27,"val",268,0.476394683122635,0
0.1,27,"val",269,0.474410802125931,0
0.1,27,"val",270,0.514011919498444,1
0.1,27,"val",271,0.507547736167908,1
0.1,27,"val",272,0.504660367965698,1
0.1,27,"val",273,0.521986067295074,1
0.1,27,"val",274,0.526972532272339,0
0.1,27,"val",275,0.537009239196777,0
0.1,27,"val",276,0.499906420707703,0
0.1,27,"val",277,0.504895210266113,0
0.1,27,"val",278,0.499965846538544,1
0.1,27,"val",279,0.501218318939209,1
0.1,27,"val",280,0.51323789358139,1
0.1,27,"val",281,0.522142827510834,1
0.1,27,"val",282,0.539429783821106,1
0.1,27,"val",283,0.5174480676651,1
0.1,27,"val",284,0.441201329231262,0
0.1,27,"val",285,0.448558419942856,0
0.1,27,"val",286,0.501339077949524,0
0.1,27,"val",287,0.509311676025391,0
0.1,27,"val",288,0.456441819667816,0
0.1,27,"val",289,0.453805536031723,0
0.1,27,"val",290,0.473724544048309,0
0.1,27,"val",291,0.478839963674545,0
0.1,27,"val",292,0.4339240193367,0
0.1,27,"val",293,0.415217220783234,0
0.1,27,"val",294,0.474410802125931,1
0.1,27,"val",295,0.474113970994949,1
0.1,27,"val",296,0.507547736167908,0
0.1,27,"val",297,0.525399744510651,0
0.1,27,"val",298,0.521986067295074,0
0.1,27,"val",299,0.533643841743469,1
0.1,27,"val",300,0.537009239196777,1
0.1,27,"val",301,0.522856593132019,1
0.1,27,"val",302,0.504895210266113,0
0.1,27,"val",303,0.502555429935455,0
0.1,27,"val",304,0.501218318939209,0
0.1,27,"test",1,0.496988832950592,0
0.1,27,"test",2,0.522142827510834,0
0.1,27,"test",3,0.530967056751251,1
0.1,27,"test",4,0.5174480676651,1
0.1,27,"test",5,0.527235567569733,1
0.1,27,"test",6,0.448558419942856,1
0.1,27,"test",7,0.436504483222961,1
0.1,27,"test",8,0.509311676025391,1
0.1,27,"test",9,0.494201362133026,1
0.1,27,"test",10,0.453805536031723,1
0.1,27,"test",11,0.46265310049057,1
0.1,27,"test",12,0.478839963674545,1
0.1,27,"test",13,0.469510138034821,1
0.1,27,"test",14,0.415217220783234,1
0.1,27,"test",15,0.425749510526657,1
0.1,27,"test",16,0.474113970994949,1
0.1,27,"test",17,0.485095977783203,0
0.1,27,"test",18,0.525399744510651,0
0.1,27,"test",19,0.528816044330597,0
0.1,27,"test",20,0.533643841743469,1
0.1,27,"test",21,0.544510126113892,1
0.1,27,"test",22,0.522856593132019,1
0.1,27,"test",23,0.519436061382294,0
0.1,27,"test",24,0.502555429935455,0
0.1,27,"test",25,0.507066130638123,0
0.1,27,"test",26,0.496988832950592,1
0.1,27,"test",27,0.511748850345612,1
0.1,27,"test",28,0.530967056751251,1
0.1,27,"test",29,0.536673665046692,0
0.1,27,"test",30,0.527235567569733,0
0.1,27,"test",31,0.540661692619324,0
0.1,27,"test",32,0.436504513025284,0
0.1,27,"test",33,0.406752705574036,0
0.1,27,"test",34,0.494201362133026,1
0.1,27,"test",35,0.503014326095581,1
0.1,27,"test",36,0.46265310049057,1
0.1,27,"test",37,0.4664246737957,1
0.1,27,"test",38,0.469510138034821,1
0.1,27,"test",39,0.469212740659714,1
0.1,27,"test",40,0.425749510526657,1
0.1,27,"test",41,0.418297499418259,1
0.1,27,"test",42,0.485095977783203,0
0.1,27,"test",43,0.498729258775711,0
0.1,27,"test",44,0.528816044330597,1
0.1,27,"test",45,0.526275753974915,1
0.1,27,"test",46,0.544510126113892,1
0.1,27,"test",47,0.519163906574249,0
0.1,27,"test",48,0.519436061382294,0
0.1,27,"test",49,0.520401000976562,0
0.1,27,"test",50,0.507066130638123,0
0.1,27,"test",51,0.498984217643738,1
0.1,27,"test",52,0.511748850345612,1
0.1,27,"test",53,0.501598596572876,1
0.1,27,"test",54,0.536673665046692,1
0.1,27,"test",55,0.531972885131836,0
0.1,27,"test",56,0.540661692619324,0
0.1,27,"test",57,0.585379540920258,0
0.1,27,"test",58,0.406752705574036,0
0.1,27,"test",59,0.381108969449997,1
0.1,27,"test",60,0.503014326095581,1
0.1,27,"test",61,0.490349680185318,1
0.1,27,"test",62,0.4664246737957,0
0.1,27,"test",63,0.458822220563889,1
0.1,27,"test",64,0.469212740659714,1
0.1,27,"test",65,0.473078489303589,1
0.1,27,"test",66,0.418297499418259,1
0.1,27,"test",67,0.407903522253036,1
0.1,27,"test",68,0.498729258775711,0
0.1,27,"test",69,0.493621826171875,0
0.1,27,"test",70,0.526275753974915,0
0.1,27,"test",71,0.518704652786255,1
0.1,27,"test",72,0.519163906574249,1
0.1,27,"test",73,0.510918140411377,0
0.1,27,"test",74,0.520401000976562,0
0.1,27,"test",75,0.524371147155762,0
0.1,27,"test",76,0.498984217643738,0
0.1,27,"test",77,0.499470591545105,0
0.1,27,"test",78,0.501598596572876,1
0.1,27,"test",79,0.502833604812622,0
0.1,27,"test",80,0.531972885131836,0
0.1,27,"test",81,0.544294714927673,1
0.1,27,"test",82,0.585379540920258,1
0.1,27,"test",83,0.547674298286438,1
0.1,27,"test",84,0.381108969449997,1
0.1,27,"test",85,0.404552072286606,0
0.1,27,"test",86,0.490349680185318,0
0.1,27,"test",87,0.491805046796799,0
0.1,27,"test",88,0.458822220563889,0
0.1,27,"test",89,0.441311627626419,0
0.1,27,"test",90,0.473078489303589,0
0.1,27,"test",91,0.472364217042923,1
0.1,27,"test",92,0.407903522253036,0
0.1,27,"test",93,0.405138343572617,0
0.1,27,"test",94,0.493621826171875,0
0.1,27,"test",95,0.492558836936951,0
0.1,27,"test",96,0.5187047123909,0
0.1,27,"test",97,0.518054962158203,1
0.1,27,"test",98,0.510918140411377,1
0.1,27,"test",99,0.51875627040863,1
0.1,27,"test",100,0.524371147155762,1
0.1,27,"test",101,0.521199226379395,1
0.1,27,"test",102,0.499470591545105,0
0.1,27,"test",103,0.494532346725464,0
0.1,27,"test",104,0.502833604812622,0
0.1,27,"test",105,0.513852417469025,0
0.1,27,"test",106,0.544294714927673,0
0.1,27,"test",107,0.519244611263275,0
0.1,27,"test",108,0.547674298286438,0
0.1,27,"test",109,0.556171059608459,0
0.1,27,"test",110,0.404552072286606,1
0.1,27,"test",111,0.299380868673325,1
0.1,27,"test",112,0.491805046796799,1
0.1,27,"test",113,0.496996283531189,0
0.1,27,"test",114,0.441311627626419,1
0.1,27,"test",115,0.464775741100311,1
0.1,27,"test",116,0.472364217042923,1
0.1,27,"test",117,0.476042300462723,1
0.1,27,"test",118,0.405138343572617,1
0.1,27,"test",119,0.413935393095016,0
0.1,27,"test",120,0.492558836936951,0
0.1,27,"test",121,0.474437534809113,0
0.1,27,"test",122,0.518054962158203,1
0.1,27,"test",123,0.517373979091644,1
0.1,27,"test",124,0.51875627040863,1
0.1,27,"test",125,0.509746313095093,0
0.1,27,"test",126,0.521199226379395,0
0.1,27,"test",127,0.52222615480423,0
0.1,27,"test",128,0.494532346725464,1
0.1,27,"test",129,0.495050817728043,1
0.1,27,"test",130,0.513852417469025,1
0.1,27,"test",131,0.534045875072479,1
0.1,27,"test",132,0.519244611263275,0
0.1,27,"test",133,0.584160804748535,0
0.1,27,"test",134,0.556171059608459,0
0.1,27,"test",135,0.544670581817627,0
0.1,27,"test",136,0.299380868673325,0
0.1,27,"test",137,0.401222229003906,1
0.1,27,"test",138,0.496996283531189,1
0.1,27,"test",139,0.499699175357819,1
0.1,27,"test",140,0.464775741100311,1
0.1,27,"test",141,0.463934481143951,1
0.1,27,"test",142,0.476042300462723,1
0.1,27,"test",143,0.479250848293304,1
0.1,27,"test",144,0.413935393095016,1
0.1,27,"test",145,0.404495924711227,1
0.1,27,"test",146,0.474437534809113,1
0.1,27,"test",147,0.474793195724487,1
0.1,27,"test",148,0.517373979091644,1
0.1,27,"test",149,0.529714584350586,1
0.1,27,"test",150,0.509746313095093,1
0.1,27,"test",151,0.514317631721497,1
0.1,27,"test",152,0.52222615480423,0
0.1,27,"test",153,0.541664242744446,0
0.1,27,"test",154,0.495050817728043,1
0.1,27,"test",155,0.492993533611298,1
0.1,27,"test",156,0.534045875072479,1
0.1,27,"test",157,0.509548187255859,0
0.1,27,"test",158,0.584160804748535,0
0.1,27,"test",159,0.552937507629395,0
0.1,27,"test",160,0.544670581817627,0
0.1,27,"test",161,0.541714370250702,0
0.1,27,"test",162,0.401222229003906,0
0.1,27,"test",163,0.457250416278839,0
0.1,27,"test",164,0.499699175357819,0
0.1,27,"test",165,0.500966310501099,1
0.1,27,"test",166,0.463934481143951,1
0.1,27,"test",167,0.46044197678566,0
0.1,27,"test",168,0.479250848293304,1
0.1,27,"test",169,0.47692745923996,1
0.1,27,"test",170,0.404495924711227,1
0.1,27,"test",171,0.410418778657913,0
0.1,27,"test",172,0.474793195724487,0
0.1,27,"test",173,0.46858474612236,1
0.1,27,"test",174,0.529714584350586,1
0.1,27,"test",175,0.523252725601196,1
0.1,27,"test",176,0.514317631721497,1
0.1,27,"test",177,0.516094326972961,0
0.1,27,"test",178,0.541664242744446,0
0.1,27,"test",179,0.523773014545441,0
0.1,27,"test",180,0.492993533611298,0
0.1,27,"test",181,0.49327951669693,0
0.1,27,"test",182,0.509548187255859,0
0.1,27,"test",183,0.501774489879608,0
0.1,27,"test",184,0.552937507629395,0
0.1,27,"test",185,0.539229571819305,0
0.1,27,"test",186,0.541714370250702,1
0.1,27,"test",187,0.534197211265564,0
0.1,27,"test",188,0.457250416278839,0
0.1,27,"test",189,0.462319642305374,0
0.1,27,"test",190,0.500966310501099,0
0.1,27,"test",191,0.477009385824203,0
0.1,27,"test",192,0.46044197678566,0
0.1,27,"test",193,0.454180121421814,0
0.1,27,"test",194,0.47692745923996,0
0.1,27,"test",195,0.48040983080864,0
0.1,27,"test",196,0.410418778657913,0
0.1,27,"test",197,0.428287863731384,1
0.1,27,"test",198,0.46858474612236,1
0.1,27,"test",199,0.473519623279572,1
0.1,27,"test",200,0.523252725601196,0
0.1,27,"test",201,0.521651923656464,0
0.1,27,"test",202,0.516094326972961,1
0.1,27,"test",203,0.530136585235596,0
0.1,27,"test",204,0.523773014545441,0
0.1,27,"test",205,0.518984973430634,0
0.1,27,"test",206,0.49327951669693,1
0.1,27,"test",207,0.490058541297913,0
0.1,27,"test",208,0.501774489879608,0
0.1,27,"test",209,0.502725839614868,0
0.1,27,"test",210,0.539229571819305,0
0.1,27,"test",211,0.539773106575012,0
0.1,27,"test",212,0.534197211265564,1
0.1,27,"test",213,0.566168427467346,0
0.1,27,"test",214,0.462319642305374,1
0.1,27,"test",215,0.33514004945755,1
0.1,27,"test",216,0.477009356021881,1
0.1,27,"test",217,0.460396498441696,0
0.1,27,"test",218,0.454180121421814,0
0.1,27,"test",219,0.450820982456207,1
0.1,27,"test",220,0.48040983080864,1
0.1,27,"test",221,0.477543026208878,0
0.1,27,"test",222,0.428287863731384,1
0.1,27,"test",223,0.405774056911469,1
0.1,27,"test",224,0.473519682884216,1
0.1,27,"test",225,0.484091222286224,0
0.1,27,"test",226,0.521651923656464,0
0.1,27,"test",227,0.524273991584778,0
0.1,27,"test",228,0.530136585235596,1
0.1,27,"test",229,0.517652809619904,1
0.1,27,"test",230,0.518984973430634,0
0.1,27,"test",231,0.510377109050751,1
0.1,27,"test",232,0.490058541297913,1
0.1,27,"test",233,0.511894881725311,1
0.1,27,"test",234,0.502725839614868,1
0.1,27,"test",235,0.501470923423767,1
0.1,27,"test",236,0.539773106575012,1
0.1,27,"test",237,0.54955393075943,0
0.1,27,"test",238,0.566168427467346,0
0.1,27,"test",239,0.544744253158569,0
0.1,27,"test",240,0.33514004945755,0
0.1,27,"test",241,0.302560389041901,0
0.1,27,"test",242,0.460396498441696,0
0.1,27,"test",243,0.482884049415588,0
0.1,27,"test",244,0.450820982456207,1
0.1,27,"test",245,0.437306970357895,1
0.1,27,"test",246,0.477543026208878,1
0.1,27,"test",247,0.482388973236084,1
0.1,27,"test",248,0.405774027109146,1
0.1,27,"test",249,0.38816699385643,1
0.1,27,"test",250,0.484091222286224,1
0.1,27,"test",251,0.489093512296677,1
0.1,27,"test",252,0.524273991584778,0
0.1,27,"test",253,0.530482232570648,0
0.1,27,"test",254,0.517652809619904,0
0.1,27,"test",255,0.508540213108063,1
0.1,27,"test",256,0.510377109050751,1
0.1,27,"test",257,0.526215255260468,1
0.1,27,"test",258,0.511894881725311,1
0.1,27,"test",259,0.499249994754791,1
0.1,27,"test",260,0.501470923423767,1
0.1,27,"test",261,0.506845772266388,1
0.1,27,"test",262,0.54955393075943,0
0.1,27,"test",263,0.536252081394196,0
0.1,27,"test",264,0.544744253158569,1
0.1,27,"test",265,0.55065792798996,1
0.1,27,"test",266,0.302560389041901,1
0.1,27,"test",267,0.449604332447052,1
0.1,27,"test",268,0.482884049415588,1
0.1,27,"test",269,0.489685922861099,1
0.1,27,"test",270,0.437306970357895,1
0.1,27,"test",271,0.460907965898514,1
0.1,27,"test",272,0.482388973236084,1
0.1,27,"test",273,0.47988349199295,1
0.1,27,"test",274,0.38816699385643,1
0.1,27,"test",275,0.40687483549118,1
0.1,27,"test",276,0.489093512296677,1
0.1,27,"test",277,0.47126168012619,1
0.1,27,"test",278,0.530482232570648,0
0.1,27,"test",279,0.537323892116547,0
0.1,27,"test",280,0.508540213108063,0
0.1,27,"test",281,0.51652854681015,0
0.1,27,"test",282,0.526215255260468,0
0.1,27,"test",283,0.515860199928284,0
0.1,27,"test",284,0.499249994754791,0
0.1,27,"test",285,0.507738351821899,0
0.1,27,"test",286,0.506845772266388,0
0.1,27,"test",287,0.515753149986267,0
0.1,27,"test",288,0.536252081394196,0
0.1,27,"test",289,0.542500376701355,0
0.1,27,"test",290,0.55065792798996,0
0.1,27,"test",291,0.523982286453247,0
0.1,27,"test",292,0.449604332447052,1
0.1,27,"test",293,0.486716687679291,1
0.1,27,"test",294,0.489685922861099,1
0.1,27,"test",295,0.497081220149994,0
0.1,27,"test",296,0.460907965898514,0
0.1,27,"test",297,0.461148619651794,1
0.1,27,"test",298,0.47988349199295,0
0.1,27,"test",299,0.480505496263504,0
0.1,27,"test",300,0.40687483549118,1
0.1,27,"test",301,0.351975530385971,1
0.1,27,"test",302,0.47126168012619,1
0.1,27,"test",303,0.488906234502792,0
0.1,27,"test",304,0.537323892116547,1
0.1,27,"test",305,0.534961223602295,0
0.1,98,"val",1,0.515039205551147,0
0.1,98,"val",2,0.463501751422882,1
0.1,98,"val",3,0.458576649427414,0
0.1,98,"val",4,0.479765683412552,1
0.1,98,"val",5,0.48239141702652,1
0.1,98,"val",6,0.39407405257225,1
0.1,98,"val",7,0.419216871261597,1
0.1,98,"val",8,0.502939224243164,1
0.1,98,"val",9,0.497977495193481,1
0.1,98,"val",10,0.509762823581696,1
0.1,98,"val",11,0.502415895462036,1
0.1,98,"val",12,0.501271188259125,1
0.1,98,"val",13,0.512470126152039,1
0.1,98,"val",14,0.522893071174622,1
0.1,98,"val",15,0.541947960853577,1
0.1,98,"val",16,0.503655791282654,1
0.1,98,"val",17,0.493389964103699,1
0.1,98,"val",18,0.498105615377426,1
0.1,98,"val",19,0.501449823379517,1
0.1,98,"val",20,0.547820568084717,1
0.1,98,"val",21,0.566648781299591,1
0.1,98,"val",22,0.542625606060028,1
0.1,98,"val",23,0.535512626171112,0
0.1,98,"val",24,0.532931745052338,0
0.1,98,"val",25,0.42638686299324,1
0.1,98,"val",26,0.515039205551147,0
0.1,98,"val",27,0.519493043422699,0
0.1,98,"val",28,0.458576649427414,0
0.1,98,"val",29,0.418618410825729,1
0.1,98,"val",30,0.48239141702652,1
0.1,98,"val",31,0.479359954595566,0
0.1,98,"val",32,0.419216871261597,0
0.1,98,"val",33,0.409368127584457,0
0.1,98,"val",34,0.497977495193481,0
0.1,98,"val",35,0.496316343545914,0
0.1,98,"val",36,0.502415895462036,0
0.1,98,"val",37,0.502868592739105,1
0.1,98,"val",38,0.512470126152039,1
0.1,98,"val",39,0.513597011566162,1
0.1,98,"val",40,0.541947960853577,0
0.1,98,"val",41,0.530547738075256,0
0.1,98,"val",42,0.493389964103699,0
0.1,98,"val",43,0.494932502508163,0
0.1,98,"val",44,0.501449823379517,0
0.1,98,"val",45,0.488739639520645,0
0.1,98,"val",46,0.566648781299591,0
0.1,98,"val",47,0.560057044029236,1
0.1,98,"val",48,0.535512626171112,1
0.1,98,"val",49,0.546947240829468,1
0.1,98,"val",50,0.42638686299324,1
0.1,98,"val",51,0.489995628595352,1
0.1,98,"val",52,0.519493043422699,1
0.1,98,"val",53,0.533398985862732,1
0.1,98,"val",54,0.418618410825729,1
0.1,98,"val",55,0.444792300462723,1
0.1,98,"val",56,0.479359954595566,1
0.1,98,"val",57,0.478258460760117,1
0.1,98,"val",58,0.409368127584457,1
0.1,98,"val",59,0.433612674474716,1
0.1,98,"val",60,0.496316343545914,1
0.1,98,"val",61,0.503189206123352,0
0.1,98,"val",62,0.502868592739105,1
0.1,98,"val",63,0.511617481708527,0
0.1,98,"val",64,0.513597011566162,0
0.1,98,"val",65,0.509695649147034,1
0.1,98,"val",66,0.530547738075256,1
0.1,98,"val",67,0.536426842212677,1
0.1,98,"val",68,0.494932502508163,1
0.1,98,"val",69,0.499376982450485,1
0.1,98,"val",70,0.488739639520645,1
0.1,98,"val",71,0.498134434223175,1
0.1,98,"val",72,0.560057044029236,1
0.1,98,"val",73,0.542022526264191,1
0.1,98,"val",74,0.546947240829468,1
0.1,98,"val",75,0.604389369487762,1
0.1,98,"val",76,0.489995628595352,0
0.1,98,"val",77,0.499565839767456,1
0.1,98,"val",78,0.533398985862732,1
0.1,98,"val",79,0.518887877464294,0
0.1,98,"val",80,0.444792300462723,0
0.1,98,"val",81,0.464580804109573,0
0.1,98,"val",82,0.478258460760117,1
0.1,98,"val",83,0.479186624288559,0
0.1,98,"val",84,0.433612674474716,0
0.1,98,"val",85,0.433955192565918,0
0.1,98,"val",86,0.503189206123352,1
0.1,98,"val",87,0.492372572422028,1
0.1,98,"val",88,0.511617481708527,1
0.1,98,"val",89,0.520914494991302,0
0.1,98,"val",90,0.509695649147034,0
0.1,98,"val",91,0.503784418106079,0
0.1,98,"val",92,0.536426842212677,0
0.1,98,"val",93,0.54618889093399,0
0.1,98,"val",94,0.499376982450485,0
0.1,98,"val",95,0.495771169662476,0
0.1,98,"val",96,0.498134434223175,1
0.1,98,"val",97,0.491283625364304,1
0.1,98,"val",98,0.542022526264191,1
0.1,98,"val",99,0.55390465259552,1
0.1,98,"val",100,0.604389369487762,0
0.1,98,"val",101,0.591380059719086,0
0.1,98,"val",102,0.499565839767456,0
0.1,98,"val",103,0.401573240756989,0
0.1,98,"val",104,0.518887877464294,1
0.1,98,"val",105,0.516884624958038,1
0.1,98,"val",106,0.464580804109573,1
0.1,98,"val",107,0.462744563817978,1
0.1,98,"val",108,0.479186624288559,1
0.1,98,"val",109,0.47796767950058,0
0.1,98,"val",110,0.433955192565918,0
0.1,98,"val",111,0.403033524751663,1
0.1,98,"val",112,0.492372572422028,1
0.1,98,"val",113,0.497271716594696,1
0.1,98,"val",114,0.520914494991302,0
0.1,98,"val",115,0.509538590908051,1
0.1,98,"val",116,0.503784418106079,0
0.1,98,"val",117,0.5168177485466,1
0.1,98,"val",118,0.54618889093399,1
0.1,98,"val",119,0.523362517356873,1
0.1,98,"val",120,0.495771169662476,0
0.1,98,"val",121,0.507797241210938,0
0.1,98,"val",122,0.491283625364304,0
0.1,98,"val",123,0.49141725897789,1
0.1,98,"val",124,0.55390465259552,1
0.1,98,"val",125,0.536214470863342,1
0.1,98,"val",126,0.591380059719086,1
0.1,98,"val",127,0.589987814426422,1
0.1,98,"val",128,0.401573240756989,1
0.1,98,"val",129,0.285474687814713,1
0.1,98,"val",130,0.516884624958038,1
0.1,98,"val",131,0.51981383562088,0
0.1,98,"val",132,0.462744563817978,0
0.1,98,"val",133,0.457831352949142,1
0.1,98,"val",134,0.47796767950058,1
0.1,98,"val",135,0.480114817619324,0
0.1,98,"val",136,0.403033524751663,0
0.1,98,"val",137,0.421569406986237,0
0.1,98,"val",138,0.497271716594696,0
0.1,98,"val",139,0.494994968175888,0
0.1,98,"val",140,0.509538590908051,0
0.1,98,"val",141,0.490701973438263,1
0.1,98,"val",142,0.5168177485466,1
0.1,98,"val",143,0.511328399181366,1
0.1,98,"val",144,0.523362517356873,0
0.1,98,"val",145,0.527667641639709,0
0.1,98,"val",146,0.507797241210938,0
0.1,98,"val",147,0.50710791349411,0
0.1,98,"val",148,0.49141725897789,0
0.1,98,"val",149,0.53271621465683,0
0.1,98,"val",150,0.536214470863342,0
0.1,98,"val",151,0.536957204341888,0
0.1,98,"val",152,0.589987814426422,1
0.1,98,"val",153,0.584769427776337,0
0.1,98,"val",154,0.285474687814713,1
0.1,98,"val",155,0.319855779409409,0
0.1,98,"val",156,0.51981383562088,0
0.1,98,"val",157,0.515450000762939,0
0.1,98,"val",158,0.457831352949142,0
0.1,98,"val",159,0.461832284927368,1
0.1,98,"val",160,0.480114817619324,1
0.1,98,"val",161,0.479001224040985,1
0.1,98,"val",162,0.421569406986237,1
0.1,98,"val",163,0.422954976558685,1
0.1,98,"val",164,0.494994968175888,0
0.1,98,"val",165,0.479814738035202,0
0.1,98,"val",166,0.490701973438263,0
0.1,98,"val",167,0.498535871505737,0
0.1,98,"val",168,0.511328399181366,1
0.1,98,"val",169,0.513880252838135,0
0.1,98,"val",170,0.527667641639709,0
0.1,98,"val",171,0.527693450450897,0
0.1,98,"val",172,0.50710791349411,1
0.1,98,"val",173,0.506621837615967,1
0.1,98,"val",174,0.53271621465683,1
0.1,98,"val",175,0.499774217605591,0
0.1,98,"val",176,0.536957204341888,0
0.1,98,"val",177,0.514141440391541,1
0.1,98,"val",178,0.584769427776337,0
0.1,98,"val",179,0.56838846206665,1
0.1,98,"val",180,0.319855779409409,0
0.1,98,"val",181,0.320820271968842,1
0.1,98,"val",182,0.515450000762939,1
0.1,98,"val",183,0.508639931678772,1
0.1,98,"val",184,0.461832255125046,0
0.1,98,"val",185,0.458835542201996,0
0.1,98,"val",186,0.479001224040985,0
0.1,98,"val",187,0.478471249341965,0
0.1,98,"val",188,0.422954976558685,0
0.1,98,"val",189,0.43694132566452,0
0.1,98,"val",190,0.479814738035202,0
0.1,98,"val",191,0.494818985462189,1
0.1,98,"val",192,0.498535871505737,0
0.1,98,"val",193,0.495088398456573,0
0.1,98,"val",194,0.513880252838135,0
0.1,98,"val",195,0.50518262386322,1
0.1,98,"val",196,0.527693450450897,1
0.1,98,"val",197,0.527230441570282,1
0.1,98,"val",198,0.506621837615967,1
0.1,98,"val",199,0.499727308750153,0
0.1,98,"val",200,0.499774217605591,0
0.1,98,"val",201,0.493769288063049,0
0.1,98,"val",202,0.514141440391541,0
0.1,98,"val",203,0.523843705654144,1
0.1,98,"val",204,0.56838846206665,1
0.1,98,"val",205,0.549565732479095,1
0.1,98,"val",206,0.320820271968842,0
0.1,98,"val",207,0.47132471203804,0
0.1,98,"val",208,0.508639931678772,0
0.1,98,"val",209,0.518664360046387,1
0.1,98,"val",210,0.458835542201996,1
0.1,98,"val",211,0.454033344984055,1
0.1,98,"val",212,0.478471249341965,1
0.1,98,"val",213,0.479587227106094,1
0.1,98,"val",214,0.43694132566452,1
0.1,98,"val",215,0.434596538543701,0
0.1,98,"val",216,0.494818985462189,0
0.1,98,"val",217,0.48402127623558,0
0.1,98,"val",218,0.495088398456573,0
0.1,98,"val",219,0.501894593238831,0
0.1,98,"val",220,0.50518262386322,0
0.1,98,"val",221,0.50853168964386,1
0.1,98,"val",222,0.527230441570282,1
0.1,98,"val",223,0.535931587219238,1
0.1,98,"val",224,0.499727308750153,0
0.1,98,"val",225,0.519552946090698,1
0.1,98,"val",226,0.493769288063049,1
0.1,98,"val",227,0.49190217256546,1
0.1,98,"val",228,0.523843705654144,0
0.1,98,"val",229,0.515983879566193,0
0.1,98,"val",230,0.549565732479095,0
0.1,98,"val",231,0.549823582172394,0
0.1,98,"val",232,0.47132471203804,0
0.1,98,"val",233,0.32489025592804,0
0.1,98,"val",234,0.518664360046387,0
0.1,98,"val",235,0.533852815628052,0
0.1,98,"val",236,0.454033344984055,0
0.1,98,"val",237,0.458562284708023,0
0.1,98,"val",238,0.479587227106094,1
0.1,98,"val",239,0.478365123271942,0
0.1,98,"val",240,0.434596538543701,0
0.1,98,"val",241,0.433659970760345,0
0.1,98,"val",242,0.48402127623558,0
0.1,98,"val",243,0.481735050678253,1
0.1,98,"val",244,0.501894593238831,1
0.1,98,"val",245,0.495551824569702,1
0.1,98,"val",246,0.50853168964386,0
0.1,98,"val",247,0.503752052783966,1
0.1,98,"val",248,0.535931587219238,1
0.1,98,"val",249,0.535157144069672,0
0.1,98,"val",250,0.519552946090698,1
0.1,98,"val",251,0.513394057750702,1
0.1,98,"val",252,0.49190217256546,1
0.1,98,"val",253,0.502054214477539,1
0.1,98,"val",254,0.515983879566193,0
0.1,98,"val",255,0.512737452983856,0
0.1,98,"val",256,0.549823582172394,0
0.1,98,"val",257,0.538748145103455,0
0.1,98,"val",258,0.32489025592804,1
0.1,98,"val",259,0.429280757904053,1
0.1,98,"val",260,0.533852815628052,1
0.1,98,"val",261,0.518587946891785,1
0.1,98,"val",262,0.458562284708023,1
0.1,98,"val",263,0.45620733499527,0
0.1,98,"val",264,0.478365123271942,0
0.1,98,"val",265,0.478121310472488,1
0.1,98,"val",266,0.433659970760345,1
0.1,98,"val",267,0.433421790599823,0
0.1,98,"val",268,0.481735050678253,0
0.1,98,"val",269,0.481715261936188,0
0.1,98,"val",270,0.495551824569702,1
0.1,98,"val",271,0.486579179763794,1
0.1,98,"val",272,0.503752052783966,1
0.1,98,"val",273,0.518085837364197,1
0.1,98,"val",274,0.535157144069672,0
0.1,98,"val",275,0.544536590576172,0
0.1,98,"val",276,0.513394057750702,0
0.1,98,"val",277,0.516648530960083,0
0.1,98,"val",278,0.502054214477539,1
0.1,98,"val",279,0.503845632076263,1
0.1,98,"val",280,0.512737452983856,1
0.1,98,"val",281,0.525005578994751,1
0.1,98,"val",282,0.538748145103455,1
0.1,98,"val",283,0.524254322052002,1
0.1,98,"val",284,0.429280757904053,0
0.1,98,"val",285,0.454518586397171,0
0.1,98,"val",286,0.518587946891785,0
0.1,98,"val",287,0.527116119861603,0
0.1,98,"val",288,0.45620733499527,0
0.1,98,"val",289,0.452627122402191,0
0.1,98,"val",290,0.478121310472488,0
0.1,98,"val",291,0.480500459671021,0
0.1,98,"val",292,0.433421790599823,0
0.1,98,"val",293,0.413682162761688,0
0.1,98,"val",294,0.481715261936188,1
0.1,98,"val",295,0.482396870851517,1
0.1,98,"val",296,0.486579179763794,0
0.1,98,"val",297,0.51463907957077,0
0.1,98,"val",298,0.518085837364197,0
0.1,98,"val",299,0.529013931751251,1
0.1,98,"val",300,0.544536590576172,1
0.1,98,"val",301,0.531536519527435,1
0.1,98,"val",302,0.516648530960083,0
0.1,98,"val",303,0.502504825592041,0
0.1,98,"val",304,0.503845632076263,0
0.1,98,"test",1,0.480640351772308,0
0.1,98,"test",2,0.525005578994751,0
0.1,98,"test",3,0.532752752304077,1
0.1,98,"test",4,0.524254322052002,1
0.1,98,"test",5,0.524785757064819,1
0.1,98,"test",6,0.454518586397171,1
0.1,98,"test",7,0.432971179485321,1
0.1,98,"test",8,0.527116119861603,1
0.1,98,"test",9,0.512779891490936,1
0.1,98,"test",10,0.452627122402191,1
0.1,98,"test",11,0.457494288682938,1
0.1,98,"test",12,0.480500459671021,1
0.1,98,"test",13,0.478243947029114,1
0.1,98,"test",14,0.413682162761688,1
0.1,98,"test",15,0.422468036413193,1
0.1,98,"test",16,0.482396870851517,1
0.1,98,"test",17,0.488260477781296,0
0.1,98,"test",18,0.51463907957077,0
0.1,98,"test",19,0.518602132797241,0
0.1,98,"test",20,0.529013931751251,1
0.1,98,"test",21,0.540880382061005,1
0.1,98,"test",22,0.531536519527435,1
0.1,98,"test",23,0.528584003448486,0
0.1,98,"test",24,0.502504825592041,0
0.1,98,"test",25,0.518773555755615,0
0.1,98,"test",26,0.480640351772308,1
0.1,98,"test",27,0.489583164453506,1
0.1,98,"test",28,0.532752752304077,1
0.1,98,"test",29,0.532236993312836,0
0.1,98,"test",30,0.524785757064819,0
0.1,98,"test",31,0.537269949913025,0
0.1,98,"test",32,0.432971179485321,0
0.1,98,"test",33,0.393860727548599,0
0.1,98,"test",34,0.512779891490936,1
0.1,98,"test",35,0.517158210277557,1
0.1,98,"test",36,0.457494288682938,1
0.1,98,"test",37,0.461676746606827,1
0.1,98,"test",38,0.478243947029114,1
0.1,98,"test",39,0.477244645357132,1
0.1,98,"test",40,0.422468036413193,1
0.1,98,"test",41,0.41686338186264,1
0.1,98,"test",42,0.488260477781296,0
0.1,98,"test",43,0.498484998941422,0
0.1,98,"test",44,0.518602132797241,1
0.1,98,"test",45,0.515325844287872,1
0.1,98,"test",46,0.540880382061005,1
0.1,98,"test",47,0.517232239246368,0
0.1,98,"test",48,0.528584003448486,0
0.1,98,"test",49,0.527485907077789,0
0.1,98,"test",50,0.518773555755615,0
0.1,98,"test",51,0.501774668693542,1
0.1,98,"test",52,0.489583164453506,1
0.1,98,"test",53,0.49788036942482,1
0.1,98,"test",54,0.532236993312836,1
0.1,98,"test",55,0.52134895324707,0
0.1,98,"test",56,0.537269949913025,0
0.1,98,"test",57,0.580557227134705,0
0.1,98,"test",58,0.393860727548599,0
0.1,98,"test",59,0.371829390525818,1
0.1,98,"test",60,0.517158210277557,1
0.1,98,"test",61,0.508460640907288,1
0.1,98,"test",62,0.461676746606827,0
0.1,98,"test",63,0.456018477678299,1
0.1,98,"test",64,0.477244645357132,1
0.1,98,"test",65,0.477459937334061,1
0.1,98,"test",66,0.41686338186264,1
0.1,98,"test",67,0.406198561191559,1
0.1,98,"test",68,0.498484998941422,0
0.1,98,"test",69,0.4952192902565,0
0.1,98,"test",70,0.515325844287872,0
0.1,98,"test",71,0.49735826253891,1
0.1,98,"test",72,0.517232239246368,1
0.1,98,"test",73,0.508537471294403,0
0.1,98,"test",74,0.527485907077789,0
0.1,98,"test",75,0.532242715358734,0
0.1,98,"test",76,0.501774668693542,0
0.1,98,"test",77,0.507732391357422,0
0.1,98,"test",78,0.49788036942482,1
0.1,98,"test",79,0.522153735160828,0
0.1,98,"test",80,0.52134895324707,0
0.1,98,"test",81,0.53120756149292,1
0.1,98,"test",82,0.580557227134705,1
0.1,98,"test",83,0.543998241424561,1
0.1,98,"test",84,0.371829390525818,1
0.1,98,"test",85,0.391829818487167,0
0.1,98,"test",86,0.508460640907288,0
0.1,98,"test",87,0.510623455047607,0
0.1,98,"test",88,0.456018477678299,0
0.1,98,"test",89,0.452011078596115,0
0.1,98,"test",90,0.477459937334061,0
0.1,98,"test",91,0.478688716888428,1
0.1,98,"test",92,0.406198561191559,0
0.1,98,"test",93,0.403704285621643,0
0.1,98,"test",94,0.4952192902565,0
0.1,98,"test",95,0.494277060031891,0
0.1,98,"test",96,0.497358292341232,0
0.1,98,"test",97,0.501813650131226,1
0.1,98,"test",98,0.508537471294403,1
0.1,98,"test",99,0.516463458538055,1
0.1,98,"test",100,0.532242715358734,1
0.1,98,"test",101,0.529085040092468,1
0.1,98,"test",102,0.507732391357422,0
0.1,98,"test",103,0.502625703811646,0
0.1,98,"test",104,0.522153735160828,0
0.1,98,"test",105,0.5420942902565,0
0.1,98,"test",106,0.53120756149292,0
0.1,98,"test",107,0.511816322803497,0
0.1,98,"test",108,0.543998241424561,0
0.1,98,"test",109,0.55180025100708,0
0.1,98,"test",110,0.391829818487167,1
0.1,98,"test",111,0.30661079287529,1
0.1,98,"test",112,0.510623455047607,1
0.1,98,"test",113,0.515470504760742,0
0.1,98,"test",114,0.452011078596115,1
0.1,98,"test",115,0.47100493311882,1
0.1,98,"test",116,0.478688716888428,1
0.1,98,"test",117,0.479044139385223,1
0.1,98,"test",118,0.403704285621643,1
0.1,98,"test",119,0.413970977067947,0
0.1,98,"test",120,0.494277060031891,0
0.1,98,"test",121,0.479983657598495,0
0.1,98,"test",122,0.501813650131226,1
0.1,98,"test",123,0.500591158866882,1
0.1,98,"test",124,0.516463458538055,1
0.1,98,"test",125,0.508200883865356,0
0.1,98,"test",126,0.529085040092468,0
0.1,98,"test",127,0.52824068069458,0
0.1,98,"test",128,0.502625703811646,1
0.1,98,"test",129,0.498453855514526,1
0.1,98,"test",130,0.5420942902565,1
0.1,98,"test",131,0.546314775943756,1
0.1,98,"test",132,0.511816322803497,0
0.1,98,"test",133,0.577674448490143,0
0.1,98,"test",134,0.55180025100708,0
0.1,98,"test",135,0.543646216392517,0
0.1,98,"test",136,0.30661079287529,0
0.1,98,"test",137,0.392250388860703,1
0.1,98,"test",138,0.515470504760742,1
0.1,98,"test",139,0.518693029880524,1
0.1,98,"test",140,0.47100493311882,1
0.1,98,"test",141,0.472949087619781,1
0.1,98,"test",142,0.479044139385223,1
0.1,98,"test",143,0.481339424848557,1
0.1,98,"test",144,0.413970977067947,1
0.1,98,"test",145,0.405685693025589,1
0.1,98,"test",146,0.479983657598495,1
0.1,98,"test",147,0.478627026081085,1
0.1,98,"test",148,0.500591158866882,1
0.1,98,"test",149,0.522002756595612,1
0.1,98,"test",150,0.508200883865356,1
0.1,98,"test",151,0.511314928531647,1
0.1,98,"test",152,0.52824068069458,0
0.1,98,"test",153,0.543683052062988,0
0.1,98,"test",154,0.498453855514526,1
0.1,98,"test",155,0.492323964834213,1
0.1,98,"test",156,0.546314775943756,1
0.1,98,"test",157,0.531492948532104,0
0.1,98,"test",158,0.577674448490143,0
0.1,98,"test",159,0.541527926921844,0
0.1,98,"test",160,0.543646216392517,0
0.1,98,"test",161,0.541557550430298,0
0.1,98,"test",162,0.392250388860703,0
0.1,98,"test",163,0.446799427270889,0
0.1,98,"test",164,0.518693029880524,0
0.1,98,"test",165,0.517607986927032,1
0.1,98,"test",166,0.472949087619781,1
0.1,98,"test",167,0.461609214544296,0
0.1,98,"test",168,0.481339424848557,1
0.1,98,"test",169,0.480381369590759,1
0.1,98,"test",170,0.405685693025589,1
0.1,98,"test",171,0.411399811506271,0
0.1,98,"test",172,0.478627026081085,0
0.1,98,"test",173,0.475050210952759,1
0.1,98,"test",174,0.522002756595612,1
0.1,98,"test",175,0.510323345661163,1
0.1,98,"test",176,0.511314928531647,1
0.1,98,"test",177,0.511938571929932,0
0.1,98,"test",178,0.543683052062988,0
0.1,98,"test",179,0.528471708297729,0
0.1,98,"test",180,0.492323964834213,0
0.1,98,"test",181,0.514826595783234,0
0.1,98,"test",182,0.531492948532104,0
0.1,98,"test",183,0.529091119766235,0
0.1,98,"test",184,0.541527926921844,0
0.1,98,"test",185,0.523737609386444,0
0.1,98,"test",186,0.541557550430298,1
0.1,98,"test",187,0.53682941198349,0
0.1,98,"test",188,0.446799427270889,0
0.1,98,"test",189,0.448930978775024,0
0.1,98,"test",190,0.517607986927032,0
0.1,98,"test",191,0.481639921665192,0
0.1,98,"test",192,0.461609214544296,0
0.1,98,"test",193,0.471652954816818,0
0.1,98,"test",194,0.480381369590759,0
0.1,98,"test",195,0.482240974903107,0
0.1,98,"test",196,0.411399811506271,0
0.1,98,"test",197,0.426571100950241,1
0.1,98,"test",198,0.475050210952759,1
0.1,98,"test",199,0.479318201541901,1
0.1,98,"test",200,0.510323345661163,0
0.1,98,"test",201,0.508692800998688,0
0.1,98,"test",202,0.511938571929932,1
0.1,98,"test",203,0.531610369682312,0
0.1,98,"test",204,0.528471708297729,0
0.1,98,"test",205,0.526899218559265,0
0.1,98,"test",206,0.514826595783234,1
0.1,98,"test",207,0.507743656635284,0
0.1,98,"test",208,0.529091119766235,0
0.1,98,"test",209,0.503885746002197,0
0.1,98,"test",210,0.523737609386444,0
0.1,98,"test",211,0.524397134780884,0
0.1,98,"test",212,0.53682941198349,1
0.1,98,"test",213,0.560915589332581,0
0.1,98,"test",214,0.448930978775024,1
0.1,98,"test",215,0.328731000423431,1
0.1,98,"test",216,0.481639921665192,1
0.1,98,"test",217,0.466405808925629,0
0.1,98,"test",218,0.471652954816818,0
0.1,98,"test",219,0.469756215810776,1
0.1,98,"test",220,0.482240974903107,1
0.1,98,"test",221,0.480555564165115,0
0.1,98,"test",222,0.426571100950241,1
0.1,98,"test",223,0.406487822532654,1
0.1,98,"test",224,0.479318201541901,1
0.1,98,"test",225,0.487871438264847,0
0.1,98,"test",226,0.508692800998688,0
0.1,98,"test",227,0.510115265846252,0
0.1,98,"test",228,0.531610369682312,1
0.1,98,"test",229,0.513488471508026,1
0.1,98,"test",230,0.526899218559265,0
0.1,98,"test",231,0.517739832401276,1
0.1,98,"test",232,0.507743656635284,1
0.1,98,"test",233,0.515301585197449,1
0.1,98,"test",234,0.503885746002197,1
0.1,98,"test",235,0.507244467735291,1
0.1,98,"test",236,0.524397134780884,1
0.1,98,"test",237,0.532762825489044,0
0.1,98,"test",238,0.560915589332581,0
0.1,98,"test",239,0.543872833251953,0
0.1,98,"test",240,0.328731000423431,0
0.1,98,"test",241,0.293840080499649,0
0.1,98,"test",242,0.466405808925629,0
0.1,98,"test",243,0.50278913974762,0
0.1,98,"test",244,0.469756215810776,1
0.1,98,"test",245,0.454481333494186,1
0.1,98,"test",246,0.480555564165115,1
0.1,98,"test",247,0.484260380268097,1
0.1,98,"test",248,0.406487822532654,1
0.1,98,"test",249,0.387137293815613,1
0.1,98,"test",250,0.487871438264847,1
0.1,98,"test",251,0.490013033151627,1
0.1,98,"test",252,0.510115265846252,0
0.1,98,"test",253,0.524072289466858,0
0.1,98,"test",254,0.513488471508026,0
0.1,98,"test",255,0.505436420440674,1
0.1,98,"test",256,0.517739832401276,1
0.1,98,"test",257,0.532969892024994,1
0.1,98,"test",258,0.515301585197449,1
0.1,98,"test",259,0.509750545024872,1
0.1,98,"test",260,0.507244467735291,1
0.1,98,"test",261,0.493849188089371,1
0.1,98,"test",262,0.532762825489044,0
0.1,98,"test",263,0.514625728130341,0
0.1,98,"test",264,0.543872833251953,1
0.1,98,"test",265,0.546694338321686,1
0.1,98,"test",266,0.293840080499649,1
0.1,98,"test",267,0.426192730665207,1
0.1,98,"test",268,0.50278913974762,1
0.1,98,"test",269,0.509259462356567,1
0.1,98,"test",270,0.454481333494186,1
0.1,98,"test",271,0.469101160764694,1
0.1,98,"test",272,0.484260380268097,1
0.1,98,"test",273,0.481729328632355,1
0.1,98,"test",274,0.387137293815613,1
0.1,98,"test",275,0.407261043787003,1
0.1,98,"test",276,0.490013033151627,1
0.1,98,"test",277,0.470758676528931,1
0.1,98,"test",278,0.524072289466858,0
0.1,98,"test",279,0.543624758720398,0
0.1,98,"test",280,0.505436420440674,0
0.1,98,"test",281,0.515346109867096,0
0.1,98,"test",282,0.532969892024994,0
0.1,98,"test",283,0.524120211601257,0
0.1,98,"test",284,0.509750545024872,0
0.1,98,"test",285,0.505002796649933,0
0.1,98,"test",286,0.493849188089371,0
0.1,98,"test",287,0.54114180803299,0
0.1,98,"test",288,0.514625728130341,0
0.1,98,"test",289,0.527918577194214,0
0.1,98,"test",290,0.546694338321686,0
0.1,98,"test",291,0.524130344390869,0
0.1,98,"test",292,0.426192730665207,1
0.1,98,"test",293,0.480377793312073,1
0.1,98,"test",294,0.509259462356567,1
0.1,98,"test",295,0.511852443218231,0
0.1,98,"test",296,0.469101160764694,0
0.1,98,"test",297,0.465290516614914,1
0.1,98,"test",298,0.481729328632355,0
0.1,98,"test",299,0.482338100671768,0
0.1,98,"test",300,0.407261043787003,1
0.1,98,"test",301,0.35383328795433,1
0.1,98,"test",302,0.470758676528931,1
0.1,98,"test",303,0.488074719905853,0
0.1,98,"test",304,0.543624758720398,1
0.1,98,"test",305,0.5326327085495,0
0.1,41,"val",1,0.49875271320343,0
0.1,41,"val",2,0.473953187465668,1
0.1,41,"val",3,0.466345399618149,0
0.1,41,"val",4,0.484752684831619,1
0.1,41,"val",5,0.487901955842972,1
0.1,41,"val",6,0.379580438137054,1
0.1,41,"val",7,0.410462021827698,1
0.1,41,"val",8,0.491797655820847,1
0.1,41,"val",9,0.484057515859604,1
0.1,41,"val",10,0.508973002433777,1
0.1,41,"val",11,0.496565848588943,1
0.1,41,"val",12,0.497003614902496,1
0.1,41,"val",13,0.512959480285645,1
0.1,41,"val",14,0.509998679161072,1
0.1,41,"val",15,0.527431905269623,1
0.1,41,"val",16,0.502565562725067,1
0.1,41,"val",17,0.490592747926712,1
0.1,41,"val",18,0.478640884160995,1
0.1,41,"val",19,0.487883508205414,1
0.1,41,"val",20,0.564273953437805,1
0.1,41,"val",21,0.580701589584351,1
0.1,41,"val",22,0.532358646392822,1
0.1,41,"val",23,0.509487092494965,0
0.1,41,"val",24,0.497059166431427,0
0.1,41,"val",25,0.395115107297897,1
0.1,41,"val",26,0.49875271320343,0
0.1,41,"val",27,0.507373094558716,0
0.1,41,"val",28,0.466345399618149,0
0.1,41,"val",29,0.452326357364655,1
0.1,41,"val",30,0.487901955842972,1
0.1,41,"val",31,0.486119210720062,0
0.1,41,"val",32,0.410462021827698,0
0.1,41,"val",33,0.396854847669601,0
0.1,41,"val",34,0.484057515859604,0
0.1,41,"val",35,0.4827521443367,0
0.1,41,"val",36,0.496565848588943,0
0.1,41,"val",37,0.499823063611984,1
0.1,41,"val",38,0.512959480285645,1
0.1,41,"val",39,0.513048112392426,1
0.1,41,"val",40,0.527431905269623,0
0.1,41,"val",41,0.516535103321075,0
0.1,41,"val",42,0.490592747926712,0
0.1,41,"val",43,0.493129849433899,0
0.1,41,"val",44,0.487883508205414,0
0.1,41,"val",45,0.478885173797607,0
0.1,41,"val",46,0.580701589584351,0
0.1,41,"val",47,0.582837224006653,1
0.1,41,"val",48,0.509487092494965,1
0.1,41,"val",49,0.534417450428009,1
0.1,41,"val",50,0.395115107297897,1
0.1,41,"val",51,0.474326372146606,1
0.1,41,"val",52,0.507373094558716,1
0.1,41,"val",53,0.537138700485229,1
0.1,41,"val",54,0.452326357364655,1
0.1,41,"val",55,0.467922747135162,1
0.1,41,"val",56,0.486119210720062,1
0.1,41,"val",57,0.484756380319595,1
0.1,41,"val",58,0.396854847669601,1
0.1,41,"val",59,0.425790399312973,1
0.1,41,"val",60,0.4827521443367,1
0.1,41,"val",61,0.496990710496902,0
0.1,41,"val",62,0.499823063611984,1
0.1,41,"val",63,0.512381136417389,0
0.1,41,"val",64,0.513048112392426,0
0.1,41,"val",65,0.507294476032257,1
0.1,41,"val",66,0.516535103321075,1
0.1,41,"val",67,0.522244513034821,1
0.1,41,"val",68,0.493129849433899,1
0.1,41,"val",69,0.494025945663452,1
0.1,41,"val",70,0.478885173797607,1
0.1,41,"val",71,0.484205365180969,1
0.1,41,"val",72,0.582837224006653,1
0.1,41,"val",73,0.553485035896301,1
0.1,41,"val",74,0.534417450428009,1
0.1,41,"val",75,0.59873628616333,1
0.1,41,"val",76,0.474326372146606,0
0.1,41,"val",77,0.496529519557953,1
0.1,41,"val",78,0.537138700485229,1
0.1,41,"val",79,0.506016612052917,0
0.1,41,"val",80,0.467922747135162,0
0.1,41,"val",81,0.47663876414299,0
0.1,41,"val",82,0.484756380319595,1
0.1,41,"val",83,0.486667335033417,0
0.1,41,"val",84,0.425790399312973,0
0.1,41,"val",85,0.427163600921631,0
0.1,41,"val",86,0.496990710496902,1
0.1,41,"val",87,0.478129774332047,1
0.1,41,"val",88,0.512381136417389,1
0.1,41,"val",89,0.525834560394287,0
0.1,41,"val",90,0.507294476032257,0
0.1,41,"val",91,0.499066829681396,0
0.1,41,"val",92,0.522244513034821,0
0.1,41,"val",93,0.532488644123077,0
0.1,41,"val",94,0.494025945663452,0
0.1,41,"val",95,0.487603545188904,0
0.1,41,"val",96,0.484205365180969,1
0.1,41,"val",97,0.480478137731552,1
0.1,41,"val",98,0.553485035896301,1
0.1,41,"val",99,0.568902671337128,1
0.1,41,"val",100,0.59873628616333,0
0.1,41,"val",101,0.58620685338974,0
0.1,41,"val",102,0.496529519557953,0
0.1,41,"val",103,0.365604013204575,0
0.1,41,"val",104,0.506016612052917,1
0.1,41,"val",105,0.510847330093384,1
0.1,41,"val",106,0.47663876414299,1
0.1,41,"val",107,0.477161556482315,1
0.1,41,"val",108,0.486667335033417,1
0.1,41,"val",109,0.484136611223221,0
0.1,41,"val",110,0.427163600921631,0
0.1,41,"val",111,0.392322897911072,1
0.1,41,"val",112,0.478129774332047,1
0.1,41,"val",113,0.484975218772888,1
0.1,41,"val",114,0.525834560394287,0
0.1,41,"val",115,0.50912868976593,1
0.1,41,"val",116,0.499066829681396,0
0.1,41,"val",117,0.517287850379944,1
0.1,41,"val",118,0.532488644123077,1
0.1,41,"val",119,0.51051390171051,1
0.1,41,"val",120,0.487603545188904,0
0.1,41,"val",121,0.497463583946228,0
0.1,41,"val",122,0.480478137731552,0
0.1,41,"val",123,0.486370116472244,1
0.1,41,"val",124,0.568902671337128,1
0.1,41,"val",125,0.550164878368378,1
0.1,41,"val",126,0.58620685338974,1
0.1,41,"val",127,0.589919090270996,1
0.1,41,"val",128,0.365604013204575,1
0.1,41,"val",129,0.218989849090576,1
0.1,41,"val",130,0.510847330093384,1
0.1,41,"val",131,0.514683604240417,0
0.1,41,"val",132,0.477161556482315,0
0.1,41,"val",133,0.469582259654999,1
0.1,41,"val",134,0.484136611223221,1
0.1,41,"val",135,0.487253248691559,0
0.1,41,"val",136,0.392322897911072,0
0.1,41,"val",137,0.411895245313644,0
0.1,41,"val",138,0.484975218772888,0
0.1,41,"val",139,0.484077900648117,0
0.1,41,"val",140,0.50912868976593,0
0.1,41,"val",141,0.479888767004013,1
0.1,41,"val",142,0.517287850379944,1
0.1,41,"val",143,0.511207699775696,1
0.1,41,"val",144,0.51051390171051,0
0.1,41,"val",145,0.514597773551941,0
0.1,41,"val",146,0.497463583946228,0
0.1,41,"val",147,0.494644165039062,0
0.1,41,"val",148,0.486370116472244,0
0.1,41,"val",149,0.505471408367157,0
0.1,41,"val",150,0.550164878368378,0
0.1,41,"val",151,0.55951601266861,0
0.1,41,"val",152,0.589919090270996,1
0.1,41,"val",153,0.561094284057617,0
0.1,41,"val",154,0.218989849090576,1
0.1,41,"val",155,0.266210228204727,0
0.1,41,"val",156,0.514683604240417,0
0.1,41,"val",157,0.500708222389221,0
0.1,41,"val",158,0.469582259654999,0
0.1,41,"val",159,0.465449720621109,1
0.1,41,"val",160,0.487253189086914,1
0.1,41,"val",161,0.486229032278061,1
0.1,41,"val",162,0.411895245313644,1
0.1,41,"val",163,0.418435007333755,1
0.1,41,"val",164,0.484077900648117,0
0.1,41,"val",165,0.454380065202713,0
0.1,41,"val",166,0.479888767004013,0
0.1,41,"val",167,0.489088267087936,0
0.1,41,"val",168,0.511207699775696,1
0.1,41,"val",169,0.513400435447693,0
0.1,41,"val",170,0.514597773551941,0
0.1,41,"val",171,0.514623999595642,0
0.1,41,"val",172,0.494644165039062,1
0.1,41,"val",173,0.492519617080688,1
0.1,41,"val",174,0.505471408367157,1
0.1,41,"val",175,0.496560037136078,0
0.1,41,"val",176,0.55951601266861,0
0.1,41,"val",177,0.524909973144531,1
0.1,41,"val",178,0.561094284057617,0
0.1,41,"val",179,0.550219058990479,1
0.1,41,"val",180,0.266210228204727,0
0.1,41,"val",181,0.268368005752563,1
0.1,41,"val",182,0.500708222389221,1
0.1,41,"val",183,0.490424126386642,1
0.1,41,"val",184,0.465449720621109,0
0.1,41,"val",185,0.463447391986847,0
0.1,41,"val",186,0.486229032278061,0
0.1,41,"val",187,0.482814401388168,0
0.1,41,"val",188,0.418435007333755,0
0.1,41,"val",189,0.429203152656555,0
0.1,41,"val",190,0.454380065202713,0
0.1,41,"val",191,0.479198276996613,1
0.1,41,"val",192,0.489088267087936,0
0.1,41,"val",193,0.482674181461334,0
0.1,41,"val",194,0.513400435447693,0
0.1,41,"val",195,0.503305912017822,1
0.1,41,"val",196,0.514623999595642,1
0.1,41,"val",197,0.512810289859772,1
0.1,41,"val",198,0.492519617080688,1
0.1,41,"val",199,0.489002376794815,0
0.1,41,"val",200,0.496560037136078,0
0.1,41,"val",201,0.483337968587875,0
0.1,41,"val",202,0.524909973144531,0
0.1,41,"val",203,0.535286545753479,1
0.1,41,"val",204,0.550219058990479,1
0.1,41,"val",205,0.536957919597626,1
0.1,41,"val",206,0.268368005752563,0
0.1,41,"val",207,0.450716257095337,0
0.1,41,"val",208,0.490424126386642,0
0.1,41,"val",209,0.505739450454712,1
0.1,41,"val",210,0.463447391986847,1
0.1,41,"val",211,0.461586058139801,1
0.1,41,"val",212,0.482814401388168,1
0.1,41,"val",213,0.485654264688492,1
0.1,41,"val",214,0.429203152656555,1
0.1,41,"val",215,0.427612066268921,0
0.1,41,"val",216,0.479198276996613,0
0.1,41,"val",217,0.461781740188599,0
0.1,41,"val",218,0.482674181461334,0
0.1,41,"val",219,0.496509522199631,0
0.1,41,"val",220,0.503305912017822,0
0.1,41,"val",221,0.506349325180054,1
0.1,41,"val",222,0.512810289859772,1
0.1,41,"val",223,0.52127331495285,1
0.1,41,"val",224,0.489002376794815,0
0.1,41,"val",225,0.492243081331253,1
0.1,41,"val",226,0.483337968587875,1
0.1,41,"val",227,0.481606245040894,1
0.1,41,"val",228,0.535286545753479,0
0.1,41,"val",229,0.509981393814087,0
0.1,41,"val",230,0.536957919597626,0
0.1,41,"val",231,0.546961724758148,0
0.1,41,"val",232,0.450716257095337,0
0.1,41,"val",233,0.259087085723877,0
0.1,41,"val",234,0.505739450454712,0
0.1,41,"val",235,0.542190372943878,0
0.1,41,"val",236,0.461586058139801,0
0.1,41,"val",237,0.472748845815659,0
0.1,41,"val",238,0.485654264688492,1
0.1,41,"val",239,0.484716176986694,0
0.1,41,"val",240,0.427612066268921,0
0.1,41,"val",241,0.425782471895218,0
0.1,41,"val",242,0.461781740188599,0
0.1,41,"val",243,0.45683965086937,1
0.1,41,"val",244,0.496509522199631,1
0.1,41,"val",245,0.486477792263031,1
0.1,41,"val",246,0.506349325180054,0
0.1,41,"val",247,0.500840425491333,1
0.1,41,"val",248,0.52127331495285,1
0.1,41,"val",249,0.520107209682465,0
0.1,41,"val",250,0.492243081331253,1
0.1,41,"val",251,0.490187734365463,1
0.1,41,"val",252,0.481606245040894,1
0.1,41,"val",253,0.479575395584106,1
0.1,41,"val",254,0.509981393814087,0
0.1,41,"val",255,0.512190639972687,0
0.1,41,"val",256,0.546961724758148,0
0.1,41,"val",257,0.534302830696106,0
0.1,41,"val",258,0.259087085723877,1
0.1,41,"val",259,0.412149518728256,1
0.1,41,"val",260,0.542190372943878,1
0.1,41,"val",261,0.511841654777527,1
0.1,41,"val",262,0.472748845815659,1
0.1,41,"val",263,0.472892910242081,0
0.1,41,"val",264,0.484716176986694,0
0.1,41,"val",265,0.48431184887886,1
0.1,41,"val",266,0.425782471895218,1
0.1,41,"val",267,0.425433188676834,0
0.1,41,"val",268,0.45683965086937,0
0.1,41,"val",269,0.456316590309143,0
0.1,41,"val",270,0.486477792263031,1
0.1,41,"val",271,0.470369458198547,1
0.1,41,"val",272,0.500840425491333,1
0.1,41,"val",273,0.517151534557343,1
0.1,41,"val",274,0.520107209682465,0
0.1,41,"val",275,0.530086815357208,0
0.1,41,"val",276,0.490187734365463,0
0.1,41,"val",277,0.494453936815262,0
0.1,41,"val",278,0.479575395584106,1
0.1,41,"val",279,0.480840474367142,1
0.1,41,"val",280,0.512190639972687,1
0.1,41,"val",281,0.524343430995941,1
0.1,41,"val",282,0.534302830696106,1
0.1,41,"val",283,0.513611912727356,1
0.1,41,"val",284,0.412149518728256,0
0.1,41,"val",285,0.416420996189117,0
0.1,41,"val",286,0.511841654777527,0
0.1,41,"val",287,0.526337027549744,0
0.1,41,"val",288,0.472892910242081,0
0.1,41,"val",289,0.471343815326691,0
0.1,41,"val",290,0.48431184887886,0
0.1,41,"val",291,0.484599411487579,0
0.1,41,"val",292,0.425433188676834,0
0.1,41,"val",293,0.406379848718643,0
0.1,41,"val",294,0.456316590309143,1
0.1,41,"val",295,0.457630217075348,1
0.1,41,"val",296,0.470369458198547,0
0.1,41,"val",297,0.516770303249359,0
0.1,41,"val",298,0.517151534557343,0
0.1,41,"val",299,0.531040966510773,1
0.1,41,"val",300,0.530086815357208,1
0.1,41,"val",301,0.51620751619339,1
0.1,41,"val",302,0.494453936815262,0
0.1,41,"val",303,0.491355717182159,0
0.1,41,"val",304,0.480840474367142,0
0.1,41,"test",1,0.481424421072006,0
0.1,41,"test",2,0.524343430995941,0
0.1,41,"test",3,0.53593897819519,1
0.1,41,"test",4,0.513611912727356,1
0.1,41,"test",5,0.520641028881073,1
0.1,41,"test",6,0.416420996189117,1
0.1,41,"test",7,0.40432733297348,1
0.1,41,"test",8,0.526337027549744,1
0.1,41,"test",9,0.496437072753906,1
0.1,41,"test",10,0.471343815326691,1
0.1,41,"test",11,0.478323549032211,1
0.1,41,"test",12,0.484599411487579,1
0.1,41,"test",13,0.483965158462524,1
0.1,41,"test",14,0.406379848718643,1
0.1,41,"test",15,0.418108969926834,1
0.1,41,"test",16,0.457630217075348,1
0.1,41,"test",17,0.468469798564911,0
0.1,41,"test",18,0.516770303249359,0
0.1,41,"test",19,0.522746622562408,0
0.1,41,"test",20,0.531040966510773,1
0.1,41,"test",21,0.546159684658051,1
0.1,41,"test",22,0.51620751619339,1
0.1,41,"test",23,0.51244181394577,0
0.1,41,"test",24,0.491355717182159,0
0.1,41,"test",25,0.496660888195038,0
0.1,41,"test",26,0.481424421072006,1
0.1,41,"test",27,0.488043069839478,1
0.1,41,"test",28,0.53593897819519,1
0.1,41,"test",29,0.543145179748535,0
0.1,41,"test",30,0.520641028881073,0
0.1,41,"test",31,0.53443843126297,0
0.1,41,"test",32,0.40432733297348,0
0.1,41,"test",33,0.370899051427841,0
0.1,41,"test",34,0.496437072753906,1
0.1,41,"test",35,0.517438113689423,1
0.1,41,"test",36,0.478323549032211,1
0.1,41,"test",37,0.480956524610519,1
0.1,41,"test",38,0.483965158462524,1
0.1,41,"test",39,0.482181429862976,1
0.1,41,"test",40,0.418108969926834,1
0.1,41,"test",41,0.409278452396393,1
0.1,41,"test",42,0.468469798564911,0
0.1,41,"test",43,0.489262729883194,0
0.1,41,"test",44,0.522746622562408,1
0.1,41,"test",45,0.517887473106384,1
0.1,41,"test",46,0.546159684658051,1
0.1,41,"test",47,0.517683923244476,0
0.1,41,"test",48,0.51244181394577,0
0.1,41,"test",49,0.513840854167938,0
0.1,41,"test",50,0.496660888195038,0
0.1,41,"test",51,0.48855784535408,1
0.1,41,"test",52,0.488043069839478,1
0.1,41,"test",53,0.480149865150452,1
0.1,41,"test",54,0.543145179748535,1
0.1,41,"test",55,0.536385178565979,0
0.1,41,"test",56,0.53443843126297,0
0.1,41,"test",57,0.583886802196503,0
0.1,41,"test",58,0.370899051427841,0
0.1,41,"test",59,0.341186493635178,1
0.1,41,"test",60,0.517438113689423,1
0.1,41,"test",61,0.486454874277115,1
0.1,41,"test",62,0.480956524610519,0
0.1,41,"test",63,0.475066870450974,1
0.1,41,"test",64,0.482181429862976,1
0.1,41,"test",65,0.482774436473846,1
0.1,41,"test",66,0.409278452396393,1
0.1,41,"test",67,0.399946063756943,1
0.1,41,"test",68,0.489262729883194,0
0.1,41,"test",69,0.484626650810242,0
0.1,41,"test",70,0.517887473106384,0
0.1,41,"test",71,0.496423453092575,1
0.1,41,"test",72,0.517683923244476,1
0.1,41,"test",73,0.505924761295319,0
0.1,41,"test",74,0.513840854167938,0
0.1,41,"test",75,0.517609715461731,0
0.1,41,"test",76,0.48855784535408,0
0.1,41,"test",77,0.489176630973816,0
0.1,41,"test",78,0.480149865150452,1
0.1,41,"test",79,0.488324731588364,0
0.1,41,"test",80,0.536385178565979,0
0.1,41,"test",81,0.554448664188385,1
0.1,41,"test",82,0.583886802196503,1
0.1,41,"test",83,0.541956305503845,1
0.1,41,"test",84,0.341186493635178,1
0.1,41,"test",85,0.368324816226959,0
0.1,41,"test",86,0.486454874277115,0
0.1,41,"test",87,0.491401553153992,0
0.1,41,"test",88,0.475066870450974,0
0.1,41,"test",89,0.461391150951385,0
0.1,41,"test",90,0.482774436473846,0
0.1,41,"test",91,0.485525369644165,1
0.1,41,"test",92,0.399946063756943,0
0.1,41,"test",93,0.396994590759277,0
0.1,41,"test",94,0.484626650810242,0
0.1,41,"test",95,0.480991184711456,0
0.1,41,"test",96,0.496423453092575,0
0.1,41,"test",97,0.496843218803406,1
0.1,41,"test",98,0.505924761295319,1
0.1,41,"test",99,0.516467213630676,1
0.1,41,"test",100,0.517609715461731,1
0.1,41,"test",101,0.514764785766602,1
0.1,41,"test",102,0.489176630973816,0
0.1,41,"test",103,0.485953569412231,0
0.1,41,"test",104,0.488324731588364,0
0.1,41,"test",105,0.506309032440186,0
0.1,41,"test",106,0.554448664188385,0
0.1,41,"test",107,0.519182741641998,0
0.1,41,"test",108,0.541956305503845,0
0.1,41,"test",109,0.551027297973633,0
0.1,41,"test",110,0.368324816226959,1
0.1,41,"test",111,0.250201106071472,1
0.1,41,"test",112,0.491401553153992,1
0.1,41,"test",113,0.502116560935974,0
0.1,41,"test",114,0.461391150951385,1
0.1,41,"test",115,0.475492656230927,1
0.1,41,"test",116,0.485525369644165,1
0.1,41,"test",117,0.485448807477951,1
0.1,41,"test",118,0.396994590759277,1
0.1,41,"test",119,0.404068946838379,0
0.1,41,"test",120,0.480991184711456,0
0.1,41,"test",121,0.453946620225906,0
0.1,41,"test",122,0.496843218803406,1
0.1,41,"test",123,0.494934678077698,1
0.1,41,"test",124,0.516467213630676,1
0.1,41,"test",125,0.506232917308807,0
0.1,41,"test",126,0.514764785766602,0
0.1,41,"test",127,0.514833211898804,0
0.1,41,"test",128,0.485953569412231,1
0.1,41,"test",129,0.486240446567535,1
0.1,41,"test",130,0.506309032440186,1
0.1,41,"test",131,0.522418558597565,1
0.1,41,"test",132,0.519182741641998,0
0.1,41,"test",133,0.626620948314667,0
0.1,41,"test",134,0.551027297973633,0
0.1,41,"test",135,0.539903044700623,0
0.1,41,"test",136,0.250201106071472,0
0.1,41,"test",137,0.363800197839737,1
0.1,41,"test",138,0.502116560935974,1
0.1,41,"test",139,0.50652801990509,1
0.1,41,"test",140,0.475492656230927,1
0.1,41,"test",141,0.473581999540329,1
0.1,41,"test",142,0.485448807477951,1
0.1,41,"test",143,0.490100353956223,1
0.1,41,"test",144,0.404068946838379,1
0.1,41,"test",145,0.393487870693207,1
0.1,41,"test",146,0.453946620225906,1
0.1,41,"test",147,0.453006684780121,1
0.1,41,"test",148,0.494934678077698,1
0.1,41,"test",149,0.527350306510925,1
0.1,41,"test",150,0.506232917308807,1
0.1,41,"test",151,0.508979201316833,1
0.1,41,"test",152,0.514833211898804,0
0.1,41,"test",153,0.529296636581421,0
0.1,41,"test",154,0.486240446567535,1
0.1,41,"test",155,0.485861599445343,1
0.1,41,"test",156,0.522418558597565,1
0.1,41,"test",157,0.497474938631058,0
0.1,41,"test",158,0.626620948314667,0
0.1,41,"test",159,0.567595183849335,0
0.1,41,"test",160,0.539903044700623,0
0.1,41,"test",161,0.537032425403595,0
0.1,41,"test",162,0.363800197839737,0
0.1,41,"test",163,0.432451128959656,0
0.1,41,"test",164,0.50652801990509,0
0.1,41,"test",165,0.51158195734024,1
0.1,41,"test",166,0.473581999540329,1
0.1,41,"test",167,0.475070774555206,0
0.1,41,"test",168,0.490100353956223,1
0.1,41,"test",169,0.488814443349838,1
0.1,41,"test",170,0.393487870693207,1
0.1,41,"test",171,0.400053679943085,0
0.1,41,"test",172,0.453006684780121,0
0.1,41,"test",173,0.44593346118927,1
0.1,41,"test",174,0.527350306510925,1
0.1,41,"test",175,0.510313034057617,1
0.1,41,"test",176,0.508979201316833,1
0.1,41,"test",177,0.507950067520142,0
0.1,41,"test",178,0.529296636581421,0
0.1,41,"test",179,0.515224575996399,0
0.1,41,"test",180,0.485861599445343,0
0.1,41,"test",181,0.486919105052948,0
0.1,41,"test",182,0.497474938631058,0
0.1,41,"test",183,0.491233795881271,0
0.1,41,"test",184,0.567595183849335,0
0.1,41,"test",185,0.546870768070221,0
0.1,41,"test",186,0.537032425403595,1
0.1,41,"test",187,0.529978811740875,0
0.1,41,"test",188,0.432451128959656,0
0.1,41,"test",189,0.440080940723419,0
0.1,41,"test",190,0.51158195734024,0
0.1,41,"test",191,0.459037989377975,0
0.1,41,"test",192,0.475070774555206,0
0.1,41,"test",193,0.464064389467239,0
0.1,41,"test",194,0.488814443349838,0
0.1,41,"test",195,0.488909095525742,0
0.1,41,"test",196,0.400053679943085,0
0.1,41,"test",197,0.419415533542633,1
0.1,41,"test",198,0.44593346118927,1
0.1,41,"test",199,0.452778398990631,1
0.1,41,"test",200,0.510313034057617,0
0.1,41,"test",201,0.507511794567108,0
0.1,41,"test",202,0.507950067520142,1
0.1,41,"test",203,0.535774707794189,0
0.1,41,"test",204,0.515224575996399,0
0.1,41,"test",205,0.512844502925873,0
0.1,41,"test",206,0.486919105052948,1
0.1,41,"test",207,0.484531879425049,0
0.1,41,"test",208,0.491233795881271,0
0.1,41,"test",209,0.481967329978943,0
0.1,41,"test",210,0.546870768070221,0
0.1,41,"test",211,0.547690331935883,0
0.1,41,"test",212,0.529978811740875,1
0.1,41,"test",213,0.56175833940506,0
0.1,41,"test",214,0.440080940723419,1
0.1,41,"test",215,0.290922343730927,1
0.1,41,"test",216,0.459038019180298,1
0.1,41,"test",217,0.427744179964066,0
0.1,41,"test",218,0.464064389467239,0
0.1,41,"test",219,0.461663067340851,1
0.1,41,"test",220,0.488909095525742,1
0.1,41,"test",221,0.489101976156235,0
0.1,41,"test",222,0.419415533542633,1
0.1,41,"test",223,0.395090311765671,1
0.1,41,"test",224,0.452778398990631,1
0.1,41,"test",225,0.467866629362106,0
0.1,41,"test",226,0.507511794567108,0
0.1,41,"test",227,0.515240252017975,0
0.1,41,"test",228,0.535774707794189,1
0.1,41,"test",229,0.51023280620575,1
0.1,41,"test",230,0.512844502925873,0
0.1,41,"test",231,0.505849778652191,1
0.1,41,"test",232,0.484531879425049,1
0.1,41,"test",233,0.501139104366302,1
0.1,41,"test",234,0.481967329978943,1
0.1,41,"test",235,0.481842428445816,1
0.1,41,"test",236,0.547690331935883,1
0.1,41,"test",237,0.563024282455444,0
0.1,41,"test",238,0.56175833940506,0
0.1,41,"test",239,0.540054202079773,0
0.1,41,"test",240,0.290922343730927,0
0.1,41,"test",241,0.257525354623795,0
0.1,41,"test",242,0.427744179964066,0
0.1,41,"test",243,0.472516000270844,0
0.1,41,"test",244,0.461663067340851,1
0.1,41,"test",245,0.457099914550781,1
0.1,41,"test",246,0.489101976156235,1
0.1,41,"test",247,0.491546869277954,1
0.1,41,"test",248,0.395090311765671,1
0.1,41,"test",249,0.381948113441467,1
0.1,41,"test",250,0.467866629362106,1
0.1,41,"test",251,0.471431314945221,1
0.1,41,"test",252,0.515240252017975,0
0.1,41,"test",253,0.528947591781616,0
0.1,41,"test",254,0.51023280620575,0
0.1,41,"test",255,0.500683724880219,1
0.1,41,"test",256,0.505849778652191,1
0.1,41,"test",257,0.518777370452881,1
0.1,41,"test",258,0.501139104366302,1
0.1,41,"test",259,0.489236235618591,1
0.1,41,"test",260,0.481842428445816,1
0.1,41,"test",261,0.483916193246841,1
0.1,41,"test",262,0.563024282455444,0
0.1,41,"test",263,0.541808307170868,0
0.1,41,"test",264,0.540054202079773,1
0.1,41,"test",265,0.545105695724487,1
0.1,41,"test",266,0.257525354623795,1
0.1,41,"test",267,0.424983978271484,1
0.1,41,"test",268,0.472516000270844,1
0.1,41,"test",269,0.486509084701538,1
0.1,41,"test",270,0.457099914550781,1
0.1,41,"test",271,0.472524374723434,1
0.1,41,"test",272,0.491546869277954,1
0.1,41,"test",273,0.487995713949203,1
0.1,41,"test",274,0.381948113441467,1
0.1,41,"test",275,0.396443486213684,1
0.1,41,"test",276,0.471431314945221,1
0.1,41,"test",277,0.4481041431427,1
0.1,41,"test",278,0.528947591781616,0
0.1,41,"test",279,0.550334870815277,0
0.1,41,"test",280,0.500683724880219,0
0.1,41,"test",281,0.515691041946411,0
0.1,41,"test",282,0.518777370452881,0
0.1,41,"test",283,0.510140538215637,0
0.1,41,"test",284,0.489236235618591,0
0.1,41,"test",285,0.496361672878265,0
0.1,41,"test",286,0.483916193246841,0
0.1,41,"test",287,0.506914854049683,0
0.1,41,"test",288,0.541808307170868,0
0.1,41,"test",289,0.551808297634125,0
0.1,41,"test",290,0.545105695724487,0
0.1,41,"test",291,0.518223643302917,0
0.1,41,"test",292,0.424983978271484,1
0.1,41,"test",293,0.472794622182846,1
0.1,41,"test",294,0.486509084701538,1
0.1,41,"test",295,0.504706025123596,0
0.1,41,"test",296,0.472524374723434,0
0.1,41,"test",297,0.474435955286026,1
0.1,41,"test",298,0.487995713949203,0
0.1,41,"test",299,0.489966690540314,0
0.1,41,"test",300,0.396443486213684,1
0.1,41,"test",301,0.328171908855438,1
0.1,41,"test",302,0.4481041431427,1
0.1,41,"test",303,0.470223218202591,0
0.1,41,"test",304,0.550334870815277,1
0.1,41,"test",305,0.538942635059357,0
0.1,64,"val",1,0.506043672561646,0
0.1,64,"val",2,0.459477096796036,1
0.1,64,"val",3,0.451449304819107,0
0.1,64,"val",4,0.475245833396912,1
0.1,64,"val",5,0.482658922672272,1
0.1,64,"val",6,0.373471230268478,1
0.1,64,"val",7,0.39116907119751,1
0.1,64,"val",8,0.518566012382507,1
0.1,64,"val",9,0.510556995868683,1
0.1,64,"val",10,0.519920647144318,1
0.1,64,"val",11,0.50386369228363,1
0.1,64,"val",12,0.487171560525894,1
0.1,64,"val",13,0.505289316177368,1
0.1,64,"val",14,0.509480774402618,1
0.1,64,"val",15,0.54375547170639,1
0.1,64,"val",16,0.516006648540497,1
0.1,64,"val",17,0.487694919109344,1
0.1,64,"val",18,0.476145416498184,1
0.1,64,"val",19,0.489134132862091,1
0.1,64,"val",20,0.54087233543396,1
0.1,64,"val",21,0.566963791847229,1
0.1,64,"val",22,0.559481680393219,1
0.1,64,"val",23,0.525662124156952,0
0.1,64,"val",24,0.508301258087158,0
0.1,64,"val",25,0.379731804132462,1
0.1,64,"val",26,0.506043672561646,0
0.1,64,"val",27,0.514944791793823,0
0.1,64,"val",28,0.451449304819107,0
0.1,64,"val",29,0.394348859786987,1
0.1,64,"val",30,0.482658922672272,1
0.1,64,"val",31,0.479241937398911,0
0.1,64,"val",32,0.39116907119751,0
0.1,64,"val",33,0.386334300041199,0
0.1,64,"val",34,0.510556995868683,0
0.1,64,"val",35,0.505363345146179,0
0.1,64,"val",36,0.50386369228363,0
0.1,64,"val",37,0.507638990879059,1
0.1,64,"val",38,0.505289316177368,1
0.1,64,"val",39,0.506227791309357,1
0.1,64,"val",40,0.54375547170639,0
0.1,64,"val",41,0.52387398481369,0
0.1,64,"val",42,0.487694919109344,0
0.1,64,"val",43,0.493825674057007,0
0.1,64,"val",44,0.489134132862091,0
0.1,64,"val",45,0.470756262540817,0
0.1,64,"val",46,0.566963791847229,0
0.1,64,"val",47,0.561515331268311,1
0.1,64,"val",48,0.525662124156952,1
0.1,64,"val",49,0.563068509101868,1
0.1,64,"val",50,0.379731804132462,1
0.1,64,"val",51,0.475166708230972,1
0.1,64,"val",52,0.514944791793823,1
0.1,64,"val",53,0.547383904457092,1
0.1,64,"val",54,0.394348859786987,1
0.1,64,"val",55,0.437415719032288,1
0.1,64,"val",56,0.479241937398911,1
0.1,64,"val",57,0.475629061460495,1
0.1,64,"val",58,0.386334300041199,1
0.1,64,"val",59,0.404740512371063,1
0.1,64,"val",60,0.505363345146179,1
0.1,64,"val",61,0.512963056564331,0
0.1,64,"val",62,0.507638990879059,1
0.1,64,"val",63,0.52536416053772,0
0.1,64,"val",64,0.506227791309357,0
0.1,64,"val",65,0.499391436576843,1
0.1,64,"val",66,0.52387398481369,1
0.1,64,"val",67,0.533438384532928,1
0.1,64,"val",68,0.493825674057007,1
0.1,64,"val",69,0.499041467905045,1
0.1,64,"val",70,0.470756262540817,1
0.1,64,"val",71,0.482936441898346,1
0.1,64,"val",72,0.561515331268311,1
0.1,64,"val",73,0.530496001243591,1
0.1,64,"val",74,0.563068509101868,1
0.1,64,"val",75,0.648481667041779,1
0.1,64,"val",76,0.475166708230972,0
0.1,64,"val",77,0.494320213794708,1
0.1,64,"val",78,0.547383904457092,1
0.1,64,"val",79,0.512767612934113,0
0.1,64,"val",80,0.437415719032288,0
0.1,64,"val",81,0.461889863014221,0
0.1,64,"val",82,0.475629061460495,1
0.1,64,"val",83,0.479866057634354,0
0.1,64,"val",84,0.404740512371063,0
0.1,64,"val",85,0.402583003044128,0
0.1,64,"val",86,0.512963056564331,1
0.1,64,"val",87,0.494163870811462,1
0.1,64,"val",88,0.52536416053772,1
0.1,64,"val",89,0.543920636177063,0
0.1,64,"val",90,0.499391436576843,0
0.1,64,"val",91,0.489910870790482,0
0.1,64,"val",92,0.533438384532928,0
0.1,64,"val",93,0.562252938747406,0
0.1,64,"val",94,0.499041467905045,0
0.1,64,"val",95,0.482672870159149,0
0.1,64,"val",96,0.482936441898346,1
0.1,64,"val",97,0.474365651607513,1
0.1,64,"val",98,0.530496001243591,1
0.1,64,"val",99,0.549104571342468,1
0.1,64,"val",100,0.648481667041779,0
0.1,64,"val",101,0.631814777851105,0
0.1,64,"val",102,0.494320213794708,0
0.1,64,"val",103,0.342023283243179,0
0.1,64,"val",104,0.512767612934113,1
0.1,64,"val",105,0.513175427913666,1
0.1,64,"val",106,0.461889863014221,1
0.1,64,"val",107,0.460768431425095,1
0.1,64,"val",108,0.479866057634354,1
0.1,64,"val",109,0.474265605211258,0
0.1,64,"val",110,0.402583003044128,0
0.1,64,"val",111,0.378580242395401,1
0.1,64,"val",112,0.494163870811462,1
0.1,64,"val",113,0.50610625743866,1
0.1,64,"val",114,0.543920636177063,0
0.1,64,"val",115,0.520941317081451,1
0.1,64,"val",116,0.489910870790482,0
0.1,64,"val",117,0.51140171289444,1
0.1,64,"val",118,0.562252938747406,1
0.1,64,"val",119,0.510031223297119,1
0.1,64,"val",120,0.482672870159149,0
0.1,64,"val",121,0.51206248998642,0
0.1,64,"val",122,0.474365651607513,0
0.1,64,"val",123,0.481241464614868,1
0.1,64,"val",124,0.549104571342468,1
0.1,64,"val",125,0.523142337799072,1
0.1,64,"val",126,0.631814777851105,1
0.1,64,"val",127,0.634160935878754,1
0.1,64,"val",128,0.342023313045502,1
0.1,64,"val",129,0.170483976602554,1
0.1,64,"val",130,0.513175427913666,1
0.1,64,"val",131,0.518660008907318,0
0.1,64,"val",132,0.460768431425095,0
0.1,64,"val",133,0.452046245336533,1
0.1,64,"val",134,0.474265605211258,1
0.1,64,"val",135,0.482294201850891,0
0.1,64,"val",136,0.378580242395401,0
0.1,64,"val",137,0.395138770341873,0
0.1,64,"val",138,0.50610625743866,0
0.1,64,"val",139,0.497036933898926,0
0.1,64,"val",140,0.520941317081451,0
0.1,64,"val",141,0.480290472507477,1
0.1,64,"val",142,0.51140171289444,1
0.1,64,"val",143,0.503498315811157,1
0.1,64,"val",144,0.510031223297119,0
0.1,64,"val",145,0.515294790267944,0
0.1,64,"val",146,0.51206248998642,0
0.1,64,"val",147,0.506855845451355,0
0.1,64,"val",148,0.481241464614868,0
0.1,64,"val",149,0.530118703842163,0
0.1,64,"val",150,0.523142337799072,0
0.1,64,"val",151,0.527368664741516,0
0.1,64,"val",152,0.634160935878754,1
0.1,64,"val",153,0.583110868930817,0
0.1,64,"val",154,0.170483976602554,1
0.1,64,"val",155,0.219688832759857,0
0.1,64,"val",156,0.518660008907318,0
0.1,64,"val",157,0.504034280776978,0
0.1,64,"val",158,0.452046245336533,0
0.1,64,"val",159,0.454419106245041,1
0.1,64,"val",160,0.482294201850891,1
0.1,64,"val",161,0.478294253349304,1
0.1,64,"val",162,0.395138770341873,1
0.1,64,"val",163,0.389459192752838,1
0.1,64,"val",164,0.497036933898926,0
0.1,64,"val",165,0.475010573863983,0
0.1,64,"val",166,0.480290472507477,0
0.1,64,"val",167,0.493032991886139,0
0.1,64,"val",168,0.503498315811157,1
0.1,64,"val",169,0.506657123565674,0
0.1,64,"val",170,0.515294790267944,0
0.1,64,"val",171,0.515261828899384,0
0.1,64,"val",172,0.506855845451355,1
0.1,64,"val",173,0.502661824226379,1
0.1,64,"val",174,0.530118703842163,1
0.1,64,"val",175,0.496893018484116,0
0.1,64,"val",176,0.527368664741516,0
0.1,64,"val",177,0.491811335086823,1
0.1,64,"val",178,0.583110868930817,0
0.1,64,"val",179,0.580043852329254,1
0.1,64,"val",180,0.219688832759857,0
0.1,64,"val",181,0.221995010972023,1
0.1,64,"val",182,0.504034280776978,1
0.1,64,"val",183,0.488651931285858,1
0.1,64,"val",184,0.454419106245041,0
0.1,64,"val",185,0.450919330120087,0
0.1,64,"val",186,0.478294253349304,0
0.1,64,"val",187,0.469875067472458,0
0.1,64,"val",188,0.389459192752838,0
0.1,64,"val",189,0.408514648675919,0
0.1,64,"val",190,0.475010573863983,0
0.1,64,"val",191,0.504735171794891,1
0.1,64,"val",192,0.493032991886139,0
0.1,64,"val",193,0.485067129135132,0
0.1,64,"val",194,0.506657123565674,0
0.1,64,"val",195,0.493813991546631,1
0.1,64,"val",196,0.515261828899384,1
0.1,64,"val",197,0.519175112247467,1
0.1,64,"val",198,0.502661824226379,1
0.1,64,"val",199,0.48942631483078,0
0.1,64,"val",200,0.496893018484116,0
0.1,64,"val",201,0.479270815849304,0
0.1,64,"val",202,0.491811335086823,0
0.1,64,"val",203,0.5048987865448,1
0.1,64,"val",204,0.580043852329254,1
0.1,64,"val",205,0.566475510597229,1
0.1,64,"val",206,0.221995010972023,0
0.1,64,"val",207,0.448167771100998,0
0.1,64,"val",208,0.488651931285858,0
0.1,64,"val",209,0.513322412967682,1
0.1,64,"val",210,0.450919330120087,1
0.1,64,"val",211,0.445318549871445,1
0.1,64,"val",212,0.469875067472458,1
0.1,64,"val",213,0.475539356470108,1
0.1,64,"val",214,0.408514648675919,1
0.1,64,"val",215,0.40371111035347,0
0.1,64,"val",216,0.504735171794891,0
0.1,64,"val",217,0.484125047922134,0
0.1,64,"val",218,0.485067129135132,0
0.1,64,"val",219,0.503882229328156,0
0.1,64,"val",220,0.493813991546631,0
0.1,64,"val",221,0.498199820518494,1
0.1,64,"val",222,0.519175112247467,1
0.1,64,"val",223,0.536934733390808,1
0.1,64,"val",224,0.48942631483078,0
0.1,64,"val",225,0.513348162174225,1
0.1,64,"val",226,0.479270815849304,1
0.1,64,"val",227,0.47611266374588,1
0.1,64,"val",228,0.5048987865448,0
0.1,64,"val",229,0.488454759120941,0
0.1,64,"val",230,0.566475510597229,0
0.1,64,"val",231,0.573170006275177,0
0.1,64,"val",232,0.448167771100998,0
0.1,64,"val",233,0.21383173763752,0
0.1,64,"val",234,0.513322412967682,0
0.1,64,"val",235,0.551294088363647,0
0.1,64,"val",236,0.445318549871445,0
0.1,64,"val",237,0.454444169998169,0
0.1,64,"val",238,0.475539356470108,1
0.1,64,"val",239,0.474887281656265,0
0.1,64,"val",240,0.40371111035347,0
0.1,64,"val",241,0.404945969581604,0
0.1,64,"val",242,0.484125047922134,0
0.1,64,"val",243,0.478157311677933,1
0.1,64,"val",244,0.503882229328156,1
0.1,64,"val",245,0.490059018135071,1
0.1,64,"val",246,0.498199820518494,0
0.1,64,"val",247,0.491345047950745,1
0.1,64,"val",248,0.536934733390808,1
0.1,64,"val",249,0.536391377449036,0
0.1,64,"val",250,0.513348162174225,1
0.1,64,"val",251,0.504095911979675,1
0.1,64,"val",252,0.47611266374588,1
0.1,64,"val",253,0.479725748300552,1
0.1,64,"val",254,0.488454759120941,0
0.1,64,"val",255,0.486131310462952,0
0.1,64,"val",256,0.573170006275177,0
0.1,64,"val",257,0.555901408195496,0
0.1,64,"val",258,0.21383173763752,1
0.1,64,"val",259,0.399420469999313,1
0.1,64,"val",260,0.551294088363647,1
0.1,64,"val",261,0.515296936035156,1
0.1,64,"val",262,0.454444169998169,1
0.1,64,"val",263,0.452341318130493,0
0.1,64,"val",264,0.474887281656265,0
0.1,64,"val",265,0.474214196205139,1
0.1,64,"val",266,0.404945969581604,1
0.1,64,"val",267,0.40496826171875,0
0.1,64,"val",268,0.478157311677933,0
0.1,64,"val",269,0.476938247680664,0
0.1,64,"val",270,0.490059018135071,1
0.1,64,"val",271,0.468259006738663,1
0.1,64,"val",272,0.491345047950745,1
0.1,64,"val",273,0.510801613330841,1
0.1,64,"val",274,0.536391377449036,0
0.1,64,"val",275,0.560184717178345,0
0.1,64,"val",276,0.504095911979675,0
0.1,64,"val",277,0.515144288539886,0
0.1,64,"val",278,0.479725748300552,1
0.1,64,"val",279,0.482416749000549,1
0.1,64,"val",280,0.486131310462952,1
0.1,64,"val",281,0.502186894416809,1
0.1,64,"val",282,0.555901408195496,1
0.1,64,"val",283,0.532452881336212,1
0.1,64,"val",284,0.399420469999313,0
0.1,64,"val",285,0.408463835716248,0
0.1,64,"val",286,0.515296936035156,0
0.1,64,"val",287,0.533834636211395,0
0.1,64,"val",288,0.452341318130493,0
0.1,64,"val",289,0.447883516550064,0
0.1,64,"val",290,0.474214196205139,0
0.1,64,"val",291,0.472302705049515,0
0.1,64,"val",292,0.40496826171875,0
0.1,64,"val",293,0.384639799594879,0
0.1,64,"val",294,0.476938247680664,1
0.1,64,"val",295,0.477266043424606,1
0.1,64,"val",296,0.468259006738663,0
0.1,64,"val",297,0.531343758106232,0
0.1,64,"val",298,0.510801613330841,0
0.1,64,"val",299,0.52716064453125,1
0.1,64,"val",300,0.560184717178345,1
0.1,64,"val",301,0.529190063476562,1
0.1,64,"val",302,0.515144288539886,0
0.1,64,"val",303,0.496786594390869,0
0.1,64,"val",304,0.482416749000549,0
0.1,64,"test",1,0.467565417289734,0
0.1,64,"test",2,0.502186894416809,0
0.1,64,"test",3,0.514194071292877,1
0.1,64,"test",4,0.532452881336212,1
0.1,64,"test",5,0.532206535339355,1
0.1,64,"test",6,0.408463835716248,1
0.1,64,"test",7,0.391211599111557,1
0.1,64,"test",8,0.533834636211395,1
0.1,64,"test",9,0.497848391532898,1
0.1,64,"test",10,0.447883516550064,1
0.1,64,"test",11,0.45732581615448,1
0.1,64,"test",12,0.472302705049515,1
0.1,64,"test",13,0.474205732345581,1
0.1,64,"test",14,0.384639799594879,1
0.1,64,"test",15,0.388941586017609,1
0.1,64,"test",16,0.477266043424606,1
0.1,64,"test",17,0.490835309028625,0
0.1,64,"test",18,0.531343758106232,0
0.1,64,"test",19,0.53954142332077,0
0.1,64,"test",20,0.52716064453125,1
0.1,64,"test",21,0.546090960502625,1
0.1,64,"test",22,0.529190063476562,1
0.1,64,"test",23,0.524696350097656,0
0.1,64,"test",24,0.496786594390869,0
0.1,64,"test",25,0.520739614963531,0
0.1,64,"test",26,0.467565417289734,1
0.1,64,"test",27,0.481929898262024,1
0.1,64,"test",28,0.514194071292877,1
0.1,64,"test",29,0.516379237174988,0
0.1,64,"test",30,0.532206535339355,0
0.1,64,"test",31,0.552288413047791,0
0.1,64,"test",32,0.391211599111557,0
0.1,64,"test",33,0.346977114677429,0
0.1,64,"test",34,0.497848391532898,1
0.1,64,"test",35,0.519777119159698,1
0.1,64,"test",36,0.45732581615448,1
0.1,64,"test",37,0.462600737810135,1
0.1,64,"test",38,0.474205732345581,1
0.1,64,"test",39,0.470344185829163,1
0.1,64,"test",40,0.388941586017609,1
0.1,64,"test",41,0.387559235095978,1
0.1,64,"test",42,0.490835309028625,0
0.1,64,"test",43,0.504860877990723,0
0.1,64,"test",44,0.53954142332077,1
0.1,64,"test",45,0.532911598682404,1
0.1,64,"test",46,0.546090960502625,1
0.1,64,"test",47,0.511889040470123,0
0.1,64,"test",48,0.524696350097656,0
0.1,64,"test",49,0.51783299446106,0
0.1,64,"test",50,0.520739614963531,0
0.1,64,"test",51,0.490185797214508,1
0.1,64,"test",52,0.481929898262024,1
0.1,64,"test",53,0.477935314178467,1
0.1,64,"test",54,0.516379237174988,1
0.1,64,"test",55,0.502788245677948,0
0.1,64,"test",56,0.552288413047791,0
0.1,64,"test",57,0.614802479743958,0
0.1,64,"test",58,0.346977114677429,0
0.1,64,"test",59,0.30933803319931,1
0.1,64,"test",60,0.519777119159698,1
0.1,64,"test",61,0.492802858352661,1
0.1,64,"test",62,0.462600737810135,0
0.1,64,"test",63,0.453630834817886,1
0.1,64,"test",64,0.470344185829163,1
0.1,64,"test",65,0.471009165048599,1
0.1,64,"test",66,0.387559235095978,1
0.1,64,"test",67,0.378455013036728,1
0.1,64,"test",68,0.504860877990723,0
0.1,64,"test",69,0.497203081846237,0
0.1,64,"test",70,0.532911598682404,0
0.1,64,"test",71,0.498832106590271,1
0.1,64,"test",72,0.511889040470123,1
0.1,64,"test",73,0.497768223285675,0
0.1,64,"test",74,0.51783299446106,0
0.1,64,"test",75,0.528988122940063,0
0.1,64,"test",76,0.490185797214508,0
0.1,64,"test",77,0.4969202876091,0
0.1,64,"test",78,0.477935314178467,1
0.1,64,"test",79,0.503104209899902,0
0.1,64,"test",80,0.502788245677948,0
0.1,64,"test",81,0.519403576850891,1
0.1,64,"test",82,0.614802479743958,1
0.1,64,"test",83,0.562910079956055,1
0.1,64,"test",84,0.30933803319931,1
0.1,64,"test",85,0.343693524599075,0
0.1,64,"test",86,0.492802858352661,0
0.1,64,"test",87,0.491904437541962,0
0.1,64,"test",88,0.453630834817886,0
0.1,64,"test",89,0.442939102649689,0
0.1,64,"test",90,0.471009165048599,0
0.1,64,"test",91,0.477547824382782,1
0.1,64,"test",92,0.378455013036728,0
0.1,64,"test",93,0.376967906951904,0
0.1,64,"test",94,0.497203081846237,0
0.1,64,"test",95,0.498751789331436,0
0.1,64,"test",96,0.498832106590271,0
0.1,64,"test",97,0.50420480966568,1
0.1,64,"test",98,0.497768223285675,1
0.1,64,"test",99,0.510386824607849,1
0.1,64,"test",100,0.528988122940063,1
0.1,64,"test",101,0.522229075431824,1
0.1,64,"test",102,0.4969202876091,0
0.1,64,"test",103,0.483855694532394,0
0.1,64,"test",104,0.503104209899902,0
0.1,64,"test",105,0.53808331489563,0
0.1,64,"test",106,0.519403576850891,0
0.1,64,"test",107,0.487670451402664,0
0.1,64,"test",108,0.562910079956055,0
0.1,64,"test",109,0.574604213237762,0
0.1,64,"test",110,0.343693524599075,1
0.1,64,"test",111,0.201803475618362,1
0.1,64,"test",112,0.491904437541962,1
0.1,64,"test",113,0.504857182502747,0
0.1,64,"test",114,0.442939102649689,1
0.1,64,"test",115,0.465999096632004,1
0.1,64,"test",116,0.477547824382782,1
0.1,64,"test",117,0.475727498531342,1
0.1,64,"test",118,0.376967906951904,1
0.1,64,"test",119,0.387606978416443,0
0.1,64,"test",120,0.498751789331436,0
0.1,64,"test",121,0.474745690822601,0
0.1,64,"test",122,0.50420480966568,1
0.1,64,"test",123,0.501570105552673,1
0.1,64,"test",124,0.510386824607849,1
0.1,64,"test",125,0.497973680496216,0
0.1,64,"test",126,0.522229075431824,0
0.1,64,"test",127,0.518031716346741,0
0.1,64,"test",128,0.483855694532394,1
0.1,64,"test",129,0.481024265289307,1
0.1,64,"test",130,0.53808331489563,1
0.1,64,"test",131,0.557985424995422,1
0.1,64,"test",132,0.487670451402664,0
0.1,64,"test",133,0.599765002727509,0
0.1,64,"test",134,0.574604213237762,0
0.1,64,"test",135,0.563562035560608,0
0.1,64,"test",136,0.201803475618362,0
0.1,64,"test",137,0.33849623799324,1
0.1,64,"test",138,0.504857182502747,1
0.1,64,"test",139,0.511877179145813,1
0.1,64,"test",140,0.465999096632004,1
0.1,64,"test",141,0.466471791267395,1
0.1,64,"test",142,0.475727498531342,1
0.1,64,"test",143,0.485841542482376,1
0.1,64,"test",144,0.387606978416443,1
0.1,64,"test",145,0.38221749663353,1
0.1,64,"test",146,0.474745690822601,1
0.1,64,"test",147,0.472905457019806,1
0.1,64,"test",148,0.501570105552673,1
0.1,64,"test",149,0.545961737632751,1
0.1,64,"test",150,0.497973680496216,1
0.1,64,"test",151,0.501360356807709,1
0.1,64,"test",152,0.518031716346741,0
0.1,64,"test",153,0.548267722129822,0
0.1,64,"test",154,0.481024265289307,1
0.1,64,"test",155,0.4743812084198,1
0.1,64,"test",156,0.557985424995422,1
0.1,64,"test",157,0.520361721515656,0
0.1,64,"test",158,0.599765002727509,0
0.1,64,"test",159,0.535314679145813,0
0.1,64,"test",160,0.563562035560608,0
0.1,64,"test",161,0.560415089130402,0
0.1,64,"test",162,0.33849623799324,0
0.1,64,"test",163,0.424466609954834,0
0.1,64,"test",164,0.511877179145813,0
0.1,64,"test",165,0.514342248439789,1
0.1,64,"test",166,0.466471791267395,1
0.1,64,"test",167,0.458526045084,0
0.1,64,"test",168,0.485841542482376,1
0.1,64,"test",169,0.484753251075745,1
0.1,64,"test",170,0.38221749663353,1
0.1,64,"test",171,0.386907130479813,0
0.1,64,"test",172,0.472905457019806,0
0.1,64,"test",173,0.464599668979645,1
0.1,64,"test",174,0.545961737632751,1
0.1,64,"test",175,0.522561848163605,1
0.1,64,"test",176,0.501360356807709,1
0.1,64,"test",177,0.499776065349579,0
0.1,64,"test",178,0.548267722129822,0
0.1,64,"test",179,0.517078459262848,0
0.1,64,"test",180,0.4743812084198,0
0.1,64,"test",181,0.496711194515228,0
0.1,64,"test",182,0.520361721515656,0
0.1,64,"test",183,0.511046767234802,0
0.1,64,"test",184,0.535314679145813,0
0.1,64,"test",185,0.509040832519531,0
0.1,64,"test",186,0.560415089130402,1
0.1,64,"test",187,0.552919864654541,0
0.1,64,"test",188,0.424466609954834,0
0.1,64,"test",189,0.43290102481842,0
0.1,64,"test",190,0.514342248439789,0
0.1,64,"test",191,0.467424213886261,0
0.1,64,"test",192,0.458526045084,0
0.1,64,"test",193,0.462723791599274,0
0.1,64,"test",194,0.484753251075745,0
0.1,64,"test",195,0.480675548315048,0
0.1,64,"test",196,0.386907130479813,0
0.1,64,"test",197,0.395859450101852,1
0.1,64,"test",198,0.464599668979645,1
0.1,64,"test",199,0.473342061042786,1
0.1,64,"test",200,0.522561848163605,0
0.1,64,"test",201,0.518765866756439,0
0.1,64,"test",202,0.499776065349579,1
0.1,64,"test",203,0.534733653068542,0
0.1,64,"test",204,0.517078459262848,0
0.1,64,"test",205,0.517875611782074,0
0.1,64,"test",206,0.496711194515228,1
0.1,64,"test",207,0.482798844575882,0
0.1,64,"test",208,0.511046767234802,0
0.1,64,"test",209,0.483841717243195,0
0.1,64,"test",210,0.509040832519531,0
0.1,64,"test",211,0.509993314743042,0
0.1,64,"test",212,0.552919864654541,1
0.1,64,"test",213,0.587416648864746,0
0.1,64,"test",214,0.43290102481842,1
0.1,64,"test",215,0.246502414345741,1
0.1,64,"test",216,0.467424213886261,1
0.1,64,"test",217,0.430999755859375,0
0.1,64,"test",218,0.462723791599274,0
0.1,64,"test",219,0.46092876791954,1
0.1,64,"test",220,0.480675548315048,1
0.1,64,"test",221,0.484957545995712,0
0.1,64,"test",222,0.395859450101852,1
0.1,64,"test",223,0.382173031568527,1
0.1,64,"test",224,0.473342061042786,1
0.1,64,"test",225,0.489594608545303,0
0.1,64,"test",226,0.518765866756439,0
0.1,64,"test",227,0.522306442260742,0
0.1,64,"test",228,0.534733653068542,1
0.1,64,"test",229,0.502438902854919,1
0.1,64,"test",230,0.517875611782074,0
0.1,64,"test",231,0.501102566719055,1
0.1,64,"test",232,0.482798844575882,1
0.1,64,"test",233,0.52437299489975,1
0.1,64,"test",234,0.483841717243195,1
0.1,64,"test",235,0.485747277736664,1
0.1,64,"test",236,0.509993314743042,1
0.1,64,"test",237,0.524304330348969,0
0.1,64,"test",238,0.587416648864746,0
0.1,64,"test",239,0.563949048519135,0
0.1,64,"test",240,0.246502414345741,0
0.1,64,"test",241,0.206215918064117,0
0.1,64,"test",242,0.430999755859375,0
0.1,64,"test",243,0.471627324819565,0
0.1,64,"test",244,0.46092876791954,1
0.1,64,"test",245,0.445732176303864,1
0.1,64,"test",246,0.484957545995712,1
0.1,64,"test",247,0.485073417425156,1
0.1,64,"test",248,0.382173031568527,1
0.1,64,"test",249,0.367695599794388,1
0.1,64,"test",250,0.489594608545303,1
0.1,64,"test",251,0.495855510234833,1
0.1,64,"test",252,0.522306442260742,0
0.1,64,"test",253,0.546663522720337,0
0.1,64,"test",254,0.502438902854919,0
0.1,64,"test",255,0.491782814264297,1
0.1,64,"test",256,0.501102566719055,1
0.1,64,"test",257,0.52883106470108,1
0.1,64,"test",258,0.52437299489975,1
0.1,64,"test",259,0.498847007751465,1
0.1,64,"test",260,0.485747277736664,1
0.1,64,"test",261,0.479982256889343,1
0.1,64,"test",262,0.524304330348969,0
0.1,64,"test",263,0.499368727207184,0
0.1,64,"test",264,0.563949048519135,1
0.1,64,"test",265,0.566962361335754,1
0.1,64,"test",266,0.206215918064117,1
0.1,64,"test",267,0.41359543800354,1
0.1,64,"test",268,0.471627324819565,1
0.1,64,"test",269,0.48779958486557,1
0.1,64,"test",270,0.445732176303864,1
0.1,64,"test",271,0.463282465934753,1
0.1,64,"test",272,0.485073417425156,1
0.1,64,"test",273,0.478998243808746,1
0.1,64,"test",274,0.367695599794388,1
0.1,64,"test",275,0.382323443889618,1
0.1,64,"test",276,0.495855510234833,1
0.1,64,"test",277,0.459689825773239,1
0.1,64,"test",278,0.546663522720337,0
0.1,64,"test",279,0.581921637058258,0
0.1,64,"test",280,0.491782814264297,0
0.1,64,"test",281,0.509395062923431,0
0.1,64,"test",282,0.52883106470108,0
0.1,64,"test",283,0.513205111026764,0
0.1,64,"test",284,0.498847007751465,0
0.1,64,"test",285,0.507822275161743,0
0.1,64,"test",286,0.479982256889343,0
0.1,64,"test",287,0.538096129894257,0
0.1,64,"test",288,0.499368727207184,0
0.1,64,"test",289,0.515046298503876,0
0.1,64,"test",290,0.566962361335754,0
0.1,64,"test",291,0.532616496086121,0
0.1,64,"test",292,0.41359543800354,1
0.1,64,"test",293,0.470987528562546,1
0.1,64,"test",294,0.48779958486557,1
0.1,64,"test",295,0.504050016403198,0
0.1,64,"test",296,0.463282465934753,0
0.1,64,"test",297,0.461206763982773,1
0.1,64,"test",298,0.478998243808746,0
0.1,64,"test",299,0.483179688453674,0
0.1,64,"test",300,0.382323443889618,1
0.1,64,"test",301,0.346914529800415,1
0.1,64,"test",302,0.459689825773239,1
0.1,64,"test",303,0.49380099773407,0
0.1,64,"test",304,0.581921637058258,1
0.1,64,"test",305,0.563739538192749,0
