"lambda","seed","set","sample_id","yhat","y_true"
0,23,"val",1,0.516170501708984,0
0,23,"val",2,0.465963125228882,1
0,23,"val",3,0.477344632148743,0
0,23,"val",4,0.472248464822769,1
0,23,"val",5,0.461615860462189,1
0,23,"val",6,0.397138267755508,1
0,23,"val",7,0.385435074567795,1
0,23,"val",8,0.500332891941071,1
0,23,"val",9,0.503260254859924,1
0,23,"val",10,0.523171305656433,1
0,23,"val",11,0.52558159828186,1
0,23,"val",12,0.524050235748291,1
0,23,"val",13,0.516249477863312,1
0,23,"val",14,0.501490116119385,1
0,23,"val",15,0.50713324546814,1
0,23,"val",16,0.502772808074951,1
0,23,"val",17,0.503995358943939,1
0,23,"val",18,0.492013931274414,1
0,23,"val",19,0.478497385978699,1
0,23,"val",20,0.5231853723526,1
0,23,"val",21,0.523048043251038,1
0,23,"val",22,0.552771091461182,1
0,23,"val",23,0.554023206233978,0
0,23,"val",24,0.530421793460846,0
0,23,"val",25,0.497774004936218,1
0,23,"val",26,0.516170501708984,0
0,23,"val",27,0.52544754743576,0
0,23,"val",28,0.477344632148743,0
0,23,"val",29,0.471546828746796,1
0,23,"val",30,0.461615860462189,1
0,23,"val",31,0.460615903139114,0
0,23,"val",32,0.385435074567795,0
0,23,"val",33,0.419977515935898,0
0,23,"val",34,0.503260254859924,0
0,23,"val",35,0.495879560709,0
0,23,"val",36,0.52558159828186,0
0,23,"val",37,0.523935258388519,1
0,23,"val",38,0.516249477863312,1
0,23,"val",39,0.516672074794769,1
0,23,"val",40,0.50713324546814,0
0,23,"val",41,0.505439400672913,0
0,23,"val",42,0.503995358943939,0
0,23,"val",43,0.500428199768066,0
0,23,"val",44,0.478497385978699,0
0,23,"val",45,0.474036037921906,0
0,23,"val",46,0.523048043251038,0
0,23,"val",47,0.523522555828094,1
0,23,"val",48,0.554023206233978,1
0,23,"val",49,0.578152298927307,1
0,23,"val",50,0.497774004936218,1
0,23,"val",51,0.520410537719727,1
0,23,"val",52,0.52544754743576,1
0,23,"val",53,0.525636255741119,1
0,23,"val",54,0.471546828746796,1
0,23,"val",55,0.425635516643524,1
0,23,"val",56,0.460615903139114,1
0,23,"val",57,0.46872678399086,1
0,23,"val",58,0.419977515935898,1
0,23,"val",59,0.405990183353424,1
0,23,"val",60,0.495879560709,1
0,23,"val",61,0.494684755802155,0
0,23,"val",62,0.523935258388519,1
0,23,"val",63,0.524489760398865,0
0,23,"val",64,0.516672074794769,0
0,23,"val",65,0.519341111183167,1
0,23,"val",66,0.505439400672913,1
0,23,"val",67,0.507838249206543,1
0,23,"val",68,0.500428199768066,1
0,23,"val",69,0.501143932342529,1
0,23,"val",70,0.474036037921906,1
0,23,"val",71,0.484770089387894,1
0,23,"val",72,0.523522555828094,1
0,23,"val",73,0.526881694793701,1
0,23,"val",74,0.578152298927307,1
0,23,"val",75,0.561903297901154,1
0,23,"val",76,0.520410537719727,0
0,23,"val",77,0.509319603443146,1
0,23,"val",78,0.525636255741119,1
0,23,"val",79,0.527373313903809,0
0,23,"val",80,0.425635516643524,0
0,23,"val",81,0.456509292125702,0
0,23,"val",82,0.46872678399086,1
0,23,"val",83,0.473689287900925,0
0,23,"val",84,0.405990183353424,0
0,23,"val",85,0.439003497362137,0
0,23,"val",86,0.494684755802155,1
0,23,"val",87,0.507775008678436,1
0,23,"val",88,0.524489760398865,1
0,23,"val",89,0.52706915140152,0
0,23,"val",90,0.519341111183167,0
0,23,"val",91,0.519118368625641,0
0,23,"val",92,0.507838249206543,0
0,23,"val",93,0.506048321723938,0
0,23,"val",94,0.501143932342529,0
0,23,"val",95,0.498197734355927,0
0,23,"val",96,0.484770089387894,1
0,23,"val",97,0.476374208927155,1
0,23,"val",98,0.526881694793701,1
0,23,"val",99,0.520398676395416,1
0,23,"val",100,0.561903297901154,0
0,23,"val",101,0.59988409280777,0
0,23,"val",102,0.509319603443146,0
0,23,"val",103,0.50913667678833,0
0,23,"val",104,0.527373313903809,1
0,23,"val",105,0.524888932704926,1
0,23,"val",106,0.456509292125702,1
0,23,"val",107,0.478812485933304,1
0,23,"val",108,0.473689287900925,1
0,23,"val",109,0.474992960691452,0
0,23,"val",110,0.439003497362137,0
0,23,"val",111,0.439513355493546,1
0,23,"val",112,0.507775008678436,1
0,23,"val",113,0.492605596780777,1
0,23,"val",114,0.52706915140152,0
0,23,"val",115,0.529730796813965,1
0,23,"val",116,0.519118368625641,0
0,23,"val",117,0.517859101295471,1
0,23,"val",118,0.506048321723938,1
0,23,"val",119,0.51654314994812,1
0,23,"val",120,0.498197734355927,0
0,23,"val",121,0.496863573789597,0
0,23,"val",122,0.476374208927155,0
0,23,"val",123,0.481737732887268,1
0,23,"val",124,0.520398676395416,1
0,23,"val",125,0.522915303707123,1
0,23,"val",126,0.59988409280777,1
0,23,"val",127,0.586641192436218,1
0,23,"val",128,0.50913667678833,1
0,23,"val",129,0.524737417697906,1
0,23,"val",130,0.524888932704926,1
0,23,"val",131,0.519271075725555,0
0,23,"val",132,0.478812485933304,0
0,23,"val",133,0.476894617080688,1
0,23,"val",134,0.474992960691452,1
0,23,"val",135,0.473634660243988,0
0,23,"val",136,0.439513355493546,0
0,23,"val",137,0.398298114538193,0
0,23,"val",138,0.492605596780777,0
0,23,"val",139,0.496999770402908,0
0,23,"val",140,0.529730796813965,0
0,23,"val",141,0.526434481143951,1
0,23,"val",142,0.517859101295471,1
0,23,"val",143,0.519879043102264,1
0,23,"val",144,0.51654314994812,0
0,23,"val",145,0.50686103105545,0
0,23,"val",146,0.496863573789597,0
0,23,"val",147,0.494630306959152,0
0,23,"val",148,0.481737732887268,0
0,23,"val",149,0.479742735624313,0
0,23,"val",150,0.522915303707123,0
0,23,"val",151,0.520957946777344,0
0,23,"val",152,0.586641192436218,1
0,23,"val",153,0.573197185993195,0
0,23,"val",154,0.524737417697906,1
0,23,"val",155,0.53911966085434,0
0,23,"val",156,0.519271075725555,0
0,23,"val",157,0.520530343055725,0
0,23,"val",158,0.476894617080688,0
0,23,"val",159,0.470885545015335,1
0,23,"val",160,0.47363469004631,1
0,23,"val",161,0.468785583972931,1
0,23,"val",162,0.398298114538193,1
0,23,"val",163,0.422858744859695,1
0,23,"val",164,0.496999770402908,0
0,23,"val",165,0.498577475547791,0
0,23,"val",166,0.526434481143951,0
0,23,"val",167,0.520420074462891,0
0,23,"val",168,0.519879043102264,1
0,23,"val",169,0.517207443714142,0
0,23,"val",170,0.50686103105545,0
0,23,"val",171,0.50407075881958,0
0,23,"val",172,0.494630306959152,1
0,23,"val",173,0.492236316204071,1
0,23,"val",174,0.479742735624313,1
0,23,"val",175,0.458982586860657,0
0,23,"val",176,0.520957946777344,0
0,23,"val",177,0.524745047092438,1
0,23,"val",178,0.573197185993195,0
0,23,"val",179,0.62251752614975,1
0,23,"val",180,0.53911966085434,0
0,23,"val",181,0.53772383928299,1
0,23,"val",182,0.520530343055725,1
0,23,"val",183,0.522175669670105,1
0,23,"val",184,0.470885545015335,0
0,23,"val",185,0.474993914365768,0
0,23,"val",186,0.468785583972931,0
0,23,"val",187,0.477645456790924,0
0,23,"val",188,0.422858744859695,0
0,23,"val",189,0.425307631492615,0
0,23,"val",190,0.498577475547791,0
0,23,"val",191,0.46527037024498,1
0,23,"val",192,0.520420074462891,0
0,23,"val",193,0.52216625213623,0
0,23,"val",194,0.517207443714142,0
0,23,"val",195,0.51942104101181,1
0,23,"val",196,0.50407075881958,1
0,23,"val",197,0.503973543643951,1
0,23,"val",198,0.492236316204071,1
0,23,"val",199,0.490608066320419,0
0,23,"val",200,0.458982586860657,0
0,23,"val",201,0.475106954574585,0
0,23,"val",202,0.524745047092438,0
0,23,"val",203,0.517506659030914,1
0,23,"val",204,0.62251752614975,1
0,23,"val",205,0.593277096748352,1
0,23,"val",206,0.53772383928299,0
0,23,"val",207,0.537759304046631,0
0,23,"val",208,0.522175669670105,0
0,23,"val",209,0.519454300403595,1
0,23,"val",210,0.474993914365768,1
0,23,"val",211,0.471850603818893,1
0,23,"val",212,0.477645456790924,1
0,23,"val",213,0.483644634485245,1
0,23,"val",214,0.425307631492615,1
0,23,"val",215,0.443361759185791,0
0,23,"val",216,0.46527037024498,0
0,23,"val",217,0.490976750850677,0
0,23,"val",218,0.52216625213623,0
0,23,"val",219,0.521456599235535,0
0,23,"val",220,0.51942104101181,0
0,23,"val",221,0.515923857688904,1
0,23,"val",222,0.503973543643951,1
0,23,"val",223,0.509058594703674,1
0,23,"val",224,0.490608066320419,0
0,23,"val",225,0.493854850530624,1
0,23,"val",226,0.475106954574585,1
0,23,"val",227,0.47904235124588,1
0,23,"val",228,0.517506659030914,0
0,23,"val",229,0.518754780292511,0
0,23,"val",230,0.593277096748352,0
0,23,"val",231,0.564311027526855,0
0,23,"val",232,0.537759304046631,0
0,23,"val",233,0.512647807598114,0
0,23,"val",234,0.519454300403595,0
0,23,"val",235,0.525688111782074,0
0,23,"val",236,0.471850603818893,0
0,23,"val",237,0.466803520917892,0
0,23,"val",238,0.483644634485245,1
0,23,"val",239,0.484556913375854,0
0,23,"val",240,0.443361759185791,0
0,23,"val",241,0.440346539020538,0
0,23,"val",242,0.490976750850677,0
0,23,"val",243,0.47298675775528,1
0,23,"val",244,0.521456599235535,1
0,23,"val",245,0.524073004722595,1
0,23,"val",246,0.515923857688904,0
0,23,"val",247,0.518281519412994,1
0,23,"val",248,0.509058594703674,1
0,23,"val",249,0.510875225067139,0
0,23,"val",250,0.493854850530624,1
0,23,"val",251,0.479919493198395,1
0,23,"val",252,0.47904235124588,1
0,23,"val",253,0.480794161558151,1
0,23,"val",254,0.518754780292511,0
0,23,"val",255,0.511009931564331,0
0,23,"val",256,0.564311027526855,0
0,23,"val",257,0.544691145420074,0
0,23,"val",258,0.512647807598114,1
0,23,"val",259,0.534882247447968,1
0,23,"val",260,0.525688111782074,1
0,23,"val",261,0.523290514945984,1
0,23,"val",262,0.466803520917892,1
0,23,"val",263,0.471923649311066,0
0,23,"val",264,0.484556913375854,0
0,23,"val",265,0.477957606315613,1
0,23,"val",266,0.440346539020538,1
0,23,"val",267,0.439058572053909,0
0,23,"val",268,0.47298675775528,0
0,23,"val",269,0.468347102403641,0
0,23,"val",270,0.524073004722595,1
0,23,"val",271,0.522114038467407,1
0,23,"val",272,0.518281519412994,1
0,23,"val",273,0.516341686248779,1
0,23,"val",274,0.510875225067139,0
0,23,"val",275,0.511705338954926,0
0,23,"val",276,0.479919493198395,0
0,23,"val",277,0.483104795217514,0
0,23,"val",278,0.480794161558151,1
0,23,"val",279,0.475941121578217,1
0,23,"val",280,0.511009931564331,1
0,23,"val",281,0.512870788574219,1
0,23,"val",282,0.544691145420074,1
0,23,"val",283,0.539510250091553,1
0,23,"val",284,0.534882247447968,0
0,23,"val",285,0.522276282310486,0
0,23,"val",286,0.523290514945984,0
0,23,"val",287,0.520506024360657,0
0,23,"val",288,0.471923649311066,0
0,23,"val",289,0.469391018152237,0
0,23,"val",290,0.477957606315613,0
0,23,"val",291,0.476769626140594,0
0,23,"val",292,0.439058572053909,0
0,23,"val",293,0.438732296228409,0
0,23,"val",294,0.468347102403641,1
0,23,"val",295,0.468918710947037,1
0,23,"val",296,0.522114038467407,0
0,23,"val",297,0.519082725048065,0
0,23,"val",298,0.516341686248779,0
0,23,"val",299,0.52233499288559,1
0,23,"val",300,0.511705338954926,1
0,23,"val",301,0.517657041549683,1
0,23,"val",302,0.483104795217514,0
0,23,"val",303,0.48414820432663,0
0,23,"val",304,0.475941121578217,0
0,23,"test",1,0.474528133869171,0
0,23,"test",2,0.512870788574219,0
0,23,"test",3,0.51390016078949,1
0,23,"test",4,0.539510250091553,1
0,23,"test",5,0.540703654289246,1
0,23,"test",6,0.522276282310486,1
0,23,"test",7,0.513682425022125,1
0,23,"test",8,0.520506024360657,1
0,23,"test",9,0.523489654064178,1
0,23,"test",10,0.469391018152237,1
0,23,"test",11,0.465368986129761,1
0,23,"test",12,0.476769626140594,1
0,23,"test",13,0.48958620429039,1
0,23,"test",14,0.438732296228409,1
0,23,"test",15,0.412968039512634,1
0,23,"test",16,0.468918710947037,1
0,23,"test",17,0.471508681774139,0
0,23,"test",18,0.519082725048065,0
0,23,"test",19,0.527758181095123,0
0,23,"test",20,0.52233499288559,1
0,23,"test",21,0.525353252887726,1
0,23,"test",22,0.517657041549683,1
0,23,"test",23,0.511064171791077,0
0,23,"test",24,0.48414820432663,0
0,23,"test",25,0.493111163377762,0
0,23,"test",26,0.474528133869171,1
0,23,"test",27,0.496405303478241,1
0,23,"test",28,0.51390016078949,1
0,23,"test",29,0.516132473945618,0
0,23,"test",30,0.540703654289246,0
0,23,"test",31,0.528451979160309,0
0,23,"test",32,0.513682425022125,0
0,23,"test",33,0.519465982913971,0
0,23,"test",34,0.523489654064178,1
0,23,"test",35,0.521056830883026,1
0,23,"test",36,0.465368986129761,1
0,23,"test",37,0.471304327249527,1
0,23,"test",38,0.48958620429039,1
0,23,"test",39,0.467686742544174,1
0,23,"test",40,0.412968039512634,1
0,23,"test",41,0.424689739942551,1
0,23,"test",42,0.471508681774139,0
0,23,"test",43,0.480632722377777,0
0,23,"test",44,0.527758181095123,1
0,23,"test",45,0.529290556907654,1
0,23,"test",46,0.525353252887726,1
0,23,"test",47,0.526866614818573,0
0,23,"test",48,0.511064171791077,0
0,23,"test",49,0.511315584182739,0
0,23,"test",50,0.493111163377762,0
0,23,"test",51,0.484661281108856,1
0,23,"test",52,0.496405303478241,1
0,23,"test",53,0.48060730099678,1
0,23,"test",54,0.516132473945618,1
0,23,"test",55,0.519310891628265,0
0,23,"test",56,0.528451979160309,0
0,23,"test",57,0.53447824716568,0
0,23,"test",58,0.519465982913971,0
0,23,"test",59,0.528509020805359,1
0,23,"test",60,0.521056830883026,1
0,23,"test",61,0.516942024230957,1
0,23,"test",62,0.471304327249527,0
0,23,"test",63,0.476143628358841,1
0,23,"test",64,0.467686742544174,1
0,23,"test",65,0.468298077583313,1
0,23,"test",66,0.424689739942551,1
0,23,"test",67,0.417085498571396,1
0,23,"test",68,0.480632722377777,0
0,23,"test",69,0.501854956150055,0
0,23,"test",70,0.529290556907654,0
0,23,"test",71,0.528103470802307,1
0,23,"test",72,0.526866614818573,1
0,23,"test",73,0.520169496536255,0
0,23,"test",74,0.511315584182739,0
0,23,"test",75,0.507371008396149,0
0,23,"test",76,0.484661281108856,0
0,23,"test",77,0.491812646389008,0
0,23,"test",78,0.48060730099678,1
0,23,"test",79,0.477864265441895,0
0,23,"test",80,0.519310891628265,0
0,23,"test",81,0.519988656044006,1
0,23,"test",82,0.53447824716568,1
0,23,"test",83,0.551549434661865,1
0,23,"test",84,0.528509020805359,1
0,23,"test",85,0.531591653823853,0
0,23,"test",86,0.516942024230957,0
0,23,"test",87,0.52433854341507,0
0,23,"test",88,0.476143628358841,0
0,23,"test",89,0.46938556432724,0
0,23,"test",90,0.468298077583313,0
0,23,"test",91,0.476334512233734,1
0,23,"test",92,0.417085498571396,0
0,23,"test",93,0.403414458036423,0
0,23,"test",94,0.501854956150055,0
0,23,"test",95,0.499131321907043,0
0,23,"test",96,0.528103470802307,0
0,23,"test",97,0.522081255912781,1
0,23,"test",98,0.520169496536255,1
0,23,"test",99,0.518687903881073,1
0,23,"test",100,0.507371008396149,1
0,23,"test",101,0.509813725948334,1
0,23,"test",102,0.491812646389008,0
0,23,"test",103,0.48704868555069,0
0,23,"test",104,0.477864265441895,0
0,23,"test",105,0.464872926473618,0
0,23,"test",106,0.519988656044006,0
0,23,"test",107,0.524458169937134,0
0,23,"test",108,0.551549434661865,0
0,23,"test",109,0.53776741027832,0
0,23,"test",110,0.531591653823853,1
0,23,"test",111,0.528822362422943,1
0,23,"test",112,0.52433854341507,1
0,23,"test",113,0.520910143852234,0
0,23,"test",114,0.46938556432724,1
0,23,"test",115,0.464608043432236,1
0,23,"test",116,0.476334512233734,1
0,23,"test",117,0.47229939699173,1
0,23,"test",118,0.403414458036423,1
0,23,"test",119,0.400097280740738,0
0,23,"test",120,0.499131321907043,0
0,23,"test",121,0.494387537240982,0
0,23,"test",122,0.522081255912781,1
0,23,"test",123,0.524109303951263,1
0,23,"test",124,0.518687903881073,1
0,23,"test",125,0.520333170890808,0
0,23,"test",126,0.509813725948334,0
0,23,"test",127,0.508853912353516,0
0,23,"test",128,0.48704868555069,1
0,23,"test",129,0.490598946809769,1
0,23,"test",130,0.464872926473618,1
0,23,"test",131,0.454951614141464,1
0,23,"test",132,0.524458169937134,0
0,23,"test",133,0.515913605690002,0
0,23,"test",134,0.53776741027832,0
0,23,"test",135,0.540654301643372,0
0,23,"test",136,0.528822362422943,0
0,23,"test",137,0.539351999759674,1
0,23,"test",138,0.520910143852234,1
0,23,"test",139,0.52148163318634,1
0,23,"test",140,0.464608043432236,1
0,23,"test",141,0.485525339841843,1
0,23,"test",142,0.47229939699173,1
0,23,"test",143,0.481694042682648,1
0,23,"test",144,0.400097280740738,1
0,23,"test",145,0.412835359573364,1
0,23,"test",146,0.494387537240982,1
0,23,"test",147,0.465132147073746,1
0,23,"test",148,0.524109303951263,1
0,23,"test",149,0.523733735084534,1
0,23,"test",150,0.520333170890808,1
0,23,"test",151,0.517873764038086,1
0,23,"test",152,0.508853912353516,0
0,23,"test",153,0.506086468696594,0
0,23,"test",154,0.490598946809769,1
0,23,"test",155,0.494430720806122,1
0,23,"test",156,0.454951614141464,1
0,23,"test",157,0.454616069793701,0
0,23,"test",158,0.515913605690002,0
0,23,"test",159,0.541159868240356,0
0,23,"test",160,0.540654242038727,0
0,23,"test",161,0.54176253080368,0
0,23,"test",162,0.539351999759674,0
0,23,"test",163,0.527848958969116,0
0,23,"test",164,0.52148163318634,0
0,23,"test",165,0.523484170436859,1
0,23,"test",166,0.485525339841843,1
0,23,"test",167,0.487307071685791,0
0,23,"test",168,0.481694042682648,1
0,23,"test",169,0.484047383069992,1
0,23,"test",170,0.412835359573364,1
0,23,"test",171,0.401313930749893,0
0,23,"test",172,0.465132147073746,0
0,23,"test",173,0.463714450597763,1
0,23,"test",174,0.523733735084534,1
0,23,"test",175,0.529849350452423,1
0,23,"test",176,0.517873764038086,1
0,23,"test",177,0.519923567771912,0
0,23,"test",178,0.506086468696594,0
0,23,"test",179,0.50660651922226,0
0,23,"test",180,0.494430720806122,0
0,23,"test",181,0.501215279102325,0
0,23,"test",182,0.454616069793701,0
0,23,"test",183,0.459748715162277,0
0,23,"test",184,0.541159987449646,0
0,23,"test",185,0.526734054088593,0
0,23,"test",186,0.54176253080368,1
0,23,"test",187,0.541864931583405,0
0,23,"test",188,0.527848958969116,0
0,23,"test",189,0.519082486629486,0
0,23,"test",190,0.523484170436859,0
0,23,"test",191,0.519651234149933,0
0,23,"test",192,0.487307071685791,0
0,23,"test",193,0.475436955690384,0
0,23,"test",194,0.484047383069992,0
0,23,"test",195,0.478225976228714,0
0,23,"test",196,0.401313930749893,0
0,23,"test",197,0.40905350446701,1
0,23,"test",198,0.463714450597763,1
0,23,"test",199,0.456461817026138,1
0,23,"test",200,0.529849350452423,0
0,23,"test",201,0.526650190353394,0
0,23,"test",202,0.519923567771912,1
0,23,"test",203,0.521461725234985,0
0,23,"test",204,0.50660651922226,0
0,23,"test",205,0.504465341567993,0
0,23,"test",206,0.501215279102325,1
0,23,"test",207,0.480656772851944,0
0,23,"test",208,0.459748715162277,0
0,23,"test",209,0.461879849433899,0
0,23,"test",210,0.526734054088593,0
0,23,"test",211,0.523589909076691,0
0,23,"test",212,0.541864931583405,1
0,23,"test",213,0.543001651763916,0
0,23,"test",214,0.519082486629486,1
0,23,"test",215,0.519776403903961,1
0,23,"test",216,0.519651234149933,1
0,23,"test",217,0.519364774227142,0
0,23,"test",218,0.475436955690384,0
0,23,"test",219,0.485104739665985,1
0,23,"test",220,0.478225976228714,1
0,23,"test",221,0.491259694099426,0
0,23,"test",222,0.40905350446701,1
0,23,"test",223,0.429848045110703,1
0,23,"test",224,0.456461817026138,1
0,23,"test",225,0.463901907205582,0
0,23,"test",226,0.526650190353394,0
0,23,"test",227,0.526047825813293,0
0,23,"test",228,0.521461725234985,1
0,23,"test",229,0.520510315895081,1
0,23,"test",230,0.504465341567993,0
0,23,"test",231,0.508435845375061,1
0,23,"test",232,0.480656772851944,1
0,23,"test",233,0.487547963857651,1
0,23,"test",234,0.461879849433899,1
0,23,"test",235,0.47409263253212,1
0,23,"test",236,0.523589909076691,1
0,23,"test",237,0.523732125759125,0
0,23,"test",238,0.543001651763916,0
0,23,"test",239,0.543301701545715,0
0,23,"test",240,0.519776403903961,0
0,23,"test",241,0.538786947727203,0
0,23,"test",242,0.519364774227142,0
0,23,"test",243,0.512021958827972,0
0,23,"test",244,0.485104739665985,1
0,23,"test",245,0.483205765485764,1
0,23,"test",246,0.491259694099426,1
0,23,"test",247,0.479758769273758,1
0,23,"test",248,0.429848045110703,1
0,23,"test",249,0.402616947889328,1
0,23,"test",250,0.463901907205582,1
0,23,"test",251,0.480346620082855,1
0,23,"test",252,0.526047825813293,0
0,23,"test",253,0.525974750518799,0
0,23,"test",254,0.520510315895081,0
0,23,"test",255,0.521772861480713,1
0,23,"test",256,0.508435845375061,1
0,23,"test",257,0.507434248924255,1
0,23,"test",258,0.487547963857651,1
0,23,"test",259,0.492511868476868,1
0,23,"test",260,0.47409263253212,1
0,23,"test",261,0.472602307796478,1
0,23,"test",262,0.523732125759125,0
0,23,"test",263,0.52763420343399,0
0,23,"test",264,0.543301701545715,1
0,23,"test",265,0.542115092277527,1
0,23,"test",266,0.538786947727203,1
0,23,"test",267,0.545092403888702,1
0,23,"test",268,0.512021958827972,1
0,23,"test",269,0.520703256130219,1
0,23,"test",270,0.483205765485764,1
0,23,"test",271,0.467993050813675,1
0,23,"test",272,0.479758769273758,1
0,23,"test",273,0.495156526565552,1
0,23,"test",274,0.402616947889328,1
0,23,"test",275,0.379378110170364,1
0,23,"test",276,0.480346620082855,1
0,23,"test",277,0.483073115348816,1
0,23,"test",278,0.525974750518799,0
0,23,"test",279,0.531112730503082,0
0,23,"test",280,0.521772861480713,0
0,23,"test",281,0.518694877624512,0
0,23,"test",282,0.507434248924255,0
0,23,"test",283,0.50830090045929,0
0,23,"test",284,0.492511868476868,0
0,23,"test",285,0.48541072010994,0
0,23,"test",286,0.472602307796478,0
0,23,"test",287,0.478835493326187,0
0,23,"test",288,0.52763420343399,0
0,23,"test",289,0.524024367332458,0
0,23,"test",290,0.542115092277527,0
0,23,"test",291,0.538726091384888,0
0,23,"test",292,0.545092403888702,1
0,23,"test",293,0.526675343513489,1
0,23,"test",294,0.520703256130219,1
0,23,"test",295,0.521690726280212,0
0,23,"test",296,0.467993050813675,0
0,23,"test",297,0.483122110366821,1
0,23,"test",298,0.495156526565552,0
0,23,"test",299,0.490449190139771,0
0,23,"test",300,0.379378110170364,1
0,23,"test",301,0.403796911239624,1
0,23,"test",302,0.483073115348816,1
0,23,"test",303,0.459487915039062,0
0,23,"test",304,0.531112730503082,1
0,23,"test",305,0.534386813640594,0
0,27,"val",1,0.513059794902802,0
0,27,"val",2,0.46451723575592,1
0,27,"val",3,0.474498063325882,0
0,27,"val",4,0.476052910089493,1
0,27,"val",5,0.468487858772278,1
0,27,"val",6,0.431759089231491,1
0,27,"val",7,0.421922773122787,1
0,27,"val",8,0.49046316742897,1
0,27,"val",9,0.488533407449722,1
0,27,"val",10,0.517178952693939,1
0,27,"val",11,0.517318367958069,1
0,27,"val",12,0.527156710624695,1
0,27,"val",13,0.51148134469986,1
0,27,"val",14,0.494675546884537,1
0,27,"val",15,0.4988634288311,1
0,27,"val",16,0.501140952110291,1
0,27,"val",17,0.506668746471405,1
0,27,"val",18,0.511996269226074,1
0,27,"val",19,0.501222431659698,1
0,27,"val",20,0.524181485176086,1
0,27,"val",21,0.52199923992157,1
0,27,"val",22,0.576300024986267,1
0,27,"val",23,0.56495463848114,0
0,27,"val",24,0.484240680932999,0
0,27,"val",25,0.520466327667236,1
0,27,"val",26,0.513059794902802,0
0,27,"val",27,0.51447594165802,0
0,27,"val",28,0.474498063325882,0
0,27,"val",29,0.466654300689697,1
0,27,"val",30,0.468487858772278,1
0,27,"val",31,0.466230392456055,0
0,27,"val",32,0.421922773122787,0
0,27,"val",33,0.447347193956375,0
0,27,"val",34,0.488533407449722,0
0,27,"val",35,0.482467710971832,0
0,27,"val",36,0.517318367958069,0
0,27,"val",37,0.517228782176971,1
0,27,"val",38,0.51148134469986,1
0,27,"val",39,0.513870120048523,1
0,27,"val",40,0.4988634288311,0
0,27,"val",41,0.49431523680687,0
0,27,"val",42,0.506668746471405,0
0,27,"val",43,0.504881680011749,0
0,27,"val",44,0.501222431659698,0
0,27,"val",45,0.507300019264221,0
0,27,"val",46,0.52199923992157,0
0,27,"val",47,0.51990419626236,1
0,27,"val",48,0.56495463848114,1
0,27,"val",49,0.562139868736267,1
0,27,"val",50,0.520466327667236,1
0,27,"val",51,0.501896023750305,1
0,27,"val",52,0.51447594165802,1
0,27,"val",53,0.513527035713196,1
0,27,"val",54,0.466654300689697,1
0,27,"val",55,0.453483670949936,1
0,27,"val",56,0.466230392456055,1
0,27,"val",57,0.473764151334763,1
0,27,"val",58,0.447347193956375,1
0,27,"val",59,0.435446977615356,1
0,27,"val",60,0.482467710971832,1
0,27,"val",61,0.484582930803299,0
0,27,"val",62,0.517228782176971,1
0,27,"val",63,0.518319249153137,0
0,27,"val",64,0.513870120048523,0
0,27,"val",65,0.517395436763763,1
0,27,"val",66,0.49431523680687,1
0,27,"val",67,0.498371720314026,1
0,27,"val",68,0.504881680011749,1
0,27,"val",69,0.505951762199402,1
0,27,"val",70,0.507300019264221,1
0,27,"val",71,0.507484793663025,1
0,27,"val",72,0.51990419626236,1
0,27,"val",73,0.527224481105804,1
0,27,"val",74,0.562139868736267,1
0,27,"val",75,0.569506466388702,1
0,27,"val",76,0.501896023750305,0
0,27,"val",77,0.515369176864624,1
0,27,"val",78,0.513527035713196,1
0,27,"val",79,0.51575756072998,0
0,27,"val",80,0.453483670949936,0
0,27,"val",81,0.466146856546402,0
0,27,"val",82,0.473764151334763,1
0,27,"val",83,0.478152126073837,0
0,27,"val",84,0.435446977615356,0
0,27,"val",85,0.459756970405579,0
0,27,"val",86,0.484582930803299,1
0,27,"val",87,0.49746361374855,1
0,27,"val",88,0.518319249153137,1
0,27,"val",89,0.51903110742569,0
0,27,"val",90,0.517395436763763,0
0,27,"val",91,0.516329824924469,0
0,27,"val",92,0.498371720314026,0
0,27,"val",93,0.495878100395203,0
0,27,"val",94,0.505951762199402,0
0,27,"val",95,0.502297401428223,0
0,27,"val",96,0.507484793663025,1
0,27,"val",97,0.506422698497772,1
0,27,"val",98,0.527224481105804,1
0,27,"val",99,0.517569184303284,1
0,27,"val",100,0.569506466388702,0
0,27,"val",101,0.60092306137085,0
0,27,"val",102,0.515369176864624,0
0,27,"val",103,0.51346617937088,0
0,27,"val",104,0.51575756072998,1
0,27,"val",105,0.512063324451447,1
0,27,"val",106,0.466146856546402,1
0,27,"val",107,0.477006584405899,1
0,27,"val",108,0.478152126073837,1
0,27,"val",109,0.478341311216354,0
0,27,"val",110,0.459756970405579,0
0,27,"val",111,0.46163672208786,1
0,27,"val",112,0.49746361374855,1
0,27,"val",113,0.48515447974205,1
0,27,"val",114,0.51903110742569,0
0,27,"val",115,0.520072340965271,1
0,27,"val",116,0.516329824924469,0
0,27,"val",117,0.51377809047699,1
0,27,"val",118,0.495878100395203,1
0,27,"val",119,0.499175876379013,1
0,27,"val",120,0.502297401428223,0
0,27,"val",121,0.499098420143127,0
0,27,"val",122,0.506422698497772,0
0,27,"val",123,0.50757372379303,1
0,27,"val",124,0.517569184303284,1
0,27,"val",125,0.520608186721802,1
0,27,"val",126,0.60092306137085,1
0,27,"val",127,0.594849944114685,1
0,27,"val",128,0.51346617937088,1
0,27,"val",129,0.492901086807251,1
0,27,"val",130,0.512063324451447,1
0,27,"val",131,0.505320250988007,0
0,27,"val",132,0.477006584405899,0
0,27,"val",133,0.476866841316223,1
0,27,"val",134,0.478341311216354,1
0,27,"val",135,0.478399038314819,0
0,27,"val",136,0.46163672208786,0
0,27,"val",137,0.432068407535553,0
0,27,"val",138,0.48515447974205,0
0,27,"val",139,0.487098067998886,0
0,27,"val",140,0.520072340965271,0
0,27,"val",141,0.518760859966278,1
0,27,"val",142,0.51377809047699,1
0,27,"val",143,0.518707931041718,1
0,27,"val",144,0.499175876379013,0
0,27,"val",145,0.498538494110107,0
0,27,"val",146,0.499098420143127,0
0,27,"val",147,0.496348202228546,0
0,27,"val",148,0.50757372379303,0
0,27,"val",149,0.512649834156036,0
0,27,"val",150,0.520608186721802,0
0,27,"val",151,0.520120918750763,0
0,27,"val",152,0.594849944114685,1
0,27,"val",153,0.590435087680817,0
0,27,"val",154,0.492901086807251,1
0,27,"val",155,0.420032232999802,0
0,27,"val",156,0.505320250988007,0
0,27,"val",157,0.506544649600983,0
0,27,"val",158,0.476866841316223,0
0,27,"val",159,0.469189375638962,1
0,27,"val",160,0.478399038314819,1
0,27,"val",161,0.473468482494354,1
0,27,"val",162,0.432068407535553,1
0,27,"val",163,0.448040664196014,1
0,27,"val",164,0.487098067998886,0
0,27,"val",165,0.490521669387817,0
0,27,"val",166,0.518760859966278,0
0,27,"val",167,0.516811072826385,0
0,27,"val",168,0.518707931041718,1
0,27,"val",169,0.514351785182953,0
0,27,"val",170,0.498538494110107,0
0,27,"val",171,0.496034979820251,0
0,27,"val",172,0.496348202228546,1
0,27,"val",173,0.493629992008209,1
0,27,"val",174,0.512649834156036,1
0,27,"val",175,0.496001988649368,0
0,27,"val",176,0.520120918750763,0
0,27,"val",177,0.528364479541779,1
0,27,"val",178,0.590435087680817,0
0,27,"val",179,0.590049922466278,1
0,27,"val",180,0.420032232999802,0
0,27,"val",181,0.448418825864792,1
0,27,"val",182,0.506544649600983,1
0,27,"val",183,0.507764220237732,1
0,27,"val",184,0.469189375638962,0
0,27,"val",185,0.467173367738724,0
0,27,"val",186,0.473468482494354,0
0,27,"val",187,0.480410218238831,0
0,27,"val",188,0.448040664196014,0
0,27,"val",189,0.453765749931335,0
0,27,"val",190,0.490521669387817,0
0,27,"val",191,0.460316628217697,1
0,27,"val",192,0.516811072826385,0
0,27,"val",193,0.515730500221252,0
0,27,"val",194,0.514351785182953,0
0,27,"val",195,0.517547786235809,1
0,27,"val",196,0.496034979820251,1
0,27,"val",197,0.495974481105804,1
0,27,"val",198,0.493629992008209,1
0,27,"val",199,0.491398811340332,0
0,27,"val",200,0.496001988649368,0
0,27,"val",201,0.515719473361969,0
0,27,"val",202,0.528364479541779,0
0,27,"val",203,0.518844723701477,1
0,27,"val",204,0.590049922466278,1
0,27,"val",205,0.584112346172333,1
0,27,"val",206,0.448418825864792,0
0,27,"val",207,0.449656546115875,0
0,27,"val",208,0.507764220237732,0
0,27,"val",209,0.504599452018738,1
0,27,"val",210,0.467173367738724,1
0,27,"val",211,0.464437365531921,1
0,27,"val",212,0.480410218238831,1
0,27,"val",213,0.486352503299713,1
0,27,"val",214,0.453765749931335,1
0,27,"val",215,0.462250560522079,0
0,27,"val",216,0.460316628217697,0
0,27,"val",217,0.479209661483765,0
0,27,"val",218,0.515730500221252,0
0,27,"val",219,0.515961408615112,0
0,27,"val",220,0.517547786235809,0
0,27,"val",221,0.511658668518066,1
0,27,"val",222,0.495974481105804,1
0,27,"val",223,0.500411033630371,1
0,27,"val",224,0.491398811340332,0
0,27,"val",225,0.49596095085144,1
0,27,"val",226,0.515719473361969,1
0,27,"val",227,0.508600771427155,1
0,27,"val",228,0.518844723701477,0
0,27,"val",229,0.518481492996216,0
0,27,"val",230,0.584112346172333,0
0,27,"val",231,0.571520924568176,0
0,27,"val",232,0.449656546115875,0
0,27,"val",233,0.513164877891541,0
0,27,"val",234,0.504599452018738,0
0,27,"val",235,0.513847470283508,0
0,27,"val",236,0.464437365531921,0
0,27,"val",237,0.461218893527985,0
0,27,"val",238,0.486352503299713,1
0,27,"val",239,0.485455811023712,0
0,27,"val",240,0.462250560522079,0
0,27,"val",241,0.461875349283218,0
0,27,"val",242,0.479209661483765,0
0,27,"val",243,0.465245008468628,1
0,27,"val",244,0.515961408615112,1
0,27,"val",245,0.517786145210266,1
0,27,"val",246,0.511658668518066,0
0,27,"val",247,0.515140950679779,1
0,27,"val",248,0.500411033630371,1
0,27,"val",249,0.499500870704651,0
0,27,"val",250,0.49596095085144,1
0,27,"val",251,0.468991041183472,1
0,27,"val",252,0.508600771427155,1
0,27,"val",253,0.508231163024902,1
0,27,"val",254,0.518481492996216,0
0,27,"val",255,0.500856637954712,0
0,27,"val",256,0.571520864963531,0
0,27,"val",257,0.564421892166138,0
0,27,"val",258,0.513164877891541,1
0,27,"val",259,0.443741470575333,1
0,27,"val",260,0.513847470283508,1
0,27,"val",261,0.511183977127075,1
0,27,"val",262,0.461218893527985,1
0,27,"val",263,0.472109586000443,0
0,27,"val",264,0.485455811023712,0
0,27,"val",265,0.481305420398712,1
0,27,"val",266,0.461875349283218,1
0,27,"val",267,0.459689825773239,0
0,27,"val",268,0.465245008468628,0
0,27,"val",269,0.463868618011475,0
0,27,"val",270,0.517786145210266,1
0,27,"val",271,0.517270624637604,1
0,27,"val",272,0.515140950679779,1
0,27,"val",273,0.511966347694397,1
0,27,"val",274,0.499500870704651,0
0,27,"val",275,0.500663161277771,0
0,27,"val",276,0.468991041183472,0
0,27,"val",277,0.476640939712524,0
0,27,"val",278,0.508231163024902,1
0,27,"val",279,0.499056041240692,1
0,27,"val",280,0.500856637954712,1
0,27,"val",281,0.506731748580933,1
0,27,"val",282,0.564421892166138,1
0,27,"val",283,0.556532561779022,1
0,27,"val",284,0.443741470575333,0
0,27,"val",285,0.507306039333344,0
0,27,"val",286,0.511183977127075,0
0,27,"val",287,0.506350040435791,0
0,27,"val",288,0.472109586000443,0
0,27,"val",289,0.471754759550095,0
0,27,"val",290,0.481305420398712,0
0,27,"val",291,0.480638235807419,0
0,27,"val",292,0.459689825773239,0
0,27,"val",293,0.459313124418259,0
0,27,"val",294,0.463868618011475,1
0,27,"val",295,0.465526223182678,1
0,27,"val",296,0.517270624637604,0
0,27,"val",297,0.516243040561676,0
0,27,"val",298,0.511966347694397,0
0,27,"val",299,0.521692395210266,1
0,27,"val",300,0.500663161277771,1
0,27,"val",301,0.501254558563232,1
0,27,"val",302,0.476640939712524,0
0,27,"val",303,0.47881093621254,0
0,27,"val",304,0.499056041240692,0
0,27,"test",1,0.498829245567322,0
0,27,"test",2,0.506731748580933,0
0,27,"test",3,0.506180047988892,1
0,27,"test",4,0.556532561779022,1
0,27,"test",5,0.548564791679382,1
0,27,"test",6,0.507306039333344,1
0,27,"test",7,0.506577014923096,1
0,27,"test",8,0.506350040435791,1
0,27,"test",9,0.510152161121368,1
0,27,"test",10,0.471754759550095,1
0,27,"test",11,0.469828724861145,1
0,27,"test",12,0.480638235807419,1
0,27,"test",13,0.489424556493759,1
0,27,"test",14,0.459313124418259,1
0,27,"test",15,0.443675398826599,1
0,27,"test",16,0.465526223182678,1
0,27,"test",17,0.468145459890366,0
0,27,"test",18,0.516243040561676,0
0,27,"test",19,0.519087374210358,0
0,27,"test",20,0.521692395210266,1
0,27,"test",21,0.527571976184845,1
0,27,"test",22,0.501254558563232,1
0,27,"test",23,0.501511454582214,0
0,27,"test",24,0.47881093621254,0
0,27,"test",25,0.495396435260773,0
0,27,"test",26,0.498829245567322,1
0,27,"test",27,0.51166433095932,1
0,27,"test",28,0.506180047988892,1
0,27,"test",29,0.509868741035461,0
0,27,"test",30,0.548564791679382,0
0,27,"test",31,0.542350113391876,0
0,27,"test",32,0.506577014923096,0
0,27,"test",33,0.504382729530334,0
0,27,"test",34,0.510152161121368,1
0,27,"test",35,0.506344258785248,1
0,27,"test",36,0.469828724861145,1
0,27,"test",37,0.4766626060009,1
0,27,"test",38,0.489424556493759,1
0,27,"test",39,0.473866522312164,1
0,27,"test",40,0.443675398826599,1
0,27,"test",41,0.453383564949036,1
0,27,"test",42,0.468145459890366,0
0,27,"test",43,0.473504930734634,0
0,27,"test",44,0.519087374210358,1
0,27,"test",45,0.520077764987946,1
0,27,"test",46,0.527571976184845,1
0,27,"test",47,0.532119870185852,0
0,27,"test",48,0.501511454582214,0
0,27,"test",49,0.503332734107971,0
0,27,"test",50,0.495396435260773,0
0,27,"test",51,0.479057908058167,1
0,27,"test",52,0.51166433095932,1
0,27,"test",53,0.515081942081451,1
0,27,"test",54,0.509868741035461,1
0,27,"test",55,0.517380475997925,0
0,27,"test",56,0.542350113391876,0
0,27,"test",57,0.552828967571259,0
0,27,"test",58,0.504382729530334,0
0,27,"test",59,0.496201455593109,1
0,27,"test",60,0.506344258785248,1
0,27,"test",61,0.504435181617737,1
0,27,"test",62,0.4766626060009,0
0,27,"test",63,0.479637891054153,1
0,27,"test",64,0.473866522312164,1
0,27,"test",65,0.475273668766022,1
0,27,"test",66,0.453383564949036,1
0,27,"test",67,0.446350455284119,1
0,27,"test",68,0.473504930734634,0
0,27,"test",69,0.4926877617836,0
0,27,"test",70,0.520077764987946,0
0,27,"test",71,0.519382655620575,1
0,27,"test",72,0.532119870185852,1
0,27,"test",73,0.519136011600494,0
0,27,"test",74,0.503332734107971,0
0,27,"test",75,0.498530209064484,0
0,27,"test",76,0.479057908058167,0
0,27,"test",77,0.492660969495773,0
0,27,"test",78,0.515081942081451,1
0,27,"test",79,0.502857208251953,0
0,27,"test",80,0.517380475997925,0
0,27,"test",81,0.522492527961731,1
0,27,"test",82,0.552828967571259,1
0,27,"test",83,0.575938284397125,1
0,27,"test",84,0.496201455593109,1
0,27,"test",85,0.48504576086998,0
0,27,"test",86,0.504435181617737,0
0,27,"test",87,0.51474928855896,0
0,27,"test",88,0.479637891054153,0
0,27,"test",89,0.473641961812973,0
0,27,"test",90,0.475273668766022,0
0,27,"test",91,0.481100082397461,1
0,27,"test",92,0.446350455284119,0
0,27,"test",93,0.437128454446793,0
0,27,"test",94,0.4926877617836,0
0,27,"test",95,0.49103906750679,0
0,27,"test",96,0.519382536411285,0
0,27,"test",97,0.517238140106201,1
0,27,"test",98,0.519136011600494,1
0,27,"test",99,0.51561027765274,1
0,27,"test",100,0.498530209064484,1
0,27,"test",101,0.499787747859955,1
0,27,"test",102,0.492660969495773,0
0,27,"test",103,0.484642714262009,0
0,27,"test",104,0.502857208251953,0
0,27,"test",105,0.48842516541481,0
0,27,"test",106,0.522492527961731,0
0,27,"test",107,0.529722988605499,0
0,27,"test",108,0.575938284397125,0
0,27,"test",109,0.557899713516235,0
0,27,"test",110,0.48504576086998,1
0,27,"test",111,0.495335161685944,1
0,27,"test",112,0.51474928855896,1
0,27,"test",113,0.506171643733978,0
0,27,"test",114,0.473641961812973,1
0,27,"test",115,0.460443109273911,1
0,27,"test",116,0.481100082397461,1
0,27,"test",117,0.47677144408226,1
0,27,"test",118,0.437128454446793,1
0,27,"test",119,0.434578239917755,0
0,27,"test",120,0.49103906750679,0
0,27,"test",121,0.486158758401871,0
0,27,"test",122,0.517238140106201,1
0,27,"test",123,0.517947137355804,1
0,27,"test",124,0.51561027765274,1
0,27,"test",125,0.51915431022644,0
0,27,"test",126,0.499787747859955,0
0,27,"test",127,0.499695122241974,0
0,27,"test",128,0.484642654657364,1
0,27,"test",129,0.487762659788132,1
0,27,"test",130,0.48842516541481,1
0,27,"test",131,0.484913498163223,1
0,27,"test",132,0.529722988605499,0
0,27,"test",133,0.515404641628265,0
0,27,"test",134,0.557899713516235,0
0,27,"test",135,0.562701821327209,0
0,27,"test",136,0.495335161685944,0
0,27,"test",137,0.439382970333099,1
0,27,"test",138,0.506171643733978,1
0,27,"test",139,0.50691545009613,1
0,27,"test",140,0.460443109273911,1
0,27,"test",141,0.478712111711502,1
0,27,"test",142,0.47677144408226,1
0,27,"test",143,0.483594000339508,1
0,27,"test",144,0.434578239917755,1
0,27,"test",145,0.441911250352859,1
0,27,"test",146,0.486158758401871,1
0,27,"test",147,0.461184144020081,1
0,27,"test",148,0.517947137355804,1
0,27,"test",149,0.517838954925537,1
0,27,"test",150,0.51915431022644,1
0,27,"test",151,0.514596998691559,1
0,27,"test",152,0.499695122241974,0
0,27,"test",153,0.497340470552444,0
0,27,"test",154,0.487762659788132,1
0,27,"test",155,0.494173526763916,1
0,27,"test",156,0.484913498163223,1
0,27,"test",157,0.499862551689148,0
0,27,"test",158,0.515404641628265,0
0,27,"test",159,0.546231329441071,0
0,27,"test",160,0.562701821327209,0
0,27,"test",161,0.560124397277832,0
0,27,"test",162,0.439382970333099,0
0,27,"test",163,0.493214011192322,0
0,27,"test",164,0.50691545009613,0
0,27,"test",165,0.509594857692719,1
0,27,"test",166,0.478712111711502,1
0,27,"test",167,0.478324919939041,0
0,27,"test",168,0.483594000339508,1
0,27,"test",169,0.483391672372818,1
0,27,"test",170,0.441911250352859,1
0,27,"test",171,0.433065742254257,0
0,27,"test",172,0.461184144020081,0
0,27,"test",173,0.458487719297409,1
0,27,"test",174,0.517838954925537,1
0,27,"test",175,0.519979655742645,1
0,27,"test",176,0.514596998691559,1
0,27,"test",177,0.51756089925766,0
0,27,"test",178,0.497340470552444,0
0,27,"test",179,0.494383156299591,0
0,27,"test",180,0.494173526763916,0
0,27,"test",181,0.501107215881348,0
0,27,"test",182,0.499862551689148,0
0,27,"test",183,0.487967729568481,0
0,27,"test",184,0.546231329441071,0
0,27,"test",185,0.531271696090698,0
0,27,"test",186,0.560124397277832,1
0,27,"test",187,0.559202134609222,0
0,27,"test",188,0.493214011192322,0
0,27,"test",189,0.511059761047363,0
0,27,"test",190,0.509594857692719,0
0,27,"test",191,0.505646109580994,0
0,27,"test",192,0.478324919939041,0
0,27,"test",193,0.474839895963669,0
0,27,"test",194,0.483391672372818,0
0,27,"test",195,0.480047583580017,0
0,27,"test",196,0.433065742254257,0
0,27,"test",197,0.438345849514008,1
0,27,"test",198,0.458487719297409,1
0,27,"test",199,0.454411596059799,1
0,27,"test",200,0.519979655742645,0
0,27,"test",201,0.518819987773895,0
0,27,"test",202,0.51756089925766,1
0,27,"test",203,0.519270122051239,0
0,27,"test",204,0.494383156299591,0
0,27,"test",205,0.496202290058136,0
0,27,"test",206,0.501107215881348,1
0,27,"test",207,0.466099828481674,0
0,27,"test",208,0.487967729568481,0
0,27,"test",209,0.483079135417938,0
0,27,"test",210,0.531271696090698,0
0,27,"test",211,0.530786573886871,0
0,27,"test",212,0.559202134609222,1
0,27,"test",213,0.557342886924744,0
0,27,"test",214,0.511059761047363,1
0,27,"test",215,0.512602627277374,1
0,27,"test",216,0.505646109580994,1
0,27,"test",217,0.526964068412781,0
0,27,"test",218,0.474839895963669,0
0,27,"test",219,0.471699982881546,1
0,27,"test",220,0.480047583580017,1
0,27,"test",221,0.488223433494568,0
0,27,"test",222,0.438345849514008,1
0,27,"test",223,0.455115169286728,1
0,27,"test",224,0.454411596059799,1
0,27,"test",225,0.460292726755142,0
0,27,"test",226,0.518819987773895,0
0,27,"test",227,0.518417835235596,0
0,27,"test",228,0.519270122051239,1
0,27,"test",229,0.522623598575592,1
0,27,"test",230,0.496202290058136,0
0,27,"test",231,0.499739408493042,1
0,27,"test",232,0.466099828481674,1
0,27,"test",233,0.476565539836884,1
0,27,"test",234,0.483079135417938,1
0,27,"test",235,0.49991112947464,1
0,27,"test",236,0.530786573886871,1
0,27,"test",237,0.530840992927551,0
0,27,"test",238,0.557342886924744,0
0,27,"test",239,0.567139029502869,0
0,27,"test",240,0.512602627277374,0
0,27,"test",241,0.462423503398895,0
0,27,"test",242,0.526964068412781,0
0,27,"test",243,0.52078914642334,0
0,27,"test",244,0.471699982881546,1
0,27,"test",245,0.469334632158279,1
0,27,"test",246,0.488223433494568,1
0,27,"test",247,0.480978429317474,1
0,27,"test",248,0.455115169286728,1
0,27,"test",249,0.434448748826981,1
0,27,"test",250,0.460292726755142,1
0,27,"test",251,0.473734050989151,1
0,27,"test",252,0.518417835235596,0
0,27,"test",253,0.517867982387543,0
0,27,"test",254,0.522623598575592,0
0,27,"test",255,0.519964039325714,1
0,27,"test",256,0.499739408493042,1
0,27,"test",257,0.499436497688293,1
0,27,"test",258,0.476565539836884,1
0,27,"test",259,0.491143375635147,1
0,27,"test",260,0.49991112947464,1
0,27,"test",261,0.496867060661316,1
0,27,"test",262,0.530840992927551,0
0,27,"test",263,0.536726891994476,0
0,27,"test",264,0.567139029502869,1
0,27,"test",265,0.560424447059631,1
0,27,"test",266,0.462423503398895,1
0,27,"test",267,0.4447982609272,1
0,27,"test",268,0.52078914642334,1
0,27,"test",269,0.507341980934143,1
0,27,"test",270,0.469334632158279,1
0,27,"test",271,0.458063244819641,1
0,27,"test",272,0.480978429317474,1
0,27,"test",273,0.489334732294083,1
0,27,"test",274,0.434448748826981,1
0,27,"test",275,0.4184230864048,1
0,27,"test",276,0.473734050989151,1
0,27,"test",277,0.473074018955231,1
0,27,"test",278,0.517867982387543,0
0,27,"test",279,0.520527601242065,0
0,27,"test",280,0.519964039325714,0
0,27,"test",281,0.515005469322205,0
0,27,"test",282,0.499436497688293,0
0,27,"test",283,0.498193264007568,0
0,27,"test",284,0.491143375635147,0
0,27,"test",285,0.481367826461792,0
0,27,"test",286,0.496867060661316,0
0,27,"test",287,0.5090571641922,0
0,27,"test",288,0.536726891994476,0
0,27,"test",289,0.537656605243683,0
0,27,"test",290,0.560424447059631,0
0,27,"test",291,0.559594929218292,0
0,27,"test",292,0.4447982609272,1
0,27,"test",293,0.512248635292053,1
0,27,"test",294,0.507341980934143,1
0,27,"test",295,0.50752192735672,0
0,27,"test",296,0.458063244819641,0
0,27,"test",297,0.475624233484268,1
0,27,"test",298,0.489334732294083,0
0,27,"test",299,0.488159865140915,0
0,27,"test",300,0.4184230864048,1
0,27,"test",301,0.435581237077713,1
0,27,"test",302,0.473074018955231,1
0,27,"test",303,0.449248492717743,0
0,27,"test",304,0.520527601242065,1
0,27,"test",305,0.52223926782608,0
0,98,"val",1,0.523639619350433,0
0,98,"val",2,0.513294756412506,1
0,98,"val",3,0.50847327709198,0
0,98,"val",4,0.476928442716599,1
0,98,"val",5,0.469466120004654,1
0,98,"val",6,0.425777405500412,1
0,98,"val",7,0.417880088090897,1
0,98,"val",8,0.493422210216522,1
0,98,"val",9,0.490421175956726,1
0,98,"val",10,0.528975188732147,1
0,98,"val",11,0.529706001281738,1
0,98,"val",12,0.522665739059448,1
0,98,"val",13,0.51563423871994,1
0,98,"val",14,0.505659103393555,1
0,98,"val",15,0.51161777973175,1
0,98,"val",16,0.477143734693527,1
0,98,"val",17,0.480723768472672,1
0,98,"val",18,0.489028841257095,1
0,98,"val",19,0.492090225219727,1
0,98,"val",20,0.514836072921753,1
0,98,"val",21,0.517910122871399,1
0,98,"val",22,0.522548615932465,1
0,98,"val",23,0.52016294002533,0
0,98,"val",24,0.470013588666916,0
0,98,"val",25,0.503695547580719,1
0,98,"val",26,0.523639619350433,0
0,98,"val",27,0.518962621688843,0
0,98,"val",28,0.50847327709198,0
0,98,"val",29,0.514854550361633,1
0,98,"val",30,0.469466120004654,1
0,98,"val",31,0.469104111194611,0
0,98,"val",32,0.417880117893219,0
0,98,"val",33,0.443134397268295,0
0,98,"val",34,0.490421175956726,0
0,98,"val",35,0.483091354370117,0
0,98,"val",36,0.529706001281738,0
0,98,"val",37,0.529041409492493,1
0,98,"val",38,0.51563423871994,1
0,98,"val",39,0.516428887844086,1
0,98,"val",40,0.51161777973175,0
0,98,"val",41,0.507464826107025,0
0,98,"val",42,0.480723768472672,0
0,98,"val",43,0.490906566381454,0
0,98,"val",44,0.492090225219727,0
0,98,"val",45,0.482802301645279,0
0,98,"val",46,0.517910122871399,0
0,98,"val",47,0.525673270225525,1
0,98,"val",48,0.52016294002533,1
0,98,"val",49,0.533745169639587,1
0,98,"val",50,0.503695547580719,1
0,98,"val",51,0.476023823022842,1
0,98,"val",52,0.518962621688843,1
0,98,"val",53,0.51755291223526,1
0,98,"val",54,0.514854550361633,1
0,98,"val",55,0.509676158428192,1
0,98,"val",56,0.469104111194611,1
0,98,"val",57,0.473974496126175,1
0,98,"val",58,0.443134397268295,1
0,98,"val",59,0.433089703321457,1
0,98,"val",60,0.483091354370117,1
0,98,"val",61,0.48652109503746,0
0,98,"val",62,0.529041409492493,1
0,98,"val",63,0.535624325275421,0
0,98,"val",64,0.516428887844086,0
0,98,"val",65,0.518786430358887,1
0,98,"val",66,0.507464826107025,1
0,98,"val",67,0.512062609195709,1
0,98,"val",68,0.490906566381454,1
0,98,"val",69,0.487944394350052,1
0,98,"val",70,0.482802301645279,1
0,98,"val",71,0.489567220211029,1
0,98,"val",72,0.525673270225525,1
0,98,"val",73,0.520138025283813,1
0,98,"val",74,0.533745169639587,1
0,98,"val",75,0.523570716381073,1
0,98,"val",76,0.476023823022842,0
0,98,"val",77,0.487173557281494,1
0,98,"val",78,0.51755291223526,1
0,98,"val",79,0.513935804367065,0
0,98,"val",80,0.509676158428192,0
0,98,"val",81,0.505642116069794,0
0,98,"val",82,0.473974496126175,1
0,98,"val",83,0.477271914482117,0
0,98,"val",84,0.433089703321457,0
0,98,"val",85,0.457042992115021,0
0,98,"val",86,0.48652109503746,1
0,98,"val",87,0.501081943511963,1
0,98,"val",88,0.535624325275421,1
0,98,"val",89,0.536112427711487,0
0,98,"val",90,0.518786430358887,0
0,98,"val",91,0.518809497356415,0
0,98,"val",92,0.512062609195709,0
0,98,"val",93,0.509275734424591,0
0,98,"val",94,0.487944394350052,0
0,98,"val",95,0.487150877714157,0
0,98,"val",96,0.489567220211029,1
0,98,"val",97,0.485295325517654,1
0,98,"val",98,0.520138025283813,1
0,98,"val",99,0.517302334308624,1
0,98,"val",100,0.523570716381073,0
0,98,"val",101,0.535370409488678,0
0,98,"val",102,0.487173557281494,0
0,98,"val",103,0.491900891065598,0
0,98,"val",104,0.513935804367065,1
0,98,"val",105,0.51716274023056,1
0,98,"val",106,0.505642116069794,1
0,98,"val",107,0.505749821662903,1
0,98,"val",108,0.477271914482117,1
0,98,"val",109,0.478351473808289,0
0,98,"val",110,0.457042992115021,0
0,98,"val",111,0.457429945468903,1
0,98,"val",112,0.501081943511963,1
0,98,"val",113,0.489261239767075,1
0,98,"val",114,0.536112427711487,0
0,98,"val",115,0.539807558059692,1
0,98,"val",116,0.518809497356415,0
0,98,"val",117,0.517777740955353,1
0,98,"val",118,0.509275734424591,1
0,98,"val",119,0.513995587825775,1
0,98,"val",120,0.487150877714157,0
0,98,"val",121,0.495648682117462,0
0,98,"val",122,0.485295325517654,0
0,98,"val",123,0.487527847290039,1
0,98,"val",124,0.517302334308624,1
0,98,"val",125,0.52045202255249,1
0,98,"val",126,0.535370409488678,1
0,98,"val",127,0.531411826610565,1
0,98,"val",128,0.491900891065598,1
0,98,"val",129,0.473848789930344,1
0,98,"val",130,0.51716274023056,1
0,98,"val",131,0.510065674781799,0
0,98,"val",132,0.505749821662903,0
0,98,"val",133,0.504117131233215,1
0,98,"val",134,0.478351473808289,1
0,98,"val",135,0.477250427007675,0
0,98,"val",136,0.457429945468903,0
0,98,"val",137,0.427029341459274,0
0,98,"val",138,0.489261239767075,0
0,98,"val",139,0.489551872014999,0
0,98,"val",140,0.539807558059692,0
0,98,"val",141,0.535098135471344,1
0,98,"val",142,0.517777740955353,1
0,98,"val",143,0.519242525100708,1
0,98,"val",144,0.513995587825775,0
0,98,"val",145,0.511255919933319,0
0,98,"val",146,0.495648682117462,0
0,98,"val",147,0.48407182097435,0
0,98,"val",148,0.487527847290039,0
0,98,"val",149,0.480398029088974,0
0,98,"val",150,0.52045202255249,0
0,98,"val",151,0.514793515205383,0
0,98,"val",152,0.531411826610565,1
0,98,"val",153,0.526794612407684,0
0,98,"val",154,0.473848789930344,1
0,98,"val",155,0.474601268768311,0
0,98,"val",156,0.510065674781799,0
0,98,"val",157,0.510649263858795,0
0,98,"val",158,0.504117131233215,0
0,98,"val",159,0.510797023773193,1
0,98,"val",160,0.477250427007675,1
0,98,"val",161,0.474337756633759,1
0,98,"val",162,0.427029341459274,1
0,98,"val",163,0.445322006940842,1
0,98,"val",164,0.489551872014999,0
0,98,"val",165,0.494843512773514,0
0,98,"val",166,0.535098135471344,0
0,98,"val",167,0.53087329864502,0
0,98,"val",168,0.519242525100708,1
0,98,"val",169,0.516743838787079,0
0,98,"val",170,0.511255919933319,0
0,98,"val",171,0.508160889148712,0
0,98,"val",172,0.48407182097435,1
0,98,"val",173,0.486241340637207,1
0,98,"val",174,0.480398029088974,1
0,98,"val",175,0.483668237924576,0
0,98,"val",176,0.514793515205383,0
0,98,"val",177,0.513331234455109,1
0,98,"val",178,0.526794612407684,0
0,98,"val",179,0.552406549453735,1
0,98,"val",180,0.474601268768311,0
0,98,"val",181,0.473102152347565,1
0,98,"val",182,0.510649263858795,1
0,98,"val",183,0.515639185905457,1
0,98,"val",184,0.510797023773193,0
0,98,"val",185,0.517293572425842,0
0,98,"val",186,0.474337756633759,0
0,98,"val",187,0.480149418115616,0
0,98,"val",188,0.445322006940842,0
0,98,"val",189,0.446184724569321,0
0,98,"val",190,0.494843512773514,0
0,98,"val",191,0.459356963634491,1
0,98,"val",192,0.53087329864502,0
0,98,"val",193,0.524437487125397,0
0,98,"val",194,0.516743838787079,0
0,98,"val",195,0.518860042095184,1
0,98,"val",196,0.508160889148712,1
0,98,"val",197,0.50806200504303,1
0,98,"val",198,0.486241340637207,1
0,98,"val",199,0.488131940364838,0
0,98,"val",200,0.483668237924576,0
0,98,"val",201,0.473699897527695,0
0,98,"val",202,0.513331234455109,0
0,98,"val",203,0.509267508983612,1
0,98,"val",204,0.552406549453735,1
0,98,"val",205,0.538174211978912,1
0,98,"val",206,0.473102152347565,0
0,98,"val",207,0.47261643409729,0
0,98,"val",208,0.515639185905457,0
0,98,"val",209,0.515384078025818,1
0,98,"val",210,0.517293572425842,1
0,98,"val",211,0.518012166023254,1
0,98,"val",212,0.480149418115616,1
0,98,"val",213,0.484945088624954,1
0,98,"val",214,0.446184724569321,1
0,98,"val",215,0.460164725780487,0
0,98,"val",216,0.459356963634491,0
0,98,"val",217,0.479481011629105,0
0,98,"val",218,0.524437487125397,0
0,98,"val",219,0.524636268615723,0
0,98,"val",220,0.518860042095184,0
0,98,"val",221,0.515266418457031,1
0,98,"val",222,0.50806200504303,1
0,98,"val",223,0.514091968536377,1
0,98,"val",224,0.488131940364838,0
0,98,"val",225,0.492927879095078,1
0,98,"val",226,0.473699897527695,1
0,98,"val",227,0.484635889530182,1
0,98,"val",228,0.509267508983612,0
0,98,"val",229,0.511641085147858,0
0,98,"val",230,0.538174211978912,0
0,98,"val",231,0.524610280990601,0
0,98,"val",232,0.47261643409729,0
0,98,"val",233,0.482669472694397,0
0,98,"val",234,0.515384078025818,0
0,98,"val",235,0.517900586128235,0
0,98,"val",236,0.518012166023254,0
0,98,"val",237,0.51778769493103,0
0,98,"val",238,0.484945088624954,1
0,98,"val",239,0.485284477472305,0
0,98,"val",240,0.460164725780487,0
0,98,"val",241,0.458048492670059,0
0,98,"val",242,0.479481011629105,0
0,98,"val",243,0.463887810707092,1
0,98,"val",244,0.524636268615723,1
0,98,"val",245,0.531554579734802,1
0,98,"val",246,0.515266418457031,0
0,98,"val",247,0.517841160297394,1
0,98,"val",248,0.514091968536377,1
0,98,"val",249,0.51395708322525,0
0,98,"val",250,0.492927879095078,1
0,98,"val",251,0.485472291707993,1
0,98,"val",252,0.484635889530182,1
0,98,"val",253,0.486188620328903,1
0,98,"val",254,0.511641085147858,0
0,98,"val",255,0.512652277946472,0
0,98,"val",256,0.524610280990601,0
0,98,"val",257,0.518134534358978,0
0,98,"val",258,0.482669472694397,1
0,98,"val",259,0.479622393846512,1
0,98,"val",260,0.517900586128235,1
0,98,"val",261,0.508780121803284,1
0,98,"val",262,0.51778769493103,1
0,98,"val",263,0.507350146770477,0
0,98,"val",264,0.485284477472305,0
0,98,"val",265,0.480344295501709,1
0,98,"val",266,0.458048492670059,1
0,98,"val",267,0.457077443599701,0
0,98,"val",268,0.463887810707092,0
0,98,"val",269,0.464625090360641,0
0,98,"val",270,0.531554579734802,1
0,98,"val",271,0.530657947063446,1
0,98,"val",272,0.517841160297394,1
0,98,"val",273,0.51567929983139,1
0,98,"val",274,0.51395708322525,0
0,98,"val",275,0.515150308609009,0
0,98,"val",276,0.485472291707993,0
0,98,"val",277,0.489077508449554,0
0,98,"val",278,0.486188620328903,1
0,98,"val",279,0.492540448904037,1
0,98,"val",280,0.512652277946472,1
0,98,"val",281,0.510536253452301,1
0,98,"val",282,0.518134534358978,1
0,98,"val",283,0.515870571136475,1
0,98,"val",284,0.479622393846512,0
0,98,"val",285,0.472903728485107,0
0,98,"val",286,0.508780121803284,0
0,98,"val",287,0.511232972145081,0
0,98,"val",288,0.507350146770477,0
0,98,"val",289,0.505887627601624,0
0,98,"val",290,0.480344295501709,0
0,98,"val",291,0.479493588209152,0
0,98,"val",292,0.457077443599701,0
0,98,"val",293,0.45683217048645,0
0,98,"val",294,0.464625090360641,1
0,98,"val",295,0.468260169029236,1
0,98,"val",296,0.530657947063446,0
0,98,"val",297,0.527179300785065,0
0,98,"val",298,0.51567929983139,0
0,98,"val",299,0.521807789802551,1
0,98,"val",300,0.515150308609009,1
0,98,"val",301,0.516117691993713,1
0,98,"val",302,0.489077508449554,0
0,98,"val",303,0.484809458255768,0
0,98,"val",304,0.492540448904037,0
0,98,"test",1,0.491825431585312,0
0,98,"test",2,0.510536253452301,0
0,98,"test",3,0.514500975608826,1
0,98,"test",4,0.515870571136475,1
0,98,"test",5,0.514382481575012,1
0,98,"test",6,0.472903728485107,1
0,98,"test",7,0.48301774263382,1
0,98,"test",8,0.511232972145081,1
0,98,"test",9,0.511644542217255,1
0,98,"test",10,0.505887627601624,1
0,98,"test",11,0.505833625793457,1
0,98,"test",12,0.479493588209152,1
0,98,"test",13,0.4894660115242,1
0,98,"test",14,0.45683217048645,1
0,98,"test",15,0.437482118606567,1
0,98,"test",16,0.468260169029236,1
0,98,"test",17,0.472272098064423,0
0,98,"test",18,0.527179300785065,0
0,98,"test",19,0.535792052745819,0
0,98,"test",20,0.521807789802551,1
0,98,"test",21,0.523706614971161,1
0,98,"test",22,0.516117691993713,1
0,98,"test",23,0.515693724155426,0
0,98,"test",24,0.484809458255768,0
0,98,"test",25,0.489727288484573,0
0,98,"test",26,0.491825431585312,1
0,98,"test",27,0.492092490196228,1
0,98,"test",28,0.514500975608826,1
0,98,"test",29,0.516256928443909,0
0,98,"test",30,0.514382481575012,0
0,98,"test",31,0.51288378238678,0
0,98,"test",32,0.48301774263382,0
0,98,"test",33,0.476403325796127,0
0,98,"test",34,0.511644542217255,1
0,98,"test",35,0.515499591827393,1
0,98,"test",36,0.505833625793457,1
0,98,"test",37,0.499684691429138,1
0,98,"test",38,0.4894660115242,1
0,98,"test",39,0.473213225603104,1
0,98,"test",40,0.437482118606567,1
0,98,"test",41,0.445653945207596,1
0,98,"test",42,0.472272098064423,0
0,98,"test",43,0.474957227706909,0
0,98,"test",44,0.535792052745819,1
0,98,"test",45,0.540758311748505,1
0,98,"test",46,0.523706614971161,1
0,98,"test",47,0.524619042873383,0
0,98,"test",48,0.515693724155426,0
0,98,"test",49,0.517034232616425,0
0,98,"test",50,0.489727288484573,0
0,98,"test",51,0.482968509197235,1
0,98,"test",52,0.492092490196228,1
0,98,"test",53,0.477996975183487,1
0,98,"test",54,0.516256928443909,1
0,98,"test",55,0.514222979545593,0
0,98,"test",56,0.51288378238678,0
0,98,"test",57,0.515409231185913,0
0,98,"test",58,0.476403325796127,0
0,98,"test",59,0.468674302101135,1
0,98,"test",60,0.515499591827393,1
0,98,"test",61,0.506084859371185,1
0,98,"test",62,0.499684691429138,0
0,98,"test",63,0.498722672462463,1
0,98,"test",64,0.473213225603104,1
0,98,"test",65,0.473797291517258,1
0,98,"test",66,0.445653945207596,1
0,98,"test",67,0.440723061561584,1
0,98,"test",68,0.474957227706909,0
0,98,"test",69,0.496283829212189,0
0,98,"test",70,0.540758311748505,0
0,98,"test",71,0.537175118923187,1
0,98,"test",72,0.524619042873383,1
0,98,"test",73,0.519511044025421,0
0,98,"test",74,0.517034232616425,0
0,98,"test",75,0.511867642402649,0
0,98,"test",76,0.482968509197235,0
0,98,"test",77,0.49335303902626,0
0,98,"test",78,0.477996975183487,1
0,98,"test",79,0.490029156208038,0
0,98,"test",80,0.514222979545593,0
0,98,"test",81,0.510470032691956,1
0,98,"test",82,0.515409231185913,1
0,98,"test",83,0.524064838886261,1
0,98,"test",84,0.468674302101135,1
0,98,"test",85,0.468396574258804,0
0,98,"test",86,0.506084859371185,0
0,98,"test",87,0.520265579223633,0
0,98,"test",88,0.498722672462463,0
0,98,"test",89,0.503020882606506,0
0,98,"test",90,0.473797291517258,0
0,98,"test",91,0.47932893037796,1
0,98,"test",92,0.440723061561584,0
0,98,"test",93,0.429633289575577,0
0,98,"test",94,0.496283829212189,0
0,98,"test",95,0.495387732982635,0
0,98,"test",96,0.537175118923187,0
0,98,"test",97,0.540627956390381,1
0,98,"test",98,0.519511044025421,1
0,98,"test",99,0.518362760543823,1
0,98,"test",100,0.511867642402649,1
0,98,"test",101,0.51395708322525,1
0,98,"test",102,0.49335303902626,0
0,98,"test",103,0.491522073745728,0
0,98,"test",104,0.490029156208038,0
0,98,"test",105,0.494282424449921,0
0,98,"test",106,0.510470032691956,0
0,98,"test",107,0.511807382106781,0
0,98,"test",108,0.524064838886261,0
0,98,"test",109,0.516764223575592,0
0,98,"test",110,0.468396574258804,1
0,98,"test",111,0.468556433916092,1
0,98,"test",112,0.520265579223633,1
0,98,"test",113,0.516650021076202,0
0,98,"test",114,0.503020882606506,1
0,98,"test",115,0.517097771167755,1
0,98,"test",116,0.47932893037796,1
0,98,"test",117,0.476329267024994,1
0,98,"test",118,0.429633289575577,1
0,98,"test",119,0.427160441875458,0
0,98,"test",120,0.495387732982635,0
0,98,"test",121,0.489592999219894,0
0,98,"test",122,0.540627956390381,1
0,98,"test",123,0.532619655132294,1
0,98,"test",124,0.518362760543823,1
0,98,"test",125,0.519700348377228,0
0,98,"test",126,0.51395708322525,0
0,98,"test",127,0.513509213924408,0
0,98,"test",128,0.491522073745728,1
0,98,"test",129,0.498174250125885,1
0,98,"test",130,0.494282424449921,1
0,98,"test",131,0.489408195018768,1
0,98,"test",132,0.511807382106781,0
0,98,"test",133,0.509114503860474,0
0,98,"test",134,0.516764223575592,0
0,98,"test",135,0.518339037895203,0
0,98,"test",136,0.468556433916092,0
0,98,"test",137,0.473148435354233,1
0,98,"test",138,0.516650021076202,1
0,98,"test",139,0.51455557346344,1
0,98,"test",140,0.517097771167755,1
0,98,"test",141,0.510406136512756,1
0,98,"test",142,0.476329267024994,1
0,98,"test",143,0.483103156089783,1
0,98,"test",144,0.427160441875458,1
0,98,"test",145,0.437950015068054,1
0,98,"test",146,0.489592999219894,1
0,98,"test",147,0.46143364906311,1
0,98,"test",148,0.532619655132294,1
0,98,"test",149,0.532412528991699,1
0,98,"test",150,0.519700348377228,1
0,98,"test",151,0.517368137836456,1
0,98,"test",152,0.513509213924408,0
0,98,"test",153,0.510324954986572,0
0,98,"test",154,0.498174250125885,1
0,98,"test",155,0.498358339071274,1
0,98,"test",156,0.489408195018768,1
0,98,"test",157,0.477102994918823,0
0,98,"test",158,0.509114503860474,0
0,98,"test",159,0.517821073532104,0
0,98,"test",160,0.518339037895203,0
0,98,"test",161,0.516883313655853,0
0,98,"test",162,0.473148435354233,0
0,98,"test",163,0.470148056745529,0
0,98,"test",164,0.51455557346344,0
0,98,"test",165,0.515674948692322,1
0,98,"test",166,0.510406136512756,1
0,98,"test",167,0.513568937778473,0
0,98,"test",168,0.483103156089783,1
0,98,"test",169,0.485833913087845,1
0,98,"test",170,0.437950015068054,1
0,98,"test",171,0.429612308740616,0
0,98,"test",172,0.46143364906311,0
0,98,"test",173,0.456682831048965,1
0,98,"test",174,0.532412528991699,1
0,98,"test",175,0.539118945598602,1
0,98,"test",176,0.517368137836456,1
0,98,"test",177,0.519685447216034,0
0,98,"test",178,0.510324954986572,0
0,98,"test",179,0.507720649242401,0
0,98,"test",180,0.498358339071274,0
0,98,"test",181,0.500978708267212,0
0,98,"test",182,0.477102994918823,0
0,98,"test",183,0.490868985652924,0
0,98,"test",184,0.517821073532104,0
0,98,"test",185,0.513925552368164,0
0,98,"test",186,0.516883313655853,1
0,98,"test",187,0.516592502593994,0
0,98,"test",188,0.470148056745529,0
0,98,"test",189,0.475925505161285,0
0,98,"test",190,0.515674948692322,0
0,98,"test",191,0.510330259799957,0
0,98,"test",192,0.513568818569183,0
0,98,"test",193,0.506111145019531,0
0,98,"test",194,0.485833913087845,0
0,98,"test",195,0.481475234031677,0
0,98,"test",196,0.429612308740616,0
0,98,"test",197,0.435288071632385,1
0,98,"test",198,0.456682831048965,1
0,98,"test",199,0.453725844621658,1
0,98,"test",200,0.539118945598602,0
0,98,"test",201,0.535225629806519,0
0,98,"test",202,0.519685447216034,1
0,98,"test",203,0.521870672702789,0
0,98,"test",204,0.507720649242401,0
0,98,"test",205,0.508590579032898,0
0,98,"test",206,0.500978708267212,1
0,98,"test",207,0.492835998535156,0
0,98,"test",208,0.490868985652924,0
0,98,"test",209,0.496107935905457,0
0,98,"test",210,0.513925552368164,0
0,98,"test",211,0.510189473628998,0
0,98,"test",212,0.516592502593994,1
0,98,"test",213,0.51623409986496,0
0,98,"test",214,0.475925505161285,1
0,98,"test",215,0.475656718015671,1
0,98,"test",216,0.510330259799957,1
0,98,"test",217,0.515847146511078,0
0,98,"test",218,0.506111145019531,0
0,98,"test",219,0.522834300994873,1
0,98,"test",220,0.481475234031677,1
0,98,"test",221,0.49045142531395,0
0,98,"test",222,0.435288071632385,1
0,98,"test",223,0.450287342071533,1
0,98,"test",224,0.453725844621658,1
0,98,"test",225,0.460523277521133,0
0,98,"test",226,0.535225629806519,0
0,98,"test",227,0.533458232879639,0
0,98,"test",228,0.521870672702789,1
0,98,"test",229,0.520747601985931,1
0,98,"test",230,0.508590579032898,0
0,98,"test",231,0.513289391994476,1
0,98,"test",232,0.492835998535156,1
0,98,"test",233,0.501319289207458,1
0,98,"test",234,0.496107935905457,1
0,98,"test",235,0.490491032600403,1
0,98,"test",236,0.510189473628998,1
0,98,"test",237,0.510309815406799,0
0,98,"test",238,0.51623409986496,0
0,98,"test",239,0.520226240158081,0
0,98,"test",240,0.475656718015671,0
0,98,"test",241,0.466791749000549,0
0,98,"test",242,0.515847146511078,0
0,98,"test",243,0.517978250980377,0
0,98,"test",244,0.522834300994873,1
0,98,"test",245,0.524142324924469,1
0,98,"test",246,0.49045142531395,1
0,98,"test",247,0.482602477073669,1
0,98,"test",248,0.450287342071533,1
0,98,"test",249,0.43048220872879,1
0,98,"test",250,0.460523277521133,1
0,98,"test",251,0.475725442171097,1
0,98,"test",252,0.533458232879639,0
0,98,"test",253,0.552666246891022,0
0,98,"test",254,0.520747601985931,0
0,98,"test",255,0.521952211856842,1
0,98,"test",256,0.513289391994476,1
0,98,"test",257,0.511496543884277,1
0,98,"test",258,0.501319289207458,1
0,98,"test",259,0.481140375137329,1
0,98,"test",260,0.490491032600403,1
0,98,"test",261,0.492388904094696,1
0,98,"test",262,0.510309815406799,0
0,98,"test",263,0.511444747447968,0
0,98,"test",264,0.520226240158081,1
0,98,"test",265,0.516958951950073,1
0,98,"test",266,0.466791749000549,1
0,98,"test",267,0.462264835834503,1
0,98,"test",268,0.517978250980377,1
0,98,"test",269,0.521469473838806,1
0,98,"test",270,0.524142324924469,1
0,98,"test",271,0.521996140480042,1
0,98,"test",272,0.482602477073669,1
0,98,"test",273,0.493688195943832,1
0,98,"test",274,0.43048220872879,1
0,98,"test",275,0.409351289272308,1
0,98,"test",276,0.475725442171097,1
0,98,"test",277,0.472603291273117,1
0,98,"test",278,0.552666246891022,0
0,98,"test",279,0.555091023445129,0
0,98,"test",280,0.521952211856842,0
0,98,"test",281,0.518848955631256,0
0,98,"test",282,0.511496543884277,0
0,98,"test",283,0.512113094329834,0
0,98,"test",284,0.481140375137329,0
0,98,"test",285,0.491019874811172,0
0,98,"test",286,0.492388904094696,0
0,98,"test",287,0.4839868247509,0
0,98,"test",288,0.511444747447968,0
0,98,"test",289,0.508756995201111,0
0,98,"test",290,0.516958951950073,0
0,98,"test",291,0.517312347888947,0
0,98,"test",292,0.462264835834503,1
0,98,"test",293,0.46978160738945,1
0,98,"test",294,0.521469473838806,1
0,98,"test",295,0.518687188625336,0
0,98,"test",296,0.521996140480042,0
0,98,"test",297,0.512935817241669,1
0,98,"test",298,0.493688195943832,0
0,98,"test",299,0.48980575799942,0
0,98,"test",300,0.409351289272308,1
0,98,"test",301,0.43127778172493,1
0,98,"test",302,0.472603291273117,1
0,98,"test",303,0.441895067691803,0
0,98,"test",304,0.555091023445129,1
0,98,"test",305,0.547804355621338,0
0,41,"val",1,0.471703439950943,0
0,41,"val",2,0.480918556451797,1
0,41,"val",3,0.486907541751862,0
0,41,"val",4,0.481091916561127,1
0,41,"val",5,0.469144612550735,1
0,41,"val",6,0.392381578683853,1
0,41,"val",7,0.380935519933701,1
0,41,"val",8,0.498646080493927,1
0,41,"val",9,0.499837100505829,1
0,41,"val",10,0.499682188034058,1
0,41,"val",11,0.51408714056015,1
0,41,"val",12,0.517707526683807,1
0,41,"val",13,0.508332014083862,1
0,41,"val",14,0.499990016222,1
0,41,"val",15,0.508104383945465,1
0,41,"val",16,0.509860515594482,1
0,41,"val",17,0.513749003410339,1
0,41,"val",18,0.494088351726532,1
0,41,"val",19,0.464645385742188,1
0,41,"val",20,0.532560110092163,1
0,41,"val",21,0.529093205928802,1
0,41,"val",22,0.56460839509964,1
0,41,"val",23,0.550230324268341,0
0,41,"val",24,0.491631478071213,0
0,41,"val",25,0.509663343429565,1
0,41,"val",26,0.471703439950943,0
0,41,"val",27,0.503643989562988,0
0,41,"val",28,0.486907541751862,0
0,41,"val",29,0.47997310757637,1
0,41,"val",30,0.469144612550735,1
0,41,"val",31,0.469368100166321,0
0,41,"val",32,0.380935519933701,0
0,41,"val",33,0.417156606912613,0
0,41,"val",34,0.499837100505829,0
0,41,"val",35,0.491929143667221,0
0,41,"val",36,0.51408714056015,0
0,41,"val",37,0.503839135169983,1
0,41,"val",38,0.508332014083862,1
0,41,"val",39,0.515817165374756,1
0,41,"val",40,0.508104383945465,0
0,41,"val",41,0.502548575401306,0
0,41,"val",42,0.513749003410339,0
0,41,"val",43,0.510346710681915,0
0,41,"val",44,0.464645385742188,0
0,41,"val",45,0.4613176882267,0
0,41,"val",46,0.529093205928802,0
0,41,"val",47,0.525885343551636,1
0,41,"val",48,0.550230324268341,1
0,41,"val",49,0.558264076709747,1
0,41,"val",50,0.509663343429565,1
0,41,"val",51,0.499612540006638,1
0,41,"val",52,0.503643989562988,1
0,41,"val",53,0.508313119411469,1
0,41,"val",54,0.47997310757637,1
0,41,"val",55,0.488100707530975,1
0,41,"val",56,0.469368100166321,1
0,41,"val",57,0.476150572299957,1
0,41,"val",58,0.417156606912613,1
0,41,"val",59,0.4037224650383,1
0,41,"val",60,0.491929143667221,1
0,41,"val",61,0.491981774568558,0
0,41,"val",62,0.503839135169983,1
0,41,"val",63,0.504819869995117,0
0,41,"val",64,0.515817165374756,0
0,41,"val",65,0.513185560703278,1
0,41,"val",66,0.502548575401306,1
0,41,"val",67,0.508350014686584,1
0,41,"val",68,0.510346710681915,1
0,41,"val",69,0.511610507965088,1
0,41,"val",70,0.4613176882267,1
0,41,"val",71,0.479230344295502,1
0,41,"val",72,0.525885343551636,1
0,41,"val",73,0.539399802684784,1
0,41,"val",74,0.558264076709747,1
0,41,"val",75,0.55590683221817,1
0,41,"val",76,0.499612540006638,0
0,41,"val",77,0.511160790920258,1
0,41,"val",78,0.508313119411469,1
0,41,"val",79,0.525151073932648,0
0,41,"val",80,0.488100707530975,0
0,41,"val",81,0.487868189811707,0
0,41,"val",82,0.476150572299957,1
0,41,"val",83,0.47966656088829,0
0,41,"val",84,0.4037224650383,0
0,41,"val",85,0.437035381793976,0
0,41,"val",86,0.491981774568558,1
0,41,"val",87,0.507647752761841,1
0,41,"val",88,0.504819869995117,1
0,41,"val",89,0.515064656734467,0
0,41,"val",90,0.513185560703278,0
0,41,"val",91,0.510710954666138,0
0,41,"val",92,0.508350014686584,0
0,41,"val",93,0.505051732063293,0
0,41,"val",94,0.511610507965088,0
0,41,"val",95,0.50806188583374,0
0,41,"val",96,0.479230344295502,1
0,41,"val",97,0.464890033006668,1
0,41,"val",98,0.539399802684784,1
0,41,"val",99,0.521347165107727,1
0,41,"val",100,0.55590683221817,0
0,41,"val",101,0.596092522144318,0
0,41,"val",102,0.511160790920258,0
0,41,"val",103,0.515477657318115,0
0,41,"val",104,0.525151073932648,1
0,41,"val",105,0.507548987865448,1
0,41,"val",106,0.487868189811707,1
0,41,"val",107,0.489716529846191,1
0,41,"val",108,0.47966656088829,1
0,41,"val",109,0.482063144445419,0
0,41,"val",110,0.437035381793976,0
0,41,"val",111,0.436890363693237,1
0,41,"val",112,0.507647752761841,1
0,41,"val",113,0.49018183350563,1
0,41,"val",114,0.515064656734467,0
0,41,"val",115,0.525694608688354,1
0,41,"val",116,0.510710954666138,0
0,41,"val",117,0.507733583450317,1
0,41,"val",118,0.505051732063293,1
0,41,"val",119,0.513313710689545,1
0,41,"val",120,0.50806188583374,0
0,41,"val",121,0.504650115966797,0
0,41,"val",122,0.464890033006668,0
0,41,"val",123,0.474574565887451,1
0,41,"val",124,0.521347165107727,1
0,41,"val",125,0.526801228523254,1
0,41,"val",126,0.596092522144318,1
0,41,"val",127,0.585865795612335,1
0,41,"val",128,0.515477657318115,1
0,41,"val",129,0.4950270652771,1
0,41,"val",130,0.507548987865448,1
0,41,"val",131,0.512800872325897,0
0,41,"val",132,0.489716529846191,0
0,41,"val",133,0.490822941064835,1
0,41,"val",134,0.482063144445419,1
0,41,"val",135,0.479327827692032,0
0,41,"val",136,0.436890363693237,0
0,41,"val",137,0.394119381904602,0
0,41,"val",138,0.49018183350563,0
0,41,"val",139,0.494722127914429,0
0,41,"val",140,0.525694608688354,0
0,41,"val",141,0.512575507164001,1
0,41,"val",142,0.507733583450317,1
0,41,"val",143,0.514487564563751,1
0,41,"val",144,0.513313710689545,0
0,41,"val",145,0.507767677307129,0
0,41,"val",146,0.504650115966797,0
0,41,"val",147,0.502897500991821,0
0,41,"val",148,0.474574565887451,0
0,41,"val",149,0.47476252913475,0
0,41,"val",150,0.526801228523254,0
0,41,"val",151,0.525466978549957,0
0,41,"val",152,0.58586573600769,1
0,41,"val",153,0.579097986221313,0
0,41,"val",154,0.4950270652771,1
0,41,"val",155,0.453462064266205,0
0,41,"val",156,0.512800872325897,0
0,41,"val",157,0.51427161693573,0
0,41,"val",158,0.490822941064835,0
0,41,"val",159,0.483755618333817,1
0,41,"val",160,0.479327827692032,1
0,41,"val",161,0.47724586725235,1
0,41,"val",162,0.394119381904602,1
0,41,"val",163,0.420839935541153,1
0,41,"val",164,0.494722127914429,0
0,41,"val",165,0.496857732534409,0
0,41,"val",166,0.512575507164001,0
0,41,"val",167,0.489459365606308,0
0,41,"val",168,0.514487564563751,1
0,41,"val",169,0.514505863189697,0
0,41,"val",170,0.507767677307129,0
0,41,"val",171,0.503823161125183,0
0,41,"val",172,0.502897500991821,1
0,41,"val",173,0.499999344348907,1
0,41,"val",174,0.47476252913475,1
0,41,"val",175,0.429183930158615,0
0,41,"val",176,0.525466978549957,0
0,41,"val",177,0.539679944515228,1
0,41,"val",178,0.579097986221313,0
0,41,"val",179,0.60140323638916,1
0,41,"val",180,0.453462064266205,0
0,41,"val",181,0.472885847091675,1
0,41,"val",182,0.51427161693573,1
0,41,"val",183,0.505159854888916,1
0,41,"val",184,0.483755648136139,0
0,41,"val",185,0.478120177984238,0
0,41,"val",186,0.47724586725235,0
0,41,"val",187,0.483829468488693,0
0,41,"val",188,0.420839935541153,0
0,41,"val",189,0.42133229970932,0
0,41,"val",190,0.496857732534409,0
0,41,"val",191,0.46151664853096,1
0,41,"val",192,0.489459365606308,0
0,41,"val",193,0.499464869499207,0
0,41,"val",194,0.514505863189697,0
0,41,"val",195,0.513263285160065,1
0,41,"val",196,0.503823161125183,1
0,41,"val",197,0.503683090209961,1
0,41,"val",198,0.499999344348907,1
0,41,"val",199,0.497763007879257,0
0,41,"val",200,0.429183930158615,0
0,41,"val",201,0.466980308294296,0
0,41,"val",202,0.539679944515228,0
0,41,"val",203,0.522678077220917,1
0,41,"val",204,0.60140323638916,1
0,41,"val",205,0.580791175365448,1
0,41,"val",206,0.472885847091675,0
0,41,"val",207,0.473740339279175,0
0,41,"val",208,0.505159854888916,0
0,41,"val",209,0.500611305236816,1
0,41,"val",210,0.478120177984238,1
0,41,"val",211,0.476870834827423,1
0,41,"val",212,0.483829468488693,1
0,41,"val",213,0.486895233392715,1
0,41,"val",214,0.42133229970932,1
0,41,"val",215,0.441634953022003,0
0,41,"val",216,0.46151664853096,0
0,41,"val",217,0.487126499414444,0
0,41,"val",218,0.499464869499207,0
0,41,"val",219,0.493920654058456,0
0,41,"val",220,0.513263285160065,0
0,41,"val",221,0.512053251266479,1
0,41,"val",222,0.503683090209961,1
0,41,"val",223,0.509902060031891,1
0,41,"val",224,0.497763007879257,0
0,41,"val",225,0.501705229282379,1
0,41,"val",226,0.466980308294296,1
0,41,"val",227,0.470887124538422,1
0,41,"val",228,0.522678077220917,0
0,41,"val",229,0.52241712808609,0
0,41,"val",230,0.580791175365448,0
0,41,"val",231,0.558298170566559,0
0,41,"val",232,0.473740339279175,0
0,41,"val",233,0.50770378112793,0
0,41,"val",234,0.500611305236816,0
0,41,"val",235,0.507420063018799,0
0,41,"val",236,0.476870834827423,0
0,41,"val",237,0.476476311683655,0
0,41,"val",238,0.486895233392715,1
0,41,"val",239,0.488735884428024,0
0,41,"val",240,0.441634953022003,0
0,41,"val",241,0.437875866889954,0
0,41,"val",242,0.487126499414444,0
0,41,"val",243,0.468983590602875,1
0,41,"val",244,0.493920654058456,1
0,41,"val",245,0.502978563308716,1
0,41,"val",246,0.512053251266479,0
0,41,"val",247,0.51110577583313,1
0,41,"val",248,0.509902060031891,1
0,41,"val",249,0.510677218437195,0
0,41,"val",250,0.501705229282379,1
0,41,"val",251,0.478963524103165,1
0,41,"val",252,0.470887124538422,1
0,41,"val",253,0.473547518253326,1
0,41,"val",254,0.52241712808609,0
0,41,"val",255,0.496743559837341,0
0,41,"val",256,0.558298170566559,0
0,41,"val",257,0.550341069698334,0
0,41,"val",258,0.50770378112793,1
0,41,"val",259,0.467657834291458,1
0,41,"val",260,0.507420063018799,1
0,41,"val",261,0.529058456420898,1
0,41,"val",262,0.476476311683655,1
0,41,"val",263,0.487073004245758,0
0,41,"val",264,0.488735884428024,0
0,41,"val",265,0.483149439096451,1
0,41,"val",266,0.437875866889954,1
0,41,"val",267,0.437137514352798,0
0,41,"val",268,0.468983590602875,0
0,41,"val",269,0.464881300926208,0
0,41,"val",270,0.502978563308716,1
0,41,"val",271,0.494909942150116,1
0,41,"val",272,0.51110577583313,1
0,41,"val",273,0.510328948497772,1
0,41,"val",274,0.510677218437195,0
0,41,"val",275,0.51155012845993,0
0,41,"val",276,0.478963524103165,0
0,41,"val",277,0.485118448734283,0
0,41,"val",278,0.473547518253326,1
0,41,"val",279,0.459157735109329,1
0,41,"val",280,0.496743559837341,1
0,41,"val",281,0.505091428756714,1
0,41,"val",282,0.550341069698334,1
0,41,"val",283,0.54273921251297,1
0,41,"val",284,0.467657834291458,0
0,41,"val",285,0.503700375556946,0
0,41,"val",286,0.529058456420898,0
0,41,"val",287,0.512624442577362,0
0,41,"val",288,0.487073004245758,0
0,41,"val",289,0.488122493028641,0
0,41,"val",290,0.483149439096451,0
0,41,"val",291,0.481994956731796,0
0,41,"val",292,0.437137514352798,0
0,41,"val",293,0.436876058578491,0
0,41,"val",294,0.464881300926208,1
0,41,"val",295,0.465579569339752,1
0,41,"val",296,0.494909942150116,0
0,41,"val",297,0.482552736997604,0
0,41,"val",298,0.510328948497772,0
0,41,"val",299,0.512113094329834,1
0,41,"val",300,0.51155012845993,1
0,41,"val",301,0.51481956243515,1
0,41,"val",302,0.485118448734283,0
0,41,"val",303,0.487077713012695,0
0,41,"val",304,0.459157735109329,0
0,41,"test",1,0.45681819319725,0
0,41,"test",2,0.505091428756714,0
0,41,"test",3,0.503815472126007,1
0,41,"test",4,0.54273921251297,1
0,41,"test",5,0.534825801849365,1
0,41,"test",6,0.503700375556946,1
0,41,"test",7,0.500843465328217,1
0,41,"test",8,0.512624442577362,1
0,41,"test",9,0.519731879234314,1
0,41,"test",10,0.488122493028641,1
0,41,"test",11,0.487853735685349,1
0,41,"test",12,0.481994956731796,1
0,41,"test",13,0.491999596357346,1
0,41,"test",14,0.436876058578491,1
0,41,"test",15,0.409021884202957,1
0,41,"test",16,0.465579569339752,1
0,41,"test",17,0.468101054430008,0
0,41,"test",18,0.482552736997604,0
0,41,"test",19,0.518810510635376,0
0,41,"test",20,0.512113094329834,1
0,41,"test",21,0.51483029127121,1
0,41,"test",22,0.51481956243515,1
0,41,"test",23,0.511314809322357,0
0,41,"test",24,0.487077713012695,0
0,41,"test",25,0.501285195350647,0
0,41,"test",26,0.45681819319725,1
0,41,"test",27,0.499888241291046,1
0,41,"test",28,0.503815472126007,1
0,41,"test",29,0.509124279022217,0
0,41,"test",30,0.534825801849365,0
0,41,"test",31,0.531707167625427,0
0,41,"test",32,0.500843465328217,0
0,41,"test",33,0.501147150993347,0
0,41,"test",34,0.519731879234314,1
0,41,"test",35,0.503171265125275,1
0,41,"test",36,0.487853735685349,1
0,41,"test",37,0.493959963321686,1
0,41,"test",38,0.491999596357346,1
0,41,"test",39,0.474175184965134,1
0,41,"test",40,0.409021884202957,1
0,41,"test",41,0.420654147863388,1
0,41,"test",42,0.468101054430008,0
0,41,"test",43,0.47735595703125,0
0,41,"test",44,0.518810510635376,1
0,41,"test",45,0.522967517375946,1
0,41,"test",46,0.51483029127121,1
0,41,"test",47,0.518150687217712,0
0,41,"test",48,0.511314809322357,0
0,41,"test",49,0.511337876319885,0
0,41,"test",50,0.501285195350647,0
0,41,"test",51,0.487525403499603,1
0,41,"test",52,0.499888241291046,1
0,41,"test",53,0.477794021368027,1
0,41,"test",54,0.509124279022217,1
0,41,"test",55,0.520866096019745,0
0,41,"test",56,0.531707167625427,0
0,41,"test",57,0.540472626686096,0
0,41,"test",58,0.501147150993347,0
0,41,"test",59,0.497738420963287,1
0,41,"test",60,0.503171265125275,1
0,41,"test",61,0.518101811408997,1
0,41,"test",62,0.493959963321686,0
0,41,"test",63,0.495632767677307,1
0,41,"test",64,0.474175184965134,1
0,41,"test",65,0.474242746829987,1
0,41,"test",66,0.420654147863388,1
0,41,"test",67,0.413539439439774,1
0,41,"test",68,0.47735595703125,0
0,41,"test",69,0.500673651695251,0
0,41,"test",70,0.522967517375946,0
0,41,"test",71,0.519452035427094,1
0,41,"test",72,0.518150687217712,1
0,41,"test",73,0.514372229576111,0
0,41,"test",74,0.511337876319885,0
0,41,"test",75,0.508143067359924,0
0,41,"test",76,0.487525403499603,0
0,41,"test",77,0.498714745044708,0
0,41,"test",78,0.477794021368027,1
0,41,"test",79,0.464871734380722,0
0,41,"test",80,0.520866096019745,0
0,41,"test",81,0.528592884540558,1
0,41,"test",82,0.540472626686096,1
0,41,"test",83,0.56653767824173,1
0,41,"test",84,0.497738420963287,1
0,41,"test",85,0.492368757724762,0
0,41,"test",86,0.518101811408997,0
0,41,"test",87,0.497076153755188,0
0,41,"test",88,0.495632767677307,0
0,41,"test",89,0.49072277545929,0
0,41,"test",90,0.474242746829987,0
0,41,"test",91,0.481052458286285,1
0,41,"test",92,0.413539439439774,0
0,41,"test",93,0.39840367436409,0
0,41,"test",94,0.500673651695251,0
0,41,"test",95,0.497492581605911,0
0,41,"test",96,0.519452035427094,0
0,41,"test",97,0.501978576183319,1
0,41,"test",98,0.514372229576111,1
0,41,"test",99,0.510473608970642,1
0,41,"test",100,0.508143067359924,1
0,41,"test",101,0.510202348232269,1
0,41,"test",102,0.498714745044708,0
0,41,"test",103,0.491752505302429,0
0,41,"test",104,0.464871734380722,0
0,41,"test",105,0.435790479183197,0
0,41,"test",106,0.528592884540558,0
0,41,"test",107,0.541325151920319,0
0,41,"test",108,0.56653767824173,0
0,41,"test",109,0.545094907283783,0
0,41,"test",110,0.492368757724762,1
0,41,"test",111,0.497317612171173,1
0,41,"test",112,0.497076153755188,1
0,41,"test",113,0.500220358371735,0
0,41,"test",114,0.49072277545929,1
0,41,"test",115,0.4770128428936,1
0,41,"test",116,0.481052458286285,1
0,41,"test",117,0.478922665119171,1
0,41,"test",118,0.39840367436409,1
0,41,"test",119,0.394879758358002,0
0,41,"test",120,0.497492581605911,0
0,41,"test",121,0.492166727781296,0
0,41,"test",122,0.501978576183319,1
0,41,"test",123,0.502974629402161,1
0,41,"test",124,0.510473608970642,1
0,41,"test",125,0.513704180717468,0
0,41,"test",126,0.510202348232269,0
0,41,"test",127,0.509592533111572,0
0,41,"test",128,0.491752505302429,1
0,41,"test",129,0.494646549224854,1
0,41,"test",130,0.435790479183197,1
0,41,"test",131,0.41842857003212,1
0,41,"test",132,0.541325151920319,0
0,41,"test",133,0.517578184604645,0
0,41,"test",134,0.545094907283783,0
0,41,"test",135,0.5500448346138,0
0,41,"test",136,0.497317612171173,0
0,41,"test",137,0.467684596776962,1
0,41,"test",138,0.500220358371735,1
0,41,"test",139,0.506335020065308,1
0,41,"test",140,0.4770128428936,1
0,41,"test",141,0.487185299396515,1
0,41,"test",142,0.478922665119171,1
0,41,"test",143,0.486466437578201,1
0,41,"test",144,0.394879758358002,1
0,41,"test",145,0.409930408000946,1
0,41,"test",146,0.492166727781296,1
0,41,"test",147,0.461597323417664,1
0,41,"test",148,0.502974629402161,1
0,41,"test",149,0.501448631286621,1
0,41,"test",150,0.513704180717468,1
0,41,"test",151,0.511471748352051,1
0,41,"test",152,0.509592533111572,0
0,41,"test",153,0.506503880023956,0
0,41,"test",154,0.494646549224854,1
0,41,"test",155,0.500199675559998,1
0,41,"test",156,0.41842857003212,1
0,41,"test",157,0.421200722455978,0
0,41,"test",158,0.517578184604645,0
0,41,"test",159,0.587801992893219,0
0,41,"test",160,0.5500448346138,0
0,41,"test",161,0.546126365661621,0
0,41,"test",162,0.467684596776962,0
0,41,"test",163,0.495999127626419,0
0,41,"test",164,0.506335020065308,0
0,41,"test",165,0.508112907409668,1
0,41,"test",166,0.487185299396515,1
0,41,"test",167,0.484834849834442,0
0,41,"test",168,0.486466437578201,1
0,41,"test",169,0.49294126033783,1
0,41,"test",170,0.409930408000946,1
0,41,"test",171,0.398199617862701,0
0,41,"test",172,0.461597323417664,0
0,41,"test",173,0.459788143634796,1
0,41,"test",174,0.501448631286621,1
0,41,"test",175,0.527099311351776,1
0,41,"test",176,0.511471748352051,1
0,41,"test",177,0.51071697473526,0
0,41,"test",178,0.506503880023956,0
0,41,"test",179,0.503297924995422,0
0,41,"test",180,0.500199675559998,0
0,41,"test",181,0.506690204143524,0
0,41,"test",182,0.421200722455978,0
0,41,"test",183,0.427519649267197,0
0,41,"test",184,0.587801992893219,0
0,41,"test",185,0.545443832874298,0
0,41,"test",186,0.546126365661621,1
0,41,"test",187,0.545034110546112,0
0,41,"test",188,0.495999127626419,0
0,41,"test",189,0.506447911262512,0
0,41,"test",190,0.508112907409668,0
0,41,"test",191,0.512985706329346,0
0,41,"test",192,0.484834849834442,0
0,41,"test",193,0.488731116056442,0
0,41,"test",194,0.49294126033783,0
0,41,"test",195,0.487440228462219,0
0,41,"test",196,0.398199617862701,0
0,41,"test",197,0.406500399112701,1
0,41,"test",198,0.459788143634796,1
0,41,"test",199,0.452793121337891,1
0,41,"test",200,0.527099311351776,0
0,41,"test",201,0.513532817363739,0
0,41,"test",202,0.51071697473526,1
0,41,"test",203,0.508711934089661,0
0,41,"test",204,0.503297924995422,0
0,41,"test",205,0.504316926002502,0
0,41,"test",206,0.506690204143524,1
0,41,"test",207,0.47747677564621,0
0,41,"test",208,0.427519649267197,0
0,41,"test",209,0.428730070590973,0
0,41,"test",210,0.545443832874298,0
0,41,"test",211,0.541994392871857,0
0,41,"test",212,0.545034110546112,1
0,41,"test",213,0.542829573154449,0
0,41,"test",214,0.506447911262512,1
0,41,"test",215,0.507911026477814,1
0,41,"test",216,0.512985706329346,1
0,41,"test",217,0.487236559391022,0
0,41,"test",218,0.488731116056442,0
0,41,"test",219,0.475288480520248,1
0,41,"test",220,0.487440228462219,1
0,41,"test",221,0.495480179786682,0
0,41,"test",222,0.406500399112701,1
0,41,"test",223,0.426931738853455,1
0,41,"test",224,0.452793121337891,1
0,41,"test",225,0.460365951061249,0
0,41,"test",226,0.513532817363739,0
0,41,"test",227,0.511628746986389,0
0,41,"test",228,0.508711934089661,1
0,41,"test",229,0.520370841026306,1
0,41,"test",230,0.504316926002502,0
0,41,"test",231,0.509335041046143,1
0,41,"test",232,0.47747677564621,1
0,41,"test",233,0.486066222190857,1
0,41,"test",234,0.428730070590973,1
0,41,"test",235,0.456856340169907,1
0,41,"test",236,0.541994392871857,1
0,41,"test",237,0.542183399200439,0
0,41,"test",238,0.542829573154449,0
0,41,"test",239,0.555344998836517,0
0,41,"test",240,0.507911026477814,0
0,41,"test",241,0.482166022062302,0
0,41,"test",242,0.487236559391022,0
0,41,"test",243,0.469135820865631,0
0,41,"test",244,0.475288480520248,1
0,41,"test",245,0.473277121782303,1
0,41,"test",246,0.495480179786682,1
0,41,"test",247,0.488887041807175,1
0,41,"test",248,0.426931738853455,1
0,41,"test",249,0.399276167154312,1
0,41,"test",250,0.460365951061249,1
0,41,"test",251,0.477156966924667,1
0,41,"test",252,0.511628746986389,0
0,41,"test",253,0.518111288547516,0
0,41,"test",254,0.520370841026306,0
0,41,"test",255,0.50952011346817,1
0,41,"test",256,0.509335041046143,1
0,41,"test",257,0.5084028840065,1
0,41,"test",258,0.486066222190857,1
0,41,"test",259,0.498809039592743,1
0,41,"test",260,0.456856340169907,1
0,41,"test",261,0.452531009912491,1
0,41,"test",262,0.542183399200439,0
0,41,"test",263,0.553463518619537,0
0,41,"test",264,0.555344998836517,1
0,41,"test",265,0.54636287689209,1
0,41,"test",266,0.482166022062302,1
0,41,"test",267,0.474669128656387,1
0,41,"test",268,0.469135820865631,1
0,41,"test",269,0.488854467868805,1
0,41,"test",270,0.473277121782303,1
0,41,"test",271,0.471868634223938,1
0,41,"test",272,0.488887041807175,1
0,41,"test",273,0.500079393386841,1
0,41,"test",274,0.399276167154312,1
0,41,"test",275,0.371158570051193,1
0,41,"test",276,0.477156966924667,1
0,41,"test",277,0.479109525680542,1
0,41,"test",278,0.518111288547516,0
0,41,"test",279,0.529045403003693,0
0,41,"test",280,0.50952011346817,0
0,41,"test",281,0.507731556892395,0
0,41,"test",282,0.5084028840065,0
0,41,"test",283,0.508508205413818,0
0,41,"test",284,0.498809039592743,0
0,41,"test",285,0.489013463258743,0
0,41,"test",286,0.452531009912491,0
0,41,"test",287,0.470843374729156,0
0,41,"test",288,0.553463518619537,0
0,41,"test",289,0.550629258155823,0
0,41,"test",290,0.54636287689209,0
0,41,"test",291,0.546814858913422,0
0,41,"test",292,0.474669128656387,1
0,41,"test",293,0.506410837173462,1
0,41,"test",294,0.488854467868805,1
0,41,"test",295,0.496881663799286,0
0,41,"test",296,0.471868634223938,0
0,41,"test",297,0.484120786190033,1
0,41,"test",298,0.500079393386841,0
0,41,"test",299,0.494299918413162,0
0,41,"test",300,0.371158570051193,1
0,41,"test",301,0.400329828262329,1
0,41,"test",302,0.479109525680542,1
0,41,"test",303,0.453992515802383,0
0,41,"test",304,0.529045403003693,1
0,41,"test",305,0.547561824321747,0
0,64,"val",1,0.481533825397491,0
0,64,"val",2,0.479713618755341,1
0,64,"val",3,0.490566790103912,0
0,64,"val",4,0.471060007810593,1
0,64,"val",5,0.450019121170044,1
0,64,"val",6,0.38772988319397,1
0,64,"val",7,0.388409048318863,1
0,64,"val",8,0.496785581111908,1
0,64,"val",9,0.497362583875656,1
0,64,"val",10,0.507552981376648,1
0,64,"val",11,0.518317580223083,1
0,64,"val",12,0.529094457626343,1
0,64,"val",13,0.515606582164764,1
0,64,"val",14,0.498647034168243,1
0,64,"val",15,0.503735482692719,1
0,64,"val",16,0.505294799804688,1
0,64,"val",17,0.512842357158661,1
0,64,"val",18,0.499809682369232,1
0,64,"val",19,0.48593470454216,1
0,64,"val",20,0.514843106269836,1
0,64,"val",21,0.512931644916534,1
0,64,"val",22,0.543375432491302,1
0,64,"val",23,0.55996710062027,0
0,64,"val",24,0.567529797554016,0
0,64,"val",25,0.516333758831024,1
0,64,"val",26,0.481533825397491,0
0,64,"val",27,0.498562425374985,0
0,64,"val",28,0.490566790103912,0
0,64,"val",29,0.480286300182343,1
0,64,"val",30,0.450019121170044,1
0,64,"val",31,0.450586050748825,0
0,64,"val",32,0.388409048318863,0
0,64,"val",33,0.412847518920898,0
0,64,"val",34,0.497362583875656,0
0,64,"val",35,0.485725522041321,0
0,64,"val",36,0.518317580223083,0
0,64,"val",37,0.510573446750641,1
0,64,"val",38,0.515606582164764,1
0,64,"val",39,0.520284652709961,1
0,64,"val",40,0.503735482692719,0
0,64,"val",41,0.497971296310425,0
0,64,"val",42,0.512842357158661,0
0,64,"val",43,0.511834919452667,0
0,64,"val",44,0.48593470454216,0
0,64,"val",45,0.482776343822479,0
0,64,"val",46,0.512931644916534,0
0,64,"val",47,0.510722756385803,1
0,64,"val",48,0.55996710062027,1
0,64,"val",49,0.581696808338165,1
0,64,"val",50,0.516333758831024,1
0,64,"val",51,0.550889670848846,1
0,64,"val",52,0.498562425374985,1
0,64,"val",53,0.50137585401535,1
0,64,"val",54,0.480286300182343,1
0,64,"val",55,0.471985697746277,1
0,64,"val",56,0.450586050748825,1
0,64,"val",57,0.463054627180099,1
0,64,"val",58,0.412847518920898,1
0,64,"val",59,0.409408897161484,1
0,64,"val",60,0.485725522041321,1
0,64,"val",61,0.487917959690094,0
0,64,"val",62,0.510573446750641,1
0,64,"val",63,0.512674152851105,0
0,64,"val",64,0.520284652709961,0
0,64,"val",65,0.521587431430817,1
0,64,"val",66,0.497971296310425,1
0,64,"val",67,0.502880573272705,1
0,64,"val",68,0.511834919452667,1
0,64,"val",69,0.51295006275177,1
0,64,"val",70,0.482776343822479,1
0,64,"val",71,0.491972893476486,1
0,64,"val",72,0.510722756385803,1
0,64,"val",73,0.518660545349121,1
0,64,"val",74,0.581696808338165,1
0,64,"val",75,0.567278504371643,1
0,64,"val",76,0.550889670848846,0
0,64,"val",77,0.528531730175018,1
0,64,"val",78,0.50137585401535,1
0,64,"val",79,0.510595917701721,0
0,64,"val",80,0.471985697746277,0
0,64,"val",81,0.485578745603561,0
0,64,"val",82,0.463054627180099,1
0,64,"val",83,0.468846917152405,0
0,64,"val",84,0.409408897161484,0
0,64,"val",85,0.433104008436203,0
0,64,"val",86,0.487917959690094,1
0,64,"val",87,0.506937146186829,1
0,64,"val",88,0.512674152851105,1
0,64,"val",89,0.521441340446472,0
0,64,"val",90,0.521587431430817,0
0,64,"val",91,0.519905149936676,0
0,64,"val",92,0.502880573272705,0
0,64,"val",93,0.500194311141968,0
0,64,"val",94,0.51295006275177,0
0,64,"val",95,0.508339881896973,0
0,64,"val",96,0.491972893476486,1
0,64,"val",97,0.48467344045639,1
0,64,"val",98,0.518660545349121,1
0,64,"val",99,0.508841097354889,1
0,64,"val",100,0.567278504371643,0
0,64,"val",101,0.584944665431976,0
0,64,"val",102,0.528531730175018,0
0,64,"val",103,0.521060764789581,0
0,64,"val",104,0.510595917701721,1
0,64,"val",105,0.501273632049561,1
0,64,"val",106,0.485578745603561,1
0,64,"val",107,0.494228065013885,1
0,64,"val",108,0.468846917152405,1
0,64,"val",109,0.472647666931152,0
0,64,"val",110,0.433104008436203,0
0,64,"val",111,0.428543120622635,1
0,64,"val",112,0.506937146186829,1
0,64,"val",113,0.489001750946045,1
0,64,"val",114,0.521441340446472,0
0,64,"val",115,0.533075869083405,1
0,64,"val",116,0.519905149936676,0
0,64,"val",117,0.516982078552246,1
0,64,"val",118,0.500194311141968,1
0,64,"val",119,0.50426173210144,1
0,64,"val",120,0.508339881896973,0
0,64,"val",121,0.504836320877075,0
0,64,"val",122,0.48467344045639,0
0,64,"val",123,0.489299982786179,1
0,64,"val",124,0.508841097354889,1
0,64,"val",125,0.511587977409363,1
0,64,"val",126,0.584944665431976,1
0,64,"val",127,0.577604830265045,1
0,64,"val",128,0.521060764789581,1
0,64,"val",129,0.558648645877838,1
0,64,"val",130,0.501273632049561,1
0,64,"val",131,0.508314847946167,0
0,64,"val",132,0.494228065013885,0
0,64,"val",133,0.495158582925797,1
0,64,"val",134,0.472647666931152,1
0,64,"val",135,0.468274414539337,0
0,64,"val",136,0.428543120622635,0
0,64,"val",137,0.392875045537949,0
0,64,"val",138,0.489001750946045,0
0,64,"val",139,0.491801619529724,0
0,64,"val",140,0.533075869083405,0
0,64,"val",141,0.51895397901535,1
0,64,"val",142,0.516982078552246,1
0,64,"val",143,0.522940635681152,1
0,64,"val",144,0.50426173210144,0
0,64,"val",145,0.503480195999146,0
0,64,"val",146,0.504836320877075,0
0,64,"val",147,0.500764727592468,0
0,64,"val",148,0.489299982786179,0
0,64,"val",149,0.487502008676529,0
0,64,"val",150,0.511587977409363,0
0,64,"val",151,0.511083483695984,0
0,64,"val",152,0.577604830265045,1
0,64,"val",153,0.562671005725861,0
0,64,"val",154,0.558648645877838,1
0,64,"val",155,0.596574544906616,0
0,64,"val",156,0.508314847946167,0
0,64,"val",157,0.508444249629974,0
0,64,"val",158,0.495158582925797,0
0,64,"val",159,0.484986394643784,1
0,64,"val",160,0.468274414539337,1
0,64,"val",161,0.464886665344238,1
0,64,"val",162,0.392875045537949,1
0,64,"val",163,0.420527338981628,1
0,64,"val",164,0.491801619529724,0
0,64,"val",165,0.496346890926361,0
0,64,"val",166,0.51895397901535,0
0,64,"val",167,0.499861359596252,0
0,64,"val",168,0.522940635681152,1
0,64,"val",169,0.520093202590942,0
0,64,"val",170,0.503480195999146,0
0,64,"val",171,0.500730395317078,0
0,64,"val",172,0.500764727592468,1
0,64,"val",173,0.497698068618774,1
0,64,"val",174,0.487502008676529,1
0,64,"val",175,0.477903455495834,0
0,64,"val",176,0.511083483695984,0
0,64,"val",177,0.518668293952942,1
0,64,"val",178,0.562671005725861,0
0,64,"val",179,0.602575480937958,1
0,64,"val",180,0.596574544906616,0
0,64,"val",181,0.583925604820251,1
0,64,"val",182,0.508444249629974,1
0,64,"val",183,0.501186847686768,1
0,64,"val",184,0.484986394643784,0
0,64,"val",185,0.478868335485458,0
0,64,"val",186,0.464886665344238,0
0,64,"val",187,0.475391358137131,0
0,64,"val",188,0.420527338981628,0
0,64,"val",189,0.403903633356094,0
0,64,"val",190,0.496346890926361,0
0,64,"val",191,0.443587779998779,1
0,64,"val",192,0.499861359596252,0
0,64,"val",193,0.506980895996094,0
0,64,"val",194,0.520093202590942,0
0,64,"val",195,0.521716773509979,1
0,64,"val",196,0.500730395317078,1
0,64,"val",197,0.500651299953461,1
0,64,"val",198,0.497698068618774,1
0,64,"val",199,0.495150864124298,0
0,64,"val",200,0.477903455495834,0
0,64,"val",201,0.482021898031235,0
0,64,"val",202,0.518668293952942,0
0,64,"val",203,0.5100137591362,1
0,64,"val",204,0.602575480937958,1
0,64,"val",205,0.589097201824188,1
0,64,"val",206,0.583925604820251,0
0,64,"val",207,0.583710551261902,0
0,64,"val",208,0.501186847686768,0
0,64,"val",209,0.499442636966705,1
0,64,"val",210,0.478868335485458,1
0,64,"val",211,0.476242393255234,1
0,64,"val",212,0.475391358137131,1
0,64,"val",213,0.479888767004013,1
0,64,"val",214,0.403903633356094,1
0,64,"val",215,0.438533663749695,0
0,64,"val",216,0.443587779998779,0
0,64,"val",217,0.479163289070129,0
0,64,"val",218,0.506980895996094,0
0,64,"val",219,0.503379642963409,0
0,64,"val",220,0.521716773509979,0
0,64,"val",221,0.51725172996521,1
0,64,"val",222,0.500651299953461,1
0,64,"val",223,0.504316091537476,1
0,64,"val",224,0.495150864124298,0
0,64,"val",225,0.50095009803772,1
0,64,"val",226,0.482021898031235,1
0,64,"val",227,0.4869584441185,1
0,64,"val",228,0.5100137591362,0
0,64,"val",229,0.509657919406891,0
0,64,"val",230,0.589097201824188,0
0,64,"val",231,0.569055318832397,0
0,64,"val",232,0.583710551261902,0
0,64,"val",233,0.53567636013031,0
0,64,"val",234,0.499442636966705,0
0,64,"val",235,0.500791668891907,0
0,64,"val",236,0.476242393255234,0
0,64,"val",237,0.473965525627136,0
0,64,"val",238,0.479888767004013,1
0,64,"val",239,0.482760965824127,0
0,64,"val",240,0.438533663749695,0
0,64,"val",241,0.430507183074951,0
0,64,"val",242,0.479163289070129,0
0,64,"val",243,0.452331215143204,1
0,64,"val",244,0.503379642963409,1
0,64,"val",245,0.510368585586548,1
0,64,"val",246,0.51725172996521,0
0,64,"val",247,0.519268393516541,1
0,64,"val",248,0.504316091537476,1
0,64,"val",249,0.50370979309082,0
0,64,"val",250,0.50095009803772,1
0,64,"val",251,0.466509580612183,1
0,64,"val",252,0.4869584441185,1
0,64,"val",253,0.488518267869949,1
0,64,"val",254,0.509657919406891,0
0,64,"val",255,0.497727274894714,0
0,64,"val",256,0.569055318832397,0
0,64,"val",257,0.545385003089905,0
0,64,"val",258,0.53567636013031,1
0,64,"val",259,0.580768346786499,1
0,64,"val",260,0.500791668891907,1
0,64,"val",261,0.515698730945587,1
0,64,"val",262,0.473965525627136,1
0,64,"val",263,0.489450961351395,0
0,64,"val",264,0.482760965824127,0
0,64,"val",265,0.474335610866547,1
0,64,"val",266,0.430507183074951,1
0,64,"val",267,0.433476209640503,0
0,64,"val",268,0.452331215143204,0
0,64,"val",269,0.452120512723923,0
0,64,"val",270,0.510368585586548,1
0,64,"val",271,0.504121899604797,1
0,64,"val",272,0.519268393516541,1
0,64,"val",273,0.516765356063843,1
0,64,"val",274,0.50370979309082,0
0,64,"val",275,0.504437208175659,0
0,64,"val",276,0.466509580612183,0
0,64,"val",277,0.476995646953583,0
0,64,"val",278,0.488518267869949,1
0,64,"val",279,0.483976721763611,1
0,64,"val",280,0.497727274894714,1
0,64,"val",281,0.501693606376648,1
0,64,"val",282,0.545385003089905,1
0,64,"val",283,0.542740046977997,1
0,64,"val",284,0.580768346786499,0
0,64,"val",285,0.550181448459625,0
0,64,"val",286,0.515698730945587,0
0,64,"val",287,0.50735479593277,0
0,64,"val",288,0.489450961351395,0
0,64,"val",289,0.490069627761841,0
0,64,"val",290,0.474335610866547,0
0,64,"val",291,0.472526758909225,0
0,64,"val",292,0.433476209640503,0
0,64,"val",293,0.433642506599426,0
0,64,"val",294,0.452120512723923,1
0,64,"val",295,0.45745450258255,1
0,64,"val",296,0.504121899604797,0
0,64,"val",297,0.495138943195343,0
0,64,"val",298,0.516765356063843,0
0,64,"val",299,0.523850321769714,1
0,64,"val",300,0.504437208175659,1
0,64,"val",301,0.505566239356995,1
0,64,"val",302,0.476995646953583,0
0,64,"val",303,0.479171395301819,0
0,64,"val",304,0.483976721763611,0
0,64,"test",1,0.483085364103317,0
0,64,"test",2,0.501693606376648,0
0,64,"test",3,0.500525236129761,1
0,64,"test",4,0.542740046977997,1
0,64,"test",5,0.548886001110077,1
0,64,"test",6,0.550181448459625,1
0,64,"test",7,0.541639745235443,1
0,64,"test",8,0.50735479593277,1
0,64,"test",9,0.509931802749634,1
0,64,"test",10,0.490069627761841,1
0,64,"test",11,0.488550573587418,1
0,64,"test",12,0.472526758909225,1
0,64,"test",13,0.487463086843491,1
0,64,"test",14,0.433642506599426,1
0,64,"test",15,0.399303048849106,1
0,64,"test",16,0.45745450258255,1
0,64,"test",17,0.463515967130661,0
0,64,"test",18,0.495138943195343,0
0,64,"test",19,0.524542927742004,0
0,64,"test",20,0.523850321769714,1
0,64,"test",21,0.5282301902771,1
0,64,"test",22,0.505566239356995,1
0,64,"test",23,0.504808068275452,0
0,64,"test",24,0.479171395301819,0
0,64,"test",25,0.500114798545837,0
0,64,"test",26,0.483085364103317,1
0,64,"test",27,0.503743529319763,1
0,64,"test",28,0.500525236129761,1
0,64,"test",29,0.502816319465637,0
0,64,"test",30,0.548886001110077,0
0,64,"test",31,0.531578361988068,0
0,64,"test",32,0.541639745235443,0
0,64,"test",33,0.548808574676514,0
0,64,"test",34,0.509931802749634,1
0,64,"test",35,0.500431060791016,1
0,64,"test",36,0.488550573587418,1
0,64,"test",37,0.497693777084351,1
0,64,"test",38,0.487463086843491,1
0,64,"test",39,0.459538877010345,1
0,64,"test",40,0.399303048849106,1
0,64,"test",41,0.40274852514267,1
0,64,"test",42,0.463515967130661,0
0,64,"test",43,0.469385921955109,0
0,64,"test",44,0.524542927742004,1
0,64,"test",45,0.530957281589508,1
0,64,"test",46,0.5282301902771,1
0,64,"test",47,0.531713426113129,0
0,64,"test",48,0.504808068275452,0
0,64,"test",49,0.505517363548279,0
0,64,"test",50,0.500114798545837,0
0,64,"test",51,0.479180932044983,1
0,64,"test",52,0.503743529319763,1
0,64,"test",53,0.488142341375351,1
0,64,"test",54,0.502816319465637,1
0,64,"test",55,0.508741796016693,0
0,64,"test",56,0.531578361988068,0
0,64,"test",57,0.535962522029877,0
0,64,"test",58,0.548808574676514,0
0,64,"test",59,0.562067091464996,1
0,64,"test",60,0.500431060791016,1
0,64,"test",61,0.513556838035583,1
0,64,"test",62,0.497693777084351,0
0,64,"test",63,0.500637173652649,1
0,64,"test",64,0.459538877010345,1
0,64,"test",65,0.459514528512955,1
0,64,"test",66,0.40274852514267,1
0,64,"test",67,0.404996871948242,1
0,64,"test",68,0.469385921955109,0
0,64,"test",69,0.499527633190155,0
0,64,"test",70,0.530957281589508,0
0,64,"test",71,0.525756299495697,1
0,64,"test",72,0.531713426113129,1
0,64,"test",73,0.523165762424469,0
0,64,"test",74,0.505517363548279,0
0,64,"test",75,0.503147184848785,0
0,64,"test",76,0.479180932044983,0
0,64,"test",77,0.496971219778061,0
0,64,"test",78,0.488142341375351,1
0,64,"test",79,0.485659509897232,0
0,64,"test",80,0.508741796016693,0
0,64,"test",81,0.512815535068512,1
0,64,"test",82,0.535962522029877,1
0,64,"test",83,0.536620557308197,1
0,64,"test",84,0.562067091464996,1
0,64,"test",85,0.568789124488831,0
0,64,"test",86,0.513556838035583,0
0,64,"test",87,0.494982600212097,0
0,64,"test",88,0.500637173652649,0
0,64,"test",89,0.493290901184082,0
0,64,"test",90,0.459514528512955,0
0,64,"test",91,0.470948398113251,1
0,64,"test",92,0.404996871948242,0
0,64,"test",93,0.385624378919601,0
0,64,"test",94,0.499527633190155,0
0,64,"test",95,0.497026324272156,0
0,64,"test",96,0.525756299495697,0
0,64,"test",97,0.511374711990356,1
0,64,"test",98,0.523165762424469,1
0,64,"test",99,0.519330680370331,1
0,64,"test",100,0.503147184848785,1
0,64,"test",101,0.503854990005493,1
0,64,"test",102,0.496971219778061,0
0,64,"test",103,0.4871546626091,0
0,64,"test",104,0.485659509897232,0
0,64,"test",105,0.478967130184174,0
0,64,"test",106,0.512815535068512,0
0,64,"test",107,0.519473373889923,0
0,64,"test",108,0.536620557308197,0
0,64,"test",109,0.537930250167847,0
0,64,"test",110,0.568789124488831,1
0,64,"test",111,0.56271356344223,1
0,64,"test",112,0.494982600212097,1
0,64,"test",113,0.498391926288605,0
0,64,"test",114,0.493290901184082,1
0,64,"test",115,0.473893225193024,1
0,64,"test",116,0.470948398113251,1
0,64,"test",117,0.467659443616867,1
0,64,"test",118,0.385624378919601,1
0,64,"test",119,0.383268237113953,0
0,64,"test",120,0.497026324272156,0
0,64,"test",121,0.490210503339767,0
0,64,"test",122,0.511374711990356,1
0,64,"test",123,0.510555744171143,1
0,64,"test",124,0.519330680370331,1
0,64,"test",125,0.522915720939636,0
0,64,"test",126,0.503854990005493,0
0,64,"test",127,0.50385046005249,0
0,64,"test",128,0.4871546626091,1
0,64,"test",129,0.491171658039093,1
0,64,"test",130,0.478967130184174,1
0,64,"test",131,0.479465484619141,1
0,64,"test",132,0.519473373889923,0
0,64,"test",133,0.507626414299011,0
0,64,"test",134,0.537930250167847,0
0,64,"test",135,0.538425803184509,0
0,64,"test",136,0.56271356344223,0
0,64,"test",137,0.588609874248505,1
0,64,"test",138,0.498391926288605,1
0,64,"test",139,0.502410054206848,1
0,64,"test",140,0.473893225193024,1
0,64,"test",141,0.492373734712601,1
0,64,"test",142,0.467659443616867,1
0,64,"test",143,0.479390412569046,1
0,64,"test",144,0.383268237113953,1
0,64,"test",145,0.4082852602005,1
0,64,"test",146,0.490210503339767,1
0,64,"test",147,0.446700245141983,1
0,64,"test",148,0.510555744171143,1
0,64,"test",149,0.509328126907349,1
0,64,"test",150,0.522915720939636,1
0,64,"test",151,0.519047200679779,1
0,64,"test",152,0.50385046005249,0
0,64,"test",153,0.502109348773956,0
0,64,"test",154,0.491171658039093,1
0,64,"test",155,0.498869389295578,1
0,64,"test",156,0.479465484619141,1
0,64,"test",157,0.47830519080162,0
0,64,"test",158,0.507626414299011,0
0,64,"test",159,0.548390448093414,0
0,64,"test",160,0.538425803184509,0
0,64,"test",161,0.54394543170929,0
0,64,"test",162,0.588609874248505,0
0,64,"test",163,0.562231123447418,0
0,64,"test",164,0.502410054206848,0
0,64,"test",165,0.502427220344543,1
0,64,"test",166,0.492373734712601,1
0,64,"test",167,0.489845663309097,0
0,64,"test",168,0.479390412569046,1
0,64,"test",169,0.488333821296692,1
0,64,"test",170,0.4082852602005,1
0,64,"test",171,0.401796519756317,0
0,64,"test",172,0.446700245141983,0
0,64,"test",173,0.439120441675186,1
0,64,"test",174,0.509328126907349,1
0,64,"test",175,0.534042716026306,1
0,64,"test",176,0.519047200679779,1
0,64,"test",177,0.52071487903595,0
0,64,"test",178,0.502109348773956,0
0,64,"test",179,0.498209089040756,0
0,64,"test",180,0.498869389295578,0
0,64,"test",181,0.507296323776245,0
0,64,"test",182,0.47830519080162,0
0,64,"test",183,0.478552937507629,0
0,64,"test",184,0.548390448093414,0
0,64,"test",185,0.52189314365387,0
0,64,"test",186,0.54394543170929,1
0,64,"test",187,0.544947683811188,0
0,64,"test",188,0.562231123447418,0
0,64,"test",189,0.543936908245087,0
0,64,"test",190,0.502427220344543,0
0,64,"test",191,0.508180499076843,0
0,64,"test",192,0.489845663309097,0
0,64,"test",193,0.492345839738846,0
0,64,"test",194,0.488333821296692,0
0,64,"test",195,0.48054826259613,0
0,64,"test",196,0.401796519756317,0
0,64,"test",197,0.408951222896576,1
0,64,"test",198,0.439120441675186,1
0,64,"test",199,0.432995080947876,1
0,64,"test",200,0.534042716026306,0
0,64,"test",201,0.51980048418045,0
0,64,"test",202,0.52071487903595,1
0,64,"test",203,0.52101331949234,0
0,64,"test",204,0.498209089040756,0
0,64,"test",205,0.500875234603882,0
0,64,"test",206,0.507296323776245,1
0,64,"test",207,0.463976413011551,0
0,64,"test",208,0.478552937507629,0
0,64,"test",209,0.478813976049423,0
0,64,"test",210,0.52189314365387,0
0,64,"test",211,0.519728362560272,0
0,64,"test",212,0.544947683811188,1
0,64,"test",213,0.548233926296234,0
0,64,"test",214,0.543936908245087,1
0,64,"test",215,0.54278576374054,1
0,64,"test",216,0.508180499076843,1
0,64,"test",217,0.493982315063477,0
0,64,"test",218,0.492345839738846,0
0,64,"test",219,0.477470487356186,1
0,64,"test",220,0.48054826259613,1
0,64,"test",221,0.492415875196457,0
0,64,"test",222,0.408951222896576,1
0,64,"test",223,0.418459922075272,1
0,64,"test",224,0.432995080947876,1
0,64,"test",225,0.445069164037704,0
0,64,"test",226,0.51980048418045,0
0,64,"test",227,0.517623543739319,0
0,64,"test",228,0.52101331949234,1
0,64,"test",229,0.527484774589539,1
0,64,"test",230,0.500875234603882,0
0,64,"test",231,0.503965139389038,1
0,64,"test",232,0.463976413011551,1
0,64,"test",233,0.477744609117508,1
0,64,"test",234,0.478813976049423,1
0,64,"test",235,0.482884109020233,1
0,64,"test",236,0.519728362560272,1
0,64,"test",237,0.519834816455841,0
0,64,"test",238,0.548233926296234,0
0,64,"test",239,0.537302196025848,0
0,64,"test",240,0.54278576374054,0
0,64,"test",241,0.582614481449127,0
0,64,"test",242,0.493982315063477,0
0,64,"test",243,0.484620213508606,0
0,64,"test",244,0.477470487356186,1
0,64,"test",245,0.474363684654236,1
0,64,"test",246,0.492415875196457,1
0,64,"test",247,0.48263144493103,1
0,64,"test",248,0.418459922075272,1
0,64,"test",249,0.40063402056694,1
0,64,"test",250,0.445069164037704,1
0,64,"test",251,0.470208585262299,1
0,64,"test",252,0.517623543739319,0
0,64,"test",253,0.533874690532684,0
0,64,"test",254,0.527484774589539,0
0,64,"test",255,0.521767437458038,1
0,64,"test",256,0.503965139389038,1
0,64,"test",257,0.504626870155334,1
0,64,"test",258,0.477744609117508,1
0,64,"test",259,0.493982970714569,1
0,64,"test",260,0.482884109020233,1
0,64,"test",261,0.481876164674759,1
0,64,"test",262,0.519834816455841,0
0,64,"test",263,0.52604866027832,0
0,64,"test",264,0.537302196025848,1
0,64,"test",265,0.544350326061249,1
0,64,"test",266,0.582614481449127,1
0,64,"test",267,0.595754444599152,1
0,64,"test",268,0.484620213508606,1
0,64,"test",269,0.490292519330978,1
0,64,"test",270,0.474363684654236,1
0,64,"test",271,0.467863082885742,1
0,64,"test",272,0.48263144493103,1
0,64,"test",273,0.498611032962799,1
0,64,"test",274,0.40063402056694,1
0,64,"test",275,0.357841908931732,1
0,64,"test",276,0.470208585262299,1
0,64,"test",277,0.467526316642761,1
0,64,"test",278,0.533874690532684,0
0,64,"test",279,0.549497485160828,0
0,64,"test",280,0.521767437458038,0
0,64,"test",281,0.517825603485107,0
0,64,"test",282,0.504626870155334,0
0,64,"test",283,0.502676904201508,0
0,64,"test",284,0.493982970714569,0
0,64,"test",285,0.483093589544296,0
0,64,"test",286,0.481876164674759,0
0,64,"test",287,0.486774295568466,0
0,64,"test",288,0.52604866027832,0
0,64,"test",289,0.524142801761627,0
0,64,"test",290,0.544350326061249,0
0,64,"test",291,0.538090407848358,0
0,64,"test",292,0.595754444599152,1
0,64,"test",293,0.550706028938293,1
0,64,"test",294,0.490292519330978,1
0,64,"test",295,0.495631039142609,0
0,64,"test",296,0.467863082885742,0
0,64,"test",297,0.488352090120316,1
0,64,"test",298,0.498611032962799,0
0,64,"test",299,0.490791857242584,0
0,64,"test",300,0.357841908931732,1
0,64,"test",301,0.400105744600296,1
0,64,"test",302,0.467526316642761,1
0,64,"test",303,0.414349883794785,0
0,64,"test",304,0.549497485160828,1
0,64,"test",305,0.569668591022491,0
0.05,23,"val",1,0.506368279457092,0
0.05,23,"val",2,0.456370264291763,1
0.05,23,"val",3,0.469523221254349,0
0.05,23,"val",4,0.466873526573181,1
0.05,23,"val",5,0.463913112878799,1
0.05,23,"val",6,0.431051820516586,1
0.05,23,"val",7,0.420653611421585,1
0.05,23,"val",8,0.500531315803528,1
0.05,23,"val",9,0.502224445343018,1
0.05,23,"val",10,0.523638427257538,1
0.05,23,"val",11,0.5238196849823,1
0.05,23,"val",12,0.518996357917786,1
0.05,23,"val",13,0.513773143291473,1
0.05,23,"val",14,0.506855607032776,1
0.05,23,"val",15,0.508317291736603,1
0.05,23,"val",16,0.505235314369202,1
0.05,23,"val",17,0.506215333938599,1
0.05,23,"val",18,0.497762650251389,1
0.05,23,"val",19,0.487740874290466,1
0.05,23,"val",20,0.522801339626312,1
0.05,23,"val",21,0.523919343948364,1
0.05,23,"val",22,0.526522278785706,1
0.05,23,"val",23,0.527909219264984,0
0.05,23,"val",24,0.522867321968079,0
0.05,23,"val",25,0.498852282762527,1
0.05,23,"val",26,0.506368279457092,0
0.05,23,"val",27,0.51739627122879,0
0.05,23,"val",28,0.469523221254349,0
0.05,23,"val",29,0.461871802806854,1
0.05,23,"val",30,0.463913112878799,1
0.05,23,"val",31,0.459389388561249,0
0.05,23,"val",32,0.42065355181694,0
0.05,23,"val",33,0.446078687906265,0
0.05,23,"val",34,0.502224445343018,0
0.05,23,"val",35,0.496613264083862,0
0.05,23,"val",36,0.5238196849823,0
0.05,23,"val",37,0.523724675178528,1
0.05,23,"val",38,0.513773143291473,1
0.05,23,"val",39,0.513028800487518,1
0.05,23,"val",40,0.508317291736603,0
0.05,23,"val",41,0.509701192378998,0
0.05,23,"val",42,0.506215333938599,0
0.05,23,"val",43,0.502950429916382,0
0.05,23,"val",44,0.487740874290466,0
0.05,23,"val",45,0.48517969250679,0
0.05,23,"val",46,0.523919343948364,0
0.05,23,"val",47,0.526184320449829,1
0.05,23,"val",48,0.527909219264984,1
0.05,23,"val",49,0.547937870025635,1
0.05,23,"val",50,0.498852282762527,1
0.05,23,"val",51,0.514806389808655,1
0.05,23,"val",52,0.51739627122879,1
0.05,23,"val",53,0.518367409706116,1
0.05,23,"val",54,0.461871802806854,1
0.05,23,"val",55,0.416974067687988,1
0.05,23,"val",56,0.459389388561249,1
0.05,23,"val",57,0.466947913169861,1
0.05,23,"val",58,0.446078687906265,1
0.05,23,"val",59,0.434750705957413,1
0.05,23,"val",60,0.496613264083862,1
0.05,23,"val",61,0.496037185192108,0
0.05,23,"val",62,0.523724675178528,1
0.05,23,"val",63,0.525003790855408,0
0.05,23,"val",64,0.513028800487518,0
0.05,23,"val",65,0.515685200691223,1
0.05,23,"val",66,0.509701192378998,1
0.05,23,"val",67,0.509097456932068,1
0.05,23,"val",68,0.502950429916382,1
0.05,23,"val",69,0.503684282302856,1
0.05,23,"val",70,0.48517969250679,1
0.05,23,"val",71,0.492657840251923,1
0.05,23,"val",72,0.526184320449829,1
0.05,23,"val",73,0.526520669460297,1
0.05,23,"val",74,0.547937870025635,1
0.05,23,"val",75,0.53335040807724,1
0.05,23,"val",76,0.514806389808655,0
0.05,23,"val",77,0.506681323051453,1
0.05,23,"val",78,0.518367409706116,1
0.05,23,"val",79,0.520545184612274,0
0.05,23,"val",80,0.416974067687988,0
0.05,23,"val",81,0.448151111602783,0
0.05,23,"val",82,0.466947913169861,1
0.05,23,"val",83,0.472804874181747,0
0.05,23,"val",84,0.434750705957413,0
0.05,23,"val",85,0.458997339010239,0
0.05,23,"val",86,0.496037185192108,1
0.05,23,"val",87,0.506105601787567,1
0.05,23,"val",88,0.525003790855408,1
0.05,23,"val",89,0.52565586566925,0
0.05,23,"val",90,0.515685200691223,0
0.05,23,"val",91,0.515897631645203,0
0.05,23,"val",92,0.509097456932068,0
0.05,23,"val",93,0.509112119674683,0
0.05,23,"val",94,0.503684282302856,0
0.05,23,"val",95,0.501350402832031,0
0.05,23,"val",96,0.492657840251923,1
0.05,23,"val",97,0.486788362264633,1
0.05,23,"val",98,0.526520669460297,1
0.05,23,"val",99,0.522366106510162,1
0.05,23,"val",100,0.53335040807724,0
0.05,23,"val",101,0.560207068920135,0
0.05,23,"val",102,0.506681323051453,0
0.05,23,"val",103,0.507531583309174,0
0.05,23,"val",104,0.520545184612274,1
0.05,23,"val",105,0.518196105957031,1
0.05,23,"val",106,0.448151111602783,1
0.05,23,"val",107,0.471622854471207,1
0.05,23,"val",108,0.472804874181747,1
0.05,23,"val",109,0.471604436635971,0
0.05,23,"val",110,0.458997339010239,0
0.05,23,"val",111,0.45993983745575,1
0.05,23,"val",112,0.506105601787567,1
0.05,23,"val",113,0.49502357840538,1
0.05,23,"val",114,0.52565586566925,0
0.05,23,"val",115,0.526611566543579,1
0.05,23,"val",116,0.515897631645203,0
0.05,23,"val",117,0.515245258808136,1
0.05,23,"val",118,0.509112119674683,1
0.05,23,"val",119,0.515899300575256,1
0.05,23,"val",120,0.501350402832031,0
0.05,23,"val",121,0.499795734882355,0
0.05,23,"val",122,0.486788362264633,0
0.05,23,"val",123,0.490645736455917,1
0.05,23,"val",124,0.522366106510162,1
0.05,23,"val",125,0.524626553058624,1
0.05,23,"val",126,0.560207068920135,1
0.05,23,"val",127,0.549929857254028,1
0.05,23,"val",128,0.507531583309174,1
0.05,23,"val",129,0.518481373786926,1
0.05,23,"val",130,0.518196105957031,1
0.05,23,"val",131,0.516187369823456,0
0.05,23,"val",132,0.471622854471207,0
0.05,23,"val",133,0.469815224409103,1
0.05,23,"val",134,0.471604436635971,1
0.05,23,"val",135,0.473397076129913,0
0.05,23,"val",136,0.45993983745575,0
0.05,23,"val",137,0.431068360805511,0
0.05,23,"val",138,0.49502357840538,0
0.05,23,"val",139,0.497906684875488,0
0.05,23,"val",140,0.526611566543579,0
0.05,23,"val",141,0.525376617908478,1
0.05,23,"val",142,0.515245258808136,1
0.05,23,"val",143,0.515928566455841,1
0.05,23,"val",144,0.515899300575256,0
0.05,23,"val",145,0.508269190788269,0
0.05,23,"val",146,0.499795734882355,0
0.05,23,"val",147,0.498646080493927,0
0.05,23,"val",148,0.490645736455917,0
0.05,23,"val",149,0.489919275045395,0
0.05,23,"val",150,0.524626553058624,0
0.05,23,"val",151,0.521718859672546,0
0.05,23,"val",152,0.549929857254028,1
0.05,23,"val",153,0.539708435535431,0
0.05,23,"val",154,0.518481373786926,1
0.05,23,"val",155,0.532967865467072,0
0.05,23,"val",156,0.516187369823456,0
0.05,23,"val",157,0.516942918300629,0
0.05,23,"val",158,0.469815224409103,0
0.05,23,"val",159,0.462127596139908,1
0.05,23,"val",160,0.473397076129913,1
0.05,23,"val",161,0.465006470680237,1
0.05,23,"val",162,0.431068360805511,1
0.05,23,"val",163,0.447355270385742,1
0.05,23,"val",164,0.497906684875488,0
0.05,23,"val",165,0.499675095081329,0
0.05,23,"val",166,0.525376617908478,0
0.05,23,"val",167,0.523187100887299,0
0.05,23,"val",168,0.515928566455841,1
0.05,23,"val",169,0.513668954372406,0
0.05,23,"val",170,0.508269190788269,0
0.05,23,"val",171,0.507631242275238,0
0.05,23,"val",172,0.498646080493927,1
0.05,23,"val",173,0.496697127819061,1
0.05,23,"val",174,0.489919275045395,1
0.05,23,"val",175,0.470986217260361,0
0.05,23,"val",176,0.521718859672546,0
0.05,23,"val",177,0.522750377655029,1
0.05,23,"val",178,0.539708435535431,0
0.05,23,"val",179,0.583819508552551,1
0.05,23,"val",180,0.532967865467072,0
0.05,23,"val",181,0.530260026454926,1
0.05,23,"val",182,0.516942918300629,1
0.05,23,"val",183,0.517271041870117,1
0.05,23,"val",184,0.462127596139908,0
0.05,23,"val",185,0.46489679813385,0
0.05,23,"val",186,0.465006470680237,0
0.05,23,"val",187,0.474809944629669,0
0.05,23,"val",188,0.447355270385742,0
0.05,23,"val",189,0.451784700155258,0
0.05,23,"val",190,0.499675095081329,0
0.05,23,"val",191,0.472886770963669,1
0.05,23,"val",192,0.523187100887299,0
0.05,23,"val",193,0.522134304046631,0
0.05,23,"val",194,0.513668954372406,0
0.05,23,"val",195,0.515741467475891,1
0.05,23,"val",196,0.507631242275238,1
0.05,23,"val",197,0.507602095603943,1
0.05,23,"val",198,0.496697127819061,1
0.05,23,"val",199,0.495355725288391,0
0.05,23,"val",200,0.470986217260361,0
0.05,23,"val",201,0.487082034349442,0
0.05,23,"val",202,0.522750377655029,0
0.05,23,"val",203,0.51696240901947,1
0.05,23,"val",204,0.583819508552551,1
0.05,23,"val",205,0.557741761207581,1
0.05,23,"val",206,0.530260026454926,0
0.05,23,"val",207,0.530180096626282,0
0.05,23,"val",208,0.517271041870117,0
0.05,23,"val",209,0.515838384628296,1
0.05,23,"val",210,0.46489679813385,1
0.05,23,"val",211,0.461279302835464,1
0.05,23,"val",212,0.474809944629669,1
0.05,23,"val",213,0.483860999345779,1
0.05,23,"val",214,0.451784700155258,1
0.05,23,"val",215,0.461901783943176,0
0.05,23,"val",216,0.472886770963669,0
0.05,23,"val",217,0.492898464202881,0
0.05,23,"val",218,0.522134304046631,0
0.05,23,"val",219,0.522252559661865,0
0.05,23,"val",220,0.515741467475891,0
0.05,23,"val",221,0.512986123561859,1
0.05,23,"val",222,0.507602095603943,1
0.05,23,"val",223,0.509156405925751,1
0.05,23,"val",224,0.495355725288391,0
0.05,23,"val",225,0.497607797384262,1
0.05,23,"val",226,0.487082034349442,1
0.05,23,"val",227,0.488926589488983,1
0.05,23,"val",228,0.51696240901947,0
0.05,23,"val",229,0.519136428833008,0
0.05,23,"val",230,0.557741761207581,0
0.05,23,"val",231,0.534991383552551,0
0.05,23,"val",232,0.530180096626282,0
0.05,23,"val",233,0.508792459964752,0
0.05,23,"val",234,0.515838384628296,0
0.05,23,"val",235,0.518209278583527,0
0.05,23,"val",236,0.461279302835464,0
0.05,23,"val",237,0.455967158079147,0
0.05,23,"val",238,0.483860999345779,1
0.05,23,"val",239,0.482446372509003,0
0.05,23,"val",240,0.461901783943176,0
0.05,23,"val",241,0.460379362106323,0
0.05,23,"val",242,0.492898464202881,0
0.05,23,"val",243,0.478895664215088,1
0.05,23,"val",244,0.522252559661865,1
0.05,23,"val",245,0.524322628974915,1
0.05,23,"val",246,0.512986123561859,0
0.05,23,"val",247,0.515103578567505,1
0.05,23,"val",248,0.509156405925751,1
0.05,23,"val",249,0.511031270027161,0
0.05,23,"val",250,0.497607797384262,1
0.05,23,"val",251,0.487717568874359,1
0.05,23,"val",252,0.488926589488983,1
0.05,23,"val",253,0.490081399679184,1
0.05,23,"val",254,0.519136428833008,0
0.05,23,"val",255,0.515551090240479,0
0.05,23,"val",256,0.534991383552551,0
0.05,23,"val",257,0.521698713302612,0
0.05,23,"val",258,0.508792459964752,1
0.05,23,"val",259,0.529146432876587,1
0.05,23,"val",260,0.518209278583527,1
0.05,23,"val",261,0.518770217895508,1
0.05,23,"val",262,0.455967158079147,1
0.05,23,"val",263,0.463910073041916,0
0.05,23,"val",264,0.482446372509003,0
0.05,23,"val",265,0.476782828569412,1
0.05,23,"val",266,0.460379362106323,1
0.05,23,"val",267,0.458998560905457,0
0.05,23,"val",268,0.478895664215088,0
0.05,23,"val",269,0.47544464468956,0
0.05,23,"val",270,0.524322628974915,1
0.05,23,"val",271,0.523715436458588,1
0.05,23,"val",272,0.515103578567505,1
0.05,23,"val",273,0.513573288917542,1
0.05,23,"val",274,0.511031270027161,0
0.05,23,"val",275,0.511242508888245,0
0.05,23,"val",276,0.487717568874359,0
0.05,23,"val",277,0.489749282598495,0
0.05,23,"val",278,0.490081399679184,1
0.05,23,"val",279,0.485673695802689,1
0.05,23,"val",280,0.515551090240479,1
0.05,23,"val",281,0.515574932098389,1
0.05,23,"val",282,0.521698713302612,1
0.05,23,"val",283,0.518984258174896,1
0.05,23,"val",284,0.529146432876587,0
0.05,23,"val",285,0.51552426815033,0
0.05,23,"val",286,0.518770217895508,0
0.05,23,"val",287,0.516884505748749,0
0.05,23,"val",288,0.463910073041916,0
0.05,23,"val",289,0.461482435464859,0
0.05,23,"val",290,0.476782828569412,0
0.05,23,"val",291,0.476059794425964,0
0.05,23,"val",292,0.458998560905457,0
0.05,23,"val",293,0.458714812994003,0
0.05,23,"val",294,0.47544464468956,1
0.05,23,"val",295,0.476116210222244,1
0.05,23,"val",296,0.523715436458588,0
0.05,23,"val",297,0.522328972816467,0
0.05,23,"val",298,0.513573288917542,0
0.05,23,"val",299,0.518560767173767,1
0.05,23,"val",300,0.511242508888245,1
0.05,23,"val",301,0.51601767539978,1
0.05,23,"val",302,0.489749282598495,0
0.05,23,"val",303,0.490702927112579,0
0.05,23,"val",304,0.485673695802689,0
0.05,23,"test",1,0.484601229429245,0
0.05,23,"test",2,0.515574932098389,0
0.05,23,"test",3,0.517896354198456,1
0.05,23,"test",4,0.518984258174896,1
0.05,23,"test",5,0.520302414894104,1
0.05,23,"test",6,0.51552426815033,1
0.05,23,"test",7,0.510010004043579,1
0.05,23,"test",8,0.516884505748749,1
0.05,23,"test",9,0.518646836280823,1
0.05,23,"test",10,0.461482435464859,1
0.05,23,"test",11,0.457265704870224,1
0.05,23,"test",12,0.476059794425964,1
0.05,23,"test",13,0.488467216491699,1
0.05,23,"test",14,0.458714812994003,1
0.05,23,"test",15,0.442379236221313,1
0.05,23,"test",16,0.476116210222244,1
0.05,23,"test",17,0.47836908698082,0
0.05,23,"test",18,0.522328972816467,0
0.05,23,"test",19,0.525635540485382,0
0.05,23,"test",20,0.518560767173767,1
0.05,23,"test",21,0.520820796489716,1
0.05,23,"test",22,0.51601767539978,1
0.05,23,"test",23,0.510399162769318,0
0.05,23,"test",24,0.490702927112579,0
0.05,23,"test",25,0.497209638357162,0
0.05,23,"test",26,0.484601229429245,1
0.05,23,"test",27,0.500529527664185,1
0.05,23,"test",28,0.517896354198456,1
0.05,23,"test",29,0.519735813140869,0
0.05,23,"test",30,0.520302414894104,0
0.05,23,"test",31,0.513733506202698,0
0.05,23,"test",32,0.510010004043579,0
0.05,23,"test",33,0.513949394226074,0
0.05,23,"test",34,0.518646836280823,1
0.05,23,"test",35,0.516701340675354,1
0.05,23,"test",36,0.457265704870224,1
0.05,23,"test",37,0.46447080373764,1
0.05,23,"test",38,0.488467216491699,1
0.05,23,"test",39,0.468719780445099,1
0.05,23,"test",40,0.442379236221313,1
0.05,23,"test",41,0.451459109783173,1
0.05,23,"test",42,0.47836908698082,0
0.05,23,"test",43,0.485169500112534,0
0.05,23,"test",44,0.525635540485382,1
0.05,23,"test",45,0.526773810386658,1
0.05,23,"test",46,0.520820796489716,1
0.05,23,"test",47,0.521489918231964,0
0.05,23,"test",48,0.510399162769318,0
0.05,23,"test",49,0.510043799877167,0
0.05,23,"test",50,0.497209638357162,0
0.05,23,"test",51,0.491159439086914,1
0.05,23,"test",52,0.500529527664185,1
0.05,23,"test",53,0.490839630365372,1
0.05,23,"test",54,0.519735813140869,1
0.05,23,"test",55,0.520663201808929,0
0.05,23,"test",56,0.513733506202698,0
0.05,23,"test",57,0.516356468200684,0
0.05,23,"test",58,0.513949394226074,0
0.05,23,"test",59,0.520542442798615,1
0.05,23,"test",60,0.516701340675354,1
0.05,23,"test",61,0.514747262001038,1
0.05,23,"test",62,0.46447080373764,0
0.05,23,"test",63,0.469833225011826,1
0.05,23,"test",64,0.468719780445099,1
0.05,23,"test",65,0.470773369073868,1
0.05,23,"test",66,0.451459109783173,1
0.05,23,"test",67,0.444881647825241,1
0.05,23,"test",68,0.485169500112534,0
0.05,23,"test",69,0.50188159942627,0
0.05,23,"test",70,0.526773810386658,0
0.05,23,"test",71,0.525972843170166,1
0.05,23,"test",72,0.521489918231964,1
0.05,23,"test",73,0.516201496124268,0
0.05,23,"test",74,0.510043799877167,0
0.05,23,"test",75,0.508653998374939,0
0.05,23,"test",76,0.491159439086914,0
0.05,23,"test",77,0.495994210243225,0
0.05,23,"test",78,0.490839630365372,1
0.05,23,"test",79,0.487458020448685,0
0.05,23,"test",80,0.520663201808929,0
0.05,23,"test",81,0.518944203853607,1
0.05,23,"test",82,0.516356468200684,1
0.05,23,"test",83,0.526157200336456,1
0.05,23,"test",84,0.520542442798615,1
0.05,23,"test",85,0.523506164550781,0
0.05,23,"test",86,0.514747262001038,0
0.05,23,"test",87,0.515651941299438,0
0.05,23,"test",88,0.469833225011826,0
0.05,23,"test",89,0.461941063404083,0
0.05,23,"test",90,0.470773369073868,0
0.05,23,"test",91,0.47702944278717,1
0.05,23,"test",92,0.444881647825241,0
0.05,23,"test",93,0.436802119016647,0
0.05,23,"test",94,0.50188159942627,0
0.05,23,"test",95,0.500105082988739,0
0.05,23,"test",96,0.525972843170166,0
0.05,23,"test",97,0.524320125579834,1
0.05,23,"test",98,0.516201496124268,1
0.05,23,"test",99,0.515556693077087,1
0.05,23,"test",100,0.508653998374939,1
0.05,23,"test",101,0.510033130645752,1
0.05,23,"test",102,0.495994210243225,0
0.05,23,"test",103,0.492486774921417,0
0.05,23,"test",104,0.487458020448685,0
0.05,23,"test",105,0.47570338845253,0
0.05,23,"test",106,0.518944203853607,0
0.05,23,"test",107,0.521691799163818,0
0.05,23,"test",108,0.526157200336456,0
0.05,23,"test",109,0.517965316772461,0
0.05,23,"test",110,0.523506164550781,1
0.05,23,"test",111,0.520821094512939,1
0.05,23,"test",112,0.515651941299438,1
0.05,23,"test",113,0.516416132450104,0
0.05,23,"test",114,0.461941063404083,1
0.05,23,"test",115,0.453880786895752,1
0.05,23,"test",116,0.47702944278717,1
0.05,23,"test",117,0.470693081617355,1
0.05,23,"test",118,0.436802119016647,1
0.05,23,"test",119,0.434449076652527,0
0.05,23,"test",120,0.500105082988739,0
0.05,23,"test",121,0.49621444940567,0
0.05,23,"test",122,0.524320125579834,1
0.05,23,"test",123,0.524512767791748,1
0.05,23,"test",124,0.515556693077087,1
0.05,23,"test",125,0.516463100910187,0
0.05,23,"test",126,0.510033130645752,0
0.05,23,"test",127,0.509290099143982,0
0.05,23,"test",128,0.492486774921417,1
0.05,23,"test",129,0.494736582040787,1
0.05,23,"test",130,0.47570338845253,1
0.05,23,"test",131,0.465898424386978,1
0.05,23,"test",132,0.521691799163818,0
0.05,23,"test",133,0.516137003898621,0
0.05,23,"test",134,0.517965316772461,0
0.05,23,"test",135,0.519469678401947,0
0.05,23,"test",136,0.520821094512939,0
0.05,23,"test",137,0.531782925128937,1
0.05,23,"test",138,0.516416132450104,1
0.05,23,"test",139,0.517085015773773,1
0.05,23,"test",140,0.453880786895752,1
0.05,23,"test",141,0.478148579597473,1
0.05,23,"test",142,0.470693081617355,1
0.05,23,"test",143,0.479725152254105,1
0.05,23,"test",144,0.434449076652527,1
0.05,23,"test",145,0.440796792507172,1
0.05,23,"test",146,0.49621444940567,1
0.05,23,"test",147,0.472862392663956,1
0.05,23,"test",148,0.524512767791748,1
0.05,23,"test",149,0.524392485618591,1
0.05,23,"test",150,0.516463100910187,1
0.05,23,"test",151,0.514696478843689,1
0.05,23,"test",152,0.509290099143982,0
0.05,23,"test",153,0.508298993110657,0
0.05,23,"test",154,0.494736582040787,1
0.05,23,"test",155,0.497681140899658,1
0.05,23,"test",156,0.465898424386978,1
0.05,23,"test",157,0.466573089361191,0
0.05,23,"test",158,0.516137003898621,0
0.05,23,"test",159,0.531710803508759,0
0.05,23,"test",160,0.519469678401947,0
0.05,23,"test",161,0.52013236284256,0
0.05,23,"test",162,0.531782925128937,0
0.05,23,"test",163,0.520405769348145,0
0.05,23,"test",164,0.517085015773773,0
0.05,23,"test",165,0.517950475215912,1
0.05,23,"test",166,0.478148579597473,1
0.05,23,"test",167,0.479461967945099,0
0.05,23,"test",168,0.479725152254105,1
0.05,23,"test",169,0.475694298744202,1
0.05,23,"test",170,0.440796792507172,1
0.05,23,"test",171,0.432035267353058,0
0.05,23,"test",172,0.472862392663956,0
0.05,23,"test",173,0.471621721982956,1
0.05,23,"test",174,0.524392485618591,1
0.05,23,"test",175,0.526425540447235,1
0.05,23,"test",176,0.514696478843689,1
0.05,23,"test",177,0.516613483428955,0
0.05,23,"test",178,0.508298993110657,0
0.05,23,"test",179,0.510553359985352,0
0.05,23,"test",180,0.497681140899658,0
0.05,23,"test",181,0.502827227115631,0
0.05,23,"test",182,0.466573089361191,0
0.05,23,"test",183,0.470978170633316,0
0.05,23,"test",184,0.531710803508759,0
0.05,23,"test",185,0.523909747600555,0
0.05,23,"test",186,0.52013236284256,1
0.05,23,"test",187,0.520236611366272,0
0.05,23,"test",188,0.520405769348145,0
0.05,23,"test",189,0.513154208660126,0
0.05,23,"test",190,0.517950475215912,0
0.05,23,"test",191,0.516413807868958,0
0.05,23,"test",192,0.479461967945099,0
0.05,23,"test",193,0.467896491289139,0
0.05,23,"test",194,0.475694298744202,0
0.05,23,"test",195,0.470879375934601,0
0.05,23,"test",196,0.432035267353058,0
0.05,23,"test",197,0.437468320131302,1
0.05,23,"test",198,0.471621721982956,1
0.05,23,"test",199,0.465946137905121,1
0.05,23,"test",200,0.526425540447235,0
0.05,23,"test",201,0.525430142879486,0
0.05,23,"test",202,0.516613483428955,1
0.05,23,"test",203,0.518373370170593,0
0.05,23,"test",204,0.510553359985352,0
0.05,23,"test",205,0.507789134979248,0
0.05,23,"test",206,0.502827227115631,1
0.05,23,"test",207,0.487918883562088,0
0.05,23,"test",208,0.470978170633316,0
0.05,23,"test",209,0.47245779633522,0
0.05,23,"test",210,0.523909747600555,0
0.05,23,"test",211,0.52007645368576,0
0.05,23,"test",212,0.520236611366272,1
0.05,23,"test",213,0.521052479743958,0
0.05,23,"test",214,0.513154208660126,1
0.05,23,"test",215,0.513553202152252,1
0.05,23,"test",216,0.516413807868958,1
0.05,23,"test",217,0.505844235420227,0
0.05,23,"test",218,0.467896491289139,0
0.05,23,"test",219,0.474329650402069,1
0.05,23,"test",220,0.470879375934601,1
0.05,23,"test",221,0.486525774002075,0
0.05,23,"test",222,0.437468320131302,1
0.05,23,"test",223,0.453405261039734,1
0.05,23,"test",224,0.465946137905121,1
0.05,23,"test",225,0.471888899803162,0
0.05,23,"test",226,0.525430142879486,0
0.05,23,"test",227,0.524990379810333,0
0.05,23,"test",228,0.518373370170593,1
0.05,23,"test",229,0.515377879142761,1
0.05,23,"test",230,0.507789134979248,0
0.05,23,"test",231,0.508933424949646,1
0.05,23,"test",232,0.487918883562088,1
0.05,23,"test",233,0.492228269577026,1
0.05,23,"test",234,0.47245779633522,1
0.05,23,"test",235,0.484387576580048,1
0.05,23,"test",236,0.52007645368576,1
0.05,23,"test",237,0.520236730575562,0
0.05,23,"test",238,0.521052479743958,0
0.05,23,"test",239,0.520990073680878,0
0.05,23,"test",240,0.513553202152252,0
0.05,23,"test",241,0.529703140258789,0
0.05,23,"test",242,0.505844235420227,0
0.05,23,"test",243,0.499595403671265,0
0.05,23,"test",244,0.474329650402069,1
0.05,23,"test",245,0.471623450517654,1
0.05,23,"test",246,0.486525774002075,1
0.05,23,"test",247,0.472158670425415,1
0.05,23,"test",248,0.453405261039734,1
0.05,23,"test",249,0.433371722698212,1
0.05,23,"test",250,0.471888899803162,1
0.05,23,"test",251,0.485032916069031,1
0.05,23,"test",252,0.524990379810333,0
0.05,23,"test",253,0.526218771934509,0
0.05,23,"test",254,0.515377879142761,0
0.05,23,"test",255,0.518519759178162,1
0.05,23,"test",256,0.508933424949646,1
0.05,23,"test",257,0.508294880390167,1
0.05,23,"test",258,0.492228269577026,1
0.05,23,"test",259,0.49710077047348,1
0.05,23,"test",260,0.484387576580048,1
0.05,23,"test",261,0.482933312654495,1
0.05,23,"test",262,0.520236730575562,0
0.05,23,"test",263,0.522524774074554,0
0.05,23,"test",264,0.520990073680878,1
0.05,23,"test",265,0.520326912403107,1
0.05,23,"test",266,0.529703140258789,1
0.05,23,"test",267,0.534195065498352,1
0.05,23,"test",268,0.499595403671265,1
0.05,23,"test",269,0.51473206281662,1
0.05,23,"test",270,0.471623450517654,1
0.05,23,"test",271,0.455518454313278,1
0.05,23,"test",272,0.472158670425415,1
0.05,23,"test",273,0.488214403390884,1
0.05,23,"test",274,0.433371722698212,1
0.05,23,"test",275,0.422238171100616,1
0.05,23,"test",276,0.485032916069031,1
0.05,23,"test",277,0.486780822277069,1
0.05,23,"test",278,0.526218771934509,0
0.05,23,"test",279,0.528405547142029,0
0.05,23,"test",280,0.518519759178162,0
0.05,23,"test",281,0.515989720821381,0
0.05,23,"test",282,0.508294880390167,0
0.05,23,"test",283,0.509554743766785,0
0.05,23,"test",284,0.49710077047348,0
0.05,23,"test",285,0.491307616233826,0
0.05,23,"test",286,0.482933312654495,0
0.05,23,"test",287,0.488838732242584,0
0.05,23,"test",288,0.522524774074554,0
0.05,23,"test",289,0.517950475215912,0
0.05,23,"test",290,0.520326912403107,0
0.05,23,"test",291,0.518451631069183,0
0.05,23,"test",292,0.534195065498352,1
0.05,23,"test",293,0.518106698989868,1
0.05,23,"test",294,0.51473206281662,1
0.05,23,"test",295,0.516254067420959,0
0.05,23,"test",296,0.455518454313278,0
0.05,23,"test",297,0.474921405315399,1
0.05,23,"test",298,0.488214403390884,0
0.05,23,"test",299,0.486532211303711,0
0.05,23,"test",300,0.422238171100616,1
0.05,23,"test",301,0.434481352567673,1
0.05,23,"test",302,0.486780822277069,1
0.05,23,"test",303,0.468421429395676,0
0.05,23,"test",304,0.528405547142029,1
0.05,23,"test",305,0.526809215545654,0
0.05,27,"val",1,0.512056767940521,0
0.05,27,"val",2,0.464042961597443,1
0.05,27,"val",3,0.473998069763184,0
0.05,27,"val",4,0.475767076015472,1
0.05,27,"val",5,0.467972278594971,1
0.05,27,"val",6,0.430577367544174,1
0.05,27,"val",7,0.420727580785751,1
0.05,27,"val",8,0.490323305130005,1
0.05,27,"val",9,0.488572090864182,1
0.05,27,"val",10,0.515582323074341,1
0.05,27,"val",11,0.516034245491028,1
0.05,27,"val",12,0.525867581367493,1
0.05,27,"val",13,0.510291278362274,1
0.05,27,"val",14,0.494609355926514,1
0.05,27,"val",15,0.498600423336029,1
0.05,27,"val",16,0.499624907970428,1
0.05,27,"val",17,0.505205869674683,1
0.05,27,"val",18,0.510122776031494,1
0.05,27,"val",19,0.498698055744171,1
0.05,27,"val",20,0.521026313304901,1
0.05,27,"val",21,0.518697202205658,1
0.05,27,"val",22,0.572739660739899,1
0.05,27,"val",23,0.561364412307739,0
0.05,27,"val",24,0.481681197881699,0
0.05,27,"val",25,0.51898056268692,1
0.05,27,"val",26,0.512056767940521,0
0.05,27,"val",27,0.514009594917297,0
0.05,27,"val",28,0.473998069763184,0
0.05,27,"val",29,0.466148495674133,1
0.05,27,"val",30,0.467972278594971,1
0.05,27,"val",31,0.465861111879349,0
0.05,27,"val",32,0.420727580785751,0
0.05,27,"val",33,0.446278125047684,0
0.05,27,"val",34,0.488572090864182,0
0.05,27,"val",35,0.48256927728653,0
0.05,27,"val",36,0.516034245491028,0
0.05,27,"val",37,0.515725255012512,1
0.05,27,"val",38,0.510291278362274,1
0.05,27,"val",39,0.512837469577789,1
0.05,27,"val",40,0.498600423336029,0
0.05,27,"val",41,0.494460046291351,0
0.05,27,"val",42,0.505205869674683,0
0.05,27,"val",43,0.503660917282104,0
0.05,27,"val",44,0.498698055744171,0
0.05,27,"val",45,0.504265189170837,0
0.05,27,"val",46,0.518697202205658,0
0.05,27,"val",47,0.516341686248779,1
0.05,27,"val",48,0.561364412307739,1
0.05,27,"val",49,0.557989716529846,1
0.05,27,"val",50,0.51898056268692,1
0.05,27,"val",51,0.499619573354721,1
0.05,27,"val",52,0.514009594917297,1
0.05,27,"val",53,0.513143539428711,1
0.05,27,"val",54,0.466148495674133,1
0.05,27,"val",55,0.453149676322937,1
0.05,27,"val",56,0.465861111879349,1
0.05,27,"val",57,0.473365426063538,1
0.05,27,"val",58,0.446278125047684,1
0.05,27,"val",59,0.434353679418564,1
0.05,27,"val",60,0.48256927728653,1
0.05,27,"val",61,0.484559118747711,0
0.05,27,"val",62,0.515725255012512,1
0.05,27,"val",63,0.516612768173218,0
0.05,27,"val",64,0.512837469577789,0
0.05,27,"val",65,0.516173303127289,1
0.05,27,"val",66,0.494460046291351,1
0.05,27,"val",67,0.49824070930481,1
0.05,27,"val",68,0.503660917282104,1
0.05,27,"val",69,0.504660665988922,1
0.05,27,"val",70,0.504265189170837,1
0.05,27,"val",71,0.505247890949249,1
0.05,27,"val",72,0.516341686248779,1
0.05,27,"val",73,0.523669064044952,1
0.05,27,"val",74,0.557989716529846,1
0.05,27,"val",75,0.565624237060547,1
0.05,27,"val",76,0.499619573354721,0
0.05,27,"val",77,0.513802826404572,1
0.05,27,"val",78,0.513143539428711,1
0.05,27,"val",79,0.51555323600769,0
0.05,27,"val",80,0.453149676322937,0
0.05,27,"val",81,0.465748161077499,0
0.05,27,"val",82,0.473365426063538,1
0.05,27,"val",83,0.477677047252655,0
0.05,27,"val",84,0.434353679418564,0
0.05,27,"val",85,0.458758056163788,0
0.05,27,"val",86,0.484559118747711,1
0.05,27,"val",87,0.497232913970947,1
0.05,27,"val",88,0.516612768173218,1
0.05,27,"val",89,0.517570495605469,0
0.05,27,"val",90,0.516173303127289,0
0.05,27,"val",91,0.515053570270538,0
0.05,27,"val",92,0.49824070930481,0
0.05,27,"val",93,0.495904386043549,0
0.05,27,"val",94,0.504660665988922,0
0.05,27,"val",95,0.501020193099976,0
0.05,27,"val",96,0.505247890949249,1
0.05,27,"val",97,0.503605127334595,1
0.05,27,"val",98,0.523669064044952,1
0.05,27,"val",99,0.514416575431824,1
0.05,27,"val",100,0.565624237060547,0
0.05,27,"val",101,0.595764577388763,0
0.05,27,"val",102,0.513802826404572,0
0.05,27,"val",103,0.512332618236542,0
0.05,27,"val",104,0.51555323600769,1
0.05,27,"val",105,0.511688113212585,1
0.05,27,"val",106,0.465748161077499,1
0.05,27,"val",107,0.476496964693069,1
0.05,27,"val",108,0.477677047252655,1
0.05,27,"val",109,0.477957904338837,0
0.05,27,"val",110,0.458758056163788,0
0.05,27,"val",111,0.460624486207962,1
0.05,27,"val",112,0.497232913970947,1
0.05,27,"val",113,0.484939336776733,1
0.05,27,"val",114,0.517570495605469,0
0.05,27,"val",115,0.518773436546326,1
0.05,27,"val",116,0.515053570270538,0
0.05,27,"val",117,0.512490093708038,1
0.05,27,"val",118,0.495904386043549,1
0.05,27,"val",119,0.499265551567078,1
0.05,27,"val",120,0.501020193099976,0
0.05,27,"val",121,0.498025476932526,0
0.05,27,"val",122,0.503605127334595,0
0.05,27,"val",123,0.505124449729919,1
0.05,27,"val",124,0.514416575431824,1
0.05,27,"val",125,0.517217457294464,1
0.05,27,"val",126,0.595764577388763,1
0.05,27,"val",127,0.590049386024475,1
0.05,27,"val",128,0.512332618236542,1
0.05,27,"val",129,0.490463614463806,1
0.05,27,"val",130,0.511688113212585,1
0.05,27,"val",131,0.504953384399414,0
0.05,27,"val",132,0.476496964693069,0
0.05,27,"val",133,0.476366937160492,1
0.05,27,"val",134,0.477957904338837,1
0.05,27,"val",135,0.477896898984909,0
0.05,27,"val",136,0.460624486207962,0
0.05,27,"val",137,0.430908292531967,0
0.05,27,"val",138,0.484939336776733,0
0.05,27,"val",139,0.487020671367645,0
0.05,27,"val",140,0.518773436546326,0
0.05,27,"val",141,0.517270505428314,1
0.05,27,"val",142,0.512490093708038,1
0.05,27,"val",143,0.517496466636658,1
0.05,27,"val",144,0.499265551567078,0
0.05,27,"val",145,0.498292863368988,0
0.05,27,"val",146,0.498025476932526,0
0.05,27,"val",147,0.495050132274628,0
0.05,27,"val",148,0.505124449729919,0
0.05,27,"val",149,0.509883642196655,0
0.05,27,"val",150,0.517217457294464,0
0.05,27,"val",151,0.517060816287994,0
0.05,27,"val",152,0.590049386024475,1
0.05,27,"val",153,0.586057543754578,0
0.05,27,"val",154,0.490463614463806,1
0.05,27,"val",155,0.417355597019196,0
0.05,27,"val",156,0.504953384399414,0
0.05,27,"val",157,0.506218791007996,0
0.05,27,"val",158,0.476366937160492,0
0.05,27,"val",159,0.468714207410812,1
0.05,27,"val",160,0.477896898984909,1
0.05,27,"val",161,0.473146885633469,1
0.05,27,"val",162,0.430908292531967,1
0.05,27,"val",163,0.446997821331024,1
0.05,27,"val",164,0.487020671367645,0
0.05,27,"val",165,0.490227818489075,0
0.05,27,"val",166,0.517270505428314,0
0.05,27,"val",167,0.514898359775543,0
0.05,27,"val",168,0.517496466636658,1
0.05,27,"val",169,0.513261735439301,0
0.05,27,"val",170,0.498292863368988,0
0.05,27,"val",171,0.495929360389709,0
0.05,27,"val",172,0.495050132274628,1
0.05,27,"val",173,0.492407828569412,1
0.05,27,"val",174,0.509883642196655,1
0.05,27,"val",175,0.492136120796204,0
0.05,27,"val",176,0.517060816287994,0
0.05,27,"val",177,0.525255799293518,1
0.05,27,"val",178,0.586057543754578,0
0.05,27,"val",179,0.58466511964798,1
0.05,27,"val",180,0.417355597019196,0
0.05,27,"val",181,0.445700019598007,1
0.05,27,"val",182,0.506218791007996,1
0.05,27,"val",183,0.507377803325653,1
0.05,27,"val",184,0.468714207410812,0
0.05,27,"val",185,0.466631501913071,0
0.05,27,"val",186,0.473146885633469,0
0.05,27,"val",187,0.47998183965683,0
0.05,27,"val",188,0.446997821331024,0
0.05,27,"val",189,0.452669143676758,0
0.05,27,"val",190,0.490227818489075,0
0.05,27,"val",191,0.460508584976196,1
0.05,27,"val",192,0.514898359775543,0
0.05,27,"val",193,0.514270484447479,0
0.05,27,"val",194,0.513261735439301,0
0.05,27,"val",195,0.516324043273926,1
0.05,27,"val",196,0.495929360389709,1
0.05,27,"val",197,0.49587094783783,1
0.05,27,"val",198,0.492407828569412,1
0.05,27,"val",199,0.490241020917892,0
0.05,27,"val",200,0.492136120796204,0
0.05,27,"val",201,0.512394964694977,0
0.05,27,"val",202,0.525255799293518,0
0.05,27,"val",203,0.516374111175537,1
0.05,27,"val",204,0.58466511964798,1
0.05,27,"val",205,0.579308390617371,1
0.05,27,"val",206,0.445700019598007,0
0.05,27,"val",207,0.446938008069992,0
0.05,27,"val",208,0.507377803325653,0
0.05,27,"val",209,0.504123210906982,1
0.05,27,"val",210,0.466631501913071,1
0.05,27,"val",211,0.46389302611351,1
0.05,27,"val",212,0.47998183965683,1
0.05,27,"val",213,0.48573026061058,1
0.05,27,"val",214,0.452669143676758,1
0.05,27,"val",215,0.461267501115799,0
0.05,27,"val",216,0.460508584976196,0
0.05,27,"val",217,0.479322403669357,0
0.05,27,"val",218,0.514270484447479,0
0.05,27,"val",219,0.514377772808075,0
0.05,27,"val",220,0.516324043273926,0
0.05,27,"val",221,0.510570883750916,1
0.05,27,"val",222,0.49587094783783,1
0.05,27,"val",223,0.500168561935425,1
0.05,27,"val",224,0.490241020917892,0
0.05,27,"val",225,0.494864881038666,1
0.05,27,"val",226,0.512394964694977,1
0.05,27,"val",227,0.505921244621277,1
0.05,27,"val",228,0.516374111175537,0
0.05,27,"val",229,0.5157231092453,0
0.05,27,"val",230,0.579308390617371,0
0.05,27,"val",231,0.567546784877777,0
0.05,27,"val",232,0.446938008069992,0
0.05,27,"val",233,0.511328637599945,0
0.05,27,"val",234,0.504123210906982,0
0.05,27,"val",235,0.513446867465973,0
0.05,27,"val",236,0.46389302611351,0
0.05,27,"val",237,0.460686892271042,0
0.05,27,"val",238,0.48573026061058,1
0.05,27,"val",239,0.484930694103241,0
0.05,27,"val",240,0.461267501115799,0
0.05,27,"val",241,0.460868954658508,0
0.05,27,"val",242,0.479322403669357,0
0.05,27,"val",243,0.465449392795563,1
0.05,27,"val",244,0.514377772808075,1
0.05,27,"val",245,0.516179621219635,1
0.05,27,"val",246,0.510570883750916,0
0.05,27,"val",247,0.513914883136749,1
0.05,27,"val",248,0.500168561935425,1
0.05,27,"val",249,0.49942085146904,0
0.05,27,"val",250,0.494864881038666,1
0.05,27,"val",251,0.467979311943054,1
0.05,27,"val",252,0.505921244621277,1
0.05,27,"val",253,0.505694985389709,1
0.05,27,"val",254,0.5157231092453,0
0.05,27,"val",255,0.498448252677917,0
0.05,27,"val",256,0.567546784877777,0
0.05,27,"val",257,0.561198234558105,0
0.05,27,"val",258,0.511328637599945,1
0.05,27,"val",259,0.441034138202667,1
0.05,27,"val",260,0.513446867465973,1
0.05,27,"val",261,0.511018455028534,1
0.05,27,"val",262,0.460686892271042,1
0.05,27,"val",263,0.471640020608902,0
0.05,27,"val",264,0.484930694103241,0
0.05,27,"val",265,0.480804115533829,1
0.05,27,"val",266,0.460868954658508,1
0.05,27,"val",267,0.458691984415054,0
0.05,27,"val",268,0.465449392795563,0
0.05,27,"val",269,0.463983535766602,0
0.05,27,"val",270,0.516179621219635,1
0.05,27,"val",271,0.515502512454987,1
0.05,27,"val",272,0.513914883136749,1
0.05,27,"val",273,0.510817527770996,1
0.05,27,"val",274,0.49942085146904,0
0.05,27,"val",275,0.500538647174835,0
0.05,27,"val",276,0.467979311943054,0
0.05,27,"val",277,0.475645363330841,0
0.05,27,"val",278,0.505694985389709,1
0.05,27,"val",279,0.496400773525238,1
0.05,27,"val",280,0.498448252677917,1
0.05,27,"val",281,0.50435483455658,1
0.05,27,"val",282,0.561198234558105,1
0.05,27,"val",283,0.553578853607178,1
0.05,27,"val",284,0.441034138202667,0
0.05,27,"val",285,0.505126237869263,0
0.05,27,"val",286,0.511018455028534,0
0.05,27,"val",287,0.506008982658386,0
0.05,27,"val",288,0.471640020608902,0
0.05,27,"val",289,0.471299558877945,0
0.05,27,"val",290,0.480804115533829,0
0.05,27,"val",291,0.480127900838852,0
0.05,27,"val",292,0.458691984415054,0
0.05,27,"val",293,0.458315759897232,0
0.05,27,"val",294,0.463983535766602,1
0.05,27,"val",295,0.465543359518051,1
0.05,27,"val",296,0.515502512454987,0
0.05,27,"val",297,0.514317333698273,0
0.05,27,"val",298,0.510817527770996,0
0.05,27,"val",299,0.520307600498199,1
0.05,27,"val",300,0.500538647174835,1
0.05,27,"val",301,0.501263618469238,1
0.05,27,"val",302,0.475645363330841,0
0.05,27,"val",303,0.477688401937485,0
0.05,27,"val",304,0.496400773525238,0
0.05,27,"test",1,0.496078908443451,0
0.05,27,"test",2,0.50435483455658,0
0.05,27,"test",3,0.503498196601868,1
0.05,27,"test",4,0.553578853607178,1
0.05,27,"test",5,0.545628488063812,1
0.05,27,"test",6,0.505126237869263,1
0.05,27,"test",7,0.504437804222107,1
0.05,27,"test",8,0.506008982658386,1
0.05,27,"test",9,0.50991028547287,1
0.05,27,"test",10,0.471299558877945,1
0.05,27,"test",11,0.469392895698547,1
0.05,27,"test",12,0.480127900838852,1
0.05,27,"test",13,0.488799601793289,1
0.05,27,"test",14,0.458315759897232,1
0.05,27,"test",15,0.442554116249084,1
0.05,27,"test",16,0.465543359518051,1
0.05,27,"test",17,0.468076467514038,0
0.05,27,"test",18,0.514317333698273,0
0.05,27,"test",19,0.517733037471771,0
0.05,27,"test",20,0.520307600498199,1
0.05,27,"test",21,0.526143670082092,1
0.05,27,"test",22,0.501263618469238,1
0.05,27,"test",23,0.501305818557739,0
0.05,27,"test",24,0.477688401937485,0
0.05,27,"test",25,0.494237720966339,0
0.05,27,"test",26,0.496078908443451,1
0.05,27,"test",27,0.51004821062088,1
0.05,27,"test",28,0.503498196601868,1
0.05,27,"test",29,0.506982088088989,0
0.05,27,"test",30,0.545628488063812,0
0.05,27,"test",31,0.540026962757111,0
0.05,27,"test",32,0.504437804222107,0
0.05,27,"test",33,0.502164483070374,0
0.05,27,"test",34,0.50991028547287,1
0.05,27,"test",35,0.505926489830017,1
0.05,27,"test",36,0.469392895698547,1
0.05,27,"test",37,0.476185947656631,1
0.05,27,"test",38,0.488799601793289,1
0.05,27,"test",39,0.473360121250153,1
0.05,27,"test",40,0.442554116249084,1
0.05,27,"test",41,0.452282458543777,1
0.05,27,"test",42,0.468076467514038,0
0.05,27,"test",43,0.473552346229553,0
0.05,27,"test",44,0.517733037471771,1
0.05,27,"test",45,0.518673360347748,1
0.05,27,"test",46,0.526143670082092,1
0.05,27,"test",47,0.530739545822144,0
0.05,27,"test",48,0.501305818557739,0
0.05,27,"test",49,0.50302928686142,0
0.05,27,"test",50,0.494237720966339,0
0.05,27,"test",51,0.477885007858276,1
0.05,27,"test",52,0.51004821062088,1
0.05,27,"test",53,0.512288272380829,1
0.05,27,"test",54,0.506982088088989,1
0.05,27,"test",55,0.514426827430725,0
0.05,27,"test",56,0.540026962757111,0
0.05,27,"test",57,0.550136983394623,0
0.05,27,"test",58,0.502164483070374,0
0.05,27,"test",59,0.4937584400177,1
0.05,27,"test",60,0.505926489830017,1
0.05,27,"test",61,0.504056811332703,1
0.05,27,"test",62,0.476185947656631,0
0.05,27,"test",63,0.479121953248978,1
0.05,27,"test",64,0.473360121250153,1
0.05,27,"test",65,0.474699079990387,1
0.05,27,"test",66,0.452282458543777,1
0.05,27,"test",67,0.445252805948257,1
0.05,27,"test",68,0.473552346229553,0
0.05,27,"test",69,0.492459207773209,0
0.05,27,"test",70,0.518673360347748,0
0.05,27,"test",71,0.518000662326813,1
0.05,27,"test",72,0.530739545822144,1
0.05,27,"test",73,0.517908453941345,0
0.05,27,"test",74,0.50302928686142,0
0.05,27,"test",75,0.498347759246826,0
0.05,27,"test",76,0.477885007858276,0
0.05,27,"test",77,0.491605818271637,0
0.05,27,"test",78,0.512288272380829,1
0.05,27,"test",79,0.500250279903412,0
0.05,27,"test",80,0.514426827430725,0
0.05,27,"test",81,0.519793570041656,1
0.05,27,"test",82,0.550136983394623,1
0.05,27,"test",83,0.572482764720917,1
0.05,27,"test",84,0.4937584400177,1
0.05,27,"test",85,0.482478946447372,0
0.05,27,"test",86,0.504056811332703,0
0.05,27,"test",87,0.514171898365021,0
0.05,27,"test",88,0.4791219830513,0
0.05,27,"test",89,0.473185896873474,0
0.05,27,"test",90,0.474699079990387,0
0.05,27,"test",91,0.480531603097916,1
0.05,27,"test",92,0.445252805948257,0
0.05,27,"test",93,0.435944497585297,0
0.05,27,"test",94,0.492459207773209,0
0.05,27,"test",95,0.490736275911331,0
0.05,27,"test",96,0.518000662326813,0
0.05,27,"test",97,0.515241086483002,1
0.05,27,"test",98,0.517908453941345,1
0.05,27,"test",99,0.51434862613678,1
0.05,27,"test",100,0.498347759246826,1
0.05,27,"test",101,0.499641954898834,1
0.05,27,"test",102,0.491605818271637,0
0.05,27,"test",103,0.483626276254654,0
0.05,27,"test",104,0.500250279903412,0
0.05,27,"test",105,0.485211849212646,0
0.05,27,"test",106,0.519793570041656,0
0.05,27,"test",107,0.526756167411804,0
0.05,27,"test",108,0.572482764720917,0
0.05,27,"test",109,0.555025815963745,0
0.05,27,"test",110,0.482478946447372,1
0.05,27,"test",111,0.492879450321198,1
0.05,27,"test",112,0.514171898365021,1
0.05,27,"test",113,0.505723476409912,0
0.05,27,"test",114,0.473185896873474,1
0.05,27,"test",115,0.459925979375839,1
0.05,27,"test",116,0.480531603097916,1
0.05,27,"test",117,0.476338148117065,1
0.05,27,"test",118,0.435944497585297,1
0.05,27,"test",119,0.433380872011185,0
0.05,27,"test",120,0.490736275911331,0
0.05,27,"test",121,0.485993385314941,0
0.05,27,"test",122,0.515241086483002,1
0.05,27,"test",123,0.516303479671478,1
0.05,27,"test",124,0.51434862613678,1
0.05,27,"test",125,0.517901301383972,0
0.05,27,"test",126,0.499641954898834,0
0.05,27,"test",127,0.499502718448639,0
0.05,27,"test",128,0.483626276254654,1
0.05,27,"test",129,0.486855566501617,1
0.05,27,"test",130,0.485211849212646,1
0.05,27,"test",131,0.481064796447754,1
0.05,27,"test",132,0.526756167411804,0
0.05,27,"test",133,0.513016879558563,0
0.05,27,"test",134,0.555025815963745,0
0.05,27,"test",135,0.559679687023163,0
0.05,27,"test",136,0.492879450321198,0
0.05,27,"test",137,0.436656951904297,1
0.05,27,"test",138,0.505723476409912,1
0.05,27,"test",139,0.50653338432312,1
0.05,27,"test",140,0.459925979375839,1
0.05,27,"test",141,0.478160202503204,1
0.05,27,"test",142,0.476338148117065,1
0.05,27,"test",143,0.48309126496315,1
0.05,27,"test",144,0.433380872011185,1
0.05,27,"test",145,0.440821379423141,1
0.05,27,"test",146,0.485993385314941,1
0.05,27,"test",147,0.461326479911804,1
0.05,27,"test",148,0.516303479671478,1
0.05,27,"test",149,0.516165316104889,1
0.05,27,"test",150,0.517901301383972,1
0.05,27,"test",151,0.5133997797966,1
0.05,27,"test",152,0.499502718448639,0
0.05,27,"test",153,0.497205018997192,0
0.05,27,"test",154,0.486855566501617,1
0.05,27,"test",155,0.49320262670517,1
0.05,27,"test",156,0.481064796447754,1
0.05,27,"test",157,0.495492339134216,0
0.05,27,"test",158,0.513016879558563,0
0.05,27,"test",159,0.542464911937714,0
0.05,27,"test",160,0.559679687023163,0
0.05,27,"test",161,0.557049512863159,0
0.05,27,"test",162,0.436656951904297,0
0.05,27,"test",163,0.49074974656105,0
0.05,27,"test",164,0.50653338432312,0
0.05,27,"test",165,0.509241819381714,1
0.05,27,"test",166,0.478160202503204,1
0.05,27,"test",167,0.477756857872009,0
0.05,27,"test",168,0.48309126496315,1
0.05,27,"test",169,0.483124703168869,1
0.05,27,"test",170,0.440821379423141,1
0.05,27,"test",171,0.431941598653793,0
0.05,27,"test",172,0.461326479911804,0
0.05,27,"test",173,0.458712220191956,1
0.05,27,"test",174,0.516165316104889,1
0.05,27,"test",175,0.518740892410278,1
0.05,27,"test",176,0.5133997797966,1
0.05,27,"test",177,0.516246616840363,0
0.05,27,"test",178,0.497205018997192,0
0.05,27,"test",179,0.494551986455917,0
0.05,27,"test",180,0.49320262670517,0
0.05,27,"test",181,0.500108599662781,0
0.05,27,"test",182,0.495492339134216,0
0.05,27,"test",183,0.484393835067749,0
0.05,27,"test",184,0.542464911937714,0
0.05,27,"test",185,0.528059601783752,0
0.05,27,"test",186,0.557049512863159,1
0.05,27,"test",187,0.556126773357391,0
0.05,27,"test",188,0.49074974656105,0
0.05,27,"test",189,0.509050250053406,0
0.05,27,"test",190,0.509241819381714,0
0.05,27,"test",191,0.505290150642395,0
0.05,27,"test",192,0.477756857872009,0
0.05,27,"test",193,0.474351674318314,0
0.05,27,"test",194,0.483124703168869,0
0.05,27,"test",195,0.479790210723877,0
0.05,27,"test",196,0.431941598653793,0
0.05,27,"test",197,0.437254548072815,1
0.05,27,"test",198,0.458712220191956,1
0.05,27,"test",199,0.454595535993576,1
0.05,27,"test",200,0.518740892410278,0
0.05,27,"test",201,0.517349660396576,0
0.05,27,"test",202,0.516246616840363,1
0.05,27,"test",203,0.517831325531006,0
0.05,27,"test",204,0.494551986455917,0
0.05,27,"test",205,0.496103465557098,0
0.05,27,"test",206,0.500108599662781,1
0.05,27,"test",207,0.465300530195236,0
0.05,27,"test",208,0.484393835067749,0
0.05,27,"test",209,0.479762345552444,0
0.05,27,"test",210,0.528059601783752,0
0.05,27,"test",211,0.528032660484314,0
0.05,27,"test",212,0.556126773357391,1
0.05,27,"test",213,0.554230451583862,0
0.05,27,"test",214,0.509050250053406,1
0.05,27,"test",215,0.510659277439117,1
0.05,27,"test",216,0.505290150642395,1
0.05,27,"test",217,0.525780618190765,0
0.05,27,"test",218,0.474351674318314,0
0.05,27,"test",219,0.471056997776031,1
0.05,27,"test",220,0.479790210723877,1
0.05,27,"test",221,0.487744182348251,0
0.05,27,"test",222,0.437254548072815,1
0.05,27,"test",223,0.454069584608078,1
0.05,27,"test",224,0.454595535993576,1
0.05,27,"test",225,0.460437417030334,0
0.05,27,"test",226,0.517349660396576,0
0.05,27,"test",227,0.516957819461823,0
0.05,27,"test",228,0.517831325531006,1
0.05,27,"test",229,0.521553754806519,1
0.05,27,"test",230,0.496103465557098,0
0.05,27,"test",231,0.499511688947678,1
0.05,27,"test",232,0.465300530195236,1
0.05,27,"test",233,0.47584280371666,1
0.05,27,"test",234,0.479762345552444,1
0.05,27,"test",235,0.497103422880173,1
0.05,27,"test",236,0.528032660484314,1
0.05,27,"test",237,0.528067409992218,0
0.05,27,"test",238,0.554230451583862,0
0.05,27,"test",239,0.563999533653259,0
0.05,27,"test",240,0.510659277439117,0
0.05,27,"test",241,0.459708720445633,0
0.05,27,"test",242,0.525780618190765,0
0.05,27,"test",243,0.51945024728775,0
0.05,27,"test",244,0.471056997776031,1
0.05,27,"test",245,0.468665271997452,1
0.05,27,"test",246,0.487744182348251,1
0.05,27,"test",247,0.480718374252319,1
0.05,27,"test",248,0.454069584608078,1
0.05,27,"test",249,0.433322131633759,1
0.05,27,"test",250,0.460437417030334,1
0.05,27,"test",251,0.473749577999115,1
0.05,27,"test",252,0.516957819461823,0
0.05,27,"test",253,0.515881180763245,0
0.05,27,"test",254,0.521553754806519,0
0.05,27,"test",255,0.518532633781433,1
0.05,27,"test",256,0.499511688947678,1
0.05,27,"test",257,0.499075472354889,1
0.05,27,"test",258,0.47584280371666,1
0.05,27,"test",259,0.48981499671936,1
0.05,27,"test",260,0.497103422880173,1
0.05,27,"test",261,0.494023382663727,1
0.05,27,"test",262,0.528067409992218,0
0.05,27,"test",263,0.533749520778656,0
0.05,27,"test",264,0.563999533653259,1
0.05,27,"test",265,0.557332038879395,1
0.05,27,"test",266,0.459708720445633,1
0.05,27,"test",267,0.44202321767807,1
0.05,27,"test",268,0.51945024728775,1
0.05,27,"test",269,0.506763994693756,1
0.05,27,"test",270,0.468665271997452,1
0.05,27,"test",271,0.457434147596359,1
0.05,27,"test",272,0.480718374252319,1
0.05,27,"test",273,0.488909363746643,1
0.05,27,"test",274,0.433322131633759,1
0.05,27,"test",275,0.417071461677551,1
0.05,27,"test",276,0.473749577999115,1
0.05,27,"test",277,0.47323003411293,1
0.05,27,"test",278,0.515881180763245,0
0.05,27,"test",279,0.518838226795197,0
0.05,27,"test",280,0.518532633781433,0
0.05,27,"test",281,0.513674855232239,0
0.05,27,"test",282,0.499075472354889,0
0.05,27,"test",283,0.498104304075241,0
0.05,27,"test",284,0.48981499671936,0
0.05,27,"test",285,0.480371922254562,0
0.05,27,"test",286,0.494023382663727,0
0.05,27,"test",287,0.506346821784973,0
0.05,27,"test",288,0.533749520778656,0
0.05,27,"test",289,0.535291910171509,0
0.05,27,"test",290,0.557332038879395,0
0.05,27,"test",291,0.556670188903809,0
0.05,27,"test",292,0.44202321767807,1
0.05,27,"test",293,0.510113894939423,1
0.05,27,"test",294,0.506763994693756,1
0.05,27,"test",295,0.507045030593872,0
0.05,27,"test",296,0.457434147596359,0
0.05,27,"test",297,0.475082188844681,1
0.05,27,"test",298,0.488909363746643,0
0.05,27,"test",299,0.487653493881226,0
0.05,27,"test",300,0.417071461677551,1
0.05,27,"test",301,0.434454053640366,1
0.05,27,"test",302,0.47323003411293,1
0.05,27,"test",303,0.449623078107834,0
0.05,27,"test",304,0.518838226795197,1
0.05,27,"test",305,0.521415889263153,0
0.05,98,"val",1,0.524294376373291,0
0.05,98,"val",2,0.512676656246185,1
0.05,98,"val",3,0.508257746696472,0
0.05,98,"val",4,0.478474140167236,1
0.05,98,"val",5,0.471449136734009,1
0.05,98,"val",6,0.428576171398163,1
0.05,98,"val",7,0.4206722676754,1
0.05,98,"val",8,0.49399146437645,1
0.05,98,"val",9,0.490740448236465,1
0.05,98,"val",10,0.52827525138855,1
0.05,98,"val",11,0.529102861881256,1
0.05,98,"val",12,0.522566735744476,1
0.05,98,"val",13,0.51609867811203,1
0.05,98,"val",14,0.506631016731262,1
0.05,98,"val",15,0.512622475624084,1
0.05,98,"val",16,0.479108512401581,1
0.05,98,"val",17,0.482533097267151,1
0.05,98,"val",18,0.490747511386871,1
0.05,98,"val",19,0.494211673736572,1
0.05,98,"val",20,0.516511261463165,1
0.05,98,"val",21,0.519639074802399,1
0.05,98,"val",22,0.524058938026428,1
0.05,98,"val",23,0.521959841251373,0
0.05,98,"val",24,0.472519755363464,0
0.05,98,"val",25,0.505864560604095,1
0.05,98,"val",26,0.524294376373291,0
0.05,98,"val",27,0.519838511943817,0
0.05,98,"val",28,0.508257746696472,0
0.05,98,"val",29,0.514331221580505,1
0.05,98,"val",30,0.471449136734009,1
0.05,98,"val",31,0.471046775579453,0
0.05,98,"val",32,0.4206722676754,0
0.05,98,"val",33,0.445569068193436,0
0.05,98,"val",34,0.490740448236465,0
0.05,98,"val",35,0.483561009168625,0
0.05,98,"val",36,0.529102861881256,0
0.05,98,"val",37,0.528382122516632,1
0.05,98,"val",38,0.51609867811203,1
0.05,98,"val",39,0.516867935657501,1
0.05,98,"val",40,0.512622475624084,0
0.05,98,"val",41,0.508548140525818,0
0.05,98,"val",42,0.482533097267151,0
0.05,98,"val",43,0.492417633533478,0
0.05,98,"val",44,0.494211673736572,0
0.05,98,"val",45,0.485284328460693,0
0.05,98,"val",46,0.519639074802399,0
0.05,98,"val",47,0.527486205101013,1
0.05,98,"val",48,0.521959841251373,1
0.05,98,"val",49,0.535954833030701,1
0.05,98,"val",50,0.505864560604095,1
0.05,98,"val",51,0.478401333093643,1
0.05,98,"val",52,0.519838511943817,1
0.05,98,"val",53,0.518459916114807,1
0.05,98,"val",54,0.514331221580505,1
0.05,98,"val",55,0.508443832397461,1
0.05,98,"val",56,0.471046775579453,1
0.05,98,"val",57,0.47569951415062,1
0.05,98,"val",58,0.445569068193436,1
0.05,98,"val",59,0.435578405857086,1
0.05,98,"val",60,0.483561009168625,1
0.05,98,"val",61,0.487132251262665,0
0.05,98,"val",62,0.528382122516632,1
0.05,98,"val",63,0.534458518028259,0
0.05,98,"val",64,0.516867935657501,0
0.05,98,"val",65,0.519005835056305,1
0.05,98,"val",66,0.508548140525818,1
0.05,98,"val",67,0.513098895549774,1
0.05,98,"val",68,0.492417633533478,1
0.05,98,"val",69,0.489532887935638,1
0.05,98,"val",70,0.485284328460693,1
0.05,98,"val",71,0.49151811003685,1
0.05,98,"val",72,0.527486205101013,1
0.05,98,"val",73,0.521894931793213,1
0.05,98,"val",74,0.535954833030701,1
0.05,98,"val",75,0.525486707687378,1
0.05,98,"val",76,0.478401333093643,0
0.05,98,"val",77,0.48912325501442,1
0.05,98,"val",78,0.518459916114807,1
0.05,98,"val",79,0.514960169792175,0
0.05,98,"val",80,0.508443832397461,0
0.05,98,"val",81,0.505010843276978,0
0.05,98,"val",82,0.47569951415062,1
0.05,98,"val",83,0.478908151388168,0
0.05,98,"val",84,0.435578405857086,0
0.05,98,"val",85,0.459184616804123,0
0.05,98,"val",86,0.487132251262665,1
0.05,98,"val",87,0.501521527767181,1
0.05,98,"val",88,0.534458518028259,1
0.05,98,"val",89,0.535050332546234,0
0.05,98,"val",90,0.519005835056305,0
0.05,98,"val",91,0.519038200378418,0
0.05,98,"val",92,0.513098895549774,0
0.05,98,"val",93,0.510326027870178,0
0.05,98,"val",94,0.489532887935638,0
0.05,98,"val",95,0.488792508840561,0
0.05,98,"val",96,0.49151811003685,1
0.05,98,"val",97,0.487630009651184,1
0.05,98,"val",98,0.521894931793213,1
0.05,98,"val",99,0.519019305706024,1
0.05,98,"val",100,0.525486707687378,0
0.05,98,"val",101,0.537497520446777,0
0.05,98,"val",102,0.48912325501442,0
0.05,98,"val",103,0.493491858243942,0
0.05,98,"val",104,0.514960169792175,1
0.05,98,"val",105,0.518064737319946,1
0.05,98,"val",106,0.505010843276978,1
0.05,98,"val",107,0.505645751953125,1
0.05,98,"val",108,0.478908151388168,1
0.05,98,"val",109,0.479886800050735,0
0.05,98,"val",110,0.459184616804123,0
0.05,98,"val",111,0.459631055593491,1
0.05,98,"val",112,0.501521527767181,1
0.05,98,"val",113,0.490100383758545,1
0.05,98,"val",114,0.535050332546234,0
0.05,98,"val",115,0.538633286952972,1
0.05,98,"val",116,0.519038200378418,0
0.05,98,"val",117,0.518095731735229,1
0.05,98,"val",118,0.510326027870178,1
0.05,98,"val",119,0.515142440795898,1
0.05,98,"val",120,0.488792508840561,0
0.05,98,"val",121,0.497072279453278,0
0.05,98,"val",122,0.487630009651184,0
0.05,98,"val",123,0.489621073007584,1
0.05,98,"val",124,0.519019305706024,1
0.05,98,"val",125,0.522214233875275,1
0.05,98,"val",126,0.537497520446777,1
0.05,98,"val",127,0.533436715602875,1
0.05,98,"val",128,0.493491858243942,1
0.05,98,"val",129,0.476336300373077,1
0.05,98,"val",130,0.518064737319946,1
0.05,98,"val",131,0.511058509349823,0
0.05,98,"val",132,0.505645751953125,0
0.05,98,"val",133,0.504003882408142,1
0.05,98,"val",134,0.479886800050735,1
0.05,98,"val",135,0.478906214237213,0
0.05,98,"val",136,0.459631055593491,0
0.05,98,"val",137,0.429756373167038,0
0.05,98,"val",138,0.490100383758545,0
0.05,98,"val",139,0.49015200138092,0
0.05,98,"val",140,0.538633286952972,0
0.05,98,"val",141,0.534077882766724,1
0.05,98,"val",142,0.518095731735229,1
0.05,98,"val",143,0.519423842430115,1
0.05,98,"val",144,0.515142440795898,0
0.05,98,"val",145,0.512258172035217,0
0.05,98,"val",146,0.497072279453278,0
0.05,98,"val",147,0.485837370157242,0
0.05,98,"val",148,0.489621073007584,0
0.05,98,"val",149,0.48271918296814,0
0.05,98,"val",150,0.522214233875275,0
0.05,98,"val",151,0.516469359397888,0
0.05,98,"val",152,0.533436715602875,1
0.05,98,"val",153,0.528579235076904,0
0.05,98,"val",154,0.476336300373077,1
0.05,98,"val",155,0.477394551038742,0
0.05,98,"val",156,0.511058509349823,0
0.05,98,"val",157,0.511641025543213,0
0.05,98,"val",158,0.504003882408142,0
0.05,98,"val",159,0.510357081890106,1
0.05,98,"val",160,0.478906214237213,1
0.05,98,"val",161,0.476012080907822,1
0.05,98,"val",162,0.429756373167038,1
0.05,98,"val",163,0.447649002075195,1
0.05,98,"val",164,0.49015200138092,0
0.05,98,"val",165,0.495608627796173,0
0.05,98,"val",166,0.534077882766724,0
0.05,98,"val",167,0.529866933822632,0
0.05,98,"val",168,0.519423842430115,1
0.05,98,"val",169,0.517137706279755,0
0.05,98,"val",170,0.512258172035217,0
0.05,98,"val",171,0.509151816368103,0
0.05,98,"val",172,0.485837370157242,1
0.05,98,"val",173,0.487951964139938,1
0.05,98,"val",174,0.48271918296814,1
0.05,98,"val",175,0.486656248569489,0
0.05,98,"val",176,0.516469359397888,0
0.05,98,"val",177,0.514966070652008,1
0.05,98,"val",178,0.528579235076904,0
0.05,98,"val",179,0.554931700229645,1
0.05,98,"val",180,0.477394551038742,0
0.05,98,"val",181,0.475845634937286,1
0.05,98,"val",182,0.511641025543213,1
0.05,98,"val",183,0.516533434391022,1
0.05,98,"val",184,0.510357022285461,0
0.05,98,"val",185,0.516798794269562,0
0.05,98,"val",186,0.476012080907822,0
0.05,98,"val",187,0.481642514467239,0
0.05,98,"val",188,0.447649002075195,0
0.05,98,"val",189,0.448724925518036,0
0.05,98,"val",190,0.495608627796173,0
0.05,98,"val",191,0.460445016622543,1
0.05,98,"val",192,0.529866933822632,0
0.05,98,"val",193,0.524109125137329,0
0.05,98,"val",194,0.517137706279755,0
0.05,98,"val",195,0.519073486328125,1
0.05,98,"val",196,0.509151816368103,1
0.05,98,"val",197,0.509052336215973,1
0.05,98,"val",198,0.487951964139938,1
0.05,98,"val",199,0.48979440331459,0
0.05,98,"val",200,0.486656248569489,0
0.05,98,"val",201,0.476402908563614,0
0.05,98,"val",202,0.514966070652008,0
0.05,98,"val",203,0.510785341262817,1
0.05,98,"val",204,0.554931700229645,1
0.05,98,"val",205,0.540454149246216,1
0.05,98,"val",206,0.475845634937286,0
0.05,98,"val",207,0.475348323583603,0
0.05,98,"val",208,0.516533434391022,0
0.05,98,"val",209,0.516256332397461,1
0.05,98,"val",210,0.516798794269562,1
0.05,98,"val",211,0.51742023229599,1
0.05,98,"val",212,0.481642514467239,1
0.05,98,"val",213,0.486423134803772,1
0.05,98,"val",214,0.448724925518036,1
0.05,98,"val",215,0.462228685617447,0
0.05,98,"val",216,0.460445016622543,0
0.05,98,"val",217,0.480066537857056,0
0.05,98,"val",218,0.524109125137329,0
0.05,98,"val",219,0.52424156665802,0
0.05,98,"val",220,0.519073486328125,0
0.05,98,"val",221,0.515770435333252,1
0.05,98,"val",222,0.509052336215973,1
0.05,98,"val",223,0.515134215354919,1
0.05,98,"val",224,0.48979440331459,0
0.05,98,"val",225,0.494441211223602,1
0.05,98,"val",226,0.476402908563614,1
0.05,98,"val",227,0.48688617348671,1
0.05,98,"val",228,0.510785341262817,0
0.05,98,"val",229,0.513243198394775,0
0.05,98,"val",230,0.540454149246216,0
0.05,98,"val",231,0.526553571224213,0
0.05,98,"val",232,0.475348323583603,0
0.05,98,"val",233,0.484770685434341,0
0.05,98,"val",234,0.516256332397461,0
0.05,98,"val",235,0.51880145072937,0
0.05,98,"val",236,0.51742023229599,0
0.05,98,"val",237,0.517078936100006,0
0.05,98,"val",238,0.486423134803772,1
0.05,98,"val",239,0.486662596464157,0
0.05,98,"val",240,0.462228685617447,0
0.05,98,"val",241,0.460222780704498,0
0.05,98,"val",242,0.480066537857056,0
0.05,98,"val",243,0.464810490608215,1
0.05,98,"val",244,0.52424156665802,1
0.05,98,"val",245,0.530685007572174,1
0.05,98,"val",246,0.515770435333252,0
0.05,98,"val",247,0.518138408660889,1
0.05,98,"val",248,0.515134215354919,1
0.05,98,"val",249,0.515035152435303,0
0.05,98,"val",250,0.494441211223602,1
0.05,98,"val",251,0.487197995185852,1
0.05,98,"val",252,0.48688617348671,1
0.05,98,"val",253,0.488341957330704,1
0.05,98,"val",254,0.513243198394775,0
0.05,98,"val",255,0.514237523078918,0
0.05,98,"val",256,0.526553571224213,0
0.05,98,"val",257,0.519694149494171,0
0.05,98,"val",258,0.484770685434341,1
0.05,98,"val",259,0.482489228248596,1
0.05,98,"val",260,0.51880145072937,1
0.05,98,"val",261,0.509863674640656,1
0.05,98,"val",262,0.517078936100006,1
0.05,98,"val",263,0.507022559642792,0
0.05,98,"val",264,0.486662596464157,0
0.05,98,"val",265,0.481882840394974,1
0.05,98,"val",266,0.460222780704498,1
0.05,98,"val",267,0.459213972091675,0
0.05,98,"val",268,0.464810490608215,0
0.05,98,"val",269,0.465707749128342,0
0.05,98,"val",270,0.530685007572174,1
0.05,98,"val",271,0.529756009578705,1
0.05,98,"val",272,0.518138408660889,1
0.05,98,"val",273,0.516141772270203,1
0.05,98,"val",274,0.515035152435303,0
0.05,98,"val",275,0.516233682632446,0
0.05,98,"val",276,0.487197995185852,0
0.05,98,"val",277,0.490721315145493,0
0.05,98,"val",278,0.488341957330704,1
0.05,98,"val",279,0.494740545749664,1
0.05,98,"val",280,0.514237523078918,1
0.05,98,"val",281,0.512086153030396,1
0.05,98,"val",282,0.519694149494171,1
0.05,98,"val",283,0.51739776134491,1
0.05,98,"val",284,0.482489228248596,0
0.05,98,"val",285,0.47506707906723,0
0.05,98,"val",286,0.509863674640656,0
0.05,98,"val",287,0.512210428714752,0
0.05,98,"val",288,0.507022559642792,0
0.05,98,"val",289,0.505535125732422,0
0.05,98,"val",290,0.481882840394974,0
0.05,98,"val",291,0.481070637702942,0
0.05,98,"val",292,0.459213972091675,0
0.05,98,"val",293,0.458966761827469,0
0.05,98,"val",294,0.465707749128342,1
0.05,98,"val",295,0.469406068325043,1
0.05,98,"val",296,0.529756009578705,0
0.05,98,"val",297,0.526414692401886,0
0.05,98,"val",298,0.516141772270203,0
0.05,98,"val",299,0.521811723709106,1
0.05,98,"val",300,0.516233682632446,1
0.05,98,"val",301,0.517262876033783,1
0.05,98,"val",302,0.490721315145493,0
0.05,98,"val",303,0.486575841903687,0
0.05,98,"val",304,0.494740545749664,0
0.05,98,"test",1,0.494087517261505,0
0.05,98,"test",2,0.512086153030396,0
0.05,98,"test",3,0.516144871711731,1
0.05,98,"test",4,0.51739776134491,1
0.05,98,"test",5,0.516013741493225,1
0.05,98,"test",6,0.47506707906723,1
0.05,98,"test",7,0.485426813364029,1
0.05,98,"test",8,0.512210428714752,1
0.05,98,"test",9,0.512653768062592,1
0.05,98,"test",10,0.505535125732422,1
0.05,98,"test",11,0.505387902259827,1
0.05,98,"test",12,0.481070637702942,1
0.05,98,"test",13,0.490792900323868,1
0.05,98,"test",14,0.458966761827469,1
0.05,98,"test",15,0.440105706453323,1
0.05,98,"test",16,0.469406068325043,1
0.05,98,"test",17,0.473435550928116,0
0.05,98,"test",18,0.526414692401886,0
0.05,98,"test",19,0.534799933433533,0
0.05,98,"test",20,0.521811723709106,1
0.05,98,"test",21,0.523535192012787,1
0.05,98,"test",22,0.517262876033783,1
0.05,98,"test",23,0.51676619052887,0
0.05,98,"test",24,0.486575841903687,0
0.05,98,"test",25,0.491331517696381,0
0.05,98,"test",26,0.494087517261505,1
0.05,98,"test",27,0.493636071681976,1
0.05,98,"test",28,0.516144871711731,1
0.05,98,"test",29,0.517942190170288,0
0.05,98,"test",30,0.516013741493225,0
0.05,98,"test",31,0.514252245426178,0
0.05,98,"test",32,0.485426813364029,0
0.05,98,"test",33,0.478729546070099,0
0.05,98,"test",34,0.512653768062592,1
0.05,98,"test",35,0.516383588314056,1
0.05,98,"test",36,0.505387902259827,1
0.05,98,"test",37,0.499544084072113,1
0.05,98,"test",38,0.490792900323868,1
0.05,98,"test",39,0.47503075003624,1
0.05,98,"test",40,0.440105706453323,1
0.05,98,"test",41,0.448209911584854,1
0.05,98,"test",42,0.473435550928116,0
0.05,98,"test",43,0.475838422775269,0
0.05,98,"test",44,0.534799933433533,1
0.05,98,"test",45,0.539483785629272,1
0.05,98,"test",46,0.523535192012787,1
0.05,98,"test",47,0.524360179901123,0
0.05,98,"test",48,0.51676619052887,0
0.05,98,"test",49,0.51811158657074,0
0.05,98,"test",50,0.491331517696381,0
0.05,98,"test",51,0.484788984060287,1
0.05,98,"test",52,0.493636071681976,1
0.05,98,"test",53,0.48034405708313,1
0.05,98,"test",54,0.517942190170288,1
0.05,98,"test",55,0.515886068344116,0
0.05,98,"test",56,0.514252245426178,0
0.05,98,"test",57,0.516836881637573,0
0.05,98,"test",58,0.478729546070099,0
0.05,98,"test",59,0.471001505851746,1
0.05,98,"test",60,0.516383588314056,1
0.05,98,"test",61,0.507153689861298,1
0.05,98,"test",62,0.499544084072113,0
0.05,98,"test",63,0.49873822927475,1
0.05,98,"test",64,0.475030690431595,1
0.05,98,"test",65,0.475636333227158,1
0.05,98,"test",66,0.448209911584854,1
0.05,98,"test",67,0.44326576590538,1
0.05,98,"test",68,0.475838422775269,0
0.05,98,"test",69,0.496897161006927,0
0.05,98,"test",70,0.539483785629272,0
0.05,98,"test",71,0.536094605922699,1
0.05,98,"test",72,0.524360179901123,1
0.05,98,"test",73,0.51967054605484,0
0.05,98,"test",74,0.51811158657074,0
0.05,98,"test",75,0.512889564037323,0
0.05,98,"test",76,0.484788984060287,0
0.05,98,"test",77,0.494867712259293,0
0.05,98,"test",78,0.48034405708313,1
0.05,98,"test",79,0.492211163043976,0
0.05,98,"test",80,0.515886068344116,0
0.05,98,"test",81,0.512032687664032,1
0.05,98,"test",82,0.516836881637573,1
0.05,98,"test",83,0.525473058223724,1
0.05,98,"test",84,0.471001505851746,1
0.05,98,"test",85,0.470859736204147,0
0.05,98,"test",86,0.507153689861298,0
0.05,98,"test",87,0.521099507808685,0
0.05,98,"test",88,0.49873822927475,0
0.05,98,"test",89,0.50274270772934,0
0.05,98,"test",90,0.475636333227158,0
0.05,98,"test",91,0.480957537889481,1
0.05,98,"test",92,0.44326576590538,0
0.05,98,"test",93,0.432450771331787,0
0.05,98,"test",94,0.496897161006927,0
0.05,98,"test",95,0.496147096157074,0
0.05,98,"test",96,0.536094605922699,0
0.05,98,"test",97,0.539015054702759,1
0.05,98,"test",98,0.51967054605484,1
0.05,98,"test",99,0.518624663352966,1
0.05,98,"test",100,0.512889564037323,1
0.05,98,"test",101,0.515016913414001,1
0.05,98,"test",102,0.494867712259293,0
0.05,98,"test",103,0.493101805448532,0
0.05,98,"test",104,0.492211163043976,0
0.05,98,"test",105,0.496807456016541,0
0.05,98,"test",106,0.512032687664032,0
0.05,98,"test",107,0.513397037982941,0
0.05,98,"test",108,0.525473058223724,0
0.05,98,"test",109,0.518217086791992,0
0.05,98,"test",110,0.470859736204147,1
0.05,98,"test",111,0.470894873142242,1
0.05,98,"test",112,0.521099507808685,1
0.05,98,"test",113,0.517506539821625,0
0.05,98,"test",114,0.50274270772934,1
0.05,98,"test",115,0.516355216503143,1
0.05,98,"test",116,0.480957537889481,1
0.05,98,"test",117,0.477975964546204,1
0.05,98,"test",118,0.432450771331787,1
0.05,98,"test",119,0.430014431476593,0
0.05,98,"test",120,0.496147096157074,0
0.05,98,"test",121,0.490342319011688,0
0.05,98,"test",122,0.539015054702759,1
0.05,98,"test",123,0.531665086746216,1
0.05,98,"test",124,0.518624663352966,1
0.05,98,"test",125,0.519846618175507,0
0.05,98,"test",126,0.515016913414001,0
0.05,98,"test",127,0.514552175998688,0
0.05,98,"test",128,0.493101805448532,1
0.05,98,"test",129,0.499576300382614,1
0.05,98,"test",130,0.496807456016541,1
0.05,98,"test",131,0.492340534925461,1
0.05,98,"test",132,0.513397037982941,0
0.05,98,"test",133,0.510625600814819,0
0.05,98,"test",134,0.518217086791992,0
0.05,98,"test",135,0.519794464111328,0
0.05,98,"test",136,0.470894873142242,0
0.05,98,"test",137,0.475904315710068,1
0.05,98,"test",138,0.517506539821625,1
0.05,98,"test",139,0.515465974807739,1
0.05,98,"test",140,0.516355216503143,1
0.05,98,"test",141,0.510374367237091,1
0.05,98,"test",142,0.477975964546204,1
0.05,98,"test",143,0.484541207551956,1
0.05,98,"test",144,0.430014431476593,1
0.05,98,"test",145,0.440453469753265,1
0.05,98,"test",146,0.490342319011688,1
0.05,98,"test",147,0.462559193372726,1
0.05,98,"test",148,0.531665086746216,1
0.05,98,"test",149,0.53145432472229,1
0.05,98,"test",150,0.519846618175507,1
0.05,98,"test",151,0.517700374126434,1
0.05,98,"test",152,0.514552175998688,0
0.05,98,"test",153,0.511336505413055,0
0.05,98,"test",154,0.499576300382614,1
0.05,98,"test",155,0.499736547470093,1
0.05,98,"test",156,0.492340534925461,1
0.05,98,"test",157,0.480440407991409,0
0.05,98,"test",158,0.510625600814819,0
0.05,98,"test",159,0.519440770149231,0
0.05,98,"test",160,0.519794464111328,0
0.05,98,"test",161,0.518425583839417,0
0.05,98,"test",162,0.475904315710068,0
0.05,98,"test",163,0.472552955150604,0
0.05,98,"test",164,0.515465974807739,0
0.05,98,"test",165,0.516587018966675,1
0.05,98,"test",166,0.510374367237091,1
0.05,98,"test",167,0.513510465621948,0
0.05,98,"test",168,0.484541207551956,1
0.05,98,"test",169,0.487004220485687,1
0.05,98,"test",170,0.440453469753265,1
0.05,98,"test",171,0.432211726903915,0
0.05,98,"test",172,0.462559193372726,0
0.05,98,"test",173,0.4577796459198,1
0.05,98,"test",174,0.53145432472229,1
0.05,98,"test",175,0.538008987903595,1
0.05,98,"test",176,0.517700374126434,1
0.05,98,"test",177,0.519852519035339,0
0.05,98,"test",178,0.511336505413055,0
0.05,98,"test",179,0.508820414543152,0
0.05,98,"test",180,0.499736547470093,0
0.05,98,"test",181,0.502249121665955,0
0.05,98,"test",182,0.480440407991409,0
0.05,98,"test",183,0.493630647659302,0
0.05,98,"test",184,0.519440770149231,0
0.05,98,"test",185,0.515565633773804,0
0.05,98,"test",186,0.518425583839417,1
0.05,98,"test",187,0.518151223659515,0
0.05,98,"test",188,0.472552955150604,0
0.05,98,"test",189,0.477994710206985,0
0.05,98,"test",190,0.516587018966675,0
0.05,98,"test",191,0.511320352554321,0
0.05,98,"test",192,0.513510465621948,0
0.05,98,"test",193,0.50590592622757,0
0.05,98,"test",194,0.487004220485687,0
0.05,98,"test",195,0.482816338539124,0
0.05,98,"test",196,0.432211726903915,0
0.05,98,"test",197,0.437783807516098,1
0.05,98,"test",198,0.4577796459198,1
0.05,98,"test",199,0.454987227916718,1
0.05,98,"test",200,0.538008987903595,0
0.05,98,"test",201,0.534208178520203,0
0.05,98,"test",202,0.519852519035339,1
0.05,98,"test",203,0.521918892860413,0
0.05,98,"test",204,0.508820414543152,0
0.05,98,"test",205,0.509588956832886,0
0.05,98,"test",206,0.502249121665955,1
0.05,98,"test",207,0.494353950023651,0
0.05,98,"test",208,0.493630647659302,0
0.05,98,"test",209,0.498678743839264,0
0.05,98,"test",210,0.515565633773804,0
0.05,98,"test",211,0.511717736721039,0
0.05,98,"test",212,0.518151223659515,1
0.05,98,"test",213,0.517846703529358,0
0.05,98,"test",214,0.477994710206985,1
0.05,98,"test",215,0.47762069106102,1
0.05,98,"test",216,0.511320352554321,1
0.05,98,"test",217,0.516704261302948,0
0.05,98,"test",218,0.50590592622757,0
0.05,98,"test",219,0.52249401807785,1
0.05,98,"test",220,0.482816338539124,1
0.05,98,"test",221,0.491604715585709,0
0.05,98,"test",222,0.437783807516098,1
0.05,98,"test",223,0.452634632587433,1
0.05,98,"test",224,0.454987227916718,1
0.05,98,"test",225,0.461670964956284,0
0.05,98,"test",226,0.534208178520203,0
0.05,98,"test",227,0.532547473907471,0
0.05,98,"test",228,0.521918892860413,1
0.05,98,"test",229,0.520875513553619,1
0.05,98,"test",230,0.509588956832886,0
0.05,98,"test",231,0.514322638511658,1
0.05,98,"test",232,0.494353950023651,1
0.05,98,"test",233,0.502649307250977,1
0.05,98,"test",234,0.498678743839264,1
0.05,98,"test",235,0.49279522895813,1
0.05,98,"test",236,0.511717736721039,1
0.05,98,"test",237,0.511842906475067,0
0.05,98,"test",238,0.517846703529358,0
0.05,98,"test",239,0.521659553050995,0
0.05,98,"test",240,0.47762069106102,0
0.05,98,"test",241,0.469366788864136,0
0.05,98,"test",242,0.516704261302948,0
0.05,98,"test",243,0.518683254718781,0
0.05,98,"test",244,0.52249401807785,1
0.05,98,"test",245,0.523718774318695,1
0.05,98,"test",246,0.491604715585709,1
0.05,98,"test",247,0.483898520469666,1
0.05,98,"test",248,0.452634632587433,1
0.05,98,"test",249,0.43309810757637,1
0.05,98,"test",250,0.461670964956284,1
0.05,98,"test",251,0.476639300584793,1
0.05,98,"test",252,0.532547473907471,0
0.05,98,"test",253,0.550569653511047,0
0.05,98,"test",254,0.520875513553619,0
0.05,98,"test",255,0.52198338508606,1
0.05,98,"test",256,0.514322638511658,1
0.05,98,"test",257,0.512490391731262,1
0.05,98,"test",258,0.502649307250977,1
0.05,98,"test",259,0.483011275529861,1
0.05,98,"test",260,0.49279522895813,1
0.05,98,"test",261,0.494704991579056,1
0.05,98,"test",262,0.511842906475067,0
0.05,98,"test",263,0.512990474700928,0
0.05,98,"test",264,0.521659553050995,1
0.05,98,"test",265,0.518507122993469,1
0.05,98,"test",266,0.469366788864136,1
0.05,98,"test",267,0.464789688587189,1
0.05,98,"test",268,0.518683254718781,1
0.05,98,"test",269,0.52221953868866,1
0.05,98,"test",270,0.523718774318695,1
0.05,98,"test",271,0.521212339401245,1
0.05,98,"test",272,0.483898520469666,1
0.05,98,"test",273,0.494678676128387,1
0.05,98,"test",274,0.43309810757637,1
0.05,98,"test",275,0.41257444024086,1
0.05,98,"test",276,0.476639300584793,1
0.05,98,"test",277,0.473341882228851,1
0.05,98,"test",278,0.550569653511047,0
0.05,98,"test",279,0.553098917007446,0
0.05,98,"test",280,0.52198338508606,0
0.05,98,"test",281,0.519097328186035,0
0.05,98,"test",282,0.512490391731262,0
0.05,98,"test",283,0.513161718845367,0
0.05,98,"test",284,0.483011275529861,0
0.05,98,"test",285,0.492614299058914,0
0.05,98,"test",286,0.494704991579056,0
0.05,98,"test",287,0.486259132623672,0
0.05,98,"test",288,0.512990474700928,0
0.05,98,"test",289,0.510144293308258,0
0.05,98,"test",290,0.518507122993469,0
0.05,98,"test",291,0.518766045570374,0
0.05,98,"test",292,0.464789688587189,1
0.05,98,"test",293,0.471673101186752,1
0.05,98,"test",294,0.52221953868866,1
0.05,98,"test",295,0.519507944583893,0
0.05,98,"test",296,0.521212339401245,0
0.05,98,"test",297,0.512768566608429,1
0.05,98,"test",298,0.494678676128387,0
0.05,98,"test",299,0.491006463766098,0
0.05,98,"test",300,0.41257444024086,1
0.05,98,"test",301,0.433900654315948,1
0.05,98,"test",302,0.473341882228851,1
0.05,98,"test",303,0.443000197410583,0
0.05,98,"test",304,0.553098917007446,1
0.05,98,"test",305,0.546585440635681,0
0.05,41,"val",1,0.470561802387238,0
0.05,41,"val",2,0.480352729558945,1
0.05,41,"val",3,0.486043572425842,0
0.05,41,"val",4,0.480098724365234,1
0.05,41,"val",5,0.46833598613739,1
0.05,41,"val",6,0.392228901386261,1
0.05,41,"val",7,0.380737900733948,1
0.05,41,"val",8,0.496417999267578,1
0.05,41,"val",9,0.497443437576294,1
0.05,41,"val",10,0.497583031654358,1
0.05,41,"val",11,0.512030422687531,1
0.05,41,"val",12,0.514878988265991,1
0.05,41,"val",13,0.506137609481812,1
0.05,41,"val",14,0.497351974248886,1
0.05,41,"val",15,0.505616784095764,1
0.05,41,"val",16,0.504787087440491,1
0.05,41,"val",17,0.509253740310669,1
0.05,41,"val",18,0.491789817810059,1
0.05,41,"val",19,0.46248397231102,1
0.05,41,"val",20,0.529901921749115,1
0.05,41,"val",21,0.526419103145599,1
0.05,41,"val",22,0.561341941356659,1
0.05,41,"val",23,0.546985626220703,0
0.05,41,"val",24,0.488412708044052,0
0.05,41,"val",25,0.506832718849182,1
0.05,41,"val",26,0.470561802387238,0
0.05,41,"val",27,0.502319812774658,0
0.05,41,"val",28,0.486043572425842,0
0.05,41,"val",29,0.479345202445984,1
0.05,41,"val",30,0.46833598613739,1
0.05,41,"val",31,0.468621581792831,0
0.05,41,"val",32,0.380737900733948,0
0.05,41,"val",33,0.416639655828476,0
0.05,41,"val",34,0.497443437576294,0
0.05,41,"val",35,0.489534229040146,0
0.05,41,"val",36,0.512030422687531,0
0.05,41,"val",37,0.501753568649292,1
0.05,41,"val",38,0.506137609481812,1
0.05,41,"val",39,0.513459146022797,1
0.05,41,"val",40,0.505616784095764,0
0.05,41,"val",41,0.499658018350601,0
0.05,41,"val",42,0.509253740310669,0
0.05,41,"val",43,0.506822109222412,0
0.05,41,"val",44,0.46248397231102,0
0.05,41,"val",45,0.458902090787888,0
0.05,41,"val",46,0.526419103145599,0
0.05,41,"val",47,0.523153781890869,1
0.05,41,"val",48,0.546985626220703,1
0.05,41,"val",49,0.554689466953278,1
0.05,41,"val",50,0.506832718849182,1
0.05,41,"val",51,0.496553629636765,1
0.05,41,"val",52,0.502319812774658,1
0.05,41,"val",53,0.506945371627808,1
0.05,41,"val",54,0.479345202445984,1
0.05,41,"val",55,0.487845480442047,1
0.05,41,"val",56,0.468621581792831,1
0.05,41,"val",57,0.475220292806625,1
0.05,41,"val",58,0.416639655828476,1
0.05,41,"val",59,0.403236597776413,1
0.05,41,"val",60,0.489534229040146,1
0.05,41,"val",61,0.489710986614227,0
0.05,41,"val",62,0.501753568649292,1
0.05,41,"val",63,0.502671718597412,0
0.05,41,"val",64,0.513459146022797,0
0.05,41,"val",65,0.51077139377594,1
0.05,41,"val",66,0.499658018350601,1
0.05,41,"val",67,0.50573855638504,1
0.05,41,"val",68,0.506822109222412,1
0.05,41,"val",69,0.507842242717743,1
0.05,41,"val",70,0.458902090787888,1
0.05,41,"val",71,0.476988762617111,1
0.05,41,"val",72,0.523153781890869,1
0.05,41,"val",73,0.536538898944855,1
0.05,41,"val",74,0.554689466953278,1
0.05,41,"val",75,0.552500665187836,1
0.05,41,"val",76,0.496553629636765,0
0.05,41,"val",77,0.508532822132111,1
0.05,41,"val",78,0.506945371627808,1
0.05,41,"val",79,0.523666441440582,0
0.05,41,"val",80,0.487845480442047,0
0.05,41,"val",81,0.487279385328293,0
0.05,41,"val",82,0.475220292806625,1
0.05,41,"val",83,0.478607267141342,0
0.05,41,"val",84,0.403236597776413,0
0.05,41,"val",85,0.436213284730911,0
0.05,41,"val",86,0.489710986614227,1
0.05,41,"val",87,0.505420088768005,1
0.05,41,"val",88,0.502671718597412,1
0.05,41,"val",89,0.512969195842743,0
0.05,41,"val",90,0.51077139377594,0
0.05,41,"val",91,0.508361041545868,0
0.05,41,"val",92,0.50573855638504,0
0.05,41,"val",93,0.502295076847076,0
0.05,41,"val",94,0.507842242717743,0
0.05,41,"val",95,0.504079818725586,0
0.05,41,"val",96,0.476988762617111,1
0.05,41,"val",97,0.462552040815353,1
0.05,41,"val",98,0.536538898944855,1
0.05,41,"val",99,0.518794775009155,1
0.05,41,"val",100,0.552500665187836,0
0.05,41,"val",101,0.591841995716095,0
0.05,41,"val",102,0.508532822132111,0
0.05,41,"val",103,0.513162076473236,0
0.05,41,"val",104,0.523666441440582,1
0.05,41,"val",105,0.50616991519928,1
0.05,41,"val",106,0.487279385328293,1
0.05,41,"val",107,0.488757342100143,1
0.05,41,"val",108,0.478607267141342,1
0.05,41,"val",109,0.480998158454895,0
0.05,41,"val",110,0.436213284730911,0
0.05,41,"val",111,0.436137795448303,1
0.05,41,"val",112,0.505420088768005,1
0.05,41,"val",113,0.488042831420898,1
0.05,41,"val",114,0.512969195842743,0
0.05,41,"val",115,0.523630321025848,1
0.05,41,"val",116,0.508361041545868,0
0.05,41,"val",117,0.505489945411682,1
0.05,41,"val",118,0.502295076847076,1
0.05,41,"val",119,0.510459423065186,1
0.05,41,"val",120,0.504079818725586,0
0.05,41,"val",121,0.501354932785034,0
0.05,41,"val",122,0.462552040815353,0
0.05,41,"val",123,0.472294002771378,1
0.05,41,"val",124,0.518794775009155,1
0.05,41,"val",125,0.524119138717651,1
0.05,41,"val",126,0.591841995716095,1
0.05,41,"val",127,0.581873416900635,1
0.05,41,"val",128,0.513162076473236,1
0.05,41,"val",129,0.491847097873688,1
0.05,41,"val",130,0.50616991519928,1
0.05,41,"val",131,0.511172831058502,0
0.05,41,"val",132,0.488757342100143,0
0.05,41,"val",133,0.489864706993103,1
0.05,41,"val",134,0.480998158454895,1
0.05,41,"val",135,0.478260695934296,0
0.05,41,"val",136,0.436137795448303,0
0.05,41,"val",137,0.393885880708694,0
0.05,41,"val",138,0.488042831420898,0
0.05,41,"val",139,0.492475360631943,0
0.05,41,"val",140,0.523630321025848,0
0.05,41,"val",141,0.510475814342499,1
0.05,41,"val",142,0.505489945411682,1
0.05,41,"val",143,0.512014091014862,1
0.05,41,"val",144,0.510459423065186,0
0.05,41,"val",145,0.505268335342407,0
0.05,41,"val",146,0.501354932785034,0
0.05,41,"val",147,0.498444437980652,0
0.05,41,"val",148,0.472294002771378,0
0.05,41,"val",149,0.472303211688995,0
0.05,41,"val",150,0.524119138717651,0
0.05,41,"val",151,0.522903800010681,0
0.05,41,"val",152,0.581873416900635,1
0.05,41,"val",153,0.575364470481873,0
0.05,41,"val",154,0.491847097873688,1
0.05,41,"val",155,0.449689537286758,0
0.05,41,"val",156,0.511172831058502,0
0.05,41,"val",157,0.512680351734161,0
0.05,41,"val",158,0.489864706993103,0
0.05,41,"val",159,0.483062833547592,1
0.05,41,"val",160,0.478260695934296,1
0.05,41,"val",161,0.476326167583466,1
0.05,41,"val",162,0.393885880708694,1
0.05,41,"val",163,0.420204758644104,1
0.05,41,"val",164,0.492475360631943,0
0.05,41,"val",165,0.494720637798309,0
0.05,41,"val",166,0.510475814342499,0
0.05,41,"val",167,0.487287104129791,0
0.05,41,"val",168,0.512014091014862,1
0.05,41,"val",169,0.512157142162323,0
0.05,41,"val",170,0.505268335342407,0
0.05,41,"val",171,0.501214385032654,0
0.05,41,"val",172,0.498444437980652,1
0.05,41,"val",173,0.495706647634506,1
0.05,41,"val",174,0.472303211688995,1
0.05,41,"val",175,0.426625043153763,0
0.05,41,"val",176,0.522903800010681,0
0.05,41,"val",177,0.536972880363464,1
0.05,41,"val",178,0.575364470481873,0
0.05,41,"val",179,0.597003817558289,1
0.05,41,"val",180,0.449689537286758,0
0.05,41,"val",181,0.469318687915802,1
0.05,41,"val",182,0.512680351734161,1
0.05,41,"val",183,0.503718137741089,1
0.05,41,"val",184,0.483062833547592,0
0.05,41,"val",185,0.477471590042114,0
0.05,41,"val",186,0.476326167583466,0
0.05,41,"val",187,0.482696712017059,0
0.05,41,"val",188,0.420204758644104,0
0.05,41,"val",189,0.420954972505569,0
0.05,41,"val",190,0.494720637798309,0
0.05,41,"val",191,0.459181219339371,1
0.05,41,"val",192,0.487287104129791,0
0.05,41,"val",193,0.497400283813477,0
0.05,41,"val",194,0.512157142162323,0
0.05,41,"val",195,0.510843515396118,1
0.05,41,"val",196,0.501214385032654,1
0.05,41,"val",197,0.501072764396667,1
0.05,41,"val",198,0.495706647634506,1
0.05,41,"val",199,0.493613243103027,0
0.05,41,"val",200,0.426625043153763,0
0.05,41,"val",201,0.46430104970932,0
0.05,41,"val",202,0.536972880363464,0
0.05,41,"val",203,0.520295023918152,1
0.05,41,"val",204,0.597003817558289,1
0.05,41,"val",205,0.576812565326691,1
0.05,41,"val",206,0.469318687915802,0
0.05,41,"val",207,0.470190137624741,0
0.05,41,"val",208,0.503718137741089,0
0.05,41,"val",209,0.49910295009613,1
0.05,41,"val",210,0.477471590042114,1
0.05,41,"val",211,0.47628727555275,1
0.05,41,"val",212,0.482696712017059,1
0.05,41,"val",213,0.485558748245239,1
0.05,41,"val",214,0.420954972505569,1
0.05,41,"val",215,0.440729141235352,0
0.05,41,"val",216,0.459181278944016,0
0.05,41,"val",217,0.484756678342819,0
0.05,41,"val",218,0.497400283813477,0
0.05,41,"val",219,0.491843819618225,0
0.05,41,"val",220,0.510843515396118,0
0.05,41,"val",221,0.509805798530579,1
0.05,41,"val",222,0.501072764396667,1
0.05,41,"val",223,0.507372736930847,1
0.05,41,"val",224,0.493613243103027,0
0.05,41,"val",225,0.498089790344238,1
0.05,41,"val",226,0.46430104970932,1
0.05,41,"val",227,0.468536227941513,1
0.05,41,"val",228,0.520295023918152,0
0.05,41,"val",229,0.519967079162598,0
0.05,41,"val",230,0.576812565326691,0
0.05,41,"val",231,0.554839193820953,0
0.05,41,"val",232,0.470190137624741,0
0.05,41,"val",233,0.504925191402435,0
0.05,41,"val",234,0.49910295009613,0
0.05,41,"val",235,0.506062805652618,0
0.05,41,"val",236,0.47628727555275,0
0.05,41,"val",237,0.475969284772873,0
0.05,41,"val",238,0.485558748245239,1
0.05,41,"val",239,0.48742339015007,0
0.05,41,"val",240,0.440729141235352,0
0.05,41,"val",241,0.437093317508698,0
0.05,41,"val",242,0.484756678342819,0
0.05,41,"val",243,0.466607362031937,1
0.05,41,"val",244,0.491843819618225,1
0.05,41,"val",245,0.500867009162903,1
0.05,41,"val",246,0.509805798530579,0
0.05,41,"val",247,0.508784890174866,1
0.05,41,"val",248,0.507372736930847,1
0.05,41,"val",249,0.508000254631042,0
0.05,41,"val",250,0.498089790344238,1
0.05,41,"val",251,0.474398881196976,1
0.05,41,"val",252,0.468536227941513,1
0.05,41,"val",253,0.471235513687134,1
0.05,41,"val",254,0.519967079162598,0
0.05,41,"val",255,0.494626641273499,0
0.05,41,"val",256,0.554839193820953,0
0.05,41,"val",257,0.547276437282562,0
0.05,41,"val",258,0.504925191402435,1
0.05,41,"val",259,0.463938981294632,1
0.05,41,"val",260,0.506062805652618,1
0.05,41,"val",261,0.527439475059509,1
0.05,41,"val",262,0.475969284772873,1
0.05,41,"val",263,0.486288517713547,0
0.05,41,"val",264,0.48742339015007,0
0.05,41,"val",265,0.481988161802292,1
0.05,41,"val",266,0.437093317508698,1
0.05,41,"val",267,0.436309695243835,0
0.05,41,"val",268,0.466607362031937,0
0.05,41,"val",269,0.462621420621872,0
0.05,41,"val",270,0.500867009162903,1
0.05,41,"val",271,0.492771595716476,1
0.05,41,"val",272,0.508784890174866,1
0.05,41,"val",273,0.508098244667053,1
0.05,41,"val",274,0.508000254631042,0
0.05,41,"val",275,0.508904814720154,0
0.05,41,"val",276,0.474398881196976,0
0.05,41,"val",277,0.480911523103714,0
0.05,41,"val",278,0.471235513687134,1
0.05,41,"val",279,0.457009047269821,1
0.05,41,"val",280,0.494626641273499,1
0.05,41,"val",281,0.502895474433899,1
0.05,41,"val",282,0.547276437282562,1
0.05,41,"val",283,0.539813041687012,1
0.05,41,"val",284,0.463938981294632,0
0.05,41,"val",285,0.500835657119751,0
0.05,41,"val",286,0.527439475059509,0
0.05,41,"val",287,0.511046171188354,0
0.05,41,"val",288,0.486288547515869,0
0.05,41,"val",289,0.487349808216095,0
0.05,41,"val",290,0.481988161802292,0
0.05,41,"val",291,0.480856388807297,0
0.05,41,"val",292,0.436309695243835,0
0.05,41,"val",293,0.43604564666748,0
0.05,41,"val",294,0.462621420621872,1
0.05,41,"val",295,0.46340537071228,1
0.05,41,"val",296,0.492771595716476,0
0.05,41,"val",297,0.480407387018204,0
0.05,41,"val",298,0.508098244667053,0
0.05,41,"val",299,0.509572088718414,1
0.05,41,"val",300,0.508904814720154,1
0.05,41,"val",301,0.512034118175507,1
0.05,41,"val",302,0.480911523103714,0
0.05,41,"val",303,0.482463032007217,0
0.05,41,"val",304,0.457009047269821,0
0.05,41,"test",1,0.454649478197098,0
0.05,41,"test",2,0.502895474433899,0
0.05,41,"test",3,0.501565217971802,1
0.05,41,"test",4,0.539813041687012,1
0.05,41,"test",5,0.531915724277496,1
0.05,41,"test",6,0.500835657119751,1
0.05,41,"test",7,0.497762382030487,1
0.05,41,"test",8,0.511046171188354,1
0.05,41,"test",9,0.518193423748016,1
0.05,41,"test",10,0.487349808216095,1
0.05,41,"test",11,0.487145662307739,1
0.05,41,"test",12,0.480856388807297,1
0.05,41,"test",13,0.490535795688629,1
0.05,41,"test",14,0.43604564666748,1
0.05,41,"test",15,0.40871000289917,1
0.05,41,"test",16,0.46340537071228,1
0.05,41,"test",17,0.465980857610703,0
0.05,41,"test",18,0.480407387018204,0
0.05,41,"test",19,0.516736447811127,0
0.05,41,"test",20,0.509572088718414,1
0.05,41,"test",21,0.512034177780151,1
0.05,41,"test",22,0.512034118175507,1
0.05,41,"test",23,0.508737087249756,0
0.05,41,"test",24,0.482463032007217,0
0.05,41,"test",25,0.497364103794098,0
0.05,41,"test",26,0.454649478197098,1
0.05,41,"test",27,0.497618019580841,1
0.05,41,"test",28,0.501565217971802,1
0.05,41,"test",29,0.506768465042114,0
0.05,41,"test",30,0.531915724277496,0
0.05,41,"test",31,0.529071748256683,0
0.05,41,"test",32,0.497762382030487,0
0.05,41,"test",33,0.498140275478363,0
0.05,41,"test",34,0.518193423748016,1
0.05,41,"test",35,0.501707017421722,1
0.05,41,"test",36,0.487145662307739,1
0.05,41,"test",37,0.493001341819763,1
0.05,41,"test",38,0.490535795688629,1
0.05,41,"test",39,0.473237007856369,1
0.05,41,"test",40,0.40871000289917,1
0.05,41,"test",41,0.420294463634491,1
0.05,41,"test",42,0.465980857610703,0
0.05,41,"test",43,0.475107252597809,0
0.05,41,"test",44,0.516736447811127,1
0.05,41,"test",45,0.520879805088043,1
0.05,41,"test",46,0.512034177780151,1
0.05,41,"test",47,0.515106976032257,0
0.05,41,"test",48,0.508737087249756,0
0.05,41,"test",49,0.508825123310089,0
0.05,41,"test",50,0.497364103794098,0
0.05,41,"test",51,0.482723653316498,1
0.05,41,"test",52,0.497618019580841,1
0.05,41,"test",53,0.475273936986923,1
0.05,41,"test",54,0.506768465042114,1
0.05,41,"test",55,0.518377304077148,0
0.05,41,"test",56,0.529071748256683,0
0.05,41,"test",57,0.537667453289032,0
0.05,41,"test",58,0.498140275478363,0
0.05,41,"test",59,0.494704931974411,1
0.05,41,"test",60,0.501707017421722,1
0.05,41,"test",61,0.51634556055069,1
0.05,41,"test",62,0.493001341819763,0
0.05,41,"test",63,0.494548916816711,1
0.05,41,"test",64,0.473236978054047,1
0.05,41,"test",65,0.473262816667557,1
0.05,41,"test",66,0.420294463634491,1
0.05,41,"test",67,0.413142383098602,1
0.05,41,"test",68,0.475107252597809,0
0.05,41,"test",69,0.498485267162323,0
0.05,41,"test",70,0.520879805088043,0
0.05,41,"test",71,0.517371356487274,1
0.05,41,"test",72,0.515106976032257,1
0.05,41,"test",73,0.511886835098267,0
0.05,41,"test",74,0.508825123310089,0
0.05,41,"test",75,0.505581617355347,0
0.05,41,"test",76,0.482723653316498,0
0.05,41,"test",77,0.495068430900574,0
0.05,41,"test",78,0.475273936986923,1
0.05,41,"test",79,0.462658524513245,0
0.05,41,"test",80,0.518377304077148,0
0.05,41,"test",81,0.526102125644684,1
0.05,41,"test",82,0.537667453289032,1
0.05,41,"test",83,0.563308596611023,1
0.05,41,"test",84,0.494704931974411,1
0.05,41,"test",85,0.489190012216568,0
0.05,41,"test",86,0.51634556055069,0
0.05,41,"test",87,0.495797216892242,0
0.05,41,"test",88,0.494548916816711,0
0.05,41,"test",89,0.489882946014404,0
0.05,41,"test",90,0.473262816667557,0
0.05,41,"test",91,0.479899764060974,1
0.05,41,"test",92,0.413142383098602,0
0.05,41,"test",93,0.398296743631363,0
0.05,41,"test",94,0.498485267162323,0
0.05,41,"test",95,0.495356023311615,0
0.05,41,"test",96,0.517371356487274,0
0.05,41,"test",97,0.499727129936218,1
0.05,41,"test",98,0.511886835098267,1
0.05,41,"test",99,0.508147418498993,1
0.05,41,"test",100,0.505581617355347,1
0.05,41,"test",101,0.507588148117065,1
0.05,41,"test",102,0.495068430900574,0
0.05,41,"test",103,0.487827718257904,0
0.05,41,"test",104,0.462658524513245,0
0.05,41,"test",105,0.433644264936447,0
0.05,41,"test",106,0.526102125644684,0
0.05,41,"test",107,0.538647949695587,0
0.05,41,"test",108,0.563308596611023,0
0.05,41,"test",109,0.542201042175293,0
0.05,41,"test",110,0.489190012216568,1
0.05,41,"test",111,0.494272530078888,1
0.05,41,"test",112,0.495797216892242,1
0.05,41,"test",113,0.498783469200134,0
0.05,41,"test",114,0.489882946014404,1
0.05,41,"test",115,0.476528316736221,1
0.05,41,"test",116,0.479899764060974,1
0.05,41,"test",117,0.477905750274658,1
0.05,41,"test",118,0.398296743631363,1
0.05,41,"test",119,0.394805431365967,0
0.05,41,"test",120,0.495356023311615,0
0.05,41,"test",121,0.489990830421448,0
0.05,41,"test",122,0.499727129936218,1
0.05,41,"test",123,0.50085186958313,1
0.05,41,"test",124,0.508147418498993,1
0.05,41,"test",125,0.511228024959564,0
0.05,41,"test",126,0.507588148117065,0
0.05,41,"test",127,0.507025241851807,0
0.05,41,"test",128,0.487827718257904,1
0.05,41,"test",129,0.491335690021515,1
0.05,41,"test",130,0.433644264936447,1
0.05,41,"test",131,0.416011929512024,1
0.05,41,"test",132,0.538647949695587,0
0.05,41,"test",133,0.515259742736816,0
0.05,41,"test",134,0.542201042175293,0
0.05,41,"test",135,0.547073841094971,0
0.05,41,"test",136,0.494272530078888,0
0.05,41,"test",137,0.46406352519989,1
0.05,41,"test",138,0.498783469200134,1
0.05,41,"test",139,0.504854083061218,1
0.05,41,"test",140,0.476528316736221,1
0.05,41,"test",141,0.486180335283279,1
0.05,41,"test",142,0.477905750274658,1
0.05,41,"test",143,0.485223680734634,1
0.05,41,"test",144,0.394805431365967,1
0.05,41,"test",145,0.409476727247238,1
0.05,41,"test",146,0.489990830421448,1
0.05,41,"test",147,0.459319055080414,1
0.05,41,"test",148,0.50085186958313,1
0.05,41,"test",149,0.499320685863495,1
0.05,41,"test",150,0.511228024959564,1
0.05,41,"test",151,0.509160816669464,1
0.05,41,"test",152,0.507025241851807,0
0.05,41,"test",153,0.503910303115845,0
0.05,41,"test",154,0.491335690021515,1
0.05,41,"test",155,0.497011363506317,1
0.05,41,"test",156,0.416011929512024,1
0.05,41,"test",157,0.418287575244904,0
0.05,41,"test",158,0.515259742736816,0
0.05,41,"test",159,0.58440101146698,0
0.05,41,"test",160,0.547073841094971,0
0.05,41,"test",161,0.543138980865479,0
0.05,41,"test",162,0.46406352519989,0
0.05,41,"test",163,0.492893487215042,0
0.05,41,"test",164,0.504854083061218,0
0.05,41,"test",165,0.506685376167297,1
0.05,41,"test",166,0.486180335283279,1
0.05,41,"test",167,0.48385563492775,0
0.05,41,"test",168,0.485223680734634,1
0.05,41,"test",169,0.491692215204239,1
0.05,41,"test",170,0.409476727247238,1
0.05,41,"test",171,0.39782777428627,0
0.05,41,"test",172,0.459319055080414,0
0.05,41,"test",173,0.457414925098419,1
0.05,41,"test",174,0.499320685863495,1
0.05,41,"test",175,0.525047421455383,1
0.05,41,"test",176,0.509160816669464,1
0.05,41,"test",177,0.508329629898071,0
0.05,41,"test",178,0.503910303115845,0
0.05,41,"test",179,0.50037682056427,0
0.05,41,"test",180,0.497011363506317,0
0.05,41,"test",181,0.503906071186066,0
0.05,41,"test",182,0.418287575244904,0
0.05,41,"test",183,0.425217688083649,0
0.05,41,"test",184,0.58440101146698,0
0.05,41,"test",185,0.54265171289444,0
0.05,41,"test",186,0.543138980865479,1
0.05,41,"test",187,0.542048215866089,0
0.05,41,"test",188,0.492893487215042,0
0.05,41,"test",189,0.503676295280457,0
0.05,41,"test",190,0.506685376167297,0
0.05,41,"test",191,0.511371314525604,0
0.05,41,"test",192,0.48385563492775,0
0.05,41,"test",193,0.487851232290268,0
0.05,41,"test",194,0.491692215204239,0
0.05,41,"test",195,0.486317068338394,0
0.05,41,"test",196,0.39782777428627,0
0.05,41,"test",197,0.40602919459343,1
0.05,41,"test",198,0.457414925098419,1
0.05,41,"test",199,0.450485467910767,1
0.05,41,"test",200,0.525047421455383,0
0.05,41,"test",201,0.511436939239502,0
0.05,41,"test",202,0.508329629898071,1
0.05,41,"test",203,0.506290197372437,0
0.05,41,"test",204,0.50037682056427,0
0.05,41,"test",205,0.50169849395752,0
0.05,41,"test",206,0.503906071186066,1
0.05,41,"test",207,0.473625212907791,0
0.05,41,"test",208,0.425217688083649,0
0.05,41,"test",209,0.4266117811203,0
0.05,41,"test",210,0.54265171289444,0
0.05,41,"test",211,0.53937304019928,0
0.05,41,"test",212,0.542048215866089,1
0.05,41,"test",213,0.539829432964325,0
0.05,41,"test",214,0.503676295280457,1
0.05,41,"test",215,0.505224585533142,1
0.05,41,"test",216,0.511371314525604,1
0.05,41,"test",217,0.485931098461151,0
0.05,41,"test",218,0.487851232290268,0
0.05,41,"test",219,0.474510967731476,1
0.05,41,"test",220,0.486317068338394,1
0.05,41,"test",221,0.494041830301285,0
0.05,41,"test",222,0.40602919459343,1
0.05,41,"test",223,0.426333248615265,1
0.05,41,"test",224,0.450485467910767,1
0.05,41,"test",225,0.458088636398315,0
0.05,41,"test",226,0.511436939239502,0
0.05,41,"test",227,0.509538292884827,0
0.05,41,"test",228,0.506290197372437,1
0.05,41,"test",229,0.51765376329422,1
0.05,41,"test",230,0.50169849395752,0
0.05,41,"test",231,0.506801187992096,1
0.05,41,"test",232,0.473625212907791,1
0.05,41,"test",233,0.482927829027176,1
0.05,41,"test",234,0.4266117811203,1
0.05,41,"test",235,0.454651385545731,1
0.05,41,"test",236,0.53937304019928,1
0.05,41,"test",237,0.539554953575134,0
0.05,41,"test",238,0.539829432964325,0
0.05,41,"test",239,0.552306175231934,0
0.05,41,"test",240,0.505224585533142,0
0.05,41,"test",241,0.478814959526062,0
0.05,41,"test",242,0.485931098461151,0
0.05,41,"test",243,0.467940837144852,0
0.05,41,"test",244,0.474510967731476,1
0.05,41,"test",245,0.472548723220825,1
0.05,41,"test",246,0.494041830301285,1
0.05,41,"test",247,0.487730503082275,1
0.05,41,"test",248,0.426333248615265,1
0.05,41,"test",249,0.398926466703415,1
0.05,41,"test",250,0.458088636398315,1
0.05,41,"test",251,0.474935859441757,1
0.05,41,"test",252,0.509538292884827,0
0.05,41,"test",253,0.515838861465454,0
0.05,41,"test",254,0.51765376329422,0
0.05,41,"test",255,0.507066905498505,1
0.05,41,"test",256,0.506801187992096,1
0.05,41,"test",257,0.505996704101562,1
0.05,41,"test",258,0.482927829027176,1
0.05,41,"test",259,0.493949443101883,1
0.05,41,"test",260,0.454651385545731,1
0.05,41,"test",261,0.450373142957687,1
0.05,41,"test",262,0.539554953575134,0
0.05,41,"test",263,0.550681114196777,0
0.05,41,"test",264,0.552306175231934,1
0.05,41,"test",265,0.5433669090271,1
0.05,41,"test",266,0.478814959526062,1
0.05,41,"test",267,0.471288770437241,1
0.05,41,"test",268,0.467940837144852,1
0.05,41,"test",269,0.487565398216248,1
0.05,41,"test",270,0.472548723220825,1
0.05,41,"test",271,0.471385926008224,1
0.05,41,"test",272,0.487730503082275,1
0.05,41,"test",273,0.498575627803802,1
0.05,41,"test",274,0.398926466703415,1
0.05,41,"test",275,0.371462494134903,1
0.05,41,"test",276,0.474935859441757,1
0.05,41,"test",277,0.476741999387741,1
0.05,41,"test",278,0.515838861465454,0
0.05,41,"test",279,0.526878595352173,0
0.05,41,"test",280,0.507066905498505,0
0.05,41,"test",281,0.505453944206238,0
0.05,41,"test",282,0.505996704101562,0
0.05,41,"test",283,0.505855202674866,0
0.05,41,"test",284,0.493949443101883,0
0.05,41,"test",285,0.485013902187347,0
0.05,41,"test",286,0.450373142957687,0
0.05,41,"test",287,0.468475610017776,0
0.05,41,"test",288,0.550681114196777,0
0.05,41,"test",289,0.548035740852356,0
0.05,41,"test",290,0.5433669090271,0
0.05,41,"test",291,0.54389488697052,0
0.05,41,"test",292,0.471288770437241,1
0.05,41,"test",293,0.503741025924683,1
0.05,41,"test",294,0.487565398216248,1
0.05,41,"test",295,0.495519697666168,0
0.05,41,"test",296,0.471385926008224,0
0.05,41,"test",297,0.483228534460068,1
0.05,41,"test",298,0.498575627803802,0
0.05,41,"test",299,0.492869436740875,0
0.05,41,"test",300,0.371462494134903,1
0.05,41,"test",301,0.399991244077682,1
0.05,41,"test",302,0.476741999387741,1
0.05,41,"test",303,0.451343476772308,0
0.05,41,"test",304,0.526878595352173,1
0.05,41,"test",305,0.545600295066833,0
0.05,64,"val",1,0.484409630298615,0
0.05,64,"val",2,0.482618689537048,1
0.05,64,"val",3,0.493063449859619,0
0.05,64,"val",4,0.474198907613754,1
0.05,64,"val",5,0.453309118747711,1
0.05,64,"val",6,0.392913997173309,1
0.05,64,"val",7,0.393863528966904,1
0.05,64,"val",8,0.499340176582336,1
0.05,64,"val",9,0.500286936759949,1
0.05,64,"val",10,0.508877694606781,1
0.05,64,"val",11,0.519712507724762,1
0.05,64,"val",12,0.529593706130981,1
0.05,64,"val",13,0.516599059104919,1
0.05,64,"val",14,0.500509738922119,1
0.05,64,"val",15,0.505652546882629,1
0.05,64,"val",16,0.507407665252686,1
0.05,64,"val",17,0.514635026454926,1
0.05,64,"val",18,0.500974476337433,1
0.05,64,"val",19,0.48724091053009,1
0.05,64,"val",20,0.516899824142456,1
0.05,64,"val",21,0.515059053897858,1
0.05,64,"val",22,0.544606566429138,1
0.05,64,"val",23,0.560890138149261,0
0.05,64,"val",24,0.566219508647919,0
0.05,64,"val",25,0.51386946439743,1
0.05,64,"val",26,0.484409630298615,0
0.05,64,"val",27,0.500441908836365,0
0.05,64,"val",28,0.493063449859619,0
0.05,64,"val",29,0.483128309249878,1
0.05,64,"val",30,0.453309118747711,1
0.05,64,"val",31,0.454119384288788,0
0.05,64,"val",32,0.393863528966904,0
0.05,64,"val",33,0.417266726493835,0
0.05,64,"val",34,0.500286936759949,0
0.05,64,"val",35,0.488930284976959,0
0.05,64,"val",36,0.519712507724762,0
0.05,64,"val",37,0.511913895606995,1
0.05,64,"val",38,0.516599059104919,1
0.05,64,"val",39,0.521169364452362,1
0.05,64,"val",40,0.505652546882629,0
0.05,64,"val",41,0.500354766845703,0
0.05,64,"val",42,0.514635026454926,0
0.05,64,"val",43,0.513502597808838,0
0.05,64,"val",44,0.48724091053009,0
0.05,64,"val",45,0.484103441238403,0
0.05,64,"val",46,0.515059053897858,0
0.05,64,"val",47,0.512987196445465,1
0.05,64,"val",48,0.560890138149261,1
0.05,64,"val",49,0.582552790641785,1
0.05,64,"val",50,0.51386946439743,1
0.05,64,"val",51,0.549231886863708,1
0.05,64,"val",52,0.500441908836365,1
0.05,64,"val",53,0.50304651260376,1
0.05,64,"val",54,0.483128309249878,1
0.05,64,"val",55,0.475359201431274,1
0.05,64,"val",56,0.454119384288788,1
0.05,64,"val",57,0.466204851865768,1
0.05,64,"val",58,0.417266726493835,1
0.05,64,"val",59,0.414211750030518,1
0.05,64,"val",60,0.488930284976959,1
0.05,64,"val",61,0.490819305181503,0
0.05,64,"val",62,0.511913895606995,1
0.05,64,"val",63,0.514125406742096,0
0.05,64,"val",64,0.521169364452362,0
0.05,64,"val",65,0.522328853607178,1
0.05,64,"val",66,0.500354766845703,1
0.05,64,"val",67,0.505007922649384,1
0.05,64,"val",68,0.513502597808838,1
0.05,64,"val",69,0.514621019363403,1
0.05,64,"val",70,0.484103441238403,1
0.05,64,"val",71,0.493185788393021,1
0.05,64,"val",72,0.512987196445465,1
0.05,64,"val",73,0.520896196365356,1
0.05,64,"val",74,0.582552790641785,1
0.05,64,"val",75,0.568188190460205,1
0.05,64,"val",76,0.549231886863708,0
0.05,64,"val",77,0.526947557926178,1
0.05,64,"val",78,0.50304651260376,1
0.05,64,"val",79,0.511850297451019,0
0.05,64,"val",80,0.475359201431274,0
0.05,64,"val",81,0.488398164510727,0
0.05,64,"val",82,0.466204851865768,1
0.05,64,"val",83,0.471723973751068,0
0.05,64,"val",84,0.414211750030518,0
0.05,64,"val",85,0.43689888715744,0
0.05,64,"val",86,0.490819305181503,1
0.05,64,"val",87,0.509165942668915,1
0.05,64,"val",88,0.514125406742096,1
0.05,64,"val",89,0.522926390171051,0
0.05,64,"val",90,0.522328853607178,0
0.05,64,"val",91,0.520677387714386,0
0.05,64,"val",92,0.505007922649384,0
0.05,64,"val",93,0.502426981925964,0
0.05,64,"val",94,0.514621019363403,0
0.05,64,"val",95,0.51018750667572,0
0.05,64,"val",96,0.493185788393021,1
0.05,64,"val",97,0.485964834690094,1
0.05,64,"val",98,0.520896196365356,1
0.05,64,"val",99,0.510913789272308,1
0.05,64,"val",100,0.568188190460205,0
0.05,64,"val",101,0.586144208908081,0
0.05,64,"val",102,0.526947557926178,0
0.05,64,"val",103,0.520231485366821,0
0.05,64,"val",104,0.511850297451019,1
0.05,64,"val",105,0.502885580062866,1
0.05,64,"val",106,0.488398164510727,1
0.05,64,"val",107,0.496608376502991,1
0.05,64,"val",108,0.471723973751068,1
0.05,64,"val",109,0.475575029850006,0
0.05,64,"val",110,0.43689888715744,0
0.05,64,"val",111,0.432342559099197,1
0.05,64,"val",112,0.509165942668915,1
0.05,64,"val",113,0.491613954305649,1
0.05,64,"val",114,0.522926390171051,0
0.05,64,"val",115,0.534674882888794,1
0.05,64,"val",116,0.520677387714386,0
0.05,64,"val",117,0.517859220504761,1
0.05,64,"val",118,0.502426981925964,1
0.05,64,"val",119,0.506942451000214,1
0.05,64,"val",120,0.51018750667572,0
0.05,64,"val",121,0.506690263748169,0
0.05,64,"val",122,0.485964834690094,0
0.05,64,"val",123,0.490526616573334,1
0.05,64,"val",124,0.510913789272308,1
0.05,64,"val",125,0.513761818408966,1
0.05,64,"val",126,0.586144208908081,1
0.05,64,"val",127,0.578721880912781,1
0.05,64,"val",128,0.520231485366821,1
0.05,64,"val",129,0.557066798210144,1
0.05,64,"val",130,0.502885580062866,1
0.05,64,"val",131,0.509414196014404,0
0.05,64,"val",132,0.496608376502991,0
0.05,64,"val",133,0.497533887624741,1
0.05,64,"val",134,0.475575029850006,1
0.05,64,"val",135,0.471124291419983,0
0.05,64,"val",136,0.432342559099197,0
0.05,64,"val",137,0.39798641204834,0
0.05,64,"val",138,0.491613954305649,0
0.05,64,"val",139,0.494545340538025,0
0.05,64,"val",140,0.534674882888794,0
0.05,64,"val",141,0.520412385463715,1
0.05,64,"val",142,0.517859220504761,1
0.05,64,"val",143,0.523642361164093,1
0.05,64,"val",144,0.506942451000214,0
0.05,64,"val",145,0.50539618730545,0
0.05,64,"val",146,0.506690263748169,0
0.05,64,"val",147,0.502914428710938,0
0.05,64,"val",148,0.490526616573334,0
0.05,64,"val",149,0.488716810941696,0
0.05,64,"val",150,0.513761818408966,0
0.05,64,"val",151,0.513109028339386,0
0.05,64,"val",152,0.578721880912781,1
0.05,64,"val",153,0.563821017742157,0
0.05,64,"val",154,0.557066798210144,1
0.05,64,"val",155,0.595154047012329,0
0.05,64,"val",156,0.509414196014404,0
0.05,64,"val",157,0.509548544883728,0
0.05,64,"val",158,0.497533887624741,0
0.05,64,"val",159,0.487700521945953,1
0.05,64,"val",160,0.471124291419983,1
0.05,64,"val",161,0.468125283718109,1
0.05,64,"val",162,0.39798641204834,1
0.05,64,"val",163,0.424826383590698,1
0.05,64,"val",164,0.494545340538025,0
0.05,64,"val",165,0.498705744743347,0
0.05,64,"val",166,0.520412385463715,0
0.05,64,"val",167,0.501203536987305,0
0.05,64,"val",168,0.523642361164093,1
0.05,64,"val",169,0.520956575870514,0
0.05,64,"val",170,0.50539618730545,0
0.05,64,"val",171,0.502663135528564,0
0.05,64,"val",172,0.502914428710938,1
0.05,64,"val",173,0.499915957450867,1
0.05,64,"val",174,0.488716810941696,1
0.05,64,"val",175,0.479603499174118,0
0.05,64,"val",176,0.513109028339386,0
0.05,64,"val",177,0.520697891712189,1
0.05,64,"val",178,0.563821017742157,0
0.05,64,"val",179,0.603754878044128,1
0.05,64,"val",180,0.595154047012329,0
0.05,64,"val",181,0.582592010498047,1
0.05,64,"val",182,0.509548544883728,1
0.05,64,"val",183,0.502645194530487,1
0.05,64,"val",184,0.487700521945953,0
0.05,64,"val",185,0.481721550226212,0
0.05,64,"val",186,0.468125283718109,0
0.05,64,"val",187,0.478176444768906,0
0.05,64,"val",188,0.424826383590698,0
0.05,64,"val",189,0.408247590065002,0
0.05,64,"val",190,0.498705744743347,0
0.05,64,"val",191,0.44762396812439,1
0.05,64,"val",192,0.501203536987305,0
0.05,64,"val",193,0.5082688331604,0
0.05,64,"val",194,0.520956575870514,0
0.05,64,"val",195,0.522453129291534,1
0.05,64,"val",196,0.502663135528564,1
0.05,64,"val",197,0.502581834793091,1
0.05,64,"val",198,0.499915957450867,1
0.05,64,"val",199,0.497424960136414,0
0.05,64,"val",200,0.479603499174118,0
0.05,64,"val",201,0.483340114355087,0
0.05,64,"val",202,0.520697891712189,0
0.05,64,"val",203,0.511823236942291,1
0.05,64,"val",204,0.603754878044128,1
0.05,64,"val",205,0.590117156505585,1
0.05,64,"val",206,0.582592010498047,0
0.05,64,"val",207,0.582397162914276,0
0.05,64,"val",208,0.502645194530487,0
0.05,64,"val",209,0.500911772251129,1
0.05,64,"val",210,0.481721550226212,1
0.05,64,"val",211,0.479200601577759,1
0.05,64,"val",212,0.478176444768906,1
0.05,64,"val",213,0.482291638851166,1
0.05,64,"val",214,0.408247590065002,1
0.05,64,"val",215,0.44218385219574,0
0.05,64,"val",216,0.44762396812439,0
0.05,64,"val",217,0.482473015785217,0
0.05,64,"val",218,0.5082688331604,0
0.05,64,"val",219,0.504644632339478,0
0.05,64,"val",220,0.522453129291534,0
0.05,64,"val",221,0.518230795860291,1
0.05,64,"val",222,0.502581834793091,1
0.05,64,"val",223,0.50641918182373,1
0.05,64,"val",224,0.497424960136414,0
0.05,64,"val",225,0.502972543239594,1
0.05,64,"val",226,0.483340114355087,1
0.05,64,"val",227,0.488202661275864,1
0.05,64,"val",228,0.511823236942291,0
0.05,64,"val",229,0.511567950248718,0
0.05,64,"val",230,0.590117156505585,0
0.05,64,"val",231,0.569971919059753,0
0.05,64,"val",232,0.582397162914276,0
0.05,64,"val",233,0.534014761447906,0
0.05,64,"val",234,0.500911772251129,0
0.05,64,"val",235,0.502510190010071,0
0.05,64,"val",236,0.479200601577759,0
0.05,64,"val",237,0.477031946182251,0
0.05,64,"val",238,0.482291638851166,1
0.05,64,"val",239,0.485223114490509,0
0.05,64,"val",240,0.44218385219574,0
0.05,64,"val",241,0.434274137020111,0
0.05,64,"val",242,0.482473015785217,0
0.05,64,"val",243,0.456238508224487,1
0.05,64,"val",244,0.504644632339478,1
0.05,64,"val",245,0.511738955974579,1
0.05,64,"val",246,0.518230795860291,0
0.05,64,"val",247,0.520091235637665,1
0.05,64,"val",248,0.50641918182373,1
0.05,64,"val",249,0.506047666072845,0
0.05,64,"val",250,0.502972543239594,1
0.05,64,"val",251,0.469635844230652,1
0.05,64,"val",252,0.488202661275864,1
0.05,64,"val",253,0.489747017621994,1
0.05,64,"val",254,0.511567950248718,0
0.05,64,"val",255,0.499554991722107,0
0.05,64,"val",256,0.569971919059753,0
0.05,64,"val",257,0.546472072601318,0
0.05,64,"val",258,0.534014761447906,1
0.05,64,"val",259,0.579143285751343,1
0.05,64,"val",260,0.502510190010071,1
0.05,64,"val",261,0.516564846038818,1
0.05,64,"val",262,0.477031946182251,1
0.05,64,"val",263,0.492031753063202,0
0.05,64,"val",264,0.485223114490509,0
0.05,64,"val",265,0.477036505937576,1
0.05,64,"val",266,0.434274137020111,1
0.05,64,"val",267,0.437268078327179,0
0.05,64,"val",268,0.456238508224487,0
0.05,64,"val",269,0.455888479948044,0
0.05,64,"val",270,0.511738955974579,1
0.05,64,"val",271,0.505460917949677,1
0.05,64,"val",272,0.520091235637665,1
0.05,64,"val",273,0.517731487751007,1
0.05,64,"val",274,0.506047666072845,0
0.05,64,"val",275,0.50678563117981,0
0.05,64,"val",276,0.469635844230652,0
0.05,64,"val",277,0.479803889989853,0
0.05,64,"val",278,0.489747017621994,1
0.05,64,"val",279,0.485323995351791,1
0.05,64,"val",280,0.499554991722107,1
0.05,64,"val",281,0.503496170043945,1
0.05,64,"val",282,0.546472072601318,1
0.05,64,"val",283,0.543806493282318,1
0.05,64,"val",284,0.579143285751343,0
0.05,64,"val",285,0.548952698707581,0
0.05,64,"val",286,0.516564846038818,0
0.05,64,"val",287,0.508503556251526,0
0.05,64,"val",288,0.492031753063202,0
0.05,64,"val",289,0.492657452821732,0
0.05,64,"val",290,0.477036505937576,0
0.05,64,"val",291,0.475258976221085,0
0.05,64,"val",292,0.437268078327179,0
0.05,64,"val",293,0.437443107366562,0
0.05,64,"val",294,0.455888479948044,1
0.05,64,"val",295,0.460999518632889,1
0.05,64,"val",296,0.505460917949677,0
0.05,64,"val",297,0.49640566110611,0
0.05,64,"val",298,0.517731487751007,0
0.05,64,"val",299,0.524437665939331,1
0.05,64,"val",300,0.50678563117981,1
0.05,64,"val",301,0.508236467838287,1
0.05,64,"val",302,0.479803889989853,0
0.05,64,"val",303,0.481965988874435,0
0.05,64,"val",304,0.485323995351791,0
0.05,64,"test",1,0.484449595212936,0
0.05,64,"test",2,0.503496170043945,0
0.05,64,"test",3,0.502437591552734,1
0.05,64,"test",4,0.543806493282318,1
0.05,64,"test",5,0.5498126745224,1
0.05,64,"test",6,0.548952698707581,1
0.05,64,"test",7,0.539591789245605,1
0.05,64,"test",8,0.508503556251526,1
0.05,64,"test",9,0.511042296886444,1
0.05,64,"test",10,0.492657452821732,1
0.05,64,"test",11,0.491216063499451,1
0.05,64,"test",12,0.475258976221085,1
0.05,64,"test",13,0.489687144756317,1
0.05,64,"test",14,0.437443107366562,1
0.05,64,"test",15,0.404000043869019,1
0.05,64,"test",16,0.460999518632889,1
0.05,64,"test",17,0.466845333576202,0
0.05,64,"test",18,0.49640566110611,0
0.05,64,"test",19,0.52603805065155,0
0.05,64,"test",20,0.524437665939331,1
0.05,64,"test",21,0.528685212135315,1
0.05,64,"test",22,0.508236467838287,1
0.05,64,"test",23,0.507073044776917,0
0.05,64,"test",24,0.481965988874435,0
0.05,64,"test",25,0.502206444740295,0
0.05,64,"test",26,0.484449595212936,1
0.05,64,"test",27,0.50493848323822,1
0.05,64,"test",28,0.502437591552734,1
0.05,64,"test",29,0.50479918718338,0
0.05,64,"test",30,0.5498126745224,0
0.05,64,"test",31,0.532747745513916,0
0.05,64,"test",32,0.539591789245605,0
0.05,64,"test",33,0.547173142433167,0
0.05,64,"test",34,0.511042296886444,1
0.05,64,"test",35,0.501886487007141,1
0.05,64,"test",36,0.491216063499451,1
0.05,64,"test",37,0.500059843063354,1
0.05,64,"test",38,0.489687144756317,1
0.05,64,"test",39,0.462601482868195,1
0.05,64,"test",40,0.404000043869019,1
0.05,64,"test",41,0.407118052244186,1
0.05,64,"test",42,0.466845333576202,0
0.05,64,"test",43,0.472731918096542,0
0.05,64,"test",44,0.52603805065155,1
0.05,64,"test",45,0.532563269138336,1
0.05,64,"test",46,0.528685212135315,1
0.05,64,"test",47,0.532127559185028,0
0.05,64,"test",48,0.507073044776917,0
0.05,64,"test",49,0.507756948471069,0
0.05,64,"test",50,0.502206444740295,0
0.05,64,"test",51,0.481997787952423,1
0.05,64,"test",52,0.50493848323822,1
0.05,64,"test",53,0.489336639642715,1
0.05,64,"test",54,0.50479918718338,1
0.05,64,"test",55,0.51073032617569,0
0.05,64,"test",56,0.532747745513916,0
0.05,64,"test",57,0.537117898464203,0
0.05,64,"test",58,0.547173142433167,0
0.05,64,"test",59,0.560928761959076,1
0.05,64,"test",60,0.501886487007141,1
0.05,64,"test",61,0.514452755451202,1
0.05,64,"test",62,0.500059843063354,0
0.05,64,"test",63,0.502874135971069,1
0.05,64,"test",64,0.462601453065872,1
0.05,64,"test",65,0.462473154067993,1
0.05,64,"test",66,0.407118052244186,1
0.05,64,"test",67,0.409544885158539,1
0.05,64,"test",68,0.472731918096542,0
0.05,64,"test",69,0.501899123191833,0
0.05,64,"test",70,0.532563269138336,0
0.05,64,"test",71,0.527277767658234,1
0.05,64,"test",72,0.532127559185028,1
0.05,64,"test",73,0.523852288722992,0
0.05,64,"test",74,0.507756948471069,0
0.05,64,"test",75,0.505185604095459,0
0.05,64,"test",76,0.481997787952423,0
0.05,64,"test",77,0.499121099710464,0
0.05,64,"test",78,0.489336639642715,1
0.05,64,"test",79,0.486957252025604,0
0.05,64,"test",80,0.51073032617569,0
0.05,64,"test",81,0.514696717262268,1
0.05,64,"test",82,0.537117898464203,1
0.05,64,"test",83,0.537968397140503,1
0.05,64,"test",84,0.560928761959076,1
0.05,64,"test",85,0.567606389522552,0
0.05,64,"test",86,0.514452755451202,0
0.05,64,"test",87,0.497096002101898,0
0.05,64,"test",88,0.502874135971069,0
0.05,64,"test",89,0.495792359113693,0
0.05,64,"test",90,0.462473154067993,0
0.05,64,"test",91,0.473635703325272,1
0.05,64,"test",92,0.409544885158539,0
0.05,64,"test",93,0.390679836273193,0
0.05,64,"test",94,0.501899123191833,0
0.05,64,"test",95,0.499359667301178,0
0.05,64,"test",96,0.527277767658234,0
0.05,64,"test",97,0.512978434562683,1
0.05,64,"test",98,0.523852288722992,1
0.05,64,"test",99,0.520131945610046,1
0.05,64,"test",100,0.505185604095459,1
0.05,64,"test",101,0.506085395812988,1
0.05,64,"test",102,0.499121099710464,0
0.05,64,"test",103,0.489637643098831,0
0.05,64,"test",104,0.486957252025604,0
0.05,64,"test",105,0.48054176568985,0
0.05,64,"test",106,0.514696717262268,0
0.05,64,"test",107,0.521443963050842,0
0.05,64,"test",108,0.537968397140503,0
0.05,64,"test",109,0.539087414741516,0
0.05,64,"test",110,0.567606389522552,1
0.05,64,"test",111,0.561575055122375,1
0.05,64,"test",112,0.497096002101898,1
0.05,64,"test",113,0.499936163425446,0
0.05,64,"test",114,0.495792359113693,1
0.05,64,"test",115,0.476978212594986,1
0.05,64,"test",116,0.473635703325272,1
0.05,64,"test",117,0.470632880926132,1
0.05,64,"test",118,0.390679836273193,1
0.05,64,"test",119,0.388425976037979,0
0.05,64,"test",120,0.499359667301178,0
0.05,64,"test",121,0.49285614490509,0
0.05,64,"test",122,0.512978434562683,1
0.05,64,"test",123,0.511943757534027,1
0.05,64,"test",124,0.520131945610046,1
0.05,64,"test",125,0.523597538471222,0
0.05,64,"test",126,0.506085395812988,0
0.05,64,"test",127,0.505981683731079,0
0.05,64,"test",128,0.489637643098831,1
0.05,64,"test",129,0.493455588817596,1
0.05,64,"test",130,0.48054176568985,1
0.05,64,"test",131,0.481269001960754,1
0.05,64,"test",132,0.521443963050842,0
0.05,64,"test",133,0.509415209293365,0
0.05,64,"test",134,0.539087414741516,0
0.05,64,"test",135,0.539612531661987,0
0.05,64,"test",136,0.561575055122375,0
0.05,64,"test",137,0.587309181690216,1
0.05,64,"test",138,0.499936163425446,1
0.05,64,"test",139,0.503788709640503,1
0.05,64,"test",140,0.476978212594986,1
0.05,64,"test",141,0.494732022285461,1
0.05,64,"test",142,0.470632880926132,1
0.05,64,"test",143,0.481965333223343,1
0.05,64,"test",144,0.388425976037979,1
0.05,64,"test",145,0.412919551134109,1
0.05,64,"test",146,0.49285614490509,1
0.05,64,"test",147,0.45060783624649,1
0.05,64,"test",148,0.511943757534027,1
0.05,64,"test",149,0.510709404945374,1
0.05,64,"test",150,0.523597538471222,1
0.05,64,"test",151,0.519894242286682,1
0.05,64,"test",152,0.505981683731079,0
0.05,64,"test",153,0.504121661186218,0
0.05,64,"test",154,0.493455588817596,1
0.05,64,"test",155,0.500896334648132,1
0.05,64,"test",156,0.481269001960754,1
0.05,64,"test",157,0.48018091917038,0
0.05,64,"test",158,0.509415209293365,0
0.05,64,"test",159,0.550762832164764,0
0.05,64,"test",160,0.539612531661987,0
0.05,64,"test",161,0.545020043849945,0
0.05,64,"test",162,0.587309181690216,0
0.05,64,"test",163,0.560935854911804,0
0.05,64,"test",164,0.503788709640503,0
0.05,64,"test",165,0.503884255886078,1
0.05,64,"test",166,0.494732022285461,1
0.05,64,"test",167,0.492255866527557,0
0.05,64,"test",168,0.481965333223343,1
0.05,64,"test",169,0.491050630807877,1
0.05,64,"test",170,0.412919551134109,1
0.05,64,"test",171,0.406766176223755,0
0.05,64,"test",172,0.45060783624649,0
0.05,64,"test",173,0.443287342786789,1
0.05,64,"test",174,0.510709404945374,1
0.05,64,"test",175,0.5356365442276,1
0.05,64,"test",176,0.519894242286682,1
0.05,64,"test",177,0.521438300609589,0
0.05,64,"test",178,0.504121661186218,0
0.05,64,"test",179,0.500663876533508,0
0.05,64,"test",180,0.500896334648132,0
0.05,64,"test",181,0.508992910385132,0
0.05,64,"test",182,0.48018091917038,0
0.05,64,"test",183,0.48023384809494,0
0.05,64,"test",184,0.550762832164764,0
0.05,64,"test",185,0.52396285533905,0
0.05,64,"test",186,0.545020043849945,1
0.05,64,"test",187,0.546000182628632,0
0.05,64,"test",188,0.560935854911804,0
0.05,64,"test",189,0.542684614658356,0
0.05,64,"test",190,0.503884255886078,0
0.05,64,"test",191,0.509287118911743,0
0.05,64,"test",192,0.492255866527557,0
0.05,64,"test",193,0.494812786579132,0
0.05,64,"test",194,0.491050630807877,0
0.05,64,"test",195,0.483485788106918,0
0.05,64,"test",196,0.406766176223755,0
0.05,64,"test",197,0.41367843747139,1
0.05,64,"test",198,0.443287342786789,1
0.05,64,"test",199,0.437213659286499,1
0.05,64,"test",200,0.5356365442276,0
0.05,64,"test",201,0.521264493465424,0
0.05,64,"test",202,0.521438300609589,1
0.05,64,"test",203,0.521660506725311,0
0.05,64,"test",204,0.500663876533508,0
0.05,64,"test",205,0.502843379974365,0
0.05,64,"test",206,0.508992910385132,1
0.05,64,"test",207,0.467102736234665,0
0.05,64,"test",208,0.48023384809494,0
0.05,64,"test",209,0.480471253395081,0
0.05,64,"test",210,0.52396285533905,0
0.05,64,"test",211,0.521617770195007,0
0.05,64,"test",212,0.546000182628632,1
0.05,64,"test",213,0.549226760864258,0
0.05,64,"test",214,0.542684614658356,1
0.05,64,"test",215,0.541763305664062,1
0.05,64,"test",216,0.509287118911743,1
0.05,64,"test",217,0.497114360332489,0
0.05,64,"test",218,0.494812786579132,0
0.05,64,"test",219,0.480269014835358,1
0.05,64,"test",220,0.483485788106918,1
0.05,64,"test",221,0.494709819555283,0
0.05,64,"test",222,0.41367843747139,1
0.05,64,"test",223,0.422581046819687,1
0.05,64,"test",224,0.437213659286499,1
0.05,64,"test",225,0.449010491371155,0
0.05,64,"test",226,0.521264493465424,0
0.05,64,"test",227,0.519051671028137,0
0.05,64,"test",228,0.521660506725311,1
0.05,64,"test",229,0.528120100498199,1
0.05,64,"test",230,0.502843379974365,0
0.05,64,"test",231,0.506033599376678,1
0.05,64,"test",232,0.467102736234665,1
0.05,64,"test",233,0.480412930250168,1
0.05,64,"test",234,0.480471253395081,1
0.05,64,"test",235,0.484245896339417,1
0.05,64,"test",236,0.521617770195007,1
0.05,64,"test",237,0.521731078624725,0
0.05,64,"test",238,0.549226760864258,0
0.05,64,"test",239,0.538547694683075,0
0.05,64,"test",240,0.541763305664062,0
0.05,64,"test",241,0.581608712673187,0
0.05,64,"test",242,0.497114360332489,0
0.05,64,"test",243,0.488000959157944,0
0.05,64,"test",244,0.480269014835358,1
0.05,64,"test",245,0.477276891469955,1
0.05,64,"test",246,0.494709819555283,1
0.05,64,"test",247,0.485509186983109,1
0.05,64,"test",248,0.422581046819687,1
0.05,64,"test",249,0.405579477548599,1
0.05,64,"test",250,0.449010491371155,1
0.05,64,"test",251,0.473493665456772,1
0.05,64,"test",252,0.519051671028137,0
0.05,64,"test",253,0.535845816135406,0
0.05,64,"test",254,0.528120100498199,0
0.05,64,"test",255,0.522394418716431,1
0.05,64,"test",256,0.506033599376678,1
0.05,64,"test",257,0.506430387496948,1
0.05,64,"test",258,0.480412930250168,1
0.05,64,"test",259,0.496391773223877,1
0.05,64,"test",260,0.484245896339417,1
0.05,64,"test",261,0.483278393745422,1
0.05,64,"test",262,0.521731078624725,0
0.05,64,"test",263,0.528016924858093,0
0.05,64,"test",264,0.538547694683075,1
0.05,64,"test",265,0.545421123504639,1
0.05,64,"test",266,0.581608712673187,1
0.05,64,"test",267,0.595088362693787,1
0.05,64,"test",268,0.488000959157944,1
0.05,64,"test",269,0.492269456386566,1
0.05,64,"test",270,0.477276891469955,1
0.05,64,"test",271,0.471109688282013,1
0.05,64,"test",272,0.485509186983109,1
0.05,64,"test",273,0.500831723213196,1
0.05,64,"test",274,0.405579477548599,1
0.05,64,"test",275,0.363768726587296,1
0.05,64,"test",276,0.473493665456772,1
0.05,64,"test",277,0.47109666466713,1
0.05,64,"test",278,0.535845816135406,0
0.05,64,"test",279,0.551509439945221,0
0.05,64,"test",280,0.522394418716431,0
0.05,64,"test",281,0.518645048141479,0
0.05,64,"test",282,0.506430387496948,0
0.05,64,"test",283,0.504875540733337,0
0.05,64,"test",284,0.496391773223877,0
0.05,64,"test",285,0.485704630613327,0
0.05,64,"test",286,0.483278393745422,0
0.05,64,"test",287,0.488018333911896,0
0.05,64,"test",288,0.528016924858093,0
0.05,64,"test",289,0.525897562503815,0
0.05,64,"test",290,0.545421123504639,0
0.05,64,"test",291,0.539257943630219,0
0.05,64,"test",292,0.595088362693787,1
0.05,64,"test",293,0.550243377685547,1
0.05,64,"test",294,0.492269456386566,1
0.05,64,"test",295,0.497349143028259,0
0.05,64,"test",296,0.471109688282013,0
0.05,64,"test",297,0.490851134061813,1
0.05,64,"test",298,0.500831723213196,0
0.05,64,"test",299,0.493087947368622,0
0.05,64,"test",300,0.363768726587296,1
0.05,64,"test",301,0.405025720596313,1
0.05,64,"test",302,0.47109666466713,1
0.05,64,"test",303,0.419229418039322,0
0.05,64,"test",304,0.551509439945221,1
0.05,64,"test",305,0.57158637046814,0
0.1,23,"val",1,0.525099158287048,0
0.1,23,"val",2,0.453257381916046,1
0.1,23,"val",3,0.465515404939651,0
0.1,23,"val",4,0.478480458259583,1
0.1,23,"val",5,0.462322741746902,1
0.1,23,"val",6,0.37744015455246,1
0.1,23,"val",7,0.365154534578323,1
0.1,23,"val",8,0.507556617259979,1
0.1,23,"val",9,0.515572011470795,1
0.1,23,"val",10,0.505058169364929,1
0.1,23,"val",11,0.518105149269104,1
0.1,23,"val",12,0.531160771846771,1
0.1,23,"val",13,0.514814376831055,1
0.1,23,"val",14,0.475321680307388,1
0.1,23,"val",15,0.500888586044312,1
0.1,23,"val",16,0.520741283893585,1
0.1,23,"val",17,0.51727694272995,1
0.1,23,"val",18,0.486644446849823,1
0.1,23,"val",19,0.475802958011627,1
0.1,23,"val",20,0.516830861568451,1
0.1,23,"val",21,0.518258333206177,1
0.1,23,"val",22,0.574678957462311,1
0.1,23,"val",23,0.567595541477203,0
0.1,23,"val",24,0.481744647026062,0
0.1,23,"val",25,0.461254268884659,1
0.1,23,"val",26,0.525099158287048,0
0.1,23,"val",27,0.533867478370667,0
0.1,23,"val",28,0.465515404939651,0
0.1,23,"val",29,0.462050288915634,1
0.1,23,"val",30,0.462322741746902,1
0.1,23,"val",31,0.465737611055374,0
0.1,23,"val",32,0.365154534578323,0
0.1,23,"val",33,0.404195129871368,0
0.1,23,"val",34,0.515572011470795,0
0.1,23,"val",35,0.505847334861755,0
0.1,23,"val",36,0.518105149269104,0
0.1,23,"val",37,0.509109795093536,1
0.1,23,"val",38,0.514814376831055,1
0.1,23,"val",39,0.519476711750031,1
0.1,23,"val",40,0.500888586044312,0
0.1,23,"val",41,0.492829024791718,0
0.1,23,"val",42,0.51727694272995,0
0.1,23,"val",43,0.501654803752899,0
0.1,23,"val",44,0.475802958011627,0
0.1,23,"val",45,0.473651975393295,0
0.1,23,"val",46,0.518258333206177,0
0.1,23,"val",47,0.523284554481506,1
0.1,23,"val",48,0.567595541477203,1
0.1,23,"val",49,0.589442372322083,1
0.1,23,"val",50,0.461254268884659,1
0.1,23,"val",51,0.47709259390831,1
0.1,23,"val",52,0.533867478370667,1
0.1,23,"val",53,0.532612800598145,1
0.1,23,"val",54,0.462050288915634,1
0.1,23,"val",55,0.394714921712875,1
0.1,23,"val",56,0.465737611055374,1
0.1,23,"val",57,0.47172412276268,1
0.1,23,"val",58,0.404195129871368,1
0.1,23,"val",59,0.389468163251877,1
0.1,23,"val",60,0.505847334861755,1
0.1,23,"val",61,0.50175404548645,0
0.1,23,"val",62,0.509109795093536,1
0.1,23,"val",63,0.504557728767395,0
0.1,23,"val",64,0.519476711750031,0
0.1,23,"val",65,0.521509647369385,1
0.1,23,"val",66,0.492829024791718,1
0.1,23,"val",67,0.504878640174866,1
0.1,23,"val",68,0.501654803752899,1
0.1,23,"val",69,0.505303859710693,1
0.1,23,"val",70,0.473651975393295,1
0.1,23,"val",71,0.480269491672516,1
0.1,23,"val",72,0.523284554481506,1
0.1,23,"val",73,0.524448692798615,1
0.1,23,"val",74,0.589442372322083,1
0.1,23,"val",75,0.576433897018433,1
0.1,23,"val",76,0.47709259390831,0
0.1,23,"val",77,0.480222851037979,1
0.1,23,"val",78,0.532612800598145,1
0.1,23,"val",79,0.53575211763382,0
0.1,23,"val",80,0.394714921712875,0
0.1,23,"val",81,0.435892909765244,0
0.1,23,"val",82,0.47172412276268,1
0.1,23,"val",83,0.474254876375198,0
0.1,23,"val",84,0.389468163251877,0
0.1,23,"val",85,0.426191568374634,0
0.1,23,"val",86,0.50175404548645,1
0.1,23,"val",87,0.516147911548615,1
0.1,23,"val",88,0.504557728767395,1
0.1,23,"val",89,0.516528964042664,0
0.1,23,"val",90,0.521509647369385,0
0.1,23,"val",91,0.519560992717743,0
0.1,23,"val",92,0.504878640174866,0
0.1,23,"val",93,0.496547967195511,0
0.1,23,"val",94,0.505303859710693,0
0.1,23,"val",95,0.502246558666229,0
0.1,23,"val",96,0.480269491672516,1
0.1,23,"val",97,0.474722355604172,1
0.1,23,"val",98,0.524448692798615,1
0.1,23,"val",99,0.514594733715057,1
0.1,23,"val",100,0.576433897018433,0
0.1,23,"val",101,0.627164840698242,0
0.1,23,"val",102,0.480222851037979,0
0.1,23,"val",103,0.490101307630539,0
0.1,23,"val",104,0.53575211763382,1
0.1,23,"val",105,0.5301913022995,1
0.1,23,"val",106,0.435892909765244,1
0.1,23,"val",107,0.466266304254532,1
0.1,23,"val",108,0.474254876375198,1
0.1,23,"val",109,0.477926999330521,0
0.1,23,"val",110,0.426191568374634,0
0.1,23,"val",111,0.425943344831467,1
0.1,23,"val",112,0.516147911548615,1
0.1,23,"val",113,0.495385408401489,1
0.1,23,"val",114,0.516528964042664,0
0.1,23,"val",115,0.526984512805939,1
0.1,23,"val",116,0.519560992717743,0
0.1,23,"val",117,0.516307771205902,1
0.1,23,"val",118,0.496547967195511,1
0.1,23,"val",119,0.532351851463318,1
0.1,23,"val",120,0.502246558666229,0
0.1,23,"val",121,0.493083357810974,0
0.1,23,"val",122,0.474722355604172,0
0.1,23,"val",123,0.478062063455582,1
0.1,23,"val",124,0.514594733715057,1
0.1,23,"val",125,0.519501805305481,1
0.1,23,"val",126,0.627164840698242,1
0.1,23,"val",127,0.611465334892273,1
0.1,23,"val",128,0.490101307630539,1
0.1,23,"val",129,0.476902335882187,1
0.1,23,"val",130,0.5301913022995,1
0.1,23,"val",131,0.516220211982727,0
0.1,23,"val",132,0.466266304254532,0
0.1,23,"val",133,0.463122129440308,1
0.1,23,"val",134,0.477926999330521,1
0.1,23,"val",135,0.473556905984879,0
0.1,23,"val",136,0.425943344831467,0
0.1,23,"val",137,0.37925860285759,0
0.1,23,"val",138,0.495385408401489,0
0.1,23,"val",139,0.504051208496094,0
0.1,23,"val",140,0.526984512805939,0
0.1,23,"val",141,0.514342546463013,1
0.1,23,"val",142,0.516307771205902,1
0.1,23,"val",143,0.52310973405838,1
0.1,23,"val",144,0.532351851463318,0
0.1,23,"val",145,0.499598920345306,0
0.1,23,"val",146,0.493083357810974,0
0.1,23,"val",147,0.500564813613892,0
0.1,23,"val",148,0.478062063455582,0
0.1,23,"val",149,0.477159559726715,0
0.1,23,"val",150,0.519501805305481,0
0.1,23,"val",151,0.514029860496521,0
0.1,23,"val",152,0.611465334892273,1
0.1,23,"val",153,0.598672747612,0
0.1,23,"val",154,0.476902335882187,1
0.1,23,"val",155,0.477594584226608,0
0.1,23,"val",156,0.516220211982727,0
0.1,23,"val",157,0.518841981887817,0
0.1,23,"val",158,0.463122129440308,0
0.1,23,"val",159,0.458167344331741,1
0.1,23,"val",160,0.473556905984879,1
0.1,23,"val",161,0.474172741174698,1
0.1,23,"val",162,0.37925860285759,1
0.1,23,"val",163,0.408240348100662,1
0.1,23,"val",164,0.504051208496094,0
0.1,23,"val",165,0.502135217189789,0
0.1,23,"val",166,0.514342546463013,0
0.1,23,"val",167,0.490403950214386,0
0.1,23,"val",168,0.52310973405838,1
0.1,23,"val",169,0.519507348537445,0
0.1,23,"val",170,0.499598920345306,0
0.1,23,"val",171,0.487306892871857,0
0.1,23,"val",172,0.500564813613892,1
0.1,23,"val",173,0.494688093662262,1
0.1,23,"val",174,0.477159559726715,1
0.1,23,"val",175,0.469493061304092,0
0.1,23,"val",176,0.514029860496521,0
0.1,23,"val",177,0.518098533153534,1
0.1,23,"val",178,0.598672747612,0
0.1,23,"val",179,0.641955256462097,1
0.1,23,"val",180,0.477594584226608,0
0.1,23,"val",181,0.477720260620117,1
0.1,23,"val",182,0.518841981887817,1
0.1,23,"val",183,0.522465407848358,1
0.1,23,"val",184,0.458167314529419,0
0.1,23,"val",185,0.468878269195557,0
0.1,23,"val",186,0.474172741174698,0
0.1,23,"val",187,0.479206025600433,0
0.1,23,"val",188,0.408240348100662,0
0.1,23,"val",189,0.408454418182373,0
0.1,23,"val",190,0.502135217189789,0
0.1,23,"val",191,0.462330937385559,1
0.1,23,"val",192,0.490403950214386,0
0.1,23,"val",193,0.507789552211761,0
0.1,23,"val",194,0.519507348537445,0
0.1,23,"val",195,0.521662175655365,1
0.1,23,"val",196,0.487306892871857,1
0.1,23,"val",197,0.486861616373062,1
0.1,23,"val",198,0.494688093662262,1
0.1,23,"val",199,0.490300416946411,0
0.1,23,"val",200,0.469493061304092,0
0.1,23,"val",201,0.475408554077148,0
0.1,23,"val",202,0.518098533153534,0
0.1,23,"val",203,0.507954776287079,1
0.1,23,"val",204,0.641955256462097,1
0.1,23,"val",205,0.611335039138794,1
0.1,23,"val",206,0.477720260620117,0
0.1,23,"val",207,0.478274345397949,0
0.1,23,"val",208,0.522465407848358,0
0.1,23,"val",209,0.516125202178955,1
0.1,23,"val",210,0.468878269195557,1
0.1,23,"val",211,0.465584397315979,1
0.1,23,"val",212,0.479206025600433,1
0.1,23,"val",213,0.480957686901093,1
0.1,23,"val",214,0.408454418182373,1
0.1,23,"val",215,0.43133944272995,0
0.1,23,"val",216,0.462330937385559,0
0.1,23,"val",217,0.498817652463913,0
0.1,23,"val",218,0.507789552211761,0
0.1,23,"val",219,0.503034472465515,0
0.1,23,"val",220,0.521662175655365,0
0.1,23,"val",221,0.516310632228851,1
0.1,23,"val",222,0.486861616373062,1
0.1,23,"val",223,0.510887324810028,1
0.1,23,"val",224,0.490300416946411,0
0.1,23,"val",225,0.490851789712906,1
0.1,23,"val",226,0.475408554077148,1
0.1,23,"val",227,0.476375877857208,1
0.1,23,"val",228,0.507954776287079,0
0.1,23,"val",229,0.5099977850914,0
0.1,23,"val",230,0.611335039138794,0
0.1,23,"val",231,0.579417586326599,0
0.1,23,"val",232,0.478274345397949,0
0.1,23,"val",233,0.479063212871552,0
0.1,23,"val",234,0.516125202178955,0
0.1,23,"val",235,0.533104240894318,0
0.1,23,"val",236,0.465584397315979,0
0.1,23,"val",237,0.458701103925705,0
0.1,23,"val",238,0.480957686901093,1
0.1,23,"val",239,0.483686238527298,0
0.1,23,"val",240,0.43133944272995,0
0.1,23,"val",241,0.427066385746002,0
0.1,23,"val",242,0.498817652463913,0
0.1,23,"val",243,0.473741918802261,1
0.1,23,"val",244,0.503034472465515,1
0.1,23,"val",245,0.506349921226501,1
0.1,23,"val",246,0.516310632228851,0
0.1,23,"val",247,0.518852353096008,1
0.1,23,"val",248,0.510887324810028,1
0.1,23,"val",249,0.516687214374542,0
0.1,23,"val",250,0.490851789712906,1
0.1,23,"val",251,0.474458605051041,1
0.1,23,"val",252,0.476375877857208,1
0.1,23,"val",253,0.477459400892258,1
0.1,23,"val",254,0.5099977850914,0
0.1,23,"val",255,0.501024127006531,0
0.1,23,"val",256,0.579417586326599,0
0.1,23,"val",257,0.559924364089966,0
0.1,23,"val",258,0.479063212871552,1
0.1,23,"val",259,0.469466954469681,1
0.1,23,"val",260,0.533104240894318,1
0.1,23,"val",261,0.526161849498749,1
0.1,23,"val",262,0.458701103925705,1
0.1,23,"val",263,0.457709193229675,0
0.1,23,"val",264,0.483686238527298,0
0.1,23,"val",265,0.47772079706192,1
0.1,23,"val",266,0.427066385746002,1
0.1,23,"val",267,0.426308333873749,0
0.1,23,"val",268,0.473741918802261,0
0.1,23,"val",269,0.466062188148499,0
0.1,23,"val",270,0.506349921226501,1
0.1,23,"val",271,0.497956812381744,1
0.1,23,"val",272,0.518852353096008,1
0.1,23,"val",273,0.5159792304039,1
0.1,23,"val",274,0.516687214374542,0
0.1,23,"val",275,0.520522117614746,0
0.1,23,"val",276,0.474458605051041,0
0.1,23,"val",277,0.476841479539871,0
0.1,23,"val",278,0.477459400892258,1
0.1,23,"val",279,0.474323600530624,1
0.1,23,"val",280,0.501024127006531,1
0.1,23,"val",281,0.502587854862213,1
0.1,23,"val",282,0.559924364089966,1
0.1,23,"val",283,0.551734268665314,1
0.1,23,"val",284,0.469466954469681,0
0.1,23,"val",285,0.487724632024765,0
0.1,23,"val",286,0.526161849498749,0
0.1,23,"val",287,0.518670558929443,0
0.1,23,"val",288,0.457709193229675,0
0.1,23,"val",289,0.453647166490555,0
0.1,23,"val",290,0.47772079706192,0
0.1,23,"val",291,0.476368725299835,0
0.1,23,"val",292,0.426308333873749,0
0.1,23,"val",293,0.426020711660385,0
0.1,23,"val",294,0.466062188148499,1
0.1,23,"val",295,0.465777307748795,1
0.1,23,"val",296,0.497956812381744,0
0.1,23,"val",297,0.487797617912292,0
0.1,23,"val",298,0.5159792304039,0
0.1,23,"val",299,0.524014472961426,1
0.1,23,"val",300,0.520522117614746,1
0.1,23,"val",301,0.53792017698288,1
0.1,23,"val",302,0.476841479539871,0
0.1,23,"val",303,0.483039647340775,0
0.1,23,"val",304,0.474323600530624,0
0.1,23,"test",1,0.473574489355087,0
0.1,23,"test",2,0.502587854862213,0
0.1,23,"test",3,0.505233764648438,1
0.1,23,"test",4,0.551734268665314,1
0.1,23,"test",5,0.549542129039764,1
0.1,23,"test",6,0.487724632024765,1
0.1,23,"test",7,0.468805640935898,1
0.1,23,"test",8,0.518670558929443,1
0.1,23,"test",9,0.525727272033691,1
0.1,23,"test",10,0.453647166490555,1
0.1,23,"test",11,0.448143422603607,1
0.1,23,"test",12,0.476368725299835,1
0.1,23,"test",13,0.486896097660065,1
0.1,23,"test",14,0.426020711660385,1
0.1,23,"test",15,0.395275682210922,1
0.1,23,"test",16,0.465777307748795,1
0.1,23,"test",17,0.468363702297211,0
0.1,23,"test",18,0.487797617912292,0
0.1,23,"test",19,0.520742118358612,0
0.1,23,"test",20,0.524014472961426,1
0.1,23,"test",21,0.529654800891876,1
0.1,23,"test",22,0.53792017698288,1
0.1,23,"test",23,0.519227266311646,0
0.1,23,"test",24,0.483039647340775,0
0.1,23,"test",25,0.492563009262085,0
0.1,23,"test",26,0.473574489355087,1
0.1,23,"test",27,0.490858376026154,1
0.1,23,"test",28,0.505233764648438,1
0.1,23,"test",29,0.508769631385803,0
0.1,23,"test",30,0.549542129039764,0
0.1,23,"test",31,0.536274969577789,0
0.1,23,"test",32,0.468805640935898,0
0.1,23,"test",33,0.478169798851013,0
0.1,23,"test",34,0.525727272033691,1
0.1,23,"test",35,0.51973283290863,1
0.1,23,"test",36,0.448143422603607,1
0.1,23,"test",37,0.454453587532043,1
0.1,23,"test",38,0.486896097660065,1
0.1,23,"test",39,0.467924743890762,1
0.1,23,"test",40,0.395275682210922,1
0.1,23,"test",41,0.407693982124329,1
0.1,23,"test",42,0.468363702297211,0
0.1,23,"test",43,0.48283326625824,0
0.1,23,"test",44,0.520742118358612,1
0.1,23,"test",45,0.523490071296692,1
0.1,23,"test",46,0.529654800891876,1
0.1,23,"test",47,0.535082697868347,0
0.1,23,"test",48,0.519227266311646,0
0.1,23,"test",49,0.521600067615509,0
0.1,23,"test",50,0.492563009262085,0
0.1,23,"test",51,0.485910803079605,1
0.1,23,"test",52,0.490858376026154,1
0.1,23,"test",53,0.477979332208633,1
0.1,23,"test",54,0.508769631385803,1
0.1,23,"test",55,0.511725127696991,0
0.1,23,"test",56,0.536274909973145,0
0.1,23,"test",57,0.545992851257324,0
0.1,23,"test",58,0.478169798851013,0
0.1,23,"test",59,0.487776190042496,1
0.1,23,"test",60,0.51973283290863,1
0.1,23,"test",61,0.512702345848083,1
0.1,23,"test",62,0.454453587532043,0
0.1,23,"test",63,0.460824996232986,1
0.1,23,"test",64,0.467924743890762,1
0.1,23,"test",65,0.466957688331604,1
0.1,23,"test",66,0.407693982124329,1
0.1,23,"test",67,0.400201350450516,1
0.1,23,"test",68,0.48283326625824,0
0.1,23,"test",69,0.507908642292023,0
0.1,23,"test",70,0.523490071296692,0
0.1,23,"test",71,0.520893275737762,1
0.1,23,"test",72,0.535082697868347,1
0.1,23,"test",73,0.523389995098114,0
0.1,23,"test",74,0.521600067615509,0
0.1,23,"test",75,0.502764821052551,0
0.1,23,"test",76,0.485910803079605,0
0.1,23,"test",77,0.487438231706619,0
0.1,23,"test",78,0.477979332208633,1
0.1,23,"test",79,0.475430458784103,0
0.1,23,"test",80,0.511725127696991,0
0.1,23,"test",81,0.511186003684998,1
0.1,23,"test",82,0.545992851257324,1
0.1,23,"test",83,0.575264096260071,1
0.1,23,"test",84,0.487776190042496,1
0.1,23,"test",85,0.484866708517075,0
0.1,23,"test",86,0.512702345848083,0
0.1,23,"test",87,0.53353875875473,0
0.1,23,"test",88,0.460824996232986,0
0.1,23,"test",89,0.452643275260925,0
0.1,23,"test",90,0.466957688331604,0
0.1,23,"test",91,0.474721819162369,1
0.1,23,"test",92,0.400201350450516,0
0.1,23,"test",93,0.383824408054352,0
0.1,23,"test",94,0.507908642292023,0
0.1,23,"test",95,0.502721130847931,0
0.1,23,"test",96,0.520893275737762,0
0.1,23,"test",97,0.492851912975311,1
0.1,23,"test",98,0.523389995098114,1
0.1,23,"test",99,0.518921315670013,1
0.1,23,"test",100,0.502764821052551,1
0.1,23,"test",101,0.513393402099609,1
0.1,23,"test",102,0.487438231706619,0
0.1,23,"test",103,0.481417864561081,0
0.1,23,"test",104,0.475430458784103,0
0.1,23,"test",105,0.470264226198196,0
0.1,23,"test",106,0.511186003684998,0
0.1,23,"test",107,0.517161548137665,0
0.1,23,"test",108,0.575264096260071,0
0.1,23,"test",109,0.551211535930634,0
0.1,23,"test",110,0.484866708517075,1
0.1,23,"test",111,0.487618625164032,1
0.1,23,"test",112,0.53353875875473,1
0.1,23,"test",113,0.519552528858185,0
0.1,23,"test",114,0.452643275260925,1
0.1,23,"test",115,0.454982936382294,1
0.1,23,"test",116,0.474721819162369,1
0.1,23,"test",117,0.474021524190903,1
0.1,23,"test",118,0.383824408054352,1
0.1,23,"test",119,0.380090415477753,0
0.1,23,"test",120,0.502721130847931,0
0.1,23,"test",121,0.498736679553986,0
0.1,23,"test",122,0.492851912975311,1
0.1,23,"test",123,0.505371570587158,1
0.1,23,"test",124,0.518921315670013,1
0.1,23,"test",125,0.523090004920959,0
0.1,23,"test",126,0.513393402099609,0
0.1,23,"test",127,0.509681820869446,0
0.1,23,"test",128,0.481417864561081,1
0.1,23,"test",129,0.481823116540909,1
0.1,23,"test",130,0.470264226198196,1
0.1,23,"test",131,0.469483584165573,1
0.1,23,"test",132,0.517161548137665,0
0.1,23,"test",133,0.506000757217407,0
0.1,23,"test",134,0.551211535930634,0
0.1,23,"test",135,0.556263566017151,0
0.1,23,"test",136,0.487618625164032,0
0.1,23,"test",137,0.478822737932205,1
0.1,23,"test",138,0.519552528858185,1
0.1,23,"test",139,0.52066707611084,1
0.1,23,"test",140,0.454982936382294,1
0.1,23,"test",141,0.477232307195663,1
0.1,23,"test",142,0.474021524190903,1
0.1,23,"test",143,0.481337368488312,1
0.1,23,"test",144,0.380090415477753,1
0.1,23,"test",145,0.396300315856934,1
0.1,23,"test",146,0.498736679553986,1
0.1,23,"test",147,0.461692363023758,1
0.1,23,"test",148,0.505371570587158,1
0.1,23,"test",149,0.503787636756897,1
0.1,23,"test",150,0.523090004920959,1
0.1,23,"test",151,0.518582165241241,1
0.1,23,"test",152,0.509681820869446,0
0.1,23,"test",153,0.496811956167221,0
0.1,23,"test",154,0.481823116540909,1
0.1,23,"test",155,0.487648159265518,1
0.1,23,"test",156,0.469483584165573,1
0.1,23,"test",157,0.470903068780899,0
0.1,23,"test",158,0.506000757217407,0
0.1,23,"test",159,0.54246324300766,0
0.1,23,"test",160,0.556263566017151,0
0.1,23,"test",161,0.555321335792542,0
0.1,23,"test",162,0.478822737932205,0
0.1,23,"test",163,0.483691960573196,0
0.1,23,"test",164,0.52066707611084,0
0.1,23,"test",165,0.525797247886658,1
0.1,23,"test",166,0.477232307195663,1
0.1,23,"test",167,0.48144069314003,0
0.1,23,"test",168,0.481337368488312,1
0.1,23,"test",169,0.490322917699814,1
0.1,23,"test",170,0.396300315856934,1
0.1,23,"test",171,0.383555442094803,0
0.1,23,"test",172,0.461692363023758,0
0.1,23,"test",173,0.460290402173996,1
0.1,23,"test",174,0.503787636756897,1
0.1,23,"test",175,0.528671622276306,1
0.1,23,"test",176,0.518582165241241,1
0.1,23,"test",177,0.52044004201889,0
0.1,23,"test",178,0.496811956167221,0
0.1,23,"test",179,0.496679127216339,0
0.1,23,"test",180,0.487648159265518,0
0.1,23,"test",181,0.495848596096039,0
0.1,23,"test",182,0.470903068780899,0
0.1,23,"test",183,0.469384044408798,0
0.1,23,"test",184,0.54246324300766,0
0.1,23,"test",185,0.52088987827301,0
0.1,23,"test",186,0.555321335792542,1
0.1,23,"test",187,0.554905891418457,0
0.1,23,"test",188,0.483691960573196,0
0.1,23,"test",189,0.487619549036026,0
0.1,23,"test",190,0.525797247886658,0
0.1,23,"test",191,0.516972064971924,0
0.1,23,"test",192,0.48144069314003,0
0.1,23,"test",193,0.46190083026886,0
0.1,23,"test",194,0.490322917699814,0
0.1,23,"test",195,0.485032111406326,0
0.1,23,"test",196,0.383555442094803,0
0.1,23,"test",197,0.392533332109451,1
0.1,23,"test",198,0.460290402173996,1
0.1,23,"test",199,0.449378967285156,1
0.1,23,"test",200,0.528671622276306,0
0.1,23,"test",201,0.515328288078308,0
0.1,23,"test",202,0.52044004201889,1
0.1,23,"test",203,0.520397126674652,0
0.1,23,"test",204,0.496679127216339,0
0.1,23,"test",205,0.489365428686142,0
0.1,23,"test",206,0.495848596096039,1
0.1,23,"test",207,0.46830415725708,0
0.1,23,"test",208,0.469384044408798,0
0.1,23,"test",209,0.470059275627136,0
0.1,23,"test",210,0.52088987827301,0
0.1,23,"test",211,0.515718340873718,0
0.1,23,"test",212,0.554905891418457,1
0.1,23,"test",213,0.554932236671448,0
0.1,23,"test",214,0.487619549036026,1
0.1,23,"test",215,0.492241531610489,1
0.1,23,"test",216,0.516972064971924,1
0.1,23,"test",217,0.541440725326538,0
0.1,23,"test",218,0.46190083026886,0
0.1,23,"test",219,0.4879330098629,1
0.1,23,"test",220,0.485032111406326,1
0.1,23,"test",221,0.491428256034851,0
0.1,23,"test",222,0.392533332109451,1
0.1,23,"test",223,0.414899975061417,1
0.1,23,"test",224,0.449378967285156,1
0.1,23,"test",225,0.45993047952652,0
0.1,23,"test",226,0.515328288078308,0
0.1,23,"test",227,0.514288365840912,0
0.1,23,"test",228,0.520397126674652,1
0.1,23,"test",229,0.528621315956116,1
0.1,23,"test",230,0.489365428686142,0
0.1,23,"test",231,0.507875800132751,1
0.1,23,"test",232,0.46830415725708,1
0.1,23,"test",233,0.474358320236206,1
0.1,23,"test",234,0.470059275627136,1
0.1,23,"test",235,0.473350614309311,1
0.1,23,"test",236,0.515718340873718,1
0.1,23,"test",237,0.515911519527435,0
0.1,23,"test",238,0.554932236671448,0
0.1,23,"test",239,0.561436116695404,0
0.1,23,"test",240,0.492241531610489,0
0.1,23,"test",241,0.486537754535675,0
0.1,23,"test",242,0.541440725326538,0
0.1,23,"test",243,0.528538584709167,0
0.1,23,"test",244,0.4879330098629,1
0.1,23,"test",245,0.487844854593277,1
0.1,23,"test",246,0.491428256034851,1
0.1,23,"test",247,0.486400485038757,1
0.1,23,"test",248,0.414899975061417,1
0.1,23,"test",249,0.384746938943863,1
0.1,23,"test",250,0.45993047952652,1
0.1,23,"test",251,0.481964498758316,1
0.1,23,"test",252,0.514288365840912,0
0.1,23,"test",253,0.506689488887787,0
0.1,23,"test",254,0.528621315956116,0
0.1,23,"test",255,0.521319687366486,1
0.1,23,"test",256,0.507875800132751,1
0.1,23,"test",257,0.500675320625305,1
0.1,23,"test",258,0.474358320236206,1
0.1,23,"test",259,0.500791311264038,1
0.1,23,"test",260,0.473350614309311,1
0.1,23,"test",261,0.472668945789337,1
0.1,23,"test",262,0.515911519527435,0
0.1,23,"test",263,0.521192848682404,0
0.1,23,"test",264,0.561436116695404,1
0.1,23,"test",265,0.555746078491211,1
0.1,23,"test",266,0.486537754535675,1
0.1,23,"test",267,0.49486717581749,1
0.1,23,"test",268,0.528538584709167,1
0.1,23,"test",269,0.521600365638733,1
0.1,23,"test",270,0.487844854593277,1
0.1,23,"test",271,0.466470092535019,1
0.1,23,"test",272,0.486400485038757,1
0.1,23,"test",273,0.496716976165771,1
0.1,23,"test",274,0.384746938943863,1
0.1,23,"test",275,0.355552762746811,1
0.1,23,"test",276,0.481964498758316,1
0.1,23,"test",277,0.487916082143784,1
0.1,23,"test",278,0.506689488887787,0
0.1,23,"test",279,0.5265052318573,0
0.1,23,"test",280,0.521319687366486,0
0.1,23,"test",281,0.517156541347504,0
0.1,23,"test",282,0.500675320625305,0
0.1,23,"test",283,0.506606459617615,0
0.1,23,"test",284,0.500791311264038,0
0.1,23,"test",285,0.479090511798859,0
0.1,23,"test",286,0.472668945789337,0
0.1,23,"test",287,0.476284831762314,0
0.1,23,"test",288,0.521192848682404,0
0.1,23,"test",289,0.517171680927277,0
0.1,23,"test",290,0.555746078491211,0
0.1,23,"test",291,0.552915990352631,0
0.1,23,"test",292,0.49486717581749,1
0.1,23,"test",293,0.503409266471863,1
0.1,23,"test",294,0.521600365638733,1
0.1,23,"test",295,0.522231638431549,0
0.1,23,"test",296,0.466470092535019,0
0.1,23,"test",297,0.475699096918106,1
0.1,23,"test",298,0.496716976165771,0
0.1,23,"test",299,0.490000933408737,0
0.1,23,"test",300,0.355552762746811,1
0.1,23,"test",301,0.385899066925049,1
0.1,23,"test",302,0.487916082143784,1
0.1,23,"test",303,0.453962326049805,0
0.1,23,"test",304,0.5265052318573,1
0.1,23,"test",305,0.553284645080566,0
0.1,27,"val",1,0.510994434356689,0
0.1,27,"val",2,0.463514983654022,1
0.1,27,"val",3,0.473519533872604,0
0.1,27,"val",4,0.475542098283768,1
0.1,27,"val",5,0.467496693134308,1
0.1,27,"val",6,0.429510682821274,1
0.1,27,"val",7,0.419677257537842,1
0.1,27,"val",8,0.490232646465302,1
0.1,27,"val",9,0.488623052835464,1
0.1,27,"val",10,0.514055371284485,1
0.1,27,"val",11,0.51479834318161,1
0.1,27,"val",12,0.52468204498291,1
0.1,27,"val",13,0.5091952085495,1
0.1,27,"val",14,0.494680523872375,1
0.1,27,"val",15,0.498450994491577,1
0.1,27,"val",16,0.498104780912399,1
0.1,27,"val",17,0.503760397434235,1
0.1,27,"val",18,0.508335113525391,1
0.1,27,"val",19,0.49625837802887,1
0.1,27,"val",20,0.517869830131531,1
0.1,27,"val",21,0.515392005443573,1
0.1,27,"val",22,0.569162905216217,1
0.1,27,"val",23,0.557770431041718,0
0.1,27,"val",24,0.47915518283844,0
0.1,27,"val",25,0.517639219760895,1
0.1,27,"val",26,0.510994434356689,0
0.1,27,"val",27,0.513507425785065,0
0.1,27,"val",28,0.473519533872604,0
0.1,27,"val",29,0.465583026409149,1
0.1,27,"val",30,0.467496693134308,1
0.1,27,"val",31,0.465532571077347,0
0.1,27,"val",32,0.419677257537842,0
0.1,27,"val",33,0.445314288139343,0
0.1,27,"val",34,0.488623052835464,0
0.1,27,"val",35,0.482705354690552,0
0.1,27,"val",36,0.51479834318161,0
0.1,27,"val",37,0.514285981655121,1
0.1,27,"val",38,0.5091952085495,1
0.1,27,"val",39,0.511916399002075,1
0.1,27,"val",40,0.498450994491577,0
0.1,27,"val",41,0.494708120822906,0
0.1,27,"val",42,0.503760397434235,0
0.1,27,"val",43,0.502502918243408,0
0.1,27,"val",44,0.49625837802887,0
0.1,27,"val",45,0.501309216022491,0
0.1,27,"val",46,0.515392005443573,0
0.1,27,"val",47,0.512777030467987,1
0.1,27,"val",48,0.557770431041718,1
0.1,27,"val",49,0.553748250007629,1
0.1,27,"val",50,0.517639219760895,1
0.1,27,"val",51,0.497428089380264,1
0.1,27,"val",52,0.513507425785065,1
0.1,27,"val",53,0.512733817100525,1
0.1,27,"val",54,0.465583026409149,1
0.1,27,"val",55,0.452789157629013,1
0.1,27,"val",56,0.465532571077347,1
0.1,27,"val",57,0.473021030426025,1
0.1,27,"val",58,0.445314288139343,1
0.1,27,"val",59,0.433393776416779,1
0.1,27,"val",60,0.482705354690552,1
0.1,27,"val",61,0.484589219093323,0
0.1,27,"val",62,0.514285981655121,1
0.1,27,"val",63,0.51494836807251,0
0.1,27,"val",64,0.511916399002075,0
0.1,27,"val",65,0.515046417713165,1
0.1,27,"val",66,0.494708120822906,1
0.1,27,"val",67,0.498212456703186,1
0.1,27,"val",68,0.502502918243408,1
0.1,27,"val",69,0.50342071056366,1
0.1,27,"val",70,0.501309216022491,1
0.1,27,"val",71,0.503095865249634,1
0.1,27,"val",72,0.512777030467987,1
0.1,27,"val",73,0.520073056221008,1
0.1,27,"val",74,0.553748250007629,1
0.1,27,"val",75,0.561709344387054,1
0.1,27,"val",76,0.497428089380264,0
0.1,27,"val",77,0.512381672859192,1
0.1,27,"val",78,0.512733817100525,1
0.1,27,"val",79,0.515337824821472,0
0.1,27,"val",80,0.452789157629013,0
0.1,27,"val",81,0.465367168188095,0
0.1,27,"val",82,0.473021030426025,1
0.1,27,"val",83,0.477264940738678,0
0.1,27,"val",84,0.433393776416779,0
0.1,27,"val",85,0.457860946655273,0
0.1,27,"val",86,0.484589219093323,1
0.1,27,"val",87,0.4970383644104,1
0.1,27,"val",88,0.51494836807251,1
0.1,27,"val",89,0.516133725643158,0
0.1,27,"val",90,0.515046417713165,0
0.1,27,"val",91,0.513866722583771,0
0.1,27,"val",92,0.498212456703186,0
0.1,27,"val",93,0.496036291122437,0
0.1,27,"val",94,0.50342071056366,0
0.1,27,"val",95,0.49978893995285,0
0.1,27,"val",96,0.503095865249634,1
0.1,27,"val",97,0.50086784362793,1
0.1,27,"val",98,0.520073056221008,1
0.1,27,"val",99,0.511284053325653,1
0.1,27,"val",100,0.561709344387054,0
0.1,27,"val",101,0.590443670749664,0
0.1,27,"val",102,0.512381672859192,0
0.1,27,"val",103,0.511358201503754,0
0.1,27,"val",104,0.515337824821472,1
0.1,27,"val",105,0.511292457580566,1
0.1,27,"val",106,0.465367168188095,1
0.1,27,"val",107,0.476038426160812,1
0.1,27,"val",108,0.477264940738678,1
0.1,27,"val",109,0.477640569210052,0
0.1,27,"val",110,0.457860946655273,0
0.1,27,"val",111,0.459703207015991,1
0.1,27,"val",112,0.4970383644104,1
0.1,27,"val",113,0.484808772802353,1
0.1,27,"val",114,0.516133725643158,0
0.1,27,"val",115,0.517463743686676,1
0.1,27,"val",116,0.513866722583771,0
0.1,27,"val",117,0.511288642883301,1
0.1,27,"val",118,0.496036291122437,1
0.1,27,"val",119,0.49941474199295,1
0.1,27,"val",120,0.49978893995285,0
0.1,27,"val",121,0.497032016515732,0
0.1,27,"val",122,0.50086784362793,0
0.1,27,"val",123,0.502757906913757,1
0.1,27,"val",124,0.511284053325653,1
0.1,27,"val",125,0.513824999332428,1
0.1,27,"val",126,0.590443670749664,1
0.1,27,"val",127,0.585128843784332,1
0.1,27,"val",128,0.511358201503754,1
0.1,27,"val",129,0.48808541893959,1
0.1,27,"val",130,0.511292457580566,1
0.1,27,"val",131,0.504637777805328,0
0.1,27,"val",132,0.476038426160812,0
0.1,27,"val",133,0.475929647684097,1
0.1,27,"val",134,0.477640569210052,1
0.1,27,"val",135,0.477457195520401,0
0.1,27,"val",136,0.459703207015991,0
0.1,27,"val",137,0.429868638515472,0
0.1,27,"val",138,0.484808772802353,0
0.1,27,"val",139,0.486995697021484,0
0.1,27,"val",140,0.517463743686676,0
0.1,27,"val",141,0.515811920166016,1
0.1,27,"val",142,0.511288642883301,1
0.1,27,"val",143,0.516382813453674,1
0.1,27,"val",144,0.49941474199295,0
0.1,27,"val",145,0.498161852359772,0
0.1,27,"val",146,0.497032016515732,0
0.1,27,"val",147,0.493784129619598,0
0.1,27,"val",148,0.502757906913757,0
0.1,27,"val",149,0.50719690322876,0
0.1,27,"val",150,0.513824999332428,0
0.1,27,"val",151,0.514017760753632,0
0.1,27,"val",152,0.585128843784332,1
0.1,27,"val",153,0.581606149673462,0
0.1,27,"val",154,0.48808541893959,1
0.1,27,"val",155,0.414638727903366,0
0.1,27,"val",156,0.504637777805328,0
0.1,27,"val",157,0.505933165550232,0
0.1,27,"val",158,0.475929647684097,0
0.1,27,"val",159,0.468222945928574,1
0.1,27,"val",160,0.477457195520401,1
0.1,27,"val",161,0.472880005836487,1
0.1,27,"val",162,0.429868638515472,1
0.1,27,"val",163,0.4460688829422,1
0.1,27,"val",164,0.486995697021484,0
0.1,27,"val",165,0.490009993314743,0
0.1,27,"val",166,0.515811920166016,0
0.1,27,"val",167,0.513063371181488,0
0.1,27,"val",168,0.516382813453674,1
0.1,27,"val",169,0.512277722358704,0
0.1,27,"val",170,0.498161852359772,0
0.1,27,"val",171,0.495947778224945,0
0.1,27,"val",172,0.493784129619598,1
0.1,27,"val",173,0.491228669881821,1
0.1,27,"val",174,0.50719690322876,1
0.1,27,"val",175,0.488345175981522,0
0.1,27,"val",176,0.514017760753632,0
0.1,27,"val",177,0.522136926651001,1
0.1,27,"val",178,0.581606149673462,0
0.1,27,"val",179,0.579036176204681,1
0.1,27,"val",180,0.414638727903366,0
0.1,27,"val",181,0.442959427833557,1
0.1,27,"val",182,0.505933165550232,1
0.1,27,"val",183,0.506994128227234,1
0.1,27,"val",184,0.468222945928574,0
0.1,27,"val",185,0.466010332107544,0
0.1,27,"val",186,0.472880005836487,0
0.1,27,"val",187,0.479624539613724,0
0.1,27,"val",188,0.4460688829422,0
0.1,27,"val",189,0.451651185750961,0
0.1,27,"val",190,0.490009993314743,0
0.1,27,"val",191,0.460843294858932,1
0.1,27,"val",192,0.513063371181488,0
0.1,27,"val",193,0.512893497943878,0
0.1,27,"val",194,0.512277722358704,0
0.1,27,"val",195,0.515195608139038,1
0.1,27,"val",196,0.495947778224945,1
0.1,27,"val",197,0.495891988277435,1
0.1,27,"val",198,0.491228669881821,1
0.1,27,"val",199,0.489135831594467,0
0.1,27,"val",200,0.488345175981522,0
0.1,27,"val",201,0.509148716926575,0
0.1,27,"val",202,0.522136926651001,0
0.1,27,"val",203,0.513958990573883,1
0.1,27,"val",204,0.579036176204681,1
0.1,27,"val",205,0.574356198310852,1
0.1,27,"val",206,0.442959427833557,0
0.1,27,"val",207,0.444198578596115,0
0.1,27,"val",208,0.506994128227234,0
0.1,27,"val",209,0.50366747379303,1
0.1,27,"val",210,0.466010332107544,1
0.1,27,"val",211,0.463251680135727,1
0.1,27,"val",212,0.479624539613724,1
0.1,27,"val",213,0.485188275575638,1
0.1,27,"val",214,0.451651185750961,1
0.1,27,"val",215,0.460387915372849,0
0.1,27,"val",216,0.460843294858932,0
0.1,27,"val",217,0.479487776756287,0
0.1,27,"val",218,0.512893497943878,0
0.1,27,"val",219,0.512882649898529,0
0.1,27,"val",220,0.515195608139038,0
0.1,27,"val",221,0.509587347507477,1
0.1,27,"val",222,0.495891988277435,1
0.1,27,"val",223,0.500025570392609,1
0.1,27,"val",224,0.489135831594467,0
0.1,27,"val",225,0.49383881688118,1
0.1,27,"val",226,0.509148716926575,1
0.1,27,"val",227,0.50332236289978,1
0.1,27,"val",228,0.513958990573883,0
0.1,27,"val",229,0.513004243373871,0
0.1,27,"val",230,0.574356198310852,0
0.1,27,"val",231,0.563530921936035,0
0.1,27,"val",232,0.444198578596115,0
0.1,27,"val",233,0.509621620178223,0
0.1,27,"val",234,0.50366747379303,0
0.1,27,"val",235,0.513017594814301,0
0.1,27,"val",236,0.463251680135727,0
0.1,27,"val",237,0.460047513246536,0
0.1,27,"val",238,0.485188275575638,1
0.1,27,"val",239,0.484489679336548,0
0.1,27,"val",240,0.460387915372849,0
0.1,27,"val",241,0.459955632686615,0
0.1,27,"val",242,0.479487776756287,0
0.1,27,"val",243,0.465767800807953,1
0.1,27,"val",244,0.512882649898529,1
0.1,27,"val",245,0.514630794525146,1
0.1,27,"val",246,0.509587347507477,0
0.1,27,"val",247,0.512781918048859,1
0.1,27,"val",248,0.500025570392609,1
0.1,27,"val",249,0.499426901340485,0
0.1,27,"val",250,0.49383881688118,1
0.1,27,"val",251,0.467036992311478,1
0.1,27,"val",252,0.50332236289978,1
0.1,27,"val",253,0.503240704536438,1
0.1,27,"val",254,0.513004243373871,0
0.1,27,"val",255,0.496130526065826,0
0.1,27,"val",256,0.563530921936035,0
0.1,27,"val",257,0.557993173599243,0
0.1,27,"val",258,0.509621620178223,1
0.1,27,"val",259,0.438306391239166,1
0.1,27,"val",260,0.513017594814301,1
0.1,27,"val",261,0.51088547706604,1
0.1,27,"val",262,0.460047513246536,1
0.1,27,"val",263,0.471191972494125,0
0.1,27,"val",264,0.484489679336548,0
0.1,27,"val",265,0.480373919010162,1
0.1,27,"val",266,0.459955632686615,1
0.1,27,"val",267,0.457796722650528,0
0.1,27,"val",268,0.465767800807953,0
0.1,27,"val",269,0.46423265337944,0
0.1,27,"val",270,0.514630794525146,1
0.1,27,"val",271,0.513805449008942,1
0.1,27,"val",272,0.512781918048859,1
0.1,27,"val",273,0.509766936302185,1
0.1,27,"val",274,0.499426901340485,0
0.1,27,"val",275,0.500497221946716,0
0.1,27,"val",276,0.467036992311478,0
0.1,27,"val",277,0.474722474813461,0
0.1,27,"val",278,0.503240704536438,1
0.1,27,"val",279,0.493829637765884,1
0.1,27,"val",280,0.496130526065826,1
0.1,27,"val",281,0.5020592212677,1
0.1,27,"val",282,0.557993173599243,1
0.1,27,"val",283,0.550664007663727,1
0.1,27,"val",284,0.438306391239166,0
0.1,27,"val",285,0.503042936325073,0
0.1,27,"val",286,0.51088547706604,0
0.1,27,"val",287,0.5057053565979,0
0.1,27,"val",288,0.471191972494125,0
0.1,27,"val",289,0.470876097679138,0
0.1,27,"val",290,0.480373919010162,0
0.1,27,"val",291,0.479686141014099,0
0.1,27,"val",292,0.457796722650528,0
0.1,27,"val",293,0.457422077655792,0
0.1,27,"val",294,0.46423265337944,1
0.1,27,"val",295,0.465698212385178,1
0.1,27,"val",296,0.513805449008942,0
0.1,27,"val",297,0.512487232685089,0
0.1,27,"val",298,0.509766936302185,0
0.1,27,"val",299,0.519008994102478,1
0.1,27,"val",300,0.500497221946716,1
0.1,27,"val",301,0.50132954120636,1
0.1,27,"val",302,0.474722474813461,0
0.1,27,"val",303,0.476616442203522,0
0.1,27,"val",304,0.493829637765884,0
0.1,27,"test",1,0.493411540985107,0
0.1,27,"test",2,0.5020592212677,0
0.1,27,"test",3,0.500887036323547,1
0.1,27,"test",4,0.550664007663727,1
0.1,27,"test",5,0.542739808559418,1
0.1,27,"test",6,0.503042936325073,1
0.1,27,"test",7,0.502400100231171,1
0.1,27,"test",8,0.5057053565979,1
0.1,27,"test",9,0.509686946868896,1
0.1,27,"test",10,0.470876097679138,1
0.1,27,"test",11,0.468983083963394,1
0.1,27,"test",12,0.479686141014099,1
0.1,27,"test",13,0.488267332315445,1
0.1,27,"test",14,0.457422077655792,1
0.1,27,"test",15,0.441530376672745,1
0.1,27,"test",16,0.465698212385178,1
0.1,27,"test",17,0.468143165111542,0
0.1,27,"test",18,0.512487232685089,0
0.1,27,"test",19,0.516397416591644,0
0.1,27,"test",20,0.519008994102478,1
0.1,27,"test",21,0.52480685710907,1
0.1,27,"test",22,0.50132954120636,1
0.1,27,"test",23,0.501187562942505,0
0.1,27,"test",24,0.476616442203522,0
0.1,27,"test",25,0.493136286735535,0
0.1,27,"test",26,0.493411540985107,1
0.1,27,"test",27,0.508521318435669,1
0.1,27,"test",28,0.500887036323547,1
0.1,27,"test",29,0.504149675369263,0
0.1,27,"test",30,0.542739808559418,0
0.1,27,"test",31,0.537774503231049,0
0.1,27,"test",32,0.502400100231171,0
0.1,27,"test",33,0.500038743019104,0
0.1,27,"test",34,0.509686946868896,1
0.1,27,"test",35,0.505518436431885,1
0.1,27,"test",36,0.468983083963394,1
0.1,27,"test",37,0.47580361366272,1
0.1,27,"test",38,0.488267332315445,1
0.1,27,"test",39,0.472904682159424,1
0.1,27,"test",40,0.441530376672745,1
0.1,27,"test",41,0.451259642839432,1
0.1,27,"test",42,0.468143165111542,0
0.1,27,"test",43,0.473695695400238,0
0.1,27,"test",44,0.516397416591644,1
0.1,27,"test",45,0.517260134220123,1
0.1,27,"test",46,0.52480685710907,1
0.1,27,"test",47,0.52946525812149,0
0.1,27,"test",48,0.501187562942505,0
0.1,27,"test",49,0.502813100814819,0
0.1,27,"test",50,0.493136286735535,0
0.1,27,"test",51,0.476753681898117,1
0.1,27,"test",52,0.508521318435669,1
0.1,27,"test",53,0.509573638439178,1
0.1,27,"test",54,0.504149675369263,1
0.1,27,"test",55,0.511503875255585,0
0.1,27,"test",56,0.537774503231049,0
0.1,27,"test",57,0.54749321937561,0
0.1,27,"test",58,0.500038743019104,0
0.1,27,"test",59,0.491372883319855,1
0.1,27,"test",60,0.505518436431885,1
0.1,27,"test",61,0.503762364387512,1
0.1,27,"test",62,0.47580361366272,0
0.1,27,"test",63,0.478716999292374,1
0.1,27,"test",64,0.472904652357101,1
0.1,27,"test",65,0.47417488694191,1
0.1,27,"test",66,0.451259642839432,1
0.1,27,"test",67,0.444252848625183,1
0.1,27,"test",68,0.473695695400238,0
0.1,27,"test",69,0.492287009954453,0
0.1,27,"test",70,0.517260134220123,0
0.1,27,"test",71,0.516630947589874,1
0.1,27,"test",72,0.52946525812149,1
0.1,27,"test",73,0.51677793264389,0
0.1,27,"test",74,0.502813100814819,0
0.1,27,"test",75,0.498273074626923,0
0.1,27,"test",76,0.476753681898117,0
0.1,27,"test",77,0.49062380194664,0
0.1,27,"test",78,0.509573638439178,1
0.1,27,"test",79,0.497726559638977,0
0.1,27,"test",80,0.511503875255585,0
0.1,27,"test",81,0.517129242420197,1
0.1,27,"test",82,0.54749321937561,1
0.1,27,"test",83,0.569006443023682,1
0.1,27,"test",84,0.491372883319855,1
0.1,27,"test",85,0.479943692684174,0
0.1,27,"test",86,0.503762364387512,0
0.1,27,"test",87,0.513551890850067,0
0.1,27,"test",88,0.478716999292374,0
0.1,27,"test",89,0.472789645195007,0
0.1,27,"test",90,0.47417488694191,0
0.1,27,"test",91,0.480029553174973,1
0.1,27,"test",92,0.444252848625183,0
0.1,27,"test",93,0.434859484434128,0
0.1,27,"test",94,0.492287009954453,0
0.1,27,"test",95,0.49050897359848,0
0.1,27,"test",96,0.516630947589874,0
0.1,27,"test",97,0.513274371623993,1
0.1,27,"test",98,0.51677793264389,1
0.1,27,"test",99,0.513177096843719,1
0.1,27,"test",100,0.498273074626923,1
0.1,27,"test",101,0.499588966369629,1
0.1,27,"test",102,0.49062380194664,0
0.1,27,"test",103,0.482682347297668,0
0.1,27,"test",104,0.497726559638977,0
0.1,27,"test",105,0.482079654932022,0
0.1,27,"test",106,0.517129242420197,0
0.1,27,"test",107,0.523787379264832,0
0.1,27,"test",108,0.569006443023682,0
0.1,27,"test",109,0.552188158035278,0
0.1,27,"test",110,0.479943692684174,1
0.1,27,"test",111,0.490478724241257,1
0.1,27,"test",112,0.513551890850067,1
0.1,27,"test",113,0.505278468132019,0
0.1,27,"test",114,0.472789645195007,1
0.1,27,"test",115,0.45930540561676,1
0.1,27,"test",116,0.480029553174973,1
0.1,27,"test",117,0.475965470075607,1
0.1,27,"test",118,0.434859484434128,1
0.1,27,"test",119,0.432286411523819,0
0.1,27,"test",120,0.49050897359848,0
0.1,27,"test",121,0.485900640487671,0
0.1,27,"test",122,0.513274371623993,1
0.1,27,"test",123,0.514714121818542,1
0.1,27,"test",124,0.513177096843719,1
0.1,27,"test",125,0.516742765903473,0
0.1,27,"test",126,0.499588966369629,0
0.1,27,"test",127,0.499409556388855,0
0.1,27,"test",128,0.482682347297668,1
0.1,27,"test",129,0.486043334007263,1
0.1,27,"test",130,0.482079654932022,1
0.1,27,"test",131,0.477292895317078,1
0.1,27,"test",132,0.523787379264832,0
0.1,27,"test",133,0.510694980621338,0
0.1,27,"test",134,0.552188158035278,0
0.1,27,"test",135,0.556681156158447,0
0.1,27,"test",136,0.490478724241257,0
0.1,27,"test",137,0.433899283409119,1
0.1,27,"test",138,0.505278468132019,1
0.1,27,"test",139,0.50616455078125,1
0.1,27,"test",140,0.45930540561676,1
0.1,27,"test",141,0.477631211280823,1
0.1,27,"test",142,0.475965470075607,1
0.1,27,"test",143,0.482667148113251,1
0.1,27,"test",144,0.432286411523819,1
0.1,27,"test",145,0.439845025539398,1
0.1,27,"test",146,0.485900640487671,1
0.1,27,"test",147,0.461613327264786,1
0.1,27,"test",148,0.514714121818542,1
0.1,27,"test",149,0.514548778533936,1
0.1,27,"test",150,0.516742765903473,1
0.1,27,"test",151,0.512297868728638,1
0.1,27,"test",152,0.499409556388855,0
0.1,27,"test",153,0.497182846069336,0
0.1,27,"test",154,0.486043334007263,1
0.1,27,"test",155,0.492322534322739,1
0.1,27,"test",156,0.477292895317078,1
0.1,27,"test",157,0.491196632385254,0
0.1,27,"test",158,0.510694980621338,0
0.1,27,"test",159,0.538522720336914,0
0.1,27,"test",160,0.556681156158447,0
0.1,27,"test",161,0.554004549980164,0
0.1,27,"test",162,0.433899283409119,0
0.1,27,"test",163,0.488339364528656,0
0.1,27,"test",164,0.50616455078125,0
0.1,27,"test",165,0.508884489536285,1
0.1,27,"test",166,0.477631211280823,1
0.1,27,"test",167,0.477185785770416,0
0.1,27,"test",168,0.482667148113251,1
0.1,27,"test",169,0.482939630746841,1
0.1,27,"test",170,0.439845025539398,1
0.1,27,"test",171,0.430946946144104,0
0.1,27,"test",172,0.461613327264786,0
0.1,27,"test",173,0.459084898233414,1
0.1,27,"test",174,0.514548778533936,1
0.1,27,"test",175,0.517491400241852,1
0.1,27,"test",176,0.512297868728638,1
0.1,27,"test",177,0.515019714832306,0
0.1,27,"test",178,0.497182846069336,0
0.1,27,"test",179,0.494818180799484,0
0.1,27,"test",180,0.492322534322739,0
0.1,27,"test",181,0.499208182096481,0
0.1,27,"test",182,0.491196632385254,0
0.1,27,"test",183,0.480897665023804,0
0.1,27,"test",184,0.538522720336914,0
0.1,27,"test",185,0.524819493293762,0
0.1,27,"test",186,0.554004549980164,1
0.1,27,"test",187,0.553082883358002,0
0.1,27,"test",188,0.488339364528656,0
0.1,27,"test",189,0.507155299186707,0
0.1,27,"test",190,0.508884489536285,0
0.1,27,"test",191,0.504981517791748,0
0.1,27,"test",192,0.477185785770416,0
0.1,27,"test",193,0.473904103040695,0
0.1,27,"test",194,0.482939630746841,0
0.1,27,"test",195,0.4796042740345,0
0.1,27,"test",196,0.430946946144104,0
0.1,27,"test",197,0.436287462711334,1
0.1,27,"test",198,0.459084898233414,1
0.1,27,"test",199,0.454954236745834,1
0.1,27,"test",200,0.517491400241852,0
0.1,27,"test",201,0.51590895652771,0
0.1,27,"test",202,0.515019714832306,1
0.1,27,"test",203,0.516471683979034,0
0.1,27,"test",204,0.494818180799484,0
0.1,27,"test",205,0.496125757694244,0
0.1,27,"test",206,0.499208182096481,1
0.1,27,"test",207,0.46460822224617,0
0.1,27,"test",208,0.480897665023804,0
0.1,27,"test",209,0.476527333259583,0
0.1,27,"test",210,0.524819493293762,0
0.1,27,"test",211,0.525291800498962,0
0.1,27,"test",212,0.553082883358002,1
0.1,27,"test",213,0.551150500774384,0
0.1,27,"test",214,0.507155299186707,1
0.1,27,"test",215,0.508835256099701,1
0.1,27,"test",216,0.504981517791748,1
0.1,27,"test",217,0.524568676948547,0
0.1,27,"test",218,0.473904103040695,0
0.1,27,"test",219,0.47030109167099,1
0.1,27,"test",220,0.4796042740345,1
0.1,27,"test",221,0.487362563610077,0
0.1,27,"test",222,0.436287462711334,1
0.1,27,"test",223,0.453117102384567,1
0.1,27,"test",224,0.454954236745834,1
0.1,27,"test",225,0.460730850696564,0
0.1,27,"test",226,0.51590895652771,0
0.1,27,"test",227,0.515536785125732,0
0.1,27,"test",228,0.516471683979034,1
0.1,27,"test",229,0.520603477954865,1
0.1,27,"test",230,0.496125757694244,0
0.1,27,"test",231,0.499386787414551,1
0.1,27,"test",232,0.46460822224617,1
0.1,27,"test",233,0.475241005420685,1
0.1,27,"test",234,0.476527333259583,1
0.1,27,"test",235,0.494377762079239,1
0.1,27,"test",236,0.525291800498962,1
0.1,27,"test",237,0.525305211544037,0
0.1,27,"test",238,0.551150500774384,0
0.1,27,"test",239,0.560870170593262,0
0.1,27,"test",240,0.508835256099701,0
0.1,27,"test",241,0.456979155540466,0
0.1,27,"test",242,0.524568676948547,0
0.1,27,"test",243,0.518072068691254,0
0.1,27,"test",244,0.47030109167099,1
0.1,27,"test",245,0.467857599258423,1
0.1,27,"test",246,0.487362563610077,1
0.1,27,"test",247,0.480532556772232,1
0.1,27,"test",248,0.453117102384567,1
0.1,27,"test",249,0.43231937289238,1
0.1,27,"test",250,0.460730850696564,1
0.1,27,"test",251,0.473864763975143,1
0.1,27,"test",252,0.515536785125732,0
0.1,27,"test",253,0.513844609260559,0
0.1,27,"test",254,0.520603477954865,0
0.1,27,"test",255,0.517181932926178,1
0.1,27,"test",256,0.499386787414551,1
0.1,27,"test",257,0.49883234500885,1
0.1,27,"test",258,0.475241005420685,1
0.1,27,"test",259,0.488506853580475,1
0.1,27,"test",260,0.494377762079239,1
0.1,27,"test",261,0.491262406110764,1
0.1,27,"test",262,0.525305211544037,0
0.1,27,"test",263,0.530751466751099,0
0.1,27,"test",264,0.560870170593262,1
0.1,27,"test",265,0.554268658161163,1
0.1,27,"test",266,0.456979155540466,1
0.1,27,"test",267,0.439196169376373,1
0.1,27,"test",268,0.518072068691254,1
0.1,27,"test",269,0.506153523921967,1
0.1,27,"test",270,0.467857599258423,1
0.1,27,"test",271,0.456638842821121,1
0.1,27,"test",272,0.480532556772232,1
0.1,27,"test",273,0.488588482141495,1
0.1,27,"test",274,0.43231937289238,1
0.1,27,"test",275,0.415843993425369,1
0.1,27,"test",276,0.473864763975143,1
0.1,27,"test",277,0.473465025424957,1
0.1,27,"test",278,0.513844609260559,0
0.1,27,"test",279,0.517057716846466,0
0.1,27,"test",280,0.517181932926178,0
0.1,27,"test",281,0.512428045272827,0
0.1,27,"test",282,0.49883234500885,0
0.1,27,"test",283,0.498114198446274,0
0.1,27,"test",284,0.488506853580475,0
0.1,27,"test",285,0.479450404644012,0
0.1,27,"test",286,0.491262406110764,0
0.1,27,"test",287,0.503716826438904,0
0.1,27,"test",288,0.530751466751099,0
0.1,27,"test",289,0.532956719398499,0
0.1,27,"test",290,0.554268658161163,0
0.1,27,"test",291,0.553777396678925,0
0.1,27,"test",292,0.439196169376373,1
0.1,27,"test",293,0.508074820041656,1
0.1,27,"test",294,0.506153523921967,1
0.1,27,"test",295,0.506552517414093,0
0.1,27,"test",296,0.456638842821121,0
0.1,27,"test",297,0.474531382322311,1
0.1,27,"test",298,0.488588482141495,0
0.1,27,"test",299,0.487243175506592,0
0.1,27,"test",300,0.415843993425369,1
0.1,27,"test",301,0.433446884155273,1
0.1,27,"test",302,0.473465025424957,1
0.1,27,"test",303,0.45017147064209,0
0.1,27,"test",304,0.517057716846466,1
0.1,27,"test",305,0.520470261573792,0
0.1,98,"val",1,0.523820996284485,0
0.1,98,"val",2,0.510910272598267,1
0.1,98,"val",3,0.507035851478577,0
0.1,98,"val",4,0.478820860385895,1
0.1,98,"val",5,0.472431212663651,1
0.1,98,"val",6,0.430880725383759,1
0.1,98,"val",7,0.423019975423813,1
0.1,98,"val",8,0.493461042642593,1
0.1,98,"val",9,0.489672660827637,1
0.1,98,"val",10,0.526786923408508,1
0.1,98,"val",11,0.527722895145416,1
0.1,98,"val",12,0.521477997303009,1
0.1,98,"val",13,0.515683770179749,1
0.1,98,"val",14,0.507118940353394,1
0.1,98,"val",15,0.513143181800842,1
0.1,98,"val",16,0.479776591062546,1
0.1,98,"val",17,0.483179241418839,1
0.1,98,"val",18,0.491611897945404,1
0.1,98,"val",19,0.495442390441895,1
0.1,98,"val",20,0.517221868038177,1
0.1,98,"val",21,0.520425081253052,1
0.1,98,"val",22,0.523327946662903,1
0.1,98,"val",23,0.521338760852814,0
0.1,98,"val",24,0.473871469497681,0
0.1,98,"val",25,0.507124543190002,1
0.1,98,"val",26,0.523820996284485,0
0.1,98,"val",27,0.519702017307281,0
0.1,98,"val",28,0.507035851478577,0
0.1,98,"val",29,0.512671113014221,1
0.1,98,"val",30,0.472431212663651,1
0.1,98,"val",31,0.471852451562881,0
0.1,98,"val",32,0.423019975423813,0
0.1,98,"val",33,0.447454810142517,0
0.1,98,"val",34,0.489672660827637,0
0.1,98,"val",35,0.482677161693573,0
0.1,98,"val",36,0.527722895145416,0
0.1,98,"val",37,0.526940762996674,1
0.1,98,"val",38,0.515683770179749,1
0.1,98,"val",39,0.516506791114807,1
0.1,98,"val",40,0.513143181800842,0
0.1,98,"val",41,0.509270846843719,0
0.1,98,"val",42,0.483179241418839,0
0.1,98,"val",43,0.4929438829422,0
0.1,98,"val",44,0.495442390441895,0
0.1,98,"val",45,0.4867302775383,0
0.1,98,"val",46,0.520425081253052,0
0.1,98,"val",47,0.528378069400787,1
0.1,98,"val",48,0.521338760852814,1
0.1,98,"val",49,0.534964561462402,1
0.1,98,"val",50,0.507124543190002,1
0.1,98,"val",51,0.479759961366653,1
0.1,98,"val",52,0.519702017307281,1
0.1,98,"val",53,0.518399238586426,1
0.1,98,"val",54,0.512671113014221,1
0.1,98,"val",55,0.505957841873169,1
0.1,98,"val",56,0.471852451562881,1
0.1,98,"val",57,0.476320862770081,1
0.1,98,"val",58,0.447454810142517,1
0.1,98,"val",59,0.437572777271271,1
0.1,98,"val",60,0.482677161693573,1
0.1,98,"val",61,0.486585080623627,0
0.1,98,"val",62,0.526940762996674,1
0.1,98,"val",63,0.532474756240845,0
0.1,98,"val",64,0.516506791114807,0
0.1,98,"val",65,0.51831316947937,1
0.1,98,"val",66,0.509270846843719,1
0.1,98,"val",67,0.513716280460358,1
0.1,98,"val",68,0.4929438829422,1
0.1,98,"val",69,0.490092873573303,1
0.1,98,"val",70,0.4867302775383,1
0.1,98,"val",71,0.492594808340073,1
0.1,98,"val",72,0.528378069400787,1
0.1,98,"val",73,0.522666215896606,1
0.1,98,"val",74,0.534964561462402,1
0.1,98,"val",75,0.524704337120056,1
0.1,98,"val",76,0.479759961366653,0
0.1,98,"val",77,0.490299910306931,1
0.1,98,"val",78,0.518399238586426,1
0.1,98,"val",79,0.51505172252655,0
0.1,98,"val",80,0.505957841873169,0
0.1,98,"val",81,0.503298044204712,0
0.1,98,"val",82,0.476320862770081,1
0.1,98,"val",83,0.479507207870483,0
0.1,98,"val",84,0.437572777271271,0
0.1,98,"val",85,0.460731625556946,0
0.1,98,"val",86,0.486585080623627,1
0.1,98,"val",87,0.500855445861816,1
0.1,98,"val",88,0.532474756240845,1
0.1,98,"val",89,0.53318202495575,0
0.1,98,"val",90,0.51831316947937,0
0.1,98,"val",91,0.518325567245483,0
0.1,98,"val",92,0.513716280460358,0
0.1,98,"val",93,0.510988354682922,0
0.1,98,"val",94,0.490092873573303,0
0.1,98,"val",95,0.489360123872757,0
0.1,98,"val",96,0.492594808340073,1
0.1,98,"val",97,0.488984316587448,1
0.1,98,"val",98,0.522666215896606,1
0.1,98,"val",99,0.51982969045639,1
0.1,98,"val",100,0.524704337120056,0
0.1,98,"val",101,0.53579717874527,0
0.1,98,"val",102,0.490299910306931,0
0.1,98,"val",103,0.494430541992188,0
0.1,98,"val",104,0.51505172252655,1
0.1,98,"val",105,0.518028855323792,1
0.1,98,"val",106,0.503298044204712,1
0.1,98,"val",107,0.50457376241684,1
0.1,98,"val",108,0.479507207870483,1
0.1,98,"val",109,0.480310022830963,0
0.1,98,"val",110,0.460731625556946,0
0.1,98,"val",111,0.461224645376205,1
0.1,98,"val",112,0.500855445861816,1
0.1,98,"val",113,0.489981383085251,1
0.1,98,"val",114,0.53318202495575,0
0.1,98,"val",115,0.536628901958466,1
0.1,98,"val",116,0.518325567245483,0
0.1,98,"val",117,0.517474830150604,1
0.1,98,"val",118,0.510988354682922,1
0.1,98,"val",119,0.516005873680115,1
0.1,98,"val",120,0.489360123872757,0
0.1,98,"val",121,0.49755397439003,0
0.1,98,"val",122,0.488984316587448,0
0.1,98,"val",123,0.490803509950638,1
0.1,98,"val",124,0.51982969045639,1
0.1,98,"val",125,0.523047089576721,1
0.1,98,"val",126,0.53579717874527,1
0.1,98,"val",127,0.532023787498474,1
0.1,98,"val",128,0.494430541992188,1
0.1,98,"val",129,0.47772490978241,1
0.1,98,"val",130,0.518028855323792,1
0.1,98,"val",131,0.511296153068542,0
0.1,98,"val",132,0.50457376241684,0
0.1,98,"val",133,0.502928137779236,1
0.1,98,"val",134,0.480310022830963,1
0.1,98,"val",135,0.479546874761581,0
0.1,98,"val",136,0.461224645376205,0
0.1,98,"val",137,0.431992650032043,0
0.1,98,"val",138,0.489981383085251,0
0.1,98,"val",139,0.489626735448837,0
0.1,98,"val",140,0.536628901958466,0
0.1,98,"val",141,0.532255351543427,1
0.1,98,"val",142,0.517474830150604,1
0.1,98,"val",143,0.518695473670959,1
0.1,98,"val",144,0.516005873680115,0
0.1,98,"val",145,0.512779235839844,0
0.1,98,"val",146,0.49755397439003,0
0.1,98,"val",147,0.486418783664703,0
0.1,98,"val",148,0.490803509950638,0
0.1,98,"val",149,0.48404198884964,0
0.1,98,"val",150,0.523047089576721,0
0.1,98,"val",151,0.517215013504028,0
0.1,98,"val",152,0.532023787498474,1
0.1,98,"val",153,0.527431309223175,0
0.1,98,"val",154,0.47772490978241,1
0.1,98,"val",155,0.478838920593262,0
0.1,98,"val",156,0.511296153068542,0
0.1,98,"val",157,0.511857748031616,0
0.1,98,"val",158,0.502928137779236,0
0.1,98,"val",159,0.508840143680573,1
0.1,98,"val",160,0.479546874761581,1
0.1,98,"val",161,0.476514339447021,1
0.1,98,"val",162,0.431992650032043,1
0.1,98,"val",163,0.449429512023926,1
0.1,98,"val",164,0.489626735448837,0
0.1,98,"val",165,0.495422899723053,0
0.1,98,"val",166,0.532255351543427,0
0.1,98,"val",167,0.52802973985672,0
0.1,98,"val",168,0.518695473670959,1
0.1,98,"val",169,0.516701102256775,0
0.1,98,"val",170,0.512779235839844,0
0.1,98,"val",171,0.509679436683655,0
0.1,98,"val",172,0.486418783664703,1
0.1,98,"val",173,0.488505631685257,1
0.1,98,"val",174,0.48404198884964,1
0.1,98,"val",175,0.488391607999802,0
0.1,98,"val",176,0.517215013504028,0
0.1,98,"val",177,0.515598773956299,1
0.1,98,"val",178,0.527431309223175,0
0.1,98,"val",179,0.552968204021454,1
0.1,98,"val",180,0.478838920593262,0
0.1,98,"val",181,0.47726982831955,1
0.1,98,"val",182,0.511857748031616,1
0.1,98,"val",183,0.516577661037445,1
0.1,98,"val",184,0.508840143680573,0
0.1,98,"val",185,0.515150249004364,0
0.1,98,"val",186,0.476514339447021,0
0.1,98,"val",187,0.482062131166458,0
0.1,98,"val",188,0.449429512023926,0
0.1,98,"val",189,0.450674384832382,0
0.1,98,"val",190,0.495422899723053,0
0.1,98,"val",191,0.460373371839523,1
0.1,98,"val",192,0.52802973985672,0
0.1,98,"val",193,0.523008167743683,0
0.1,98,"val",194,0.516701102256775,0
0.1,98,"val",195,0.518373370170593,1
0.1,98,"val",196,0.509679436683655,1
0.1,98,"val",197,0.509578704833984,1
0.1,98,"val",198,0.488505631685257,1
0.1,98,"val",199,0.490325957536697,0
0.1,98,"val",200,0.488391607999802,0
0.1,98,"val",201,0.47796419262886,0
0.1,98,"val",202,0.515598773956299,0
0.1,98,"val",203,0.511378586292267,1
0.1,98,"val",204,0.552968204021454,1
0.1,98,"val",205,0.539020955562592,1
0.1,98,"val",206,0.47726982831955,0
0.1,98,"val",207,0.476765543222427,0
0.1,98,"val",208,0.516577661037445,0
0.1,98,"val",209,0.516328394412994,1
0.1,98,"val",210,0.515150249004364,1
0.1,98,"val",211,0.515633702278137,1
0.1,98,"val",212,0.482062131166458,1
0.1,98,"val",213,0.48697429895401,1
0.1,98,"val",214,0.450674384832382,1
0.1,98,"val",215,0.463689506053925,0
0.1,98,"val",216,0.460373371839523,0
0.1,98,"val",217,0.47935751080513,0
0.1,98,"val",218,0.523008167743683,0
0.1,98,"val",219,0.523064374923706,0
0.1,98,"val",220,0.518373370170593,0
0.1,98,"val",221,0.515447199344635,1
0.1,98,"val",222,0.509578704833984,1
0.1,98,"val",223,0.515734970569611,1
0.1,98,"val",224,0.490325957536697,0
0.1,98,"val",225,0.49494680762291,1
0.1,98,"val",226,0.47796419262886,1
0.1,98,"val",227,0.488175451755524,1
0.1,98,"val",228,0.511378586292267,0
0.1,98,"val",229,0.51392537355423,0
0.1,98,"val",230,0.539020955562592,0
0.1,98,"val",231,0.52571564912796,0
0.1,98,"val",232,0.476765543222427,0
0.1,98,"val",233,0.486020535230637,0
0.1,98,"val",234,0.516328394412994,0
0.1,98,"val",235,0.518722772598267,0
0.1,98,"val",236,0.515633702278137,0
0.1,98,"val",237,0.515138566493988,0
0.1,98,"val",238,0.48697429895401,1
0.1,98,"val",239,0.487043440341949,0
0.1,98,"val",240,0.463689506053925,0
0.1,98,"val",241,0.461790025234222,0
0.1,98,"val",242,0.47935751080513,0
0.1,98,"val",243,0.464500397443771,1
0.1,98,"val",244,0.523064374923706,1
0.1,98,"val",245,0.529020071029663,1
0.1,98,"val",246,0.515447199344635,0
0.1,98,"val",247,0.517528355121613,1
0.1,98,"val",248,0.515734970569611,1
0.1,98,"val",249,0.515744745731354,0
0.1,98,"val",250,0.49494680762291,1
0.1,98,"val",251,0.487635910511017,1
0.1,98,"val",252,0.488175451755524,1
0.1,98,"val",253,0.489564806222916,1
0.1,98,"val",254,0.51392537355423,0
0.1,98,"val",255,0.515046298503876,0
0.1,98,"val",256,0.52571564912796,0
0.1,98,"val",257,0.519199848175049,0
0.1,98,"val",258,0.486020535230637,1
0.1,98,"val",259,0.483998447656631,1
0.1,98,"val",260,0.518722772598267,1
0.1,98,"val",261,0.510143101215363,1
0.1,98,"val",262,0.515138566493988,1
0.1,98,"val",263,0.505669832229614,0
0.1,98,"val",264,0.487043440341949,0
0.1,98,"val",265,0.482405513525009,1
0.1,98,"val",266,0.461790025234222,1
0.1,98,"val",267,0.460756540298462,0
0.1,98,"val",268,0.464500397443771,0
0.1,98,"val",269,0.46570685505867,0
0.1,98,"val",270,0.529020071029663,1
0.1,98,"val",271,0.528044581413269,1
0.1,98,"val",272,0.517528355121613,1
0.1,98,"val",273,0.51574581861496,1
0.1,98,"val",274,0.515744745731354,0
0.1,98,"val",275,0.516944706439972,0
0.1,98,"val",276,0.487635910511017,0
0.1,98,"val",277,0.491186261177063,0
0.1,98,"val",278,0.489564806222916,1
0.1,98,"val",279,0.496033579111099,1
0.1,98,"val",280,0.515046298503876,1
0.1,98,"val",281,0.512810587882996,1
0.1,98,"val",282,0.519199848175049,1
0.1,98,"val",283,0.517040908336639,1
0.1,98,"val",284,0.483998447656631,0
0.1,98,"val",285,0.476286917924881,0
0.1,98,"val",286,0.510143101215363,0
0.1,98,"val",287,0.512408673763275,0
0.1,98,"val",288,0.505669832229614,0
0.1,98,"val",289,0.50416100025177,0
0.1,98,"val",290,0.482405513525009,0
0.1,98,"val",291,0.48163890838623,0
0.1,98,"val",292,0.460756540298462,0
0.1,98,"val",293,0.460509359836578,0
0.1,98,"val",294,0.46570685505867,1
0.1,98,"val",295,0.469563901424408,1
0.1,98,"val",296,0.528044581413269,0
0.1,98,"val",297,0.524820625782013,0
0.1,98,"val",298,0.51574581861496,0
0.1,98,"val",299,0.520778596401215,1
0.1,98,"val",300,0.516944706439972,1
0.1,98,"val",301,0.518117129802704,1
0.1,98,"val",302,0.491186261177063,0
0.1,98,"val",303,0.487070053815842,0
0.1,98,"val",304,0.496033579111099,0
0.1,98,"test",1,0.495422005653381,0
0.1,98,"test",2,0.512810587882996,0
0.1,98,"test",3,0.516972064971924,1
0.1,98,"test",4,0.517040908336639,1
0.1,98,"test",5,0.515716075897217,1
0.1,98,"test",6,0.476286917924881,1
0.1,98,"test",7,0.486829161643982,1
0.1,98,"test",8,0.512408673763275,1
0.1,98,"test",9,0.512832641601562,1
0.1,98,"test",10,0.50416100025177,1
0.1,98,"test",11,0.503900349140167,1
0.1,98,"test",12,0.48163890838623,1
0.1,98,"test",13,0.491191953420639,1
0.1,98,"test",14,0.460509359836578,1
0.1,98,"test",15,0.442186206579208,1
0.1,98,"test",16,0.469563901424408,1
0.1,98,"test",17,0.473669528961182,0
0.1,98,"test",18,0.524820625782013,0
0.1,98,"test",19,0.533004343509674,0
0.1,98,"test",20,0.520778596401215,1
0.1,98,"test",21,0.522264540195465,1
0.1,98,"test",22,0.518117129802704,1
0.1,98,"test",23,0.517435967922211,0
0.1,98,"test",24,0.487070053815842,0
0.1,98,"test",25,0.491862595081329,0
0.1,98,"test",26,0.495422005653381,1
0.1,98,"test",27,0.494348287582397,1
0.1,98,"test",28,0.516972064971924,1
0.1,98,"test",29,0.518782734870911,0
0.1,98,"test",30,0.515716075897217,0
0.1,98,"test",31,0.514130890369415,0
0.1,98,"test",32,0.486829161643982,0
0.1,98,"test",33,0.480066418647766,0
0.1,98,"test",34,0.512832641601562,1
0.1,98,"test",35,0.516440510749817,1
0.1,98,"test",36,0.503900349140167,1
0.1,98,"test",37,0.49845352768898,1
0.1,98,"test",38,0.491191953420639,1
0.1,98,"test",39,0.47583743929863,1
0.1,98,"test",40,0.442186206579208,1
0.1,98,"test",41,0.450175821781158,1
0.1,98,"test",42,0.473669528961182,0
0.1,98,"test",43,0.475622355937958,0
0.1,98,"test",44,0.533004343509674,1
0.1,98,"test",45,0.537374675273895,1
0.1,98,"test",46,0.522264540195465,1
0.1,98,"test",47,0.523024678230286,0
0.1,98,"test",48,0.517435967922211,0
0.1,98,"test",49,0.518759965896606,0
0.1,98,"test",50,0.491862595081329,0
0.1,98,"test",51,0.485293626785278,1
0.1,98,"test",52,0.494348287582397,1
0.1,98,"test",53,0.481676012277603,1
0.1,98,"test",54,0.518782734870911,1
0.1,98,"test",55,0.516641199588776,0
0.1,98,"test",56,0.514130830764771,0
0.1,98,"test",57,0.516560971736908,0
0.1,98,"test",58,0.480066418647766,0
0.1,98,"test",59,0.472261488437653,1
0.1,98,"test",60,0.516440510749817,1
0.1,98,"test",61,0.507513642311096,1
0.1,98,"test",62,0.49845352768898,0
0.1,98,"test",63,0.497833788394928,1
0.1,98,"test",64,0.47583743929863,1
0.1,98,"test",65,0.47652193903923,1
0.1,98,"test",66,0.450175821781158,1
0.1,98,"test",67,0.445257425308228,1
0.1,98,"test",68,0.475622355937958,0
0.1,98,"test",69,0.496476829051971,0
0.1,98,"test",70,0.537374675273895,0
0.1,98,"test",71,0.534202814102173,1
0.1,98,"test",72,0.523024678230286,1
0.1,98,"test",73,0.518909335136414,0
0.1,98,"test",74,0.518759965896606,0
0.1,98,"test",75,0.513466477394104,0
0.1,98,"test",76,0.485293626785278,0
0.1,98,"test",77,0.495364546775818,0
0.1,98,"test",78,0.481676012277603,1
0.1,98,"test",79,0.493476748466492,0
0.1,98,"test",80,0.516641199588776,0
0.1,98,"test",81,0.51264101266861,1
0.1,98,"test",82,0.516560971736908,1
0.1,98,"test",83,0.524737894535065,1
0.1,98,"test",84,0.472261488437653,1
0.1,98,"test",85,0.472173064947128,0
0.1,98,"test",86,0.507513642311096,0
0.1,98,"test",87,0.520882785320282,0
0.1,98,"test",88,0.497833788394928,0
0.1,98,"test",89,0.501474380493164,0
0.1,98,"test",90,0.47652193903923,0
0.1,98,"test",91,0.481622964143753,1
0.1,98,"test",92,0.445257425308228,0
0.1,98,"test",93,0.434744238853455,0
0.1,98,"test",94,0.496476829051971,0
0.1,98,"test",95,0.49595707654953,0
0.1,98,"test",96,0.534202814102173,0
0.1,98,"test",97,0.536526083946228,1
0.1,98,"test",98,0.518909335136414,1
0.1,98,"test",99,0.517956793308258,1
0.1,98,"test",100,0.513466477394104,1
0.1,98,"test",101,0.515677571296692,1
0.1,98,"test",102,0.495364546775818,0
0.1,98,"test",103,0.493588119745255,0
0.1,98,"test",104,0.493476748466492,0
0.1,98,"test",105,0.498326897621155,0
0.1,98,"test",106,0.51264101266861,0
0.1,98,"test",107,0.513971626758575,0
0.1,98,"test",108,0.524737894535065,0
0.1,98,"test",109,0.517857491970062,0
0.1,98,"test",110,0.472173064947128,1
0.1,98,"test",111,0.472158581018448,1
0.1,98,"test",112,0.520882785320282,1
0.1,98,"test",113,0.517525136470795,0
0.1,98,"test",114,0.501474380493164,1
0.1,98,"test",115,0.514379382133484,1
0.1,98,"test",116,0.481622964143753,1
0.1,98,"test",117,0.478550493717194,1
0.1,98,"test",118,0.434744238853455,1
0.1,98,"test",119,0.432354956865311,0
0.1,98,"test",120,0.49595707654953,0
0.1,98,"test",121,0.49007859826088,0
0.1,98,"test",122,0.536526083946228,1
0.1,98,"test",123,0.529908835887909,1
0.1,98,"test",124,0.517956793308258,1
0.1,98,"test",125,0.519055843353271,0
0.1,98,"test",126,0.515677571296692,0
0.1,98,"test",127,0.515168249607086,0
0.1,98,"test",128,0.493588119745255,1
0.1,98,"test",129,0.500031113624573,1
0.1,98,"test",130,0.498326897621155,1
0.1,98,"test",131,0.494055300951004,1
0.1,98,"test",132,0.513971626758575,0
0.1,98,"test",133,0.511240243911743,0
0.1,98,"test",134,0.517857491970062,0
0.1,98,"test",135,0.519351899623871,0
0.1,98,"test",136,0.472158581018448,0
0.1,98,"test",137,0.477321892976761,1
0.1,98,"test",138,0.517525136470795,1
0.1,98,"test",139,0.51555210351944,1
0.1,98,"test",140,0.514379382133484,1
0.1,98,"test",141,0.509368419647217,1
0.1,98,"test",142,0.478550493717194,1
0.1,98,"test",143,0.484964907169342,1
0.1,98,"test",144,0.432354956865311,1
0.1,98,"test",145,0.442430913448334,1
0.1,98,"test",146,0.49007859826088,1
0.1,98,"test",147,0.462588310241699,1
0.1,98,"test",148,0.529908835887909,1
0.1,98,"test",149,0.529692351818085,1
0.1,98,"test",150,0.519055843353271,1
0.1,98,"test",151,0.517143189907074,1
0.1,98,"test",152,0.515168249607086,0
0.1,98,"test",153,0.511902511119843,0
0.1,98,"test",154,0.500031113624573,1
0.1,98,"test",155,0.500195264816284,1
0.1,98,"test",156,0.494055300951004,1
0.1,98,"test",157,0.482318699359894,0
0.1,98,"test",158,0.511240243911743,0
0.1,98,"test",159,0.519883155822754,0
0.1,98,"test",160,0.519351899623871,0
0.1,98,"test",161,0.518008232116699,0
0.1,98,"test",162,0.477321892976761,0
0.1,98,"test",163,0.473868280649185,0
0.1,98,"test",164,0.51555210351944,0
0.1,98,"test",165,0.516621470451355,1
0.1,98,"test",166,0.509368419647217,1
0.1,98,"test",167,0.512454807758331,0
0.1,98,"test",168,0.484964907169342,1
0.1,98,"test",169,0.486980080604553,1
0.1,98,"test",170,0.442430913448334,1
0.1,98,"test",171,0.43432292342186,0
0.1,98,"test",172,0.462588310241699,0
0.1,98,"test",173,0.457680732011795,1
0.1,98,"test",174,0.529692351818085,1
0.1,98,"test",175,0.536071360111237,1
0.1,98,"test",176,0.517143189907074,1
0.1,98,"test",177,0.519049525260925,0
0.1,98,"test",178,0.511902511119843,0
0.1,98,"test",179,0.509575068950653,0
0.1,98,"test",180,0.500195264816284,0
0.1,98,"test",181,0.502666890621185,0
0.1,98,"test",182,0.482318699359894,0
0.1,98,"test",183,0.495268791913986,0
0.1,98,"test",184,0.519883155822754,0
0.1,98,"test",185,0.516178607940674,0
0.1,98,"test",186,0.518008232116699,1
0.1,98,"test",187,0.517742931842804,0
0.1,98,"test",188,0.473868280649185,0
0.1,98,"test",189,0.479183852672577,0
0.1,98,"test",190,0.516621470451355,0
0.1,98,"test",191,0.511549115180969,0
0.1,98,"test",192,0.512454807758331,0
0.1,98,"test",193,0.504709601402283,0
0.1,98,"test",194,0.486980080604553,0
0.1,98,"test",195,0.482943922281265,0
0.1,98,"test",196,0.43432292342186,0
0.1,98,"test",197,0.439771175384521,1
0.1,98,"test",198,0.457680732011795,1
0.1,98,"test",199,0.455143630504608,1
0.1,98,"test",200,0.536071360111237,0
0.1,98,"test",201,0.5323885679245,0
0.1,98,"test",202,0.519049525260925,1
0.1,98,"test",203,0.52090448141098,0
0.1,98,"test",204,0.509575068950653,0
0.1,98,"test",205,0.510133266448975,0
0.1,98,"test",206,0.502666890621185,1
0.1,98,"test",207,0.49476158618927,0
0.1,98,"test",208,0.495268791913986,0
0.1,98,"test",209,0.500231742858887,0
0.1,98,"test",210,0.516178607940674,0
0.1,98,"test",211,0.512221395969391,0
0.1,98,"test",212,0.517742931842804,1
0.1,98,"test",213,0.51744419336319,0
0.1,98,"test",214,0.479183852672577,1
0.1,98,"test",215,0.478734195232391,1
0.1,98,"test",216,0.511549055576324,1
0.1,98,"test",217,0.516243278980255,0
0.1,98,"test",218,0.504709601402283,0
0.1,98,"test",219,0.520991861820221,1
0.1,98,"test",220,0.482943922281265,1
0.1,98,"test",221,0.49173104763031,0
0.1,98,"test",222,0.439771175384521,1
0.1,98,"test",223,0.454398840665817,1
0.1,98,"test",224,0.455143630504608,1
0.1,98,"test",225,0.461726278066635,0
0.1,98,"test",226,0.5323885679245,0
0.1,98,"test",227,0.53084272146225,0
0.1,98,"test",228,0.52090448141098,1
0.1,98,"test",229,0.520172953605652,1
0.1,98,"test",230,0.510133266448975,0
0.1,98,"test",231,0.514909982681274,1
0.1,98,"test",232,0.49476158618927,1
0.1,98,"test",233,0.503066837787628,1
0.1,98,"test",234,0.500231742858887,1
0.1,98,"test",235,0.494152784347534,1
0.1,98,"test",236,0.512221395969391,1
0.1,98,"test",237,0.512350857257843,0
0.1,98,"test",238,0.51744419336319,0
0.1,98,"test",239,0.52113264799118,0
0.1,98,"test",240,0.478734195232391,0
0.1,98,"test",241,0.470672965049744,0
0.1,98,"test",242,0.516243278980255,0
0.1,98,"test",243,0.518118917942047,0
0.1,98,"test",244,0.520991861820221,1
0.1,98,"test",245,0.522081971168518,1
0.1,98,"test",246,0.49173104763031,1
0.1,98,"test",247,0.483986288309097,1
0.1,98,"test",248,0.454398840665817,1
0.1,98,"test",249,0.435218244791031,1
0.1,98,"test",250,0.461726278066635,1
0.1,98,"test",251,0.476491928100586,1
0.1,98,"test",252,0.53084272146225,0
0.1,98,"test",253,0.547518610954285,0
0.1,98,"test",254,0.520172953605652,0
0.1,98,"test",255,0.520953357219696,1
0.1,98,"test",256,0.514909982681274,1
0.1,98,"test",257,0.512956202030182,1
0.1,98,"test",258,0.503066837787628,1
0.1,98,"test",259,0.483593761920929,1
0.1,98,"test",260,0.494152784347534,1
0.1,98,"test",261,0.496080577373505,1
0.1,98,"test",262,0.512350857257843,0
0.1,98,"test",263,0.51345956325531,0
0.1,98,"test",264,0.52113264799118,1
0.1,98,"test",265,0.518083155155182,1
0.1,98,"test",266,0.470672965049744,1
0.1,98,"test",267,0.465979248285294,1
0.1,98,"test",268,0.518118917942047,1
0.1,98,"test",269,0.522047698497772,1
0.1,98,"test",270,0.522081971168518,1
0.1,98,"test",271,0.519094467163086,1
0.1,98,"test",272,0.483986288309097,1
0.1,98,"test",273,0.494608998298645,1
0.1,98,"test",274,0.435218244791031,1
0.1,98,"test",275,0.415339559316635,1
0.1,98,"test",276,0.476491928100586,1
0.1,98,"test",277,0.472820311784744,1
0.1,98,"test",278,0.547518610954285,0
0.1,98,"test",279,0.550144791603088,0
0.1,98,"test",280,0.520953357219696,0
0.1,98,"test",281,0.518376648426056,0
0.1,98,"test",282,0.512956202030182,0
0.1,98,"test",283,0.513811230659485,0
0.1,98,"test",284,0.483593761920929,0
0.1,98,"test",285,0.493090987205505,0
0.1,98,"test",286,0.496080577373505,0
0.1,98,"test",287,0.487561792135239,0
0.1,98,"test",288,0.51345956325531,0
0.1,98,"test",289,0.510453760623932,0
0.1,98,"test",290,0.518083155155182,0
0.1,98,"test",291,0.518378138542175,0
0.1,98,"test",292,0.465979248285294,1
0.1,98,"test",293,0.472643673419952,1
0.1,98,"test",294,0.522047698497772,1
0.1,98,"test",295,0.519442677497864,0
0.1,98,"test",296,0.519094467163086,0
0.1,98,"test",297,0.511579692363739,1
0.1,98,"test",298,0.494608998298645,0
0.1,98,"test",299,0.491198420524597,0
0.1,98,"test",300,0.415339559316635,1
0.1,98,"test",301,0.436021775007248,1
0.1,98,"test",302,0.472820311784744,1
0.1,98,"test",303,0.442642211914062,0
0.1,98,"test",304,0.550144791603088,1
0.1,98,"test",305,0.544394075870514,0
0.1,41,"val",1,0.472359657287598,0
0.1,41,"val",2,0.483128100633621,1
0.1,41,"val",3,0.488367229700089,0
0.1,41,"val",4,0.482696175575256,1
0.1,41,"val",5,0.471217840909958,1
0.1,41,"val",6,0.395667344331741,1
0.1,41,"val",7,0.3840691447258,1
0.1,41,"val",8,0.49748495221138,1
0.1,41,"val",9,0.498518884181976,1
0.1,41,"val",10,0.498706132173538,1
0.1,41,"val",11,0.513150870800018,1
0.1,41,"val",12,0.515663206577301,1
0.1,41,"val",13,0.507117211818695,1
0.1,41,"val",14,0.497976273298264,1
0.1,41,"val",15,0.506223261356354,1
0.1,41,"val",16,0.503508567810059,1
0.1,41,"val",17,0.50840151309967,1
0.1,41,"val",18,0.49333980679512,1
0.1,41,"val",19,0.464766561985016,1
0.1,41,"val",20,0.532999336719513,1
0.1,41,"val",21,0.529799580574036,1
0.1,41,"val",22,0.561832070350647,1
0.1,41,"val",23,0.547259271144867,0
0.1,41,"val",24,0.487799376249313,0
0.1,41,"val",25,0.506645798683167,1
0.1,41,"val",26,0.472359657287598,0
0.1,41,"val",27,0.503599166870117,0
0.1,41,"val",28,0.488367229700089,0
0.1,41,"val",29,0.482032775878906,1
0.1,41,"val",30,0.471217840909958,1
0.1,41,"val",31,0.471675515174866,0
0.1,41,"val",32,0.3840691447258,0
0.1,41,"val",33,0.41956353187561,0
0.1,41,"val",34,0.498518884181976,0
0.1,41,"val",35,0.49070930480957,0
0.1,41,"val",36,0.513150870800018,0
0.1,41,"val",37,0.502872407436371,1
0.1,41,"val",38,0.507117211818695,1
0.1,41,"val",39,0.514351487159729,1
0.1,41,"val",40,0.506223261356354,0
0.1,41,"val",41,0.500058770179749,0
0.1,41,"val",42,0.50840151309967,0
0.1,41,"val",43,0.506605625152588,0
0.1,41,"val",44,0.464766561985016,0
0.1,41,"val",45,0.461467146873474,0
0.1,41,"val",46,0.529799580574036,0
0.1,41,"val",47,0.527031481266022,1
0.1,41,"val",48,0.547259271144867,1
0.1,41,"val",49,0.554933428764343,1
0.1,41,"val",50,0.506645798683167,1
0.1,41,"val",51,0.496040523052216,1
0.1,41,"val",52,0.503599166870117,1
0.1,41,"val",53,0.508119165897369,1
0.1,41,"val",54,0.482032775878906,1
0.1,41,"val",55,0.491204530000687,1
0.1,41,"val",56,0.471675515174866,1
0.1,41,"val",57,0.477894812822342,1
0.1,41,"val",58,0.41956353187561,1
0.1,41,"val",59,0.406164079904556,1
0.1,41,"val",60,0.49070930480957,1
0.1,41,"val",61,0.490853160619736,0
0.1,41,"val",62,0.502872407436371,1
0.1,41,"val",63,0.503862500190735,0
0.1,41,"val",64,0.514351487159729,0
0.1,41,"val",65,0.511642336845398,1
0.1,41,"val",66,0.500058770179749,1
0.1,41,"val",67,0.506222784519196,1
0.1,41,"val",68,0.506605625152588,1
0.1,41,"val",69,0.507463216781616,1
0.1,41,"val",70,0.461467146873474,1
0.1,41,"val",71,0.478920608758926,1
0.1,41,"val",72,0.527031481266022,1
0.1,41,"val",73,0.540114343166351,1
0.1,41,"val",74,0.554933428764343,1
0.1,41,"val",75,0.552730977535248,1
0.1,41,"val",76,0.496040523052216,0
0.1,41,"val",77,0.508371710777283,1
0.1,41,"val",78,0.508119165897369,1
0.1,41,"val",79,0.52459305524826,0
0.1,41,"val",80,0.491204530000687,0
0.1,41,"val",81,0.489988476037979,0
0.1,41,"val",82,0.477894812822342,1
0.1,41,"val",83,0.481042683124542,0
0.1,41,"val",84,0.406164079904556,0
0.1,41,"val",85,0.438739717006683,0
0.1,41,"val",86,0.490853160619736,1
0.1,41,"val",87,0.506399989128113,1
0.1,41,"val",88,0.503862500190735,1
0.1,41,"val",89,0.514148652553558,0
0.1,41,"val",90,0.511642336845398,0
0.1,41,"val",91,0.509259223937988,0
0.1,41,"val",92,0.506222784519196,0
0.1,41,"val",93,0.502734959125519,0
0.1,41,"val",94,0.507463216781616,0
0.1,41,"val",95,0.503476858139038,0
0.1,41,"val",96,0.478920608758926,1
0.1,41,"val",97,0.464959055185318,1
0.1,41,"val",98,0.540114343166351,1
0.1,41,"val",99,0.522107362747192,1
0.1,41,"val",100,0.552730977535248,0
0.1,41,"val",101,0.592104375362396,0
0.1,41,"val",102,0.508371710777283,0
0.1,41,"val",103,0.51336282491684,0
0.1,41,"val",104,0.52459305524826,1
0.1,41,"val",105,0.507322788238525,1
0.1,41,"val",106,0.489988476037979,1
0.1,41,"val",107,0.490956395864487,1
0.1,41,"val",108,0.481042683124542,1
0.1,41,"val",109,0.483441561460495,0
0.1,41,"val",110,0.438739717006683,0
0.1,41,"val",111,0.438770920038223,1
0.1,41,"val",112,0.506399989128113,1
0.1,41,"val",113,0.489195346832275,1
0.1,41,"val",114,0.514148652553558,0
0.1,41,"val",115,0.524856388568878,1
0.1,41,"val",116,0.509259223937988,0
0.1,41,"val",117,0.506438374519348,1
0.1,41,"val",118,0.502734959125519,1
0.1,41,"val",119,0.510705053806305,1
0.1,41,"val",120,0.503476858139038,0
0.1,41,"val",121,0.50120484828949,0
0.1,41,"val",122,0.464959055185318,0
0.1,41,"val",123,0.474387615919113,1
0.1,41,"val",124,0.522107362747192,1
0.1,41,"val",125,0.527685582637787,1
0.1,41,"val",126,0.592104375362396,1
0.1,41,"val",127,0.582111299037933,1
0.1,41,"val",128,0.51336282491684,1
0.1,41,"val",129,0.491259396076202,1
0.1,41,"val",130,0.507322788238525,1
0.1,41,"val",131,0.512090384960175,0
0.1,41,"val",132,0.490956395864487,0
0.1,41,"val",133,0.492062479257584,1
0.1,41,"val",134,0.483441561460495,1
0.1,41,"val",135,0.480679661035538,0
0.1,41,"val",136,0.438770920038223,0
0.1,41,"val",137,0.397194772958755,0
0.1,41,"val",138,0.489195346832275,0
0.1,41,"val",139,0.493584096431732,0
0.1,41,"val",140,0.524856388568878,0
0.1,41,"val",141,0.511645257472992,1
0.1,41,"val",142,0.506438374519348,1
0.1,41,"val",143,0.512864232063293,1
0.1,41,"val",144,0.510705053806305,0
0.1,41,"val",145,0.5058713555336,0
0.1,41,"val",146,0.50120484828949,0
0.1,41,"val",147,0.497430503368378,0
0.1,41,"val",148,0.474387615919113,0
0.1,41,"val",149,0.474546730518341,0
0.1,41,"val",150,0.527685582637787,0
0.1,41,"val",151,0.525999784469604,0
0.1,41,"val",152,0.582111299037933,1
0.1,41,"val",153,0.575659155845642,0
0.1,41,"val",154,0.491259396076202,1
0.1,41,"val",155,0.44870200753212,0
0.1,41,"val",156,0.512090384960175,0
0.1,41,"val",157,0.513590931892395,0
0.1,41,"val",158,0.492062479257584,0
0.1,41,"val",159,0.48562878370285,1
0.1,41,"val",160,0.480679661035538,1
0.1,41,"val",161,0.479045391082764,1
0.1,41,"val",162,0.397194772958755,1
0.1,41,"val",163,0.422955244779587,1
0.1,41,"val",164,0.493584096431732,0
0.1,41,"val",165,0.495815694332123,0
0.1,41,"val",166,0.511645257472992,0
0.1,41,"val",167,0.488462001085281,0
0.1,41,"val",168,0.512864232063293,1
0.1,41,"val",169,0.513052761554718,0
0.1,41,"val",170,0.5058713555336,0
0.1,41,"val",171,0.501794755458832,0
0.1,41,"val",172,0.497430503368378,1
0.1,41,"val",173,0.494745194911957,1
0.1,41,"val",174,0.474546730518341,1
0.1,41,"val",175,0.429997175931931,0
0.1,41,"val",176,0.525999784469604,0
0.1,41,"val",177,0.539877474308014,1
0.1,41,"val",178,0.575659155845642,0
0.1,41,"val",179,0.597448468208313,1
0.1,41,"val",180,0.44870200753212,0
0.1,41,"val",181,0.468509078025818,1
0.1,41,"val",182,0.513590931892395,1
0.1,41,"val",183,0.504820346832275,1
0.1,41,"val",184,0.48562878370285,0
0.1,41,"val",185,0.480148196220398,0
0.1,41,"val",186,0.479045391082764,0
0.1,41,"val",187,0.485021144151688,0
0.1,41,"val",188,0.422955244779587,0
0.1,41,"val",189,0.424116939306259,0
0.1,41,"val",190,0.495815694332123,0
0.1,41,"val",191,0.460704803466797,1
0.1,41,"val",192,0.488462001085281,0
0.1,41,"val",193,0.498496472835541,0
0.1,41,"val",194,0.513052761554718,0
0.1,41,"val",195,0.511712372303009,1
0.1,41,"val",196,0.501794755458832,1
0.1,41,"val",197,0.501654446125031,1
0.1,41,"val",198,0.494745194911957,1
0.1,41,"val",199,0.492705523967743,0
0.1,41,"val",200,0.429997175931931,0
0.1,41,"val",201,0.466963082551956,0
0.1,41,"val",202,0.539877474308014,0
0.1,41,"val",203,0.522679269313812,1
0.1,41,"val",204,0.597448468208313,1
0.1,41,"val",205,0.577079772949219,1
0.1,41,"val",206,0.468509078025818,0
0.1,41,"val",207,0.469388633966446,0
0.1,41,"val",208,0.504820346832275,0
0.1,41,"val",209,0.500238955020905,1
0.1,41,"val",210,0.480148196220398,1
0.1,41,"val",211,0.479079514741898,1
0.1,41,"val",212,0.485021144151688,1
0.1,41,"val",213,0.487570434808731,1
0.1,41,"val",214,0.424116939306259,1
0.1,41,"val",215,0.443148255348206,0
0.1,41,"val",216,0.460704803466797,0
0.1,41,"val",217,0.485983312129974,0
0.1,41,"val",218,0.498496472835541,0
0.1,41,"val",219,0.492945224046707,0
0.1,41,"val",220,0.511712372303009,0
0.1,41,"val",221,0.510756313800812,1
0.1,41,"val",222,0.501654446125031,1
0.1,41,"val",223,0.507886648178101,1
0.1,41,"val",224,0.492705523967743,0
0.1,41,"val",225,0.497631192207336,1
0.1,41,"val",226,0.466963082551956,1
0.1,41,"val",227,0.470790505409241,1
0.1,41,"val",228,0.522679269313812,0
0.1,41,"val",229,0.522712171077728,0
0.1,41,"val",230,0.577079772949219,0
0.1,41,"val",231,0.555063545703888,0
0.1,41,"val",232,0.469388633966446,0
0.1,41,"val",233,0.504625916481018,0
0.1,41,"val",234,0.500238955020905,0
0.1,41,"val",235,0.507260084152222,0
0.1,41,"val",236,0.479079514741898,0
0.1,41,"val",237,0.478893250226974,0
0.1,41,"val",238,0.487570434808731,1
0.1,41,"val",239,0.48946937918663,0
0.1,41,"val",240,0.443148255348206,0
0.1,41,"val",241,0.439684510231018,0
0.1,41,"val",242,0.485983312129974,0
0.1,41,"val",243,0.468061089515686,1
0.1,41,"val",244,0.492945224046707,1
0.1,41,"val",245,0.502009689807892,1
0.1,41,"val",246,0.510756313800812,0
0.1,41,"val",247,0.50969386100769,1
0.1,41,"val",248,0.507886648178101,1
0.1,41,"val",249,0.508384346961975,0
0.1,41,"val",250,0.497631192207336,1
0.1,41,"val",251,0.472912132740021,1
0.1,41,"val",252,0.470790505409241,1
0.1,41,"val",253,0.473383337259293,1
0.1,41,"val",254,0.522712171077728,0
0.1,41,"val",255,0.497423112392426,0
0.1,41,"val",256,0.555063545703888,0
0.1,41,"val",257,0.547723412513733,0
0.1,41,"val",258,0.504625916481018,1
0.1,41,"val",259,0.463090181350708,1
0.1,41,"val",260,0.507260084152222,1
0.1,41,"val",261,0.528176248073578,1
0.1,41,"val",262,0.478893250226974,1
0.1,41,"val",263,0.488714665174484,0
0.1,41,"val",264,0.48946937918663,0
0.1,41,"val",265,0.484258651733398,1
0.1,41,"val",266,0.439684510231018,1
0.1,41,"val",267,0.438827723264694,0
0.1,41,"val",268,0.468061089515686,0
0.1,41,"val",269,0.464072614908218,0
0.1,41,"val",270,0.502009689807892,1
0.1,41,"val",271,0.493922710418701,1
0.1,41,"val",272,0.50969386100769,1
0.1,41,"val",273,0.509056329727173,1
0.1,41,"val",274,0.508384346961975,0
0.1,41,"val",275,0.50928783416748,0
0.1,41,"val",276,0.472912132740021,0
0.1,41,"val",277,0.479741722345352,0
0.1,41,"val",278,0.473383337259293,1
0.1,41,"val",279,0.459431350231171,1
0.1,41,"val",280,0.497423112392426,1
0.1,41,"val",281,0.505488872528076,1
0.1,41,"val",282,0.547723412513733,1
0.1,41,"val",283,0.540291845798492,1
0.1,41,"val",284,0.463090181350708,0
0.1,41,"val",285,0.500463604927063,0
0.1,41,"val",286,0.528176248073578,0
0.1,41,"val",287,0.51198410987854,0
0.1,41,"val",288,0.488714665174484,0
0.1,41,"val",289,0.489788919687271,0
0.1,41,"val",290,0.484258651733398,0
0.1,41,"val",291,0.483161002397537,0
0.1,41,"val",292,0.438827723264694,0
0.1,41,"val",293,0.438558459281921,0
0.1,41,"val",294,0.464072614908218,1
0.1,41,"val",295,0.464817196130753,1
0.1,41,"val",296,0.493922710418701,0
0.1,41,"val",297,0.481556713581085,0
0.1,41,"val",298,0.509056329727173,0
0.1,41,"val",299,0.510418117046356,1
0.1,41,"val",300,0.50928783416748,1
0.1,41,"val",301,0.512276947498322,1
0.1,41,"val",302,0.479741722345352,0
0.1,41,"val",303,0.481081157922745,0
0.1,41,"val",304,0.459431350231171,0
0.1,41,"test",1,0.457146733999252,0
0.1,41,"test",2,0.505488872528076,0
0.1,41,"test",3,0.50457376241684,1
0.1,41,"test",4,0.540291845798492,1
0.1,41,"test",5,0.532292723655701,1
0.1,41,"test",6,0.500463604927063,1
0.1,41,"test",7,0.497262001037598,1
0.1,41,"test",8,0.51198410987854,1
0.1,41,"test",9,0.519079506397247,1
0.1,41,"test",10,0.489788919687271,1
0.1,41,"test",11,0.489675164222717,1
0.1,41,"test",12,0.483161002397537,1
0.1,41,"test",13,0.492376804351807,1
0.1,41,"test",14,0.438558459281921,1
0.1,41,"test",15,0.411936163902283,1
0.1,41,"test",16,0.464817196130753,1
0.1,41,"test",17,0.467350155115128,0
0.1,41,"test",18,0.481556713581085,0
0.1,41,"test",19,0.51791113615036,0
0.1,41,"test",20,0.510418117046356,1
0.1,41,"test",21,0.512841045856476,1
0.1,41,"test",22,0.512276947498322,1
0.1,41,"test",23,0.509169578552246,0
0.1,41,"test",24,0.481081157922745,0
0.1,41,"test",25,0.49667689204216,0
0.1,41,"test",26,0.457146733999252,1
0.1,41,"test",27,0.498989045619965,1
0.1,41,"test",28,0.50457376241684,1
0.1,41,"test",29,0.509949803352356,0
0.1,41,"test",30,0.532292723655701,0
0.1,41,"test",31,0.529740393161774,0
0.1,41,"test",32,0.497261971235275,0
0.1,41,"test",33,0.497661054134369,0
0.1,41,"test",34,0.519079506397247,1
0.1,41,"test",35,0.502819836139679,1
0.1,41,"test",36,0.489675164222717,1
0.1,41,"test",37,0.495194315910339,1
0.1,41,"test",38,0.492376804351807,1
0.1,41,"test",39,0.475874781608582,1
0.1,41,"test",40,0.411936163902283,1
0.1,41,"test",41,0.423482328653336,1
0.1,41,"test",42,0.467350155115128,0
0.1,41,"test",43,0.476410984992981,0
0.1,41,"test",44,0.51791113615036,1
0.1,41,"test",45,0.522117793560028,1
0.1,41,"test",46,0.512841045856476,1
0.1,41,"test",47,0.515887439250946,0
0.1,41,"test",48,0.509169578552246,0
0.1,41,"test",49,0.50929319858551,0
0.1,41,"test",50,0.49667689204216,0
0.1,41,"test",51,0.481241345405579,1
0.1,41,"test",52,0.498989045619965,1
0.1,41,"test",53,0.477491766214371,1
0.1,41,"test",54,0.509949803352356,1
0.1,41,"test",55,0.521413564682007,0
0.1,41,"test",56,0.529740393161774,0
0.1,41,"test",57,0.538260757923126,0
0.1,41,"test",58,0.497661054134369,0
0.1,41,"test",59,0.494209051132202,1
0.1,41,"test",60,0.502819836139679,1
0.1,41,"test",61,0.517150104045868,1
0.1,41,"test",62,0.495194315910339,0
0.1,41,"test",63,0.496594548225403,1
0.1,41,"test",64,0.475874781608582,1
0.1,41,"test",65,0.475819945335388,1
0.1,41,"test",66,0.423482328653336,1
0.1,41,"test",67,0.416245698928833,1
0.1,41,"test",68,0.476410984992981,0
0.1,41,"test",69,0.49953630566597,0
0.1,41,"test",70,0.522117793560028,0
0.1,41,"test",71,0.518561959266663,1
0.1,41,"test",72,0.515887439250946,1
0.1,41,"test",73,0.512734293937683,0
0.1,41,"test",74,0.50929319858551,0
0.1,41,"test",75,0.50611424446106,0
0.1,41,"test",76,0.481241345405579,0
0.1,41,"test",77,0.494528293609619,0
0.1,41,"test",78,0.477491766214371,1
0.1,41,"test",79,0.464970707893372,0
0.1,41,"test",80,0.521413564682007,0
0.1,41,"test",81,0.528660595417023,1
0.1,41,"test",82,0.538260757923126,1
0.1,41,"test",83,0.56390243768692,1
0.1,41,"test",84,0.494209051132202,1
0.1,41,"test",85,0.488600105047226,0
0.1,41,"test",86,0.517150104045868,0
0.1,41,"test",87,0.497198402881622,0
0.1,41,"test",88,0.496594488620758,0
0.1,41,"test",89,0.492228299379349,0
0.1,41,"test",90,0.475819945335388,0
0.1,41,"test",91,0.482178449630737,1
0.1,41,"test",92,0.416245698928833,0
0.1,41,"test",93,0.401827961206436,0
0.1,41,"test",94,0.49953630566597,0
0.1,41,"test",95,0.49644610285759,0
0.1,41,"test",96,0.518561959266663,0
0.1,41,"test",97,0.501030623912811,1
0.1,41,"test",98,0.512734293937683,1
0.1,41,"test",99,0.509055078029633,1
0.1,41,"test",100,0.50611424446106,1
0.1,41,"test",101,0.508026361465454,1
0.1,41,"test",102,0.494528293609619,0
0.1,41,"test",103,0.486959785223007,0
0.1,41,"test",104,0.464970707893372,0
0.1,41,"test",105,0.43664214015007,0
0.1,41,"test",106,0.528660595417023,0
0.1,41,"test",107,0.541332483291626,0
0.1,41,"test",108,0.56390243768692,0
0.1,41,"test",109,0.542763411998749,0
0.1,41,"test",110,0.488600105047226,1
0.1,41,"test",111,0.493768692016602,1
0.1,41,"test",112,0.497198402881622,1
0.1,41,"test",113,0.499947518110275,0
0.1,41,"test",114,0.492228299379349,1
0.1,41,"test",115,0.479482978582382,1
0.1,41,"test",116,0.482178449630737,1
0.1,41,"test",117,0.480419278144836,1
0.1,41,"test",118,0.401827961206436,1
0.1,41,"test",119,0.398381233215332,0
0.1,41,"test",120,0.49644610285759,0
0.1,41,"test",121,0.491122961044312,0
0.1,41,"test",122,0.501030623912811,1
0.1,41,"test",123,0.502006590366364,1
0.1,41,"test",124,0.509055078029633,1
0.1,41,"test",125,0.512079775333405,0
0.1,41,"test",126,0.508026361465454,0
0.1,41,"test",127,0.507515907287598,0
0.1,41,"test",128,0.486959785223007,1
0.1,41,"test",129,0.490966349840164,1
0.1,41,"test",130,0.43664214015007,1
0.1,41,"test",131,0.419481962919235,1
0.1,41,"test",132,0.541332483291626,0
0.1,41,"test",133,0.51763653755188,0
0.1,41,"test",134,0.542763411998749,0
0.1,41,"test",135,0.547631442546844,0
0.1,41,"test",136,0.493768692016602,0
0.1,41,"test",137,0.463206797838211,1
0.1,41,"test",138,0.499947518110275,1
0.1,41,"test",139,0.505918681621552,1
0.1,41,"test",140,0.479482978582382,1
0.1,41,"test",141,0.488333702087402,1
0.1,41,"test",142,0.480419278144836,1
0.1,41,"test",143,0.487371563911438,1
0.1,41,"test",144,0.398381233215332,1
0.1,41,"test",145,0.412476420402527,1
0.1,41,"test",146,0.491122961044312,1
0.1,41,"test",147,0.460815727710724,1
0.1,41,"test",148,0.502006590366364,1
0.1,41,"test",149,0.5004763007164,1
0.1,41,"test",150,0.512079775333405,1
0.1,41,"test",151,0.510074138641357,1
0.1,41,"test",152,0.507515907287598,0
0.1,41,"test",153,0.504450559616089,0
0.1,41,"test",154,0.490966349840164,1
0.1,41,"test",155,0.496855199337006,1
0.1,41,"test",156,0.419481962919235,1
0.1,41,"test",157,0.421991884708405,0
0.1,41,"test",158,0.51763653755188,0
0.1,41,"test",159,0.587591946125031,0
0.1,41,"test",160,0.547631442546844,0
0.1,41,"test",161,0.543602824211121,0
0.1,41,"test",162,0.463206797838211,0
0.1,41,"test",163,0.492347359657288,0
0.1,41,"test",164,0.505918681621552,0
0.1,41,"test",165,0.507771968841553,1
0.1,41,"test",166,0.488333702087402,1
0.1,41,"test",167,0.48604878783226,0
0.1,41,"test",168,0.487371563911438,1
0.1,41,"test",169,0.493869841098785,1
0.1,41,"test",170,0.412476420402527,1
0.1,41,"test",171,0.400921672582626,0
0.1,41,"test",172,0.460815727710724,0
0.1,41,"test",173,0.458977222442627,1
0.1,41,"test",174,0.5004763007164,1
0.1,41,"test",175,0.526266157627106,1
0.1,41,"test",176,0.510074138641357,1
0.1,41,"test",177,0.509215474128723,0
0.1,41,"test",178,0.504450559616089,0
0.1,41,"test",179,0.500750780105591,0
0.1,41,"test",180,0.496855199337006,0
0.1,41,"test",181,0.504248738288879,0
0.1,41,"test",182,0.421991884708405,0
0.1,41,"test",183,0.428470939397812,0
0.1,41,"test",184,0.587591946125031,0
0.1,41,"test",185,0.545602798461914,0
0.1,41,"test",186,0.543602824211121,1
0.1,41,"test",187,0.542495489120483,0
0.1,41,"test",188,0.492347359657288,0
0.1,41,"test",189,0.50338339805603,0
0.1,41,"test",190,0.507771968841553,0
0.1,41,"test",191,0.512290418148041,0
0.1,41,"test",192,0.48604878783226,0
0.1,41,"test",193,0.490149527788162,0
0.1,41,"test",194,0.493869841098785,0
0.1,41,"test",195,0.488700300455093,0
0.1,41,"test",196,0.400921672582626,0
0.1,41,"test",197,0.40898922085762,1
0.1,41,"test",198,0.458977222442627,1
0.1,41,"test",199,0.452095687389374,1
0.1,41,"test",200,0.526266157627106,0
0.1,41,"test",201,0.512607038021088,0
0.1,41,"test",202,0.509215474128723,1
0.1,41,"test",203,0.507175445556641,0
0.1,41,"test",204,0.500750780105591,0
0.1,41,"test",205,0.502260506153107,0
0.1,41,"test",206,0.504248738288879,1
0.1,41,"test",207,0.472541809082031,0
0.1,41,"test",208,0.428470939397812,0
0.1,41,"test",209,0.429748833179474,0
0.1,41,"test",210,0.545602798461914,0
0.1,41,"test",211,0.541773319244385,0
0.1,41,"test",212,0.542495489120483,1
0.1,41,"test",213,0.540226101875305,0
0.1,41,"test",214,0.50338339805603,1
0.1,41,"test",215,0.505022644996643,1
0.1,41,"test",216,0.512290418148041,1
0.1,41,"test",217,0.487752974033356,0
0.1,41,"test",218,0.490149527788162,0
0.1,41,"test",219,0.477048397064209,1
0.1,41,"test",220,0.488700300455093,1
0.1,41,"test",221,0.49591463804245,0
0.1,41,"test",222,0.40898922085762,1
0.1,41,"test",223,0.429165214300156,1
0.1,41,"test",224,0.452095687389374,1
0.1,41,"test",225,0.459598898887634,0
0.1,41,"test",226,0.512607038021088,0
0.1,41,"test",227,0.510690450668335,0
0.1,41,"test",228,0.507175445556641,1
0.1,41,"test",229,0.518436551094055,1
0.1,41,"test",230,0.502260506153107,0
0.1,41,"test",231,0.507327795028687,1
0.1,41,"test",232,0.472541809082031,1
0.1,41,"test",233,0.482516229152679,1
0.1,41,"test",234,0.429748833179474,1
0.1,41,"test",235,0.457171887159348,1
0.1,41,"test",236,0.541773319244385,1
0.1,41,"test",237,0.541976690292358,0
0.1,41,"test",238,0.540226101875305,0
0.1,41,"test",239,0.552886128425598,0
0.1,41,"test",240,0.505022644996643,0
0.1,41,"test",241,0.478116899728775,0
0.1,41,"test",242,0.487752974033356,0
0.1,41,"test",243,0.469914346933365,0
0.1,41,"test",244,0.477048397064209,1
0.1,41,"test",245,0.475192546844482,1
0.1,41,"test",246,0.49591463804245,1
0.1,41,"test",247,0.490057855844498,1
0.1,41,"test",248,0.429165214300156,1
0.1,41,"test",249,0.40205979347229,1
0.1,41,"test",250,0.459598898887634,1
0.1,41,"test",251,0.476233810186386,1
0.1,41,"test",252,0.510690450668335,0
0.1,41,"test",253,0.517338693141937,0
0.1,41,"test",254,0.518436551094055,0
0.1,41,"test",255,0.507941842079163,1
0.1,41,"test",256,0.507327795028687,1
0.1,41,"test",257,0.506686806678772,1
0.1,41,"test",258,0.482516229152679,1
0.1,41,"test",259,0.492617070674896,1
0.1,41,"test",260,0.457171887159348,1
0.1,41,"test",261,0.452974647283554,1
0.1,41,"test",262,0.541976690292358,0
0.1,41,"test",263,0.553183555603027,0
0.1,41,"test",264,0.552886128425598,1
0.1,41,"test",265,0.543824911117554,1
0.1,41,"test",266,0.478116899728775,1
0.1,41,"test",267,0.470533311367035,1
0.1,41,"test",268,0.469914346933365,1
0.1,41,"test",269,0.488955289125443,1
0.1,41,"test",270,0.475192546844482,1
0.1,41,"test",271,0.474455386400223,1
0.1,41,"test",272,0.490057855844498,1
0.1,41,"test",273,0.500361680984497,1
0.1,41,"test",274,0.40205979347229,1
0.1,41,"test",275,0.375624865293503,1
0.1,41,"test",276,0.476233810186386,1
0.1,41,"test",277,0.478067398071289,1
0.1,41,"test",278,0.517338693141937,0
0.1,41,"test",279,0.528388023376465,0
0.1,41,"test",280,0.507941842079163,0
0.1,41,"test",281,0.506386458873749,0
0.1,41,"test",282,0.506686806678772,0
0.1,41,"test",283,0.506303310394287,0
0.1,41,"test",284,0.492617070674896,0
0.1,41,"test",285,0.48404598236084,0
0.1,41,"test",286,0.452974647283554,0
0.1,41,"test",287,0.470745444297791,0
0.1,41,"test",288,0.553183555603027,0
0.1,41,"test",289,0.549848437309265,0
0.1,41,"test",290,0.543824911117554,0
0.1,41,"test",291,0.544455885887146,0
0.1,41,"test",292,0.470533311367035,1
0.1,41,"test",293,0.503613352775574,1
0.1,41,"test",294,0.488955289125443,1
0.1,41,"test",295,0.496768027544022,0
0.1,41,"test",296,0.474455386400223,0
0.1,41,"test",297,0.485529273748398,1
0.1,41,"test",298,0.500361680984497,0
0.1,41,"test",299,0.494752407073975,0
0.1,41,"test",300,0.375624865293503,1
0.1,41,"test",301,0.403146088123322,1
0.1,41,"test",302,0.478067398071289,1
0.1,41,"test",303,0.453132957220078,0
0.1,41,"test",304,0.528388023376465,1
0.1,41,"test",305,0.547030210494995,0
0.1,64,"val",1,0.48521363735199,0
0.1,64,"val",2,0.484189838171005,1
0.1,64,"val",3,0.494396239519119,0
0.1,64,"val",4,0.476110249757767,1
0.1,64,"val",5,0.455248296260834,1
0.1,64,"val",6,0.396652370691299,1
0.1,64,"val",7,0.397856652736664,1
0.1,64,"val",8,0.501006662845612,1
0.1,64,"val",9,0.502224087715149,1
0.1,64,"val",10,0.509261429309845,1
0.1,64,"val",11,0.520219743251801,1
0.1,64,"val",12,0.52925431728363,1
0.1,64,"val",13,0.516736567020416,1
0.1,64,"val",14,0.501682996749878,1
0.1,64,"val",15,0.506850183010101,1
0.1,64,"val",16,0.50779002904892,1
0.1,64,"val",17,0.514873206615448,1
0.1,64,"val",18,0.500946819782257,1
0.1,64,"val",19,0.487124919891357,1
0.1,64,"val",20,0.517695009708405,1
0.1,64,"val",21,0.515883326530457,1
0.1,64,"val",22,0.544840216636658,1
0.1,64,"val",23,0.560932457447052,0
0.1,64,"val",24,0.564464867115021,0
0.1,64,"val",25,0.510882794857025,1
0.1,64,"val",26,0.48521363735199,0
0.1,64,"val",27,0.500536561012268,0
0.1,64,"val",28,0.494396239519119,0
0.1,64,"val",29,0.484646141529083,1
0.1,64,"val",30,0.455248296260834,1
0.1,64,"val",31,0.456262797117233,0
0.1,64,"val",32,0.397856652736664,0
0.1,64,"val",33,0.420358806848526,0
0.1,64,"val",34,0.502224087715149,0
0.1,64,"val",35,0.491157203912735,0
0.1,64,"val",36,0.520219743251801,0
0.1,64,"val",37,0.512331604957581,1
0.1,64,"val",38,0.516736567020416,1
0.1,64,"val",39,0.521256387233734,1
0.1,64,"val",40,0.506850183010101,0
0.1,64,"val",41,0.502045750617981,0
0.1,64,"val",42,0.514873206615448,0
0.1,64,"val",43,0.513936817646027,0
0.1,64,"val",44,0.487124919891357,0
0.1,64,"val",45,0.48376601934433,0
0.1,64,"val",46,0.515883326530457,0
0.1,64,"val",47,0.513870656490326,1
0.1,64,"val",48,0.560932457447052,1
0.1,64,"val",49,0.582424998283386,1
0.1,64,"val",50,0.510882794857025,1
0.1,64,"val",51,0.547179818153381,1
0.1,64,"val",52,0.500536561012268,1
0.1,64,"val",53,0.503036141395569,1
0.1,64,"val",54,0.484646141529083,1
0.1,64,"val",55,0.47726708650589,1
0.1,64,"val",56,0.456262797117233,1
0.1,64,"val",57,0.468086957931519,1
0.1,64,"val",58,0.420358806848526,1
0.1,64,"val",59,0.417652577161789,1
0.1,64,"val",60,0.491157203912735,1
0.1,64,"val",61,0.49281057715416,0
0.1,64,"val",62,0.512331604957581,1
0.1,64,"val",63,0.514589667320251,0
0.1,64,"val",64,0.521256387233734,0
0.1,64,"val",65,0.522242546081543,1
0.1,64,"val",66,0.502045750617981,1
0.1,64,"val",67,0.506428360939026,1
0.1,64,"val",68,0.513936817646027,1
0.1,64,"val",69,0.514979958534241,1
0.1,64,"val",70,0.48376601934433,1
0.1,64,"val",71,0.493078172206879,1
0.1,64,"val",72,0.513870656490326,1
0.1,64,"val",73,0.521752238273621,1
0.1,64,"val",74,0.582424998283386,1
0.1,64,"val",75,0.568173110485077,1
0.1,64,"val",76,0.547179818153381,0
0.1,64,"val",77,0.524942100048065,1
0.1,64,"val",78,0.503036141395569,1
0.1,64,"val",79,0.511527001857758,0
0.1,64,"val",80,0.47726708650589,0
0.1,64,"val",81,0.489968121051788,0
0.1,64,"val",82,0.468086957931519,1
0.1,64,"val",83,0.473401635885239,0
0.1,64,"val",84,0.417652577161789,0
0.1,64,"val",85,0.439462572336197,0
0.1,64,"val",86,0.49281057715416,1
0.1,64,"val",87,0.510512709617615,1
0.1,64,"val",88,0.514589667320251,1
0.1,64,"val",89,0.523467183113098,0
0.1,64,"val",90,0.522242546081543,0
0.1,64,"val",91,0.520604372024536,0
0.1,64,"val",92,0.506428360939026,0
0.1,64,"val",93,0.503967821598053,0
0.1,64,"val",94,0.514979958534241,0
0.1,64,"val",95,0.510677099227905,0
0.1,64,"val",96,0.493078172206879,1
0.1,64,"val",97,0.485692918300629,1
0.1,64,"val",98,0.521752238273621,1
0.1,64,"val",99,0.51172262430191,1
0.1,64,"val",100,0.568173110485077,0
0.1,64,"val",101,0.586025297641754,0
0.1,64,"val",102,0.524942100048065,0
0.1,64,"val",103,0.518895506858826,0
0.1,64,"val",104,0.511527001857758,1
0.1,64,"val",105,0.502880811691284,1
0.1,64,"val",106,0.489968121051788,1
0.1,64,"val",107,0.497881084680557,1
0.1,64,"val",108,0.473401635885239,1
0.1,64,"val",109,0.477315187454224,0
0.1,64,"val",110,0.439462572336197,0
0.1,64,"val",111,0.434898734092712,1
0.1,64,"val",112,0.510512709617615,1
0.1,64,"val",113,0.493360042572021,1
0.1,64,"val",114,0.523467183113098,0
0.1,64,"val",115,0.535324692726135,1
0.1,64,"val",116,0.520604372024536,0
0.1,64,"val",117,0.517873764038086,1
0.1,64,"val",118,0.503967821598053,1
0.1,64,"val",119,0.50890725851059,1
0.1,64,"val",120,0.510677099227905,0
0.1,64,"val",121,0.507404208183289,0
0.1,64,"val",122,0.485692918300629,0
0.1,64,"val",123,0.490345537662506,1
0.1,64,"val",124,0.51172262430191,1
0.1,64,"val",125,0.514606535434723,1
0.1,64,"val",126,0.586025297641754,1
0.1,64,"val",127,0.578651010990143,1
0.1,64,"val",128,0.518895506858826,1
0.1,64,"val",129,0.555070221424103,1
0.1,64,"val",130,0.502880811691284,1
0.1,64,"val",131,0.509344458580017,0
0.1,64,"val",132,0.497881084680557,0
0.1,64,"val",133,0.498814582824707,1
0.1,64,"val",134,0.477315187454224,1
0.1,64,"val",135,0.472775399684906,0
0.1,64,"val",136,0.434898734092712,0
0.1,64,"val",137,0.401670634746552,0
0.1,64,"val",138,0.493360042572021,0
0.1,64,"val",139,0.496390640735626,0
0.1,64,"val",140,0.535324692726135,0
0.1,64,"val",141,0.520927548408508,1
0.1,64,"val",142,0.517873764038086,1
0.1,64,"val",143,0.523522555828094,1
0.1,64,"val",144,0.50890725851059,0
0.1,64,"val",145,0.506596386432648,0
0.1,64,"val",146,0.507404208183289,0
0.1,64,"val",147,0.503581047058105,0
0.1,64,"val",148,0.490345537662506,0
0.1,64,"val",149,0.488368779420853,0
0.1,64,"val",150,0.514606535434723,0
0.1,64,"val",151,0.513897597789764,0
0.1,64,"val",152,0.578651010990143,1
0.1,64,"val",153,0.563864350318909,0
0.1,64,"val",154,0.555070221424103,1
0.1,64,"val",155,0.593087673187256,0
0.1,64,"val",156,0.509344458580017,0
0.1,64,"val",157,0.509425580501556,0
0.1,64,"val",158,0.498814582824707,0
0.1,64,"val",159,0.489163011312485,1
0.1,64,"val",160,0.472775399684906,1
0.1,64,"val",161,0.470090091228485,1
0.1,64,"val",162,0.401670634746552,1
0.1,64,"val",163,0.427826702594757,1
0.1,64,"val",164,0.496390640735626,0
0.1,64,"val",165,0.500205039978027,0
0.1,64,"val",166,0.520927548408508,0
0.1,64,"val",167,0.501526594161987,0
0.1,64,"val",168,0.523522555828094,1
0.1,64,"val",169,0.521010935306549,0
0.1,64,"val",170,0.506596386432648,0
0.1,64,"val",171,0.503901839256287,0
0.1,64,"val",172,0.503581047058105,1
0.1,64,"val",173,0.500715970993042,1
0.1,64,"val",174,0.488368779420853,1
0.1,64,"val",175,0.479278206825256,0
0.1,64,"val",176,0.513897597789764,0
0.1,64,"val",177,0.521478414535522,1
0.1,64,"val",178,0.563864350318909,0
0.1,64,"val",179,0.603525996208191,1
0.1,64,"val",180,0.593087673187256,0
0.1,64,"val",181,0.580713987350464,1
0.1,64,"val",182,0.509425580501556,1
0.1,64,"val",183,0.502690732479095,1
0.1,64,"val",184,0.489163011312485,0
0.1,64,"val",185,0.483228415250778,0
0.1,64,"val",186,0.470090091228485,0
0.1,64,"val",187,0.479808121919632,0
0.1,64,"val",188,0.427826702594757,0
0.1,64,"val",189,0.411247700452805,0
0.1,64,"val",190,0.500205039978027,0
0.1,64,"val",191,0.450737416744232,1
0.1,64,"val",192,0.501526594161987,0
0.1,64,"val",193,0.508645951747894,0
0.1,64,"val",194,0.521010935306549,0
0.1,64,"val",195,0.522361576557159,1
0.1,64,"val",196,0.503901839256287,1
0.1,64,"val",197,0.50381875038147,1
0.1,64,"val",198,0.500715970993042,1
0.1,64,"val",199,0.498335957527161,0
0.1,64,"val",200,0.479278206825256,0
0.1,64,"val",201,0.482821881771088,0
0.1,64,"val",202,0.521478414535522,0
0.1,64,"val",203,0.512538194656372,1
0.1,64,"val",204,0.603525996208191,1
0.1,64,"val",205,0.589968681335449,1
0.1,64,"val",206,0.580713987350464,0
0.1,64,"val",207,0.580542266368866,0
0.1,64,"val",208,0.502690732479095,0
0.1,64,"val",209,0.501114010810852,1
0.1,64,"val",210,0.483228415250778,1
0.1,64,"val",211,0.480770945549011,1
0.1,64,"val",212,0.479808121919632,1
0.1,64,"val",213,0.483606964349747,1
0.1,64,"val",214,0.411247700452805,1
0.1,64,"val",215,0.444627046585083,0
0.1,64,"val",216,0.450737476348877,0
0.1,64,"val",217,0.484824657440186,0
0.1,64,"val",218,0.508645951747894,0
0.1,64,"val",219,0.504973173141479,0
0.1,64,"val",220,0.522361576557159,0
0.1,64,"val",221,0.518384099006653,1
0.1,64,"val",222,0.50381875038147,1
0.1,64,"val",223,0.507795453071594,1
0.1,64,"val",224,0.498335957527161,0
0.1,64,"val",225,0.503777384757996,1
0.1,64,"val",226,0.482821881771088,1
0.1,64,"val",227,0.487937241792679,1
0.1,64,"val",228,0.512538194656372,0
0.1,64,"val",229,0.512316823005676,0
0.1,64,"val",230,0.589968681335449,0
0.1,64,"val",231,0.569945335388184,0
0.1,64,"val",232,0.580542266368866,0
0.1,64,"val",233,0.531957149505615,0
0.1,64,"val",234,0.501114010810852,0
0.1,64,"val",235,0.502520799636841,0
0.1,64,"val",236,0.480770945549011,0
0.1,64,"val",237,0.478674679994583,0
0.1,64,"val",238,0.483606964349747,1
0.1,64,"val",239,0.486609399318695,0
0.1,64,"val",240,0.444627046585083,0
0.1,64,"val",241,0.436805129051208,0
0.1,64,"val",242,0.484824657440186,0
0.1,64,"val",243,0.459203630685806,1
0.1,64,"val",244,0.504973173141479,1
0.1,64,"val",245,0.512159943580627,1
0.1,64,"val",246,0.518384099006653,0
0.1,64,"val",247,0.520075917243958,1
0.1,64,"val",248,0.507795453071594,1
0.1,64,"val",249,0.507672965526581,0
0.1,64,"val",250,0.503777384757996,1
0.1,64,"val",251,0.471325784921646,1
0.1,64,"val",252,0.487937241792679,1
0.1,64,"val",253,0.489529252052307,1
0.1,64,"val",254,0.512316823005676,0
0.1,64,"val",255,0.500276565551758,0
0.1,64,"val",256,0.569945335388184,0
0.1,64,"val",257,0.546670079231262,0
0.1,64,"val",258,0.531957149505615,1
0.1,64,"val",259,0.576957881450653,1
0.1,64,"val",260,0.502520799636841,1
0.1,64,"val",261,0.516136229038239,1
0.1,64,"val",262,0.478674679994583,1
0.1,64,"val",263,0.493429392576218,0
0.1,64,"val",264,0.486609399318695,0
0.1,64,"val",265,0.478588908910751,1
0.1,64,"val",266,0.436805129051208,1
0.1,64,"val",267,0.43982994556427,0
0.1,64,"val",268,0.459203630685806,0
0.1,64,"val",269,0.458751082420349,0
0.1,64,"val",270,0.512159943580627,1
0.1,64,"val",271,0.505817413330078,1
0.1,64,"val",272,0.520075917243958,1
0.1,64,"val",273,0.517858028411865,1
0.1,64,"val",274,0.507672965526581,0
0.1,64,"val",275,0.508412659168243,0
0.1,64,"val",276,0.471325784921646,0
0.1,64,"val",277,0.481272965669632,0
0.1,64,"val",278,0.489529252052307,1
0.1,64,"val",279,0.48519891500473,1
0.1,64,"val",280,0.500276565551758,1
0.1,64,"val",281,0.504209637641907,1
0.1,64,"val",282,0.546670079231262,1
0.1,64,"val",283,0.544023811817169,1
0.1,64,"val",284,0.576957881450653,0
0.1,64,"val",285,0.547326683998108,0
0.1,64,"val",286,0.516136229038239,0
0.1,64,"val",287,0.50841611623764,0
0.1,64,"val",288,0.493429392576218,0
0.1,64,"val",289,0.49407023191452,0
0.1,64,"val",290,0.478588908910751,0
0.1,64,"val",291,0.476829349994659,0
0.1,64,"val",292,0.43982994556427,0
0.1,64,"val",293,0.440013587474823,0
0.1,64,"val",294,0.458751082420349,1
0.1,64,"val",295,0.463656425476074,1
0.1,64,"val",296,0.505817413330078,0
0.1,64,"val",297,0.496653020381927,0
0.1,64,"val",298,0.517858028411865,0
0.1,64,"val",299,0.52416729927063,1
0.1,64,"val",300,0.508412659168243,1
0.1,64,"val",301,0.510179758071899,1
0.1,64,"val",302,0.481272965669632,0
0.1,64,"val",303,0.483286261558533,0
0.1,64,"val",304,0.48519891500473,0
0.1,64,"test",1,0.484301120042801,0
0.1,64,"test",2,0.504209637641907,0
0.1,64,"test",3,0.503191292285919,1
0.1,64,"test",4,0.544023811817169,1
0.1,64,"test",5,0.549939811229706,1
0.1,64,"test",6,0.547326683998108,1
0.1,64,"test",7,0.537143409252167,1
0.1,64,"test",8,0.50841611623764,1
0.1,64,"test",9,0.510790467262268,1
0.1,64,"test",10,0.49407023191452,1
0.1,64,"test",11,0.49268165230751,1
0.1,64,"test",12,0.476829349994659,1
0.1,64,"test",13,0.490882009267807,1
0.1,64,"test",14,0.440013587474823,1
0.1,64,"test",15,0.407315582036972,1
0.1,64,"test",16,0.463656425476074,1
0.1,64,"test",17,0.469295084476471,0
0.1,64,"test",18,0.496653020381927,0
0.1,64,"test",19,0.526606559753418,0
0.1,64,"test",20,0.52416729927063,1
0.1,64,"test",21,0.52826988697052,1
0.1,64,"test",22,0.510179758071899,1
0.1,64,"test",23,0.508607029914856,0
0.1,64,"test",24,0.483286261558533,0
0.1,64,"test",25,0.502991139888763,0
0.1,64,"test",26,0.484301120042801,1
0.1,64,"test",27,0.505033850669861,1
0.1,64,"test",28,0.503191292285919,1
0.1,64,"test",29,0.505578815937042,0
0.1,64,"test",30,0.549939811229706,0
0.1,64,"test",31,0.533089101314545,0
0.1,64,"test",32,0.537143409252167,0
0.1,64,"test",33,0.54514741897583,0
0.1,64,"test",34,0.510790467262268,1
0.1,64,"test",35,0.50199019908905,1
0.1,64,"test",36,0.49268165230751,1
0.1,64,"test",37,0.501364827156067,1
0.1,64,"test",38,0.490882009267807,1
0.1,64,"test",39,0.464392632246017,1
0.1,64,"test",40,0.407315582036972,1
0.1,64,"test",41,0.410139203071594,1
0.1,64,"test",42,0.469295084476471,0
0.1,64,"test",43,0.475174814462662,0
0.1,64,"test",44,0.526606559753418,1
0.1,64,"test",45,0.533199310302734,1
0.1,64,"test",46,0.52826988697052,1
0.1,64,"test",47,0.531668424606323,0
0.1,64,"test",48,0.508607029914856,0
0.1,64,"test",49,0.509245276451111,0
0.1,64,"test",50,0.502991139888763,0
0.1,64,"test",51,0.483277171850204,1
0.1,64,"test",52,0.505033850669861,1
0.1,64,"test",53,0.488945484161377,1
0.1,64,"test",54,0.505578815937042,1
0.1,64,"test",55,0.51150780916214,0
0.1,64,"test",56,0.533089101314545,0
0.1,64,"test",57,0.537417829036713,0
0.1,64,"test",58,0.54514741897583,0
0.1,64,"test",59,0.559367835521698,1
0.1,64,"test",60,0.50199019908905,1
0.1,64,"test",61,0.514306545257568,1
0.1,64,"test",62,0.501364827156067,0
0.1,64,"test",63,0.504096627235413,1
0.1,64,"test",64,0.464392632246017,1
0.1,64,"test",65,0.464174836874008,1
0.1,64,"test",66,0.410139203071594,1
0.1,64,"test",67,0.412736564874649,1
0.1,64,"test",68,0.475174814462662,0
0.1,64,"test",69,0.503400087356567,0
0.1,64,"test",70,0.533199310302734,0
0.1,64,"test",71,0.527859747409821,1
0.1,64,"test",72,0.531668424606323,1
0.1,64,"test",73,0.523714601993561,0
0.1,64,"test",74,0.509245276451111,0
0.1,64,"test",75,0.506513357162476,0
0.1,64,"test",76,0.483277171850204,0
0.1,64,"test",77,0.500056743621826,0
0.1,64,"test",78,0.488945484161377,1
0.1,64,"test",79,0.48679393529892,0
0.1,64,"test",80,0.51150780916214,0
0.1,64,"test",81,0.515433549880981,1
0.1,64,"test",82,0.537417829036713,1
0.1,64,"test",83,0.538280606269836,1
0.1,64,"test",84,0.559367835521698,1
0.1,64,"test",85,0.565975487232208,0
0.1,64,"test",86,0.514306545257568,0
0.1,64,"test",87,0.497332990169525,0
0.1,64,"test",88,0.504096627235413,0
0.1,64,"test",89,0.497166752815247,0
0.1,64,"test",90,0.464174836874008,0
0.1,64,"test",91,0.475158005952835,1
0.1,64,"test",92,0.412736564874649,0
0.1,64,"test",93,0.394293278455734,0
0.1,64,"test",94,0.503400087356567,0
0.1,64,"test",95,0.500834226608276,0
0.1,64,"test",96,0.527859747409821,0
0.1,64,"test",97,0.513495743274689,1
0.1,64,"test",98,0.523714601993561,1
0.1,64,"test",99,0.520088195800781,1
0.1,64,"test",100,0.506513357162476,1
0.1,64,"test",101,0.507599353790283,1
0.1,64,"test",102,0.500056743621826,0
0.1,64,"test",103,0.490848541259766,0
0.1,64,"test",104,0.48679393529892,0
0.1,64,"test",105,0.480418592691422,0
0.1,64,"test",106,0.515433549880981,0
0.1,64,"test",107,0.522203624248505,0
0.1,64,"test",108,0.538280606269836,0
0.1,64,"test",109,0.539369463920593,0
0.1,64,"test",110,0.565975487232208,1
0.1,64,"test",111,0.560011923313141,1
0.1,64,"test",112,0.497332990169525,1
0.1,64,"test",113,0.500104188919067,0
0.1,64,"test",114,0.497166752815247,1
0.1,64,"test",115,0.478638499975204,1
0.1,64,"test",116,0.475158005952835,1
0.1,64,"test",117,0.472387403249741,1
0.1,64,"test",118,0.394293278455734,1
0.1,64,"test",119,0.392128318548203,0
0.1,64,"test",120,0.500834226608276,0
0.1,64,"test",121,0.494628340005875,0
0.1,64,"test",122,0.513495743274689,1
0.1,64,"test",123,0.512371122837067,1
0.1,64,"test",124,0.520088195800781,1
0.1,64,"test",125,0.523449122905731,0
0.1,64,"test",126,0.507599353790283,0
0.1,64,"test",127,0.507394433021545,0
0.1,64,"test",128,0.490848541259766,1
0.1,64,"test",129,0.494634568691254,1
0.1,64,"test",130,0.480418592691422,1
0.1,64,"test",131,0.481079697608948,1
0.1,64,"test",132,0.522203624248505,0
0.1,64,"test",133,0.510124027729034,0
0.1,64,"test",134,0.539369463920593,0
0.1,64,"test",135,0.539895176887512,0
0.1,64,"test",136,0.560011923313141,0
0.1,64,"test",137,0.585436701774597,1
0.1,64,"test",138,0.500104188919067,1
0.1,64,"test",139,0.503819227218628,1
0.1,64,"test",140,0.478638499975204,1
0.1,64,"test",141,0.495956808328629,1
0.1,64,"test",142,0.472387403249741,1
0.1,64,"test",143,0.483433693647385,1
0.1,64,"test",144,0.392128318548203,1
0.1,64,"test",145,0.416199892759323,1
0.1,64,"test",146,0.494628340005875,1
0.1,64,"test",147,0.45360666513443,1
0.1,64,"test",148,0.512371122837067,1
0.1,64,"test",149,0.51112425327301,1
0.1,64,"test",150,0.523449122905731,1
0.1,64,"test",151,0.519907116889954,1
0.1,64,"test",152,0.507394433021545,0
0.1,64,"test",153,0.505432724952698,0
0.1,64,"test",154,0.494634568691254,1
0.1,64,"test",155,0.501831412315369,1
0.1,64,"test",156,0.481079697608948,1
0.1,64,"test",157,0.479766935110092,0
0.1,64,"test",158,0.510124027729034,0
0.1,64,"test",159,0.551603138446808,0
0.1,64,"test",160,0.539895176887512,0
0.1,64,"test",161,0.545228779315948,0
0.1,64,"test",162,0.585436701774597,0
0.1,64,"test",163,0.559218883514404,0
0.1,64,"test",164,0.503819227218628,0
0.1,64,"test",165,0.503862082958221,1
0.1,64,"test",166,0.495956808328629,1
0.1,64,"test",167,0.493493318557739,0
0.1,64,"test",168,0.483433693647385,1
0.1,64,"test",169,0.492693781852722,1
0.1,64,"test",170,0.416199892759323,1
0.1,64,"test",171,0.410342067480087,0
0.1,64,"test",172,0.45360666513443,0
0.1,64,"test",173,0.446523040533066,1
0.1,64,"test",174,0.51112425327301,1
0.1,64,"test",175,0.536293029785156,1
0.1,64,"test",176,0.519907116889954,1
0.1,64,"test",177,0.521311819553375,0
0.1,64,"test",178,0.505432724952698,0
0.1,64,"test",179,0.502423942089081,0
0.1,64,"test",180,0.501831412315369,0
0.1,64,"test",181,0.50967139005661,0
0.1,64,"test",182,0.479766935110092,0
0.1,64,"test",183,0.480049282312393,0
0.1,64,"test",184,0.551603138446808,0
0.1,64,"test",185,0.5247523188591,0
0.1,64,"test",186,0.545228779315948,1
0.1,64,"test",187,0.546194970607758,0
0.1,64,"test",188,0.559218883514404,0
0.1,64,"test",189,0.541035771369934,0
0.1,64,"test",190,0.503862082958221,0
0.1,64,"test",191,0.509206056594849,0
0.1,64,"test",192,0.493493378162384,0
0.1,64,"test",193,0.496142089366913,0
0.1,64,"test",194,0.492693781852722,0
0.1,64,"test",195,0.485275596380234,0
0.1,64,"test",196,0.410342067480087,0
0.1,64,"test",197,0.417047321796417,1
0.1,64,"test",198,0.446523040533066,1
0.1,64,"test",199,0.440522015094757,1
0.1,64,"test",200,0.536293029785156,0
0.1,64,"test",201,0.521787822246552,0
0.1,64,"test",202,0.521311819553375,1
0.1,64,"test",203,0.521431505680084,0
0.1,64,"test",204,0.502423942089081,0
0.1,64,"test",205,0.50411719083786,0
0.1,64,"test",206,0.50967139005661,1
0.1,64,"test",207,0.469010472297668,0
0.1,64,"test",208,0.480049282312393,0
0.1,64,"test",209,0.480391621589661,0
0.1,64,"test",210,0.5247523188591,0
0.1,64,"test",211,0.522351443767548,0
0.1,64,"test",212,0.546194970607758,1
0.1,64,"test",213,0.549378931522369,0
0.1,64,"test",214,0.541035771369934,1
0.1,64,"test",215,0.54032951593399,1
0.1,64,"test",216,0.509206056594849,1
0.1,64,"test",217,0.497774660587311,0
0.1,64,"test",218,0.496142089366913,0
0.1,64,"test",219,0.481697261333466,1
0.1,64,"test",220,0.485275596380234,1
0.1,64,"test",221,0.49600088596344,0
0.1,64,"test",222,0.417047321796417,1
0.1,64,"test",223,0.425410449504852,1
0.1,64,"test",224,0.440521985292435,1
0.1,64,"test",225,0.452043831348419,0
0.1,64,"test",226,0.521787822246552,0
0.1,64,"test",227,0.519550025463104,0
0.1,64,"test",228,0.521431505680084,1
0.1,64,"test",229,0.527967214584351,1
0.1,64,"test",230,0.50411719083786,0
0.1,64,"test",231,0.507380723953247,1
0.1,64,"test",232,0.469010472297668,1
0.1,64,"test",233,0.482044219970703,1
0.1,64,"test",234,0.480391621589661,1
0.1,64,"test",235,0.484067440032959,1
0.1,64,"test",236,0.522351443767548,1
0.1,64,"test",237,0.522466957569122,0
0.1,64,"test",238,0.549378931522369,0
0.1,64,"test",239,0.538849472999573,0
0.1,64,"test",240,0.54032951593399,0
0.1,64,"test",241,0.580082595348358,0
0.1,64,"test",242,0.497774660587311,0
0.1,64,"test",243,0.4889777302742,0
0.1,64,"test",244,0.481697261333466,1
0.1,64,"test",245,0.47876963019371,1
0.1,64,"test",246,0.49600088596344,1
0.1,64,"test",247,0.487259209156036,1
0.1,64,"test",248,0.425410449504852,1
0.1,64,"test",249,0.409129589796066,1
0.1,64,"test",250,0.452043831348419,1
0.1,64,"test",251,0.475883841514587,1
0.1,64,"test",252,0.519550025463104,0
0.1,64,"test",253,0.536628067493439,0
0.1,64,"test",254,0.527967214584351,0
0.1,64,"test",255,0.522148907184601,1
0.1,64,"test",256,0.507380723953247,1
0.1,64,"test",257,0.507499039173126,1
0.1,64,"test",258,0.482044219970703,1
0.1,64,"test",259,0.497199714183807,1
0.1,64,"test",260,0.484067440032959,1
0.1,64,"test",261,0.483131796121597,1
0.1,64,"test",262,0.522466957569122,0
0.1,64,"test",263,0.528767943382263,0
0.1,64,"test",264,0.538849472999573,1
0.1,64,"test",265,0.545625388622284,1
0.1,64,"test",266,0.580082595348358,1
0.1,64,"test",267,0.593825280666351,1
0.1,64,"test",268,0.4889777302742,1
0.1,64,"test",269,0.492664963006973,1
0.1,64,"test",270,0.47876963019371,1
0.1,64,"test",271,0.47283411026001,1
0.1,64,"test",272,0.487259209156036,1
0.1,64,"test",273,0.502094686031342,1
0.1,64,"test",274,0.409129589796066,1
0.1,64,"test",275,0.368118494749069,1
0.1,64,"test",276,0.475883841514587,1
0.1,64,"test",277,0.473717898130417,1
0.1,64,"test",278,0.536628067493439,0
0.1,64,"test",279,0.552363812923431,0
0.1,64,"test",280,0.522148907184601,0
0.1,64,"test",281,0.518598437309265,0
0.1,64,"test",282,0.507499039173126,0
0.1,64,"test",283,0.506369709968567,0
0.1,64,"test",284,0.497199714183807,0
0.1,64,"test",285,0.487029254436493,0
0.1,64,"test",286,0.483131796121597,0
0.1,64,"test",287,0.487737715244293,0
0.1,64,"test",288,0.528767943382263,0
0.1,64,"test",289,0.526589572429657,0
0.1,64,"test",290,0.545625388622284,0
0.1,64,"test",291,0.539540588855743,0
0.1,64,"test",292,0.593825280666351,1
0.1,64,"test",293,0.549324810504913,1
0.1,64,"test",294,0.492664963006973,1
0.1,64,"test",295,0.497568905353546,0
0.1,64,"test",296,0.47283411026001,0
0.1,64,"test",297,0.492153465747833,1
0.1,64,"test",298,0.502094686031342,0
0.1,64,"test",299,0.494370877742767,0
0.1,64,"test",300,0.368118494749069,1
0.1,64,"test",301,0.408550679683685,1
0.1,64,"test",302,0.473717898130417,1
0.1,64,"test",303,0.423108637332916,0
0.1,64,"test",304,0.552363812923431,1
0.1,64,"test",305,0.5724937915802,0
