"arch","lambda","seed","set","sample_id","yhat","y_true"
"TCN",0,23,"test",1,0.471652746200562,0
"TCN",0,23,"test",2,0.508895039558411,0
"TCN",0,23,"test",3,0.518814623355865,1
"TCN",0,23,"test",4,0.49294251203537,1
"TCN",0,23,"test",5,0.52180802822113,1
"TCN",0,23,"test",6,0.431734085083008,1
"TCN",0,23,"test",7,0.419002622365952,1
"TCN",0,23,"test",8,0.520686388015747,1
"TCN",0,23,"test",9,0.500735461711884,1
"TCN",0,23,"test",10,0.455085813999176,1
"TCN",0,23,"test",11,0.456938534975052,1
"TCN",0,23,"test",12,0.474437534809113,1
"TCN",0,23,"test",13,0.479185402393341,1
"TCN",0,23,"test",14,0.427523493766785,1
"TCN",0,23,"test",15,0.436878144741058,1
"TCN",0,23,"test",16,0.491799980401993,1
"TCN",0,23,"test",17,0.503637433052063,0
"TCN",0,23,"test",18,0.520140528678894,0
"TCN",0,23,"test",19,0.522975921630859,0
"TCN",0,23,"test",20,0.537846922874451,1
"TCN",0,23,"test",21,0.533085763454437,1
"TCN",0,23,"test",22,0.515102684497833,1
"TCN",0,23,"test",23,0.50719678401947,0
"TCN",0,23,"test",24,0.502422392368317,0
"TCN",0,23,"test",25,0.530885219573975,0
"TCN",0,23,"test",26,0.471652746200562,1
"TCN",0,23,"test",27,0.483951032161713,1
"TCN",0,23,"test",28,0.518814623355865,1
"TCN",0,23,"test",29,0.519345283508301,0
"TCN",0,23,"test",30,0.52180802822113,0
"TCN",0,23,"test",31,0.542702555656433,0
"TCN",0,23,"test",32,0.419002622365952,0
"TCN",0,23,"test",33,0.390809893608093,0
"TCN",0,23,"test",34,0.500735461711884,1
"TCN",0,23,"test",35,0.501713156700134,1
"TCN",0,23,"test",36,0.456938534975052,1
"TCN",0,23,"test",37,0.463056683540344,1
"TCN",0,23,"test",38,0.479185402393341,1
"TCN",0,23,"test",39,0.478921234607697,1
"TCN",0,23,"test",40,0.436878144741058,1
"TCN",0,23,"test",41,0.427679538726807,1
"TCN",0,23,"test",42,0.503637433052063,0
"TCN",0,23,"test",43,0.508995771408081,0
"TCN",0,23,"test",44,0.522975921630859,1
"TCN",0,23,"test",45,0.520951569080353,1
"TCN",0,23,"test",46,0.533085763454437,1
"TCN",0,23,"test",47,0.519931137561798,0
"TCN",0,23,"test",48,0.50719678401947,0
"TCN",0,23,"test",49,0.504217445850372,0
"TCN",0,23,"test",50,0.530885219573975,0
"TCN",0,23,"test",51,0.496420949697495,1
"TCN",0,23,"test",52,0.483951032161713,1
"TCN",0,23,"test",53,0.476923018693924,1
"TCN",0,23,"test",54,0.519345283508301,1
"TCN",0,23,"test",55,0.50620037317276,0
"TCN",0,23,"test",56,0.542702555656433,0
"TCN",0,23,"test",57,0.59354704618454,0
"TCN",0,23,"test",58,0.390809893608093,0
"TCN",0,23,"test",59,0.368445664644241,1
"TCN",0,23,"test",60,0.501713156700134,1
"TCN",0,23,"test",61,0.509396851062775,1
"TCN",0,23,"test",62,0.463056683540344,0
"TCN",0,23,"test",63,0.453987121582031,1
"TCN",0,23,"test",64,0.478921234607697,1
"TCN",0,23,"test",65,0.475508540868759,1
"TCN",0,23,"test",66,0.427679538726807,1
"TCN",0,23,"test",67,0.4267618060112,1
"TCN",0,23,"test",68,0.508995771408081,0
"TCN",0,23,"test",69,0.505087375640869,0
"TCN",0,23,"test",70,0.520951569080353,0
"TCN",0,23,"test",71,0.523720026016235,1
"TCN",0,23,"test",72,0.519931137561798,1
"TCN",0,23,"test",73,0.509713232517242,0
"TCN",0,23,"test",74,0.504217445850372,0
"TCN",0,23,"test",75,0.518087267875671,0
"TCN",0,23,"test",76,0.496420949697495,0
"TCN",0,23,"test",77,0.502551078796387,0
"TCN",0,23,"test",78,0.476923018693924,1
"TCN",0,23,"test",79,0.486790120601654,0
"TCN",0,23,"test",80,0.50620037317276,0
"TCN",0,23,"test",81,0.517065465450287,1
"TCN",0,23,"test",82,0.59354704618454,1
"TCN",0,23,"test",83,0.550934910774231,1
"TCN",0,23,"test",84,0.368445664644241,1
"TCN",0,23,"test",85,0.388910114765167,0
"TCN",0,23,"test",86,0.509396851062775,0
"TCN",0,23,"test",87,0.498212963342667,0
"TCN",0,23,"test",88,0.453987121582031,0
"TCN",0,23,"test",89,0.447852075099945,0
"TCN",0,23,"test",90,0.475508540868759,0
"TCN",0,23,"test",91,0.476631194353104,1
"TCN",0,23,"test",92,0.4267618060112,0
"TCN",0,23,"test",93,0.424589395523071,0
"TCN",0,23,"test",94,0.505087375640869,0
"TCN",0,23,"test",95,0.511119306087494,0
"TCN",0,23,"test",96,0.523720026016235,0
"TCN",0,23,"test",97,0.519747316837311,1
"TCN",0,23,"test",98,0.509713232517242,1
"TCN",0,23,"test",99,0.519818663597107,1
"TCN",0,23,"test",100,0.518087267875671,1
"TCN",0,23,"test",101,0.510772109031677,1
"TCN",0,23,"test",102,0.502551078796387,0
"TCN",0,23,"test",103,0.487327724695206,0
"TCN",0,23,"test",104,0.486790120601654,0
"TCN",0,23,"test",105,0.499111592769623,0
"TCN",0,23,"test",106,0.517065465450287,0
"TCN",0,23,"test",107,0.493075281381607,0
"TCN",0,23,"test",108,0.550934910774231,0
"TCN",0,23,"test",109,0.561386406421661,0
"TCN",0,23,"test",110,0.388910114765167,1
"TCN",0,23,"test",111,0.289956241846085,1
"TCN",0,23,"test",112,0.498212963342667,1
"TCN",0,23,"test",113,0.5042964220047,0
"TCN",0,23,"test",114,0.447852075099945,1
"TCN",0,23,"test",115,0.46808597445488,1
"TCN",0,23,"test",116,0.476631194353104,1
"TCN",0,23,"test",117,0.473368257284164,1
"TCN",0,23,"test",118,0.424589395523071,1
"TCN",0,23,"test",119,0.417460739612579,0
"TCN",0,23,"test",120,0.511119306087494,0
"TCN",0,23,"test",121,0.49349045753479,0
"TCN",0,23,"test",122,0.519747316837311,1
"TCN",0,23,"test",123,0.519906938076019,1
"TCN",0,23,"test",124,0.519818663597107,1
"TCN",0,23,"test",125,0.508397579193115,0
"TCN",0,23,"test",126,0.510772109031677,0
"TCN",0,23,"test",127,0.503256618976593,0
"TCN",0,23,"test",128,0.487327724695206,1
"TCN",0,23,"test",129,0.483602851629257,1
"TCN",0,23,"test",130,0.499111592769623,1
"TCN",0,23,"test",131,0.524179041385651,1
"TCN",0,23,"test",132,0.493075281381607,0
"TCN",0,23,"test",133,0.559198498725891,0
"TCN",0,23,"test",134,0.561386406421661,0
"TCN",0,23,"test",135,0.545543968677521,0
"TCN",0,23,"test",136,0.289956241846085,0
"TCN",0,23,"test",137,0.386832028627396,1
"TCN",0,23,"test",138,0.5042964220047,1
"TCN",0,23,"test",139,0.514798164367676,1
"TCN",0,23,"test",140,0.46808597445488,1
"TCN",0,23,"test",141,0.468163281679153,1
"TCN",0,23,"test",142,0.473368257284164,1
"TCN",0,23,"test",143,0.474775552749634,1
"TCN",0,23,"test",144,0.417460739612579,1
"TCN",0,23,"test",145,0.407391875982285,1
"TCN",0,23,"test",146,0.49349045753479,1
"TCN",0,23,"test",147,0.494357049465179,1
"TCN",0,23,"test",148,0.519906938076019,1
"TCN",0,23,"test",149,0.521067559719086,1
"TCN",0,23,"test",150,0.508397579193115,1
"TCN",0,23,"test",151,0.514427006244659,1
"TCN",0,23,"test",152,0.503256618976593,0
"TCN",0,23,"test",153,0.541825771331787,0
"TCN",0,23,"test",154,0.483602851629257,1
"TCN",0,23,"test",155,0.475604951381683,1
"TCN",0,23,"test",156,0.524179041385651,1
"TCN",0,23,"test",157,0.494736045598984,0
"TCN",0,23,"test",158,0.559198498725891,0
"TCN",0,23,"test",159,0.529336929321289,0
"TCN",0,23,"test",160,0.545543968677521,0
"TCN",0,23,"test",161,0.540653109550476,0
"TCN",0,23,"test",162,0.386832028627396,0
"TCN",0,23,"test",163,0.436293661594391,0
"TCN",0,23,"test",164,0.514798164367676,0
"TCN",0,23,"test",165,0.503943622112274,1
"TCN",0,23,"test",166,0.468163281679153,1
"TCN",0,23,"test",167,0.459189176559448,0
"TCN",0,23,"test",168,0.474775552749634,1
"TCN",0,23,"test",169,0.475747883319855,1
"TCN",0,23,"test",170,0.407391875982285,1
"TCN",0,23,"test",171,0.411597609519958,0
"TCN",0,23,"test",172,0.494357049465179,0
"TCN",0,23,"test",173,0.488276302814484,1
"TCN",0,23,"test",174,0.521067559719086,1
"TCN",0,23,"test",175,0.520538687705994,1
"TCN",0,23,"test",176,0.514427006244659,1
"TCN",0,23,"test",177,0.514274418354034,0
"TCN",0,23,"test",178,0.541825771331787,0
"TCN",0,23,"test",179,0.500554978847504,0
"TCN",0,23,"test",180,0.475604951381683,0
"TCN",0,23,"test",181,0.501644611358643,0
"TCN",0,23,"test",182,0.494736045598984,0
"TCN",0,23,"test",183,0.484316945075989,0
"TCN",0,23,"test",184,0.529336929321289,0
"TCN",0,23,"test",185,0.507928609848022,0
"TCN",0,23,"test",186,0.540653109550476,1
"TCN",0,23,"test",187,0.525137066841125,0
"TCN",0,23,"test",188,0.436293661594391,0
"TCN",0,23,"test",189,0.440322130918503,0
"TCN",0,23,"test",190,0.503943622112274,0
"TCN",0,23,"test",191,0.511603772640228,0
"TCN",0,23,"test",192,0.459189176559448,0
"TCN",0,23,"test",193,0.459461688995361,0
"TCN",0,23,"test",194,0.475747883319855,0
"TCN",0,23,"test",195,0.471827328205109,0
"TCN",0,23,"test",196,0.411597609519958,0
"TCN",0,23,"test",197,0.432949036359787,1
"TCN",0,23,"test",198,0.488276302814484,1
"TCN",0,23,"test",199,0.492778778076172,1
"TCN",0,23,"test",200,0.520538687705994,0
"TCN",0,23,"test",201,0.519791781902313,0
"TCN",0,23,"test",202,0.514274418354034,1
"TCN",0,23,"test",203,0.513309061527252,0
"TCN",0,23,"test",204,0.500554978847504,0
"TCN",0,23,"test",205,0.505099654197693,0
"TCN",0,23,"test",206,0.501644611358643,1
"TCN",0,23,"test",207,0.490157693624496,0
"TCN",0,23,"test",208,0.484316945075989,0
"TCN",0,23,"test",209,0.48031023144722,0
"TCN",0,23,"test",210,0.507928609848022,0
"TCN",0,23,"test",211,0.508716344833374,0
"TCN",0,23,"test",212,0.525137066841125,1
"TCN",0,23,"test",213,0.570747137069702,0
"TCN",0,23,"test",214,0.440322130918503,1
"TCN",0,23,"test",215,0.326247036457062,1
"TCN",0,23,"test",216,0.511603772640228,1
"TCN",0,23,"test",217,0.502063512802124,0
"TCN",0,23,"test",218,0.459461688995361,0
"TCN",0,23,"test",219,0.457760542631149,1
"TCN",0,23,"test",220,0.471827328205109,1
"TCN",0,23,"test",221,0.475306212902069,0
"TCN",0,23,"test",222,0.432949036359787,1
"TCN",0,23,"test",223,0.410472393035889,1
"TCN",0,23,"test",224,0.492778778076172,1
"TCN",0,23,"test",225,0.502801299095154,0
"TCN",0,23,"test",226,0.519791781902313,0
"TCN",0,23,"test",227,0.527231335639954,0
"TCN",0,23,"test",228,0.513309061527252,1
"TCN",0,23,"test",229,0.517697393894196,1
"TCN",0,23,"test",230,0.505099654197693,0
"TCN",0,23,"test",231,0.480566799640656,1
"TCN",0,23,"test",232,0.490157693624496,1
"TCN",0,23,"test",233,0.535348773002625,1
"TCN",0,23,"test",234,0.48031023144722,1
"TCN",0,23,"test",235,0.480940192937851,1
"TCN",0,23,"test",236,0.508716344833374,1
"TCN",0,23,"test",237,0.517779588699341,0
"TCN",0,23,"test",238,0.570747137069702,0
"TCN",0,23,"test",239,0.545499205589294,0
"TCN",0,23,"test",240,0.326247036457062,0
"TCN",0,23,"test",241,0.297302693128586,0
"TCN",0,23,"test",242,0.502063512802124,0
"TCN",0,23,"test",243,0.492599874734879,0
"TCN",0,23,"test",244,0.457760542631149,1
"TCN",0,23,"test",245,0.449024140834808,1
"TCN",0,23,"test",246,0.475306212902069,1
"TCN",0,23,"test",247,0.472677826881409,1
"TCN",0,23,"test",248,0.410472393035889,1
"TCN",0,23,"test",249,0.419964224100113,1
"TCN",0,23,"test",250,0.502801299095154,1
"TCN",0,23,"test",251,0.508093297481537,1
"TCN",0,23,"test",252,0.527231335639954,0
"TCN",0,23,"test",253,0.52076929807663,0
"TCN",0,23,"test",254,0.517697393894196,0
"TCN",0,23,"test",255,0.50289112329483,1
"TCN",0,23,"test",256,0.480566799640656,1
"TCN",0,23,"test",257,0.518641948699951,1
"TCN",0,23,"test",258,0.535348773002625,1
"TCN",0,23,"test",259,0.5039381980896,1
"TCN",0,23,"test",260,0.480940192937851,1
"TCN",0,23,"test",261,0.48136430978775,1
"TCN",0,23,"test",262,0.517779588699341,0
"TCN",0,23,"test",263,0.497545808553696,0
"TCN",0,23,"test",264,0.545499205589294,1
"TCN",0,23,"test",265,0.554803073406219,1
"TCN",0,23,"test",266,0.297302693128586,1
"TCN",0,23,"test",267,0.427279591560364,1
"TCN",0,23,"test",268,0.492599874734879,1
"TCN",0,23,"test",269,0.499030828475952,1
"TCN",0,23,"test",270,0.449024140834808,1
"TCN",0,23,"test",271,0.465877801179886,1
"TCN",0,23,"test",272,0.472677826881409,1
"TCN",0,23,"test",273,0.472121268510818,1
"TCN",0,23,"test",274,0.419964224100113,1
"TCN",0,23,"test",275,0.412806779146194,1
"TCN",0,23,"test",276,0.508093297481537,1
"TCN",0,23,"test",277,0.493201524019241,1
"TCN",0,23,"test",278,0.52076929807663,0
"TCN",0,23,"test",279,0.518199324607849,0
"TCN",0,23,"test",280,0.50289112329483,0
"TCN",0,23,"test",281,0.51544463634491,0
"TCN",0,23,"test",282,0.518641948699951,0
"TCN",0,23,"test",283,0.498642385005951,0
"TCN",0,23,"test",284,0.5039381980896,0
"TCN",0,23,"test",285,0.516474843025208,0
"TCN",0,23,"test",286,0.48136430978775,0
"TCN",0,23,"test",287,0.502675652503967,0
"TCN",0,23,"test",288,0.497545808553696,0
"TCN",0,23,"test",289,0.513053238391876,0
"TCN",0,23,"test",290,0.554803073406219,0
"TCN",0,23,"test",291,0.511943399906158,0
"TCN",0,23,"test",292,0.427279591560364,1
"TCN",0,23,"test",293,0.469224005937576,1
"TCN",0,23,"test",294,0.499030828475952,1
"TCN",0,23,"test",295,0.494129091501236,0
"TCN",0,23,"test",296,0.465877801179886,0
"TCN",0,23,"test",297,0.464134722948074,1
"TCN",0,23,"test",298,0.472121268510818,0
"TCN",0,23,"test",299,0.474136263132095,0
"TCN",0,23,"test",300,0.412806779146194,1
"TCN",0,23,"test",301,0.360636353492737,1
"TCN",0,23,"test",302,0.493201524019241,1
"TCN",0,23,"test",303,0.514177858829498,0
"TCN",0,23,"test",304,0.518199324607849,1
"TCN",0,23,"test",305,0.520051598548889,0
"TCN",0,27,"test",1,0.484270870685577,0
"TCN",0,27,"test",2,0.541592240333557,0
"TCN",0,27,"test",3,0.54880952835083,1
"TCN",0,27,"test",4,0.493946075439453,1
"TCN",0,27,"test",5,0.523594439029694,1
"TCN",0,27,"test",6,0.413034915924072,1
"TCN",0,27,"test",7,0.390821844339371,1
"TCN",0,27,"test",8,0.52390056848526,1
"TCN",0,27,"test",9,0.503404140472412,1
"TCN",0,27,"test",10,0.454147577285767,1
"TCN",0,27,"test",11,0.469430148601532,1
"TCN",0,27,"test",12,0.482285469770432,1
"TCN",0,27,"test",13,0.468685925006866,1
"TCN",0,27,"test",14,0.403701364994049,1
"TCN",0,27,"test",15,0.406395077705383,1
"TCN",0,27,"test",16,0.541639626026154,1
"TCN",0,27,"test",17,0.523368537425995,0
"TCN",0,27,"test",18,0.534288883209229,0
"TCN",0,27,"test",19,0.536896169185638,0
"TCN",0,27,"test",20,0.508222103118896,1
"TCN",0,27,"test",21,0.504962027072906,1
"TCN",0,27,"test",22,0.524823665618896,1
"TCN",0,27,"test",23,0.519498705863953,0
"TCN",0,27,"test",24,0.499594211578369,0
"TCN",0,27,"test",25,0.484735101461411,0
"TCN",0,27,"test",26,0.484270870685577,1
"TCN",0,27,"test",27,0.50428318977356,1
"TCN",0,27,"test",28,0.54880952835083,1
"TCN",0,27,"test",29,0.532206118106842,0
"TCN",0,27,"test",30,0.523594439029694,0
"TCN",0,27,"test",31,0.543422877788544,0
"TCN",0,27,"test",32,0.390821844339371,0
"TCN",0,27,"test",33,0.350315153598785,0
"TCN",0,27,"test",34,0.503404140472412,1
"TCN",0,27,"test",35,0.511293888092041,1
"TCN",0,27,"test",36,0.469430148601532,1
"TCN",0,27,"test",37,0.473765164613724,1
"TCN",0,27,"test",38,0.468685925006866,1
"TCN",0,27,"test",39,0.461259692907333,1
"TCN",0,27,"test",40,0.406395077705383,1
"TCN",0,27,"test",41,0.409417361021042,1
"TCN",0,27,"test",42,0.523368537425995,0
"TCN",0,27,"test",43,0.510473847389221,0
"TCN",0,27,"test",44,0.536896169185638,1
"TCN",0,27,"test",45,0.535211801528931,1
"TCN",0,27,"test",46,0.504962027072906,1
"TCN",0,27,"test",47,0.508902430534363,0
"TCN",0,27,"test",48,0.519498705863953,0
"TCN",0,27,"test",49,0.515905618667603,0
"TCN",0,27,"test",50,0.484735101461411,0
"TCN",0,27,"test",51,0.493276834487915,1
"TCN",0,27,"test",52,0.50428318977356,1
"TCN",0,27,"test",53,0.505872964859009,1
"TCN",0,27,"test",54,0.532206118106842,1
"TCN",0,27,"test",55,0.509241700172424,0
"TCN",0,27,"test",56,0.543422877788544,0
"TCN",0,27,"test",57,0.611073017120361,0
"TCN",0,27,"test",58,0.350315153598785,0
"TCN",0,27,"test",59,0.318870782852173,1
"TCN",0,27,"test",60,0.511293888092041,1
"TCN",0,27,"test",61,0.480069518089294,1
"TCN",0,27,"test",62,0.473765164613724,0
"TCN",0,27,"test",63,0.460588008165359,1
"TCN",0,27,"test",64,0.461259692907333,1
"TCN",0,27,"test",65,0.473945021629333,1
"TCN",0,27,"test",66,0.409417361021042,1
"TCN",0,27,"test",67,0.389177948236465,1
"TCN",0,27,"test",68,0.510473847389221,0
"TCN",0,27,"test",69,0.51629650592804,0
"TCN",0,27,"test",70,0.535211801528931,0
"TCN",0,27,"test",71,0.496070146560669,1
"TCN",0,27,"test",72,0.508902430534363,1
"TCN",0,27,"test",73,0.500958681106567,0
"TCN",0,27,"test",74,0.515905618667603,0
"TCN",0,27,"test",75,0.527916550636292,0
"TCN",0,27,"test",76,0.493276834487915,0
"TCN",0,27,"test",77,0.485225528478622,0
"TCN",0,27,"test",78,0.505872964859009,1
"TCN",0,27,"test",79,0.526436805725098,0
"TCN",0,27,"test",80,0.509241700172424,0
"TCN",0,27,"test",81,0.52042818069458,1
"TCN",0,27,"test",82,0.611073017120361,1
"TCN",0,27,"test",83,0.552739977836609,1
"TCN",0,27,"test",84,0.318870782852173,1
"TCN",0,27,"test",85,0.347631871700287,0
"TCN",0,27,"test",86,0.480069518089294,0
"TCN",0,27,"test",87,0.497168183326721,0
"TCN",0,27,"test",88,0.460588008165359,0
"TCN",0,27,"test",89,0.4475357234478,0
"TCN",0,27,"test",90,0.473945021629333,0
"TCN",0,27,"test",91,0.48661682009697,1
"TCN",0,27,"test",92,0.389177948236465,0
"TCN",0,27,"test",93,0.386797487735748,0
"TCN",0,27,"test",94,0.51629650592804,0
"TCN",0,27,"test",95,0.515510022640228,0
"TCN",0,27,"test",96,0.496070146560669,0
"TCN",0,27,"test",97,0.504895687103271,1
"TCN",0,27,"test",98,0.500958681106567,1
"TCN",0,27,"test",99,0.507527947425842,1
"TCN",0,27,"test",100,0.527916550636292,1
"TCN",0,27,"test",101,0.524076819419861,1
"TCN",0,27,"test",102,0.485225528478622,0
"TCN",0,27,"test",103,0.482193112373352,0
"TCN",0,27,"test",104,0.526436805725098,0
"TCN",0,27,"test",105,0.547153353691101,0
"TCN",0,27,"test",106,0.52042818069458,0
"TCN",0,27,"test",107,0.504676938056946,0
"TCN",0,27,"test",108,0.552739977836609,0
"TCN",0,27,"test",109,0.565372049808502,0
"TCN",0,27,"test",110,0.347631871700287,1
"TCN",0,27,"test",111,0.191863149404526,1
"TCN",0,27,"test",112,0.497168183326721,1
"TCN",0,27,"test",113,0.508081674575806,0
"TCN",0,27,"test",114,0.4475357234478,1
"TCN",0,27,"test",115,0.470801293849945,1
"TCN",0,27,"test",116,0.48661682009697,1
"TCN",0,27,"test",117,0.486095577478409,1
"TCN",0,27,"test",118,0.386797487735748,1
"TCN",0,27,"test",119,0.412735342979431,0
"TCN",0,27,"test",120,0.515510022640228,0
"TCN",0,27,"test",121,0.539072692394257,0
"TCN",0,27,"test",122,0.504895687103271,1
"TCN",0,27,"test",123,0.50223571062088,1
"TCN",0,27,"test",124,0.507527947425842,1
"TCN",0,27,"test",125,0.50356513261795,0
"TCN",0,27,"test",126,0.524076819419861,0
"TCN",0,27,"test",127,0.510311007499695,0
"TCN",0,27,"test",128,0.482193112373352,1
"TCN",0,27,"test",129,0.488034158945084,1
"TCN",0,27,"test",130,0.547153353691101,1
"TCN",0,27,"test",131,0.554685115814209,1
"TCN",0,27,"test",132,0.504676938056946,0
"TCN",0,27,"test",133,0.556002557277679,0
"TCN",0,27,"test",134,0.565372049808502,0
"TCN",0,27,"test",135,0.538534760475159,0
"TCN",0,27,"test",136,0.191863149404526,0
"TCN",0,27,"test",137,0.343390017747879,1
"TCN",0,27,"test",138,0.508081674575806,1
"TCN",0,27,"test",139,0.510983347892761,1
"TCN",0,27,"test",140,0.470801293849945,1
"TCN",0,27,"test",141,0.471165835857391,1
"TCN",0,27,"test",142,0.486095577478409,1
"TCN",0,27,"test",143,0.482565194368362,1
"TCN",0,27,"test",144,0.412735342979431,1
"TCN",0,27,"test",145,0.406911730766296,1
"TCN",0,27,"test",146,0.539072692394257,1
"TCN",0,27,"test",147,0.536891579627991,1
"TCN",0,27,"test",148,0.50223571062088,1
"TCN",0,27,"test",149,0.535372674465179,1
"TCN",0,27,"test",150,0.50356513261795,1
"TCN",0,27,"test",151,0.500739812850952,1
"TCN",0,27,"test",152,0.510311007499695,0
"TCN",0,27,"test",153,0.522444069385529,0
"TCN",0,27,"test",154,0.488034158945084,1
"TCN",0,27,"test",155,0.484282344579697,1
"TCN",0,27,"test",156,0.554685115814209,1
"TCN",0,27,"test",157,0.534645199775696,0
"TCN",0,27,"test",158,0.556002557277679,0
"TCN",0,27,"test",159,0.532809257507324,0
"TCN",0,27,"test",160,0.538534760475159,0
"TCN",0,27,"test",161,0.531950831413269,0
"TCN",0,27,"test",162,0.343390017747879,0
"TCN",0,27,"test",163,0.419872671365738,0
"TCN",0,27,"test",164,0.510983347892761,0
"TCN",0,27,"test",165,0.512109100818634,1
"TCN",0,27,"test",166,0.471165835857391,1
"TCN",0,27,"test",167,0.463052481412888,0
"TCN",0,27,"test",168,0.482565194368362,1
"TCN",0,27,"test",169,0.488135695457458,1
"TCN",0,27,"test",170,0.406911730766296,1
"TCN",0,27,"test",171,0.413600891828537,0
"TCN",0,27,"test",172,0.536891579627991,0
"TCN",0,27,"test",173,0.548288285732269,1
"TCN",0,27,"test",174,0.535372674465179,1
"TCN",0,27,"test",175,0.525391340255737,1
"TCN",0,27,"test",176,0.500739812850952,1
"TCN",0,27,"test",177,0.495991885662079,0
"TCN",0,27,"test",178,0.522444069385529,0
"TCN",0,27,"test",179,0.50424337387085,0
"TCN",0,27,"test",180,0.484282344579697,0
"TCN",0,27,"test",181,0.470293879508972,0
"TCN",0,27,"test",182,0.534645199775696,0
"TCN",0,27,"test",183,0.530931293964386,0
"TCN",0,27,"test",184,0.532809257507324,0
"TCN",0,27,"test",185,0.509654879570007,0
"TCN",0,27,"test",186,0.531950831413269,1
"TCN",0,27,"test",187,0.517237722873688,0
"TCN",0,27,"test",188,0.419872671365738,0
"TCN",0,27,"test",189,0.426997661590576,0
"TCN",0,27,"test",190,0.512109100818634,0
"TCN",0,27,"test",191,0.444534748792648,0
"TCN",0,27,"test",192,0.463052481412888,0
"TCN",0,27,"test",193,0.473320543766022,0
"TCN",0,27,"test",194,0.488135695457458,0
"TCN",0,27,"test",195,0.487207174301147,0
"TCN",0,27,"test",196,0.413600891828537,0
"TCN",0,27,"test",197,0.422065198421478,1
"TCN",0,27,"test",198,0.548288285732269,1
"TCN",0,27,"test",199,0.540549397468567,1
"TCN",0,27,"test",200,0.525391340255737,0
"TCN",0,27,"test",201,0.522721290588379,0
"TCN",0,27,"test",202,0.495991885662079,1
"TCN",0,27,"test",203,0.513684928417206,0
"TCN",0,27,"test",204,0.50424337387085,0
"TCN",0,27,"test",205,0.521211564540863,0
"TCN",0,27,"test",206,0.470293879508972,1
"TCN",0,27,"test",207,0.478911131620407,0
"TCN",0,27,"test",208,0.530931293964386,0
"TCN",0,27,"test",209,0.513364970684052,0
"TCN",0,27,"test",210,0.509654879570007,0
"TCN",0,27,"test",211,0.510493159294128,0
"TCN",0,27,"test",212,0.517237722873688,1
"TCN",0,27,"test",213,0.578996956348419,0
"TCN",0,27,"test",214,0.426997661590576,1
"TCN",0,27,"test",215,0.256326347589493,1
"TCN",0,27,"test",216,0.444534748792648,1
"TCN",0,27,"test",217,0.443263471126556,0
"TCN",0,27,"test",218,0.473320543766022,0
"TCN",0,27,"test",219,0.47264751791954,1
"TCN",0,27,"test",220,0.487207174301147,1
"TCN",0,27,"test",221,0.486455887556076,0
"TCN",0,27,"test",222,0.422065198421478,1
"TCN",0,27,"test",223,0.405647367238998,1
"TCN",0,27,"test",224,0.540549397468567,1
"TCN",0,27,"test",225,0.526082575321198,0
"TCN",0,27,"test",226,0.522721290588379,0
"TCN",0,27,"test",227,0.522770702838898,0
"TCN",0,27,"test",228,0.513684928417206,1
"TCN",0,27,"test",229,0.498018205165863,1
"TCN",0,27,"test",230,0.521211564540863,0
"TCN",0,27,"test",231,0.508929133415222,1
"TCN",0,27,"test",232,0.478911131620407,1
"TCN",0,27,"test",233,0.506991028785706,1
"TCN",0,27,"test",234,0.513364970684052,1
"TCN",0,27,"test",235,0.516119599342346,1
"TCN",0,27,"test",236,0.510493159294128,1
"TCN",0,27,"test",237,0.520268201828003,0
"TCN",0,27,"test",238,0.578996956348419,0
"TCN",0,27,"test",239,0.538091957569122,0
"TCN",0,27,"test",240,0.256326347589493,0
"TCN",0,27,"test",241,0.199744045734406,0
"TCN",0,27,"test",242,0.443263471126556,0
"TCN",0,27,"test",243,0.47153177857399,0
"TCN",0,27,"test",244,0.47264751791954,1
"TCN",0,27,"test",245,0.458120048046112,1
"TCN",0,27,"test",246,0.486455887556076,1
"TCN",0,27,"test",247,0.480179250240326,1
"TCN",0,27,"test",248,0.405647367238998,1
"TCN",0,27,"test",249,0.356904447078705,1
"TCN",0,27,"test",250,0.526082575321198,1
"TCN",0,27,"test",251,0.508725762367249,1
"TCN",0,27,"test",252,0.522770702838898,0
"TCN",0,27,"test",253,0.531245231628418,0
"TCN",0,27,"test",254,0.498018205165863,0
"TCN",0,27,"test",255,0.494618475437164,1
"TCN",0,27,"test",256,0.508929133415222,1
"TCN",0,27,"test",257,0.522004783153534,1
"TCN",0,27,"test",258,0.506991028785706,1
"TCN",0,27,"test",259,0.481492429971695,1
"TCN",0,27,"test",260,0.516119599342346,1
"TCN",0,27,"test",261,0.504545092582703,1
"TCN",0,27,"test",262,0.520268201828003,0
"TCN",0,27,"test",263,0.49586695432663,0
"TCN",0,27,"test",264,0.538091957569122,1
"TCN",0,27,"test",265,0.557507455348969,1
"TCN",0,27,"test",266,0.199744045734406,1
"TCN",0,27,"test",267,0.406582891941071,1
"TCN",0,27,"test",268,0.47153177857399,1
"TCN",0,27,"test",269,0.489295929670334,1
"TCN",0,27,"test",270,0.458120048046112,1
"TCN",0,27,"test",271,0.466969877481461,1
"TCN",0,27,"test",272,0.480179250240326,1
"TCN",0,27,"test",273,0.486844301223755,1
"TCN",0,27,"test",274,0.356904447078705,1
"TCN",0,27,"test",275,0.405178129673004,1
"TCN",0,27,"test",276,0.508725762367249,1
"TCN",0,27,"test",277,0.536678433418274,1
"TCN",0,27,"test",278,0.531245231628418,0
"TCN",0,27,"test",279,0.528880774974823,0
"TCN",0,27,"test",280,0.494618475437164,0
"TCN",0,27,"test",281,0.509388864040375,0
"TCN",0,27,"test",282,0.522004783153534,0
"TCN",0,27,"test",283,0.518382668495178,0
"TCN",0,27,"test",284,0.481492429971695,0
"TCN",0,27,"test",285,0.512160360813141,0
"TCN",0,27,"test",286,0.504545092582703,0
"TCN",0,27,"test",287,0.546690344810486,0
"TCN",0,27,"test",288,0.49586695432663,0
"TCN",0,27,"test",289,0.515110492706299,0
"TCN",0,27,"test",290,0.557507455348969,0
"TCN",0,27,"test",291,0.509258210659027,0
"TCN",0,27,"test",292,0.406582891941071,1
"TCN",0,27,"test",293,0.474368572235107,1
"TCN",0,27,"test",294,0.489295929670334,1
"TCN",0,27,"test",295,0.503548145294189,0
"TCN",0,27,"test",296,0.466969877481461,0
"TCN",0,27,"test",297,0.465723603963852,1
"TCN",0,27,"test",298,0.486844301223755,0
"TCN",0,27,"test",299,0.485899448394775,0
"TCN",0,27,"test",300,0.405178129673004,1
"TCN",0,27,"test",301,0.338161498308182,1
"TCN",0,27,"test",302,0.536678433418274,1
"TCN",0,27,"test",303,0.494921267032623,0
"TCN",0,27,"test",304,0.528880774974823,1
"TCN",0,27,"test",305,0.532594382762909,0
"TCN",0,98,"test",1,0.493796408176422,0
"TCN",0,98,"test",2,0.532066822052002,0
"TCN",0,98,"test",3,0.535948216915131,1
"TCN",0,98,"test",4,0.535022079944611,1
"TCN",0,98,"test",5,0.530890166759491,1
"TCN",0,98,"test",6,0.558682024478912,1
"TCN",0,98,"test",7,0.572918713092804,1
"TCN",0,98,"test",8,0.518062353134155,1
"TCN",0,98,"test",9,0.510328829288483,1
"TCN",0,98,"test",10,0.485645681619644,1
"TCN",0,98,"test",11,0.489093869924545,1
"TCN",0,98,"test",12,0.49109148979187,1
"TCN",0,98,"test",13,0.471659123897552,1
"TCN",0,98,"test",14,0.44640925526619,1
"TCN",0,98,"test",15,0.445882797241211,1
"TCN",0,98,"test",16,0.554168879985809,1
"TCN",0,98,"test",17,0.559087097644806,0
"TCN",0,98,"test",18,0.521482825279236,0
"TCN",0,98,"test",19,0.522474110126495,0
"TCN",0,98,"test",20,0.541856050491333,1
"TCN",0,98,"test",21,0.542742311954498,1
"TCN",0,98,"test",22,0.530809104442596,1
"TCN",0,98,"test",23,0.528209924697876,0
"TCN",0,98,"test",24,0.488769382238388,0
"TCN",0,98,"test",25,0.490436762571335,0
"TCN",0,98,"test",26,0.493796408176422,1
"TCN",0,98,"test",27,0.522953987121582,1
"TCN",0,98,"test",28,0.535948216915131,1
"TCN",0,98,"test",29,0.531587958335876,0
"TCN",0,98,"test",30,0.530890166759491,0
"TCN",0,98,"test",31,0.546112716197968,0
"TCN",0,98,"test",32,0.572918713092804,0
"TCN",0,98,"test",33,0.617078542709351,0
"TCN",0,98,"test",34,0.510328829288483,1
"TCN",0,98,"test",35,0.495487719774246,1
"TCN",0,98,"test",36,0.489093869924545,1
"TCN",0,98,"test",37,0.48875093460083,1
"TCN",0,98,"test",38,0.471659123897552,1
"TCN",0,98,"test",39,0.471364587545395,1
"TCN",0,98,"test",40,0.445882797241211,1
"TCN",0,98,"test",41,0.447460114955902,1
"TCN",0,98,"test",42,0.559087097644806,0
"TCN",0,98,"test",43,0.52245682477951,0
"TCN",0,98,"test",44,0.522474110126495,1
"TCN",0,98,"test",45,0.523196578025818,1
"TCN",0,98,"test",46,0.542742311954498,1
"TCN",0,98,"test",47,0.529869735240936,0
"TCN",0,98,"test",48,0.528209924697876,0
"TCN",0,98,"test",49,0.519796848297119,0
"TCN",0,98,"test",50,0.490436762571335,0
"TCN",0,98,"test",51,0.489040285348892,1
"TCN",0,98,"test",52,0.522953987121582,1
"TCN",0,98,"test",53,0.5287966132164,1
"TCN",0,98,"test",54,0.531587958335876,1
"TCN",0,98,"test",55,0.519930720329285,0
"TCN",0,98,"test",56,0.546112716197968,0
"TCN",0,98,"test",57,0.61659699678421,0
"TCN",0,98,"test",58,0.617078542709351,0
"TCN",0,98,"test",59,0.652521073818207,1
"TCN",0,98,"test",60,0.495487719774246,1
"TCN",0,98,"test",61,0.520770788192749,1
"TCN",0,98,"test",62,0.48875093460083,0
"TCN",0,98,"test",63,0.487985104322433,1
"TCN",0,98,"test",64,0.471364587545395,1
"TCN",0,98,"test",65,0.478243201971054,1
"TCN",0,98,"test",66,0.447460114955902,1
"TCN",0,98,"test",67,0.44373145699501,1
"TCN",0,98,"test",68,0.52245682477951,0
"TCN",0,98,"test",69,0.518775761127472,0
"TCN",0,98,"test",70,0.523196578025818,0
"TCN",0,98,"test",71,0.574873149394989,1
"TCN",0,98,"test",72,0.529869735240936,1
"TCN",0,98,"test",73,0.524752199649811,0
"TCN",0,98,"test",74,0.519796848297119,0
"TCN",0,98,"test",75,0.528517007827759,0
"TCN",0,98,"test",76,0.489040285348892,0
"TCN",0,98,"test",77,0.48953503370285,0
"TCN",0,98,"test",78,0.5287966132164,1
"TCN",0,98,"test",79,0.565631806850433,0
"TCN",0,98,"test",80,0.519930720329285,0
"TCN",0,98,"test",81,0.521943032741547,1
"TCN",0,98,"test",82,0.61659699678421,1
"TCN",0,98,"test",83,0.555136620998383,1
"TCN",0,98,"test",84,0.652521073818207,1
"TCN",0,98,"test",85,0.620150089263916,0
"TCN",0,98,"test",86,0.520770788192749,0
"TCN",0,98,"test",87,0.5056232213974,0
"TCN",0,98,"test",88,0.487985104322433,0
"TCN",0,98,"test",89,0.465141505002975,0
"TCN",0,98,"test",90,0.478243201971054,0
"TCN",0,98,"test",91,0.485410243272781,1
"TCN",0,98,"test",92,0.44373145699501,0
"TCN",0,98,"test",93,0.443828612565994,0
"TCN",0,98,"test",94,0.518775761127472,0
"TCN",0,98,"test",95,0.531262516975403,0
"TCN",0,98,"test",96,0.574873149394989,0
"TCN",0,98,"test",97,0.547923862934113,1
"TCN",0,98,"test",98,0.524752199649811,1
"TCN",0,98,"test",99,0.530238449573517,1
"TCN",0,98,"test",100,0.528517007827759,1
"TCN",0,98,"test",101,0.523218274116516,1
"TCN",0,98,"test",102,0.48953503370285,0
"TCN",0,98,"test",103,0.490107387304306,0
"TCN",0,98,"test",104,0.565631806850433,0
"TCN",0,98,"test",105,0.601010143756866,0
"TCN",0,98,"test",106,0.521943032741547,0
"TCN",0,98,"test",107,0.516197919845581,0
"TCN",0,98,"test",108,0.555136620998383,0
"TCN",0,98,"test",109,0.568164587020874,0
"TCN",0,98,"test",110,0.620150089263916,1
"TCN",0,98,"test",111,0.802626371383667,1
"TCN",0,98,"test",112,0.5056232213974,1
"TCN",0,98,"test",113,0.515557765960693,0
"TCN",0,98,"test",114,0.465141505002975,1
"TCN",0,98,"test",115,0.478860825300217,1
"TCN",0,98,"test",116,0.485410243272781,1
"TCN",0,98,"test",117,0.491256773471832,1
"TCN",0,98,"test",118,0.443828612565994,1
"TCN",0,98,"test",119,0.449352532625198,0
"TCN",0,98,"test",120,0.531262516975403,0
"TCN",0,98,"test",121,0.581573367118835,0
"TCN",0,98,"test",122,0.547923862934113,1
"TCN",0,98,"test",123,0.550025641918182,1
"TCN",0,98,"test",124,0.530238449573517,1
"TCN",0,98,"test",125,0.520671844482422,0
"TCN",0,98,"test",126,0.523218274116516,0
"TCN",0,98,"test",127,0.52133584022522,0
"TCN",0,98,"test",128,0.490107387304306,1
"TCN",0,98,"test",129,0.490813106298447,1
"TCN",0,98,"test",130,0.601010143756866,1
"TCN",0,98,"test",131,0.611736178398132,1
"TCN",0,98,"test",132,0.516197919845581,0
"TCN",0,98,"test",133,0.551731050014496,0
"TCN",0,98,"test",134,0.568164587020874,0
"TCN",0,98,"test",135,0.548154830932617,0
"TCN",0,98,"test",136,0.802626371383667,0
"TCN",0,98,"test",137,0.621143877506256,1
"TCN",0,98,"test",138,0.515557765960693,1
"TCN",0,98,"test",139,0.524557888507843,1
"TCN",0,98,"test",140,0.478860825300217,1
"TCN",0,98,"test",141,0.474225163459778,1
"TCN",0,98,"test",142,0.491256773471832,1
"TCN",0,98,"test",143,0.52873033285141,1
"TCN",0,98,"test",144,0.449352532625198,1
"TCN",0,98,"test",145,0.448141992092133,1
"TCN",0,98,"test",146,0.581573367118835,1
"TCN",0,98,"test",147,0.595277369022369,1
"TCN",0,98,"test",148,0.550025641918182,1
"TCN",0,98,"test",149,0.510454833507538,1
"TCN",0,98,"test",150,0.520671844482422,1
"TCN",0,98,"test",151,0.52901965379715,1
"TCN",0,98,"test",152,0.52133584022522,0
"TCN",0,98,"test",153,0.536208748817444,0
"TCN",0,98,"test",154,0.490813106298447,1
"TCN",0,98,"test",155,0.491886556148529,1
"TCN",0,98,"test",156,0.611736178398132,1
"TCN",0,98,"test",157,0.581989645957947,0
"TCN",0,98,"test",158,0.551731050014496,0
"TCN",0,98,"test",159,0.528400599956512,0
"TCN",0,98,"test",160,0.548154830932617,0
"TCN",0,98,"test",161,0.544465243816376,0
"TCN",0,98,"test",162,0.621143877506256,0
"TCN",0,98,"test",163,0.548814296722412,0
"TCN",0,98,"test",164,0.524557888507843,0
"TCN",0,98,"test",165,0.508335947990417,1
"TCN",0,98,"test",166,0.474225163459778,1
"TCN",0,98,"test",167,0.485876947641373,0
"TCN",0,98,"test",168,0.52873033285141,1
"TCN",0,98,"test",169,0.521789789199829,1
"TCN",0,98,"test",170,0.448141992092133,1
"TCN",0,98,"test",171,0.448907226324081,0
"TCN",0,98,"test",172,0.595277369022369,0
"TCN",0,98,"test",173,0.595803499221802,1
"TCN",0,98,"test",174,0.510454833507538,1
"TCN",0,98,"test",175,0.531377017498016,1
"TCN",0,98,"test",176,0.52901965379715,1
"TCN",0,98,"test",177,0.533685445785522,0
"TCN",0,98,"test",178,0.536208748817444,0
"TCN",0,98,"test",179,0.518615365028381,0
"TCN",0,98,"test",180,0.491886556148529,0
"TCN",0,98,"test",181,0.485449641942978,0
"TCN",0,98,"test",182,0.581989645957947,0
"TCN",0,98,"test",183,0.576501429080963,0
"TCN",0,98,"test",184,0.528400599956512,0
"TCN",0,98,"test",185,0.513145208358765,0
"TCN",0,98,"test",186,0.544465243816376,1
"TCN",0,98,"test",187,0.540093898773193,0
"TCN",0,98,"test",188,0.548814296722412,0
"TCN",0,98,"test",189,0.54357922077179,0
"TCN",0,98,"test",190,0.508335947990417,0
"TCN",0,98,"test",191,0.518298983573914,0
"TCN",0,98,"test",192,0.485876947641373,0
"TCN",0,98,"test",193,0.475551038980484,0
"TCN",0,98,"test",194,0.521789789199829,0
"TCN",0,98,"test",195,0.506356716156006,0
"TCN",0,98,"test",196,0.448907226324081,0
"TCN",0,98,"test",197,0.450154602527618,1
"TCN",0,98,"test",198,0.595803499221802,1
"TCN",0,98,"test",199,0.582940280437469,1
"TCN",0,98,"test",200,0.531377017498016,0
"TCN",0,98,"test",201,0.531327366828918,0
"TCN",0,98,"test",202,0.533685445785522,1
"TCN",0,98,"test",203,0.534805297851562,0
"TCN",0,98,"test",204,0.518615365028381,0
"TCN",0,98,"test",205,0.51979798078537,0
"TCN",0,98,"test",206,0.485449641942978,1
"TCN",0,98,"test",207,0.483475834131241,0
"TCN",0,98,"test",208,0.576501429080963,0
"TCN",0,98,"test",209,0.539108097553253,0
"TCN",0,98,"test",210,0.513145208358765,0
"TCN",0,98,"test",211,0.513689160346985,0
"TCN",0,98,"test",212,0.540093898773193,1
"TCN",0,98,"test",213,0.584100782871246,0
"TCN",0,98,"test",214,0.54357922077179,1
"TCN",0,98,"test",215,0.737083673477173,1
"TCN",0,98,"test",216,0.518298983573914,1
"TCN",0,98,"test",217,0.498421728610992,0
"TCN",0,98,"test",218,0.475551038980484,0
"TCN",0,98,"test",219,0.474885821342468,1
"TCN",0,98,"test",220,0.506356716156006,1
"TCN",0,98,"test",221,0.52351701259613,0
"TCN",0,98,"test",222,0.450154602527618,1
"TCN",0,98,"test",223,0.448214173316956,1
"TCN",0,98,"test",224,0.582940280437469,1
"TCN",0,98,"test",225,0.555656671524048,0
"TCN",0,98,"test",226,0.531327366828918,0
"TCN",0,98,"test",227,0.561529755592346,0
"TCN",0,98,"test",228,0.534805297851562,1
"TCN",0,98,"test",229,0.534816086292267,1
"TCN",0,98,"test",230,0.51979798078537,0
"TCN",0,98,"test",231,0.510537147521973,1
"TCN",0,98,"test",232,0.483475834131241,1
"TCN",0,98,"test",233,0.490556687116623,1
"TCN",0,98,"test",234,0.539108097553253,1
"TCN",0,98,"test",235,0.543408095836639,1
"TCN",0,98,"test",236,0.513689160346985,1
"TCN",0,98,"test",237,0.517575979232788,0
"TCN",0,98,"test",238,0.584100782871246,0
"TCN",0,98,"test",239,0.548157036304474,0
"TCN",0,98,"test",240,0.737083673477173,0
"TCN",0,98,"test",241,0.812324941158295,0
"TCN",0,98,"test",242,0.498421728610992,0
"TCN",0,98,"test",243,0.494744420051575,0
"TCN",0,98,"test",244,0.474885821342468,1
"TCN",0,98,"test",245,0.467231899499893,1
"TCN",0,98,"test",246,0.52351701259613,1
"TCN",0,98,"test",247,0.52373731136322,1
"TCN",0,98,"test",248,0.448214173316956,1
"TCN",0,98,"test",249,0.437472730875015,1
"TCN",0,98,"test",250,0.555656671524048,1
"TCN",0,98,"test",251,0.570722639560699,1
"TCN",0,98,"test",252,0.561529755592346,0
"TCN",0,98,"test",253,0.533049881458282,0
"TCN",0,98,"test",254,0.534816086292267,0
"TCN",0,98,"test",255,0.524419367313385,1
"TCN",0,98,"test",256,0.510537147521973,1
"TCN",0,98,"test",257,0.525542199611664,1
"TCN",0,98,"test",258,0.490556687116623,1
"TCN",0,98,"test",259,0.490228325128555,1
"TCN",0,98,"test",260,0.543408095836639,1
"TCN",0,98,"test",261,0.52411162853241,1
"TCN",0,98,"test",262,0.517575979232788,0
"TCN",0,98,"test",263,0.501926183700562,0
"TCN",0,98,"test",264,0.548157036304474,1
"TCN",0,98,"test",265,0.55967652797699,1
"TCN",0,98,"test",266,0.812324941158295,1
"TCN",0,98,"test",267,0.570508658885956,1
"TCN",0,98,"test",268,0.494744420051575,1
"TCN",0,98,"test",269,0.505747556686401,1
"TCN",0,98,"test",270,0.467231899499893,1
"TCN",0,98,"test",271,0.473740011453629,1
"TCN",0,98,"test",272,0.52373731136322,1
"TCN",0,98,"test",273,0.50246798992157,1
"TCN",0,98,"test",274,0.437472730875015,1
"TCN",0,98,"test",275,0.448392748832703,1
"TCN",0,98,"test",276,0.570722639560699,1
"TCN",0,98,"test",277,0.635899603366852,1
"TCN",0,98,"test",278,0.533049881458282,0
"TCN",0,98,"test",279,0.484238594770432,0
"TCN",0,98,"test",280,0.524419367313385,0
"TCN",0,98,"test",281,0.525965213775635,0
"TCN",0,98,"test",282,0.525542199611664,0
"TCN",0,98,"test",283,0.516555726528168,0
"TCN",0,98,"test",284,0.490228325128555,0
"TCN",0,98,"test",285,0.491530895233154,0
"TCN",0,98,"test",286,0.52411162853241,0
"TCN",0,98,"test",287,0.599468886852264,0
"TCN",0,98,"test",288,0.501926183700562,0
"TCN",0,98,"test",289,0.516779720783234,0
"TCN",0,98,"test",290,0.55967652797699,0
"TCN",0,98,"test",291,0.526417970657349,0
"TCN",0,98,"test",292,0.570508658885956,1
"TCN",0,98,"test",293,0.513174712657928,1
"TCN",0,98,"test",294,0.505747556686401,1
"TCN",0,98,"test",295,0.497355401515961,0
"TCN",0,98,"test",296,0.473740011453629,0
"TCN",0,98,"test",297,0.480543315410614,1
"TCN",0,98,"test",298,0.50246798992157,0
"TCN",0,98,"test",299,0.515250444412231,0
"TCN",0,98,"test",300,0.448392748832703,1
"TCN",0,98,"test",301,0.43560916185379,1
"TCN",0,98,"test",302,0.635899603366852,1
"TCN",0,98,"test",303,0.5978844165802,0
"TCN",0,98,"test",304,0.484238594770432,1
"TCN",0,98,"test",305,0.499004721641541,0
"TCN",0,41,"test",1,0.486265897750854,0
"TCN",0,41,"test",2,0.528760433197021,0
"TCN",0,41,"test",3,0.53365421295166,1
"TCN",0,41,"test",4,0.507631540298462,1
"TCN",0,41,"test",5,0.524563848972321,1
"TCN",0,41,"test",6,0.43570002913475,1
"TCN",0,41,"test",7,0.424588292837143,1
"TCN",0,41,"test",8,0.513994336128235,1
"TCN",0,41,"test",9,0.502884864807129,1
"TCN",0,41,"test",10,0.47334748506546,1
"TCN",0,41,"test",11,0.489828854799271,1
"TCN",0,41,"test",12,0.483740508556366,1
"TCN",0,41,"test",13,0.469750434160233,1
"TCN",0,41,"test",14,0.419174492359161,1
"TCN",0,41,"test",15,0.427297800779343,1
"TCN",0,41,"test",16,0.477609753608704,1
"TCN",0,41,"test",17,0.484112054109573,0
"TCN",0,41,"test",18,0.503864884376526,0
"TCN",0,41,"test",19,0.502924561500549,0
"TCN",0,41,"test",20,0.534098982810974,1
"TCN",0,41,"test",21,0.540602743625641,1
"TCN",0,41,"test",22,0.518917500972748,1
"TCN",0,41,"test",23,0.514529526233673,0
"TCN",0,41,"test",24,0.508427023887634,0
"TCN",0,41,"test",25,0.53350967168808,0
"TCN",0,41,"test",26,0.486265897750854,1
"TCN",0,41,"test",27,0.490758955478668,1
"TCN",0,41,"test",28,0.53365421295166,1
"TCN",0,41,"test",29,0.525792360305786,0
"TCN",0,41,"test",30,0.524563848972321,0
"TCN",0,41,"test",31,0.534115254878998,0
"TCN",0,41,"test",32,0.424588292837143,0
"TCN",0,41,"test",33,0.406666934490204,0
"TCN",0,41,"test",34,0.502884864807129,1
"TCN",0,41,"test",35,0.511771500110626,1
"TCN",0,41,"test",36,0.489828854799271,1
"TCN",0,41,"test",37,0.494654834270477,1
"TCN",0,41,"test",38,0.469750434160233,1
"TCN",0,41,"test",39,0.472188293933868,1
"TCN",0,41,"test",40,0.427297800779343,1
"TCN",0,41,"test",41,0.423416495323181,1
"TCN",0,41,"test",42,0.484112054109573,0
"TCN",0,41,"test",43,0.496946275234222,0
"TCN",0,41,"test",44,0.502924561500549,1
"TCN",0,41,"test",45,0.504077434539795,1
"TCN",0,41,"test",46,0.540602743625641,1
"TCN",0,41,"test",47,0.522876858711243,0
"TCN",0,41,"test",48,0.514529526233673,0
"TCN",0,41,"test",49,0.517475783824921,0
"TCN",0,41,"test",50,0.53350967168808,0
"TCN",0,41,"test",51,0.508865475654602,1
"TCN",0,41,"test",52,0.490758955478668,1
"TCN",0,41,"test",53,0.504101872444153,1
"TCN",0,41,"test",54,0.525792360305786,1
"TCN",0,41,"test",55,0.504443883895874,0
"TCN",0,41,"test",56,0.534115254878998,0
"TCN",0,41,"test",57,0.544825613498688,0
"TCN",0,41,"test",58,0.406666934490204,0
"TCN",0,41,"test",59,0.387506008148193,1
"TCN",0,41,"test",60,0.511771500110626,1
"TCN",0,41,"test",61,0.490867257118225,1
"TCN",0,41,"test",62,0.494654834270477,0
"TCN",0,41,"test",63,0.481610655784607,1
"TCN",0,41,"test",64,0.472188293933868,1
"TCN",0,41,"test",65,0.476946383714676,1
"TCN",0,41,"test",66,0.423416495323181,1
"TCN",0,41,"test",67,0.409278452396393,1
"TCN",0,41,"test",68,0.496946275234222,0
"TCN",0,41,"test",69,0.493188560009003,0
"TCN",0,41,"test",70,0.504077434539795,0
"TCN",0,41,"test",71,0.511186718940735,1
"TCN",0,41,"test",72,0.522876858711243,1
"TCN",0,41,"test",73,0.517340362071991,0
"TCN",0,41,"test",74,0.517475783824921,0
"TCN",0,41,"test",75,0.522233307361603,0
"TCN",0,41,"test",76,0.508865475654602,0
"TCN",0,41,"test",77,0.518929421901703,0
"TCN",0,41,"test",78,0.504101872444153,1
"TCN",0,41,"test",79,0.517231047153473,0
"TCN",0,41,"test",80,0.504443883895874,0
"TCN",0,41,"test",81,0.504646778106689,1
"TCN",0,41,"test",82,0.544825613498688,1
"TCN",0,41,"test",83,0.538195073604584,1
"TCN",0,41,"test",84,0.387506008148193,1
"TCN",0,41,"test",85,0.40501606464386,0
"TCN",0,41,"test",86,0.490867257118225,0
"TCN",0,41,"test",87,0.499348491430283,0
"TCN",0,41,"test",88,0.481610655784607,0
"TCN",0,41,"test",89,0.456881076097488,0
"TCN",0,41,"test",90,0.476946383714676,0
"TCN",0,41,"test",91,0.476014405488968,1
"TCN",0,41,"test",92,0.409278452396393,0
"TCN",0,41,"test",93,0.406481146812439,0
"TCN",0,41,"test",94,0.493188560009003,0
"TCN",0,41,"test",95,0.493131935596466,0
"TCN",0,41,"test",96,0.511186718940735,0
"TCN",0,41,"test",97,0.511192679405212,1
"TCN",0,41,"test",98,0.517340362071991,1
"TCN",0,41,"test",99,0.523128867149353,1
"TCN",0,41,"test",100,0.522233307361603,1
"TCN",0,41,"test",101,0.521405875682831,1
"TCN",0,41,"test",102,0.518929421901703,0
"TCN",0,41,"test",103,0.510104656219482,0
"TCN",0,41,"test",104,0.517231047153473,0
"TCN",0,41,"test",105,0.522778034210205,0
"TCN",0,41,"test",106,0.504646778106689,0
"TCN",0,41,"test",107,0.503273129463196,0
"TCN",0,41,"test",108,0.538195073604584,0
"TCN",0,41,"test",109,0.541614294052124,0
"TCN",0,41,"test",110,0.40501606464386,1
"TCN",0,41,"test",111,0.302769482135773,1
"TCN",0,41,"test",112,0.499348491430283,1
"TCN",0,41,"test",113,0.506293594837189,0
"TCN",0,41,"test",114,0.456881076097488,1
"TCN",0,41,"test",115,0.47927850484848,1
"TCN",0,41,"test",116,0.476014405488968,1
"TCN",0,41,"test",117,0.481231153011322,1
"TCN",0,41,"test",118,0.406481146812439,1
"TCN",0,41,"test",119,0.422727018594742,0
"TCN",0,41,"test",120,0.493131935596466,0
"TCN",0,41,"test",121,0.473596036434174,0
"TCN",0,41,"test",122,0.511192679405212,1
"TCN",0,41,"test",123,0.512092530727386,1
"TCN",0,41,"test",124,0.523128867149353,1
"TCN",0,41,"test",125,0.516245067119598,0
"TCN",0,41,"test",126,0.521405875682831,0
"TCN",0,41,"test",127,0.517988443374634,0
"TCN",0,41,"test",128,0.510104656219482,1
"TCN",0,41,"test",129,0.504829585552216,1
"TCN",0,41,"test",130,0.522778034210205,1
"TCN",0,41,"test",131,0.532330811023712,1
"TCN",0,41,"test",132,0.503273129463196,0
"TCN",0,41,"test",133,0.511480927467346,0
"TCN",0,41,"test",134,0.541614294052124,0
"TCN",0,41,"test",135,0.535892963409424,0
"TCN",0,41,"test",136,0.302769482135773,0
"TCN",0,41,"test",137,0.401274561882019,1
"TCN",0,41,"test",138,0.506293594837189,1
"TCN",0,41,"test",139,0.508508682250977,1
"TCN",0,41,"test",140,0.47927850484848,1
"TCN",0,41,"test",141,0.477211654186249,1
"TCN",0,41,"test",142,0.481231153011322,1
"TCN",0,41,"test",143,0.492680102586746,1
"TCN",0,41,"test",144,0.422727018594742,1
"TCN",0,41,"test",145,0.415991872549057,1
"TCN",0,41,"test",146,0.473596036434174,1
"TCN",0,41,"test",147,0.471937865018845,1
"TCN",0,41,"test",148,0.512092530727386,1
"TCN",0,41,"test",149,0.499335467815399,1
"TCN",0,41,"test",150,0.516245067119598,1
"TCN",0,41,"test",151,0.520269870758057,1
"TCN",0,41,"test",152,0.517988443374634,0
"TCN",0,41,"test",153,0.51933342218399,0
"TCN",0,41,"test",154,0.504829585552216,1
"TCN",0,41,"test",155,0.489610373973846,1
"TCN",0,41,"test",156,0.532330811023712,1
"TCN",0,41,"test",157,0.521252930164337,0
"TCN",0,41,"test",158,0.511480927467346,0
"TCN",0,41,"test",159,0.512750685214996,0
"TCN",0,41,"test",160,0.535892963409424,0
"TCN",0,41,"test",161,0.532736003398895,0
"TCN",0,41,"test",162,0.401274561882019,0
"TCN",0,41,"test",163,0.444031119346619,0
"TCN",0,41,"test",164,0.508508682250977,0
"TCN",0,41,"test",165,0.509402453899384,1
"TCN",0,41,"test",166,0.477211654186249,1
"TCN",0,41,"test",167,0.477506071329117,0
"TCN",0,41,"test",168,0.492680102586746,1
"TCN",0,41,"test",169,0.490844815969467,1
"TCN",0,41,"test",170,0.415991872549057,1
"TCN",0,41,"test",171,0.421773225069046,0
"TCN",0,41,"test",172,0.471937865018845,0
"TCN",0,41,"test",173,0.466506719589233,1
"TCN",0,41,"test",174,0.499335467815399,1
"TCN",0,41,"test",175,0.507084727287292,1
"TCN",0,41,"test",176,0.520269870758057,1
"TCN",0,41,"test",177,0.522086322307587,0
"TCN",0,41,"test",178,0.51933342218399,0
"TCN",0,41,"test",179,0.519828200340271,0
"TCN",0,41,"test",180,0.489610373973846,0
"TCN",0,41,"test",181,0.535401165485382,0
"TCN",0,41,"test",182,0.521252930164337,0
"TCN",0,41,"test",183,0.51777309179306,0
"TCN",0,41,"test",184,0.512750685214996,0
"TCN",0,41,"test",185,0.496875762939453,0
"TCN",0,41,"test",186,0.532736003398895,1
"TCN",0,41,"test",187,0.523716628551483,0
"TCN",0,41,"test",188,0.444031119346619,0
"TCN",0,41,"test",189,0.449763774871826,0
"TCN",0,41,"test",190,0.509402453899384,0
"TCN",0,41,"test",191,0.470546364784241,0
"TCN",0,41,"test",192,0.477506071329117,0
"TCN",0,41,"test",193,0.465867906808853,0
"TCN",0,41,"test",194,0.490844815969467,0
"TCN",0,41,"test",195,0.488869458436966,0
"TCN",0,41,"test",196,0.421773225069046,0
"TCN",0,41,"test",197,0.43392226099968,1
"TCN",0,41,"test",198,0.466506719589233,1
"TCN",0,41,"test",199,0.472570359706879,1
"TCN",0,41,"test",200,0.507084727287292,0
"TCN",0,41,"test",201,0.507811903953552,0
"TCN",0,41,"test",202,0.522086322307587,1
"TCN",0,41,"test",203,0.534744620323181,0
"TCN",0,41,"test",204,0.519828200340271,0
"TCN",0,41,"test",205,0.519837439060211,0
"TCN",0,41,"test",206,0.535401165485382,1
"TCN",0,41,"test",207,0.516752123832703,0
"TCN",0,41,"test",208,0.51777309179306,0
"TCN",0,41,"test",209,0.511113464832306,0
"TCN",0,41,"test",210,0.496875762939453,0
"TCN",0,41,"test",211,0.497181743383408,0
"TCN",0,41,"test",212,0.523716628551483,1
"TCN",0,41,"test",213,0.540475487709045,0
"TCN",0,41,"test",214,0.449763774871826,1
"TCN",0,41,"test",215,0.351911783218384,1
"TCN",0,41,"test",216,0.470546364784241,1
"TCN",0,41,"test",217,0.455910503864288,0
"TCN",0,41,"test",218,0.465867906808853,0
"TCN",0,41,"test",219,0.462661385536194,1
"TCN",0,41,"test",220,0.488869458436966,1
"TCN",0,41,"test",221,0.491333305835724,0
"TCN",0,41,"test",222,0.43392226099968,1
"TCN",0,41,"test",223,0.415636569261551,1
"TCN",0,41,"test",224,0.472570359706879,1
"TCN",0,41,"test",225,0.48369899392128,0
"TCN",0,41,"test",226,0.507811903953552,0
"TCN",0,41,"test",227,0.506783008575439,0
"TCN",0,41,"test",228,0.534744620323181,1
"TCN",0,41,"test",229,0.523320615291595,1
"TCN",0,41,"test",230,0.519837439060211,0
"TCN",0,41,"test",231,0.515807807445526,1
"TCN",0,41,"test",232,0.516752123832703,1
"TCN",0,41,"test",233,0.528733730316162,1
"TCN",0,41,"test",234,0.511113464832306,1
"TCN",0,41,"test",235,0.515703558921814,1
"TCN",0,41,"test",236,0.497181743383408,1
"TCN",0,41,"test",237,0.497827887535095,0
"TCN",0,41,"test",238,0.540475487709045,0
"TCN",0,41,"test",239,0.535797536373138,0
"TCN",0,41,"test",240,0.351911783218384,0
"TCN",0,41,"test",241,0.317679762840271,0
"TCN",0,41,"test",242,0.455910503864288,0
"TCN",0,41,"test",243,0.485216856002808,0
"TCN",0,41,"test",244,0.462661385536194,1
"TCN",0,41,"test",245,0.453425705432892,1
"TCN",0,41,"test",246,0.491333305835724,1
"TCN",0,41,"test",247,0.495097219944,1
"TCN",0,41,"test",248,0.415636569261551,1
"TCN",0,41,"test",249,0.382829129695892,1
"TCN",0,41,"test",250,0.48369899392128,1
"TCN",0,41,"test",251,0.486643552780151,1
"TCN",0,41,"test",252,0.506783008575439,0
"TCN",0,41,"test",253,0.499094605445862,0
"TCN",0,41,"test",254,0.523320615291595,0
"TCN",0,41,"test",255,0.515342533588409,1
"TCN",0,41,"test",256,0.515807807445526,1
"TCN",0,41,"test",257,0.520624160766602,1
"TCN",0,41,"test",258,0.528733730316162,1
"TCN",0,41,"test",259,0.522604525089264,1
"TCN",0,41,"test",260,0.515703558921814,1
"TCN",0,41,"test",261,0.49710276722908,1
"TCN",0,41,"test",262,0.497827887535095,0
"TCN",0,41,"test",263,0.490143567323685,0
"TCN",0,41,"test",264,0.535797536373138,1
"TCN",0,41,"test",265,0.539860367774963,1
"TCN",0,41,"test",266,0.317679762840271,1
"TCN",0,41,"test",267,0.445145517587662,1
"TCN",0,41,"test",268,0.485216856002808,1
"TCN",0,41,"test",269,0.494759917259216,1
"TCN",0,41,"test",270,0.453425705432892,1
"TCN",0,41,"test",271,0.474371701478958,1
"TCN",0,41,"test",272,0.495097219944,1
"TCN",0,41,"test",273,0.487479448318481,1
"TCN",0,41,"test",274,0.382829129695892,1
"TCN",0,41,"test",275,0.415844321250916,1
"TCN",0,41,"test",276,0.486643552780151,1
"TCN",0,41,"test",277,0.464364528656006,1
"TCN",0,41,"test",278,0.499094605445862,0
"TCN",0,41,"test",279,0.493213444948196,0
"TCN",0,41,"test",280,0.515342533588409,0
"TCN",0,41,"test",281,0.520443201065063,0
"TCN",0,41,"test",282,0.520624160766602,0
"TCN",0,41,"test",283,0.517379343509674,0
"TCN",0,41,"test",284,0.522604525089264,0
"TCN",0,41,"test",285,0.516002774238586,0
"TCN",0,41,"test",286,0.49710276722908,0
"TCN",0,41,"test",287,0.524148941040039,0
"TCN",0,41,"test",288,0.490143567323685,0
"TCN",0,41,"test",289,0.499892234802246,0
"TCN",0,41,"test",290,0.539860367774963,0
"TCN",0,41,"test",291,0.519032716751099,0
"TCN",0,41,"test",292,0.445145517587662,1
"TCN",0,41,"test",293,0.480626493692398,1
"TCN",0,41,"test",294,0.494759917259216,1
"TCN",0,41,"test",295,0.505279541015625,0
"TCN",0,41,"test",296,0.474371701478958,0
"TCN",0,41,"test",297,0.476287007331848,1
"TCN",0,41,"test",298,0.487479448318481,0
"TCN",0,41,"test",299,0.490902930498123,0
"TCN",0,41,"test",300,0.415844321250916,1
"TCN",0,41,"test",301,0.368518531322479,1
"TCN",0,41,"test",302,0.464364528656006,1
"TCN",0,41,"test",303,0.486660540103912,0
"TCN",0,41,"test",304,0.493213444948196,1
"TCN",0,41,"test",305,0.49145781993866,0
"TCN",0,64,"test",1,0.51305365562439,0
"TCN",0,64,"test",2,0.507932066917419,0
"TCN",0,64,"test",3,0.5118607878685,1
"TCN",0,64,"test",4,0.526332139968872,1
"TCN",0,64,"test",5,0.531525015830994,1
"TCN",0,64,"test",6,0.460044622421265,1
"TCN",0,64,"test",7,0.454113692045212,1
"TCN",0,64,"test",8,0.501021504402161,1
"TCN",0,64,"test",9,0.492715209722519,1
"TCN",0,64,"test",10,0.487972140312195,1
"TCN",0,64,"test",11,0.499017655849457,1
"TCN",0,64,"test",12,0.486190557479858,1
"TCN",0,64,"test",13,0.472037434577942,1
"TCN",0,64,"test",14,0.434022426605225,1
"TCN",0,64,"test",15,0.441825985908508,1
"TCN",0,64,"test",16,0.505415797233582,1
"TCN",0,64,"test",17,0.499128639698029,0
"TCN",0,64,"test",18,0.499626755714417,0
"TCN",0,64,"test",19,0.496503889560699,0
"TCN",0,64,"test",20,0.507526874542236,1
"TCN",0,64,"test",21,0.519732415676117,1
"TCN",0,64,"test",22,0.496279656887054,1
"TCN",0,64,"test",23,0.492156088352203,0
"TCN",0,64,"test",24,0.503563165664673,0
"TCN",0,64,"test",25,0.489035278558731,0
"TCN",0,64,"test",26,0.51305365562439,1
"TCN",0,64,"test",27,0.534151911735535,1
"TCN",0,64,"test",28,0.5118607878685,1
"TCN",0,64,"test",29,0.51820182800293,0
"TCN",0,64,"test",30,0.531525015830994,0
"TCN",0,64,"test",31,0.53996616601944,0
"TCN",0,64,"test",32,0.454113692045212,0
"TCN",0,64,"test",33,0.444242477416992,0
"TCN",0,64,"test",34,0.492715209722519,1
"TCN",0,64,"test",35,0.500528573989868,1
"TCN",0,64,"test",36,0.499017655849457,1
"TCN",0,64,"test",37,0.500751256942749,1
"TCN",0,64,"test",38,0.472037434577942,1
"TCN",0,64,"test",39,0.470618903636932,1
"TCN",0,64,"test",40,0.441825985908508,1
"TCN",0,64,"test",41,0.436655133962631,1
"TCN",0,64,"test",42,0.499128639698029,0
"TCN",0,64,"test",43,0.499592959880829,0
"TCN",0,64,"test",44,0.496503889560699,1
"TCN",0,64,"test",45,0.499075591564178,1
"TCN",0,64,"test",46,0.519732415676117,1
"TCN",0,64,"test",47,0.510132849216461,0
"TCN",0,64,"test",48,0.492156088352203,0
"TCN",0,64,"test",49,0.505186915397644,0
"TCN",0,64,"test",50,0.489035278558731,0
"TCN",0,64,"test",51,0.496573388576508,1
"TCN",0,64,"test",52,0.534151911735535,1
"TCN",0,64,"test",53,0.514787435531616,1
"TCN",0,64,"test",54,0.51820182800293,1
"TCN",0,64,"test",55,0.514484882354736,0
"TCN",0,64,"test",56,0.53996616601944,0
"TCN",0,64,"test",57,0.559107899665833,0
"TCN",0,64,"test",58,0.444242477416992,0
"TCN",0,64,"test",59,0.430710732936859,1
"TCN",0,64,"test",60,0.500528573989868,1
"TCN",0,64,"test",61,0.477281183004379,1
"TCN",0,64,"test",62,0.500751256942749,0
"TCN",0,64,"test",63,0.492875605821609,1
"TCN",0,64,"test",64,0.470618903636932,1
"TCN",0,64,"test",65,0.47596487402916,1
"TCN",0,64,"test",66,0.436655133962631,1
"TCN",0,64,"test",67,0.4274942278862,1
"TCN",0,64,"test",68,0.499592959880829,0
"TCN",0,64,"test",69,0.504647850990295,0
"TCN",0,64,"test",70,0.499075591564178,0
"TCN",0,64,"test",71,0.487814575433731,1
"TCN",0,64,"test",72,0.510132849216461,1
"TCN",0,64,"test",73,0.505043685436249,0
"TCN",0,64,"test",74,0.505186915397644,0
"TCN",0,64,"test",75,0.501492500305176,0
"TCN",0,64,"test",76,0.496573388576508,0
"TCN",0,64,"test",77,0.484683096408844,0
"TCN",0,64,"test",78,0.514787435531616,1
"TCN",0,64,"test",79,0.498393535614014,0
"TCN",0,64,"test",80,0.514484882354736,0
"TCN",0,64,"test",81,0.518811821937561,1
"TCN",0,64,"test",82,0.559107899665833,1
"TCN",0,64,"test",83,0.544153451919556,1
"TCN",0,64,"test",84,0.430710732936859,1
"TCN",0,64,"test",85,0.443181276321411,0
"TCN",0,64,"test",86,0.477281183004379,0
"TCN",0,64,"test",87,0.490542262792587,0
"TCN",0,64,"test",88,0.492875605821609,0
"TCN",0,64,"test",89,0.468724429607391,0
"TCN",0,64,"test",90,0.47596487402916,0
"TCN",0,64,"test",91,0.478089392185211,1
"TCN",0,64,"test",92,0.4274942278862,0
"TCN",0,64,"test",93,0.425363600254059,0
"TCN",0,64,"test",94,0.504647850990295,0
"TCN",0,64,"test",95,0.503285050392151,0
"TCN",0,64,"test",96,0.487814575433731,0
"TCN",0,64,"test",97,0.492729127407074,1
"TCN",0,64,"test",98,0.505043685436249,1
"TCN",0,64,"test",99,0.508464992046356,1
"TCN",0,64,"test",100,0.501492500305176,1
"TCN",0,64,"test",101,0.503779649734497,1
"TCN",0,64,"test",102,0.484683096408844,0
"TCN",0,64,"test",103,0.480027735233307,0
"TCN",0,64,"test",104,0.498393535614014,0
"TCN",0,64,"test",105,0.492992460727692,0
"TCN",0,64,"test",106,0.518811821937561,0
"TCN",0,64,"test",107,0.511078953742981,0
"TCN",0,64,"test",108,0.544153451919556,0
"TCN",0,64,"test",109,0.547883212566376,0
"TCN",0,64,"test",110,0.443181276321411,1
"TCN",0,64,"test",111,0.36950871348381,1
"TCN",0,64,"test",112,0.490542262792587,1
"TCN",0,64,"test",113,0.494384109973907,0
"TCN",0,64,"test",114,0.468724429607391,1
"TCN",0,64,"test",115,0.49087205529213,1
"TCN",0,64,"test",116,0.478089392185211,1
"TCN",0,64,"test",117,0.48398494720459,1
"TCN",0,64,"test",118,0.425363600254059,1
"TCN",0,64,"test",119,0.433083832263947,0
"TCN",0,64,"test",120,0.503285050392151,0
"TCN",0,64,"test",121,0.49664032459259,0
"TCN",0,64,"test",122,0.492729127407074,1
"TCN",0,64,"test",123,0.491650283336639,1
"TCN",0,64,"test",124,0.508464992046356,1
"TCN",0,64,"test",125,0.508275389671326,0
"TCN",0,64,"test",126,0.503779649734497,0
"TCN",0,64,"test",127,0.506459176540375,0
"TCN",0,64,"test",128,0.480027735233307,1
"TCN",0,64,"test",129,0.49118572473526,1
"TCN",0,64,"test",130,0.492992460727692,1
"TCN",0,64,"test",131,0.509621024131775,1
"TCN",0,64,"test",132,0.511078953742981,0
"TCN",0,64,"test",133,0.550808191299438,0
"TCN",0,64,"test",134,0.547883212566376,0
"TCN",0,64,"test",135,0.541465938091278,0
"TCN",0,64,"test",136,0.36950871348381,0
"TCN",0,64,"test",137,0.43959853053093,1
"TCN",0,64,"test",138,0.494384109973907,1
"TCN",0,64,"test",139,0.494742870330811,1
"TCN",0,64,"test",140,0.49087205529213,1
"TCN",0,64,"test",141,0.485744625329971,1
"TCN",0,64,"test",142,0.48398494720459,1
"TCN",0,64,"test",143,0.504494905471802,1
"TCN",0,64,"test",144,0.433083832263947,1
"TCN",0,64,"test",145,0.426150053739548,1
"TCN",0,64,"test",146,0.49664032459259,1
"TCN",0,64,"test",147,0.492770552635193,1
"TCN",0,64,"test",148,0.491650283336639,1
"TCN",0,64,"test",149,0.49589005112648,1
"TCN",0,64,"test",150,0.508275389671326,1
"TCN",0,64,"test",151,0.503559648990631,1
"TCN",0,64,"test",152,0.506459176540375,0
"TCN",0,64,"test",153,0.507036924362183,0
"TCN",0,64,"test",154,0.49118572473526,1
"TCN",0,64,"test",155,0.499664783477783,1
"TCN",0,64,"test",156,0.509621024131775,1
"TCN",0,64,"test",157,0.497641742229462,0
"TCN",0,64,"test",158,0.550808191299438,0
"TCN",0,64,"test",159,0.522395431995392,0
"TCN",0,64,"test",160,0.541465938091278,0
"TCN",0,64,"test",161,0.539601445198059,0
"TCN",0,64,"test",162,0.43959853053093,0
"TCN",0,64,"test",163,0.466185659170151,0
"TCN",0,64,"test",164,0.494742870330811,0
"TCN",0,64,"test",165,0.498332589864731,1
"TCN",0,64,"test",166,0.485744625329971,1
"TCN",0,64,"test",167,0.491475820541382,0
"TCN",0,64,"test",168,0.504494905471802,1
"TCN",0,64,"test",169,0.496004164218903,1
"TCN",0,64,"test",170,0.426150053739548,1
"TCN",0,64,"test",171,0.430542916059494,0
"TCN",0,64,"test",172,0.492770552635193,0
"TCN",0,64,"test",173,0.496588528156281,1
"TCN",0,64,"test",174,0.49589005112648,1
"TCN",0,64,"test",175,0.498966872692108,1
"TCN",0,64,"test",176,0.503559648990631,1
"TCN",0,64,"test",177,0.49871039390564,0
"TCN",0,64,"test",178,0.507036924362183,0
"TCN",0,64,"test",179,0.507414519786835,0
"TCN",0,64,"test",180,0.499664783477783,0
"TCN",0,64,"test",181,0.444561183452606,0
"TCN",0,64,"test",182,0.497641742229462,0
"TCN",0,64,"test",183,0.492492258548737,0
"TCN",0,64,"test",184,0.522395431995392,0
"TCN",0,64,"test",185,0.517472565174103,0
"TCN",0,64,"test",186,0.539601445198059,1
"TCN",0,64,"test",187,0.534966289997101,0
"TCN",0,64,"test",188,0.466185659170151,0
"TCN",0,64,"test",189,0.469456702470779,0
"TCN",0,64,"test",190,0.498332589864731,0
"TCN",0,64,"test",191,0.443753302097321,0
"TCN",0,64,"test",192,0.491475820541382,0
"TCN",0,64,"test",193,0.459752708673477,0
"TCN",0,64,"test",194,0.496004164218903,0
"TCN",0,64,"test",195,0.499927461147308,0
"TCN",0,64,"test",196,0.430542916059494,0
"TCN",0,64,"test",197,0.444776773452759,1
"TCN",0,64,"test",198,0.496588528156281,1
"TCN",0,64,"test",199,0.496601402759552,1
"TCN",0,64,"test",200,0.498966872692108,0
"TCN",0,64,"test",201,0.498719811439514,0
"TCN",0,64,"test",202,0.49871039390564,1
"TCN",0,64,"test",203,0.526650190353394,0
"TCN",0,64,"test",204,0.507414519786835,0
"TCN",0,64,"test",205,0.504544138908386,0
"TCN",0,64,"test",206,0.444561183452606,1
"TCN",0,64,"test",207,0.458105117082596,0
"TCN",0,64,"test",208,0.492492258548737,0
"TCN",0,64,"test",209,0.512011349201202,0
"TCN",0,64,"test",210,0.517472565174103,0
"TCN",0,64,"test",211,0.517725825309753,0
"TCN",0,64,"test",212,0.534966289997101,1
"TCN",0,64,"test",213,0.550302863121033,0
"TCN",0,64,"test",214,0.469456702470779,1
"TCN",0,64,"test",215,0.405576467514038,1
"TCN",0,64,"test",216,0.443753302097321,1
"TCN",0,64,"test",217,0.426620215177536,0
"TCN",0,64,"test",218,0.459752708673477,0
"TCN",0,64,"test",219,0.454196125268936,1
"TCN",0,64,"test",220,0.499927461147308,1
"TCN",0,64,"test",221,0.498165249824524,0
"TCN",0,64,"test",222,0.444776773452759,1
"TCN",0,64,"test",223,0.426161736249924,1
"TCN",0,64,"test",224,0.496601402759552,1
"TCN",0,64,"test",225,0.500383019447327,0
"TCN",0,64,"test",226,0.498719811439514,0
"TCN",0,64,"test",227,0.491174668073654,0
"TCN",0,64,"test",228,0.526650190353394,1
"TCN",0,64,"test",229,0.49960196018219,1
"TCN",0,64,"test",230,0.504544138908386,0
"TCN",0,64,"test",231,0.505585312843323,1
"TCN",0,64,"test",232,0.458105117082596,1
"TCN",0,64,"test",233,0.510531961917877,1
"TCN",0,64,"test",234,0.512011349201202,1
"TCN",0,64,"test",235,0.508411169052124,1
"TCN",0,64,"test",236,0.517725825309753,1
"TCN",0,64,"test",237,0.524011671543121,0
"TCN",0,64,"test",238,0.550302863121033,0
"TCN",0,64,"test",239,0.54146409034729,0
"TCN",0,64,"test",240,0.405576467514038,0
"TCN",0,64,"test",241,0.380963444709778,0
"TCN",0,64,"test",242,0.426620215177536,0
"TCN",0,64,"test",243,0.475938856601715,0
"TCN",0,64,"test",244,0.454196125268936,1
"TCN",0,64,"test",245,0.454370409250259,1
"TCN",0,64,"test",246,0.498165249824524,1
"TCN",0,64,"test",247,0.505613327026367,1
"TCN",0,64,"test",248,0.426161736249924,1
"TCN",0,64,"test",249,0.40881159901619,1
"TCN",0,64,"test",250,0.500383019447327,1
"TCN",0,64,"test",251,0.493500620126724,1
"TCN",0,64,"test",252,0.491174668073654,0
"TCN",0,64,"test",253,0.484535485506058,0
"TCN",0,64,"test",254,0.49960196018219,0
"TCN",0,64,"test",255,0.500471830368042,1
"TCN",0,64,"test",256,0.505585312843323,1
"TCN",0,64,"test",257,0.503795742988586,1
"TCN",0,64,"test",258,0.510531961917877,1
"TCN",0,64,"test",259,0.478425651788712,1
"TCN",0,64,"test",260,0.508411169052124,1
"TCN",0,64,"test",261,0.52415668964386,1
"TCN",0,64,"test",262,0.524011671543121,0
"TCN",0,64,"test",263,0.516497552394867,0
"TCN",0,64,"test",264,0.54146409034729,1
"TCN",0,64,"test",265,0.545564293861389,1
"TCN",0,64,"test",266,0.380963444709778,1
"TCN",0,64,"test",267,0.468063414096832,1
"TCN",0,64,"test",268,0.475938856601715,1
"TCN",0,64,"test",269,0.484111845493317,1
"TCN",0,64,"test",270,0.454370409250259,1
"TCN",0,64,"test",271,0.484666883945465,1
"TCN",0,64,"test",272,0.505613327026367,1
"TCN",0,64,"test",273,0.496222466230392,1
"TCN",0,64,"test",274,0.40881159901619,1
"TCN",0,64,"test",275,0.427107393741608,1
"TCN",0,64,"test",276,0.493500620126724,1
"TCN",0,64,"test",277,0.483345061540604,1
"TCN",0,64,"test",278,0.484535485506058,0
"TCN",0,64,"test",279,0.484117805957794,0
"TCN",0,64,"test",280,0.500471830368042,0
"TCN",0,64,"test",281,0.511830508708954,0
"TCN",0,64,"test",282,0.503795742988586,0
"TCN",0,64,"test",283,0.503523409366608,0
"TCN",0,64,"test",284,0.478425651788712,0
"TCN",0,64,"test",285,0.515348672866821,0
"TCN",0,64,"test",286,0.52415668964386,0
"TCN",0,64,"test",287,0.495669901371002,0
"TCN",0,64,"test",288,0.516497552394867,0
"TCN",0,64,"test",289,0.518835484981537,0
"TCN",0,64,"test",290,0.545564293861389,0
"TCN",0,64,"test",291,0.5282182097435,0
"TCN",0,64,"test",292,0.468063414096832,1
"TCN",0,64,"test",293,0.480486065149307,1
"TCN",0,64,"test",294,0.484111845493317,1
"TCN",0,64,"test",295,0.496935188770294,0
"TCN",0,64,"test",296,0.484666883945465,0
"TCN",0,64,"test",297,0.490045130252838,1
"TCN",0,64,"test",298,0.496222466230392,0
"TCN",0,64,"test",299,0.503143310546875,0
"TCN",0,64,"test",300,0.427107393741608,1
"TCN",0,64,"test",301,0.381083309650421,1
"TCN",0,64,"test",302,0.483345061540604,1
"TCN",0,64,"test",303,0.485858172178268,0
"TCN",0,64,"test",304,0.484117805957794,1
"TCN",0,64,"test",305,0.490033686161041,0
"TCN",0.05,23,"test",1,0.473263561725616,0
"TCN",0.05,23,"test",2,0.512581288814545,0
"TCN",0.05,23,"test",3,0.522316455841064,1
"TCN",0.05,23,"test",4,0.47626581788063,1
"TCN",0.05,23,"test",5,0.513095438480377,1
"TCN",0.05,23,"test",6,0.404279589653015,1
"TCN",0.05,23,"test",7,0.393341720104218,1
"TCN",0.05,23,"test",8,0.517328143119812,1
"TCN",0.05,23,"test",9,0.504780769348145,1
"TCN",0.05,23,"test",10,0.446856468915939,1
"TCN",0.05,23,"test",11,0.456996142864227,1
"TCN",0.05,23,"test",12,0.473292678594589,1
"TCN",0.05,23,"test",13,0.477812469005585,1
"TCN",0.05,23,"test",14,0.403160035610199,1
"TCN",0.05,23,"test",15,0.411378741264343,1
"TCN",0.05,23,"test",16,0.473855942487717,1
"TCN",0.05,23,"test",17,0.485330879688263,0
"TCN",0.05,23,"test",18,0.511623442173004,0
"TCN",0.05,23,"test",19,0.512382447719574,0
"TCN",0.05,23,"test",20,0.54622083902359,1
"TCN",0.05,23,"test",21,0.543023765087128,1
"TCN",0.05,23,"test",22,0.507505655288696,1
"TCN",0.05,23,"test",23,0.502881765365601,0
"TCN",0.05,23,"test",24,0.498752623796463,0
"TCN",0.05,23,"test",25,0.522859871387482,0
"TCN",0.05,23,"test",26,0.473263561725616,1
"TCN",0.05,23,"test",27,0.483187288045883,1
"TCN",0.05,23,"test",28,0.522316455841064,1
"TCN",0.05,23,"test",29,0.523050844669342,0
"TCN",0.05,23,"test",30,0.513095438480377,0
"TCN",0.05,23,"test",31,0.537349283695221,0
"TCN",0.05,23,"test",32,0.393341720104218,0
"TCN",0.05,23,"test",33,0.364721983671188,0
"TCN",0.05,23,"test",34,0.504780769348145,1
"TCN",0.05,23,"test",35,0.499993741512299,1
"TCN",0.05,23,"test",36,0.456996142864227,1
"TCN",0.05,23,"test",37,0.461879521608353,1
"TCN",0.05,23,"test",38,0.477812469005585,1
"TCN",0.05,23,"test",39,0.477665424346924,1
"TCN",0.05,23,"test",40,0.411378741264343,1
"TCN",0.05,23,"test",41,0.40514263510704,1
"TCN",0.05,23,"test",42,0.485330879688263,0
"TCN",0.05,23,"test",43,0.49716979265213,0
"TCN",0.05,23,"test",44,0.512382447719574,1
"TCN",0.05,23,"test",45,0.511877179145813,1
"TCN",0.05,23,"test",46,0.543023765087128,1
"TCN",0.05,23,"test",47,0.522050261497498,0
"TCN",0.05,23,"test",48,0.502881765365601,0
"TCN",0.05,23,"test",49,0.502560377120972,0
"TCN",0.05,23,"test",50,0.522859871387482,0
"TCN",0.05,23,"test",51,0.493393987417221,1
"TCN",0.05,23,"test",52,0.483187288045883,1
"TCN",0.05,23,"test",53,0.48431658744812,1
"TCN",0.05,23,"test",54,0.523050844669342,1
"TCN",0.05,23,"test",55,0.50817084312439,0
"TCN",0.05,23,"test",56,0.537349283695221,0
"TCN",0.05,23,"test",57,0.579965054988861,0
"TCN",0.05,23,"test",58,0.364721983671188,0
"TCN",0.05,23,"test",59,0.340757727622986,1
"TCN",0.05,23,"test",60,0.499993741512299,1
"TCN",0.05,23,"test",61,0.52129590511322,1
"TCN",0.05,23,"test",62,0.461879521608353,0
"TCN",0.05,23,"test",63,0.450384169816971,1
"TCN",0.05,23,"test",64,0.477665424346924,1
"TCN",0.05,23,"test",65,0.475910395383835,1
"TCN",0.05,23,"test",66,0.40514263510704,1
"TCN",0.05,23,"test",67,0.399436324834824,1
"TCN",0.05,23,"test",68,0.49716979265213,0
"TCN",0.05,23,"test",69,0.492592573165894,0
"TCN",0.05,23,"test",70,0.511877179145813,0
"TCN",0.05,23,"test",71,0.516300916671753,1
"TCN",0.05,23,"test",72,0.522050261497498,1
"TCN",0.05,23,"test",73,0.510286450386047,0
"TCN",0.05,23,"test",74,0.502560377120972,0
"TCN",0.05,23,"test",75,0.510989606380463,0
"TCN",0.05,23,"test",76,0.493393987417221,0
"TCN",0.05,23,"test",77,0.503163576126099,0
"TCN",0.05,23,"test",78,0.48431658744812,1
"TCN",0.05,23,"test",79,0.499192625284195,0
"TCN",0.05,23,"test",80,0.50817084312439,0
"TCN",0.05,23,"test",81,0.518456697463989,1
"TCN",0.05,23,"test",82,0.579965054988861,1
"TCN",0.05,23,"test",83,0.547499060630798,1
"TCN",0.05,23,"test",84,0.340757727622986,1
"TCN",0.05,23,"test",85,0.36259514093399,0
"TCN",0.05,23,"test",86,0.52129590511322,0
"TCN",0.05,23,"test",87,0.502084732055664,0
"TCN",0.05,23,"test",88,0.450384169816971,0
"TCN",0.05,23,"test",89,0.442591309547424,0
"TCN",0.05,23,"test",90,0.475910395383835,0
"TCN",0.05,23,"test",91,0.476726651191711,1
"TCN",0.05,23,"test",92,0.399436324834824,0
"TCN",0.05,23,"test",93,0.397582173347473,0
"TCN",0.05,23,"test",94,0.492592573165894,0
"TCN",0.05,23,"test",95,0.493088781833649,0
"TCN",0.05,23,"test",96,0.516300916671753,0
"TCN",0.05,23,"test",97,0.513721108436584,1
"TCN",0.05,23,"test",98,0.510286450386047,1
"TCN",0.05,23,"test",99,0.522999286651611,1
"TCN",0.05,23,"test",100,0.510989606380463,1
"TCN",0.05,23,"test",101,0.504797279834747,1
"TCN",0.05,23,"test",102,0.503163576126099,0
"TCN",0.05,23,"test",103,0.484828442335129,0
"TCN",0.05,23,"test",104,0.499192625284195,0
"TCN",0.05,23,"test",105,0.512116968631744,0
"TCN",0.05,23,"test",106,0.518456697463989,0
"TCN",0.05,23,"test",107,0.49731969833374,0
"TCN",0.05,23,"test",108,0.547499060630798,0
"TCN",0.05,23,"test",109,0.55573982000351,0
"TCN",0.05,23,"test",110,0.36259514093399,1
"TCN",0.05,23,"test",111,0.251327782869339,1
"TCN",0.05,23,"test",112,0.502084732055664,1
"TCN",0.05,23,"test",113,0.507773578166962,0
"TCN",0.05,23,"test",114,0.442591309547424,1
"TCN",0.05,23,"test",115,0.459972262382507,1
"TCN",0.05,23,"test",116,0.476726651191711,1
"TCN",0.05,23,"test",117,0.474912911653519,1
"TCN",0.05,23,"test",118,0.397582173347473,1
"TCN",0.05,23,"test",119,0.399139642715454,0
"TCN",0.05,23,"test",120,0.493088781833649,0
"TCN",0.05,23,"test",121,0.476728826761246,0
"TCN",0.05,23,"test",122,0.513721108436584,1
"TCN",0.05,23,"test",123,0.513899147510529,1
"TCN",0.05,23,"test",124,0.522999286651611,1
"TCN",0.05,23,"test",125,0.507627367973328,0
"TCN",0.05,23,"test",126,0.504797279834747,0
"TCN",0.05,23,"test",127,0.504610478878021,0
"TCN",0.05,23,"test",128,0.484828442335129,1
"TCN",0.05,23,"test",129,0.475836127996445,1
"TCN",0.05,23,"test",130,0.512116968631744,1
"TCN",0.05,23,"test",131,0.517885386943817,1
"TCN",0.05,23,"test",132,0.49731969833374,0
"TCN",0.05,23,"test",133,0.548031270503998,0
"TCN",0.05,23,"test",134,0.55573982000351,0
"TCN",0.05,23,"test",135,0.539961874485016,0
"TCN",0.05,23,"test",136,0.251327782869339,0
"TCN",0.05,23,"test",137,0.359700351953506,1
"TCN",0.05,23,"test",138,0.507773578166962,1
"TCN",0.05,23,"test",139,0.516288995742798,1
"TCN",0.05,23,"test",140,0.459972262382507,1
"TCN",0.05,23,"test",141,0.461456805467606,1
"TCN",0.05,23,"test",142,0.474912911653519,1
"TCN",0.05,23,"test",143,0.479643255472183,1
"TCN",0.05,23,"test",144,0.399139642715454,1
"TCN",0.05,23,"test",145,0.389467805624008,1
"TCN",0.05,23,"test",146,0.476728826761246,1
"TCN",0.05,23,"test",147,0.478299647569656,1
"TCN",0.05,23,"test",148,0.513899147510529,1
"TCN",0.05,23,"test",149,0.510662972927094,1
"TCN",0.05,23,"test",150,0.507627367973328,1
"TCN",0.05,23,"test",151,0.516545176506042,1
"TCN",0.05,23,"test",152,0.504610478878021,0
"TCN",0.05,23,"test",153,0.531574189662933,0
"TCN",0.05,23,"test",154,0.475836127996445,1
"TCN",0.05,23,"test",155,0.468156665563583,1
"TCN",0.05,23,"test",156,0.517885386943817,1
"TCN",0.05,23,"test",157,0.507846593856812,0
"TCN",0.05,23,"test",158,0.548031270503998,0
"TCN",0.05,23,"test",159,0.531288027763367,0
"TCN",0.05,23,"test",160,0.539961874485016,0
"TCN",0.05,23,"test",161,0.532480597496033,0
"TCN",0.05,23,"test",162,0.359700351953506,0
"TCN",0.05,23,"test",163,0.414599776268005,0
"TCN",0.05,23,"test",164,0.516288995742798,0
"TCN",0.05,23,"test",165,0.501536846160889,1
"TCN",0.05,23,"test",166,0.461456805467606,1
"TCN",0.05,23,"test",167,0.452644169330597,0
"TCN",0.05,23,"test",168,0.479643255472183,1
"TCN",0.05,23,"test",169,0.479852706193924,1
"TCN",0.05,23,"test",170,0.389467805624008,1
"TCN",0.05,23,"test",171,0.39454185962677,0
"TCN",0.05,23,"test",172,0.478299647569656,0
"TCN",0.05,23,"test",173,0.470703035593033,1
"TCN",0.05,23,"test",174,0.510662972927094,1
"TCN",0.05,23,"test",175,0.513260126113892,1
"TCN",0.05,23,"test",176,0.516545176506042,1
"TCN",0.05,23,"test",177,0.517955541610718,0
"TCN",0.05,23,"test",178,0.531574189662933,0
"TCN",0.05,23,"test",179,0.505952954292297,0
"TCN",0.05,23,"test",180,0.468156665563583,0
"TCN",0.05,23,"test",181,0.50772488117218,0
"TCN",0.05,23,"test",182,0.507846593856812,0
"TCN",0.05,23,"test",183,0.499188512563705,0
"TCN",0.05,23,"test",184,0.531288027763367,0
"TCN",0.05,23,"test",185,0.507816433906555,0
"TCN",0.05,23,"test",186,0.532480597496033,1
"TCN",0.05,23,"test",187,0.51274162530899,0
"TCN",0.05,23,"test",188,0.414599776268005,0
"TCN",0.05,23,"test",189,0.420984655618668,0
"TCN",0.05,23,"test",190,0.501536846160889,0
"TCN",0.05,23,"test",191,0.520929872989655,0
"TCN",0.05,23,"test",192,0.452644169330597,0
"TCN",0.05,23,"test",193,0.451970964670181,0
"TCN",0.05,23,"test",194,0.479852706193924,0
"TCN",0.05,23,"test",195,0.474201738834381,0
"TCN",0.05,23,"test",196,0.39454185962677,0
"TCN",0.05,23,"test",197,0.412451267242432,1
"TCN",0.05,23,"test",198,0.470703035593033,1
"TCN",0.05,23,"test",199,0.475730717182159,1
"TCN",0.05,23,"test",200,0.513260126113892,0
"TCN",0.05,23,"test",201,0.513282835483551,0
"TCN",0.05,23,"test",202,0.517955541610718,1
"TCN",0.05,23,"test",203,0.515260934829712,0
"TCN",0.05,23,"test",204,0.505952954292297,0
"TCN",0.05,23,"test",205,0.500546932220459,0
"TCN",0.05,23,"test",206,0.50772488117218,1
"TCN",0.05,23,"test",207,0.485761910676956,0
"TCN",0.05,23,"test",208,0.499188512563705,0
"TCN",0.05,23,"test",209,0.488586455583572,0
"TCN",0.05,23,"test",210,0.507816433906555,0
"TCN",0.05,23,"test",211,0.508711278438568,0
"TCN",0.05,23,"test",212,0.51274162530899,1
"TCN",0.05,23,"test",213,0.563118159770966,0
"TCN",0.05,23,"test",214,0.420984655618668,1
"TCN",0.05,23,"test",215,0.29842820763588,1
"TCN",0.05,23,"test",216,0.520929872989655,1
"TCN",0.05,23,"test",217,0.520854592323303,0
"TCN",0.05,23,"test",218,0.451970964670181,0
"TCN",0.05,23,"test",219,0.450076460838318,1
"TCN",0.05,23,"test",220,0.474201738834381,1
"TCN",0.05,23,"test",221,0.479834347963333,0
"TCN",0.05,23,"test",222,0.412451267242432,1
"TCN",0.05,23,"test",223,0.391377002000809,1
"TCN",0.05,23,"test",224,0.475730717182159,1
"TCN",0.05,23,"test",225,0.483769118785858,0
"TCN",0.05,23,"test",226,0.513282835483551,0
"TCN",0.05,23,"test",227,0.517135083675385,0
"TCN",0.05,23,"test",228,0.515260934829712,1
"TCN",0.05,23,"test",229,0.521199762821198,1
"TCN",0.05,23,"test",230,0.500546932220459,0
"TCN",0.05,23,"test",231,0.484168887138367,1
"TCN",0.05,23,"test",232,0.485761910676956,1
"TCN",0.05,23,"test",233,0.525483071804047,1
"TCN",0.05,23,"test",234,0.488586455583572,1
"TCN",0.05,23,"test",235,0.490390837192535,1
"TCN",0.05,23,"test",236,0.508711278438568,1
"TCN",0.05,23,"test",237,0.516243696212769,0
"TCN",0.05,23,"test",238,0.563118159770966,0
"TCN",0.05,23,"test",239,0.539754211902618,0
"TCN",0.05,23,"test",240,0.29842820763588,0
"TCN",0.05,23,"test",241,0.266550421714783,0
"TCN",0.05,23,"test",242,0.520854592323303,0
"TCN",0.05,23,"test",243,0.498780906200409,0
"TCN",0.05,23,"test",244,0.450076460838318,1
"TCN",0.05,23,"test",245,0.440131634473801,1
"TCN",0.05,23,"test",246,0.479834347963333,1
"TCN",0.05,23,"test",247,0.476326823234558,1
"TCN",0.05,23,"test",248,0.391377002000809,1
"TCN",0.05,23,"test",249,0.385711878538132,1
"TCN",0.05,23,"test",250,0.483769118785858,1
"TCN",0.05,23,"test",251,0.492134183645248,1
"TCN",0.05,23,"test",252,0.517135083675385,0
"TCN",0.05,23,"test",253,0.50650280714035,0
"TCN",0.05,23,"test",254,0.521199762821198,0
"TCN",0.05,23,"test",255,0.504003405570984,1
"TCN",0.05,23,"test",256,0.484168887138367,1
"TCN",0.05,23,"test",257,0.511432588100433,1
"TCN",0.05,23,"test",258,0.525483071804047,1
"TCN",0.05,23,"test",259,0.503447234630585,1
"TCN",0.05,23,"test",260,0.490390837192535,1
"TCN",0.05,23,"test",261,0.484192550182343,1
"TCN",0.05,23,"test",262,0.516243696212769,0
"TCN",0.05,23,"test",263,0.492486506700516,0
"TCN",0.05,23,"test",264,0.539754211902618,1
"TCN",0.05,23,"test",265,0.550893187522888,1
"TCN",0.05,23,"test",266,0.266550421714783,1
"TCN",0.05,23,"test",267,0.407727718353271,1
"TCN",0.05,23,"test",268,0.498780906200409,1
"TCN",0.05,23,"test",269,0.505279779434204,1
"TCN",0.05,23,"test",270,0.440131634473801,1
"TCN",0.05,23,"test",271,0.458642184734344,1
"TCN",0.05,23,"test",272,0.476326823234558,1
"TCN",0.05,23,"test",273,0.473720341920853,1
"TCN",0.05,23,"test",274,0.385711878538132,1
"TCN",0.05,23,"test",275,0.393026500940323,1
"TCN",0.05,23,"test",276,0.492134183645248,1
"TCN",0.05,23,"test",277,0.479111880064011,1
"TCN",0.05,23,"test",278,0.50650280714035,0
"TCN",0.05,23,"test",279,0.497814416885376,0
"TCN",0.05,23,"test",280,0.504003405570984,0
"TCN",0.05,23,"test",281,0.516973912715912,0
"TCN",0.05,23,"test",282,0.511432588100433,0
"TCN",0.05,23,"test",283,0.494742006063461,0
"TCN",0.05,23,"test",284,0.503447234630585,0
"TCN",0.05,23,"test",285,0.511264860630035,0
"TCN",0.05,23,"test",286,0.484192550182343,0
"TCN",0.05,23,"test",287,0.513455033302307,0
"TCN",0.05,23,"test",288,0.492486506700516,0
"TCN",0.05,23,"test",289,0.513466894626617,0
"TCN",0.05,23,"test",290,0.550893187522888,0
"TCN",0.05,23,"test",291,0.498958468437195,0
"TCN",0.05,23,"test",292,0.407727718353271,1
"TCN",0.05,23,"test",293,0.453459888696671,1
"TCN",0.05,23,"test",294,0.505279779434204,1
"TCN",0.05,23,"test",295,0.493017256259918,0
"TCN",0.05,23,"test",296,0.458642184734344,0
"TCN",0.05,23,"test",297,0.455970227718353,1
"TCN",0.05,23,"test",298,0.473720341920853,0
"TCN",0.05,23,"test",299,0.477531611919403,0
"TCN",0.05,23,"test",300,0.393026500940323,1
"TCN",0.05,23,"test",301,0.342996805906296,1
"TCN",0.05,23,"test",302,0.479111880064011,1
"TCN",0.05,23,"test",303,0.499774158000946,0
"TCN",0.05,23,"test",304,0.497814416885376,1
"TCN",0.05,23,"test",305,0.504015147686005,0
"TCN",0.05,27,"test",1,0.492895841598511,0
"TCN",0.05,27,"test",2,0.532490789890289,0
"TCN",0.05,27,"test",3,0.534367680549622,1
"TCN",0.05,27,"test",4,0.501170575618744,1
"TCN",0.05,27,"test",5,0.531827032566071,1
"TCN",0.05,27,"test",6,0.419348031282425,1
"TCN",0.05,27,"test",7,0.407003372907639,1
"TCN",0.05,27,"test",8,0.526426136493683,1
"TCN",0.05,27,"test",9,0.504525303840637,1
"TCN",0.05,27,"test",10,0.470335274934769,1
"TCN",0.05,27,"test",11,0.482770979404449,1
"TCN",0.05,27,"test",12,0.490393847227097,1
"TCN",0.05,27,"test",13,0.475304484367371,1
"TCN",0.05,27,"test",14,0.410152047872543,1
"TCN",0.05,27,"test",15,0.413279950618744,1
"TCN",0.05,27,"test",16,0.532118678092957,1
"TCN",0.05,27,"test",17,0.516764342784882,0
"TCN",0.05,27,"test",18,0.538184762001038,0
"TCN",0.05,27,"test",19,0.541104853153229,0
"TCN",0.05,27,"test",20,0.521756172180176,1
"TCN",0.05,27,"test",21,0.521183907985687,1
"TCN",0.05,27,"test",22,0.527505993843079,1
"TCN",0.05,27,"test",23,0.522964775562286,0
"TCN",0.05,27,"test",24,0.502957344055176,0
"TCN",0.05,27,"test",25,0.48893204331398,0
"TCN",0.05,27,"test",26,0.492895841598511,1
"TCN",0.05,27,"test",27,0.505159854888916,1
"TCN",0.05,27,"test",28,0.534367680549622,1
"TCN",0.05,27,"test",29,0.526143968105316,0
"TCN",0.05,27,"test",30,0.531827032566071,0
"TCN",0.05,27,"test",31,0.548291385173798,0
"TCN",0.05,27,"test",32,0.407003372907639,0
"TCN",0.05,27,"test",33,0.377324014902115,0
"TCN",0.05,27,"test",34,0.504525303840637,1
"TCN",0.05,27,"test",35,0.508162617683411,1
"TCN",0.05,27,"test",36,0.482770979404449,1
"TCN",0.05,27,"test",37,0.486651629209518,1
"TCN",0.05,27,"test",38,0.475304484367371,1
"TCN",0.05,27,"test",39,0.469032108783722,1
"TCN",0.05,27,"test",40,0.413279950618744,1
"TCN",0.05,27,"test",41,0.415891110897064,1
"TCN",0.05,27,"test",42,0.516764342784882,0
"TCN",0.05,27,"test",43,0.503803014755249,0
"TCN",0.05,27,"test",44,0.541104853153229,1
"TCN",0.05,27,"test",45,0.539371848106384,1
"TCN",0.05,27,"test",46,0.521183907985687,1
"TCN",0.05,27,"test",47,0.516687870025635,0
"TCN",0.05,27,"test",48,0.522964775562286,0
"TCN",0.05,27,"test",49,0.516206741333008,0
"TCN",0.05,27,"test",50,0.48893204331398,0
"TCN",0.05,27,"test",51,0.499575972557068,1
"TCN",0.05,27,"test",52,0.505159854888916,1
"TCN",0.05,27,"test",53,0.506022870540619,1
"TCN",0.05,27,"test",54,0.526143968105316,1
"TCN",0.05,27,"test",55,0.512488663196564,0
"TCN",0.05,27,"test",56,0.548291385173798,0
"TCN",0.05,27,"test",57,0.605463564395905,0
"TCN",0.05,27,"test",58,0.377324014902115,0
"TCN",0.05,27,"test",59,0.351596802473068,1
"TCN",0.05,27,"test",60,0.508162617683411,1
"TCN",0.05,27,"test",61,0.481695771217346,1
"TCN",0.05,27,"test",62,0.486651629209518,0
"TCN",0.05,27,"test",63,0.476587980985641,1
"TCN",0.05,27,"test",64,0.469032108783722,1
"TCN",0.05,27,"test",65,0.480493694543839,1
"TCN",0.05,27,"test",66,0.415891110897064,1
"TCN",0.05,27,"test",67,0.395628035068512,1
"TCN",0.05,27,"test",68,0.503803014755249,0
"TCN",0.05,27,"test",69,0.515633225440979,0
"TCN",0.05,27,"test",70,0.539371848106384,0
"TCN",0.05,27,"test",71,0.507999539375305,1
"TCN",0.05,27,"test",72,0.516687870025635,1
"TCN",0.05,27,"test",73,0.506544291973114,0
"TCN",0.05,27,"test",74,0.516206741333008,0
"TCN",0.05,27,"test",75,0.526358425617218,0
"TCN",0.05,27,"test",76,0.499575972557068,0
"TCN",0.05,27,"test",77,0.489711672067642,0
"TCN",0.05,27,"test",78,0.506022870540619,1
"TCN",0.05,27,"test",79,0.508583426475525,0
"TCN",0.05,27,"test",80,0.512488663196564,0
"TCN",0.05,27,"test",81,0.518879950046539,1
"TCN",0.05,27,"test",82,0.605463564395905,1
"TCN",0.05,27,"test",83,0.556094944477081,1
"TCN",0.05,27,"test",84,0.351596802473068,1
"TCN",0.05,27,"test",85,0.375152558088303,0
"TCN",0.05,27,"test",86,0.481695771217346,0
"TCN",0.05,27,"test",87,0.498268753290176,0
"TCN",0.05,27,"test",88,0.476587980985641,0
"TCN",0.05,27,"test",89,0.461939305067062,0
"TCN",0.05,27,"test",90,0.480493694543839,0
"TCN",0.05,27,"test",91,0.491693437099457,1
"TCN",0.05,27,"test",92,0.395628035068512,0
"TCN",0.05,27,"test",93,0.3932746052742,0
"TCN",0.05,27,"test",94,0.515633225440979,0
"TCN",0.05,27,"test",95,0.51409500837326,0
"TCN",0.05,27,"test",96,0.507999539375305,0
"TCN",0.05,27,"test",97,0.513458907604218,1
"TCN",0.05,27,"test",98,0.506544291973114,1
"TCN",0.05,27,"test",99,0.514599859714508,1
"TCN",0.05,27,"test",100,0.526358425617218,1
"TCN",0.05,27,"test",101,0.523151159286499,1
"TCN",0.05,27,"test",102,0.489711672067642,0
"TCN",0.05,27,"test",103,0.488014966249466,0
"TCN",0.05,27,"test",104,0.508583426475525,0
"TCN",0.05,27,"test",105,0.514124155044556,0
"TCN",0.05,27,"test",106,0.518879950046539,0
"TCN",0.05,27,"test",107,0.511907398700714,0
"TCN",0.05,27,"test",108,0.556094944477081,0
"TCN",0.05,27,"test",109,0.566619098186493,0
"TCN",0.05,27,"test",110,0.375152558088303,1
"TCN",0.05,27,"test",111,0.243043273687363,1
"TCN",0.05,27,"test",112,0.498268753290176,1
"TCN",0.05,27,"test",113,0.510398507118225,0
"TCN",0.05,27,"test",114,0.461939305067062,1
"TCN",0.05,27,"test",115,0.480605214834213,1
"TCN",0.05,27,"test",116,0.491693437099457,1
"TCN",0.05,27,"test",117,0.492207288742065,1
"TCN",0.05,27,"test",118,0.3932746052742,1
"TCN",0.05,27,"test",119,0.419404953718185,0
"TCN",0.05,27,"test",120,0.51409500837326,0
"TCN",0.05,27,"test",121,0.526047706604004,0
"TCN",0.05,27,"test",122,0.513458907604218,1
"TCN",0.05,27,"test",123,0.511396408081055,1
"TCN",0.05,27,"test",124,0.514599859714508,1
"TCN",0.05,27,"test",125,0.508868217468262,0
"TCN",0.05,27,"test",126,0.523151159286499,0
"TCN",0.05,27,"test",127,0.511797904968262,0
"TCN",0.05,27,"test",128,0.488014966249466,1
"TCN",0.05,27,"test",129,0.493588358163834,1
"TCN",0.05,27,"test",130,0.514124155044556,1
"TCN",0.05,27,"test",131,0.519628882408142,1
"TCN",0.05,27,"test",132,0.511907398700714,0
"TCN",0.05,27,"test",133,0.543409109115601,0
"TCN",0.05,27,"test",134,0.566619098186493,0
"TCN",0.05,27,"test",135,0.54601639509201,0
"TCN",0.05,27,"test",136,0.243043273687363,0
"TCN",0.05,27,"test",137,0.371301651000977,1
"TCN",0.05,27,"test",138,0.510398507118225,1
"TCN",0.05,27,"test",139,0.513413965702057,1
"TCN",0.05,27,"test",140,0.480605214834213,1
"TCN",0.05,27,"test",141,0.479078650474548,1
"TCN",0.05,27,"test",142,0.492207288742065,1
"TCN",0.05,27,"test",143,0.491268783807755,1
"TCN",0.05,27,"test",144,0.419404953718185,1
"TCN",0.05,27,"test",145,0.412869304418564,1
"TCN",0.05,27,"test",146,0.526047706604004,1
"TCN",0.05,27,"test",147,0.522160351276398,1
"TCN",0.05,27,"test",148,0.511396408081055,1
"TCN",0.05,27,"test",149,0.537201106548309,1
"TCN",0.05,27,"test",150,0.508868217468262,1
"TCN",0.05,27,"test",151,0.507640719413757,1
"TCN",0.05,27,"test",152,0.511797904968262,0
"TCN",0.05,27,"test",153,0.519657850265503,0
"TCN",0.05,27,"test",154,0.493588358163834,1
"TCN",0.05,27,"test",155,0.492993414402008,1
"TCN",0.05,27,"test",156,0.519628882408142,1
"TCN",0.05,27,"test",157,0.511067390441895,0
"TCN",0.05,27,"test",158,0.543409109115601,0
"TCN",0.05,27,"test",159,0.526018440723419,0
"TCN",0.05,27,"test",160,0.54601639509201,0
"TCN",0.05,27,"test",161,0.539974689483643,0
"TCN",0.05,27,"test",162,0.371301651000977,0
"TCN",0.05,27,"test",163,0.430657982826233,0
"TCN",0.05,27,"test",164,0.513413965702057,0
"TCN",0.05,27,"test",165,0.512598156929016,1
"TCN",0.05,27,"test",166,0.479078650474548,1
"TCN",0.05,27,"test",167,0.47608807682991,0
"TCN",0.05,27,"test",168,0.491268783807755,1
"TCN",0.05,27,"test",169,0.495492190122604,1
"TCN",0.05,27,"test",170,0.412869304418564,1
"TCN",0.05,27,"test",171,0.41965115070343,0
"TCN",0.05,27,"test",172,0.522160351276398,0
"TCN",0.05,27,"test",173,0.532667279243469,1
"TCN",0.05,27,"test",174,0.537201106548309,1
"TCN",0.05,27,"test",175,0.530823647975922,1
"TCN",0.05,27,"test",176,0.507640719413757,1
"TCN",0.05,27,"test",177,0.506506681442261,0
"TCN",0.05,27,"test",178,0.519657850265503,0
"TCN",0.05,27,"test",179,0.505876660346985,0
"TCN",0.05,27,"test",180,0.492993414402008,0
"TCN",0.05,27,"test",181,0.470336884260178,0
"TCN",0.05,27,"test",182,0.511067390441895,0
"TCN",0.05,27,"test",183,0.51085764169693,0
"TCN",0.05,27,"test",184,0.526018440723419,0
"TCN",0.05,27,"test",185,0.513165891170502,0
"TCN",0.05,27,"test",186,0.539974689483643,1
"TCN",0.05,27,"test",187,0.524416148662567,0
"TCN",0.05,27,"test",188,0.430657982826233,0
"TCN",0.05,27,"test",189,0.437610119581223,0
"TCN",0.05,27,"test",190,0.512598156929016,0
"TCN",0.05,27,"test",191,0.433299720287323,0
"TCN",0.05,27,"test",192,0.47608807682991,0
"TCN",0.05,27,"test",193,0.477727949619293,0
"TCN",0.05,27,"test",194,0.495492190122604,0
"TCN",0.05,27,"test",195,0.494390994310379,0
"TCN",0.05,27,"test",196,0.41965115070343,0
"TCN",0.05,27,"test",197,0.428275883197784,1
"TCN",0.05,27,"test",198,0.532667279243469,1
"TCN",0.05,27,"test",199,0.527100205421448,1
"TCN",0.05,27,"test",200,0.530823647975922,0
"TCN",0.05,27,"test",201,0.527723729610443,0
"TCN",0.05,27,"test",202,0.506506681442261,1
"TCN",0.05,27,"test",203,0.526824355125427,0
"TCN",0.05,27,"test",204,0.505876660346985,0
"TCN",0.05,27,"test",205,0.520774960517883,0
"TCN",0.05,27,"test",206,0.470336884260178,1
"TCN",0.05,27,"test",207,0.483497351408005,0
"TCN",0.05,27,"test",208,0.51085764169693,0
"TCN",0.05,27,"test",209,0.509251773357391,0
"TCN",0.05,27,"test",210,0.513165891170502,0
"TCN",0.05,27,"test",211,0.513807773590088,0
"TCN",0.05,27,"test",212,0.524416148662567,1
"TCN",0.05,27,"test",213,0.578480362892151,0
"TCN",0.05,27,"test",214,0.437610119581223,1
"TCN",0.05,27,"test",215,0.301352947950363,1
"TCN",0.05,27,"test",216,0.433299720287323,1
"TCN",0.05,27,"test",217,0.423778176307678,0
"TCN",0.05,27,"test",218,0.477727949619293,0
"TCN",0.05,27,"test",219,0.478888124227524,1
"TCN",0.05,27,"test",220,0.494390994310379,1
"TCN",0.05,27,"test",221,0.494956135749817,0
"TCN",0.05,27,"test",222,0.428275883197784,1
"TCN",0.05,27,"test",223,0.411983370780945,1
"TCN",0.05,27,"test",224,0.527100205421448,1
"TCN",0.05,27,"test",225,0.518824398517609,0
"TCN",0.05,27,"test",226,0.527723729610443,0
"TCN",0.05,27,"test",227,0.531591832637787,0
"TCN",0.05,27,"test",228,0.526824355125427,1
"TCN",0.05,27,"test",229,0.507896900177002,1
"TCN",0.05,27,"test",230,0.520774960517883,0
"TCN",0.05,27,"test",231,0.510634958744049,1
"TCN",0.05,27,"test",232,0.483497351408005,1
"TCN",0.05,27,"test",233,0.50812816619873,1
"TCN",0.05,27,"test",234,0.509251773357391,1
"TCN",0.05,27,"test",235,0.509055316448212,1
"TCN",0.05,27,"test",236,0.513807773590088,1
"TCN",0.05,27,"test",237,0.520243167877197,0
"TCN",0.05,27,"test",238,0.578480362892151,0
"TCN",0.05,27,"test",239,0.545616388320923,0
"TCN",0.05,27,"test",240,0.301352947950363,0
"TCN",0.05,27,"test",241,0.253501862287521,0
"TCN",0.05,27,"test",242,0.423778176307678,0
"TCN",0.05,27,"test",243,0.472383499145508,0
"TCN",0.05,27,"test",244,0.478888124227524,1
"TCN",0.05,27,"test",245,0.467314660549164,1
"TCN",0.05,27,"test",246,0.494956135749817,1
"TCN",0.05,27,"test",247,0.48893728852272,1
"TCN",0.05,27,"test",248,0.411983370780945,1
"TCN",0.05,27,"test",249,0.36144033074379,1
"TCN",0.05,27,"test",250,0.518824398517609,1
"TCN",0.05,27,"test",251,0.50017774105072,1
"TCN",0.05,27,"test",252,0.531591832637787,0
"TCN",0.05,27,"test",253,0.533705949783325,0
"TCN",0.05,27,"test",254,0.507896900177002,0
"TCN",0.05,27,"test",255,0.503179550170898,1
"TCN",0.05,27,"test",256,0.510634958744049,1
"TCN",0.05,27,"test",257,0.521450638771057,1
"TCN",0.05,27,"test",258,0.50812816619873,1
"TCN",0.05,27,"test",259,0.48575034737587,1
"TCN",0.05,27,"test",260,0.509055316448212,1
"TCN",0.05,27,"test",261,0.505393028259277,1
"TCN",0.05,27,"test",262,0.520243167877197,0
"TCN",0.05,27,"test",263,0.500213801860809,0
"TCN",0.05,27,"test",264,0.545616388320923,1
"TCN",0.05,27,"test",265,0.559865534305573,1
"TCN",0.05,27,"test",266,0.253501862287521,1
"TCN",0.05,27,"test",267,0.42394831776619,1
"TCN",0.05,27,"test",268,0.472383499145508,1
"TCN",0.05,27,"test",269,0.490617573261261,1
"TCN",0.05,27,"test",270,0.467314660549164,1
"TCN",0.05,27,"test",271,0.47604638338089,1
"TCN",0.05,27,"test",272,0.48893728852272,1
"TCN",0.05,27,"test",273,0.491673737764359,1
"TCN",0.05,27,"test",274,0.36144033074379,1
"TCN",0.05,27,"test",275,0.411589741706848,1
"TCN",0.05,27,"test",276,0.50017774105072,1
"TCN",0.05,27,"test",277,0.519386827945709,1
"TCN",0.05,27,"test",278,0.533705949783325,0
"TCN",0.05,27,"test",279,0.513707339763641,0
"TCN",0.05,27,"test",280,0.503179550170898,0
"TCN",0.05,27,"test",281,0.517131984233856,0
"TCN",0.05,27,"test",282,0.521450638771057,0
"TCN",0.05,27,"test",283,0.520126640796661,0
"TCN",0.05,27,"test",284,0.48575034737587,0
"TCN",0.05,27,"test",285,0.513490378856659,0
"TCN",0.05,27,"test",286,0.505393028259277,0
"TCN",0.05,27,"test",287,0.513974785804749,0
"TCN",0.05,27,"test",288,0.500213801860809,0
"TCN",0.05,27,"test",289,0.516831934452057,0
"TCN",0.05,27,"test",290,0.559865534305573,0
"TCN",0.05,27,"test",291,0.520620226860046,0
"TCN",0.05,27,"test",292,0.42394831776619,1
"TCN",0.05,27,"test",293,0.473121076822281,1
"TCN",0.05,27,"test",294,0.490617573261261,1
"TCN",0.05,27,"test",295,0.504115223884583,0
"TCN",0.05,27,"test",296,0.47604638338089,0
"TCN",0.05,27,"test",297,0.477143734693527,1
"TCN",0.05,27,"test",298,0.491673737764359,0
"TCN",0.05,27,"test",299,0.49425083398819,0
"TCN",0.05,27,"test",300,0.411589741706848,1
"TCN",0.05,27,"test",301,0.343754827976227,1
"TCN",0.05,27,"test",302,0.519386827945709,1
"TCN",0.05,27,"test",303,0.478023141622543,0
"TCN",0.05,27,"test",304,0.513707339763641,1
"TCN",0.05,27,"test",305,0.529567837715149,0
"TCN",0.05,98,"test",1,0.495037943124771,0
"TCN",0.05,98,"test",2,0.534200251102448,0
"TCN",0.05,98,"test",3,0.538189470767975,1
"TCN",0.05,98,"test",4,0.535231649875641,1
"TCN",0.05,98,"test",5,0.531237006187439,1
"TCN",0.05,98,"test",6,0.561329305171967,1
"TCN",0.05,98,"test",7,0.575758457183838,1
"TCN",0.05,98,"test",8,0.51954859495163,1
"TCN",0.05,98,"test",9,0.512764036655426,1
"TCN",0.05,98,"test",10,0.486305058002472,1
"TCN",0.05,98,"test",11,0.489245802164078,1
"TCN",0.05,98,"test",12,0.491843342781067,1
"TCN",0.05,98,"test",13,0.472256600856781,1
"TCN",0.05,98,"test",14,0.447204232215881,1
"TCN",0.05,98,"test",15,0.448729038238525,1
"TCN",0.05,98,"test",16,0.555775344371796,1
"TCN",0.05,98,"test",17,0.561087846755981,0
"TCN",0.05,98,"test",18,0.521406292915344,0
"TCN",0.05,98,"test",19,0.522163867950439,0
"TCN",0.05,98,"test",20,0.542584359645844,1
"TCN",0.05,98,"test",21,0.543333172798157,1
"TCN",0.05,98,"test",22,0.531335890293121,1
"TCN",0.05,98,"test",23,0.528637707233429,0
"TCN",0.05,98,"test",24,0.490892589092255,0
"TCN",0.05,98,"test",25,0.493170380592346,0
"TCN",0.05,98,"test",26,0.495037943124771,1
"TCN",0.05,98,"test",27,0.523650705814362,1
"TCN",0.05,98,"test",28,0.538189470767975,1
"TCN",0.05,98,"test",29,0.533914625644684,0
"TCN",0.05,98,"test",30,0.531237006187439,0
"TCN",0.05,98,"test",31,0.54638135433197,0
"TCN",0.05,98,"test",32,0.575758457183838,0
"TCN",0.05,98,"test",33,0.620446979999542,0
"TCN",0.05,98,"test",34,0.512764036655426,1
"TCN",0.05,98,"test",35,0.497180283069611,1
"TCN",0.05,98,"test",36,0.489245802164078,1
"TCN",0.05,98,"test",37,0.48902428150177,1
"TCN",0.05,98,"test",38,0.472256600856781,1
"TCN",0.05,98,"test",39,0.471565872430801,1
"TCN",0.05,98,"test",40,0.448729038238525,1
"TCN",0.05,98,"test",41,0.448234468698502,1
"TCN",0.05,98,"test",42,0.561087846755981,0
"TCN",0.05,98,"test",43,0.524074852466583,0
"TCN",0.05,98,"test",44,0.522163867950439,1
"TCN",0.05,98,"test",45,0.523087024688721,1
"TCN",0.05,98,"test",46,0.543333172798157,1
"TCN",0.05,98,"test",47,0.530393064022064,0
"TCN",0.05,98,"test",48,0.528637707233429,0
"TCN",0.05,98,"test",49,0.520505547523499,0
"TCN",0.05,98,"test",50,0.493170380592346,0
"TCN",0.05,98,"test",51,0.491031646728516,1
"TCN",0.05,98,"test",52,0.523650705814362,1
"TCN",0.05,98,"test",53,0.530270218849182,1
"TCN",0.05,98,"test",54,0.533914625644684,1
"TCN",0.05,98,"test",55,0.522289991378784,0
"TCN",0.05,98,"test",56,0.54638135433197,0
"TCN",0.05,98,"test",57,0.61752861738205,0
"TCN",0.05,98,"test",58,0.620446979999542,0
"TCN",0.05,98,"test",59,0.656100213527679,1
"TCN",0.05,98,"test",60,0.497180283069611,1
"TCN",0.05,98,"test",61,0.524634122848511,1
"TCN",0.05,98,"test",62,0.48902428150177,0
"TCN",0.05,98,"test",63,0.488518804311752,1
"TCN",0.05,98,"test",64,0.471565872430801,1
"TCN",0.05,98,"test",65,0.478839963674545,1
"TCN",0.05,98,"test",66,0.448234468698502,1
"TCN",0.05,98,"test",67,0.444559961557388,1
"TCN",0.05,98,"test",68,0.524074852466583,0
"TCN",0.05,98,"test",69,0.520300269126892,0
"TCN",0.05,98,"test",70,0.523087024688721,0
"TCN",0.05,98,"test",71,0.574370443820953,1
"TCN",0.05,98,"test",72,0.530393064022064,1
"TCN",0.05,98,"test",73,0.525173246860504,0
"TCN",0.05,98,"test",74,0.520505547523499,0
"TCN",0.05,98,"test",75,0.529334306716919,0
"TCN",0.05,98,"test",76,0.491031646728516,0
"TCN",0.05,98,"test",77,0.491964280605316,0
"TCN",0.05,98,"test",78,0.530270218849182,1
"TCN",0.05,98,"test",79,0.568312883377075,0
"TCN",0.05,98,"test",80,0.522289991378784,0
"TCN",0.05,98,"test",81,0.523741185665131,1
"TCN",0.05,98,"test",82,0.61752861738205,1
"TCN",0.05,98,"test",83,0.555549144744873,1
"TCN",0.05,98,"test",84,0.656100213527679,1
"TCN",0.05,98,"test",85,0.623561501502991,0
"TCN",0.05,98,"test",86,0.524634122848511,0
"TCN",0.05,98,"test",87,0.508174657821655,0
"TCN",0.05,98,"test",88,0.488518804311752,0
"TCN",0.05,98,"test",89,0.46867161989212,0
"TCN",0.05,98,"test",90,0.478839963674545,0
"TCN",0.05,98,"test",91,0.4860680103302,1
"TCN",0.05,98,"test",92,0.444559961557388,0
"TCN",0.05,98,"test",93,0.444649457931519,0
"TCN",0.05,98,"test",94,0.520300269126892,0
"TCN",0.05,98,"test",95,0.533058822154999,0
"TCN",0.05,98,"test",96,0.574370443820953,0
"TCN",0.05,98,"test",97,0.547773599624634,1
"TCN",0.05,98,"test",98,0.525173246860504,1
"TCN",0.05,98,"test",99,0.530767798423767,1
"TCN",0.05,98,"test",100,0.529334306716919,1
"TCN",0.05,98,"test",101,0.524003326892853,1
"TCN",0.05,98,"test",102,0.491964280605316,0
"TCN",0.05,98,"test",103,0.491394937038422,0
"TCN",0.05,98,"test",104,0.568312883377075,0
"TCN",0.05,98,"test",105,0.604249656200409,0
"TCN",0.05,98,"test",106,0.523741185665131,0
"TCN",0.05,98,"test",107,0.518262684345245,0
"TCN",0.05,98,"test",108,0.555549144744873,0
"TCN",0.05,98,"test",109,0.56843376159668,0
"TCN",0.05,98,"test",110,0.623561501502991,1
"TCN",0.05,98,"test",111,0.806668281555176,1
"TCN",0.05,98,"test",112,0.508174657821655,1
"TCN",0.05,98,"test",113,0.518011569976807,0
"TCN",0.05,98,"test",114,0.46867161989212,1
"TCN",0.05,98,"test",115,0.480870634317398,1
"TCN",0.05,98,"test",116,0.4860680103302,1
"TCN",0.05,98,"test",117,0.491927862167358,1
"TCN",0.05,98,"test",118,0.444649457931519,1
"TCN",0.05,98,"test",119,0.449866056442261,0
"TCN",0.05,98,"test",120,0.533058822154999,0
"TCN",0.05,98,"test",121,0.583911597728729,0
"TCN",0.05,98,"test",122,0.547773599624634,1
"TCN",0.05,98,"test",123,0.549867510795593,1
"TCN",0.05,98,"test",124,0.530767798423767,1
"TCN",0.05,98,"test",125,0.521155893802643,0
"TCN",0.05,98,"test",126,0.524003326892853,0
"TCN",0.05,98,"test",127,0.522049605846405,0
"TCN",0.05,98,"test",128,0.491394937038422,1
"TCN",0.05,98,"test",129,0.492781817913055,1
"TCN",0.05,98,"test",130,0.604249656200409,1
"TCN",0.05,98,"test",131,0.616036832332611,1
"TCN",0.05,98,"test",132,0.518262684345245,0
"TCN",0.05,98,"test",133,0.553800165653229,0
"TCN",0.05,98,"test",134,0.56843376159668,0
"TCN",0.05,98,"test",135,0.548550128936768,0
"TCN",0.05,98,"test",136,0.806668281555176,0
"TCN",0.05,98,"test",137,0.624612510204315,1
"TCN",0.05,98,"test",138,0.518011569976807,1
"TCN",0.05,98,"test",139,0.526682555675507,1
"TCN",0.05,98,"test",140,0.480870634317398,1
"TCN",0.05,98,"test",141,0.476433455944061,1
"TCN",0.05,98,"test",142,0.491927862167358,1
"TCN",0.05,98,"test",143,0.528928458690643,1
"TCN",0.05,98,"test",144,0.449866056442261,1
"TCN",0.05,98,"test",145,0.448422610759735,1
"TCN",0.05,98,"test",146,0.583911597728729,1
"TCN",0.05,98,"test",147,0.597740054130554,1
"TCN",0.05,98,"test",148,0.549867510795593,1
"TCN",0.05,98,"test",149,0.51010674238205,1
"TCN",0.05,98,"test",150,0.521155893802643,1
"TCN",0.05,98,"test",151,0.529428362846375,1
"TCN",0.05,98,"test",152,0.522049605846405,0
"TCN",0.05,98,"test",153,0.537033677101135,0
"TCN",0.05,98,"test",154,0.492781817913055,1
"TCN",0.05,98,"test",155,0.493656843900681,1
"TCN",0.05,98,"test",156,0.616036832332611,1
"TCN",0.05,98,"test",157,0.585012257099152,0
"TCN",0.05,98,"test",158,0.553800165653229,0
"TCN",0.05,98,"test",159,0.530734479427338,0
"TCN",0.05,98,"test",160,0.548550128936768,0
"TCN",0.05,98,"test",161,0.544775545597076,0
"TCN",0.05,98,"test",162,0.624612510204315,0
"TCN",0.05,98,"test",163,0.552049040794373,0
"TCN",0.05,98,"test",164,0.526682555675507,0
"TCN",0.05,98,"test",165,0.509685635566711,1
"TCN",0.05,98,"test",166,0.476433455944061,1
"TCN",0.05,98,"test",167,0.48631951212883,0
"TCN",0.05,98,"test",168,0.528928458690643,1
"TCN",0.05,98,"test",169,0.522004365921021,1
"TCN",0.05,98,"test",170,0.448422610759735,1
"TCN",0.05,98,"test",171,0.449185609817505,0
"TCN",0.05,98,"test",172,0.597740054130554,0
"TCN",0.05,98,"test",173,0.59822279214859,1
"TCN",0.05,98,"test",174,0.51010674238205,1
"TCN",0.05,98,"test",175,0.531223297119141,1
"TCN",0.05,98,"test",176,0.529428362846375,1
"TCN",0.05,98,"test",177,0.53400331735611,0
"TCN",0.05,98,"test",178,0.537033677101135,0
"TCN",0.05,98,"test",179,0.519318282604218,0
"TCN",0.05,98,"test",180,0.493656843900681,0
"TCN",0.05,98,"test",181,0.486640453338623,0
"TCN",0.05,98,"test",182,0.585012257099152,0
"TCN",0.05,98,"test",183,0.578698635101318,0
"TCN",0.05,98,"test",184,0.530734479427338,0
"TCN",0.05,98,"test",185,0.514847815036774,0
"TCN",0.05,98,"test",186,0.544775545597076,1
"TCN",0.05,98,"test",187,0.540288925170898,0
"TCN",0.05,98,"test",188,0.552049040794373,0
"TCN",0.05,98,"test",189,0.546680212020874,0
"TCN",0.05,98,"test",190,0.509685635566711,0
"TCN",0.05,98,"test",191,0.524406969547272,0
"TCN",0.05,98,"test",192,0.48631951212883,0
"TCN",0.05,98,"test",193,0.478218019008636,0
"TCN",0.05,98,"test",194,0.522004365921021,0
"TCN",0.05,98,"test",195,0.507260322570801,0
"TCN",0.05,98,"test",196,0.449185609817505,0
"TCN",0.05,98,"test",197,0.450921416282654,1
"TCN",0.05,98,"test",198,0.59822279214859,1
"TCN",0.05,98,"test",199,0.585298240184784,1
"TCN",0.05,98,"test",200,0.531223297119141,0
"TCN",0.05,98,"test",201,0.531202375888824,0
"TCN",0.05,98,"test",202,0.53400331735611,1
"TCN",0.05,98,"test",203,0.535406947135925,0
"TCN",0.05,98,"test",204,0.519318282604218,0
"TCN",0.05,98,"test",205,0.520572662353516,0
"TCN",0.05,98,"test",206,0.486640453338623,1
"TCN",0.05,98,"test",207,0.484655827283859,0
"TCN",0.05,98,"test",208,0.578698635101318,0
"TCN",0.05,98,"test",209,0.541833102703094,0
"TCN",0.05,98,"test",210,0.514847815036774,0
"TCN",0.05,98,"test",211,0.515403866767883,0
"TCN",0.05,98,"test",212,0.540288925170898,1
"TCN",0.05,98,"test",213,0.584483981132507,0
"TCN",0.05,98,"test",214,0.546680212020874,1
"TCN",0.05,98,"test",215,0.740873515605927,1
"TCN",0.05,98,"test",216,0.524406969547272,1
"TCN",0.05,98,"test",217,0.504691421985626,0
"TCN",0.05,98,"test",218,0.478218019008636,0
"TCN",0.05,98,"test",219,0.477584183216095,1
"TCN",0.05,98,"test",220,0.507260322570801,1
"TCN",0.05,98,"test",221,0.523668110370636,0
"TCN",0.05,98,"test",222,0.450921416282654,1
"TCN",0.05,98,"test",223,0.448676496744156,1
"TCN",0.05,98,"test",224,0.585298240184784,1
"TCN",0.05,98,"test",225,0.557618796825409,0
"TCN",0.05,98,"test",226,0.531202375888824,0
"TCN",0.05,98,"test",227,0.560037791728973,0
"TCN",0.05,98,"test",228,0.535406947135925,1
"TCN",0.05,98,"test",229,0.535121440887451,1
"TCN",0.05,98,"test",230,0.520572662353516,0
"TCN",0.05,98,"test",231,0.51129674911499,1
"TCN",0.05,98,"test",232,0.484655827283859,1
"TCN",0.05,98,"test",233,0.493397384881973,1
"TCN",0.05,98,"test",234,0.541833102703094,1
"TCN",0.05,98,"test",235,0.5460404753685,1
"TCN",0.05,98,"test",236,0.515403866767883,1
"TCN",0.05,98,"test",237,0.519516885280609,0
"TCN",0.05,98,"test",238,0.584483981132507,0
"TCN",0.05,98,"test",239,0.54854941368103,0
"TCN",0.05,98,"test",240,0.740873515605927,0
"TCN",0.05,98,"test",241,0.815948605537415,0
"TCN",0.05,98,"test",242,0.504691421985626,0
"TCN",0.05,98,"test",243,0.49812388420105,0
"TCN",0.05,98,"test",244,0.477584183216095,1
"TCN",0.05,98,"test",245,0.469935655593872,1
"TCN",0.05,98,"test",246,0.523668110370636,1
"TCN",0.05,98,"test",247,0.524154305458069,1
"TCN",0.05,98,"test",248,0.448676496744156,1
"TCN",0.05,98,"test",249,0.439686417579651,1
"TCN",0.05,98,"test",250,0.557618796825409,1
"TCN",0.05,98,"test",251,0.572602868080139,1
"TCN",0.05,98,"test",252,0.560037791728973,0
"TCN",0.05,98,"test",253,0.531506836414337,0
"TCN",0.05,98,"test",254,0.535121440887451,0
"TCN",0.05,98,"test",255,0.524867057800293,1
"TCN",0.05,98,"test",256,0.51129674911499,1
"TCN",0.05,98,"test",257,0.526352822780609,1
"TCN",0.05,98,"test",258,0.493397384881973,1
"TCN",0.05,98,"test",259,0.491621732711792,1
"TCN",0.05,98,"test",260,0.5460404753685,1
"TCN",0.05,98,"test",261,0.525353014469147,1
"TCN",0.05,98,"test",262,0.519516885280609,0
"TCN",0.05,98,"test",263,0.50187349319458,0
"TCN",0.05,98,"test",264,0.54854941368103,1
"TCN",0.05,98,"test",265,0.560109555721283,1
"TCN",0.05,98,"test",266,0.815948605537415,1
"TCN",0.05,98,"test",267,0.573822736740112,1
"TCN",0.05,98,"test",268,0.49812388420105,1
"TCN",0.05,98,"test",269,0.508718609809875,1
"TCN",0.05,98,"test",270,0.469935655593872,1
"TCN",0.05,98,"test",271,0.47610005736351,1
"TCN",0.05,98,"test",272,0.524154305458069,1
"TCN",0.05,98,"test",273,0.503075957298279,1
"TCN",0.05,98,"test",274,0.439686417579651,1
"TCN",0.05,98,"test",275,0.448902517557144,1
"TCN",0.05,98,"test",276,0.572602868080139,1
"TCN",0.05,98,"test",277,0.638725221157074,1
"TCN",0.05,98,"test",278,0.531506836414337,0
"TCN",0.05,98,"test",279,0.485422134399414,0
"TCN",0.05,98,"test",280,0.524867057800293,0
"TCN",0.05,98,"test",281,0.526480793952942,0
"TCN",0.05,98,"test",282,0.526352822780609,0
"TCN",0.05,98,"test",283,0.517229497432709,0
"TCN",0.05,98,"test",284,0.491621732711792,0
"TCN",0.05,98,"test",285,0.493969678878784,0
"TCN",0.05,98,"test",286,0.525353014469147,0
"TCN",0.05,98,"test",287,0.602705240249634,0
"TCN",0.05,98,"test",288,0.50187349319458,0
"TCN",0.05,98,"test",289,0.518558144569397,0
"TCN",0.05,98,"test",290,0.560109555721283,0
"TCN",0.05,98,"test",291,0.526961624622345,0
"TCN",0.05,98,"test",292,0.573822736740112,1
"TCN",0.05,98,"test",293,0.515430212020874,1
"TCN",0.05,98,"test",294,0.508718609809875,1
"TCN",0.05,98,"test",295,0.499098360538483,0
"TCN",0.05,98,"test",296,0.47610005736351,0
"TCN",0.05,98,"test",297,0.481984108686447,1
"TCN",0.05,98,"test",298,0.503075957298279,0
"TCN",0.05,98,"test",299,0.515448689460754,0
"TCN",0.05,98,"test",300,0.448902517557144,1
"TCN",0.05,98,"test",301,0.43729767203331,1
"TCN",0.05,98,"test",302,0.638725221157074,1
"TCN",0.05,98,"test",303,0.599707782268524,0
"TCN",0.05,98,"test",304,0.485422134399414,1
"TCN",0.05,98,"test",305,0.499638855457306,0
"TCN",0.05,41,"test",1,0.48978179693222,0
"TCN",0.05,41,"test",2,0.541229844093323,0
"TCN",0.05,41,"test",3,0.549013733863831,1
"TCN",0.05,41,"test",4,0.502080738544464,1
"TCN",0.05,41,"test",5,0.52578067779541,1
"TCN",0.05,41,"test",6,0.420885413885117,1
"TCN",0.05,41,"test",7,0.408437043428421,1
"TCN",0.05,41,"test",8,0.513872444629669,1
"TCN",0.05,41,"test",9,0.500462293624878,1
"TCN",0.05,41,"test",10,0.462846457958221,1
"TCN",0.05,41,"test",11,0.481319546699524,1
"TCN",0.05,41,"test",12,0.482964664697647,1
"TCN",0.05,41,"test",13,0.468701362609863,1
"TCN",0.05,41,"test",14,0.407489448785782,1
"TCN",0.05,41,"test",15,0.414909243583679,1
"TCN",0.05,41,"test",16,0.482329785823822,1
"TCN",0.05,41,"test",17,0.488828808069229,0
"TCN",0.05,41,"test",18,0.506104230880737,0
"TCN",0.05,41,"test",19,0.506829261779785,0
"TCN",0.05,41,"test",20,0.525792002677917,1
"TCN",0.05,41,"test",21,0.531270444393158,1
"TCN",0.05,41,"test",22,0.519144058227539,1
"TCN",0.05,41,"test",23,0.514874517917633,0
"TCN",0.05,41,"test",24,0.501455426216125,0
"TCN",0.05,41,"test",25,0.522933065891266,0
"TCN",0.05,41,"test",26,0.48978179693222,1
"TCN",0.05,41,"test",27,0.485149800777435,1
"TCN",0.05,41,"test",28,0.549013733863831,1
"TCN",0.05,41,"test",29,0.541962146759033,0
"TCN",0.05,41,"test",30,0.52578067779541,0
"TCN",0.05,41,"test",31,0.536163330078125,0
"TCN",0.05,41,"test",32,0.408437043428421,0
"TCN",0.05,41,"test",33,0.382901310920715,0
"TCN",0.05,41,"test",34,0.500462293624878,1
"TCN",0.05,41,"test",35,0.51230126619339,1
"TCN",0.05,41,"test",36,0.481319546699524,1
"TCN",0.05,41,"test",37,0.487108111381531,1
"TCN",0.05,41,"test",38,0.468701362609863,1
"TCN",0.05,41,"test",39,0.471976488828659,1
"TCN",0.05,41,"test",40,0.414909243583679,1
"TCN",0.05,41,"test",41,0.412316799163818,1
"TCN",0.05,41,"test",42,0.488828808069229,0
"TCN",0.05,41,"test",43,0.498150289058685,0
"TCN",0.05,41,"test",44,0.506829261779785,1
"TCN",0.05,41,"test",45,0.50641804933548,1
"TCN",0.05,41,"test",46,0.531270444393158,1
"TCN",0.05,41,"test",47,0.518499732017517,0
"TCN",0.05,41,"test",48,0.514874517917633,0
"TCN",0.05,41,"test",49,0.517392933368683,0
"TCN",0.05,41,"test",50,0.522933065891266,0
"TCN",0.05,41,"test",51,0.502351462841034,1
"TCN",0.05,41,"test",52,0.485149800777435,1
"TCN",0.05,41,"test",53,0.502370238304138,1
"TCN",0.05,41,"test",54,0.541962146759033,1
"TCN",0.05,41,"test",55,0.521966576576233,0
"TCN",0.05,41,"test",56,0.536163330078125,0
"TCN",0.05,41,"test",57,0.550283551216125,0
"TCN",0.05,41,"test",58,0.382901310920715,0
"TCN",0.05,41,"test",59,0.359626680612564,1
"TCN",0.05,41,"test",60,0.51230126619339,1
"TCN",0.05,41,"test",61,0.486055940389633,1
"TCN",0.05,41,"test",62,0.487108111381531,0
"TCN",0.05,41,"test",63,0.471872508525848,1
"TCN",0.05,41,"test",64,0.471976488828659,1
"TCN",0.05,41,"test",65,0.476313084363937,1
"TCN",0.05,41,"test",66,0.412316799163818,1
"TCN",0.05,41,"test",67,0.394833892583847,1
"TCN",0.05,41,"test",68,0.498150289058685,0
"TCN",0.05,41,"test",69,0.495402991771698,0
"TCN",0.05,41,"test",70,0.50641804933548,0
"TCN",0.05,41,"test",71,0.505517840385437,1
"TCN",0.05,41,"test",72,0.518499732017517,1
"TCN",0.05,41,"test",73,0.512208044528961,0
"TCN",0.05,41,"test",74,0.517392933368683,0
"TCN",0.05,41,"test",75,0.522168159484863,0
"TCN",0.05,41,"test",76,0.502351462841034,0
"TCN",0.05,41,"test",77,0.51330691576004,0
"TCN",0.05,41,"test",78,0.502370238304138,1
"TCN",0.05,41,"test",79,0.518402338027954,0
"TCN",0.05,41,"test",80,0.521966576576233,0
"TCN",0.05,41,"test",81,0.524950981140137,1
"TCN",0.05,41,"test",82,0.550283551216125,1
"TCN",0.05,41,"test",83,0.540714919567108,1
"TCN",0.05,41,"test",84,0.359626680612564,1
"TCN",0.05,41,"test",85,0.380896270275116,0
"TCN",0.05,41,"test",86,0.486055940389633,0
"TCN",0.05,41,"test",87,0.496405422687531,0
"TCN",0.05,41,"test",88,0.471872508525848,0
"TCN",0.05,41,"test",89,0.449219942092896,0
"TCN",0.05,41,"test",90,0.476313084363937,0
"TCN",0.05,41,"test",91,0.4740871489048,1
"TCN",0.05,41,"test",92,0.394833892583847,0
"TCN",0.05,41,"test",93,0.392126888036728,0
"TCN",0.05,41,"test",94,0.495402991771698,0
"TCN",0.05,41,"test",95,0.494753569364548,0
"TCN",0.05,41,"test",96,0.505517840385437,0
"TCN",0.05,41,"test",97,0.50636351108551,1
"TCN",0.05,41,"test",98,0.512208044528961,1
"TCN",0.05,41,"test",99,0.518111824989319,1
"TCN",0.05,41,"test",100,0.522168159484863,1
"TCN",0.05,41,"test",101,0.520974695682526,1
"TCN",0.05,41,"test",102,0.51330691576004,0
"TCN",0.05,41,"test",103,0.505577623844147,0
"TCN",0.05,41,"test",104,0.518402338027954,0
"TCN",0.05,41,"test",105,0.524302959442139,0
"TCN",0.05,41,"test",106,0.524950981140137,0
"TCN",0.05,41,"test",107,0.516377329826355,0
"TCN",0.05,41,"test",108,0.540714919567108,0
"TCN",0.05,41,"test",109,0.544874310493469,0
"TCN",0.05,41,"test",110,0.380896270275116,1
"TCN",0.05,41,"test",111,0.260844945907593,1
"TCN",0.05,41,"test",112,0.496405422687531,1
"TCN",0.05,41,"test",113,0.504110991954803,0
"TCN",0.05,41,"test",114,0.449219942092896,1
"TCN",0.05,41,"test",115,0.475254952907562,1
"TCN",0.05,41,"test",116,0.4740871489048,1
"TCN",0.05,41,"test",117,0.478755712509155,1
"TCN",0.05,41,"test",118,0.392126888036728,1
"TCN",0.05,41,"test",119,0.412476748228073,0
"TCN",0.05,41,"test",120,0.494753569364548,0
"TCN",0.05,41,"test",121,0.47887048125267,0
"TCN",0.05,41,"test",122,0.50636351108551,1
"TCN",0.05,41,"test",123,0.506747603416443,1
"TCN",0.05,41,"test",124,0.518111824989319,1
"TCN",0.05,41,"test",125,0.511915147304535,0
"TCN",0.05,41,"test",126,0.520974695682526,0
"TCN",0.05,41,"test",127,0.517187595367432,0
"TCN",0.05,41,"test",128,0.505577623844147,1
"TCN",0.05,41,"test",129,0.499994426965714,1
"TCN",0.05,41,"test",130,0.524302959442139,1
"TCN",0.05,41,"test",131,0.535390317440033,1
"TCN",0.05,41,"test",132,0.516377329826355,0
"TCN",0.05,41,"test",133,0.542991399765015,0
"TCN",0.05,41,"test",134,0.544874310493469,0
"TCN",0.05,41,"test",135,0.53626412153244,0
"TCN",0.05,41,"test",136,0.260844945907593,0
"TCN",0.05,41,"test",137,0.376810789108276,1
"TCN",0.05,41,"test",138,0.504110991954803,1
"TCN",0.05,41,"test",139,0.506327509880066,1
"TCN",0.05,41,"test",140,0.475254952907562,1
"TCN",0.05,41,"test",141,0.47435936331749,1
"TCN",0.05,41,"test",142,0.478755712509155,1
"TCN",0.05,41,"test",143,0.487605184316635,1
"TCN",0.05,41,"test",144,0.412476748228073,1
"TCN",0.05,41,"test",145,0.40490448474884,1
"TCN",0.05,41,"test",146,0.47887048125267,1
"TCN",0.05,41,"test",147,0.478156715631485,1
"TCN",0.05,41,"test",148,0.506747603416443,1
"TCN",0.05,41,"test",149,0.504401385784149,1
"TCN",0.05,41,"test",150,0.511915147304535,1
"TCN",0.05,41,"test",151,0.514365673065186,1
"TCN",0.05,41,"test",152,0.517187595367432,0
"TCN",0.05,41,"test",153,0.522368311882019,0
"TCN",0.05,41,"test",154,0.499994426965714,1
"TCN",0.05,41,"test",155,0.488087445497513,1
"TCN",0.05,41,"test",156,0.535390317440033,1
"TCN",0.05,41,"test",157,0.521382868289948,0
"TCN",0.05,41,"test",158,0.542991399765015,0
"TCN",0.05,41,"test",159,0.534439265727997,0
"TCN",0.05,41,"test",160,0.53626412153244,0
"TCN",0.05,41,"test",161,0.532272517681122,0
"TCN",0.05,41,"test",162,0.376810789108276,0
"TCN",0.05,41,"test",163,0.431580752134323,0
"TCN",0.05,41,"test",164,0.506327509880066,0
"TCN",0.05,41,"test",165,0.508787035942078,1
"TCN",0.05,41,"test",166,0.47435936331749,1
"TCN",0.05,41,"test",167,0.470038861036301,0
"TCN",0.05,41,"test",168,0.487605184316635,1
"TCN",0.05,41,"test",169,0.485858172178268,1
"TCN",0.05,41,"test",170,0.40490448474884,1
"TCN",0.05,41,"test",171,0.411690413951874,0
"TCN",0.05,41,"test",172,0.478156715631485,0
"TCN",0.05,41,"test",173,0.47168156504631,1
"TCN",0.05,41,"test",174,0.504401385784149,1
"TCN",0.05,41,"test",175,0.505451679229736,1
"TCN",0.05,41,"test",176,0.514365673065186,1
"TCN",0.05,41,"test",177,0.514379262924194,0
"TCN",0.05,41,"test",178,0.522368311882019,0
"TCN",0.05,41,"test",179,0.519127190113068,0
"TCN",0.05,41,"test",180,0.488087445497513,0
"TCN",0.05,41,"test",181,0.53072988986969,0
"TCN",0.05,41,"test",182,0.521382868289948,0
"TCN",0.05,41,"test",183,0.520168781280518,0
"TCN",0.05,41,"test",184,0.534439265727997,0
"TCN",0.05,41,"test",185,0.514793515205383,0
"TCN",0.05,41,"test",186,0.532272517681122,1
"TCN",0.05,41,"test",187,0.520720243453979,0
"TCN",0.05,41,"test",188,0.431580752134323,0
"TCN",0.05,41,"test",189,0.438051968812943,0
"TCN",0.05,41,"test",190,0.508787035942078,0
"TCN",0.05,41,"test",191,0.463168829679489,0
"TCN",0.05,41,"test",192,0.470038861036301,0
"TCN",0.05,41,"test",193,0.469754666090012,0
"TCN",0.05,41,"test",194,0.485858172178268,0
"TCN",0.05,41,"test",195,0.485093146562576,0
"TCN",0.05,41,"test",196,0.411690413951874,0
"TCN",0.05,41,"test",197,0.42457589507103,1
"TCN",0.05,41,"test",198,0.47168156504631,1
"TCN",0.05,41,"test",199,0.477855145931244,1
"TCN",0.05,41,"test",200,0.505451679229736,0
"TCN",0.05,41,"test",201,0.50547331571579,0
"TCN",0.05,41,"test",202,0.514379262924194,1
"TCN",0.05,41,"test",203,0.527624785900116,0
"TCN",0.05,41,"test",204,0.519127190113068,0
"TCN",0.05,41,"test",205,0.519787847995758,0
"TCN",0.05,41,"test",206,0.53072988986969,1
"TCN",0.05,41,"test",207,0.512447237968445,0
"TCN",0.05,41,"test",208,0.520168781280518,0
"TCN",0.05,41,"test",209,0.507027506828308,0
"TCN",0.05,41,"test",210,0.514793515205383,0
"TCN",0.05,41,"test",211,0.515496969223022,0
"TCN",0.05,41,"test",212,0.520720243453979,1
"TCN",0.05,41,"test",213,0.546878695487976,0
"TCN",0.05,41,"test",214,0.438051968812943,1
"TCN",0.05,41,"test",215,0.316735148429871,1
"TCN",0.05,41,"test",216,0.463168829679489,1
"TCN",0.05,41,"test",217,0.451149016618729,0
"TCN",0.05,41,"test",218,0.469754666090012,0
"TCN",0.05,41,"test",219,0.467933356761932,1
"TCN",0.05,41,"test",220,0.485093146562576,1
"TCN",0.05,41,"test",221,0.486326068639755,0
"TCN",0.05,41,"test",222,0.42457589507103,1
"TCN",0.05,41,"test",223,0.404457896947861,1
"TCN",0.05,41,"test",224,0.477855145931244,1
"TCN",0.05,41,"test",225,0.488272398710251,0
"TCN",0.05,41,"test",226,0.50547331571579,0
"TCN",0.05,41,"test",227,0.508234977722168,0
"TCN",0.05,41,"test",228,0.527624785900116,1
"TCN",0.05,41,"test",229,0.515654146671295,1
"TCN",0.05,41,"test",230,0.519787847995758,0
"TCN",0.05,41,"test",231,0.514060139656067,1
"TCN",0.05,41,"test",232,0.512447237968445,1
"TCN",0.05,41,"test",233,0.512633144855499,1
"TCN",0.05,41,"test",234,0.507027506828308,1
"TCN",0.05,41,"test",235,0.511052131652832,1
"TCN",0.05,41,"test",236,0.515496969223022,1
"TCN",0.05,41,"test",237,0.51828271150589,0
"TCN",0.05,41,"test",238,0.546878695487976,0
"TCN",0.05,41,"test",239,0.536103963851929,0
"TCN",0.05,41,"test",240,0.316735148429871,0
"TCN",0.05,41,"test",241,0.276324778795242,0
"TCN",0.05,41,"test",242,0.451149016618729,0
"TCN",0.05,41,"test",243,0.480889171361923,0
"TCN",0.05,41,"test",244,0.467933356761932,1
"TCN",0.05,41,"test",245,0.448845386505127,1
"TCN",0.05,41,"test",246,0.486326068639755,1
"TCN",0.05,41,"test",247,0.489046812057495,1
"TCN",0.05,41,"test",248,0.404457896947861,1
"TCN",0.05,41,"test",249,0.363277047872543,1
"TCN",0.05,41,"test",250,0.488272398710251,1
"TCN",0.05,41,"test",251,0.490575075149536,1
"TCN",0.05,41,"test",252,0.508234977722168,0
"TCN",0.05,41,"test",253,0.505470991134644,0
"TCN",0.05,41,"test",254,0.515654146671295,0
"TCN",0.05,41,"test",255,0.509567320346832,1
"TCN",0.05,41,"test",256,0.514060139656067,1
"TCN",0.05,41,"test",257,0.521586239337921,1
"TCN",0.05,41,"test",258,0.512633144855499,1
"TCN",0.05,41,"test",259,0.517062723636627,1
"TCN",0.05,41,"test",260,0.511052131652832,1
"TCN",0.05,41,"test",261,0.495385974645615,1
"TCN",0.05,41,"test",262,0.51828271150589,0
"TCN",0.05,41,"test",263,0.499438166618347,0
"TCN",0.05,41,"test",264,0.536103963851929,1
"TCN",0.05,41,"test",265,0.542474031448364,1
"TCN",0.05,41,"test",266,0.276324778795242,1
"TCN",0.05,41,"test",267,0.428558588027954,1
"TCN",0.05,41,"test",268,0.480889171361923,1
"TCN",0.05,41,"test",269,0.491868734359741,1
"TCN",0.05,41,"test",270,0.448845386505127,1
"TCN",0.05,41,"test",271,0.470436990261078,1
"TCN",0.05,41,"test",272,0.489046812057495,1
"TCN",0.05,41,"test",273,0.484234809875488,1
"TCN",0.05,41,"test",274,0.363277047872543,1
"TCN",0.05,41,"test",275,0.404576241970062,1
"TCN",0.05,41,"test",276,0.490575075149536,1
"TCN",0.05,41,"test",277,0.471916019916534,1
"TCN",0.05,41,"test",278,0.505470991134644,0
"TCN",0.05,41,"test",279,0.505784213542938,0
"TCN",0.05,41,"test",280,0.509567320346832,0
"TCN",0.05,41,"test",281,0.516750931739807,0
"TCN",0.05,41,"test",282,0.521586239337921,0
"TCN",0.05,41,"test",283,0.518152117729187,0
"TCN",0.05,41,"test",284,0.517062723636627,0
"TCN",0.05,41,"test",285,0.50598931312561,0
"TCN",0.05,41,"test",286,0.495385974645615,0
"TCN",0.05,41,"test",287,0.525176763534546,0
"TCN",0.05,41,"test",288,0.499438166618347,0
"TCN",0.05,41,"test",289,0.519469559192657,0
"TCN",0.05,41,"test",290,0.542474031448364,0
"TCN",0.05,41,"test",291,0.517131090164185,0
"TCN",0.05,41,"test",292,0.428558588027954,1
"TCN",0.05,41,"test",293,0.469758421182632,1
"TCN",0.05,41,"test",294,0.491868734359741,1
"TCN",0.05,41,"test",295,0.504348397254944,0
"TCN",0.05,41,"test",296,0.470436990261078,0
"TCN",0.05,41,"test",297,0.470204651355743,1
"TCN",0.05,41,"test",298,0.484234809875488,0
"TCN",0.05,41,"test",299,0.486002057790756,0
"TCN",0.05,41,"test",300,0.404576241970062,1
"TCN",0.05,41,"test",301,0.351424306631088,1
"TCN",0.05,41,"test",302,0.471916019916534,1
"TCN",0.05,41,"test",303,0.490869909524918,0
"TCN",0.05,41,"test",304,0.505784213542938,1
"TCN",0.05,41,"test",305,0.500746250152588,0
"TCN",0.05,64,"test",1,0.514107048511505,0
"TCN",0.05,64,"test",2,0.509237051010132,0
"TCN",0.05,64,"test",3,0.513327538967133,1
"TCN",0.05,64,"test",4,0.527281641960144,1
"TCN",0.05,64,"test",5,0.53182452917099,1
"TCN",0.05,64,"test",6,0.462225049734116,1
"TCN",0.05,64,"test",7,0.456158339977264,1
"TCN",0.05,64,"test",8,0.501871705055237,1
"TCN",0.05,64,"test",9,0.493094891309738,1
"TCN",0.05,64,"test",10,0.489481538534164,1
"TCN",0.05,64,"test",11,0.499937027692795,1
"TCN",0.05,64,"test",12,0.487174719572067,1
"TCN",0.05,64,"test",13,0.473911881446838,1
"TCN",0.05,64,"test",14,0.439202070236206,1
"TCN",0.05,64,"test",15,0.446854501962662,1
"TCN",0.05,64,"test",16,0.509015917778015,1
"TCN",0.05,64,"test",17,0.502647638320923,0
"TCN",0.05,64,"test",18,0.501256227493286,0
"TCN",0.05,64,"test",19,0.498103886842728,0
"TCN",0.05,64,"test",20,0.50900399684906,1
"TCN",0.05,64,"test",21,0.521541833877563,1
"TCN",0.05,64,"test",22,0.497286677360535,1
"TCN",0.05,64,"test",23,0.493654936552048,0
"TCN",0.05,64,"test",24,0.504911661148071,0
"TCN",0.05,64,"test",25,0.492845118045807,0
"TCN",0.05,64,"test",26,0.514107048511505,1
"TCN",0.05,64,"test",27,0.538942933082581,1
"TCN",0.05,64,"test",28,0.513327538967133,1
"TCN",0.05,64,"test",29,0.519160270690918,0
"TCN",0.05,64,"test",30,0.53182452917099,0
"TCN",0.05,64,"test",31,0.54032975435257,0
"TCN",0.05,64,"test",32,0.456158339977264,0
"TCN",0.05,64,"test",33,0.446940928697586,0
"TCN",0.05,64,"test",34,0.493094891309738,1
"TCN",0.05,64,"test",35,0.501693248748779,1
"TCN",0.05,64,"test",36,0.499937027692795,1
"TCN",0.05,64,"test",37,0.501524329185486,1
"TCN",0.05,64,"test",38,0.473911881446838,1
"TCN",0.05,64,"test",39,0.47223299741745,1
"TCN",0.05,64,"test",40,0.446854501962662,1
"TCN",0.05,64,"test",41,0.441511273384094,1
"TCN",0.05,64,"test",42,0.502647638320923,0
"TCN",0.05,64,"test",43,0.501721739768982,0
"TCN",0.05,64,"test",44,0.498103886842728,1
"TCN",0.05,64,"test",45,0.500773131847382,1
"TCN",0.05,64,"test",46,0.521541833877563,1
"TCN",0.05,64,"test",47,0.511342644691467,0
"TCN",0.05,64,"test",48,0.493654936552048,0
"TCN",0.05,64,"test",49,0.506364583969116,0
"TCN",0.05,64,"test",50,0.492845118045807,0
"TCN",0.05,64,"test",51,0.498349219560623,1
"TCN",0.05,64,"test",52,0.538942933082581,1
"TCN",0.05,64,"test",53,0.517976820468903,1
"TCN",0.05,64,"test",54,0.519160270690918,1
"TCN",0.05,64,"test",55,0.515344619750977,0
"TCN",0.05,64,"test",56,0.54032975435257,0
"TCN",0.05,64,"test",57,0.560599207878113,0
"TCN",0.05,64,"test",58,0.446940928697586,0
"TCN",0.05,64,"test",59,0.433845162391663,1
"TCN",0.05,64,"test",60,0.501693248748779,1
"TCN",0.05,64,"test",61,0.478567004203796,1
"TCN",0.05,64,"test",62,0.501524329185486,0
"TCN",0.05,64,"test",63,0.493992626667023,1
"TCN",0.05,64,"test",64,0.47223299741745,1
"TCN",0.05,64,"test",65,0.477571696043015,1
"TCN",0.05,64,"test",66,0.441511273384094,1
"TCN",0.05,64,"test",67,0.433241099119186,1
"TCN",0.05,64,"test",68,0.501721739768982,0
"TCN",0.05,64,"test",69,0.50671398639679,0
"TCN",0.05,64,"test",70,0.500773131847382,0
"TCN",0.05,64,"test",71,0.488811403512955,1
"TCN",0.05,64,"test",72,0.511342644691467,1
"TCN",0.05,64,"test",73,0.505915999412537,0
"TCN",0.05,64,"test",74,0.506364583969116,0
"TCN",0.05,64,"test",75,0.502536773681641,0
"TCN",0.05,64,"test",76,0.498349219560623,0
"TCN",0.05,64,"test",77,0.488467335700989,0
"TCN",0.05,64,"test",78,0.517976820468903,1
"TCN",0.05,64,"test",79,0.501721560955048,0
"TCN",0.05,64,"test",80,0.515344619750977,0
"TCN",0.05,64,"test",81,0.520967900753021,1
"TCN",0.05,64,"test",82,0.560599207878113,1
"TCN",0.05,64,"test",83,0.544629156589508,1
"TCN",0.05,64,"test",84,0.433845162391663,1
"TCN",0.05,64,"test",85,0.445913553237915,0
"TCN",0.05,64,"test",86,0.478567004203796,0
"TCN",0.05,64,"test",87,0.491154193878174,0
"TCN",0.05,64,"test",88,0.493992626667023,0
"TCN",0.05,64,"test",89,0.469484448432922,0
"TCN",0.05,64,"test",90,0.477571696043015,0
"TCN",0.05,64,"test",91,0.479839771986008,1
"TCN",0.05,64,"test",92,0.433241099119186,0
"TCN",0.05,64,"test",93,0.431210100650787,0
"TCN",0.05,64,"test",94,0.50671398639679,0
"TCN",0.05,64,"test",95,0.505849599838257,0
"TCN",0.05,64,"test",96,0.488811403512955,0
"TCN",0.05,64,"test",97,0.493664741516113,1
"TCN",0.05,64,"test",98,0.505915999412537,1
"TCN",0.05,64,"test",99,0.509749293327332,1
"TCN",0.05,64,"test",100,0.502536773681641,1
"TCN",0.05,64,"test",101,0.504401683807373,1
"TCN",0.05,64,"test",102,0.488467335700989,0
"TCN",0.05,64,"test",103,0.483313918113708,0
"TCN",0.05,64,"test",104,0.501721560955048,0
"TCN",0.05,64,"test",105,0.496087729930878,0
"TCN",0.05,64,"test",106,0.520967900753021,0
"TCN",0.05,64,"test",107,0.511906683444977,0
"TCN",0.05,64,"test",108,0.544629156589508,0
"TCN",0.05,64,"test",109,0.548486471176147,0
"TCN",0.05,64,"test",110,0.445913553237915,1
"TCN",0.05,64,"test",111,0.375422775745392,1
"TCN",0.05,64,"test",112,0.491154193878174,1
"TCN",0.05,64,"test",113,0.494857966899872,0
"TCN",0.05,64,"test",114,0.469484448432922,1
"TCN",0.05,64,"test",115,0.492339193820953,1
"TCN",0.05,64,"test",116,0.479839771986008,1
"TCN",0.05,64,"test",117,0.484980314970016,1
"TCN",0.05,64,"test",118,0.431210100650787,1
"TCN",0.05,64,"test",119,0.437702387571335,0
"TCN",0.05,64,"test",120,0.505849599838257,0
"TCN",0.05,64,"test",121,0.501036822795868,0
"TCN",0.05,64,"test",122,0.493664741516113,1
"TCN",0.05,64,"test",123,0.492539167404175,1
"TCN",0.05,64,"test",124,0.509749293327332,1
"TCN",0.05,64,"test",125,0.509026825428009,0
"TCN",0.05,64,"test",126,0.504401683807373,0
"TCN",0.05,64,"test",127,0.507637798786163,0
"TCN",0.05,64,"test",128,0.483313918113708,1
"TCN",0.05,64,"test",129,0.493059486150742,1
"TCN",0.05,64,"test",130,0.496087729930878,1
"TCN",0.05,64,"test",131,0.510855972766876,1
"TCN",0.05,64,"test",132,0.511906683444977,0
"TCN",0.05,64,"test",133,0.554590582847595,0
"TCN",0.05,64,"test",134,0.548486471176147,0
"TCN",0.05,64,"test",135,0.542480289936066,0
"TCN",0.05,64,"test",136,0.375422775745392,0
"TCN",0.05,64,"test",137,0.442393511533737,1
"TCN",0.05,64,"test",138,0.494857966899872,1
"TCN",0.05,64,"test",139,0.495158910751343,1
"TCN",0.05,64,"test",140,0.492339193820953,1
"TCN",0.05,64,"test",141,0.487840712070465,1
"TCN",0.05,64,"test",142,0.484980314970016,1
"TCN",0.05,64,"test",143,0.505849778652191,1
"TCN",0.05,64,"test",144,0.437702387571335,1
"TCN",0.05,64,"test",145,0.430526971817017,1
"TCN",0.05,64,"test",146,0.501036822795868,1
"TCN",0.05,64,"test",147,0.497697532176971,1
"TCN",0.05,64,"test",148,0.492539167404175,1
"TCN",0.05,64,"test",149,0.497856676578522,1
"TCN",0.05,64,"test",150,0.509026825428009,1
"TCN",0.05,64,"test",151,0.504945158958435,1
"TCN",0.05,64,"test",152,0.507637798786163,0
"TCN",0.05,64,"test",153,0.508510828018188,0
"TCN",0.05,64,"test",154,0.493059486150742,1
"TCN",0.05,64,"test",155,0.500933527946472,1
"TCN",0.05,64,"test",156,0.510855972766876,1
"TCN",0.05,64,"test",157,0.500722110271454,0
"TCN",0.05,64,"test",158,0.554590582847595,0
"TCN",0.05,64,"test",159,0.524722576141357,0
"TCN",0.05,64,"test",160,0.542480289936066,0
"TCN",0.05,64,"test",161,0.540521919727325,0
"TCN",0.05,64,"test",162,0.442393511533737,0
"TCN",0.05,64,"test",163,0.468162059783936,0
"TCN",0.05,64,"test",164,0.495158910751343,0
"TCN",0.05,64,"test",165,0.499316930770874,1
"TCN",0.05,64,"test",166,0.487840712070465,1
"TCN",0.05,64,"test",167,0.492780208587646,0
"TCN",0.05,64,"test",168,0.505849778652191,1
"TCN",0.05,64,"test",169,0.497318476438522,1
"TCN",0.05,64,"test",170,0.430526971817017,1
"TCN",0.05,64,"test",171,0.434876352548599,0
"TCN",0.05,64,"test",172,0.497697532176971,0
"TCN",0.05,64,"test",173,0.501360833644867,1
"TCN",0.05,64,"test",174,0.497856676578522,1
"TCN",0.05,64,"test",175,0.500119984149933,1
"TCN",0.05,64,"test",176,0.504945158958435,1
"TCN",0.05,64,"test",177,0.500718832015991,0
"TCN",0.05,64,"test",178,0.508510828018188,0
"TCN",0.05,64,"test",179,0.508543133735657,0
"TCN",0.05,64,"test",180,0.500933527946472,0
"TCN",0.05,64,"test",181,0.449285000562668,0
"TCN",0.05,64,"test",182,0.500722110271454,0
"TCN",0.05,64,"test",183,0.496018141508102,0
"TCN",0.05,64,"test",184,0.524722576141357,0
"TCN",0.05,64,"test",185,0.519522130489349,0
"TCN",0.05,64,"test",186,0.540521919727325,1
"TCN",0.05,64,"test",187,0.535748720169067,0
"TCN",0.05,64,"test",188,0.468162059783936,0
"TCN",0.05,64,"test",189,0.471377700567245,0
"TCN",0.05,64,"test",190,0.499316930770874,0
"TCN",0.05,64,"test",191,0.444817394018173,0
"TCN",0.05,64,"test",192,0.492780208587646,0
"TCN",0.05,64,"test",193,0.461815446615219,0
"TCN",0.05,64,"test",194,0.497318476438522,0
"TCN",0.05,64,"test",195,0.501356303691864,0
"TCN",0.05,64,"test",196,0.434876352548599,0
"TCN",0.05,64,"test",197,0.448669642210007,1
"TCN",0.05,64,"test",198,0.501360833644867,1
"TCN",0.05,64,"test",199,0.500982344150543,1
"TCN",0.05,64,"test",200,0.500119984149933,0
"TCN",0.05,64,"test",201,0.499743312597275,0
"TCN",0.05,64,"test",202,0.500718832015991,1
"TCN",0.05,64,"test",203,0.52777624130249,0
"TCN",0.05,64,"test",204,0.508543133735657,0
"TCN",0.05,64,"test",205,0.505219638347626,0
"TCN",0.05,64,"test",206,0.449285000562668,1
"TCN",0.05,64,"test",207,0.461638033390045,0
"TCN",0.05,64,"test",208,0.496018141508102,0
"TCN",0.05,64,"test",209,0.514205574989319,0
"TCN",0.05,64,"test",210,0.519522130489349,0
"TCN",0.05,64,"test",211,0.51980322599411,0
"TCN",0.05,64,"test",212,0.535748720169067,1
"TCN",0.05,64,"test",213,0.551571369171143,0
"TCN",0.05,64,"test",214,0.471377700567245,1
"TCN",0.05,64,"test",215,0.409856706857681,1
"TCN",0.05,64,"test",216,0.444817394018173,1
"TCN",0.05,64,"test",217,0.429571717977524,0
"TCN",0.05,64,"test",218,0.461815446615219,0
"TCN",0.05,64,"test",219,0.456270813941956,1
"TCN",0.05,64,"test",220,0.501356303691864,1
"TCN",0.05,64,"test",221,0.499498963356018,0
"TCN",0.05,64,"test",222,0.448669642210007,1
"TCN",0.05,64,"test",223,0.431122422218323,1
"TCN",0.05,64,"test",224,0.500982344150543,1
"TCN",0.05,64,"test",225,0.503848910331726,0
"TCN",0.05,64,"test",226,0.499743312597275,0
"TCN",0.05,64,"test",227,0.493799269199371,0
"TCN",0.05,64,"test",228,0.52777624130249,1
"TCN",0.05,64,"test",229,0.501561164855957,1
"TCN",0.05,64,"test",230,0.505219638347626,0
"TCN",0.05,64,"test",231,0.506345570087433,1
"TCN",0.05,64,"test",232,0.461638033390045,1
"TCN",0.05,64,"test",233,0.510977208614349,1
"TCN",0.05,64,"test",234,0.514205574989319,1
"TCN",0.05,64,"test",235,0.51094526052475,1
"TCN",0.05,64,"test",236,0.51980322599411,1
"TCN",0.05,64,"test",237,0.526489853858948,0
"TCN",0.05,64,"test",238,0.551571369171143,0
"TCN",0.05,64,"test",239,0.542510569095612,0
"TCN",0.05,64,"test",240,0.409856706857681,0
"TCN",0.05,64,"test",241,0.387173354625702,0
"TCN",0.05,64,"test",242,0.429571717977524,0
"TCN",0.05,64,"test",243,0.478591561317444,0
"TCN",0.05,64,"test",244,0.456270813941956,1
"TCN",0.05,64,"test",245,0.456520259380341,1
"TCN",0.05,64,"test",246,0.499498963356018,1
"TCN",0.05,64,"test",247,0.507706940174103,1
"TCN",0.05,64,"test",248,0.431122422218323,1
"TCN",0.05,64,"test",249,0.415979593992233,1
"TCN",0.05,64,"test",250,0.503848910331726,1
"TCN",0.05,64,"test",251,0.496753036975861,1
"TCN",0.05,64,"test",252,0.493799269199371,0
"TCN",0.05,64,"test",253,0.488589465618134,0
"TCN",0.05,64,"test",254,0.501561164855957,0
"TCN",0.05,64,"test",255,0.501593589782715,1
"TCN",0.05,64,"test",256,0.506345570087433,1
"TCN",0.05,64,"test",257,0.504800319671631,1
"TCN",0.05,64,"test",258,0.510977208614349,1
"TCN",0.05,64,"test",259,0.482469886541367,1
"TCN",0.05,64,"test",260,0.51094526052475,1
"TCN",0.05,64,"test",261,0.528277218341827,1
"TCN",0.05,64,"test",262,0.526489853858948,0
"TCN",0.05,64,"test",263,0.5183185338974,0
"TCN",0.05,64,"test",264,0.542510569095612,1
"TCN",0.05,64,"test",265,0.545855641365051,1
"TCN",0.05,64,"test",266,0.387173354625702,1
"TCN",0.05,64,"test",267,0.470633715391159,1
"TCN",0.05,64,"test",268,0.478591561317444,1
"TCN",0.05,64,"test",269,0.486065000295639,1
"TCN",0.05,64,"test",270,0.456520259380341,1
"TCN",0.05,64,"test",271,0.486378520727158,1
"TCN",0.05,64,"test",272,0.507706940174103,1
"TCN",0.05,64,"test",273,0.497059404850006,1
"TCN",0.05,64,"test",274,0.415979593992233,1
"TCN",0.05,64,"test",275,0.432143926620483,1
"TCN",0.05,64,"test",276,0.496753036975861,1
"TCN",0.05,64,"test",277,0.488738089799881,1
"TCN",0.05,64,"test",278,0.488589465618134,0
"TCN",0.05,64,"test",279,0.488726645708084,0
"TCN",0.05,64,"test",280,0.501593589782715,0
"TCN",0.05,64,"test",281,0.51274311542511,0
"TCN",0.05,64,"test",282,0.504800319671631,0
"TCN",0.05,64,"test",283,0.504204869270325,0
"TCN",0.05,64,"test",284,0.482469886541367,0
"TCN",0.05,64,"test",285,0.516406774520874,0
"TCN",0.05,64,"test",286,0.528277218341827,0
"TCN",0.05,64,"test",287,0.498423457145691,0
"TCN",0.05,64,"test",288,0.5183185338974,0
"TCN",0.05,64,"test",289,0.521012544631958,0
"TCN",0.05,64,"test",290,0.545855641365051,0
"TCN",0.05,64,"test",291,0.528991162776947,0
"TCN",0.05,64,"test",292,0.470633715391159,1
"TCN",0.05,64,"test",293,0.482288271188736,1
"TCN",0.05,64,"test",294,0.486065000295639,1
"TCN",0.05,64,"test",295,0.497825026512146,0
"TCN",0.05,64,"test",296,0.486378520727158,0
"TCN",0.05,64,"test",297,0.491385906934738,1
"TCN",0.05,64,"test",298,0.497059404850006,0
"TCN",0.05,64,"test",299,0.505089044570923,0
"TCN",0.05,64,"test",300,0.432143926620483,1
"TCN",0.05,64,"test",301,0.388454228639603,1
"TCN",0.05,64,"test",302,0.488738089799881,1
"TCN",0.05,64,"test",303,0.489139527082443,0
"TCN",0.05,64,"test",304,0.488726645708084,1
"TCN",0.05,64,"test",305,0.4937943816185,0
"TCN",0.1,23,"test",1,0.472224086523056,0
"TCN",0.1,23,"test",2,0.512667119503021,0
"TCN",0.1,23,"test",3,0.522613346576691,1
"TCN",0.1,23,"test",4,0.477741658687592,1
"TCN",0.1,23,"test",5,0.512297093868256,1
"TCN",0.1,23,"test",6,0.410439521074295,1
"TCN",0.1,23,"test",7,0.398428797721863,1
"TCN",0.1,23,"test",8,0.520595014095306,1
"TCN",0.1,23,"test",9,0.506158709526062,1
"TCN",0.1,23,"test",10,0.450581192970276,1
"TCN",0.1,23,"test",11,0.458819270133972,1
"TCN",0.1,23,"test",12,0.474095195531845,1
"TCN",0.1,23,"test",13,0.477570503950119,1
"TCN",0.1,23,"test",14,0.411691784858704,1
"TCN",0.1,23,"test",15,0.419527530670166,1
"TCN",0.1,23,"test",16,0.476305037736893,1
"TCN",0.1,23,"test",17,0.485901266336441,0
"TCN",0.1,23,"test",18,0.509597301483154,0
"TCN",0.1,23,"test",19,0.51120400428772,0
"TCN",0.1,23,"test",20,0.544635236263275,1
"TCN",0.1,23,"test",21,0.541616559028625,1
"TCN",0.1,23,"test",22,0.508973002433777,1
"TCN",0.1,23,"test",23,0.503984928131104,0
"TCN",0.1,23,"test",24,0.499910712242126,0
"TCN",0.1,23,"test",25,0.528514683246613,0
"TCN",0.1,23,"test",26,0.472224086523056,1
"TCN",0.1,23,"test",27,0.485720545053482,1
"TCN",0.1,23,"test",28,0.522613346576691,1
"TCN",0.1,23,"test",29,0.523101210594177,0
"TCN",0.1,23,"test",30,0.512297093868256,0
"TCN",0.1,23,"test",31,0.536164045333862,0
"TCN",0.1,23,"test",32,0.398428797721863,0
"TCN",0.1,23,"test",33,0.368870288133621,0
"TCN",0.1,23,"test",34,0.506158709526062,1
"TCN",0.1,23,"test",35,0.503415822982788,1
"TCN",0.1,23,"test",36,0.458819270133972,1
"TCN",0.1,23,"test",37,0.463744103908539,1
"TCN",0.1,23,"test",38,0.477570503950119,1
"TCN",0.1,23,"test",39,0.477653414011002,1
"TCN",0.1,23,"test",40,0.419527530670166,1
"TCN",0.1,23,"test",41,0.413522064685822,1
"TCN",0.1,23,"test",42,0.485901266336441,0
"TCN",0.1,23,"test",43,0.497178137302399,0
"TCN",0.1,23,"test",44,0.51120400428772,1
"TCN",0.1,23,"test",45,0.510200381278992,1
"TCN",0.1,23,"test",46,0.541616559028625,1
"TCN",0.1,23,"test",47,0.520572245121002,0
"TCN",0.1,23,"test",48,0.503984928131104,0
"TCN",0.1,23,"test",49,0.503838181495667,0
"TCN",0.1,23,"test",50,0.528514683246613,0
"TCN",0.1,23,"test",51,0.494629561901093,1
"TCN",0.1,23,"test",52,0.485720545053482,1
"TCN",0.1,23,"test",53,0.484401434659958,1
"TCN",0.1,23,"test",54,0.523101210594177,1
"TCN",0.1,23,"test",55,0.504480719566345,0
"TCN",0.1,23,"test",56,0.536164045333862,0
"TCN",0.1,23,"test",57,0.577650785446167,0
"TCN",0.1,23,"test",58,0.368870288133621,0
"TCN",0.1,23,"test",59,0.345369815826416,1
"TCN",0.1,23,"test",60,0.503415822982788,1
"TCN",0.1,23,"test",61,0.523780703544617,1
"TCN",0.1,23,"test",62,0.463744103908539,0
"TCN",0.1,23,"test",63,0.453450590372086,1
"TCN",0.1,23,"test",64,0.477653414011002,1
"TCN",0.1,23,"test",65,0.47523096203804,1
"TCN",0.1,23,"test",66,0.413522064685822,1
"TCN",0.1,23,"test",67,0.407948881387711,1
"TCN",0.1,23,"test",68,0.497178137302399,0
"TCN",0.1,23,"test",69,0.4932861328125,0
"TCN",0.1,23,"test",70,0.510200381278992,0
"TCN",0.1,23,"test",71,0.516124129295349,1
"TCN",0.1,23,"test",72,0.520572245121002,1
"TCN",0.1,23,"test",73,0.510054171085358,0
"TCN",0.1,23,"test",74,0.503838181495667,0
"TCN",0.1,23,"test",75,0.51332038640976,0
"TCN",0.1,23,"test",76,0.494629561901093,0
"TCN",0.1,23,"test",77,0.505939364433289,0
"TCN",0.1,23,"test",78,0.484401434659958,1
"TCN",0.1,23,"test",79,0.499797642230988,0
"TCN",0.1,23,"test",80,0.504480719566345,0
"TCN",0.1,23,"test",81,0.514922797679901,1
"TCN",0.1,23,"test",82,0.577650785446167,1
"TCN",0.1,23,"test",83,0.545308589935303,1
"TCN",0.1,23,"test",84,0.345369815826416,1
"TCN",0.1,23,"test",85,0.366766512393951,0
"TCN",0.1,23,"test",86,0.523780703544617,0
"TCN",0.1,23,"test",87,0.504058241844177,0
"TCN",0.1,23,"test",88,0.453450590372086,0
"TCN",0.1,23,"test",89,0.447253674268723,0
"TCN",0.1,23,"test",90,0.47523096203804,0
"TCN",0.1,23,"test",91,0.477230876684189,1
"TCN",0.1,23,"test",92,0.407948881387711,0
"TCN",0.1,23,"test",93,0.406120926141739,0
"TCN",0.1,23,"test",94,0.4932861328125,0
"TCN",0.1,23,"test",95,0.49397224187851,0
"TCN",0.1,23,"test",96,0.516124129295349,0
"TCN",0.1,23,"test",97,0.512007355690002,1
"TCN",0.1,23,"test",98,0.510054171085358,1
"TCN",0.1,23,"test",99,0.521455526351929,1
"TCN",0.1,23,"test",100,0.51332038640976,1
"TCN",0.1,23,"test",101,0.507092952728271,1
"TCN",0.1,23,"test",102,0.505939364433289,0
"TCN",0.1,23,"test",103,0.485645890235901,0
"TCN",0.1,23,"test",104,0.499797642230988,0
"TCN",0.1,23,"test",105,0.514263451099396,0
"TCN",0.1,23,"test",106,0.514922797679901,0
"TCN",0.1,23,"test",107,0.494302481412888,0
"TCN",0.1,23,"test",108,0.545308589935303,0
"TCN",0.1,23,"test",109,0.554011821746826,0
"TCN",0.1,23,"test",110,0.366766512393951,1
"TCN",0.1,23,"test",111,0.261255294084549,1
"TCN",0.1,23,"test",112,0.504058241844177,1
"TCN",0.1,23,"test",113,0.509139060974121,0
"TCN",0.1,23,"test",114,0.447253674268723,1
"TCN",0.1,23,"test",115,0.462792187929153,1
"TCN",0.1,23,"test",116,0.477230876684189,1
"TCN",0.1,23,"test",117,0.475334346294403,1
"TCN",0.1,23,"test",118,0.406120926141739,1
"TCN",0.1,23,"test",119,0.405804991722107,0
"TCN",0.1,23,"test",120,0.49397224187851,0
"TCN",0.1,23,"test",121,0.481220960617065,0
"TCN",0.1,23,"test",122,0.512007355690002,1
"TCN",0.1,23,"test",123,0.512601792812347,1
"TCN",0.1,23,"test",124,0.521455526351929,1
"TCN",0.1,23,"test",125,0.507163047790527,0
"TCN",0.1,23,"test",126,0.507092952728271,0
"TCN",0.1,23,"test",127,0.506292641162872,0
"TCN",0.1,23,"test",128,0.485645890235901,1
"TCN",0.1,23,"test",129,0.476814389228821,1
"TCN",0.1,23,"test",130,0.514263451099396,1
"TCN",0.1,23,"test",131,0.52798467874527,1
"TCN",0.1,23,"test",132,0.494302481412888,0
"TCN",0.1,23,"test",133,0.547482013702393,0
"TCN",0.1,23,"test",134,0.554011821746826,0
"TCN",0.1,23,"test",135,0.538721919059753,0
"TCN",0.1,23,"test",136,0.261255294084549,0
"TCN",0.1,23,"test",137,0.364184230566025,1
"TCN",0.1,23,"test",138,0.509139060974121,1
"TCN",0.1,23,"test",139,0.518592238426208,1
"TCN",0.1,23,"test",140,0.462792187929153,1
"TCN",0.1,23,"test",141,0.464616626501083,1
"TCN",0.1,23,"test",142,0.475334346294403,1
"TCN",0.1,23,"test",143,0.480091601610184,1
"TCN",0.1,23,"test",144,0.405804991722107,1
"TCN",0.1,23,"test",145,0.396039575338364,1
"TCN",0.1,23,"test",146,0.481220960617065,1
"TCN",0.1,23,"test",147,0.483102113008499,1
"TCN",0.1,23,"test",148,0.512601792812347,1
"TCN",0.1,23,"test",149,0.509836554527283,1
"TCN",0.1,23,"test",150,0.507163047790527,1
"TCN",0.1,23,"test",151,0.516193330287933,1
"TCN",0.1,23,"test",152,0.506292641162872,0
"TCN",0.1,23,"test",153,0.533930063247681,0
"TCN",0.1,23,"test",154,0.476814389228821,1
"TCN",0.1,23,"test",155,0.468316853046417,1
"TCN",0.1,23,"test",156,0.52798467874527,1
"TCN",0.1,23,"test",157,0.509792864322662,0
"TCN",0.1,23,"test",158,0.547482013702393,0
"TCN",0.1,23,"test",159,0.527669608592987,0
"TCN",0.1,23,"test",160,0.538721919059753,0
"TCN",0.1,23,"test",161,0.531968712806702,0
"TCN",0.1,23,"test",162,0.364184230566025,0
"TCN",0.1,23,"test",163,0.418646842241287,0
"TCN",0.1,23,"test",164,0.518592238426208,0
"TCN",0.1,23,"test",165,0.504659175872803,1
"TCN",0.1,23,"test",166,0.464616626501083,1
"TCN",0.1,23,"test",167,0.455869346857071,0
"TCN",0.1,23,"test",168,0.480091601610184,1
"TCN",0.1,23,"test",169,0.481061816215515,1
"TCN",0.1,23,"test",170,0.396039575338364,1
"TCN",0.1,23,"test",171,0.400906264781952,0
"TCN",0.1,23,"test",172,0.483102113008499,0
"TCN",0.1,23,"test",173,0.477298438549042,1
"TCN",0.1,23,"test",174,0.509836554527283,1
"TCN",0.1,23,"test",175,0.511119782924652,1
"TCN",0.1,23,"test",176,0.516193330287933,1
"TCN",0.1,23,"test",177,0.516882300376892,0
"TCN",0.1,23,"test",178,0.533930063247681,0
"TCN",0.1,23,"test",179,0.508029937744141,0
"TCN",0.1,23,"test",180,0.468316853046417,0
"TCN",0.1,23,"test",181,0.513348877429962,0
"TCN",0.1,23,"test",182,0.509792864322662,0
"TCN",0.1,23,"test",183,0.500131726264954,0
"TCN",0.1,23,"test",184,0.527669608592987,0
"TCN",0.1,23,"test",185,0.504484057426453,0
"TCN",0.1,23,"test",186,0.531968712806702,1
"TCN",0.1,23,"test",187,0.513392090797424,0
"TCN",0.1,23,"test",188,0.418646842241287,0
"TCN",0.1,23,"test",189,0.424377053976059,0
"TCN",0.1,23,"test",190,0.504659175872803,0
"TCN",0.1,23,"test",191,0.525583446025848,0
"TCN",0.1,23,"test",192,0.455869346857071,0
"TCN",0.1,23,"test",193,0.455630838871002,0
"TCN",0.1,23,"test",194,0.481061816215515,0
"TCN",0.1,23,"test",195,0.474267959594727,0
"TCN",0.1,23,"test",196,0.400906264781952,0
"TCN",0.1,23,"test",197,0.419966578483582,1
"TCN",0.1,23,"test",198,0.477298438549042,1
"TCN",0.1,23,"test",199,0.480554729700089,1
"TCN",0.1,23,"test",200,0.511119782924652,0
"TCN",0.1,23,"test",201,0.510906398296356,0
"TCN",0.1,23,"test",202,0.516882300376892,1
"TCN",0.1,23,"test",203,0.514272511005402,0
"TCN",0.1,23,"test",204,0.508029937744141,0
"TCN",0.1,23,"test",205,0.502822756767273,0
"TCN",0.1,23,"test",206,0.513348877429962,1
"TCN",0.1,23,"test",207,0.489127367734909,0
"TCN",0.1,23,"test",208,0.500131726264954,0
"TCN",0.1,23,"test",209,0.488777220249176,0
"TCN",0.1,23,"test",210,0.504484057426453,0
"TCN",0.1,23,"test",211,0.505370795726776,0
"TCN",0.1,23,"test",212,0.513392090797424,1
"TCN",0.1,23,"test",213,0.561313152313232,0
"TCN",0.1,23,"test",214,0.424377053976059,1
"TCN",0.1,23,"test",215,0.305523186922073,1
"TCN",0.1,23,"test",216,0.525583446025848,1
"TCN",0.1,23,"test",217,0.525844573974609,0
"TCN",0.1,23,"test",218,0.455630838871002,0
"TCN",0.1,23,"test",219,0.453687995672226,1
"TCN",0.1,23,"test",220,0.474267959594727,1
"TCN",0.1,23,"test",221,0.480719417333603,0
"TCN",0.1,23,"test",222,0.419966578483582,1
"TCN",0.1,23,"test",223,0.398055225610733,1
"TCN",0.1,23,"test",224,0.480554729700089,1
"TCN",0.1,23,"test",225,0.484561651945114,0
"TCN",0.1,23,"test",226,0.510906398296356,0
"TCN",0.1,23,"test",227,0.515908241271973,0
"TCN",0.1,23,"test",228,0.514272511005402,1
"TCN",0.1,23,"test",229,0.520122528076172,1
"TCN",0.1,23,"test",230,0.502822756767273,0
"TCN",0.1,23,"test",231,0.48506498336792,1
"TCN",0.1,23,"test",232,0.489127367734909,1
"TCN",0.1,23,"test",233,0.528466522693634,1
"TCN",0.1,23,"test",234,0.488777220249176,1
"TCN",0.1,23,"test",235,0.490022987127304,1
"TCN",0.1,23,"test",236,0.505370795726776,1
"TCN",0.1,23,"test",237,0.513015329837799,0
"TCN",0.1,23,"test",238,0.561313152313232,0
"TCN",0.1,23,"test",239,0.538594782352448,0
"TCN",0.1,23,"test",240,0.305523186922073,0
"TCN",0.1,23,"test",241,0.275079905986786,0
"TCN",0.1,23,"test",242,0.525844573974609,0
"TCN",0.1,23,"test",243,0.500771105289459,0
"TCN",0.1,23,"test",244,0.453687995672226,1
"TCN",0.1,23,"test",245,0.443750858306885,1
"TCN",0.1,23,"test",246,0.480719417333603,1
"TCN",0.1,23,"test",247,0.476774632930756,1
"TCN",0.1,23,"test",248,0.398055225610733,1
"TCN",0.1,23,"test",249,0.395074516534805,1
"TCN",0.1,23,"test",250,0.484561651945114,1
"TCN",0.1,23,"test",251,0.492619663476944,1
"TCN",0.1,23,"test",252,0.515908241271973,0
"TCN",0.1,23,"test",253,0.506904780864716,0
"TCN",0.1,23,"test",254,0.520122528076172,0
"TCN",0.1,23,"test",255,0.503626704216003,1
"TCN",0.1,23,"test",256,0.48506498336792,1
"TCN",0.1,23,"test",257,0.513962090015411,1
"TCN",0.1,23,"test",258,0.528466522693634,1
"TCN",0.1,23,"test",259,0.507498681545258,1
"TCN",0.1,23,"test",260,0.490022987127304,1
"TCN",0.1,23,"test",261,0.486368596553802,1
"TCN",0.1,23,"test",262,0.513015329837799,0
"TCN",0.1,23,"test",263,0.490504235029221,0
"TCN",0.1,23,"test",264,0.538594782352448,1
"TCN",0.1,23,"test",265,0.548908710479736,1
"TCN",0.1,23,"test",266,0.275079905986786,1
"TCN",0.1,23,"test",267,0.410138666629791,1
"TCN",0.1,23,"test",268,0.500771105289459,1
"TCN",0.1,23,"test",269,0.507542371749878,1
"TCN",0.1,23,"test",270,0.443750858306885,1
"TCN",0.1,23,"test",271,0.462069541215897,1
"TCN",0.1,23,"test",272,0.476774632930756,1
"TCN",0.1,23,"test",273,0.473850339651108,1
"TCN",0.1,23,"test",274,0.395074516534805,1
"TCN",0.1,23,"test",275,0.399890512228012,1
"TCN",0.1,23,"test",276,0.492619663476944,1
"TCN",0.1,23,"test",277,0.486062675714493,1
"TCN",0.1,23,"test",278,0.506904780864716,0
"TCN",0.1,23,"test",279,0.498709440231323,0
"TCN",0.1,23,"test",280,0.503626704216003,0
"TCN",0.1,23,"test",281,0.515663504600525,0
"TCN",0.1,23,"test",282,0.513962090015411,0
"TCN",0.1,23,"test",283,0.496765583753586,0
"TCN",0.1,23,"test",284,0.507498681545258,0
"TCN",0.1,23,"test",285,0.512365698814392,0
"TCN",0.1,23,"test",286,0.486368596553802,0
"TCN",0.1,23,"test",287,0.514973163604736,0
"TCN",0.1,23,"test",288,0.490504235029221,0
"TCN",0.1,23,"test",289,0.510036468505859,0
"TCN",0.1,23,"test",290,0.548908710479736,0
"TCN",0.1,23,"test",291,0.49920728802681,0
"TCN",0.1,23,"test",292,0.410138666629791,1
"TCN",0.1,23,"test",293,0.457339257001877,1
"TCN",0.1,23,"test",294,0.507542371749878,1
"TCN",0.1,23,"test",295,0.495287448167801,0
"TCN",0.1,23,"test",296,0.462069541215897,0
"TCN",0.1,23,"test",297,0.459104597568512,1
"TCN",0.1,23,"test",298,0.473850339651108,0
"TCN",0.1,23,"test",299,0.477950900793076,0
"TCN",0.1,23,"test",300,0.399890512228012,1
"TCN",0.1,23,"test",301,0.347067385911942,1
"TCN",0.1,23,"test",302,0.486062675714493,1
"TCN",0.1,23,"test",303,0.499768525362015,0
"TCN",0.1,23,"test",304,0.498709440231323,1
"TCN",0.1,23,"test",305,0.505625903606415,0
"TCN",0.1,27,"test",1,0.479356706142426,0
"TCN",0.1,27,"test",2,0.537245571613312,0
"TCN",0.1,27,"test",3,0.543236434459686,1
"TCN",0.1,27,"test",4,0.488572329282761,1
"TCN",0.1,27,"test",5,0.521086931228638,1
"TCN",0.1,27,"test",6,0.410281151533127,1
"TCN",0.1,27,"test",7,0.38792484998703,1
"TCN",0.1,27,"test",8,0.524269819259644,1
"TCN",0.1,27,"test",9,0.501477003097534,1
"TCN",0.1,27,"test",10,0.452008098363876,1
"TCN",0.1,27,"test",11,0.460701674222946,1
"TCN",0.1,27,"test",12,0.478413999080658,1
"TCN",0.1,27,"test",13,0.467578500509262,1
"TCN",0.1,27,"test",14,0.404973536729813,1
"TCN",0.1,27,"test",15,0.406496465206146,1
"TCN",0.1,27,"test",16,0.529640197753906,1
"TCN",0.1,27,"test",17,0.514786660671234,0
"TCN",0.1,27,"test",18,0.532361626625061,0
"TCN",0.1,27,"test",19,0.534901857376099,0
"TCN",0.1,27,"test",20,0.505761504173279,1
"TCN",0.1,27,"test",21,0.496305704116821,1
"TCN",0.1,27,"test",22,0.521335601806641,1
"TCN",0.1,27,"test",23,0.517183899879456,0
"TCN",0.1,27,"test",24,0.499259471893311,0
"TCN",0.1,27,"test",25,0.483879953622818,0
"TCN",0.1,27,"test",26,0.479356706142426,1
"TCN",0.1,27,"test",27,0.495400905609131,1
"TCN",0.1,27,"test",28,0.543236434459686,1
"TCN",0.1,27,"test",29,0.526913404464722,0
"TCN",0.1,27,"test",30,0.521086931228638,0
"TCN",0.1,27,"test",31,0.543020486831665,0
"TCN",0.1,27,"test",32,0.38792484998703,0
"TCN",0.1,27,"test",33,0.346905142068863,0
"TCN",0.1,27,"test",34,0.501477003097534,1
"TCN",0.1,27,"test",35,0.510531842708588,1
"TCN",0.1,27,"test",36,0.460701674222946,1
"TCN",0.1,27,"test",37,0.464227616786957,1
"TCN",0.1,27,"test",38,0.467578500509262,1
"TCN",0.1,27,"test",39,0.461145102977753,1
"TCN",0.1,27,"test",40,0.406496465206146,1
"TCN",0.1,27,"test",41,0.409631252288818,1
"TCN",0.1,27,"test",42,0.514786660671234,0
"TCN",0.1,27,"test",43,0.510998964309692,0
"TCN",0.1,27,"test",44,0.534901857376099,1
"TCN",0.1,27,"test",45,0.533148109912872,1
"TCN",0.1,27,"test",46,0.496305704116821,1
"TCN",0.1,27,"test",47,0.507081627845764,0
"TCN",0.1,27,"test",48,0.517183899879456,0
"TCN",0.1,27,"test",49,0.51274436712265,0
"TCN",0.1,27,"test",50,0.483879953622818,0
"TCN",0.1,27,"test",51,0.491424679756165,1
"TCN",0.1,27,"test",52,0.495400905609131,1
"TCN",0.1,27,"test",53,0.499347567558289,1
"TCN",0.1,27,"test",54,0.526913404464722,1
"TCN",0.1,27,"test",55,0.506361842155457,0
"TCN",0.1,27,"test",56,0.543020486831665,0
"TCN",0.1,27,"test",57,0.603894948959351,0
"TCN",0.1,27,"test",58,0.346905142068863,0
"TCN",0.1,27,"test",59,0.316068649291992,1
"TCN",0.1,27,"test",60,0.510531842708588,1
"TCN",0.1,27,"test",61,0.479189574718475,1
"TCN",0.1,27,"test",62,0.464227616786957,0
"TCN",0.1,27,"test",63,0.455465853214264,1
"TCN",0.1,27,"test",64,0.461145102977753,1
"TCN",0.1,27,"test",65,0.47202143073082,1
"TCN",0.1,27,"test",66,0.409631252288818,1
"TCN",0.1,27,"test",67,0.393439531326294,1
"TCN",0.1,27,"test",68,0.510998964309692,0
"TCN",0.1,27,"test",69,0.516523540019989,0
"TCN",0.1,27,"test",70,0.533148109912872,0
"TCN",0.1,27,"test",71,0.493354797363281,1
"TCN",0.1,27,"test",72,0.507081627845764,1
"TCN",0.1,27,"test",73,0.49955815076828,0
"TCN",0.1,27,"test",74,0.51274436712265,0
"TCN",0.1,27,"test",75,0.523992776870728,0
"TCN",0.1,27,"test",76,0.491424679756165,0
"TCN",0.1,27,"test",77,0.481830269098282,0
"TCN",0.1,27,"test",78,0.499347567558289,1
"TCN",0.1,27,"test",79,0.51959764957428,0
"TCN",0.1,27,"test",80,0.506361842155457,0
"TCN",0.1,27,"test",81,0.518166780471802,1
"TCN",0.1,27,"test",82,0.603894948959351,1
"TCN",0.1,27,"test",83,0.552038550376892,1
"TCN",0.1,27,"test",84,0.316068649291992,1
"TCN",0.1,27,"test",85,0.344326168298721,0
"TCN",0.1,27,"test",86,0.479189574718475,0
"TCN",0.1,27,"test",87,0.495385468006134,0
"TCN",0.1,27,"test",88,0.455465853214264,0
"TCN",0.1,27,"test",89,0.444561511278152,0
"TCN",0.1,27,"test",90,0.47202143073082,0
"TCN",0.1,27,"test",91,0.483431547880173,1
"TCN",0.1,27,"test",92,0.393439531326294,0
"TCN",0.1,27,"test",93,0.391552537679672,0
"TCN",0.1,27,"test",94,0.516523540019989,0
"TCN",0.1,27,"test",95,0.51540207862854,0
"TCN",0.1,27,"test",96,0.493354797363281,0
"TCN",0.1,27,"test",97,0.502084910869598,1
"TCN",0.1,27,"test",98,0.49955815076828,1
"TCN",0.1,27,"test",99,0.504842162132263,1
"TCN",0.1,27,"test",100,0.523992776870728,1
"TCN",0.1,27,"test",101,0.520129501819611,1
"TCN",0.1,27,"test",102,0.481830269098282,0
"TCN",0.1,27,"test",103,0.479071766138077,0
"TCN",0.1,27,"test",104,0.51959764957428,0
"TCN",0.1,27,"test",105,0.539662480354309,0
"TCN",0.1,27,"test",106,0.518166780471802,0
"TCN",0.1,27,"test",107,0.501399159431458,0
"TCN",0.1,27,"test",108,0.552038550376892,0
"TCN",0.1,27,"test",109,0.562681257724762,0
"TCN",0.1,27,"test",110,0.344326168298721,1
"TCN",0.1,27,"test",111,0.190843686461449,1
"TCN",0.1,27,"test",112,0.495385468006134,1
"TCN",0.1,27,"test",113,0.507510840892792,0
"TCN",0.1,27,"test",114,0.444561511278152,1
"TCN",0.1,27,"test",115,0.467277765274048,1
"TCN",0.1,27,"test",116,0.483431547880173,1
"TCN",0.1,27,"test",117,0.482236176729202,1
"TCN",0.1,27,"test",118,0.391552537679672,1
"TCN",0.1,27,"test",119,0.412851929664612,0
"TCN",0.1,27,"test",120,0.51540207862854,0
"TCN",0.1,27,"test",121,0.520587384700775,0
"TCN",0.1,27,"test",122,0.502084910869598,1
"TCN",0.1,27,"test",123,0.499381572008133,1
"TCN",0.1,27,"test",124,0.504842162132263,1
"TCN",0.1,27,"test",125,0.502701640129089,0
"TCN",0.1,27,"test",126,0.520129501819611,0
"TCN",0.1,27,"test",127,0.506981611251831,0
"TCN",0.1,27,"test",128,0.479071766138077,1
"TCN",0.1,27,"test",129,0.485266476869583,1
"TCN",0.1,27,"test",130,0.539662480354309,1
"TCN",0.1,27,"test",131,0.550255477428436,1
"TCN",0.1,27,"test",132,0.501399159431458,0
"TCN",0.1,27,"test",133,0.551010608673096,0
"TCN",0.1,27,"test",134,0.562681257724762,0
"TCN",0.1,27,"test",135,0.539213001728058,0
"TCN",0.1,27,"test",136,0.190843686461449,0
"TCN",0.1,27,"test",137,0.340461820363998,1
"TCN",0.1,27,"test",138,0.507510840892792,1
"TCN",0.1,27,"test",139,0.51072770357132,1
"TCN",0.1,27,"test",140,0.467277765274048,1
"TCN",0.1,27,"test",141,0.467826128005981,1
"TCN",0.1,27,"test",142,0.482236176729202,1
"TCN",0.1,27,"test",143,0.48142796754837,1
"TCN",0.1,27,"test",144,0.412851929664612,1
"TCN",0.1,27,"test",145,0.408335000276566,1
"TCN",0.1,27,"test",146,0.520587384700775,1
"TCN",0.1,27,"test",147,0.515356481075287,1
"TCN",0.1,27,"test",148,0.499381572008133,1
"TCN",0.1,27,"test",149,0.533470928668976,1
"TCN",0.1,27,"test",150,0.502701640129089,1
"TCN",0.1,27,"test",151,0.498486578464508,1
"TCN",0.1,27,"test",152,0.506981611251831,0
"TCN",0.1,27,"test",153,0.516638815402985,0
"TCN",0.1,27,"test",154,0.485266476869583,1
"TCN",0.1,27,"test",155,0.480297118425369,1
"TCN",0.1,27,"test",156,0.550255477428436,1
"TCN",0.1,27,"test",157,0.528701186180115,0
"TCN",0.1,27,"test",158,0.551010608673096,0
"TCN",0.1,27,"test",159,0.530484139919281,0
"TCN",0.1,27,"test",160,0.539213001728058,0
"TCN",0.1,27,"test",161,0.533057272434235,0
"TCN",0.1,27,"test",162,0.340461820363998,0
"TCN",0.1,27,"test",163,0.416878253221512,0
"TCN",0.1,27,"test",164,0.51072770357132,0
"TCN",0.1,27,"test",165,0.511789560317993,1
"TCN",0.1,27,"test",166,0.467826128005981,1
"TCN",0.1,27,"test",167,0.459255546331406,0
"TCN",0.1,27,"test",168,0.48142796754837,1
"TCN",0.1,27,"test",169,0.484991312026978,1
"TCN",0.1,27,"test",170,0.408335000276566,1
"TCN",0.1,27,"test",171,0.413673967123032,0
"TCN",0.1,27,"test",172,0.515356481075287,0
"TCN",0.1,27,"test",173,0.52453875541687,1
"TCN",0.1,27,"test",174,0.533470928668976,1
"TCN",0.1,27,"test",175,0.52263480424881,1
"TCN",0.1,27,"test",176,0.498486578464508,1
"TCN",0.1,27,"test",177,0.490770190954208,0
"TCN",0.1,27,"test",178,0.516638815402985,0
"TCN",0.1,27,"test",179,0.500576138496399,0
"TCN",0.1,27,"test",180,0.480297118425369,0
"TCN",0.1,27,"test",181,0.466024786233902,0
"TCN",0.1,27,"test",182,0.528701186180115,0
"TCN",0.1,27,"test",183,0.52434903383255,0
"TCN",0.1,27,"test",184,0.530484139919281,0
"TCN",0.1,27,"test",185,0.507765173912048,0
"TCN",0.1,27,"test",186,0.533057272434235,1
"TCN",0.1,27,"test",187,0.515835821628571,0
"TCN",0.1,27,"test",188,0.416878253221512,0
"TCN",0.1,27,"test",189,0.424056679010391,0
"TCN",0.1,27,"test",190,0.511789560317993,0
"TCN",0.1,27,"test",191,0.439594745635986,0
"TCN",0.1,27,"test",192,0.459255546331406,0
"TCN",0.1,27,"test",193,0.472580969333649,0
"TCN",0.1,27,"test",194,0.484991312026978,0
"TCN",0.1,27,"test",195,0.484699964523315,0
"TCN",0.1,27,"test",196,0.413673967123032,0
"TCN",0.1,27,"test",197,0.419562935829163,1
"TCN",0.1,27,"test",198,0.52453875541687,1
"TCN",0.1,27,"test",199,0.521369397640228,1
"TCN",0.1,27,"test",200,0.52263480424881,0
"TCN",0.1,27,"test",201,0.519964635372162,0
"TCN",0.1,27,"test",202,0.490770190954208,1
"TCN",0.1,27,"test",203,0.509173333644867,0
"TCN",0.1,27,"test",204,0.500576138496399,0
"TCN",0.1,27,"test",205,0.51750373840332,0
"TCN",0.1,27,"test",206,0.466024786233902,1
"TCN",0.1,27,"test",207,0.475659608840942,0
"TCN",0.1,27,"test",208,0.52434903383255,0
"TCN",0.1,27,"test",209,0.506941676139832,0
"TCN",0.1,27,"test",210,0.507765173912048,0
"TCN",0.1,27,"test",211,0.508711159229279,0
"TCN",0.1,27,"test",212,0.515835821628571,1
"TCN",0.1,27,"test",213,0.574764788150787,0
"TCN",0.1,27,"test",214,0.424056679010391,1
"TCN",0.1,27,"test",215,0.254455208778381,1
"TCN",0.1,27,"test",216,0.439594745635986,1
"TCN",0.1,27,"test",217,0.436774343252182,0
"TCN",0.1,27,"test",218,0.472580969333649,0
"TCN",0.1,27,"test",219,0.473432719707489,1
"TCN",0.1,27,"test",220,0.484699964523315,1
"TCN",0.1,27,"test",221,0.484064966440201,0
"TCN",0.1,27,"test",222,0.419562935829163,1
"TCN",0.1,27,"test",223,0.407279998064041,1
"TCN",0.1,27,"test",224,0.521369397640228,1
"TCN",0.1,27,"test",225,0.516968309879303,0
"TCN",0.1,27,"test",226,0.519964635372162,0
"TCN",0.1,27,"test",227,0.518720328807831,0
"TCN",0.1,27,"test",228,0.509173333644867,1
"TCN",0.1,27,"test",229,0.492454141378403,1
"TCN",0.1,27,"test",230,0.51750373840332,0
"TCN",0.1,27,"test",231,0.506498396396637,1
"TCN",0.1,27,"test",232,0.475659608840942,1
"TCN",0.1,27,"test",233,0.503454566001892,1
"TCN",0.1,27,"test",234,0.506941676139832,1
"TCN",0.1,27,"test",235,0.509241580963135,1
"TCN",0.1,27,"test",236,0.508711159229279,1
"TCN",0.1,27,"test",237,0.519357860088348,0
"TCN",0.1,27,"test",238,0.574764788150787,0
"TCN",0.1,27,"test",239,0.538811266422272,0
"TCN",0.1,27,"test",240,0.254455208778381,0
"TCN",0.1,27,"test",241,0.198680683970451,0
"TCN",0.1,27,"test",242,0.436774343252182,0
"TCN",0.1,27,"test",243,0.468544512987137,0
"TCN",0.1,27,"test",244,0.473432719707489,1
"TCN",0.1,27,"test",245,0.455765455961227,1
"TCN",0.1,27,"test",246,0.484064966440201,1
"TCN",0.1,27,"test",247,0.481434404850006,1
"TCN",0.1,27,"test",248,0.407279998064041,1
"TCN",0.1,27,"test",249,0.361217558383942,1
"TCN",0.1,27,"test",250,0.516968309879303,1
"TCN",0.1,27,"test",251,0.500164151191711,1
"TCN",0.1,27,"test",252,0.518720328807831,0
"TCN",0.1,27,"test",253,0.527856528759003,0
"TCN",0.1,27,"test",254,0.492454141378403,0
"TCN",0.1,27,"test",255,0.492065787315369,1
"TCN",0.1,27,"test",256,0.506498396396637,1
"TCN",0.1,27,"test",257,0.518319666385651,1
"TCN",0.1,27,"test",258,0.503454566001892,1
"TCN",0.1,27,"test",259,0.47763055562973,1
"TCN",0.1,27,"test",260,0.509241580963135,1
"TCN",0.1,27,"test",261,0.497294545173645,1
"TCN",0.1,27,"test",262,0.519357860088348,0
"TCN",0.1,27,"test",263,0.48874706029892,0
"TCN",0.1,27,"test",264,0.538811266422272,1
"TCN",0.1,27,"test",265,0.556001901626587,1
"TCN",0.1,27,"test",266,0.198680683970451,1
"TCN",0.1,27,"test",267,0.403049200773239,1
"TCN",0.1,27,"test",268,0.468544512987137,1
"TCN",0.1,27,"test",269,0.487443745136261,1
"TCN",0.1,27,"test",270,0.455765455961227,1
"TCN",0.1,27,"test",271,0.463909775018692,1
"TCN",0.1,27,"test",272,0.481434404850006,1
"TCN",0.1,27,"test",273,0.483170300722122,1
"TCN",0.1,27,"test",274,0.361217558383942,1
"TCN",0.1,27,"test",275,0.40674689412117,1
"TCN",0.1,27,"test",276,0.500164151191711,1
"TCN",0.1,27,"test",277,0.505294799804688,1
"TCN",0.1,27,"test",278,0.527856528759003,0
"TCN",0.1,27,"test",279,0.525690138339996,0
"TCN",0.1,27,"test",280,0.492065787315369,0
"TCN",0.1,27,"test",281,0.508564472198486,0
"TCN",0.1,27,"test",282,0.518319666385651,0
"TCN",0.1,27,"test",283,0.514346897602081,0
"TCN",0.1,27,"test",284,0.47763055562973,0
"TCN",0.1,27,"test",285,0.507596850395203,0
"TCN",0.1,27,"test",286,0.497294545173645,0
"TCN",0.1,27,"test",287,0.539243578910828,0
"TCN",0.1,27,"test",288,0.48874706029892,0
"TCN",0.1,27,"test",289,0.513590037822723,0
"TCN",0.1,27,"test",290,0.556001901626587,0
"TCN",0.1,27,"test",291,0.508486986160278,0
"TCN",0.1,27,"test",292,0.403049200773239,1
"TCN",0.1,27,"test",293,0.471332997083664,1
"TCN",0.1,27,"test",294,0.487443745136261,1
"TCN",0.1,27,"test",295,0.501212477684021,0
"TCN",0.1,27,"test",296,0.463909775018692,0
"TCN",0.1,27,"test",297,0.462573081254959,1
"TCN",0.1,27,"test",298,0.483170300722122,0
"TCN",0.1,27,"test",299,0.485846698284149,0
"TCN",0.1,27,"test",300,0.40674689412117,1
"TCN",0.1,27,"test",301,0.340343832969666,1
"TCN",0.1,27,"test",302,0.505294799804688,1
"TCN",0.1,27,"test",303,0.47965145111084,0
"TCN",0.1,27,"test",304,0.525690138339996,1
"TCN",0.1,27,"test",305,0.529349625110626,0
"TCN",0.1,98,"test",1,0.493196785449982,0
"TCN",0.1,98,"test",2,0.53103095293045,0
"TCN",0.1,98,"test",3,0.535319566726685,1
"TCN",0.1,98,"test",4,0.53411990404129,1
"TCN",0.1,98,"test",5,0.528834879398346,1
"TCN",0.1,98,"test",6,0.56015819311142,1
"TCN",0.1,98,"test",7,0.573490500450134,1
"TCN",0.1,98,"test",8,0.516376316547394,1
"TCN",0.1,98,"test",9,0.510269403457642,1
"TCN",0.1,98,"test",10,0.483160793781281,1
"TCN",0.1,98,"test",11,0.487714141607285,1
"TCN",0.1,98,"test",12,0.490851521492004,1
"TCN",0.1,98,"test",13,0.471195966005325,1
"TCN",0.1,98,"test",14,0.445199936628342,1
"TCN",0.1,98,"test",15,0.445794284343719,1
"TCN",0.1,98,"test",16,0.550861060619354,1
"TCN",0.1,98,"test",17,0.555634021759033,0
"TCN",0.1,98,"test",18,0.515979766845703,0
"TCN",0.1,98,"test",19,0.515727162361145,0
"TCN",0.1,98,"test",20,0.537537217140198,1
"TCN",0.1,98,"test",21,0.536213517189026,1
"TCN",0.1,98,"test",22,0.527771532535553,1
"TCN",0.1,98,"test",23,0.525466322898865,0
"TCN",0.1,98,"test",24,0.486043065786362,0
"TCN",0.1,98,"test",25,0.486502796411514,0
"TCN",0.1,98,"test",26,0.493196785449982,1
"TCN",0.1,98,"test",27,0.519250512123108,1
"TCN",0.1,98,"test",28,0.535319566726685,1
"TCN",0.1,98,"test",29,0.53056001663208,0
"TCN",0.1,98,"test",30,0.528834879398346,0
"TCN",0.1,98,"test",31,0.543834626674652,0
"TCN",0.1,98,"test",32,0.573490500450134,0
"TCN",0.1,98,"test",33,0.617632031440735,0
"TCN",0.1,98,"test",34,0.510269403457642,1
"TCN",0.1,98,"test",35,0.49539178609848,1
"TCN",0.1,98,"test",36,0.487714141607285,1
"TCN",0.1,98,"test",37,0.487598598003387,1
"TCN",0.1,98,"test",38,0.471195966005325,1
"TCN",0.1,98,"test",39,0.470300436019897,1
"TCN",0.1,98,"test",40,0.445794284343719,1
"TCN",0.1,98,"test",41,0.446316778659821,1
"TCN",0.1,98,"test",42,0.555634021759033,0
"TCN",0.1,98,"test",43,0.520743548870087,0
"TCN",0.1,98,"test",44,0.515727162361145,1
"TCN",0.1,98,"test",45,0.517333924770355,1
"TCN",0.1,98,"test",46,0.536213517189026,1
"TCN",0.1,98,"test",47,0.526726126670837,0
"TCN",0.1,98,"test",48,0.525466322898865,0
"TCN",0.1,98,"test",49,0.516534209251404,0
"TCN",0.1,98,"test",50,0.486502796411514,0
"TCN",0.1,98,"test",51,0.486661851406097,1
"TCN",0.1,98,"test",52,0.519250512123108,1
"TCN",0.1,98,"test",53,0.527545750141144,1
"TCN",0.1,98,"test",54,0.53056001663208,1
"TCN",0.1,98,"test",55,0.519162058830261,0
"TCN",0.1,98,"test",56,0.543834626674652,0
"TCN",0.1,98,"test",57,0.612996578216553,0
"TCN",0.1,98,"test",58,0.617632031440735,0
"TCN",0.1,98,"test",59,0.65265154838562,1
"TCN",0.1,98,"test",60,0.49539178609848,1
"TCN",0.1,98,"test",61,0.520217657089233,1
"TCN",0.1,98,"test",62,0.487598598003387,0
"TCN",0.1,98,"test",63,0.486161530017853,1
"TCN",0.1,98,"test",64,0.470300436019897,1
"TCN",0.1,98,"test",65,0.477920055389404,1
"TCN",0.1,98,"test",66,0.446316778659821,1
"TCN",0.1,98,"test",67,0.442181199789047,1
"TCN",0.1,98,"test",68,0.520743548870087,0
"TCN",0.1,98,"test",69,0.517578661441803,0
"TCN",0.1,98,"test",70,0.517333924770355,0
"TCN",0.1,98,"test",71,0.567751824855804,1
"TCN",0.1,98,"test",72,0.526726126670837,1
"TCN",0.1,98,"test",73,0.521965980529785,0
"TCN",0.1,98,"test",74,0.516534209251404,0
"TCN",0.1,98,"test",75,0.525287806987762,0
"TCN",0.1,98,"test",76,0.486661851406097,0
"TCN",0.1,98,"test",77,0.487101137638092,0
"TCN",0.1,98,"test",78,0.527545750141144,1
"TCN",0.1,98,"test",79,0.565485417842865,0
"TCN",0.1,98,"test",80,0.519162058830261,0
"TCN",0.1,98,"test",81,0.520301938056946,1
"TCN",0.1,98,"test",82,0.612996578216553,1
"TCN",0.1,98,"test",83,0.552772462368011,1
"TCN",0.1,98,"test",84,0.65265154838562,1
"TCN",0.1,98,"test",85,0.620692074298859,0
"TCN",0.1,98,"test",86,0.520217657089233,0
"TCN",0.1,98,"test",87,0.505765914916992,0
"TCN",0.1,98,"test",88,0.486161530017853,0
"TCN",0.1,98,"test",89,0.465204834938049,0
"TCN",0.1,98,"test",90,0.477920055389404,0
"TCN",0.1,98,"test",91,0.485046535730362,1
"TCN",0.1,98,"test",92,0.442181199789047,0
"TCN",0.1,98,"test",93,0.442175000905991,0
"TCN",0.1,98,"test",94,0.517578661441803,0
"TCN",0.1,98,"test",95,0.528655469417572,0
"TCN",0.1,98,"test",96,0.567751824855804,0
"TCN",0.1,98,"test",97,0.543181300163269,1
"TCN",0.1,98,"test",98,0.521965980529785,1
"TCN",0.1,98,"test",99,0.527105748653412,1
"TCN",0.1,98,"test",100,0.525287806987762,1
"TCN",0.1,98,"test",101,0.520181596279144,1
"TCN",0.1,98,"test",102,0.487101137638092,0
"TCN",0.1,98,"test",103,0.486842930316925,0
"TCN",0.1,98,"test",104,0.565485417842865,0
"TCN",0.1,98,"test",105,0.600821971893311,0
"TCN",0.1,98,"test",106,0.520301938056946,0
"TCN",0.1,98,"test",107,0.515458524227142,0
"TCN",0.1,98,"test",108,0.552772462368011,0
"TCN",0.1,98,"test",109,0.565114259719849,0
"TCN",0.1,98,"test",110,0.620692074298859,1
"TCN",0.1,98,"test",111,0.800943970680237,1
"TCN",0.1,98,"test",112,0.505765914916992,1
"TCN",0.1,98,"test",113,0.515311896800995,0
"TCN",0.1,98,"test",114,0.465204834938049,1
"TCN",0.1,98,"test",115,0.478506535291672,1
"TCN",0.1,98,"test",116,0.485046535730362,1
"TCN",0.1,98,"test",117,0.490359395742416,1
"TCN",0.1,98,"test",118,0.442175000905991,1
"TCN",0.1,98,"test",119,0.448104351758957,0
"TCN",0.1,98,"test",120,0.528655469417572,0
"TCN",0.1,98,"test",121,0.577106297016144,0
"TCN",0.1,98,"test",122,0.543181300163269,1
"TCN",0.1,98,"test",123,0.545252621173859,1
"TCN",0.1,98,"test",124,0.527105748653412,1
"TCN",0.1,98,"test",125,0.518092215061188,0
"TCN",0.1,98,"test",126,0.520181596279144,0
"TCN",0.1,98,"test",127,0.517824590206146,0
"TCN",0.1,98,"test",128,0.486842930316925,1
"TCN",0.1,98,"test",129,0.489394456148148,1
"TCN",0.1,98,"test",130,0.600821971893311,1
"TCN",0.1,98,"test",131,0.611627280712128,1
"TCN",0.1,98,"test",132,0.515458524227142,0
"TCN",0.1,98,"test",133,0.549230575561523,0
"TCN",0.1,98,"test",134,0.565114259719849,0
"TCN",0.1,98,"test",135,0.545930802822113,0
"TCN",0.1,98,"test",136,0.800943970680237,0
"TCN",0.1,98,"test",137,0.621620714664459,1
"TCN",0.1,98,"test",138,0.515311896800995,1
"TCN",0.1,98,"test",139,0.523490250110626,1
"TCN",0.1,98,"test",140,0.478506535291672,1
"TCN",0.1,98,"test",141,0.473994106054306,1
"TCN",0.1,98,"test",142,0.490359395742416,1
"TCN",0.1,98,"test",143,0.526406109333038,1
"TCN",0.1,98,"test",144,0.448104351758957,1
"TCN",0.1,98,"test",145,0.446687281131744,1
"TCN",0.1,98,"test",146,0.577106297016144,1
"TCN",0.1,98,"test",147,0.590209186077118,1
"TCN",0.1,98,"test",148,0.545252621173859,1
"TCN",0.1,98,"test",149,0.503698408603668,1
"TCN",0.1,98,"test",150,0.518092215061188,1
"TCN",0.1,98,"test",151,0.525828123092651,1
"TCN",0.1,98,"test",152,0.517824590206146,0
"TCN",0.1,98,"test",153,0.531438529491425,0
"TCN",0.1,98,"test",154,0.489394456148148,1
"TCN",0.1,98,"test",155,0.491716831922531,1
"TCN",0.1,98,"test",156,0.611627280712128,1
"TCN",0.1,98,"test",157,0.581857323646545,0
"TCN",0.1,98,"test",158,0.549230575561523,0
"TCN",0.1,98,"test",159,0.526876747608185,0
"TCN",0.1,98,"test",160,0.545930802822113,0
"TCN",0.1,98,"test",161,0.542306423187256,0
"TCN",0.1,98,"test",162,0.621620714664459,0
"TCN",0.1,98,"test",163,0.55068027973175,0
"TCN",0.1,98,"test",164,0.523490250110626,0
"TCN",0.1,98,"test",165,0.507477223873138,1
"TCN",0.1,98,"test",166,0.473994106054306,1
"TCN",0.1,98,"test",167,0.483250945806503,0
"TCN",0.1,98,"test",168,0.526406109333038,1
"TCN",0.1,98,"test",169,0.518625497817993,1
"TCN",0.1,98,"test",170,0.446687281131744,1
"TCN",0.1,98,"test",171,0.447695881128311,0
"TCN",0.1,98,"test",172,0.590209186077118,0
"TCN",0.1,98,"test",173,0.590572357177734,1
"TCN",0.1,98,"test",174,0.503698408603668,1
"TCN",0.1,98,"test",175,0.526029169559479,1
"TCN",0.1,98,"test",176,0.525828123092651,1
"TCN",0.1,98,"test",177,0.529972612857819,0
"TCN",0.1,98,"test",178,0.531438529491425,0
"TCN",0.1,98,"test",179,0.51509416103363,0
"TCN",0.1,98,"test",180,0.491716831922531,0
"TCN",0.1,98,"test",181,0.476835429668427,0
"TCN",0.1,98,"test",182,0.581857323646545,0
"TCN",0.1,98,"test",183,0.575837314128876,0
"TCN",0.1,98,"test",184,0.526876747608185,0
"TCN",0.1,98,"test",185,0.511922180652618,0
"TCN",0.1,98,"test",186,0.542306423187256,1
"TCN",0.1,98,"test",187,0.538923382759094,0
"TCN",0.1,98,"test",188,0.55068027973175,0
"TCN",0.1,98,"test",189,0.545408666133881,0
"TCN",0.1,98,"test",190,0.507477223873138,0
"TCN",0.1,98,"test",191,0.518404245376587,0
"TCN",0.1,98,"test",192,0.483250945806503,0
"TCN",0.1,98,"test",193,0.474599182605743,0
"TCN",0.1,98,"test",194,0.518625497817993,0
"TCN",0.1,98,"test",195,0.50629198551178,0
"TCN",0.1,98,"test",196,0.447695881128311,0
"TCN",0.1,98,"test",197,0.449225574731827,1
"TCN",0.1,98,"test",198,0.590572357177734,1
"TCN",0.1,98,"test",199,0.578414440155029,1
"TCN",0.1,98,"test",200,0.526029169559479,0
"TCN",0.1,98,"test",201,0.526277303695679,0
"TCN",0.1,98,"test",202,0.529972612857819,1
"TCN",0.1,98,"test",203,0.530419290065765,0
"TCN",0.1,98,"test",204,0.51509416103363,0
"TCN",0.1,98,"test",205,0.516836881637573,0
"TCN",0.1,98,"test",206,0.476835429668427,1
"TCN",0.1,98,"test",207,0.477517604827881,0
"TCN",0.1,98,"test",208,0.575837314128876,0
"TCN",0.1,98,"test",209,0.53911679983139,0
"TCN",0.1,98,"test",210,0.511922180652618,0
"TCN",0.1,98,"test",211,0.512444674968719,0
"TCN",0.1,98,"test",212,0.538923382759094,1
"TCN",0.1,98,"test",213,0.580807983875275,0
"TCN",0.1,98,"test",214,0.545408666133881,1
"TCN",0.1,98,"test",215,0.735828816890717,1
"TCN",0.1,98,"test",216,0.518404245376587,1
"TCN",0.1,98,"test",217,0.499445676803589,0
"TCN",0.1,98,"test",218,0.474599182605743,0
"TCN",0.1,98,"test",219,0.473659247159958,1
"TCN",0.1,98,"test",220,0.50629198551178,1
"TCN",0.1,98,"test",221,0.52055412530899,0
"TCN",0.1,98,"test",222,0.449225574731827,1
"TCN",0.1,98,"test",223,0.44689479470253,1
"TCN",0.1,98,"test",224,0.578414440155029,1
"TCN",0.1,98,"test",225,0.552340805530548,0
"TCN",0.1,98,"test",226,0.526277303695679,0
"TCN",0.1,98,"test",227,0.551146447658539,0
"TCN",0.1,98,"test",228,0.530419290065765,1
"TCN",0.1,98,"test",229,0.53088504076004,1
"TCN",0.1,98,"test",230,0.516836881637573,0
"TCN",0.1,98,"test",231,0.508108735084534,1
"TCN",0.1,98,"test",232,0.477517604827881,1
"TCN",0.1,98,"test",233,0.48705467581749,1
"TCN",0.1,98,"test",234,0.53911679983139,1
"TCN",0.1,98,"test",235,0.543460249900818,1
"TCN",0.1,98,"test",236,0.512444674968719,1
"TCN",0.1,98,"test",237,0.516735255718231,0
"TCN",0.1,98,"test",238,0.580807983875275,0
"TCN",0.1,98,"test",239,0.545918643474579,0
"TCN",0.1,98,"test",240,0.735828816890717,0
"TCN",0.1,98,"test",241,0.810580968856812,0
"TCN",0.1,98,"test",242,0.499445676803589,0
"TCN",0.1,98,"test",243,0.495324730873108,0
"TCN",0.1,98,"test",244,0.473659247159958,1
"TCN",0.1,98,"test",245,0.465032488107681,1
"TCN",0.1,98,"test",246,0.52055412530899,1
"TCN",0.1,98,"test",247,0.523285984992981,1
"TCN",0.1,98,"test",248,0.44689479470253,1
"TCN",0.1,98,"test",249,0.435615867376328,1
"TCN",0.1,98,"test",250,0.552340805530548,1
"TCN",0.1,98,"test",251,0.566284537315369,1
"TCN",0.1,98,"test",252,0.551146447658539,0
"TCN",0.1,98,"test",253,0.522142350673676,0
"TCN",0.1,98,"test",254,0.53088504076004,0
"TCN",0.1,98,"test",255,0.521641552448273,1
"TCN",0.1,98,"test",256,0.508108735084534,1
"TCN",0.1,98,"test",257,0.521891236305237,1
"TCN",0.1,98,"test",258,0.48705467581749,1
"TCN",0.1,98,"test",259,0.486031860113144,1
"TCN",0.1,98,"test",260,0.543460249900818,1
"TCN",0.1,98,"test",261,0.52178692817688,1
"TCN",0.1,98,"test",262,0.516735255718231,0
"TCN",0.1,98,"test",263,0.500037133693695,0
"TCN",0.1,98,"test",264,0.545918643474579,1
"TCN",0.1,98,"test",265,0.55702143907547,1
"TCN",0.1,98,"test",266,0.810580968856812,1
"TCN",0.1,98,"test",267,0.572536826133728,1
"TCN",0.1,98,"test",268,0.495324730873108,1
"TCN",0.1,98,"test",269,0.505890548229218,1
"TCN",0.1,98,"test",270,0.465032488107681,1
"TCN",0.1,98,"test",271,0.473557621240616,1
"TCN",0.1,98,"test",272,0.523285984992981,1
"TCN",0.1,98,"test",273,0.501412272453308,1
"TCN",0.1,98,"test",274,0.435615867376328,1
"TCN",0.1,98,"test",275,0.447142720222473,1
"TCN",0.1,98,"test",276,0.566284537315369,1
"TCN",0.1,98,"test",277,0.629152894020081,1
"TCN",0.1,98,"test",278,0.522142350673676,0
"TCN",0.1,98,"test",279,0.477860182523727,0
"TCN",0.1,98,"test",280,0.521641552448273,0
"TCN",0.1,98,"test",281,0.523079454898834,0
"TCN",0.1,98,"test",282,0.521891236305237,0
"TCN",0.1,98,"test",283,0.513927578926086,0
"TCN",0.1,98,"test",284,0.486031860113144,0
"TCN",0.1,98,"test",285,0.489284545183182,0
"TCN",0.1,98,"test",286,0.52178692817688,0
"TCN",0.1,98,"test",287,0.599219501018524,0
"TCN",0.1,98,"test",288,0.500037133693695,0
"TCN",0.1,98,"test",289,0.515418231487274,0
"TCN",0.1,98,"test",290,0.55702143907547,0
"TCN",0.1,98,"test",291,0.525443375110626,0
"TCN",0.1,98,"test",292,0.572536826133728,1
"TCN",0.1,98,"test",293,0.514560878276825,1
"TCN",0.1,98,"test",294,0.505890548229218,1
"TCN",0.1,98,"test",295,0.497391402721405,0
"TCN",0.1,98,"test",296,0.473557621240616,0
"TCN",0.1,98,"test",297,0.479431003332138,1
"TCN",0.1,98,"test",298,0.501412272453308,0
"TCN",0.1,98,"test",299,0.514915704727173,0
"TCN",0.1,98,"test",300,0.447142720222473,1
"TCN",0.1,98,"test",301,0.433689892292023,1
"TCN",0.1,98,"test",302,0.629152894020081,1
"TCN",0.1,98,"test",303,0.591298639774323,0
"TCN",0.1,98,"test",304,0.477860182523727,1
"TCN",0.1,98,"test",305,0.492884606122971,0
"TCN",0.1,41,"test",1,0.482893913984299,0
"TCN",0.1,41,"test",2,0.528473734855652,0
"TCN",0.1,41,"test",3,0.5336874127388,1
"TCN",0.1,41,"test",4,0.504590034484863,1
"TCN",0.1,41,"test",5,0.522222578525543,1
"TCN",0.1,41,"test",6,0.431851387023926,1
"TCN",0.1,41,"test",7,0.420767575502396,1
"TCN",0.1,41,"test",8,0.50927209854126,1
"TCN",0.1,41,"test",9,0.500207901000977,1
"TCN",0.1,41,"test",10,0.469195008277893,1
"TCN",0.1,41,"test",11,0.486555606126785,1
"TCN",0.1,41,"test",12,0.481920570135117,1
"TCN",0.1,41,"test",13,0.467023372650146,1
"TCN",0.1,41,"test",14,0.418746501207352,1
"TCN",0.1,41,"test",15,0.425733476877213,1
"TCN",0.1,41,"test",16,0.471055388450623,1
"TCN",0.1,41,"test",17,0.47741174697876,0
"TCN",0.1,41,"test",18,0.500937461853027,0
"TCN",0.1,41,"test",19,0.49949061870575,0
"TCN",0.1,41,"test",20,0.531396806240082,1
"TCN",0.1,41,"test",21,0.535401403903961,1
"TCN",0.1,41,"test",22,0.512897610664368,1
"TCN",0.1,41,"test",23,0.509324431419373,0
"TCN",0.1,41,"test",24,0.503009855747223,0
"TCN",0.1,41,"test",25,0.526075959205627,0
"TCN",0.1,41,"test",26,0.482893913984299,1
"TCN",0.1,41,"test",27,0.486422181129456,1
"TCN",0.1,41,"test",28,0.5336874127388,1
"TCN",0.1,41,"test",29,0.525832116603851,0
"TCN",0.1,41,"test",30,0.522222578525543,0
"TCN",0.1,41,"test",31,0.531119108200073,0
"TCN",0.1,41,"test",32,0.420767575502396,0
"TCN",0.1,41,"test",33,0.403182357549667,0
"TCN",0.1,41,"test",34,0.500207901000977,1
"TCN",0.1,41,"test",35,0.5080286860466,1
"TCN",0.1,41,"test",36,0.486555606126785,1
"TCN",0.1,41,"test",37,0.491595298051834,1
"TCN",0.1,41,"test",38,0.467023372650146,1
"TCN",0.1,41,"test",39,0.46965703368187,1
"TCN",0.1,41,"test",40,0.425733476877213,1
"TCN",0.1,41,"test",41,0.423073619604111,1
"TCN",0.1,41,"test",42,0.47741174697876,0
"TCN",0.1,41,"test",43,0.493039309978485,0
"TCN",0.1,41,"test",44,0.49949061870575,1
"TCN",0.1,41,"test",45,0.500930309295654,1
"TCN",0.1,41,"test",46,0.535401403903961,1
"TCN",0.1,41,"test",47,0.520890116691589,0
"TCN",0.1,41,"test",48,0.509324431419373,0
"TCN",0.1,41,"test",49,0.512198030948639,0
"TCN",0.1,41,"test",50,0.526075959205627,0
"TCN",0.1,41,"test",51,0.50368869304657,1
"TCN",0.1,41,"test",52,0.486422181129456,1
"TCN",0.1,41,"test",53,0.501002609729767,1
"TCN",0.1,41,"test",54,0.525832116603851,1
"TCN",0.1,41,"test",55,0.504197239875793,0
"TCN",0.1,41,"test",56,0.531119108200073,0
"TCN",0.1,41,"test",57,0.538286447525024,0
"TCN",0.1,41,"test",58,0.403182357549667,0
"TCN",0.1,41,"test",59,0.384069502353668,1
"TCN",0.1,41,"test",60,0.5080286860466,1
"TCN",0.1,41,"test",61,0.488950461149216,1
"TCN",0.1,41,"test",62,0.491595298051834,0
"TCN",0.1,41,"test",63,0.477711617946625,1
"TCN",0.1,41,"test",64,0.46965703368187,1
"TCN",0.1,41,"test",65,0.474563926458359,1
"TCN",0.1,41,"test",66,0.423073619604111,1
"TCN",0.1,41,"test",67,0.407613337039948,1
"TCN",0.1,41,"test",68,0.493039309978485,0
"TCN",0.1,41,"test",69,0.490155220031738,0
"TCN",0.1,41,"test",70,0.500930309295654,0
"TCN",0.1,41,"test",71,0.508100390434265,1
"TCN",0.1,41,"test",72,0.520890116691589,1
"TCN",0.1,41,"test",73,0.515091121196747,0
"TCN",0.1,41,"test",74,0.512198030948639,0
"TCN",0.1,41,"test",75,0.51557183265686,0
"TCN",0.1,41,"test",76,0.50368869304657,0
"TCN",0.1,41,"test",77,0.513015925884247,0
"TCN",0.1,41,"test",78,0.501002609729767,1
"TCN",0.1,41,"test",79,0.515458166599274,0
"TCN",0.1,41,"test",80,0.504197239875793,0
"TCN",0.1,41,"test",81,0.505176901817322,1
"TCN",0.1,41,"test",82,0.538286447525024,1
"TCN",0.1,41,"test",83,0.535108745098114,1
"TCN",0.1,41,"test",84,0.384069502353668,1
"TCN",0.1,41,"test",85,0.401562750339508,0
"TCN",0.1,41,"test",86,0.488950461149216,0
"TCN",0.1,41,"test",87,0.49708080291748,0
"TCN",0.1,41,"test",88,0.477711617946625,0
"TCN",0.1,41,"test",89,0.453628689050674,0
"TCN",0.1,41,"test",90,0.474563926458359,0
"TCN",0.1,41,"test",91,0.475032359361649,1
"TCN",0.1,41,"test",92,0.407613337039948,0
"TCN",0.1,41,"test",93,0.405278831720352,0
"TCN",0.1,41,"test",94,0.490155220031738,0
"TCN",0.1,41,"test",95,0.487983018159866,0
"TCN",0.1,41,"test",96,0.508100390434265,0
"TCN",0.1,41,"test",97,0.508649826049805,1
"TCN",0.1,41,"test",98,0.515091121196747,1
"TCN",0.1,41,"test",99,0.521154701709747,1
"TCN",0.1,41,"test",100,0.51557183265686,1
"TCN",0.1,41,"test",101,0.515454411506653,1
"TCN",0.1,41,"test",102,0.513015925884247,0
"TCN",0.1,41,"test",103,0.506165266036987,0
"TCN",0.1,41,"test",104,0.515458166599274,0
"TCN",0.1,41,"test",105,0.521926760673523,0
"TCN",0.1,41,"test",106,0.505176901817322,0
"TCN",0.1,41,"test",107,0.50191068649292,0
"TCN",0.1,41,"test",108,0.535108745098114,0
"TCN",0.1,41,"test",109,0.538612961769104,0
"TCN",0.1,41,"test",110,0.401562750339508,1
"TCN",0.1,41,"test",111,0.299260407686234,1
"TCN",0.1,41,"test",112,0.49708080291748,1
"TCN",0.1,41,"test",113,0.503157734870911,0
"TCN",0.1,41,"test",114,0.453628689050674,1
"TCN",0.1,41,"test",115,0.476562708616257,1
"TCN",0.1,41,"test",116,0.475032359361649,1
"TCN",0.1,41,"test",117,0.480473935604095,1
"TCN",0.1,41,"test",118,0.405278831720352,1
"TCN",0.1,41,"test",119,0.422885328531265,0
"TCN",0.1,41,"test",120,0.487983018159866,0
"TCN",0.1,41,"test",121,0.465997040271759,0
"TCN",0.1,41,"test",122,0.508649826049805,1
"TCN",0.1,41,"test",123,0.509510338306427,1
"TCN",0.1,41,"test",124,0.521154701709747,1
"TCN",0.1,41,"test",125,0.514135301113129,0
"TCN",0.1,41,"test",126,0.515454411506653,0
"TCN",0.1,41,"test",127,0.512605845928192,0
"TCN",0.1,41,"test",128,0.506165266036987,1
"TCN",0.1,41,"test",129,0.50036096572876,1
"TCN",0.1,41,"test",130,0.521926760673523,1
"TCN",0.1,41,"test",131,0.533019244670868,1
"TCN",0.1,41,"test",132,0.50191068649292,0
"TCN",0.1,41,"test",133,0.513383805751801,0
"TCN",0.1,41,"test",134,0.538612961769104,0
"TCN",0.1,41,"test",135,0.532673001289368,0
"TCN",0.1,41,"test",136,0.299260407686234,0
"TCN",0.1,41,"test",137,0.397760659456253,1
"TCN",0.1,41,"test",138,0.503157734870911,1
"TCN",0.1,41,"test",139,0.504832983016968,1
"TCN",0.1,41,"test",140,0.476562708616257,1
"TCN",0.1,41,"test",141,0.474614411592484,1
"TCN",0.1,41,"test",142,0.480473935604095,1
"TCN",0.1,41,"test",143,0.492662876844406,1
"TCN",0.1,41,"test",144,0.422885328531265,1
"TCN",0.1,41,"test",145,0.415942758321762,1
"TCN",0.1,41,"test",146,0.465997040271759,1
"TCN",0.1,41,"test",147,0.464479476213455,1
"TCN",0.1,41,"test",148,0.509510338306427,1
"TCN",0.1,41,"test",149,0.496004462242126,1
"TCN",0.1,41,"test",150,0.514135301113129,1
"TCN",0.1,41,"test",151,0.517838537693024,1
"TCN",0.1,41,"test",152,0.512605845928192,0
"TCN",0.1,41,"test",153,0.512230753898621,0
"TCN",0.1,41,"test",154,0.50036096572876,1
"TCN",0.1,41,"test",155,0.486155360937119,1
"TCN",0.1,41,"test",156,0.533019244670868,1
"TCN",0.1,41,"test",157,0.520059823989868,0
"TCN",0.1,41,"test",158,0.513383805751801,0
"TCN",0.1,41,"test",159,0.513265013694763,0
"TCN",0.1,41,"test",160,0.532673001289368,0
"TCN",0.1,41,"test",161,0.529549598693848,0
"TCN",0.1,41,"test",162,0.397760659456253,0
"TCN",0.1,41,"test",163,0.440171390771866,0
"TCN",0.1,41,"test",164,0.504832983016968,0
"TCN",0.1,41,"test",165,0.50589519739151,1
"TCN",0.1,41,"test",166,0.474614411592484,1
"TCN",0.1,41,"test",167,0.473849534988403,0
"TCN",0.1,41,"test",168,0.492662876844406,1
"TCN",0.1,41,"test",169,0.490798950195312,1
"TCN",0.1,41,"test",170,0.415942758321762,1
"TCN",0.1,41,"test",171,0.421781033277512,0
"TCN",0.1,41,"test",172,0.464479476213455,0
"TCN",0.1,41,"test",173,0.45807409286499,1
"TCN",0.1,41,"test",174,0.496004462242126,1
"TCN",0.1,41,"test",175,0.504758358001709,1
"TCN",0.1,41,"test",176,0.517838537693024,1
"TCN",0.1,41,"test",177,0.519353032112122,0
"TCN",0.1,41,"test",178,0.512230753898621,0
"TCN",0.1,41,"test",179,0.514237761497498,0
"TCN",0.1,41,"test",180,0.486155360937119,0
"TCN",0.1,41,"test",181,0.529340803623199,0
"TCN",0.1,41,"test",182,0.520059823989868,0
"TCN",0.1,41,"test",183,0.514991998672485,0
"TCN",0.1,41,"test",184,0.513265013694763,0
"TCN",0.1,41,"test",185,0.496565788984299,0
"TCN",0.1,41,"test",186,0.529549598693848,1
"TCN",0.1,41,"test",187,0.520057439804077,0
"TCN",0.1,41,"test",188,0.440171390771866,0
"TCN",0.1,41,"test",189,0.445910096168518,0
"TCN",0.1,41,"test",190,0.50589519739151,0
"TCN",0.1,41,"test",191,0.46914529800415,0
"TCN",0.1,41,"test",192,0.473849534988403,0
"TCN",0.1,41,"test",193,0.463849782943726,0
"TCN",0.1,41,"test",194,0.490798950195312,0
"TCN",0.1,41,"test",195,0.487539857625961,0
"TCN",0.1,41,"test",196,0.421781033277512,0
"TCN",0.1,41,"test",197,0.433572858572006,1
"TCN",0.1,41,"test",198,0.45807409286499,1
"TCN",0.1,41,"test",199,0.464861899614334,1
"TCN",0.1,41,"test",200,0.504758358001709,0
"TCN",0.1,41,"test",201,0.505451381206512,0
"TCN",0.1,41,"test",202,0.519353032112122,1
"TCN",0.1,41,"test",203,0.529356181621552,0
"TCN",0.1,41,"test",204,0.514237761497498,0
"TCN",0.1,41,"test",205,0.514058887958527,0
"TCN",0.1,41,"test",206,0.529340803623199,1
"TCN",0.1,41,"test",207,0.512198388576508,0
"TCN",0.1,41,"test",208,0.514991998672485,0
"TCN",0.1,41,"test",209,0.507891178131104,0
"TCN",0.1,41,"test",210,0.496565788984299,0
"TCN",0.1,41,"test",211,0.497077316045761,0
"TCN",0.1,41,"test",212,0.520057439804077,1
"TCN",0.1,41,"test",213,0.536923408508301,0
"TCN",0.1,41,"test",214,0.445910096168518,1
"TCN",0.1,41,"test",215,0.348434805870056,1
"TCN",0.1,41,"test",216,0.46914529800415,1
"TCN",0.1,41,"test",217,0.457721710205078,0
"TCN",0.1,41,"test",218,0.463849782943726,0
"TCN",0.1,41,"test",219,0.461010068655014,1
"TCN",0.1,41,"test",220,0.487539857625961,1
"TCN",0.1,41,"test",221,0.491209745407104,0
"TCN",0.1,41,"test",222,0.433572858572006,1
"TCN",0.1,41,"test",223,0.415807545185089,1
"TCN",0.1,41,"test",224,0.464861899614334,1
"TCN",0.1,41,"test",225,0.477029651403427,0
"TCN",0.1,41,"test",226,0.505451381206512,0
"TCN",0.1,41,"test",227,0.50448215007782,0
"TCN",0.1,41,"test",228,0.529356181621552,1
"TCN",0.1,41,"test",229,0.520548105239868,1
"TCN",0.1,41,"test",230,0.514058887958527,0
"TCN",0.1,41,"test",231,0.511691570281982,1
"TCN",0.1,41,"test",232,0.512198388576508,1
"TCN",0.1,41,"test",233,0.522919058799744,1
"TCN",0.1,41,"test",234,0.507891178131104,1
"TCN",0.1,41,"test",235,0.512654483318329,1
"TCN",0.1,41,"test",236,0.497077316045761,1
"TCN",0.1,41,"test",237,0.498112469911575,0
"TCN",0.1,41,"test",238,0.536923408508301,0
"TCN",0.1,41,"test",239,0.532566666603088,0
"TCN",0.1,41,"test",240,0.348434805870056,0
"TCN",0.1,41,"test",241,0.313934803009033,0
"TCN",0.1,41,"test",242,0.457721710205078,0
"TCN",0.1,41,"test",243,0.484844654798508,0
"TCN",0.1,41,"test",244,0.461010068655014,1
"TCN",0.1,41,"test",245,0.451076328754425,1
"TCN",0.1,41,"test",246,0.491209745407104,1
"TCN",0.1,41,"test",247,0.493648380041122,1
"TCN",0.1,41,"test",248,0.415807545185089,1
"TCN",0.1,41,"test",249,0.379077106714249,1
"TCN",0.1,41,"test",250,0.477029651403427,1
"TCN",0.1,41,"test",251,0.480116188526154,1
"TCN",0.1,41,"test",252,0.50448215007782,0
"TCN",0.1,41,"test",253,0.496927380561829,0
"TCN",0.1,41,"test",254,0.520548105239868,0
"TCN",0.1,41,"test",255,0.512929856777191,1
"TCN",0.1,41,"test",256,0.511691570281982,1
"TCN",0.1,41,"test",257,0.51386821269989,1
"TCN",0.1,41,"test",258,0.522919058799744,1
"TCN",0.1,41,"test",259,0.516339898109436,1
"TCN",0.1,41,"test",260,0.512654483318329,1
"TCN",0.1,41,"test",261,0.493012309074402,1
"TCN",0.1,41,"test",262,0.498112469911575,0
"TCN",0.1,41,"test",263,0.488516300916672,0
"TCN",0.1,41,"test",264,0.532566666603088,1
"TCN",0.1,41,"test",265,0.536692798137665,1
"TCN",0.1,41,"test",266,0.313934803009033,1
"TCN",0.1,41,"test",267,0.44167947769165,1
"TCN",0.1,41,"test",268,0.484844654798508,1
"TCN",0.1,41,"test",269,0.492929577827454,1
"TCN",0.1,41,"test",270,0.451076328754425,1
"TCN",0.1,41,"test",271,0.471719831228256,1
"TCN",0.1,41,"test",272,0.493648380041122,1
"TCN",0.1,41,"test",273,0.486328572034836,1
"TCN",0.1,41,"test",274,0.379077106714249,1
"TCN",0.1,41,"test",275,0.41603609919548,1
"TCN",0.1,41,"test",276,0.480116188526154,1
"TCN",0.1,41,"test",277,0.456795275211334,1
"TCN",0.1,41,"test",278,0.496927380561829,0
"TCN",0.1,41,"test",279,0.490569084882736,0
"TCN",0.1,41,"test",280,0.512929856777191,0
"TCN",0.1,41,"test",281,0.518490076065063,0
"TCN",0.1,41,"test",282,0.51386821269989,0
"TCN",0.1,41,"test",283,0.512058317661285,0
"TCN",0.1,41,"test",284,0.516339898109436,0
"TCN",0.1,41,"test",285,0.51110827922821,0
"TCN",0.1,41,"test",286,0.493012309074402,0
"TCN",0.1,41,"test",287,0.523614108562469,0
"TCN",0.1,41,"test",288,0.488516300916672,0
"TCN",0.1,41,"test",289,0.50020706653595,0
"TCN",0.1,41,"test",290,0.536692798137665,0
"TCN",0.1,41,"test",291,0.516186952590942,0
"TCN",0.1,41,"test",292,0.44167947769165,1
"TCN",0.1,41,"test",293,0.476736307144165,1
"TCN",0.1,41,"test",294,0.492929577827454,1
"TCN",0.1,41,"test",295,0.502275943756104,0
"TCN",0.1,41,"test",296,0.471719831228256,0
"TCN",0.1,41,"test",297,0.473065704107285,1
"TCN",0.1,41,"test",298,0.486328572034836,0
"TCN",0.1,41,"test",299,0.489725321531296,0
"TCN",0.1,41,"test",300,0.41603609919548,1
"TCN",0.1,41,"test",301,0.368004620075226,1
"TCN",0.1,41,"test",302,0.456795275211334,1
"TCN",0.1,41,"test",303,0.480726391077042,0
"TCN",0.1,41,"test",304,0.490569084882736,1
"TCN",0.1,41,"test",305,0.490065217018127,0
"TCN",0.1,64,"test",1,0.513452112674713,0
"TCN",0.1,64,"test",2,0.509129285812378,0
"TCN",0.1,64,"test",3,0.513117730617523,1
"TCN",0.1,64,"test",4,0.528916895389557,1
"TCN",0.1,64,"test",5,0.532317519187927,1
"TCN",0.1,64,"test",6,0.464185535907745,1
"TCN",0.1,64,"test",7,0.458642303943634,1
"TCN",0.1,64,"test",8,0.501420617103577,1
"TCN",0.1,64,"test",9,0.492515116930008,1
"TCN",0.1,64,"test",10,0.490101128816605,1
"TCN",0.1,64,"test",11,0.501604795455933,1
"TCN",0.1,64,"test",12,0.48800265789032,1
"TCN",0.1,64,"test",13,0.475467324256897,1
"TCN",0.1,64,"test",14,0.441110044717789,1
"TCN",0.1,64,"test",15,0.44870063662529,1
"TCN",0.1,64,"test",16,0.509322941303253,1
"TCN",0.1,64,"test",17,0.503056883811951,0
"TCN",0.1,64,"test",18,0.502145648002625,0
"TCN",0.1,64,"test",19,0.499459385871887,0
"TCN",0.1,64,"test",20,0.507782220840454,1
"TCN",0.1,64,"test",21,0.520054578781128,1
"TCN",0.1,64,"test",22,0.49762099981308,1
"TCN",0.1,64,"test",23,0.494150012731552,0
"TCN",0.1,64,"test",24,0.50488817691803,0
"TCN",0.1,64,"test",25,0.491663098335266,0
"TCN",0.1,64,"test",26,0.513452112674713,1
"TCN",0.1,64,"test",27,0.537902295589447,1
"TCN",0.1,64,"test",28,0.513117730617523,1
"TCN",0.1,64,"test",29,0.519819676876068,0
"TCN",0.1,64,"test",30,0.532317519187927,0
"TCN",0.1,64,"test",31,0.540727853775024,0
"TCN",0.1,64,"test",32,0.458642303943634,0
"TCN",0.1,64,"test",33,0.450994968414307,0
"TCN",0.1,64,"test",34,0.492515116930008,1
"TCN",0.1,64,"test",35,0.500924944877625,1
"TCN",0.1,64,"test",36,0.501604795455933,1
"TCN",0.1,64,"test",37,0.503234028816223,1
"TCN",0.1,64,"test",38,0.475467324256897,1
"TCN",0.1,64,"test",39,0.473674714565277,1
"TCN",0.1,64,"test",40,0.44870063662529,1
"TCN",0.1,64,"test",41,0.443384140729904,1
"TCN",0.1,64,"test",42,0.503056883811951,0
"TCN",0.1,64,"test",43,0.502973794937134,0
"TCN",0.1,64,"test",44,0.499459385871887,1
"TCN",0.1,64,"test",45,0.501731514930725,1
"TCN",0.1,64,"test",46,0.520054578781128,1
"TCN",0.1,64,"test",47,0.510690689086914,0
"TCN",0.1,64,"test",48,0.494150012731552,0
"TCN",0.1,64,"test",49,0.506800055503845,0
"TCN",0.1,64,"test",50,0.491663098335266,0
"TCN",0.1,64,"test",51,0.497612476348877,1
"TCN",0.1,64,"test",52,0.537902295589447,1
"TCN",0.1,64,"test",53,0.517257690429688,1
"TCN",0.1,64,"test",54,0.519819676876068,1
"TCN",0.1,64,"test",55,0.516203165054321,0
"TCN",0.1,64,"test",56,0.540727853775024,0
"TCN",0.1,64,"test",57,0.560783922672272,0
"TCN",0.1,64,"test",58,0.450994968414307,0
"TCN",0.1,64,"test",59,0.439111918210983,1
"TCN",0.1,64,"test",60,0.500924944877625,1
"TCN",0.1,64,"test",61,0.477787971496582,1
"TCN",0.1,64,"test",62,0.503234028816223,0
"TCN",0.1,64,"test",63,0.49437141418457,1
"TCN",0.1,64,"test",64,0.473674714565277,1
"TCN",0.1,64,"test",65,0.478834331035614,1
"TCN",0.1,64,"test",66,0.443384140729904,1
"TCN",0.1,64,"test",67,0.435446232557297,1
"TCN",0.1,64,"test",68,0.502973794937134,0
"TCN",0.1,64,"test",69,0.507706940174103,0
"TCN",0.1,64,"test",70,0.501731514930725,0
"TCN",0.1,64,"test",71,0.490477710962296,1
"TCN",0.1,64,"test",72,0.510690689086914,1
"TCN",0.1,64,"test",73,0.505551040172577,0
"TCN",0.1,64,"test",74,0.506800055503845,0
"TCN",0.1,64,"test",75,0.502783179283142,0
"TCN",0.1,64,"test",76,0.497612476348877,0
"TCN",0.1,64,"test",77,0.487005829811096,0
"TCN",0.1,64,"test",78,0.517257690429688,1
"TCN",0.1,64,"test",79,0.501269280910492,0
"TCN",0.1,64,"test",80,0.516203165054321,0
"TCN",0.1,64,"test",81,0.521697282791138,1
"TCN",0.1,64,"test",82,0.560783922672272,1
"TCN",0.1,64,"test",83,0.545472979545593,1
"TCN",0.1,64,"test",84,0.439111918210983,1
"TCN",0.1,64,"test",85,0.450068682432175,0
"TCN",0.1,64,"test",86,0.477787971496582,0
"TCN",0.1,64,"test",87,0.490294635295868,0
"TCN",0.1,64,"test",88,0.49437141418457,0
"TCN",0.1,64,"test",89,0.470358163118362,0
"TCN",0.1,64,"test",90,0.478834331035614,0
"TCN",0.1,64,"test",91,0.48130539059639,1
"TCN",0.1,64,"test",92,0.435446232557297,0
"TCN",0.1,64,"test",93,0.433477431535721,0
"TCN",0.1,64,"test",94,0.507706940174103,0
"TCN",0.1,64,"test",95,0.506252408027649,0
"TCN",0.1,64,"test",96,0.490477710962296,0
"TCN",0.1,64,"test",97,0.494699209928513,1
"TCN",0.1,64,"test",98,0.505551040172577,1
"TCN",0.1,64,"test",99,0.509003400802612,1
"TCN",0.1,64,"test",100,0.502783179283142,1
"TCN",0.1,64,"test",101,0.504452466964722,1
"TCN",0.1,64,"test",102,0.487005829811096,0
"TCN",0.1,64,"test",103,0.482113778591156,0
"TCN",0.1,64,"test",104,0.501269280910492,0
"TCN",0.1,64,"test",105,0.495934426784515,0
"TCN",0.1,64,"test",106,0.521697282791138,0
"TCN",0.1,64,"test",107,0.512518644332886,0
"TCN",0.1,64,"test",108,0.545472979545593,0
"TCN",0.1,64,"test",109,0.549528181552887,0
"TCN",0.1,64,"test",110,0.450068682432175,1
"TCN",0.1,64,"test",111,0.384178787469864,1
"TCN",0.1,64,"test",112,0.490294635295868,1
"TCN",0.1,64,"test",113,0.494269073009491,0
"TCN",0.1,64,"test",114,0.470358163118362,1
"TCN",0.1,64,"test",115,0.49236923456192,1
"TCN",0.1,64,"test",116,0.48130539059639,1
"TCN",0.1,64,"test",117,0.486092031002045,1
"TCN",0.1,64,"test",118,0.433477431535721,1
"TCN",0.1,64,"test",119,0.439484506845474,0
"TCN",0.1,64,"test",120,0.506252408027649,0
"TCN",0.1,64,"test",121,0.501283049583435,0
"TCN",0.1,64,"test",122,0.494699209928513,1
"TCN",0.1,64,"test",123,0.493601500988007,1
"TCN",0.1,64,"test",124,0.509003400802612,1
"TCN",0.1,64,"test",125,0.508761405944824,0
"TCN",0.1,64,"test",126,0.504452466964722,0
"TCN",0.1,64,"test",127,0.508397161960602,0
"TCN",0.1,64,"test",128,0.482113778591156,1
"TCN",0.1,64,"test",129,0.49222132563591,1
"TCN",0.1,64,"test",130,0.495934426784515,1
"TCN",0.1,64,"test",131,0.510635912418365,1
"TCN",0.1,64,"test",132,0.512518644332886,0
"TCN",0.1,64,"test",133,0.555336117744446,0
"TCN",0.1,64,"test",134,0.549528181552887,0
"TCN",0.1,64,"test",135,0.542897760868073,0
"TCN",0.1,64,"test",136,0.384178787469864,0
"TCN",0.1,64,"test",137,0.446704506874084,1
"TCN",0.1,64,"test",138,0.494269073009491,1
"TCN",0.1,64,"test",139,0.494471490383148,1
"TCN",0.1,64,"test",140,0.49236923456192,1
"TCN",0.1,64,"test",141,0.488442927598953,1
"TCN",0.1,64,"test",142,0.486092031002045,1
"TCN",0.1,64,"test",143,0.507674813270569,1
"TCN",0.1,64,"test",144,0.439484506845474,1
"TCN",0.1,64,"test",145,0.432795286178589,1
"TCN",0.1,64,"test",146,0.501283049583435,1
"TCN",0.1,64,"test",147,0.497819125652313,1
"TCN",0.1,64,"test",148,0.493601500988007,1
"TCN",0.1,64,"test",149,0.499069005250931,1
"TCN",0.1,64,"test",150,0.508761405944824,1
"TCN",0.1,64,"test",151,0.504150867462158,1
"TCN",0.1,64,"test",152,0.508397161960602,0
"TCN",0.1,64,"test",153,0.508956015110016,0
"TCN",0.1,64,"test",154,0.49222132563591,1
"TCN",0.1,64,"test",155,0.500633895397186,1
"TCN",0.1,64,"test",156,0.510635912418365,1
"TCN",0.1,64,"test",157,0.500672698020935,0
"TCN",0.1,64,"test",158,0.555336117744446,0
"TCN",0.1,64,"test",159,0.525556862354279,0
"TCN",0.1,64,"test",160,0.542897760868073,0
"TCN",0.1,64,"test",161,0.541039347648621,0
"TCN",0.1,64,"test",162,0.446704506874084,0
"TCN",0.1,64,"test",163,0.469756752252579,0
"TCN",0.1,64,"test",164,0.494471490383148,0
"TCN",0.1,64,"test",165,0.498875319957733,1
"TCN",0.1,64,"test",166,0.488442927598953,1
"TCN",0.1,64,"test",167,0.493191361427307,0
"TCN",0.1,64,"test",168,0.507674813270569,1
"TCN",0.1,64,"test",169,0.499326825141907,1
"TCN",0.1,64,"test",170,0.432795286178589,1
"TCN",0.1,64,"test",171,0.436882019042969,0
"TCN",0.1,64,"test",172,0.497819125652313,0
"TCN",0.1,64,"test",173,0.501736521720886,1
"TCN",0.1,64,"test",174,0.499069005250931,1
"TCN",0.1,64,"test",175,0.501190304756165,1
"TCN",0.1,64,"test",176,0.504150867462158,1
"TCN",0.1,64,"test",177,0.499559760093689,0
"TCN",0.1,64,"test",178,0.508956015110016,0
"TCN",0.1,64,"test",179,0.509857058525085,0
"TCN",0.1,64,"test",180,0.500633895397186,0
"TCN",0.1,64,"test",181,0.447973728179932,0
"TCN",0.1,64,"test",182,0.500672698020935,0
"TCN",0.1,64,"test",183,0.495018005371094,0
"TCN",0.1,64,"test",184,0.525556862354279,0
"TCN",0.1,64,"test",185,0.520181179046631,0
"TCN",0.1,64,"test",186,0.541039347648621,1
"TCN",0.1,64,"test",187,0.536720633506775,0
"TCN",0.1,64,"test",188,0.469756752252579,0
"TCN",0.1,64,"test",189,0.472842454910278,0
"TCN",0.1,64,"test",190,0.498875319957733,0
"TCN",0.1,64,"test",191,0.444206893444061,0
"TCN",0.1,64,"test",192,0.493191361427307,0
"TCN",0.1,64,"test",193,0.463031202554703,0
"TCN",0.1,64,"test",194,0.499326825141907,0
"TCN",0.1,64,"test",195,0.502466320991516,0
"TCN",0.1,64,"test",196,0.436882019042969,0
"TCN",0.1,64,"test",197,0.45030614733696,1
"TCN",0.1,64,"test",198,0.501736521720886,1
"TCN",0.1,64,"test",199,0.501224875450134,1
"TCN",0.1,64,"test",200,0.501190304756165,0
"TCN",0.1,64,"test",201,0.500749826431274,0
"TCN",0.1,64,"test",202,0.499559760093689,1
"TCN",0.1,64,"test",203,0.527524769306183,0
"TCN",0.1,64,"test",204,0.509857058525085,0
"TCN",0.1,64,"test",205,0.505258560180664,0
"TCN",0.1,64,"test",206,0.447973728179932,1
"TCN",0.1,64,"test",207,0.461000233888626,0
"TCN",0.1,64,"test",208,0.495018005371094,0
"TCN",0.1,64,"test",209,0.514411807060242,0
"TCN",0.1,64,"test",210,0.520181179046631,0
"TCN",0.1,64,"test",211,0.520464360713959,0
"TCN",0.1,64,"test",212,0.536720633506775,1
"TCN",0.1,64,"test",213,0.552594661712646,0
"TCN",0.1,64,"test",214,0.472842454910278,1
"TCN",0.1,64,"test",215,0.417105495929718,1
"TCN",0.1,64,"test",216,0.444206893444061,1
"TCN",0.1,64,"test",217,0.430153399705887,0
"TCN",0.1,64,"test",218,0.463031202554703,0
"TCN",0.1,64,"test",219,0.457491129636765,1
"TCN",0.1,64,"test",220,0.502466320991516,1
"TCN",0.1,64,"test",221,0.501475930213928,0
"TCN",0.1,64,"test",222,0.45030614733696,1
"TCN",0.1,64,"test",223,0.433363229036331,1
"TCN",0.1,64,"test",224,0.501224875450134,1
"TCN",0.1,64,"test",225,0.504165768623352,0
"TCN",0.1,64,"test",226,0.500749826431274,0
"TCN",0.1,64,"test",227,0.496744394302368,0
"TCN",0.1,64,"test",228,0.527524769306183,1
"TCN",0.1,64,"test",229,0.500436544418335,1
"TCN",0.1,64,"test",230,0.505258560180664,0
"TCN",0.1,64,"test",231,0.506963193416595,1
"TCN",0.1,64,"test",232,0.461000233888626,1
"TCN",0.1,64,"test",233,0.511074244976044,1
"TCN",0.1,64,"test",234,0.514411807060242,1
"TCN",0.1,64,"test",235,0.510875940322876,1
"TCN",0.1,64,"test",236,0.520464360713959,1
"TCN",0.1,64,"test",237,0.527115762233734,0
"TCN",0.1,64,"test",238,0.552594661712646,0
"TCN",0.1,64,"test",239,0.542928338050842,0
"TCN",0.1,64,"test",240,0.417105495929718,0
"TCN",0.1,64,"test",241,0.395659148693085,0
"TCN",0.1,64,"test",242,0.430153399705887,0
"TCN",0.1,64,"test",243,0.478841215372086,0
"TCN",0.1,64,"test",244,0.457491129636765,1
"TCN",0.1,64,"test",245,0.458026856184006,1
"TCN",0.1,64,"test",246,0.501475930213928,1
"TCN",0.1,64,"test",247,0.509259462356567,1
"TCN",0.1,64,"test",248,0.433363229036331,1
"TCN",0.1,64,"test",249,0.418937861919403,1
"TCN",0.1,64,"test",250,0.504165768623352,1
"TCN",0.1,64,"test",251,0.497529208660126,1
"TCN",0.1,64,"test",252,0.496744394302368,0
"TCN",0.1,64,"test",253,0.490994662046432,0
"TCN",0.1,64,"test",254,0.500436544418335,0
"TCN",0.1,64,"test",255,0.501222193241119,1
"TCN",0.1,64,"test",256,0.506963193416595,1
"TCN",0.1,64,"test",257,0.505287766456604,1
"TCN",0.1,64,"test",258,0.511074244976044,1
"TCN",0.1,64,"test",259,0.480969339609146,1
"TCN",0.1,64,"test",260,0.510875940322876,1
"TCN",0.1,64,"test",261,0.527634680271149,1
"TCN",0.1,64,"test",262,0.527115762233734,0
"TCN",0.1,64,"test",263,0.518751502037048,0
"TCN",0.1,64,"test",264,0.542928338050842,1
"TCN",0.1,64,"test",265,0.547136127948761,1
"TCN",0.1,64,"test",266,0.395659148693085,1
"TCN",0.1,64,"test",267,0.471823185682297,1
"TCN",0.1,64,"test",268,0.478841215372086,1
"TCN",0.1,64,"test",269,0.485392063856125,1
"TCN",0.1,64,"test",270,0.458026856184006,1
"TCN",0.1,64,"test",271,0.48697304725647,1
"TCN",0.1,64,"test",272,0.509259462356567,1
"TCN",0.1,64,"test",273,0.498127043247223,1
"TCN",0.1,64,"test",274,0.418937861919403,1
"TCN",0.1,64,"test",275,0.434186220169067,1
"TCN",0.1,64,"test",276,0.497529208660126,1
"TCN",0.1,64,"test",277,0.489079684019089,1
"TCN",0.1,64,"test",278,0.490994662046432,0
"TCN",0.1,64,"test",279,0.49085146188736,0
"TCN",0.1,64,"test",280,0.501222193241119,0
"TCN",0.1,64,"test",281,0.512350857257843,0
"TCN",0.1,64,"test",282,0.505287766456604,0
"TCN",0.1,64,"test",283,0.504105687141418,0
"TCN",0.1,64,"test",284,0.480969339609146,0
"TCN",0.1,64,"test",285,0.51712566614151,0
"TCN",0.1,64,"test",286,0.527634680271149,0
"TCN",0.1,64,"test",287,0.498502820730209,0
"TCN",0.1,64,"test",288,0.518751502037048,0
"TCN",0.1,64,"test",289,0.521699488162994,0
"TCN",0.1,64,"test",290,0.547136127948761,0
"TCN",0.1,64,"test",291,0.529608964920044,0
"TCN",0.1,64,"test",292,0.471823185682297,1
"TCN",0.1,64,"test",293,0.483132988214493,1
"TCN",0.1,64,"test",294,0.485392063856125,1
"TCN",0.1,64,"test",295,0.497402966022491,0
"TCN",0.1,64,"test",296,0.48697304725647,0
"TCN",0.1,64,"test",297,0.491746664047241,1
"TCN",0.1,64,"test",298,0.498127043247223,0
"TCN",0.1,64,"test",299,0.506647825241089,0
"TCN",0.1,64,"test",300,0.434186220169067,1
"TCN",0.1,64,"test",301,0.392147660255432,1
"TCN",0.1,64,"test",302,0.489079684019089,1
"TCN",0.1,64,"test",303,0.490109831094742,0
"TCN",0.1,64,"test",304,0.49085146188736,1
"TCN",0.1,64,"test",305,0.495601534843445,0
