"lambda","seed","set","sample_id","yhat","y_true"
0,23,"val",1,0.567717969417572,0
0,23,"val",2,0.502394676208496,1
0,23,"val",3,0.498318254947662,0
0,23,"val",4,0.516979396343231,1
0,23,"val",5,0.517504513263702,1
0,23,"val",6,0.422375172376633,1
0,23,"val",7,0.450069159269333,1
0,23,"val",8,0.565395355224609,1
0,23,"val",9,0.559532463550568,1
0,23,"val",10,0.556688666343689,1
0,23,"val",11,0.549199402332306,1
0,23,"val",12,0.54709392786026,1
0,23,"val",13,0.55686342716217,1
0,23,"val",14,0.5498206615448,1
0,23,"val",15,0.570307016372681,1
0,23,"val",16,0.573673248291016,1
0,23,"val",17,0.542734086513519,1
0,23,"val",18,0.528073191642761,1
0,23,"val",19,0.540711522102356,1
0,23,"val",20,0.587582886219025,1
0,23,"val",21,0.607725322246552,1
0,23,"val",22,0.59829968214035,1
0,23,"val",23,0.584242701530457,0
0,23,"val",24,0.561297237873077,0
0,23,"val",25,0.456591308116913,1
0,23,"val",26,0.567717969417572,0
0,23,"val",27,0.573320329189301,0
0,23,"val",28,0.498318254947662,0
0,23,"val",29,0.424227386713028,1
0,23,"val",30,0.517504513263702,1
0,23,"val",31,0.514751493930817,0
0,23,"val",32,0.450069159269333,0
0,23,"val",33,0.436931222677231,0
0,23,"val",34,0.559532463550568,0
0,23,"val",35,0.550365567207336,0
0,23,"val",36,0.549199402332306,0
0,23,"val",37,0.547594964504242,1
0,23,"val",38,0.55686342716217,1
0,23,"val",39,0.561699509620667,1
0,23,"val",40,0.570307016372681,0
0,23,"val",41,0.557266354560852,0
0,23,"val",42,0.542734086513519,0
0,23,"val",43,0.549207866191864,0
0,23,"val",44,0.540711522102356,0
0,23,"val",45,0.524319231510162,0
0,23,"val",46,0.607725322246552,0
0,23,"val",47,0.600365042686462,1
0,23,"val",48,0.584242701530457,1
0,23,"val",49,0.603389024734497,1
0,23,"val",50,0.456591308116913,1
0,23,"val",51,0.534402668476105,1
0,23,"val",52,0.573320329189301,1
0,23,"val",53,0.59275883436203,1
0,23,"val",54,0.424227386713028,1
0,23,"val",55,0.471289306879044,1
0,23,"val",56,0.514751493930817,1
0,23,"val",57,0.514951169490814,1
0,23,"val",58,0.436931222677231,1
0,23,"val",59,0.464890658855438,1
0,23,"val",60,0.550365567207336,1
0,23,"val",61,0.555858969688416,0
0,23,"val",62,0.547594964504242,1
0,23,"val",63,0.556887805461884,0
0,23,"val",64,0.561699509620667,0
0,23,"val",65,0.557676255702972,1
0,23,"val",66,0.557266354560852,1
0,23,"val",67,0.56342488527298,1
0,23,"val",68,0.549207866191864,1
0,23,"val",69,0.553747773170471,1
0,23,"val",70,0.524319231510162,1
0,23,"val",71,0.534885942935944,1
0,23,"val",72,0.600365042686462,1
0,23,"val",73,0.581496298313141,1
0,23,"val",74,0.603389024734497,1
0,23,"val",75,0.682239055633545,1
0,23,"val",76,0.534402668476105,0
0,23,"val",77,0.550578951835632,1
0,23,"val",78,0.59275883436203,1
0,23,"val",79,0.571741223335266,0
0,23,"val",80,0.471289306879044,0
0,23,"val",81,0.502888798713684,0
0,23,"val",82,0.514951169490814,1
0,23,"val",83,0.514160871505737,0
0,23,"val",84,0.464890658855438,0
0,23,"val",85,0.466360062360764,0
0,23,"val",86,0.555858969688416,1
0,23,"val",87,0.538353145122528,1
0,23,"val",88,0.556887805461884,1
0,23,"val",89,0.564995884895325,0
0,23,"val",90,0.557676255702972,0
0,23,"val",91,0.550829708576202,0
0,23,"val",92,0.56342488527298,0
0,23,"val",93,0.579817414283752,0
0,23,"val",94,0.553747773170471,0
0,23,"val",95,0.537109196186066,0
0,23,"val",96,0.534885942935944,1
0,23,"val",97,0.527466416358948,1
0,23,"val",98,0.581496298313141,1
0,23,"val",99,0.594257175922394,1
0,23,"val",100,0.682239055633545,0
0,23,"val",101,0.663779079914093,0
0,23,"val",102,0.550578951835632,0
0,23,"val",103,0.425632506608963,0
0,23,"val",104,0.571741223335266,1
0,23,"val",105,0.566728293895721,1
0,23,"val",106,0.502888798713684,1
0,23,"val",107,0.49957549571991,1
0,23,"val",108,0.514160871505737,1
0,23,"val",109,0.515034079551697,0
0,23,"val",110,0.466360062360764,0
0,23,"val",111,0.434007525444031,1
0,23,"val",112,0.538353145122528,1
0,23,"val",113,0.550246238708496,1
0,23,"val",114,0.564995884895325,0
0,23,"val",115,0.555057108402252,1
0,23,"val",116,0.550829708576202,0
0,23,"val",117,0.565512776374817,1
0,23,"val",118,0.579817414283752,1
0,23,"val",119,0.550166010856628,1
0,23,"val",120,0.537109196186066,0
0,23,"val",121,0.56657600402832,0
0,23,"val",122,0.527466416358948,0
0,23,"val",123,0.535014629364014,1
0,23,"val",124,0.594257175922394,1
0,23,"val",125,0.575033366680145,1
0,23,"val",126,0.663779079914093,1
0,23,"val",127,0.660812854766846,1
0,23,"val",128,0.425632506608963,1
0,23,"val",129,0.276405543088913,1
0,23,"val",130,0.566728293895721,1
0,23,"val",131,0.570977389812469,0
0,23,"val",132,0.49957549571991,0
0,23,"val",133,0.494995087385178,1
0,23,"val",134,0.515034079551697,1
0,23,"val",135,0.513726055622101,0
0,23,"val",136,0.434007525444031,0
0,23,"val",137,0.451138347387314,0
0,23,"val",138,0.550246238708496,0
0,23,"val",139,0.541635453701019,0
0,23,"val",140,0.555057108402252,0
0,23,"val",141,0.535535454750061,1
0,23,"val",142,0.565512776374817,1
0,23,"val",143,0.556719481945038,1
0,23,"val",144,0.550166010856628,0
0,23,"val",145,0.553628504276276,0
0,23,"val",146,0.56657600402832,0
0,23,"val",147,0.560593783855438,0
0,23,"val",148,0.535014629364014,0
0,23,"val",149,0.569769144058228,0
0,23,"val",150,0.575033366680145,0
0,23,"val",151,0.574637472629547,0
0,23,"val",152,0.660812854766846,1
0,23,"val",153,0.650499582290649,0
0,23,"val",154,0.276405543088913,1
0,23,"val",155,0.322076201438904,0
0,23,"val",156,0.570977389812469,0
0,23,"val",157,0.565111696720123,0
0,23,"val",158,0.494995087385178,0
0,23,"val",159,0.504454970359802,1
0,23,"val",160,0.513726055622101,1
0,23,"val",161,0.514934659004211,1
0,23,"val",162,0.451138347387314,1
0,23,"val",163,0.45883709192276,1
0,23,"val",164,0.541635453701019,0
0,23,"val",165,0.530613481998444,0
0,23,"val",166,0.535535454750061,0
0,23,"val",167,0.545762538909912,0
0,23,"val",168,0.556719481945038,1
0,23,"val",169,0.562072694301605,0
0,23,"val",170,0.553628504276276,0
0,23,"val",171,0.553639829158783,0
0,23,"val",172,0.560593783855438,1
0,23,"val",173,0.556011974811554,1
0,23,"val",174,0.569769144058228,1
0,23,"val",175,0.551665186882019,0
0,23,"val",176,0.574637472629547,0
0,23,"val",177,0.551141023635864,1
0,23,"val",178,0.650499582290649,0
0,23,"val",179,0.62975138425827,1
0,23,"val",180,0.322076201438904,0
0,23,"val",181,0.32397934794426,1
0,23,"val",182,0.565111696720123,1
0,23,"val",183,0.554555714130402,1
0,23,"val",184,0.504454970359802,0
0,23,"val",185,0.500743389129639,0
0,23,"val",186,0.514934659004211,0
0,23,"val",187,0.517185807228088,0
0,23,"val",188,0.45883709192276,0
0,23,"val",189,0.468378812074661,0
0,23,"val",190,0.530613481998444,0
0,23,"val",191,0.554022490978241,1
0,23,"val",192,0.545762538909912,0
0,23,"val",193,0.541972756385803,0
0,23,"val",194,0.562072694301605,0
0,23,"val",195,0.549828052520752,1
0,23,"val",196,0.553639829158783,1
0,23,"val",197,0.554336428642273,1
0,23,"val",198,0.556011974811554,1
0,23,"val",199,0.543074250221252,0
0,23,"val",200,0.551665186882019,0
0,23,"val",201,0.532105922698975,0
0,23,"val",202,0.551141023635864,0
0,23,"val",203,0.561645805835724,1
0,23,"val",204,0.62975138425827,1
0,23,"val",205,0.606693685054779,1
0,23,"val",206,0.32397934794426,0
0,23,"val",207,0.512374639511108,0
0,23,"val",208,0.554555714130402,0
0,23,"val",209,0.572355806827545,1
0,23,"val",210,0.500743389129639,1
0,23,"val",211,0.493665456771851,1
0,23,"val",212,0.517185807228088,1
0,23,"val",213,0.517393887042999,1
0,23,"val",214,0.468378812074661,1
0,23,"val",215,0.466784596443176,0
0,23,"val",216,0.554022431373596,0
0,23,"val",217,0.539339184761047,0
0,23,"val",218,0.541972756385803,0
0,23,"val",219,0.547978639602661,0
0,23,"val",220,0.549828052520752,0
0,23,"val",221,0.555654227733612,1
0,23,"val",222,0.554336428642273,1
0,23,"val",223,0.564192593097687,1
0,23,"val",224,0.543074250221252,0
0,23,"val",225,0.56919801235199,1
0,23,"val",226,0.532105922698975,1
0,23,"val",227,0.529139637947083,1
0,23,"val",228,0.561645805835724,0
0,23,"val",229,0.55328232049942,0
0,23,"val",230,0.606693685054779,0
0,23,"val",231,0.605945467948914,0
0,23,"val",232,0.512374639511108,0
0,23,"val",233,0.318759828805923,0
0,23,"val",234,0.572355806827545,0
0,23,"val",235,0.590853869915009,0
0,23,"val",236,0.493665456771851,0
0,23,"val",237,0.494523227214813,0
0,23,"val",238,0.517393887042999,1
0,23,"val",239,0.515535712242126,0
0,23,"val",240,0.466784596443176,0
0,23,"val",241,0.464880257844925,0
0,23,"val",242,0.539339184761047,0
0,23,"val",243,0.529111623764038,1
0,23,"val",244,0.547978639602661,1
0,23,"val",245,0.541176736354828,1
0,23,"val",246,0.555654227733612,0
0,23,"val",247,0.54921954870224,1
0,23,"val",248,0.564192593097687,1
0,23,"val",249,0.563610076904297,0
0,23,"val",250,0.56919801235199,1
0,23,"val",251,0.558268308639526,1
0,23,"val",252,0.529139637947083,1
0,23,"val",253,0.530593037605286,1
0,23,"val",254,0.55328232049942,0
0,23,"val",255,0.550202071666718,0
0,23,"val",256,0.605945408344269,0
0,23,"val",257,0.592209041118622,0
0,23,"val",258,0.318759828805923,1
0,23,"val",259,0.471427619457245,1
0,23,"val",260,0.590853869915009,1
0,23,"val",261,0.569239735603333,1
0,23,"val",262,0.494523227214813,1
0,23,"val",263,0.49024161696434,0
0,23,"val",264,0.515535712242126,0
0,23,"val",265,0.515374541282654,1
0,23,"val",266,0.464880257844925,1
0,23,"val",267,0.464523315429688,0
0,23,"val",268,0.529111623764038,0
0,23,"val",269,0.524395287036896,0
0,23,"val",270,0.541176736354828,1
0,23,"val",271,0.53178733587265,1
0,23,"val",272,0.54921954870224,1
0,23,"val",273,0.569786310195923,1
0,23,"val",274,0.563610076904297,0
0,23,"val",275,0.5778848528862,0
0,23,"val",276,0.558268308639526,0
0,23,"val",277,0.569271385669708,0
0,23,"val",278,0.530593037605286,1
0,23,"val",279,0.532691180706024,1
0,23,"val",280,0.550202071666718,1
0,23,"val",281,0.563019633293152,1
0,23,"val",282,0.592209041118622,1
0,23,"val",283,0.575973033905029,1
0,23,"val",284,0.471427619457245,0
0,23,"val",285,0.481034010648727,0
0,23,"val",286,0.569239735603333,0
0,23,"val",287,0.581980586051941,0
0,23,"val",288,0.49024161696434,0
0,23,"val",289,0.484492808580399,0
0,23,"val",290,0.515374541282654,0
0,23,"val",291,0.519785284996033,0
0,23,"val",292,0.464523315429688,0
0,23,"val",293,0.447147399187088,0
0,23,"val",294,0.524395287036896,1
0,23,"val",295,0.522719502449036,1
0,23,"val",296,0.53178733587265,0
0,23,"val",297,0.560115277767181,0
0,23,"val",298,0.569786310195923,0
0,23,"val",299,0.585593402385712,1
0,23,"val",300,0.5778848528862,1
0,23,"val",301,0.559432446956635,1
0,23,"val",302,0.569271385669708,0
0,23,"val",303,0.550299406051636,0
0,23,"val",304,0.532691180706024,0
0,23,"test",1,0.522255778312683,0
0,23,"test",2,0.563019633293152,0
0,23,"test",3,0.57139790058136,1
0,23,"test",4,0.575973033905029,1
0,23,"test",5,0.573514103889465,1
0,23,"test",6,0.481034010648727,1
0,23,"test",7,0.465854525566101,1
0,23,"test",8,0.581980586051941,1
0,23,"test",9,0.560871005058289,1
0,23,"test",10,0.484492808580399,1
0,23,"test",11,0.48995640873909,1
0,23,"test",12,0.519785284996033,1
0,23,"test",13,0.515301525592804,1
0,23,"test",14,0.447147399187088,1
0,23,"test",15,0.458618849515915,1
0,23,"test",16,0.522719502449036,1
0,23,"test",17,0.538216114044189,0
0,23,"test",18,0.560115277767181,0
0,23,"test",19,0.56228095293045,0
0,23,"test",20,0.585593402385712,1
0,23,"test",21,0.601108491420746,1
0,23,"test",22,0.559432446956635,1
0,23,"test",23,0.556721568107605,0
0,23,"test",24,0.550299406051636,0
0,23,"test",25,0.575178503990173,0
0,23,"test",26,0.522255778312683,1
0,23,"test",27,0.536415576934814,1
0,23,"test",28,0.57139790058136,1
0,23,"test",29,0.570879578590393,0
0,23,"test",30,0.573514103889465,0
0,23,"test",31,0.588575601577759,0
0,23,"test",32,0.465854525566101,0
0,23,"test",33,0.427824229001999,0
0,23,"test",34,0.560871005058289,1
0,23,"test",35,0.567132771015167,1
0,23,"test",36,0.48995640873909,1
0,23,"test",37,0.496116608381271,1
0,23,"test",38,0.515301525592804,1
0,23,"test",39,0.514852166175842,1
0,23,"test",40,0.458618849515915,1
0,23,"test",41,0.449479311704636,1
0,23,"test",42,0.538216114044189,0
0,23,"test",43,0.548508107662201,0
0,23,"test",44,0.56228095293045,1
0,23,"test",45,0.560346007347107,1
0,23,"test",46,0.601108491420746,1
0,23,"test",47,0.566308200359344,0
0,23,"test",48,0.556721568107605,0
0,23,"test",49,0.554064571857452,0
0,23,"test",50,0.575178503990173,0
0,23,"test",51,0.543634295463562,1
0,23,"test",52,0.536415576934814,1
0,23,"test",53,0.529784500598907,1
0,23,"test",54,0.570879578590393,1
0,23,"test",55,0.558487176895142,0
0,23,"test",56,0.588575601577759,0
0,23,"test",57,0.640676975250244,0
0,23,"test",58,0.427824229001999,0
0,23,"test",59,0.396973431110382,1
0,23,"test",60,0.567132771015167,1
0,23,"test",61,0.558737754821777,1
0,23,"test",62,0.496116608381271,0
0,23,"test",63,0.488805681467056,1
0,23,"test",64,0.514852166175842,1
0,23,"test",65,0.515307664871216,1
0,23,"test",66,0.449479311704636,1
0,23,"test",67,0.442635595798492,1
0,23,"test",68,0.548508107662201,0
0,23,"test",69,0.541884243488312,0
0,23,"test",70,0.560346007347107,0
0,23,"test",71,0.538753628730774,1
0,23,"test",72,0.566308200359344,1
0,23,"test",73,0.556106626987457,0
0,23,"test",74,0.554064571857452,0
0,23,"test",75,0.559674978256226,0
0,23,"test",76,0.543634295463562,0
0,23,"test",77,0.550283670425415,0
0,23,"test",78,0.529784500598907,1
0,23,"test",79,0.546166062355042,0
0,23,"test",80,0.558487176895142,0
0,23,"test",81,0.568042516708374,1
0,23,"test",82,0.640676975250244,1
0,23,"test",83,0.596903443336487,1
0,23,"test",84,0.396973431110382,1
0,23,"test",85,0.425116628408432,0
0,23,"test",86,0.558737754821777,0
0,23,"test",87,0.557630181312561,0
0,23,"test",88,0.488805681467056,0
0,23,"test",89,0.49009895324707,0
0,23,"test",90,0.515307664871216,0
0,23,"test",91,0.514688968658447,1
0,23,"test",92,0.442635595798492,0
0,23,"test",93,0.440111458301544,0
0,23,"test",94,0.541884243488312,0
0,23,"test",95,0.542707741260529,0
0,23,"test",96,0.538753628730774,0
0,23,"test",97,0.547550737857819,1
0,23,"test",98,0.556106626987457,1
0,23,"test",99,0.5657599568367,1
0,23,"test",100,0.559674978256226,1
0,23,"test",101,0.556070983409882,1
0,23,"test",102,0.550283670425415,0
0,23,"test",103,0.538173675537109,0
0,23,"test",104,0.546166062355042,0
0,23,"test",105,0.571012377738953,0
0,23,"test",106,0.568042516708374,0
0,23,"test",107,0.548958003520966,0
0,23,"test",108,0.596903443336487,0
0,23,"test",109,0.606178522109985,0
0,23,"test",110,0.425116628408432,1
0,23,"test",111,0.305844068527222,1
0,23,"test",112,0.557630181312561,1
0,23,"test",113,0.564916133880615,0
0,23,"test",114,0.49009895324707,1
0,23,"test",115,0.513654053211212,1
0,23,"test",116,0.514688968658447,1
0,23,"test",117,0.516380488872528,1
0,23,"test",118,0.440111458301544,1
0,23,"test",119,0.444014966487885,0
0,23,"test",120,0.542707741260529,0
0,23,"test",121,0.527483224868774,0
0,23,"test",122,0.547550737857819,1
0,23,"test",123,0.546266615390778,1
0,23,"test",124,0.5657599568367,1
0,23,"test",125,0.554876208305359,0
0,23,"test",126,0.556070983409882,0
0,23,"test",127,0.554515421390533,0
0,23,"test",128,0.538173675537109,1
0,23,"test",129,0.535533726215363,1
0,23,"test",130,0.571012377738953,1
0,23,"test",131,0.593571126461029,1
0,23,"test",132,0.548958003520966,0
0,23,"test",133,0.611581325531006,0
0,23,"test",134,0.606178522109985,0
0,23,"test",135,0.598226249217987,0
0,23,"test",136,0.305844068527222,0
0,23,"test",137,0.421510070562363,1
0,23,"test",138,0.564916133880615,1
0,23,"test",139,0.570363461971283,1
0,23,"test",140,0.513654053211212,1
0,23,"test",141,0.517472624778748,1
0,23,"test",142,0.516380488872528,1
0,23,"test",143,0.512889444828033,1
0,23,"test",144,0.444014966487885,1
0,23,"test",145,0.434198707342148,1
0,23,"test",146,0.527483224868774,1
0,23,"test",147,0.531143546104431,1
0,23,"test",148,0.546266615390778,1
0,23,"test",149,0.566310107707977,1
0,23,"test",150,0.554876208305359,1
0,23,"test",151,0.560117959976196,1
0,23,"test",152,0.554515421390533,0
0,23,"test",153,0.573022067546844,0
0,23,"test",154,0.535533726215363,1
0,23,"test",155,0.530974805355072,1
0,23,"test",156,0.593571126461029,1
0,23,"test",157,0.558941066265106,0
0,23,"test",158,0.611581325531006,0
0,23,"test",159,0.579025506973267,0
0,23,"test",160,0.598226249217987,0
0,23,"test",161,0.595962107181549,0
0,23,"test",162,0.421510070562363,0
0,23,"test",163,0.49222919344902,0
0,23,"test",164,0.570363461971283,0
0,23,"test",165,0.567769110202789,1
0,23,"test",166,0.517472624778748,1
0,23,"test",167,0.498637586832047,0
0,23,"test",168,0.512889444828033,1
0,23,"test",169,0.511747539043427,1
0,23,"test",170,0.434198707342148,1
0,23,"test",171,0.44003614783287,0
0,23,"test",172,0.531143546104431,0
0,23,"test",173,0.521622538566589,1
0,23,"test",174,0.566310107707977,1
0,23,"test",175,0.555841207504272,1
0,23,"test",176,0.560117959976196,1
0,23,"test",177,0.562132060527802,0
0,23,"test",178,0.573022067546844,0
0,23,"test",179,0.554458320140839,0
0,23,"test",180,0.530974805355072,0
0,23,"test",181,0.554083168506622,0
0,23,"test",182,0.558941066265106,0
0,23,"test",183,0.550618648529053,0
0,23,"test",184,0.579025506973267,0
0,23,"test",185,0.559733867645264,0
0,23,"test",186,0.595962107181549,1
0,23,"test",187,0.590822100639343,0
0,23,"test",188,0.49222919344902,0
0,23,"test",189,0.49889400601387,0
0,23,"test",190,0.567769110202789,0
0,23,"test",191,0.531752288341522,0
0,23,"test",192,0.498637586832047,0
0,23,"test",193,0.52038186788559,0
0,23,"test",194,0.511747539043427,0
0,23,"test",195,0.519651353359222,0
0,23,"test",196,0.44003614783287,0
0,23,"test",197,0.458794355392456,1
0,23,"test",198,0.521622538566589,1
0,23,"test",199,0.526403546333313,1
0,23,"test",200,0.555841207504272,0
0,23,"test",201,0.554701268672943,0
0,23,"test",202,0.562132060527802,1
0,23,"test",203,0.580798268318176,0
0,23,"test",204,0.554458320140839,0
0,23,"test",205,0.553804814815521,0
0,23,"test",206,0.554083168506622,1
0,23,"test",207,0.539589762687683,0
0,23,"test",208,0.550618648529053,0
0,23,"test",209,0.534065246582031,0
0,23,"test",210,0.559733867645264,0
0,23,"test",211,0.56043142080307,0
0,23,"test",212,0.590822100639343,1
0,23,"test",213,0.616593182086945,0
0,23,"test",214,0.49889400601387,1
0,23,"test",215,0.343349516391754,1
0,23,"test",216,0.531752288341522,1
0,23,"test",217,0.504884958267212,0
0,23,"test",218,0.52038186788559,0
0,23,"test",219,0.519020080566406,1
0,23,"test",220,0.519651353359222,1
0,23,"test",221,0.51196676492691,0
0,23,"test",222,0.458794355392456,1
0,23,"test",223,0.435847818851471,1
0,23,"test",224,0.526403546333313,1
0,23,"test",225,0.536180734634399,0
0,23,"test",226,0.554701268672943,0
0,23,"test",227,0.545499384403229,0
0,23,"test",228,0.580798268318176,1
0,23,"test",229,0.56413072347641,1
0,23,"test",230,0.553804814815521,0
0,23,"test",231,0.545778870582581,1
0,23,"test",232,0.539589762687683,1
0,23,"test",233,0.579405665397644,1
0,23,"test",234,0.534065246582031,1
0,23,"test",235,0.534931063652039,1
0,23,"test",236,0.56043142080307,1
0,23,"test",237,0.56811797618866,0
0,23,"test",238,0.616593182086945,0
0,23,"test",239,0.598584711551666,0
0,23,"test",240,0.343349516391754,0
0,23,"test",241,0.305931955575943,0
0,23,"test",242,0.504884958267212,0
0,23,"test",243,0.546123683452606,0
0,23,"test",244,0.519020080566406,1
0,23,"test",245,0.498323917388916,1
0,23,"test",246,0.51196676492691,1
0,23,"test",247,0.520642161369324,1
0,23,"test",248,0.435847818851471,1
0,23,"test",249,0.431709378957748,1
0,23,"test",250,0.536180734634399,1
0,23,"test",251,0.547385692596436,1
0,23,"test",252,0.545499384403229,0
0,23,"test",253,0.559425592422485,0
0,23,"test",254,0.56413072347641,0
0,23,"test",255,0.553107678890228,1
0,23,"test",256,0.545778870582581,1
0,23,"test",257,0.560000061988831,1
0,23,"test",258,0.579405665397644,1
0,23,"test",259,0.552454590797424,1
0,23,"test",260,0.534931063652039,1
0,23,"test",261,0.532871127128601,1
0,23,"test",262,0.56811797618866,0
0,23,"test",263,0.549184679985046,0
0,23,"test",264,0.598584711551666,1
0,23,"test",265,0.600077211856842,1
0,23,"test",266,0.305931955575943,1
0,23,"test",267,0.481515526771545,1
0,23,"test",268,0.546123683452606,1
0,23,"test",269,0.55595189332962,1
0,23,"test",270,0.498323917388916,1
0,23,"test",271,0.512158811092377,1
0,23,"test",272,0.520642161369324,1
0,23,"test",273,0.519595682621002,1
0,23,"test",274,0.431709378957748,1
0,23,"test",275,0.437215387821198,1
0,23,"test",276,0.547385692596436,1
0,23,"test",277,0.538517594337463,1
0,23,"test",278,0.559425592422485,0
0,23,"test",279,0.581844866275787,0
0,23,"test",280,0.553107678890228,0
0,23,"test",281,0.563080906867981,0
0,23,"test",282,0.560000061988831,0
0,23,"test",283,0.551313757896423,0
0,23,"test",284,0.552454590797424,0
0,23,"test",285,0.562346816062927,0
0,23,"test",286,0.532871127128601,0
0,23,"test",287,0.571900367736816,0
0,23,"test",288,0.549184679985046,0
0,23,"test",289,0.564224362373352,0
0,23,"test",290,0.600077211856842,0
0,23,"test",291,0.574502885341644,0
0,23,"test",292,0.481515526771545,1
0,23,"test",293,0.530894339084625,1
0,23,"test",294,0.55595189332962,1
0,23,"test",295,0.559715747833252,0
0,23,"test",296,0.512158811092377,0
0,23,"test",297,0.505116879940033,1
0,23,"test",298,0.519595682621002,0
0,23,"test",299,0.518176436424255,0
0,23,"test",300,0.437215387821198,1
0,23,"test",301,0.386571794748306,1
0,23,"test",302,0.538517594337463,1
0,23,"test",303,0.557838022708893,0
0,23,"test",304,0.581844866275787,1
0,23,"test",305,0.571849226951599,0
0,27,"val",1,0.523369193077087,0
0,27,"val",2,0.49330535531044,1
0,27,"val",3,0.484493315219879,0
0,27,"val",4,0.498805433511734,1
0,27,"val",5,0.497511982917786,1
0,27,"val",6,0.461090207099915,1
0,27,"val",7,0.479131013154984,1
0,27,"val",8,0.514291167259216,1
0,27,"val",9,0.510289907455444,1
0,27,"val",10,0.539720714092255,1
0,27,"val",11,0.541233658790588,1
0,27,"val",12,0.5345578789711,1
0,27,"val",13,0.540612101554871,1
0,27,"val",14,0.533980369567871,1
0,27,"val",15,0.549193024635315,1
0,27,"val",16,0.540410041809082,1
0,27,"val",17,0.531803965568542,1
0,27,"val",18,0.533592581748962,1
0,27,"val",19,0.545611023902893,1
0,27,"val",20,0.56021386384964,1
0,27,"val",21,0.564645886421204,1
0,27,"val",22,0.576002240180969,1
0,27,"val",23,0.567107319831848,0
0,27,"val",24,0.552549600601196,0
0,27,"val",25,0.516426742076874,1
0,27,"val",26,0.523369193077087,0
0,27,"val",27,0.525140225887299,0
0,27,"val",28,0.484493315219879,0
0,27,"val",29,0.478868395090103,1
0,27,"val",30,0.497511982917786,1
0,27,"val",31,0.50095546245575,0
0,27,"val",32,0.479131013154984,0
0,27,"val",33,0.469434261322021,0
0,27,"val",34,0.510289907455444,0
0,27,"val",35,0.510640382766724,0
0,27,"val",36,0.541233658790588,0
0,27,"val",37,0.544944226741791,1
0,27,"val",38,0.540612101554871,1
0,27,"val",39,0.546238720417023,1
0,27,"val",40,0.549193024635315,0
0,27,"val",41,0.537585973739624,0
0,27,"val",42,0.531803965568542,0
0,27,"val",43,0.534323692321777,0
0,27,"val",44,0.545611023902893,0
0,27,"val",45,0.536008536815643,0
0,27,"val",46,0.564645886421204,0
0,27,"val",47,0.567784190177917,1
0,27,"val",48,0.567107319831848,1
0,27,"val",49,0.579903781414032,1
0,27,"val",50,0.516426742076874,1
0,27,"val",51,0.536579430103302,1
0,27,"val",52,0.525140225887299,1
0,27,"val",53,0.533430755138397,1
0,27,"val",54,0.478868395090103,1
0,27,"val",55,0.487806469202042,1
0,27,"val",56,0.500955581665039,1
0,27,"val",57,0.503356099128723,1
0,27,"val",58,0.469434261322021,1
0,27,"val",59,0.487464398145676,1
0,27,"val",60,0.510640382766724,1
0,27,"val",61,0.519139289855957,0
0,27,"val",62,0.544944226741791,1
0,27,"val",63,0.543385922908783,0
0,27,"val",64,0.546238720417023,0
0,27,"val",65,0.543775081634521,1
0,27,"val",66,0.537585973739624,1
0,27,"val",67,0.543788909912109,1
0,27,"val",68,0.534323692321777,1
0,27,"val",69,0.533338844776154,1
0,27,"val",70,0.536008536815643,1
0,27,"val",71,0.541960597038269,1
0,27,"val",72,0.567784190177917,1
0,27,"val",73,0.555044174194336,1
0,27,"val",74,0.579903781414032,1
0,27,"val",75,0.622677206993103,1
0,27,"val",76,0.536579430103302,0
0,27,"val",77,0.534462332725525,1
0,27,"val",78,0.533430755138397,1
0,27,"val",79,0.524259805679321,0
0,27,"val",80,0.487806469202042,0
0,27,"val",81,0.496173620223999,0
0,27,"val",82,0.503356099128723,1
0,27,"val",83,0.503113150596619,0
0,27,"val",84,0.487464398145676,0
0,27,"val",85,0.489616274833679,0
0,27,"val",86,0.519139289855957,1
0,27,"val",87,0.509512186050415,1
0,27,"val",88,0.543385922908783,1
0,27,"val",89,0.543084442615509,0
0,27,"val",90,0.543775081634521,0
0,27,"val",91,0.538602590560913,0
0,27,"val",92,0.543788909912109,0
0,27,"val",93,0.543290197849274,0
0,27,"val",94,0.533338844776154,0
0,27,"val",95,0.526227653026581,0
0,27,"val",96,0.541960597038269,1
0,27,"val",97,0.538504242897034,1
0,27,"val",98,0.555044174194336,1
0,27,"val",99,0.561193466186523,1
0,27,"val",100,0.622677206993103,0
0,27,"val",101,0.614094078540802,0
0,27,"val",102,0.534462332725525,0
0,27,"val",103,0.50536835193634,0
0,27,"val",104,0.524259805679321,1
0,27,"val",105,0.523489713668823,1
0,27,"val",106,0.496173620223999,1
0,27,"val",107,0.496472954750061,1
0,27,"val",108,0.503113150596619,1
0,27,"val",109,0.50360381603241,0
0,27,"val",110,0.489616274833679,0
0,27,"val",111,0.468951612710953,1
0,27,"val",112,0.509512186050415,1
0,27,"val",113,0.512109935283661,1
0,27,"val",114,0.543084442615509,0
0,27,"val",115,0.543311953544617,1
0,27,"val",116,0.538602590560913,0
0,27,"val",117,0.548997282981873,1
0,27,"val",118,0.543290197849274,1
0,27,"val",119,0.534551918506622,1
0,27,"val",120,0.526227653026581,0
0,27,"val",121,0.532643616199493,0
0,27,"val",122,0.538504242897034,0
0,27,"val",123,0.547034859657288,1
0,27,"val",124,0.561193466186523,1
0,27,"val",125,0.554941177368164,1
0,27,"val",126,0.614094078540802,1
0,27,"val",127,0.611718475818634,1
0,27,"val",128,0.50536835193634,1
0,27,"val",129,0.42300933599472,1
0,27,"val",130,0.523489713668823,1
0,27,"val",131,0.524661004543304,0
0,27,"val",132,0.496472954750061,0
0,27,"val",133,0.488145679235458,1
0,27,"val",134,0.50360381603241,1
0,27,"val",135,0.500691115856171,0
0,27,"val",136,0.468951612710953,0
0,27,"val",137,0.478760987520218,0
0,27,"val",138,0.512109935283661,0
0,27,"val",139,0.51318770647049,0
0,27,"val",140,0.543311953544617,0
0,27,"val",141,0.544977188110352,1
0,27,"val",142,0.548997282981873,1
0,27,"val",143,0.541051149368286,1
0,27,"val",144,0.534551918506622,0
0,27,"val",145,0.540342271327972,0
0,27,"val",146,0.532643616199493,0
0,27,"val",147,0.529527962207794,0
0,27,"val",148,0.547034859657288,0
0,27,"val",149,0.547510027885437,0
0,27,"val",150,0.554941177368164,0
0,27,"val",151,0.560981035232544,0
0,27,"val",152,0.611718475818634,1
0,27,"val",153,0.604571461677551,0
0,27,"val",154,0.42300933599472,1
0,27,"val",155,0.454928666353226,0
0,27,"val",156,0.524661004543304,0
0,27,"val",157,0.521595060825348,0
0,27,"val",158,0.488145679235458,0
0,27,"val",159,0.48392054438591,1
0,27,"val",160,0.500691115856171,1
0,27,"val",161,0.504294216632843,1
0,27,"val",162,0.478760987520218,1
0,27,"val",163,0.486111730337143,1
0,27,"val",164,0.51318770647049,0
0,27,"val",165,0.495380342006683,0
0,27,"val",166,0.544977188110352,0
0,27,"val",167,0.538658440113068,0
0,27,"val",168,0.541051149368286,1
0,27,"val",169,0.546539306640625,0
0,27,"val",170,0.540342271327972,0
0,27,"val",171,0.540482938289642,0
0,27,"val",172,0.529527962207794,1
0,27,"val",173,0.526925802230835,1
0,27,"val",174,0.547510027885437,1
0,27,"val",175,0.557375848293304,0
0,27,"val",176,0.560981035232544,0
0,27,"val",177,0.545892238616943,1
0,27,"val",178,0.604571461677551,0
0,27,"val",179,0.595973610877991,1
0,27,"val",180,0.454928666353226,0
0,27,"val",181,0.456067442893982,1
0,27,"val",182,0.521595060825348,1
0,27,"val",183,0.518592834472656,1
0,27,"val",184,0.48392054438591,0
0,27,"val",185,0.481204450130463,0
0,27,"val",186,0.504294216632843,0
0,27,"val",187,0.508527100086212,0
0,27,"val",188,0.486111730337143,0
0,27,"val",189,0.489075630903244,0
0,27,"val",190,0.495380342006683,0
0,27,"val",191,0.507950901985168,1
0,27,"val",192,0.538658440113068,0
0,27,"val",193,0.539844632148743,0
0,27,"val",194,0.546539306640625,0
0,27,"val",195,0.535669565200806,1
0,27,"val",196,0.540482938289642,1
0,27,"val",197,0.534246206283569,1
0,27,"val",198,0.526925802230835,1
0,27,"val",199,0.526299297809601,0
0,27,"val",200,0.557375848293304,0
0,27,"val",201,0.542220413684845,0
0,27,"val",202,0.545892238616943,0
0,27,"val",203,0.549328505992889,1
0,27,"val",204,0.595973610877991,1
0,27,"val",205,0.582149505615234,1
0,27,"val",206,0.456067442893982,0
0,27,"val",207,0.532052278518677,0
0,27,"val",208,0.518592834472656,0
0,27,"val",209,0.52485853433609,1
0,27,"val",210,0.481204450130463,1
0,27,"val",211,0.478551775217056,1
0,27,"val",212,0.508527100086212,1
0,27,"val",213,0.507391452789307,1
0,27,"val",214,0.489075630903244,1
0,27,"val",215,0.489599287509918,0
0,27,"val",216,0.507950901985168,0
0,27,"val",217,0.498930871486664,0
0,27,"val",218,0.539844632148743,0
0,27,"val",219,0.54301381111145,0
0,27,"val",220,0.535669565200806,0
0,27,"val",221,0.541652619838715,1
0,27,"val",222,0.534246206283569,1
0,27,"val",223,0.538559854030609,1
0,27,"val",224,0.526299297809601,0
0,27,"val",225,0.514310956001282,1
0,27,"val",226,0.542220413684845,1
0,27,"val",227,0.540134489536285,1
0,27,"val",228,0.549328505992889,0
0,27,"val",229,0.53261411190033,0
0,27,"val",230,0.582149505615234,0
0,27,"val",231,0.580580770969391,0
0,27,"val",232,0.532052278518677,0
0,27,"val",233,0.453155159950256,0
0,27,"val",234,0.52485853433609,0
0,27,"val",235,0.532858967781067,0
0,27,"val",236,0.478551775217056,0
0,27,"val",237,0.491665095090866,0
0,27,"val",238,0.507391452789307,1
0,27,"val",239,0.50508713722229,0
0,27,"val",240,0.489599287509918,0
0,27,"val",241,0.487366616725922,0
0,27,"val",242,0.498930871486664,0
0,27,"val",243,0.496853351593018,1
0,27,"val",244,0.54301381111145,1
0,27,"val",245,0.543892085552216,1
0,27,"val",246,0.541652619838715,0
0,27,"val",247,0.535803437232971,1
0,27,"val",248,0.538559854030609,1
0,27,"val",249,0.537261366844177,0
0,27,"val",250,0.514310956001282,1
0,27,"val",251,0.517096102237701,1
0,27,"val",252,0.540134489536285,1
0,27,"val",253,0.533210754394531,1
0,27,"val",254,0.53261411190033,0
0,27,"val",255,0.536087572574615,0
0,27,"val",256,0.580580770969391,0
0,27,"val",257,0.571196496486664,0
0,27,"val",258,0.453155159950256,1
0,27,"val",259,0.519248425960541,1
0,27,"val",260,0.532858967781067,1
0,27,"val",261,0.523932874202728,1
0,27,"val",262,0.491665095090866,1
0,27,"val",263,0.491839826107025,0
0,27,"val",264,0.50508713722229,0
0,27,"val",265,0.50478982925415,1
0,27,"val",266,0.487366616725922,1
0,27,"val",267,0.48702198266983,0
0,27,"val",268,0.496853351593018,0
0,27,"val",269,0.496917903423309,0
0,27,"val",270,0.543892085552216,1
0,27,"val",271,0.543827295303345,1
0,27,"val",272,0.535803437232971,1
0,27,"val",273,0.554200291633606,1
0,27,"val",274,0.537261366844177,0
0,27,"val",275,0.540783941745758,0
0,27,"val",276,0.517096102237701,0
0,27,"val",277,0.521479249000549,0
0,27,"val",278,0.533210754394531,1
0,27,"val",279,0.534189939498901,1
0,27,"val",280,0.536087572574615,1
0,27,"val",281,0.540277063846588,1
0,27,"val",282,0.571196496486664,1
0,27,"val",283,0.558662414550781,1
0,27,"val",284,0.519248425960541,0
0,27,"val",285,0.526226580142975,0
0,27,"val",286,0.523932874202728,0
0,27,"val",287,0.528580367565155,0
0,27,"val",288,0.491839826107025,0
0,27,"val",289,0.490374773740768,0
0,27,"val",290,0.50478982925415,0
0,27,"val",291,0.510231792926788,0
0,27,"val",292,0.48702198266983,0
0,27,"val",293,0.477952986955643,0
0,27,"val",294,0.496917903423309,1
0,27,"val",295,0.497923642396927,1
0,27,"val",296,0.543827295303345,0
0,27,"val",297,0.542503893375397,0
0,27,"val",298,0.554200291633606,0
0,27,"val",299,0.566246151924133,1
0,27,"val",300,0.540783941745758,1
0,27,"val",301,0.53523862361908,1
0,27,"val",302,0.521479249000549,0
0,27,"val",303,0.528070211410522,0
0,27,"val",304,0.534189939498901,0
0,27,"test",1,0.533671975135803,0
0,27,"test",2,0.540277063846588,0
0,27,"test",3,0.545951068401337,1
0,27,"test",4,0.558662414550781,1
0,27,"test",5,0.55771279335022,1
0,27,"test",6,0.526226580142975,1
0,27,"test",7,0.519233763217926,1
0,27,"test",8,0.528580367565155,1
0,27,"test",9,0.5202397108078,1
0,27,"test",10,0.490374773740768,1
0,27,"test",11,0.4974225461483,1
0,27,"test",12,0.510231792926788,1
0,27,"test",13,0.501357316970825,1
0,27,"test",14,0.477952986955643,1
0,27,"test",15,0.485964596271515,1
0,27,"test",16,0.497923642396927,1
0,27,"test",17,0.503004670143127,0
0,27,"test",18,0.542503893375397,0
0,27,"test",19,0.544036865234375,0
0,27,"test",20,0.566246151924133,1
0,27,"test",21,0.576491951942444,1
0,27,"test",22,0.53523862361908,1
0,27,"test",23,0.533324420452118,0
0,27,"test",24,0.528070211410522,0
0,27,"test",25,0.523004651069641,0
0,27,"test",26,0.533671975135803,1
0,27,"test",27,0.549636900424957,1
0,27,"test",28,0.545951068401337,1
0,27,"test",29,0.551538527011871,0
0,27,"test",30,0.55771279335022,0
0,27,"test",31,0.569129586219788,0
0,27,"test",32,0.519233763217926,0
0,27,"test",33,0.504961490631104,0
0,27,"test",34,0.5202397108078,1
0,27,"test",35,0.524929463863373,1
0,27,"test",36,0.4974225461483,1
0,27,"test",37,0.500024437904358,1
0,27,"test",38,0.501357316970825,1
0,27,"test",39,0.502375960350037,1
0,27,"test",40,0.485964596271515,1
0,27,"test",41,0.479389637708664,1
0,27,"test",42,0.503004670143127,0
0,27,"test",43,0.515342831611633,0
0,27,"test",44,0.544036865234375,1
0,27,"test",45,0.543093264102936,1
0,27,"test",46,0.576491951942444,1
0,27,"test",47,0.54977011680603,0
0,27,"test",48,0.533324420452118,0
0,27,"test",49,0.536177277565002,0
0,27,"test",50,0.523004651069641,0
0,27,"test",51,0.524244368076324,1
0,27,"test",52,0.549636900424957,1
0,27,"test",53,0.536073625087738,1
0,27,"test",54,0.551538527011871,1
0,27,"test",55,0.55132645368576,0
0,27,"test",56,0.569129586219788,0
0,27,"test",57,0.600584506988525,0
0,27,"test",58,0.504961490631104,0
0,27,"test",59,0.492958962917328,1
0,27,"test",60,0.524929463863373,1
0,27,"test",61,0.520424604415894,1
0,27,"test",62,0.500024437904358,0
0,27,"test",63,0.494175553321838,1
0,27,"test",64,0.502375960350037,1
0,27,"test",65,0.505354762077332,1
0,27,"test",66,0.479389637708664,1
0,27,"test",67,0.474670231342316,1
0,27,"test",68,0.515342831611633,0
0,27,"test",69,0.513541042804718,0
0,27,"test",70,0.543093264102936,0
0,27,"test",71,0.547354698181152,1
0,27,"test",72,0.54977011680603,1
0,27,"test",73,0.542400360107422,0
0,27,"test",74,0.536177277565002,0
0,27,"test",75,0.536777436733246,0
0,27,"test",76,0.524244368076324,0
0,27,"test",77,0.52065497636795,0
0,27,"test",78,0.536073625087738,1
0,27,"test",79,0.530954539775848,0
0,27,"test",80,0.55132645368576,0
0,27,"test",81,0.559946060180664,1
0,27,"test",82,0.600584506988525,1
0,27,"test",83,0.574911952018738,1
0,27,"test",84,0.492958962917328,1
0,27,"test",85,0.503976464271545,0
0,27,"test",86,0.520424604415894,0
0,27,"test",87,0.519003212451935,0
0,27,"test",88,0.494175523519516,0
0,27,"test",89,0.478263109922409,0
0,27,"test",90,0.505354762077332,0
0,27,"test",91,0.502506971359253,1
0,27,"test",92,0.474670231342316,0
0,27,"test",93,0.472891211509705,0
0,27,"test",94,0.513541042804718,0
0,27,"test",95,0.510669589042664,0
0,27,"test",96,0.547354698181152,0
0,27,"test",97,0.543648362159729,1
0,27,"test",98,0.542400360107422,1
0,27,"test",99,0.549645245075226,1
0,27,"test",100,0.536777436733246,1
0,27,"test",101,0.535584390163422,1
0,27,"test",102,0.52065497636795,0
0,27,"test",103,0.518610179424286,0
0,27,"test",104,0.530954539775848,0
0,27,"test",105,0.537328064441681,0
0,27,"test",106,0.559946060180664,0
0,27,"test",107,0.542394876480103,0
0,27,"test",108,0.574911952018738,0
0,27,"test",109,0.581086099147797,0
0,27,"test",110,0.503976464271545,1
0,27,"test",111,0.444535493850708,1
0,27,"test",112,0.519003212451935,1
0,27,"test",113,0.521725535392761,0
0,27,"test",114,0.478263109922409,1
0,27,"test",115,0.496451675891876,1
0,27,"test",116,0.502506971359253,1
0,27,"test",117,0.506282329559326,1
0,27,"test",118,0.472891211509705,1
0,27,"test",119,0.475067943334579,0
0,27,"test",120,0.510669589042664,0
0,27,"test",121,0.495335638523102,0
0,27,"test",122,0.543648362159729,1
0,27,"test",123,0.543796181678772,1
0,27,"test",124,0.549645245075226,1
0,27,"test",125,0.5407355427742,0
0,27,"test",126,0.535584390163422,0
0,27,"test",127,0.538126647472382,0
0,27,"test",128,0.518610179424286,1
0,27,"test",129,0.522149980068207,1
0,27,"test",130,0.537328064441681,1
0,27,"test",131,0.559399902820587,1
0,27,"test",132,0.542394876480103,0
0,27,"test",133,0.583351671695709,0
0,27,"test",134,0.581086099147797,0
0,27,"test",135,0.575423359870911,0
0,27,"test",136,0.444535493850708,0
0,27,"test",137,0.502985954284668,1
0,27,"test",138,0.521725535392761,1
0,27,"test",139,0.523544490337372,1
0,27,"test",140,0.496451675891876,1
0,27,"test",141,0.495219469070435,1
0,27,"test",142,0.506282329559326,1
0,27,"test",143,0.505283713340759,1
0,27,"test",144,0.475067943334579,1
0,27,"test",145,0.46844145655632,1
0,27,"test",146,0.495335638523102,1
0,27,"test",147,0.494591534137726,1
0,27,"test",148,0.543796181678772,1
0,27,"test",149,0.542473614215851,1
0,27,"test",150,0.5407355427742,1
0,27,"test",151,0.546082735061646,1
0,27,"test",152,0.538126647472382,0
0,27,"test",153,0.549697756767273,0
0,27,"test",154,0.522149980068207,1
0,27,"test",155,0.524130702018738,1
0,27,"test",156,0.559399902820587,1
0,27,"test",157,0.535781681537628,0
0,27,"test",158,0.583351671695709,0
0,27,"test",159,0.56445050239563,0
0,27,"test",160,0.575423300266266,0
0,27,"test",161,0.573815405368805,0
0,27,"test",162,0.502985954284668,0
0,27,"test",163,0.524899005889893,0
0,27,"test",164,0.523544490337372,0
0,27,"test",165,0.523723423480988,1
0,27,"test",166,0.495219469070435,1
0,27,"test",167,0.49426206946373,0
0,27,"test",168,0.505283713340759,1
0,27,"test",169,0.503685116767883,1
0,27,"test",170,0.46844145655632,1
0,27,"test",171,0.471937566995621,0
0,27,"test",172,0.494591534137726,0
0,27,"test",173,0.491366118192673,1
0,27,"test",174,0.542473614215851,1
0,27,"test",175,0.543204009532928,1
0,27,"test",176,0.546082735061646,1
0,27,"test",177,0.549127101898193,0
0,27,"test",178,0.549697756767273,0
0,27,"test",179,0.540265738964081,0
0,27,"test",180,0.524130702018738,0
0,27,"test",181,0.50744104385376,0
0,27,"test",182,0.535781681537628,0
0,27,"test",183,0.527631938457489,0
0,27,"test",184,0.56445050239563,0
0,27,"test",185,0.558065533638,0
0,27,"test",186,0.573815405368805,1
0,27,"test",187,0.570123910903931,0
0,27,"test",188,0.524899005889893,0
0,27,"test",189,0.525593340396881,0
0,27,"test",190,0.523723423480988,0
0,27,"test",191,0.519315123558044,0
0,27,"test",192,0.49426206946373,0
0,27,"test",193,0.485621601343155,0
0,27,"test",194,0.503685116767883,0
0,27,"test",195,0.508565664291382,0
0,27,"test",196,0.471937566995621,0
0,27,"test",197,0.485147535800934,1
0,27,"test",198,0.491366118192673,1
0,27,"test",199,0.494757115840912,1
0,27,"test",200,0.543204009532928,0
0,27,"test",201,0.542572140693665,0
0,27,"test",202,0.549127101898193,1
0,27,"test",203,0.55866664648056,0
0,27,"test",204,0.540265738964081,0
0,27,"test",205,0.534670472145081,0
0,27,"test",206,0.50744104385376,1
0,27,"test",207,0.509840965270996,0
0,27,"test",208,0.527631938457489,0
0,27,"test",209,0.535898864269257,0
0,27,"test",210,0.558065533638,0
0,27,"test",211,0.558338046073914,0
0,27,"test",212,0.570123910903931,1
0,27,"test",213,0.587609708309174,0
0,27,"test",214,0.525593340396881,1
0,27,"test",215,0.46690770983696,1
0,27,"test",216,0.519315123558044,1
0,27,"test",217,0.508885264396667,0
0,27,"test",218,0.485621601343155,0
0,27,"test",219,0.482653021812439,1
0,27,"test",220,0.508565664291382,1
0,27,"test",221,0.504125535488129,0
0,27,"test",222,0.485147535800934,1
0,27,"test",223,0.469779640436172,1
0,27,"test",224,0.494757115840912,1
0,27,"test",225,0.502844572067261,0
0,27,"test",226,0.542572140693665,0
0,27,"test",227,0.547305345535278,0
0,27,"test",228,0.55866664648056,1
0,27,"test",229,0.550542652606964,1
0,27,"test",230,0.534670472145081,0
0,27,"test",231,0.531354904174805,1
0,27,"test",232,0.509840965270996,1
0,27,"test",233,0.532007217407227,1
0,27,"test",234,0.535898864269257,1
0,27,"test",235,0.533600509166718,1
0,27,"test",236,0.558338046073914,1
0,27,"test",237,0.565196454524994,0
0,27,"test",238,0.587609708309174,0
0,27,"test",239,0.575659573078156,0
0,27,"test",240,0.46690770983696,0
0,27,"test",241,0.444292038679123,0
0,27,"test",242,0.508885264396667,0
0,27,"test",243,0.514679193496704,0
0,27,"test",244,0.482653021812439,1
0,27,"test",245,0.473277449607849,1
0,27,"test",246,0.504125535488129,1
0,27,"test",247,0.508822917938232,1
0,27,"test",248,0.469779670238495,1
0,27,"test",249,0.464648127555847,1
0,27,"test",250,0.502844572067261,1
0,27,"test",251,0.503913342952728,1
0,27,"test",252,0.547305345535278,0
0,27,"test",253,0.546132802963257,0
0,27,"test",254,0.550542652606964,0
0,27,"test",255,0.54088169336319,1
0,27,"test",256,0.531354904174805,1
0,27,"test",257,0.538780450820923,1
0,27,"test",258,0.532007217407227,1
0,27,"test",259,0.518916368484497,1
0,27,"test",260,0.533600509166718,1
0,27,"test",261,0.543022394180298,1
0,27,"test",262,0.565196454524994,0
0,27,"test",263,0.559542298316956,0
0,27,"test",264,0.575659573078156,1
0,27,"test",265,0.577080070972443,1
0,27,"test",266,0.444292038679123,1
0,27,"test",267,0.520095229148865,1
0,27,"test",268,0.514679193496704,1
0,27,"test",269,0.518098592758179,1
0,27,"test",270,0.473277449607849,1
0,27,"test",271,0.492963433265686,1
0,27,"test",272,0.508822917938232,1
0,27,"test",273,0.508702158927917,1
0,27,"test",274,0.464648127555847,1
0,27,"test",275,0.470822632312775,1
0,27,"test",276,0.503913342952728,1
0,27,"test",277,0.49098539352417,1
0,27,"test",278,0.546132802963257,0
0,27,"test",279,0.54002183675766,0
0,27,"test",280,0.54088169336319,0
0,27,"test",281,0.546789109706879,0
0,27,"test",282,0.538780450820923,0
0,27,"test",283,0.532970547676086,0
0,27,"test",284,0.518916368484497,0
0,27,"test",285,0.533035576343536,0
0,27,"test",286,0.543022394180298,0
0,27,"test",287,0.539842009544373,0
0,27,"test",288,0.559542298316956,0
0,27,"test",289,0.559602200984955,0
0,27,"test",290,0.577080070972443,0
0,27,"test",291,0.557624518871307,0
0,27,"test",292,0.520095229148865,1
0,27,"test",293,0.532809257507324,1
0,27,"test",294,0.518098592758179,1
0,27,"test",295,0.521900534629822,0
0,27,"test",296,0.492963433265686,0
0,27,"test",297,0.494065850973129,1
0,27,"test",298,0.508702158927917,0
0,27,"test",299,0.50762939453125,0
0,27,"test",300,0.470822632312775,1
0,27,"test",301,0.43891653418541,1
0,27,"test",302,0.49098539352417,1
0,27,"test",303,0.50201940536499,0
0,27,"test",304,0.54002183675766,1
0,27,"test",305,0.543871998786926,0
0,98,"val",1,0.563747942447662,0
0,98,"val",2,0.502824068069458,1
0,98,"val",3,0.499881446361542,0
0,98,"val",4,0.528734683990479,1
0,98,"val",5,0.535492122173309,1
0,98,"val",6,0.429327964782715,1
0,98,"val",7,0.451808273792267,1
0,98,"val",8,0.565280318260193,1
0,98,"val",9,0.560611426830292,1
0,98,"val",10,0.56123298406601,1
0,98,"val",11,0.54802531003952,1
0,98,"val",12,0.543713390827179,1
0,98,"val",13,0.559832215309143,1
0,98,"val",14,0.568563342094421,1
0,98,"val",15,0.596217513084412,1
0,98,"val",16,0.558326542377472,1
0,98,"val",17,0.534262657165527,1
0,98,"val",18,0.543782949447632,1
0,98,"val",19,0.557428359985352,1
0,98,"val",20,0.596753478050232,1
0,98,"val",21,0.624157607555389,1
0,98,"val",22,0.594515204429626,1
0,98,"val",23,0.569157242774963,0
0,98,"val",24,0.591740667819977,0
0,98,"val",25,0.438286751508713,1
0,98,"val",26,0.563747942447662,0
0,98,"val",27,0.569490194320679,0
0,98,"val",28,0.499881446361542,0
0,98,"val",29,0.438698381185532,1
0,98,"val",30,0.535492122173309,1
0,98,"val",31,0.528163433074951,0
0,98,"val",32,0.451808273792267,0
0,98,"val",33,0.443104714155197,0
0,98,"val",34,0.560611426830292,0
0,98,"val",35,0.554670631885529,0
0,98,"val",36,0.54802531003952,0
0,98,"val",37,0.54871141910553,1
0,98,"val",38,0.559832215309143,1
0,98,"val",39,0.56186580657959,1
0,98,"val",40,0.596217513084412,0
0,98,"val",41,0.57993483543396,0
0,98,"val",42,0.534262657165527,0
0,98,"val",43,0.538575947284698,0
0,98,"val",44,0.557428359985352,0
0,98,"val",45,0.530235946178436,0
0,98,"val",46,0.624157607555389,0
0,98,"val",47,0.61425918340683,1
0,98,"val",48,0.569157242774963,1
0,98,"val",49,0.597888708114624,1
0,98,"val",50,0.438286751508713,1
0,98,"val",51,0.533184409141541,1
0,98,"val",52,0.569490194320679,1
0,98,"val",53,0.589645504951477,1
0,98,"val",54,0.438698381185532,1
0,98,"val",55,0.476644724607468,1
0,98,"val",56,0.528163433074951,1
0,98,"val",57,0.524054288864136,1
0,98,"val",58,0.443104714155197,1
0,98,"val",59,0.465730220079422,1
0,98,"val",60,0.554670631885529,1
0,98,"val",61,0.558254301548004,0
0,98,"val",62,0.54871141910553,1
0,98,"val",63,0.564264237880707,0
0,98,"val",64,0.56186580657959,0
0,98,"val",65,0.555995285511017,1
0,98,"val",66,0.57993483543396,1
0,98,"val",67,0.587909340858459,1
0,98,"val",68,0.538575947284698,1
0,98,"val",69,0.545600414276123,1
0,98,"val",70,0.530235946178436,1
0,98,"val",71,0.549410283565521,1
0,98,"val",72,0.61425918340683,1
0,98,"val",73,0.588644623756409,1
0,98,"val",74,0.597888708114624,1
0,98,"val",75,0.678888976573944,1
0,98,"val",76,0.533184409141541,0
0,98,"val",77,0.545516729354858,1
0,98,"val",78,0.589645504951477,1
0,98,"val",79,0.568002343177795,0
0,98,"val",80,0.476644724607468,0
0,98,"val",81,0.50317656993866,0
0,98,"val",82,0.524054288864136,1
0,98,"val",83,0.526577651500702,0
0,98,"val",84,0.465730220079422,0
0,98,"val",85,0.465703397989273,0
0,98,"val",86,0.558254301548004,1
0,98,"val",87,0.544887900352478,1
0,98,"val",88,0.564264237880707,1
0,98,"val",89,0.580505609512329,0
0,98,"val",90,0.555995285511017,0
0,98,"val",91,0.54716157913208,0
0,98,"val",92,0.587909340858459,0
0,98,"val",93,0.606866002082825,0
0,98,"val",94,0.545600414276123,0
0,98,"val",95,0.534726500511169,0
0,98,"val",96,0.549410283565521,1
0,98,"val",97,0.535894274711609,1
0,98,"val",98,0.588644623756409,1
0,98,"val",99,0.605634391307831,1
0,98,"val",100,0.678888976573944,0
0,98,"val",101,0.661905169487,0
0,98,"val",102,0.545516729354858,0
0,98,"val",103,0.399939298629761,0
0,98,"val",104,0.568002343177795,1
0,98,"val",105,0.563223838806152,1
0,98,"val",106,0.50317656993866,1
0,98,"val",107,0.500356793403625,1
0,98,"val",108,0.526577651500702,1
0,98,"val",109,0.523178040981293,0
0,98,"val",110,0.465703397989273,0
0,98,"val",111,0.437258720397949,1
0,98,"val",112,0.544887900352478,1
0,98,"val",113,0.554463565349579,1
0,98,"val",114,0.580505609512329,0
0,98,"val",115,0.560596168041229,1
0,98,"val",116,0.54716157913208,0
0,98,"val",117,0.566680729389191,1
0,98,"val",118,0.606866002082825,1
0,98,"val",119,0.569072961807251,1
0,98,"val",120,0.534726500511169,0
0,98,"val",121,0.56082957983017,0
0,98,"val",122,0.535894274711609,0
0,98,"val",123,0.541981875896454,1
0,98,"val",124,0.605634391307831,1
0,98,"val",125,0.580190002918243,1
0,98,"val",126,0.661905169487,1
0,98,"val",127,0.664226949214935,1
0,98,"val",128,0.399939298629761,1
0,98,"val",129,0.228842690587044,1
0,98,"val",130,0.563223838806152,1
0,98,"val",131,0.567604780197144,0
0,98,"val",132,0.500356793403625,0
0,98,"val",133,0.496690213680267,1
0,98,"val",134,0.523178040981293,1
0,98,"val",135,0.530443727970123,0
0,98,"val",136,0.437258720397949,0
0,98,"val",137,0.45425945520401,0
0,98,"val",138,0.554463565349579,0
0,98,"val",139,0.546380281448364,0
0,98,"val",140,0.560596168041229,0
0,98,"val",141,0.526887834072113,1
0,98,"val",142,0.566680729389191,1
0,98,"val",143,0.558329224586487,1
0,98,"val",144,0.569072961807251,0
0,98,"val",145,0.573991894721985,0
0,98,"val",146,0.56082957983017,0
0,98,"val",147,0.557651400566101,0
0,98,"val",148,0.541981875896454,0
0,98,"val",149,0.612096309661865,0
0,98,"val",150,0.580190002918243,0
0,98,"val",151,0.581043362617493,0
0,98,"val",152,0.66422700881958,1
0,98,"val",153,0.631747305393219,0
0,98,"val",154,0.228842690587044,1
0,98,"val",155,0.276911228895187,0
0,98,"val",156,0.567604780197144,0
0,98,"val",157,0.561472296714783,0
0,98,"val",158,0.496690213680267,0
0,98,"val",159,0.50544273853302,1
0,98,"val",160,0.530443727970123,1
0,98,"val",161,0.525013625621796,1
0,98,"val",162,0.45425945520401,1
0,98,"val",163,0.455464154481888,1
0,98,"val",164,0.546380281448364,0
0,98,"val",165,0.540692031383514,0
0,98,"val",166,0.526887834072113,0
0,98,"val",167,0.541254281997681,0
0,98,"val",168,0.558329224586487,1
0,98,"val",169,0.562290668487549,0
0,98,"val",170,0.573991894721985,0
0,98,"val",171,0.573989450931549,0
0,98,"val",172,0.557651400566101,1
0,98,"val",173,0.555216073989868,1
0,98,"val",174,0.612096309661865,1
0,98,"val",175,0.563012063503265,0
0,98,"val",176,0.581043362617493,0
0,98,"val",177,0.549907803535461,1
0,98,"val",178,0.631747305393219,0
0,98,"val",179,0.61848372220993,1
0,98,"val",180,0.276911228895187,0
0,98,"val",181,0.27845710515976,1
0,98,"val",182,0.561472296714783,1
0,98,"val",183,0.550816178321838,1
0,98,"val",184,0.50544273853302,0
0,98,"val",185,0.50238311290741,0
0,98,"val",186,0.525013625621796,0
0,98,"val",187,0.519793927669525,0
0,98,"val",188,0.455464154481888,0
0,98,"val",189,0.469170957803726,0
0,98,"val",190,0.540692031383514,0
0,98,"val",191,0.556786239147186,1
0,98,"val",192,0.541254281997681,0
0,98,"val",193,0.534846663475037,0
0,98,"val",194,0.562290668487549,0
0,98,"val",195,0.549394130706787,1
0,98,"val",196,0.573989450931549,1
0,98,"val",197,0.575877666473389,1
0,98,"val",198,0.555216073989868,1
0,98,"val",199,0.541703343391418,0
0,98,"val",200,0.563012063503265,0
0,98,"val",201,0.542429149150848,0
0,98,"val",202,0.549907803535461,0
0,98,"val",203,0.562903761863708,1
0,98,"val",204,0.61848372220993,1
0,98,"val",205,0.60107684135437,1
0,98,"val",206,0.27845710515976,0
0,98,"val",207,0.506387591362,0
0,98,"val",208,0.550816178321838,0
0,98,"val",209,0.568482577800751,1
0,98,"val",210,0.50238311290741,1
0,98,"val",211,0.496306538581848,1
0,98,"val",212,0.519793927669525,1
0,98,"val",213,0.522953987121582,1
0,98,"val",214,0.469170957803726,1
0,98,"val",215,0.466398388147354,0
0,98,"val",216,0.556786239147186,0
0,98,"val",217,0.546148240566254,0
0,98,"val",218,0.534846663475037,0
0,98,"val",219,0.546986043453217,0
0,98,"val",220,0.549394130706787,0
0,98,"val",221,0.554311633110046,1
0,98,"val",222,0.575877666473389,1
0,98,"val",223,0.589247286319733,1
0,98,"val",224,0.541703343391418,0
0,98,"val",225,0.57657915353775,1
0,98,"val",226,0.542429149150848,1
0,98,"val",227,0.537981271743774,1
0,98,"val",228,0.562903761863708,0
0,98,"val",229,0.552987396717072,0
0,98,"val",230,0.60107684135437,0
0,98,"val",231,0.609034061431885,0
0,98,"val",232,0.506387591362,0
0,98,"val",233,0.281884491443634,0
0,98,"val",234,0.568482577800751,0
0,98,"val",235,0.588722944259644,0
0,98,"val",236,0.496306538581848,0
0,98,"val",237,0.49611359834671,0
0,98,"val",238,0.522953987121582,1
0,98,"val",239,0.522832155227661,0
0,98,"val",240,0.466398388147354,0
0,98,"val",241,0.465806066989899,0
0,98,"val",242,0.546148240566254,0
0,98,"val",243,0.540533483028412,1
0,98,"val",244,0.546986043453217,1
0,98,"val",245,0.535553157329559,1
0,98,"val",246,0.554311633110046,0
0,98,"val",247,0.547343909740448,1
0,98,"val",248,0.589247286319733,1
0,98,"val",249,0.588565766811371,0
0,98,"val",250,0.57657915353775,1
0,98,"val",251,0.564315915107727,1
0,98,"val",252,0.537981271743774,1
0,98,"val",253,0.550117015838623,1
0,98,"val",254,0.552987396717072,0
0,98,"val",255,0.548276841640472,0
0,98,"val",256,0.609034061431885,0
0,98,"val",257,0.593633890151978,0
0,98,"val",258,0.281884491443634,1
0,98,"val",259,0.445237249135971,1
0,98,"val",260,0.588722944259644,1
0,98,"val",261,0.565772235393524,1
0,98,"val",262,0.49611359834671,1
0,98,"val",263,0.492466926574707,0
0,98,"val",264,0.522832155227661,0
0,98,"val",265,0.522571563720703,1
0,98,"val",266,0.465806066989899,1
0,98,"val",267,0.46561536192894,0
0,98,"val",268,0.540533483028412,0
0,98,"val",269,0.537706613540649,0
0,98,"val",270,0.535553157329559,1
0,98,"val",271,0.519226014614105,1
0,98,"val",272,0.547343909740448,1
0,98,"val",273,0.568604171276093,1
0,98,"val",274,0.588565766811371,0
0,98,"val",275,0.604933857917786,0
0,98,"val",276,0.564315915107727,0
0,98,"val",277,0.572963297367096,0
0,98,"val",278,0.550117015838623,1
0,98,"val",279,0.553771018981934,1
0,98,"val",280,0.548276841640472,1
0,98,"val",281,0.565163493156433,1
0,98,"val",282,0.593633890151978,1
0,98,"val",283,0.571222484111786,1
0,98,"val",284,0.445237249135971,0
0,98,"val",285,0.479349136352539,0
0,98,"val",286,0.565772235393524,0
0,98,"val",287,0.578917145729065,0
0,98,"val",288,0.492466926574707,0
0,98,"val",289,0.487639904022217,0
0,98,"val",290,0.522571563720703,0
0,98,"val",291,0.521769046783447,0
0,98,"val",292,0.46561536192894,0
0,98,"val",293,0.446867257356644,0
0,98,"val",294,0.537706613540649,1
0,98,"val",295,0.536232948303223,1
0,98,"val",296,0.519226014614105,0
0,98,"val",297,0.56962114572525,0
0,98,"val",298,0.568604171276093,0
0,98,"val",299,0.585460066795349,1
0,98,"val",300,0.604933857917786,1
0,98,"val",301,0.583129823207855,1
0,98,"val",302,0.572963297367096,0
0,98,"val",303,0.547947943210602,0
0,98,"val",304,0.553771018981934,0
0,98,"test",1,0.51711231470108,0
0,98,"test",2,0.565163493156433,0
0,98,"test",3,0.575883328914642,1
0,98,"test",4,0.571222484111786,1
0,98,"test",5,0.575223505496979,1
0,98,"test",6,0.479349136352539,1
0,98,"test",7,0.44865295290947,1
0,98,"test",8,0.57891720533371,1
0,98,"test",9,0.557199776172638,1
0,98,"test",10,0.487639904022217,1
0,98,"test",11,0.492332637310028,1
0,98,"test",12,0.521769046783447,1
0,98,"test",13,0.524964570999146,1
0,98,"test",14,0.446867257356644,1
0,98,"test",15,0.455065429210663,1
0,98,"test",16,0.536232948303223,1
0,98,"test",17,0.546483337879181,0
0,98,"test",18,0.56962114572525,0
0,98,"test",19,0.576456546783447,0
0,98,"test",20,0.585460066795349,1
0,98,"test",21,0.603461384773254,1
0,98,"test",22,0.583129823207855,1
0,98,"test",23,0.5793297290802,0
0,98,"test",24,0.547947943210602,0
0,98,"test",25,0.577999353408813,0
0,98,"test",26,0.51711231470108,1
0,98,"test",27,0.540890753269196,1
0,98,"test",28,0.575883328914642,1
0,98,"test",29,0.574674010276794,0
0,98,"test",30,0.575223505496979,0
0,98,"test",31,0.592260658740997,0
0,98,"test",32,0.44865295290947,0
0,98,"test",33,0.390964686870575,0
0,98,"test",34,0.557199776172638,1
0,98,"test",35,0.563930869102478,1
0,98,"test",36,0.492332637310028,1
0,98,"test",37,0.497639060020447,1
0,98,"test",38,0.524964570999146,1
0,98,"test",39,0.522075176239014,1
0,98,"test",40,0.455065429210663,1
0,98,"test",41,0.449644267559052,1
0,98,"test",42,0.546483337879181,0
0,98,"test",43,0.552281141281128,0
0,98,"test",44,0.576456546783447,1
0,98,"test",45,0.57079142332077,1
0,98,"test",46,0.603461384773254,1
0,98,"test",47,0.567323088645935,0
0,98,"test",48,0.5793297290802,0
0,98,"test",49,0.575266361236572,0
0,98,"test",50,0.577999353408813,0
0,98,"test",51,0.544302105903625,1
0,98,"test",52,0.540890753269196,1
0,98,"test",53,0.545028448104858,1
0,98,"test",54,0.574674010276794,1
0,98,"test",55,0.559454739093781,0
0,98,"test",56,0.592260658740997,0
0,98,"test",57,0.652682244777679,0
0,98,"test",58,0.390964686870575,0
0,98,"test",59,0.356385082006454,1
0,98,"test",60,0.563930869102478,1
0,98,"test",61,0.554776847362518,1
0,98,"test",62,0.497639060020447,0
0,98,"test",63,0.491249293088913,1
0,98,"test",64,0.522075176239014,1
0,98,"test",65,0.520668566226959,1
0,98,"test",66,0.449644267559052,1
0,98,"test",67,0.440802037715912,1
0,98,"test",68,0.552281141281128,0
0,98,"test",69,0.546463310718536,0
0,98,"test",70,0.57079142332077,0
0,98,"test",71,0.539307773113251,1
0,98,"test",72,0.567323088645935,1
0,98,"test",73,0.554282784461975,0
0,98,"test",74,0.575266361236572,0
0,98,"test",75,0.583397507667542,0
0,98,"test",76,0.544302105903625,0
0,98,"test",77,0.554109156131744,0
0,98,"test",78,0.545028448104858,1
0,98,"test",79,0.583580493927002,0
0,98,"test",80,0.559454739093781,0
0,98,"test",81,0.57300066947937,1
0,98,"test",82,0.652682244777679,1
0,98,"test",83,0.601545453071594,1
0,98,"test",84,0.356385082006454,1
0,98,"test",85,0.387800663709641,0
0,98,"test",86,0.554776847362518,0
0,98,"test",87,0.553991496562958,0
0,98,"test",88,0.491249293088913,0
0,98,"test",89,0.493182361125946,0
0,98,"test",90,0.520668566226959,0
0,98,"test",91,0.52570641040802,1
0,98,"test",92,0.440802037715912,0
0,98,"test",93,0.438649475574493,0
0,98,"test",94,0.546463310718536,0
0,98,"test",95,0.548456609249115,0
0,98,"test",96,0.539307773113251,0
0,98,"test",97,0.546823024749756,1
0,98,"test",98,0.554282784461975,1
0,98,"test",99,0.566187918186188,1
0,98,"test",100,0.583397507667542,1
0,98,"test",101,0.578368782997131,1
0,98,"test",102,0.554109156131744,0
0,98,"test",103,0.542853474617004,0
0,98,"test",104,0.583580493927002,0
0,98,"test",105,0.622911632061005,0
0,98,"test",106,0.57300066947937,0
0,98,"test",107,0.546893775463104,0
0,98,"test",108,0.601545453071594,0
0,98,"test",109,0.612452864646912,0
0,98,"test",110,0.387800663709641,1
0,98,"test",111,0.258290886878967,1
0,98,"test",112,0.553991496562958,1
0,98,"test",113,0.561273396015167,0
0,98,"test",114,0.493182361125946,1
0,98,"test",115,0.512537777423859,1
0,98,"test",116,0.52570641040802,1
0,98,"test",117,0.52305668592453,1
0,98,"test",118,0.438649475574493,1
0,98,"test",119,0.447020083665848,0
0,98,"test",120,0.548456609249115,0
0,98,"test",121,0.539305210113525,0
0,98,"test",122,0.546823024749756,1
0,98,"test",123,0.544628620147705,1
0,98,"test",124,0.566187918186188,1
0,98,"test",125,0.553836345672607,0
0,98,"test",126,0.578368782997131,0
0,98,"test",127,0.575725257396698,0
0,98,"test",128,0.542853474617004,1
0,98,"test",129,0.537074625492096,1
0,98,"test",130,0.622911632061005,1
0,98,"test",131,0.642382919788361,1
0,98,"test",132,0.546893775463104,0
0,98,"test",133,0.641501128673553,0
0,98,"test",134,0.612452864646912,0
0,98,"test",135,0.600425064563751,0
0,98,"test",136,0.258290886878967,0
0,98,"test",137,0.387397408485413,1
0,98,"test",138,0.561273396015167,1
0,98,"test",139,0.56674337387085,1
0,98,"test",140,0.512537777423859,1
0,98,"test",141,0.516077876091003,1
0,98,"test",142,0.52305668592453,1
0,98,"test",143,0.529306769371033,1
0,98,"test",144,0.447020083665848,1
0,98,"test",145,0.439586222171783,1
0,98,"test",146,0.539305210113525,1
0,98,"test",147,0.540401220321655,1
0,98,"test",148,0.544628620147705,1
0,98,"test",149,0.582406640052795,1
0,98,"test",150,0.553836345672607,1
0,98,"test",151,0.558375358581543,1
0,98,"test",152,0.575725257396698,0
0,98,"test",153,0.59934014081955,0
0,98,"test",154,0.537074625492096,1
0,98,"test",155,0.528604626655579,1
0,98,"test",156,0.642382919788361,1
0,98,"test",157,0.603064477443695,0
0,98,"test",158,0.641501128673553,0
0,98,"test",159,0.587536811828613,0
0,98,"test",160,0.600425064563751,0
0,98,"test",161,0.597275018692017,0
0,98,"test",162,0.387397408485413,0
0,98,"test",163,0.471621006727219,0
0,98,"test",164,0.56674337387085,0
0,98,"test",165,0.56429249048233,1
0,98,"test",166,0.516077876091003,1
0,98,"test",167,0.499565422534943,0
0,98,"test",168,0.529306769371033,1
0,98,"test",169,0.529319524765015,1
0,98,"test",170,0.439586222171783,1
0,98,"test",171,0.444798707962036,0
0,98,"test",172,0.540401220321655,0
0,98,"test",173,0.534946084022522,1
0,98,"test",174,0.582406640052795,1
0,98,"test",175,0.561989426612854,1
0,98,"test",176,0.558375358581543,1
0,98,"test",177,0.558976531028748,0
0,98,"test",178,0.59934014081955,0
0,98,"test",179,0.57534658908844,0
0,98,"test",180,0.528604626655579,0
0,98,"test",181,0.563910663127899,0
0,98,"test",182,0.603064477443695,0
0,98,"test",183,0.59411609172821,0
0,98,"test",184,0.587536811828613,0
0,98,"test",185,0.5628382563591,0
0,98,"test",186,0.597275018692017,1
0,98,"test",187,0.589753746986389,0
0,98,"test",188,0.471621006727219,0
0,98,"test",189,0.47561964392662,0
0,98,"test",190,0.56429249048233,0
0,98,"test",191,0.525221586227417,0
0,98,"test",192,0.499565422534943,0
0,98,"test",193,0.520373225212097,0
0,98,"test",194,0.529319524765015,0
0,98,"test",195,0.526422500610352,0
0,98,"test",196,0.444798707962036,0
0,98,"test",197,0.458597153425217,1
0,98,"test",198,0.534946084022522,1
0,98,"test",199,0.538597643375397,1
0,98,"test",200,0.561989426612854,0
0,98,"test",201,0.559138417243958,0
0,98,"test",202,0.558976531028748,1
0,98,"test",203,0.588058292865753,0
0,98,"test",204,0.57534658908844,0
0,98,"test",205,0.575027167797089,0
0,98,"test",206,0.563910663127899,1
0,98,"test",207,0.548964560031891,0
0,98,"test",208,0.59411609172821,0
0,98,"test",209,0.554953575134277,0
0,98,"test",210,0.5628382563591,0
0,98,"test",211,0.563724458217621,0
0,98,"test",212,0.589753746986389,1
0,98,"test",213,0.625223517417908,0
0,98,"test",214,0.47561964392662,1
0,98,"test",215,0.292233020067215,1
0,98,"test",216,0.525221586227417,1
0,98,"test",217,0.500867009162903,0
0,98,"test",218,0.520373225212097,0
0,98,"test",219,0.519633412361145,1
0,98,"test",220,0.526422500610352,1
0,98,"test",221,0.529186904430389,0
0,98,"test",222,0.458597153425217,1
0,98,"test",223,0.440266221761703,1
0,98,"test",224,0.538597643375397,1
0,98,"test",225,0.545112550258636,0
0,98,"test",226,0.559138417243958,0
0,98,"test",227,0.561824142932892,0
0,98,"test",228,0.588058292865753,1
0,98,"test",229,0.561397910118103,1
0,98,"test",230,0.575027167797089,0
0,98,"test",231,0.56148886680603,1
0,98,"test",232,0.548964560031891,1
0,98,"test",233,0.575121641159058,1
0,98,"test",234,0.554953575134277,1
0,98,"test",235,0.559172689914703,1
0,98,"test",236,0.563724458217621,1
0,98,"test",237,0.575410902500153,0
0,98,"test",238,0.625223517417908,0
0,98,"test",239,0.600685894489288,0
0,98,"test",240,0.292233020067215,0
0,98,"test",241,0.244632259011269,0
0,98,"test",242,0.500867009162903,0
0,98,"test",243,0.543039560317993,0
0,98,"test",244,0.519633412361145,1
0,98,"test",245,0.501047849655151,1
0,98,"test",246,0.529186904430389,1
0,98,"test",247,0.529514253139496,1
0,98,"test",248,0.440266191959381,1
0,98,"test",249,0.426767230033875,1
0,98,"test",250,0.545112550258636,1
0,98,"test",251,0.55199521780014,1
0,98,"test",252,0.561824142932892,0
0,98,"test",253,0.585598468780518,0
0,98,"test",254,0.561397910118103,0
0,98,"test",255,0.54948490858078,1
0,98,"test",256,0.561488807201385,1
0,98,"test",257,0.583692669868469,1
0,98,"test",258,0.575121641159058,1
0,98,"test",259,0.55742996931076,1
0,98,"test",260,0.559172689914703,1
0,98,"test",261,0.543112456798553,1
0,98,"test",262,0.575410902500153,0
0,98,"test",263,0.551816403865814,0
0,98,"test",264,0.600685894489288,1
0,98,"test",265,0.605311930179596,1
0,98,"test",266,0.244632259011269,1
0,98,"test",267,0.443957328796387,1
0,98,"test",268,0.543039560317993,1
0,98,"test",269,0.552438139915466,1
0,98,"test",270,0.501047849655151,1
0,98,"test",271,0.511460781097412,1
0,98,"test",272,0.529514253139496,1
0,98,"test",273,0.525393187999725,1
0,98,"test",274,0.426767230033875,1
0,98,"test",275,0.44095054268837,1
0,98,"test",276,0.55199521780014,1
0,98,"test",277,0.537519931793213,1
0,98,"test",278,0.585598468780518,0
0,98,"test",279,0.617795765399933,0
0,98,"test",280,0.54948490858078,0
0,98,"test",281,0.564429461956024,0
0,98,"test",282,0.583692669868469,0
0,98,"test",283,0.571220636367798,0
0,98,"test",284,0.55742996931076,0
0,98,"test",285,0.555754601955414,0
0,98,"test",286,0.543112456798553,0
0,98,"test",287,0.622556865215302,0
0,98,"test",288,0.551816403865814,0
0,98,"test",289,0.568498373031616,0
0,98,"test",290,0.605311930179596,0
0,98,"test",291,0.57385927438736,0
0,98,"test",292,0.443957328796387,1
0,98,"test",293,0.520294547080994,1
0,98,"test",294,0.552438139915466,1
0,98,"test",295,0.55596125125885,0
0,98,"test",296,0.511460781097412,0
0,98,"test",297,0.505155086517334,1
0,98,"test",298,0.525393187999725,0
0,98,"test",299,0.527713716030121,0
0,98,"test",300,0.44095054268837,1
0,98,"test",301,0.396544873714447,1
0,98,"test",302,0.537519931793213,1
0,98,"test",303,0.555201053619385,0
0,98,"test",304,0.617795765399933,1
0,98,"test",305,0.600288391113281,0
0,41,"val",1,0.547832429409027,0
0,41,"val",2,0.518643856048584,1
0,41,"val",3,0.512579202651978,0
0,41,"val",4,0.521833658218384,1
0,41,"val",5,0.525411009788513,1
0,41,"val",6,0.419016987085342,1
0,41,"val",7,0.449922800064087,1
0,41,"val",8,0.541105568408966,1
0,41,"val",9,0.53409069776535,1
0,41,"val",10,0.552398443222046,1
0,41,"val",11,0.541061401367188,1
0,41,"val",12,0.542302370071411,1
0,41,"val",13,0.558118045330048,1
0,41,"val",14,0.554845154285431,1
0,41,"val",15,0.574019312858582,1
0,41,"val",16,0.548198699951172,1
0,41,"val",17,0.536413908004761,1
0,41,"val",18,0.52166086435318,1
0,41,"val",19,0.532054007053375,1
0,41,"val",20,0.611802816390991,1
0,41,"val",21,0.626289248466492,1
0,41,"val",22,0.571354031562805,1
0,41,"val",23,0.550999164581299,0
0,41,"val",24,0.545184850692749,0
0,41,"val",25,0.444195866584778,1
0,41,"val",26,0.547832429409027,0
0,41,"val",27,0.554990708827972,0
0,41,"val",28,0.512579202651978,0
0,41,"val",29,0.509715735912323,1
0,41,"val",30,0.525411009788513,1
0,41,"val",31,0.524280846118927,0
0,41,"val",32,0.449922770261765,0
0,41,"val",33,0.436631441116333,0
0,41,"val",34,0.53409069776535,0
0,41,"val",35,0.530597507953644,0
0,41,"val",36,0.541061401367188,0
0,41,"val",37,0.545924842357635,1
0,41,"val",38,0.558118045330048,1
0,41,"val",39,0.558623075485229,1
0,41,"val",40,0.574019312858582,0
0,41,"val",41,0.560908615589142,0
0,41,"val",42,0.536413908004761,0
0,41,"val",43,0.538911521434784,0
0,41,"val",44,0.532054007053375,0
0,41,"val",45,0.522765338420868,0
0,41,"val",46,0.626289248466492,0
0,41,"val",47,0.630305051803589,1
0,41,"val",48,0.550999164581299,1
0,41,"val",49,0.573839008808136,1
0,41,"val",50,0.444195866584778,1
0,41,"val",51,0.518882572650909,1
0,41,"val",52,0.554990708827972,1
0,41,"val",53,0.582008361816406,1
0,41,"val",54,0.509715735912323,1
0,41,"val",55,0.516502678394318,1
0,41,"val",56,0.524280846118927,1
0,41,"val",57,0.523380875587463,1
0,41,"val",58,0.436631441116333,1
0,41,"val",59,0.466078490018845,1
0,41,"val",60,0.530597507953644,1
0,41,"val",61,0.543038129806519,0
0,41,"val",62,0.545924842357635,1
0,41,"val",63,0.556815207004547,0
0,41,"val",64,0.558623075485229,0
0,41,"val",65,0.552892804145813,1
0,41,"val",66,0.560908615589142,1
0,41,"val",67,0.567894697189331,1
0,41,"val",68,0.538911521434784,1
0,41,"val",69,0.539668083190918,1
0,41,"val",70,0.522765338420868,1
0,41,"val",71,0.528037667274475,1
0,41,"val",72,0.630305051803589,1
0,41,"val",73,0.600715517997742,1
0,41,"val",74,0.573839008808136,1
0,41,"val",75,0.643167674541473,1
0,41,"val",76,0.518882572650909,0
0,41,"val",77,0.539585947990417,1
0,41,"val",78,0.582008361816406,1
0,41,"val",79,0.553134262561798,0
0,41,"val",80,0.516502678394318,0
0,41,"val",81,0.520953118801117,0
0,41,"val",82,0.523380875587463,1
0,41,"val",83,0.525743961334229,0
0,41,"val",84,0.466078490018845,0
0,41,"val",85,0.467084407806396,0
0,41,"val",86,0.543038129806519,1
0,41,"val",87,0.524248063564301,1
0,41,"val",88,0.556815207004547,1
0,41,"val",89,0.569599449634552,0
0,41,"val",90,0.552892804145813,0
0,41,"val",91,0.544521391391754,0
0,41,"val",92,0.567894697189331,0
0,41,"val",93,0.574919402599335,0
0,41,"val",94,0.539668083190918,0
0,41,"val",95,0.53318202495575,0
0,41,"val",96,0.528037667274475,1
0,41,"val",97,0.524324655532837,1
0,41,"val",98,0.600715517997742,1
0,41,"val",99,0.615741431713104,1
0,41,"val",100,0.643167674541473,0
0,41,"val",101,0.628897905349731,0
0,41,"val",102,0.539585947990417,0
0,41,"val",103,0.416585206985474,0
0,41,"val",104,0.553134262561798,1
0,41,"val",105,0.554944336414337,1
0,41,"val",106,0.520953118801117,1
0,41,"val",107,0.521646797657013,1
0,41,"val",108,0.525743961334229,1
0,41,"val",109,0.522723376750946,0
0,41,"val",110,0.467084407806396,0
0,41,"val",111,0.431489825248718,1
0,41,"val",112,0.524248063564301,1
0,41,"val",113,0.532212674617767,1
0,41,"val",114,0.569599449634552,0
0,41,"val",115,0.553692162036896,1
0,41,"val",116,0.544521391391754,0
0,41,"val",117,0.562960624694824,1
0,41,"val",118,0.574919402599335,1
0,41,"val",119,0.55550891160965,1
0,41,"val",120,0.53318202495575,0
0,41,"val",121,0.543102920055389,0
0,41,"val",122,0.524324655532837,0
0,41,"val",123,0.53105628490448,1
0,41,"val",124,0.615741431713104,1
0,41,"val",125,0.598140299320221,1
0,41,"val",126,0.628897905349731,1
0,41,"val",127,0.631751656532288,1
0,41,"val",128,0.416585206985474,1
0,41,"val",129,0.274792850017548,1
0,41,"val",130,0.554944336414337,1
0,41,"val",131,0.55876749753952,0
0,41,"val",132,0.521646797657013,0
0,41,"val",133,0.515560865402222,1
0,41,"val",134,0.522723376750946,1
0,41,"val",135,0.525825619697571,0
0,41,"val",136,0.431489825248718,0
0,41,"val",137,0.451776266098022,0
0,41,"val",138,0.532212674617767,0
0,41,"val",139,0.529760897159576,0
0,41,"val",140,0.553692162036896,0
0,41,"val",141,0.527363955974579,1
0,41,"val",142,0.562960624694824,1
0,41,"val",143,0.556422054767609,1
0,41,"val",144,0.55550891160965,0
0,41,"val",145,0.561020314693451,0
0,41,"val",146,0.543102920055389,0
0,41,"val",147,0.540221512317657,0
0,41,"val",148,0.53105628490448,0
0,41,"val",149,0.549549162387848,0
0,41,"val",150,0.598140299320221,0
0,41,"val",151,0.60860276222229,0
0,41,"val",152,0.631751656532288,1
0,41,"val",153,0.611428558826447,0
0,41,"val",154,0.274792850017548,1
0,41,"val",155,0.322455286979675,0
0,41,"val",156,0.55876749753952,0
0,41,"val",157,0.546550810337067,0
0,41,"val",158,0.515560865402222,0
0,41,"val",159,0.511272966861725,1
0,41,"val",160,0.525825619697571,1
0,41,"val",161,0.525547325611115,1
0,41,"val",162,0.451776266098022,1
0,41,"val",163,0.457341402769089,1
0,41,"val",164,0.529760897159576,0
0,41,"val",165,0.506386995315552,0
0,41,"val",166,0.527363955974579,0
0,41,"val",167,0.533488750457764,0
0,41,"val",168,0.556422054767609,1
0,41,"val",169,0.558991670608521,0
0,41,"val",170,0.561020314693451,0
0,41,"val",171,0.561098515987396,0
0,41,"val",172,0.540221512317657,1
0,41,"val",173,0.538017392158508,1
0,41,"val",174,0.549549162387848,1
0,41,"val",175,0.54249769449234,0
0,41,"val",176,0.60860276222229,0
0,41,"val",177,0.573495745658875,1
0,41,"val",178,0.611428558826447,0
0,41,"val",179,0.594397306442261,1
0,41,"val",180,0.322455286979675,0
0,41,"val",181,0.324432373046875,1
0,41,"val",182,0.546550810337067,1
0,41,"val",183,0.535964012145996,1
0,41,"val",184,0.511272966861725,0
0,41,"val",185,0.509975790977478,0
0,41,"val",186,0.525547325611115,0
0,41,"val",187,0.52313357591629,0
0,41,"val",188,0.457341402769089,0
0,41,"val",189,0.469805210828781,0
0,41,"val",190,0.506386995315552,0
0,41,"val",191,0.529216825962067,1
0,41,"val",192,0.533488750457764,0
0,41,"val",193,0.52765828371048,0
0,41,"val",194,0.558991670608521,0
0,41,"val",195,0.548522233963013,1
0,41,"val",196,0.561098515987396,1
0,41,"val",197,0.556371092796326,1
0,41,"val",198,0.538017392158508,1
0,41,"val",199,0.534437656402588,0
0,41,"val",200,0.54249769449234,0
0,41,"val",201,0.527388036251068,0
0,41,"val",202,0.573495745658875,0
0,41,"val",203,0.583599925041199,1
0,41,"val",204,0.594397306442261,1
0,41,"val",205,0.576640725135803,1
0,41,"val",206,0.324432373046875,0
0,41,"val",207,0.496368587017059,0
0,41,"val",208,0.535964012145996,0
0,41,"val",209,0.553696632385254,1
0,41,"val",210,0.509975790977478,1
0,41,"val",211,0.509182870388031,1
0,41,"val",212,0.52313357591629,1
0,41,"val",213,0.525959968566895,1
0,41,"val",214,0.469805210828781,1
0,41,"val",215,0.467654675245285,0
0,41,"val",216,0.529216825962067,0
0,41,"val",217,0.513759076595306,0
0,41,"val",218,0.52765828371048,0
0,41,"val",219,0.541664898395538,0
0,41,"val",220,0.548522233963013,0
0,41,"val",221,0.551771104335785,1
0,41,"val",222,0.556371092796326,1
0,41,"val",223,0.564437985420227,1
0,41,"val",224,0.534437656402588,0
0,41,"val",225,0.538408935070038,1
0,41,"val",226,0.527388036251068,1
0,41,"val",227,0.525550782680511,1
0,41,"val",228,0.583599925041199,0
0,41,"val",229,0.556249618530273,0
0,41,"val",230,0.576640725135803,0
0,41,"val",231,0.587583541870117,0
0,41,"val",232,0.496368587017059,0
0,41,"val",233,0.317256540060043,0
0,41,"val",234,0.553696632385254,0
0,41,"val",235,0.584786236286163,0
0,41,"val",236,0.509182870388031,0
0,41,"val",237,0.518254160881042,0
0,41,"val",238,0.525959968566895,1
0,41,"val",239,0.523960590362549,0
0,41,"val",240,0.467654675245285,0
0,41,"val",241,0.466099351644516,0
0,41,"val",242,0.513759076595306,0
0,41,"val",243,0.507127404212952,1
0,41,"val",244,0.541664898395538,1
0,41,"val",245,0.532734870910645,1
0,41,"val",246,0.551771104335785,0
0,41,"val",247,0.546095371246338,1
0,41,"val",248,0.564437985420227,1
0,41,"val",249,0.562723398208618,0
0,41,"val",250,0.538408935070038,1
0,41,"val",251,0.535702049732208,1
0,41,"val",252,0.525550782680511,1
0,41,"val",253,0.522328078746796,1
0,41,"val",254,0.556249618530273,0
0,41,"val",255,0.55936986207962,0
0,41,"val",256,0.587583541870117,0
0,41,"val",257,0.574606895446777,0
0,41,"val",258,0.317256540060043,1
0,41,"val",259,0.457979083061218,1
0,41,"val",260,0.584786236286163,1
0,41,"val",261,0.556131660938263,1
0,41,"val",262,0.518254160881042,1
0,41,"val",263,0.518747687339783,0
0,41,"val",264,0.523960590362549,0
0,41,"val",265,0.523367285728455,1
0,41,"val",266,0.466099351644516,1
0,41,"val",267,0.465774923563004,0
0,41,"val",268,0.507127404212952,0
0,41,"val",269,0.505084037780762,0
0,41,"val",270,0.532734870910645,1
0,41,"val",271,0.517672717571259,1
0,41,"val",272,0.546095371246338,1
0,41,"val",273,0.563707292079926,1
0,41,"val",274,0.562723398208618,0
0,41,"val",275,0.571502208709717,0
0,41,"val",276,0.535702049732208,0
0,41,"val",277,0.540399312973022,0
0,41,"val",278,0.522328078746796,1
0,41,"val",279,0.523594439029694,1
0,41,"val",280,0.55936986207962,1
0,41,"val",281,0.57090425491333,1
0,41,"val",282,0.574606895446777,1
0,41,"val",283,0.552099645137787,1
0,41,"val",284,0.457979083061218,0
0,41,"val",285,0.466213017702103,0
0,41,"val",286,0.556131660938263,0
0,41,"val",287,0.570397436618805,0
0,41,"val",288,0.518747687339783,0
0,41,"val",289,0.51798403263092,0
0,41,"val",290,0.523367285728455,0
0,41,"val",291,0.525917291641235,0
0,41,"val",292,0.465774923563004,0
0,41,"val",293,0.445381164550781,0
0,41,"val",294,0.505084037780762,1
0,41,"val",295,0.505313515663147,1
0,41,"val",296,0.517672717571259,0
0,41,"val",297,0.560590922832489,0
0,41,"val",298,0.563707292079926,0
0,41,"val",299,0.578813374042511,1
0,41,"val",300,0.571502208709717,1
0,41,"val",301,0.558788537979126,1
0,41,"val",302,0.540399312973022,0
0,41,"val",303,0.536835312843323,0
0,41,"val",304,0.523594439029694,0
0,41,"test",1,0.526445209980011,0
0,41,"test",2,0.57090425491333,0
0,41,"test",3,0.58259129524231,1
0,41,"test",4,0.552099645137787,1
0,41,"test",5,0.562323451042175,1
0,41,"test",6,0.466213017702103,1
0,41,"test",7,0.452609032392502,1
0,41,"test",8,0.570397436618805,1
0,41,"test",9,0.542118310928345,1
0,41,"test",10,0.51798403263092,1
0,41,"test",11,0.523387610912323,1
0,41,"test",12,0.525917291641235,1
0,41,"test",13,0.521730780601501,1
0,41,"test",14,0.445381164550781,1
0,41,"test",15,0.456987738609314,1
0,41,"test",16,0.505313515663147,1
0,41,"test",17,0.517302572727203,0
0,41,"test",18,0.560590922832489,0
0,41,"test",19,0.567163646221161,0
0,41,"test",20,0.578813374042511,1
0,41,"test",21,0.594647169113159,1
0,41,"test",22,0.558788537979126,1
0,41,"test",23,0.554589688777924,0
0,41,"test",24,0.536835312843323,0
0,41,"test",25,0.54280698299408,0
0,41,"test",26,0.526445209980011,1
0,41,"test",27,0.533111274242401,1
0,41,"test",28,0.58259129524231,1
0,41,"test",29,0.590937912464142,0
0,41,"test",30,0.562323451042175,0
0,41,"test",31,0.575923204421997,0
0,41,"test",32,0.452609032392502,0
0,41,"test",33,0.419198274612427,0
0,41,"test",34,0.542118310928345,1
0,41,"test",35,0.560829162597656,1
0,41,"test",36,0.523387610912323,1
0,41,"test",37,0.525241494178772,1
0,41,"test",38,0.521730780601501,1
0,41,"test",39,0.520039975643158,1
0,41,"test",40,0.456987738609314,1
0,41,"test",41,0.44840732216835,1
0,41,"test",42,0.517302572727203,0
0,41,"test",43,0.53526508808136,0
0,41,"test",44,0.567163646221161,1
0,41,"test",45,0.561923623085022,1
0,41,"test",46,0.594647169113159,1
0,41,"test",47,0.563435792922974,0
0,41,"test",48,0.554589688777924,0
0,41,"test",49,0.558422386646271,0
0,41,"test",50,0.54280698299408,0
0,41,"test",51,0.533879280090332,1
0,41,"test",52,0.533111274242401,1
0,41,"test",53,0.523391902446747,1
0,41,"test",54,0.590937912464142,1
0,41,"test",55,0.585257232189178,0
0,41,"test",56,0.575923204421997,0
0,41,"test",57,0.627738833427429,0
0,41,"test",58,0.419198274612427,0
0,41,"test",59,0.391999393701553,1
0,41,"test",60,0.560829162597656,1
0,41,"test",61,0.537100732326508,1
0,41,"test",62,0.525241494178772,0
0,41,"test",63,0.520702183246613,1
0,41,"test",64,0.520039975643158,1
0,41,"test",65,0.521793603897095,1
0,41,"test",66,0.44840732216835,1
0,41,"test",67,0.438834100961685,1
0,41,"test",68,0.53526508808136,0
0,41,"test",69,0.530270576477051,0
0,41,"test",70,0.561923623085022,0
0,41,"test",71,0.545793890953064,1
0,41,"test",72,0.563435792922974,1
0,41,"test",73,0.55143928527832,0
0,41,"test",74,0.558422386646271,0
0,41,"test",75,0.56097948551178,0
0,41,"test",76,0.533879280090332,0
0,41,"test",77,0.534449636936188,0
0,41,"test",78,0.523391902446747,1
0,41,"test",79,0.530120670795441,0
0,41,"test",80,0.585257232189178,0
0,41,"test",81,0.603903412818909,1
0,41,"test",82,0.627738833427429,1
0,41,"test",83,0.583466768264771,1
0,41,"test",84,0.391999393701553,1
0,41,"test",85,0.416820526123047,0
0,41,"test",86,0.537100732326508,0
0,41,"test",87,0.537456214427948,0
0,41,"test",88,0.520702183246613,0
0,41,"test",89,0.509396314620972,0
0,41,"test",90,0.521793603897095,0
0,41,"test",91,0.524041056632996,1
0,41,"test",92,0.438834100961685,0
0,41,"test",93,0.435921221971512,0
0,41,"test",94,0.530270576477051,0
0,41,"test",95,0.527423799037933,0
0,41,"test",96,0.545793890953064,0
0,41,"test",97,0.54229325056076,1
0,41,"test",98,0.55143928527832,1
0,41,"test",99,0.562281787395477,1
0,41,"test",100,0.56097948551178,1
0,41,"test",101,0.558506190776825,1
0,41,"test",102,0.534449636936188,0
0,41,"test",103,0.530925333499908,0
0,41,"test",104,0.530120670795441,0
0,41,"test",105,0.548845171928406,0
0,41,"test",106,0.603903412818909,0
0,41,"test",107,0.567421436309814,0
0,41,"test",108,0.583466768264771,0
0,41,"test",109,0.592926025390625,0
0,41,"test",110,0.416820526123047,1
0,41,"test",111,0.306562185287476,1
0,41,"test",112,0.537456214427948,1
0,41,"test",113,0.547496676445007,0
0,41,"test",114,0.509396314620972,1
0,41,"test",115,0.519259333610535,1
0,41,"test",116,0.524041056632996,1
0,41,"test",117,0.525288343429565,1
0,41,"test",118,0.435921221971512,1
0,41,"test",119,0.443496972322464,0
0,41,"test",120,0.527423799037933,0
0,41,"test",121,0.504905819892883,0
0,41,"test",122,0.54229325056076,1
0,41,"test",123,0.540585994720459,1
0,41,"test",124,0.562281787395477,1
0,41,"test",125,0.551583290100098,0
0,41,"test",126,0.558506190776825,0
0,41,"test",127,0.560140669345856,0
0,41,"test",128,0.530925333499908,1
0,41,"test",129,0.531526505947113,1
0,41,"test",130,0.548845171928406,1
0,41,"test",131,0.568543374538422,1
0,41,"test",132,0.567421436309814,0
0,41,"test",133,0.676047742366791,0
0,41,"test",134,0.592926025390625,0
0,41,"test",135,0.580337584018707,0
0,41,"test",136,0.306562185287476,0
0,41,"test",137,0.413400739431381,1
0,41,"test",138,0.547496676445007,1
0,41,"test",139,0.552526652812958,1
0,41,"test",140,0.519259333610535,1
0,41,"test",141,0.517326414585114,1
0,41,"test",142,0.525288343429565,1
0,41,"test",143,0.531259536743164,1
0,41,"test",144,0.443496972322464,1
0,41,"test",145,0.432969570159912,1
0,41,"test",146,0.504905819892883,1
0,41,"test",147,0.505905568599701,1
0,41,"test",148,0.540585994720459,1
0,41,"test",149,0.570776581764221,1
0,41,"test",150,0.551583290100098,1
0,41,"test",151,0.554780006408691,1
0,41,"test",152,0.560140669345856,0
0,41,"test",153,0.575655043125153,0
0,41,"test",154,0.531526505947113,1
0,41,"test",155,0.531740188598633,1
0,41,"test",156,0.568543374538422,1
0,41,"test",157,0.539799749851227,0
0,41,"test",158,0.676047742366791,0
0,41,"test",159,0.616864800453186,0
0,41,"test",160,0.580337584018707,0
0,41,"test",161,0.577180325984955,0
0,41,"test",162,0.413400739431381,0
0,41,"test",163,0.477259337902069,0
0,41,"test",164,0.552526652812958,0
0,41,"test",165,0.555697917938232,1
0,41,"test",166,0.517326414585114,1
0,41,"test",167,0.51989871263504,0
0,41,"test",168,0.531259536743164,1
0,41,"test",169,0.529136657714844,1
0,41,"test",170,0.432969570159912,1
0,41,"test",171,0.439665883779526,0
0,41,"test",172,0.505905568599701,0
0,41,"test",173,0.498366832733154,1
0,41,"test",174,0.570776581764221,1
0,41,"test",175,0.554761588573456,1
0,41,"test",176,0.554780006408691,1
0,41,"test",177,0.554354846477509,0
0,41,"test",178,0.575655043125153,0
0,41,"test",179,0.561413407325745,0
0,41,"test",180,0.531740188598633,0
0,41,"test",181,0.531983256340027,0
0,41,"test",182,0.539799749851227,0
0,41,"test",183,0.532517373561859,0
0,41,"test",184,0.616864740848541,0
0,41,"test",185,0.596573114395142,0
0,41,"test",186,0.577180325984955,1
0,41,"test",187,0.569378674030304,0
0,41,"test",188,0.477259337902069,0
0,41,"test",189,0.483734220266342,0
0,41,"test",190,0.555697917938232,0
0,41,"test",191,0.518641531467438,0
0,41,"test",192,0.51989871263504,0
0,41,"test",193,0.508775591850281,0
0,41,"test",194,0.529136657714844,0
0,41,"test",195,0.530353128910065,0
0,41,"test",196,0.439665883779526,0
0,41,"test",197,0.45892471075058,1
0,41,"test",198,0.498366832733154,1
0,41,"test",199,0.503851056098938,1
0,41,"test",200,0.554761588573456,0
0,41,"test",201,0.551830887794495,0
0,41,"test",202,0.554354846477509,1
0,41,"test",203,0.581613779067993,0
0,41,"test",204,0.561413407325745,0
0,41,"test",205,0.556787133216858,0
0,41,"test",206,0.531983256340027,1
0,41,"test",207,0.528796911239624,0
0,41,"test",208,0.532517373561859,0
0,41,"test",209,0.524894177913666,0
0,41,"test",210,0.596573114395142,0
0,41,"test",211,0.597391963005066,0
0,41,"test",212,0.569378674030304,1
0,41,"test",213,0.604410290718079,0
0,41,"test",214,0.483734220266342,1
0,41,"test",215,0.344389379024506,1
0,41,"test",216,0.518641531467438,1
0,41,"test",217,0.487103760242462,0
0,41,"test",218,0.508775591850281,0
0,41,"test",219,0.506841123104095,1
0,41,"test",220,0.530353128910065,1
0,41,"test",221,0.529636740684509,0
0,41,"test",222,0.45892471075058,1
0,41,"test",223,0.434457778930664,1
0,41,"test",224,0.503851056098938,1
0,41,"test",225,0.516264140605927,0
0,41,"test",226,0.551830887794495,0
0,41,"test",227,0.566234290599823,0
0,41,"test",228,0.581613779067993,1
0,41,"test",229,0.556709408760071,1
0,41,"test",230,0.556787133216858,0
0,41,"test",231,0.550900816917419,1
0,41,"test",232,0.528796911239624,1
0,41,"test",233,0.54701954126358,1
0,41,"test",234,0.524894177913666,1
0,41,"test",235,0.52438485622406,1
0,41,"test",236,0.597391963005066,1
0,41,"test",237,0.613167285919189,0
0,41,"test",238,0.604410290718079,0
0,41,"test",239,0.580442070960999,0
0,41,"test",240,0.344389379024506,0
0,41,"test",241,0.310802400112152,0
0,41,"test",242,0.487103760242462,0
0,41,"test",243,0.520765721797943,0
0,41,"test",244,0.506841123104095,1
0,41,"test",245,0.5051349401474,1
0,41,"test",246,0.529636740684509,1
0,41,"test",247,0.533746719360352,1
0,41,"test",248,0.434457778930664,1
0,41,"test",249,0.42170113325119,1
0,41,"test",250,0.516264140605927,1
0,41,"test",251,0.52219694852829,1
0,41,"test",252,0.566234290599823,0
0,41,"test",253,0.577432870864868,0
0,41,"test",254,0.556709408760071,0
0,41,"test",255,0.546294629573822,1
0,41,"test",256,0.550900816917419,1
0,41,"test",257,0.563026070594788,1
0,41,"test",258,0.54701954126358,1
0,41,"test",259,0.534534573554993,1
0,41,"test",260,0.52438485622406,1
0,41,"test",261,0.528047800064087,1
0,41,"test",262,0.613167285919189,0
0,41,"test",263,0.591833174228668,0
0,41,"test",264,0.580442070960999,1
0,41,"test",265,0.586753964424133,1
0,41,"test",266,0.310802400112152,1
0,41,"test",267,0.467483520507812,1
0,41,"test",268,0.520765721797943,1
0,41,"test",269,0.533592224121094,1
0,41,"test",270,0.5051349401474,1
0,41,"test",271,0.516697645187378,1
0,41,"test",272,0.533746719360352,1
0,41,"test",273,0.529284834861755,1
0,41,"test",274,0.42170113325119,1
0,41,"test",275,0.435742259025574,1
0,41,"test",276,0.52219694852829,1
0,41,"test",277,0.507080733776093,1
0,41,"test",278,0.577432870864868,0
0,41,"test",279,0.593694627285004,0
0,41,"test",280,0.546294629573822,0
0,41,"test",281,0.56118905544281,0
0,41,"test",282,0.563026070594788,0
0,41,"test",283,0.553999304771423,0
0,41,"test",284,0.534534573554993,0
0,41,"test",285,0.541969895362854,0
0,41,"test",286,0.528047800064087,0
0,41,"test",287,0.549818575382233,0
0,41,"test",288,0.591833174228668,0
0,41,"test",289,0.601464450359344,0
0,41,"test",290,0.586753964424133,0
0,41,"test",291,0.558616042137146,0
0,41,"test",292,0.467483520507812,1
0,41,"test",293,0.516027092933655,1
0,41,"test",294,0.533592224121094,1
0,41,"test",295,0.548978447914124,0
0,41,"test",296,0.516697645187378,0
0,41,"test",297,0.518862307071686,1
0,41,"test",298,0.529284834861755,0
0,41,"test",299,0.531392395496368,0
0,41,"test",300,0.435742259025574,1
0,41,"test",301,0.36895689368248,1
0,41,"test",302,0.507080733776093,1
0,41,"test",303,0.525387287139893,0
0,41,"test",304,0.593694627285004,1
0,41,"test",305,0.583737254142761,0
0,64,"val",1,0.523159623146057,0
0,64,"val",2,0.515673756599426,1
0,64,"val",3,0.503857851028442,0
0,64,"val",4,0.487087726593018,1
0,64,"val",5,0.489147335290909,1
0,64,"val",6,0.435228854417801,1
0,64,"val",7,0.451745867729187,1
0,64,"val",8,0.539259493350983,1
0,64,"val",9,0.529173374176025,1
0,64,"val",10,0.547211825847626,1
0,64,"val",11,0.540162265300751,1
0,64,"val",12,0.542945265769958,1
0,64,"val",13,0.552126824855804,1
0,64,"val",14,0.545960068702698,1
0,64,"val",15,0.560961306095123,1
0,64,"val",16,0.559097528457642,1
0,64,"val",17,0.547585844993591,1
0,64,"val",18,0.531471729278564,1
0,64,"val",19,0.538825631141663,1
0,64,"val",20,0.563326299190521,1
0,64,"val",21,0.568819224834442,1
0,64,"val",22,0.578739881515503,1
0,64,"val",23,0.583856523036957,0
0,64,"val",24,0.580660223960876,0
0,64,"val",25,0.562178313732147,1
0,64,"val",26,0.523159623146057,0
0,64,"val",27,0.528730154037476,0
0,64,"val",28,0.503857851028442,0
0,64,"val",29,0.506043374538422,1
0,64,"val",30,0.489147335290909,1
0,64,"val",31,0.49699455499649,0
0,64,"val",32,0.451745867729187,0
0,64,"val",33,0.449871033430099,0
0,64,"val",34,0.529173374176025,0
0,64,"val",35,0.526009857654572,0
0,64,"val",36,0.540162265300751,0
0,64,"val",37,0.545508921146393,1
0,64,"val",38,0.552126824855804,1
0,64,"val",39,0.555117845535278,1
0,64,"val",40,0.560961306095123,0
0,64,"val",41,0.549564719200134,0
0,64,"val",42,0.547585844993591,0
0,64,"val",43,0.550951659679413,0
0,64,"val",44,0.538825631141663,0
0,64,"val",45,0.532824397087097,0
0,64,"val",46,0.568819224834442,0
0,64,"val",47,0.572867751121521,1
0,64,"val",48,0.583856523036957,1
0,64,"val",49,0.584065079689026,1
0,64,"val",50,0.562178313732147,1
0,64,"val",51,0.565476536750793,1
0,64,"val",52,0.528730154037476,1
0,64,"val",53,0.546396434307098,1
0,64,"val",54,0.506043374538422,1
0,64,"val",55,0.514894068241119,1
0,64,"val",56,0.49699455499649,1
0,64,"val",57,0.500369548797607,1
0,64,"val",58,0.449871033430099,1
0,64,"val",59,0.466927468776703,1
0,64,"val",60,0.526009857654572,1
0,64,"val",61,0.539886236190796,0
0,64,"val",62,0.545508921146393,1
0,64,"val",63,0.552828431129456,0
0,64,"val",64,0.555117845535278,0
0,64,"val",65,0.551749467849731,1
0,64,"val",66,0.549564719200134,1
0,64,"val",67,0.555993497371674,1
0,64,"val",68,0.550951659679413,1
0,64,"val",69,0.550355494022369,1
0,64,"val",70,0.532824397087097,1
0,64,"val",71,0.536265134811401,1
0,64,"val",72,0.572867751121521,1
0,64,"val",73,0.557646512985229,1
0,64,"val",74,0.584065079689026,1
0,64,"val",75,0.615232408046722,1
0,64,"val",76,0.565476536750793,0
0,64,"val",77,0.556960046291351,1
0,64,"val",78,0.546396434307098,1
0,64,"val",79,0.528527081012726,0
0,64,"val",80,0.514894068241119,0
0,64,"val",81,0.519955396652222,0
0,64,"val",82,0.500369548797607,1
0,64,"val",83,0.503940463066101,0
0,64,"val",84,0.466927468776703,0
0,64,"val",85,0.463227570056915,0
0,64,"val",86,0.539886236190796,1
0,64,"val",87,0.521447539329529,1
0,64,"val",88,0.552828431129456,1
0,64,"val",89,0.564403772354126,0
0,64,"val",90,0.551749467849731,0
0,64,"val",91,0.545929312705994,0
0,64,"val",92,0.555993497371674,0
0,64,"val",93,0.55597311258316,0
0,64,"val",94,0.550355494022369,0
0,64,"val",95,0.540644526481628,0
0,64,"val",96,0.536265134811401,1
0,64,"val",97,0.533977508544922,1
0,64,"val",98,0.557646512985229,1
0,64,"val",99,0.564707577228546,1
0,64,"val",100,0.615232408046722,0
0,64,"val",101,0.606329679489136,0
0,64,"val",102,0.556960046291351,0
0,64,"val",103,0.558965384960175,0
0,64,"val",104,0.528527081012726,1
0,64,"val",105,0.538435518741608,1
0,64,"val",106,0.519955396652222,1
0,64,"val",107,0.521610081195831,1
0,64,"val",108,0.503940463066101,1
0,64,"val",109,0.499710142612457,0
0,64,"val",110,0.463227570056915,0
0,64,"val",111,0.437789887189865,1
0,64,"val",112,0.521447539329529,1
0,64,"val",113,0.528231143951416,1
0,64,"val",114,0.564403772354126,0
0,64,"val",115,0.550250828266144,1
0,64,"val",116,0.545929312705994,0
0,64,"val",117,0.558068692684174,1
0,64,"val",118,0.55597311258316,1
0,64,"val",119,0.546662092208862,1
0,64,"val",120,0.540644526481628,0
0,64,"val",121,0.550838053226471,0
0,64,"val",122,0.533977508544922,0
0,64,"val",123,0.538720607757568,1
0,64,"val",124,0.564707577228546,1
0,64,"val",125,0.556958377361298,1
0,64,"val",126,0.606329679489136,1
0,64,"val",127,0.596680760383606,1
0,64,"val",128,0.558965384960175,1
0,64,"val",129,0.534589409828186,1
0,64,"val",130,0.538435518741608,1
0,64,"val",131,0.53948050737381,0
0,64,"val",132,0.521610081195831,0
0,64,"val",133,0.510263562202454,1
0,64,"val",134,0.499710142612457,1
0,64,"val",135,0.499016106128693,0
0,64,"val",136,0.437789887189865,0
0,64,"val",137,0.457630038261414,0
0,64,"val",138,0.528231143951416,0
0,64,"val",139,0.527027666568756,0
0,64,"val",140,0.550250828266144,0
0,64,"val",141,0.532987117767334,1
0,64,"val",142,0.558068692684174,1
0,64,"val",143,0.551710069179535,1
0,64,"val",144,0.546662092208862,0
0,64,"val",145,0.552757203578949,0
0,64,"val",146,0.550838053226471,0
0,64,"val",147,0.547054767608643,0
0,64,"val",148,0.538720607757568,0
0,64,"val",149,0.550651609897614,0
0,64,"val",150,0.556958377361298,0
0,64,"val",151,0.562850296497345,0
0,64,"val",152,0.596680760383606,1
0,64,"val",153,0.610675275325775,0
0,64,"val",154,0.534589409828186,1
0,64,"val",155,0.543295204639435,0
0,64,"val",156,0.53948050737381,0
0,64,"val",157,0.527731478214264,0
0,64,"val",158,0.510263562202454,0
0,64,"val",159,0.500817060470581,1
0,64,"val",160,0.499016106128693,1
0,64,"val",161,0.505597710609436,1
0,64,"val",162,0.457630038261414,1
0,64,"val",163,0.444764822721481,1
0,64,"val",164,0.527027666568756,0
0,64,"val",165,0.491350829601288,0
0,64,"val",166,0.532987117767334,0
0,64,"val",167,0.534792065620422,0
0,64,"val",168,0.551710069179535,1
0,64,"val",169,0.555402874946594,0
0,64,"val",170,0.552757203578949,0
0,64,"val",171,0.55289214849472,0
0,64,"val",172,0.547054767608643,1
0,64,"val",173,0.543820738792419,1
0,64,"val",174,0.550651609897614,1
0,64,"val",175,0.545208394527435,0
0,64,"val",176,0.562850296497345,0
0,64,"val",177,0.545942842960358,1
0,64,"val",178,0.610675275325775,0
0,64,"val",179,0.601680040359497,1
0,64,"val",180,0.543295204639435,0
0,64,"val",181,0.5435431599617,1
0,64,"val",182,0.527731478214264,1
0,64,"val",183,0.523490071296692,1
0,64,"val",184,0.500817060470581,0
0,64,"val",185,0.498268008232117,0
0,64,"val",186,0.505597710609436,0
0,64,"val",187,0.50758957862854,0
0,64,"val",188,0.444764822721481,0
0,64,"val",189,0.471173346042633,0
0,64,"val",190,0.491350829601288,0
0,64,"val",191,0.522535979747772,1
0,64,"val",192,0.534792065620422,0
0,64,"val",193,0.531794488430023,0
0,64,"val",194,0.555402874946594,0
0,64,"val",195,0.54593962430954,1
0,64,"val",196,0.55289214849472,1
0,64,"val",197,0.545328676700592,1
0,64,"val",198,0.543820738792419,1
0,64,"val",199,0.541602075099945,0
0,64,"val",200,0.545208394527435,0
0,64,"val",201,0.536072313785553,0
0,64,"val",202,0.545942842960358,0
0,64,"val",203,0.550344586372375,1
0,64,"val",204,0.601680040359497,1
0,64,"val",205,0.585940957069397,1
0,64,"val",206,0.5435431599617,0
0,64,"val",207,0.565434873104095,0
0,64,"val",208,0.523490071296692,0
0,64,"val",209,0.527592658996582,1
0,64,"val",210,0.498268008232117,1
0,64,"val",211,0.496857881546021,1
0,64,"val",212,0.50758957862854,1
0,64,"val",213,0.510567426681519,1
0,64,"val",214,0.471173346042633,1
0,64,"val",215,0.464768409729004,0
0,64,"val",216,0.522535979747772,0
0,64,"val",217,0.499952107667923,0
0,64,"val",218,0.531794488430023,0
0,64,"val",219,0.541332542896271,0
0,64,"val",220,0.54593962430954,0
0,64,"val",221,0.550253570079803,1
0,64,"val",222,0.545328676700592,1
0,64,"val",223,0.550311088562012,1
0,64,"val",224,0.541602075099945,0
0,64,"val",225,0.529912233352661,1
0,64,"val",226,0.536072313785553,1
0,64,"val",227,0.534866869449615,1
0,64,"val",228,0.550344586372375,0
0,64,"val",229,0.537465512752533,0
0,64,"val",230,0.585940957069397,0
0,64,"val",231,0.572468280792236,0
0,64,"val",232,0.565434873104095,0
0,64,"val",233,0.544227600097656,0
0,64,"val",234,0.527592658996582,0
0,64,"val",235,0.554100751876831,0
0,64,"val",236,0.496857881546021,0
0,64,"val",237,0.515714287757874,0
0,64,"val",238,0.510567426681519,1
0,64,"val",239,0.504212439060211,0
0,64,"val",240,0.464768409729004,0
0,64,"val",241,0.467228144407272,0
0,64,"val",242,0.499952107667923,0
0,64,"val",243,0.496116459369659,1
0,64,"val",244,0.541332542896271,1
0,64,"val",245,0.53591513633728,1
0,64,"val",246,0.550253570079803,0
0,64,"val",247,0.54507040977478,1
0,64,"val",248,0.550311088562012,1
0,64,"val",249,0.548506677150726,0
0,64,"val",250,0.529912233352661,1
0,64,"val",251,0.532811105251312,1
0,64,"val",252,0.534866869449615,1
0,64,"val",253,0.531772434711456,1
0,64,"val",254,0.537465512752533,0
0,64,"val",255,0.539198756217957,0
0,64,"val",256,0.572468280792236,0
0,64,"val",257,0.567352771759033,0
0,64,"val",258,0.544227600097656,1
0,64,"val",259,0.55962198972702,1
0,64,"val",260,0.554100751876831,1
0,64,"val",261,0.537566244602203,1
0,64,"val",262,0.515714287757874,1
0,64,"val",263,0.517162680625916,0
0,64,"val",264,0.504212439060211,0
0,64,"val",265,0.502777755260468,1
0,64,"val",266,0.467228144407272,1
0,64,"val",267,0.467379480600357,0
0,64,"val",268,0.496116459369659,0
0,64,"val",269,0.497824430465698,0
0,64,"val",270,0.53591513633728,1
0,64,"val",271,0.527000546455383,1
0,64,"val",272,0.54507040977478,1
0,64,"val",273,0.560843050479889,1
0,64,"val",274,0.548506677150726,0
0,64,"val",275,0.552678227424622,0
0,64,"val",276,0.532811105251312,0
0,64,"val",277,0.538816213607788,0
0,64,"val",278,0.531772434711456,1
0,64,"val",279,0.532667517662048,1
0,64,"val",280,0.539198756217957,1
0,64,"val",281,0.543681502342224,1
0,64,"val",282,0.567352771759033,1
0,64,"val",283,0.56620317697525,1
0,64,"val",284,0.55962198972702,0
0,64,"val",285,0.567884683609009,0
0,64,"val",286,0.537566244602203,0
0,64,"val",287,0.543726027011871,0
0,64,"val",288,0.517162680625916,0
0,64,"val",289,0.516306161880493,0
0,64,"val",290,0.502777755260468,0
0,64,"val",291,0.513725936412811,0
0,64,"val",292,0.467379480600357,0
0,64,"val",293,0.441826432943344,0
0,64,"val",294,0.497824430465698,1
0,64,"val",295,0.500962615013123,1
0,64,"val",296,0.527000546455383,0
0,64,"val",297,0.555318474769592,0
0,64,"val",298,0.560843050479889,0
0,64,"val",299,0.571713387966156,1
0,64,"val",300,0.552678227424622,1
0,64,"val",301,0.54585075378418,1
0,64,"val",302,0.538816213607788,0
0,64,"val",303,0.544428050518036,0
0,64,"val",304,0.532667517662048,0
0,64,"test",1,0.534768879413605,0
0,64,"test",2,0.543681502342224,0
0,64,"test",3,0.548834502696991,1
0,64,"test",4,0.56620317697525,1
0,64,"test",5,0.555907905101776,1
0,64,"test",6,0.567884683609009,1
0,64,"test",7,0.562633454799652,1
0,64,"test",8,0.543726027011871,1
0,64,"test",9,0.52596914768219,1
0,64,"test",10,0.516306161880493,1
0,64,"test",11,0.526048839092255,1
0,64,"test",12,0.513725936412811,1
0,64,"test",13,0.493493378162384,1
0,64,"test",14,0.441826432943344,1
0,64,"test",15,0.443932235240936,1
0,64,"test",16,0.500962615013123,1
0,64,"test",17,0.509875476360321,0
0,64,"test",18,0.555318474769592,0
0,64,"test",19,0.562993943691254,0
0,64,"test",20,0.571713387966156,1
0,64,"test",21,0.581396698951721,1
0,64,"test",22,0.54585075378418,1
0,64,"test",23,0.542647063732147,0
0,64,"test",24,0.544428050518036,0
0,64,"test",25,0.540950119495392,0
0,64,"test",26,0.534768879413605,1
0,64,"test",27,0.540174007415771,1
0,64,"test",28,0.548834502696991,1
0,64,"test",29,0.553420722484589,0
0,64,"test",30,0.555907905101776,0
0,64,"test",31,0.562425315380096,0
0,64,"test",32,0.562633514404297,0
0,64,"test",33,0.556155681610107,0
0,64,"test",34,0.52596914768219,1
0,64,"test",35,0.545872390270233,1
0,64,"test",36,0.526048839092255,1
0,64,"test",37,0.528478443622589,1
0,64,"test",38,0.493493378162384,1
0,64,"test",39,0.492784142494202,1
0,64,"test",40,0.443932235240936,1
0,64,"test",41,0.445888578891754,1
0,64,"test",42,0.509875476360321,0
0,64,"test",43,0.531918823719025,0
0,64,"test",44,0.562993943691254,1
0,64,"test",45,0.556977510452271,1
0,64,"test",46,0.581396698951721,1
0,64,"test",47,0.558616638183594,0
0,64,"test",48,0.542647063732147,0
0,64,"test",49,0.548137784004211,0
0,64,"test",50,0.540950119495392,0
0,64,"test",51,0.53940486907959,1
0,64,"test",52,0.540174007415771,1
0,64,"test",53,0.532864689826965,1
0,64,"test",54,0.553420722484589,1
0,64,"test",55,0.551419317722321,0
0,64,"test",56,0.562425315380096,0
0,64,"test",57,0.574701428413391,0
0,64,"test",58,0.556155681610107,0
0,64,"test",59,0.553445935249329,1
0,64,"test",60,0.545872390270233,1
0,64,"test",61,0.515890717506409,1
0,64,"test",62,0.528478443622589,0
0,64,"test",63,0.521159946918488,1
0,64,"test",64,0.492784142494202,1
0,64,"test",65,0.501102566719055,1
0,64,"test",66,0.445888578891754,1
0,64,"test",67,0.432390064001083,1
0,64,"test",68,0.531918823719025,0
0,64,"test",69,0.52752423286438,0
0,64,"test",70,0.556977510452271,0
0,64,"test",71,0.547988593578339,1
0,64,"test",72,0.558616638183594,1
0,64,"test",73,0.550507664680481,0
0,64,"test",74,0.548137784004211,0
0,64,"test",75,0.548263549804688,0
0,64,"test",76,0.53940486907959,0
0,64,"test",77,0.536213397979736,0
0,64,"test",78,0.532864689826965,1
0,64,"test",79,0.536809623241425,0
0,64,"test",80,0.551419317722321,0
0,64,"test",81,0.560715317726135,1
0,64,"test",82,0.574701428413391,1
0,64,"test",83,0.565700709819794,1
0,64,"test",84,0.553445935249329,1
0,64,"test",85,0.555930614471436,0
0,64,"test",86,0.515890717506409,0
0,64,"test",87,0.522440612316132,0
0,64,"test",88,0.521159946918488,0
0,64,"test",89,0.497489154338837,0
0,64,"test",90,0.501102566719055,0
0,64,"test",91,0.49989253282547,1
0,64,"test",92,0.432390064001083,0
0,64,"test",93,0.430878490209579,0
0,64,"test",94,0.52752423286438,0
0,64,"test",95,0.523937225341797,0
0,64,"test",96,0.547988593578339,0
0,64,"test",97,0.542085766792297,1
0,64,"test",98,0.550507664680481,1
0,64,"test",99,0.55813330411911,1
0,64,"test",100,0.548263549804688,1
0,64,"test",101,0.547045588493347,1
0,64,"test",102,0.536213397979736,0
0,64,"test",103,0.53207004070282,0
0,64,"test",104,0.536809623241425,0
0,64,"test",105,0.550625860691071,0
0,64,"test",106,0.560715317726135,0
0,64,"test",107,0.54312390089035,0
0,64,"test",108,0.565700709819794,0
0,64,"test",109,0.568258345127106,0
0,64,"test",110,0.555930614471436,1
0,64,"test",111,0.540103614330292,1
0,64,"test",112,0.522440612316132,1
0,64,"test",113,0.52955287694931,0
0,64,"test",114,0.497489154338837,1
0,64,"test",115,0.515756487846375,1
0,64,"test",116,0.49989253282547,1
0,64,"test",117,0.508076786994934,1
0,64,"test",118,0.430878490209579,1
0,64,"test",119,0.448592752218246,0
0,64,"test",120,0.523937225341797,0
0,64,"test",121,0.492230594158173,0
0,64,"test",122,0.542085766792297,1
0,64,"test",123,0.540997684001923,1
0,64,"test",124,0.55813330411911,1
0,64,"test",125,0.549716532230377,0
0,64,"test",126,0.547045588493347,0
0,64,"test",127,0.55041116476059,0
0,64,"test",128,0.53207004070282,1
0,64,"test",129,0.535688579082489,1
0,64,"test",130,0.550625860691071,1
0,64,"test",131,0.563448190689087,1
0,64,"test",132,0.54312390089035,0
0,64,"test",133,0.601164638996124,0
0,64,"test",134,0.568258345127106,0
0,64,"test",135,0.569635212421417,0
0,64,"test",136,0.540103614330292,0
0,64,"test",137,0.556585192680359,1
0,64,"test",138,0.52955287694931,1
0,64,"test",139,0.530349016189575,1
0,64,"test",140,0.515756487846375,1
0,64,"test",141,0.511866629123688,1
0,64,"test",142,0.508076786994934,1
0,64,"test",143,0.516672253608704,1
0,64,"test",144,0.448592752218246,1
0,64,"test",145,0.444280982017517,1
0,64,"test",146,0.492230594158173,1
0,64,"test",147,0.488737106323242,1
0,64,"test",148,0.540997684001923,1
0,64,"test",149,0.564973711967468,1
0,64,"test",150,0.549716532230377,1
0,64,"test",151,0.553611278533936,1
0,64,"test",152,0.55041116476059,0
0,64,"test",153,0.561587989330292,0
0,64,"test",154,0.535688579082489,1
0,64,"test",155,0.536953151226044,1
0,64,"test",156,0.563448190689087,1
0,64,"test",157,0.543947458267212,0
0,64,"test",158,0.601164638996124,0
0,64,"test",159,0.567193388938904,0
0,64,"test",160,0.569635212421417,0
0,64,"test",161,0.56963175535202,0
0,64,"test",162,0.556585192680359,0
0,64,"test",163,0.560686707496643,0
0,64,"test",164,0.530349016189575,0
0,64,"test",165,0.538458824157715,1
0,64,"test",166,0.511866629123688,1
0,64,"test",167,0.518452644348145,0
0,64,"test",168,0.516672253608704,1
0,64,"test",169,0.510790228843689,1
0,64,"test",170,0.444280982017517,1
0,64,"test",171,0.449321746826172,0
0,64,"test",172,0.488737106323242,0
0,64,"test",173,0.481804728507996,1
0,64,"test",174,0.564973711967468,1
0,64,"test",175,0.551020920276642,1
0,64,"test",176,0.553611278533936,1
0,64,"test",177,0.55497795343399,0
0,64,"test",178,0.561587989330292,0
0,64,"test",179,0.552644729614258,0
0,64,"test",180,0.536953151226044,0
0,64,"test",181,0.520256817340851,0
0,64,"test",182,0.543947458267212,0
0,64,"test",183,0.538329899311066,0
0,64,"test",184,0.567193388938904,0
0,64,"test",185,0.557231366634369,0
0,64,"test",186,0.56963175535202,1
0,64,"test",187,0.570129930973053,0
0,64,"test",188,0.560686707496643,0
0,64,"test",189,0.558961570262909,0
0,64,"test",190,0.538458824157715,0
0,64,"test",191,0.504769325256348,0
0,64,"test",192,0.518452644348145,0
0,64,"test",193,0.495220720767975,0
0,64,"test",194,0.510790228843689,0
0,64,"test",195,0.518699526786804,0
0,64,"test",196,0.449321746826172,0
0,64,"test",197,0.455657303333282,1
0,64,"test",198,0.481804728507996,1
0,64,"test",199,0.490865767002106,1
0,64,"test",200,0.551020920276642,0
0,64,"test",201,0.548323273658752,0
0,64,"test",202,0.55497795343399,1
0,64,"test",203,0.569222748279572,0
0,64,"test",204,0.552644729614258,0
0,64,"test",205,0.546105265617371,0
0,64,"test",206,0.520256817340851,1
0,64,"test",207,0.521519601345062,0
0,64,"test",208,0.538329899311066,0
0,64,"test",209,0.533667087554932,0
0,64,"test",210,0.557231366634369,0
0,64,"test",211,0.557630836963654,0
0,64,"test",212,0.570129930973053,1
0,64,"test",213,0.569951593875885,0
0,64,"test",214,0.558961570262909,1
0,64,"test",215,0.545454263687134,1
0,64,"test",216,0.504769325256348,1
0,64,"test",217,0.487314134836197,0
0,64,"test",218,0.495220720767975,0
0,64,"test",219,0.491393268108368,1
0,64,"test",220,0.518699526786804,1
0,64,"test",221,0.512335360050201,0
0,64,"test",222,0.455657303333282,1
0,64,"test",223,0.443324148654938,1
0,64,"test",224,0.490865767002106,1
0,64,"test",225,0.509585380554199,0
0,64,"test",226,0.548323273658752,0
0,64,"test",227,0.571528553962708,0
0,64,"test",228,0.569222748279572,1
0,64,"test",229,0.556536376476288,1
0,64,"test",230,0.546105265617371,0
0,64,"test",231,0.543318629264832,1
0,64,"test",232,0.521519601345062,1
0,64,"test",233,0.551178157329559,1
0,64,"test",234,0.533667087554932,1
0,64,"test",235,0.533088028430939,1
0,64,"test",236,0.557630836963654,1
0,64,"test",237,0.565785229206085,0
0,64,"test",238,0.569951593875885,0
0,64,"test",239,0.569967269897461,0
0,64,"test",240,0.545454263687134,0
0,64,"test",241,0.537872493267059,0
0,64,"test",242,0.487314134836197,0
0,64,"test",243,0.508436441421509,0
0,64,"test",244,0.491393268108368,1
0,64,"test",245,0.48795410990715,1
0,64,"test",246,0.512335360050201,1
0,64,"test",247,0.524169981479645,1
0,64,"test",248,0.443324148654938,1
0,64,"test",249,0.415086895227432,1
0,64,"test",250,0.509585380554199,1
0,64,"test",251,0.512525737285614,1
0,64,"test",252,0.571528553962708,0
0,64,"test",253,0.584424734115601,0
0,64,"test",254,0.556536376476288,0
0,64,"test",255,0.547789752483368,1
0,64,"test",256,0.543318629264832,1
0,64,"test",257,0.550823152065277,1
0,64,"test",258,0.551178157329559,1
0,64,"test",259,0.534439921379089,1
0,64,"test",260,0.533088028430939,1
0,64,"test",261,0.536529123783112,1
0,64,"test",262,0.565785229206085,0
0,64,"test",263,0.555063784122467,0
0,64,"test",264,0.569967269897461,1
0,64,"test",265,0.566579639911652,1
0,64,"test",266,0.537872493267059,1
0,64,"test",267,0.554701268672943,1
0,64,"test",268,0.508436441421509,1
0,64,"test",269,0.517945349216461,1
0,64,"test",270,0.48795410990715,1
0,64,"test",271,0.511112034320831,1
0,64,"test",272,0.524169981479645,1
0,64,"test",273,0.5171999335289,1
0,64,"test",274,0.415086895227432,1
0,64,"test",275,0.442861407995224,1
0,64,"test",276,0.512525737285614,1
0,64,"test",277,0.475429892539978,1
0,64,"test",278,0.584424734115601,0
0,64,"test",279,0.599354207515717,0
0,64,"test",280,0.547789752483368,0
0,64,"test",281,0.556340157985687,0
0,64,"test",282,0.550823152065277,0
0,64,"test",283,0.544018089771271,0
0,64,"test",284,0.534439921379089,0
0,64,"test",285,0.550862491130829,0
0,64,"test",286,0.536529123783112,0
0,64,"test",287,0.551311492919922,0
0,64,"test",288,0.555063784122467,0
0,64,"test",289,0.559612631797791,0
0,64,"test",290,0.566579639911652,0
0,64,"test",291,0.559243619441986,0
0,64,"test",292,0.554701268672943,1
0,64,"test",293,0.560346603393555,1
0,64,"test",294,0.517945349216461,1
0,64,"test",295,0.536716938018799,0
0,64,"test",296,0.511112034320831,0
0,64,"test",297,0.515825510025024,1
0,64,"test",298,0.5171999335289,0
0,64,"test",299,0.519372522830963,0
0,64,"test",300,0.442861407995224,1
0,64,"test",301,0.407690703868866,1
0,64,"test",302,0.475429892539978,1
0,64,"test",303,0.51068389415741,0
0,64,"test",304,0.599354207515717,1
0,64,"test",305,0.585906505584717,0
0.05,23,"val",1,0.54575788974762,0
0.05,23,"val",2,0.495643436908722,1
0.05,23,"val",3,0.490485489368439,0
0.05,23,"val",4,0.505727767944336,1
0.05,23,"val",5,0.507054448127747,1
0.05,23,"val",6,0.408053934574127,1
0.05,23,"val",7,0.437612861394882,1
0.05,23,"val",8,0.551141679286957,1
0.05,23,"val",9,0.545174658298492,1
0.05,23,"val",10,0.546596586704254,1
0.05,23,"val",11,0.54057776927948,1
0.05,23,"val",12,0.538110733032227,1
0.05,23,"val",13,0.547506392002106,1
0.05,23,"val",14,0.542153775691986,1
0.05,23,"val",15,0.562776267528534,1
0.05,23,"val",16,0.559588670730591,1
0.05,23,"val",17,0.532219409942627,1
0.05,23,"val",18,0.513687372207642,1
0.05,23,"val",19,0.522865533828735,1
0.05,23,"val",20,0.571779310703278,1
0.05,23,"val",21,0.588984310626984,1
0.05,23,"val",22,0.57500547170639,1
0.05,23,"val",23,0.561749756336212,0
0.05,23,"val",24,0.534267783164978,0
0.05,23,"val",25,0.445365071296692,1
0.05,23,"val",26,0.54575788974762,0
0.05,23,"val",27,0.551077723503113,0
0.05,23,"val",28,0.490485489368439,0
0.05,23,"val",29,0.424904733896255,1
0.05,23,"val",30,0.507054448127747,1
0.05,23,"val",31,0.505643367767334,0
0.05,23,"val",32,0.43761283159256,0
0.05,23,"val",33,0.424165010452271,0
0.05,23,"val",34,0.545174658298492,0
0.05,23,"val",35,0.536946356296539,0
0.05,23,"val",36,0.54057776927948,0
0.05,23,"val",37,0.539720594882965,1
0.05,23,"val",38,0.547506392002106,1
0.05,23,"val",39,0.552510559558868,1
0.05,23,"val",40,0.562776267528534,0
0.05,23,"val",41,0.549297511577606,0
0.05,23,"val",42,0.532219409942627,0
0.05,23,"val",43,0.537955164909363,0
0.05,23,"val",44,0.522865533828735,0
0.05,23,"val",45,0.511977016925812,0
0.05,23,"val",46,0.588984310626984,0
0.05,23,"val",47,0.582965433597565,1
0.05,23,"val",48,0.561749756336212,1
0.05,23,"val",49,0.579035580158234,1
0.05,23,"val",50,0.445365071296692,1
0.05,23,"val",51,0.514212965965271,1
0.05,23,"val",52,0.551077723503113,1
0.05,23,"val",53,0.56765353679657,1
0.05,23,"val",54,0.424904733896255,1
0.05,23,"val",55,0.468046844005585,1
0.05,23,"val",56,0.505643367767334,1
0.05,23,"val",57,0.50602924823761,1
0.05,23,"val",58,0.424165010452271,1
0.05,23,"val",59,0.453641414642334,1
0.05,23,"val",60,0.536946356296539,1
0.05,23,"val",61,0.543190777301788,0
0.05,23,"val",62,0.539720594882965,1
0.05,23,"val",63,0.547275304794312,0
0.05,23,"val",64,0.552510559558868,0
0.05,23,"val",65,0.548726141452789,1
0.05,23,"val",66,0.549297511577606,1
0.05,23,"val",67,0.55589371919632,1
0.05,23,"val",68,0.537955164909363,1
0.05,23,"val",69,0.541664481163025,1
0.05,23,"val",70,0.511977016925812,1
0.05,23,"val",71,0.518690168857574,1
0.05,23,"val",72,0.582965433597565,1
0.05,23,"val",73,0.566370785236359,1
0.05,23,"val",74,0.579035580158234,1
0.05,23,"val",75,0.649679899215698,1
0.05,23,"val",76,0.514212965965271,0
0.05,23,"val",77,0.531542897224426,1
0.05,23,"val",78,0.56765353679657,1
0.05,23,"val",79,0.55020397901535,0
0.05,23,"val",80,0.468046844005585,0
0.05,23,"val",81,0.496573150157928,0
0.05,23,"val",82,0.50602924823761,1
0.05,23,"val",83,0.506199777126312,0
0.05,23,"val",84,0.453641414642334,0
0.05,23,"val",85,0.454927355051041,0
0.05,23,"val",86,0.543190777301788,1
0.05,23,"val",87,0.526180982589722,1
0.05,23,"val",88,0.547275304794312,1
0.05,23,"val",89,0.554031014442444,0
0.05,23,"val",90,0.548726141452789,0
0.05,23,"val",91,0.54202401638031,0
0.05,23,"val",92,0.55589371919632,0
0.05,23,"val",93,0.570104241371155,0
0.05,23,"val",94,0.541664481163025,0
0.05,23,"val",95,0.526991903781891,0
0.05,23,"val",96,0.518690168857574,1
0.05,23,"val",97,0.513873338699341,1
0.05,23,"val",98,0.566370785236359,1
0.05,23,"val",99,0.577426791191101,1
0.05,23,"val",100,0.649679899215698,0
0.05,23,"val",101,0.632927238941193,0
0.05,23,"val",102,0.531542897224426,0
0.05,23,"val",103,0.418537616729736,0
0.05,23,"val",104,0.55020397901535,1
0.05,23,"val",105,0.548545837402344,1
0.05,23,"val",106,0.496573150157928,1
0.05,23,"val",107,0.49383544921875,1
0.05,23,"val",108,0.506199777126312,1
0.05,23,"val",109,0.505890905857086,0
0.05,23,"val",110,0.454927355051041,0
0.05,23,"val",111,0.420033663511276,1
0.05,23,"val",112,0.526180982589722,1
0.05,23,"val",113,0.537085592746735,1
0.05,23,"val",114,0.554031014442444,0
0.05,23,"val",115,0.545736849308014,1
0.05,23,"val",116,0.54202401638031,0
0.05,23,"val",117,0.556158363819122,1
0.05,23,"val",118,0.570104241371155,1
0.05,23,"val",119,0.542607307434082,1
0.05,23,"val",120,0.526991903781891,0
0.05,23,"val",121,0.552489042282104,0
0.05,23,"val",122,0.513873338699341,0
0.05,23,"val",123,0.519504964351654,1
0.05,23,"val",124,0.577426791191101,1
0.05,23,"val",125,0.560976207256317,1
0.05,23,"val",126,0.632927238941193,1
0.05,23,"val",127,0.631110668182373,1
0.05,23,"val",128,0.418537616729736,1
0.05,23,"val",129,0.287859708070755,1
0.05,23,"val",130,0.548545837402344,1
0.05,23,"val",131,0.551679015159607,0
0.05,23,"val",132,0.49383544921875,0
0.05,23,"val",133,0.488444715738297,1
0.05,23,"val",134,0.505890905857086,1
0.05,23,"val",135,0.505272746086121,0
0.05,23,"val",136,0.420033663511276,0
0.05,23,"val",137,0.439130872488022,0
0.05,23,"val",138,0.537085592746735,0
0.05,23,"val",139,0.529694139957428,0
0.05,23,"val",140,0.545736849308014,0
0.05,23,"val",141,0.529717445373535,1
0.05,23,"val",142,0.556158363819122,1
0.05,23,"val",143,0.547445178031921,1
0.05,23,"val",144,0.542607307434082,0
0.05,23,"val",145,0.546846628189087,0
0.05,23,"val",146,0.552489042282104,0
0.05,23,"val",147,0.547059655189514,0
0.05,23,"val",148,0.519504964351654,0
0.05,23,"val",149,0.543106198310852,0
0.05,23,"val",150,0.560976207256317,0
0.05,23,"val",151,0.561057388782501,0
0.05,23,"val",152,0.631110668182373,1
0.05,23,"val",153,0.621560573577881,0
0.05,23,"val",154,0.287859708070755,1
0.05,23,"val",155,0.328652143478394,0
0.05,23,"val",156,0.551679015159607,0
0.05,23,"val",157,0.546091020107269,0
0.05,23,"val",158,0.488444715738297,0
0.05,23,"val",159,0.495427191257477,1
0.05,23,"val",160,0.505272746086121,1
0.05,23,"val",161,0.506967484951019,1
0.05,23,"val",162,0.439130872488022,1
0.05,23,"val",163,0.445797979831696,1
0.05,23,"val",164,0.529694139957428,0
0.05,23,"val",165,0.516620218753815,0
0.05,23,"val",166,0.529717445373535,0
0.05,23,"val",167,0.537343859672546,0
0.05,23,"val",168,0.547445178031921,1
0.05,23,"val",169,0.552874207496643,0
0.05,23,"val",170,0.546846628189087,0
0.05,23,"val",171,0.546883046627045,0
0.05,23,"val",172,0.547059655189514,1
0.05,23,"val",173,0.542926847934723,1
0.05,23,"val",174,0.543106198310852,1
0.05,23,"val",175,0.531915128231049,0
0.05,23,"val",176,0.561057388782501,0
0.05,23,"val",177,0.540511965751648,1
0.05,23,"val",178,0.621560573577881,0
0.05,23,"val",179,0.601985037326813,1
0.05,23,"val",180,0.328652143478394,0
0.05,23,"val",181,0.33039790391922,1
0.05,23,"val",182,0.546091020107269,1
0.05,23,"val",183,0.538545668125153,1
0.05,23,"val",184,0.495427191257477,0
0.05,23,"val",185,0.491784870624542,0
0.05,23,"val",186,0.506967484951019,0
0.05,23,"val",187,0.508332848548889,0
0.05,23,"val",188,0.445797979831696,0
0.05,23,"val",189,0.457386285066605,0
0.05,23,"val",190,0.516620218753815,0
0.05,23,"val",191,0.539793610572815,1
0.05,23,"val",192,0.537343859672546,0
0.05,23,"val",193,0.534384608268738,0
0.05,23,"val",194,0.552874207496643,0
0.05,23,"val",195,0.54068660736084,1
0.05,23,"val",196,0.546883046627045,1
0.05,23,"val",197,0.545829832553864,1
0.05,23,"val",198,0.542926847934723,1
0.05,23,"val",199,0.531972765922546,0
0.05,23,"val",200,0.531915128231049,0
0.05,23,"val",201,0.517025172710419,0
0.05,23,"val",202,0.540511965751648,0
0.05,23,"val",203,0.549477756023407,1
0.05,23,"val",204,0.601985037326813,1
0.05,23,"val",205,0.581874251365662,1
0.05,23,"val",206,0.33039790391922,0
0.05,23,"val",207,0.494412124156952,0
0.05,23,"val",208,0.538545668125153,0
0.05,23,"val",209,0.55010724067688,1
0.05,23,"val",210,0.491784870624542,1
0.05,23,"val",211,0.485351383686066,1
0.05,23,"val",212,0.508332848548889,1
0.05,23,"val",213,0.509446144104004,1
0.05,23,"val",214,0.457386285066605,1
0.05,23,"val",215,0.455448836088181,0
0.05,23,"val",216,0.539793610572815,0
0.05,23,"val",217,0.525044202804565,0
0.05,23,"val",218,0.534384608268738,0
0.05,23,"val",219,0.539804816246033,0
0.05,23,"val",220,0.54068660736084,0
0.05,23,"val",221,0.54664409160614,1
0.05,23,"val",222,0.545829832553864,1
0.05,23,"val",223,0.555383622646332,1
0.05,23,"val",224,0.531972765922546,0
0.05,23,"val",225,0.553192138671875,1
0.05,23,"val",226,0.517025172710419,1
0.05,23,"val",227,0.515016674995422,1
0.05,23,"val",228,0.549477756023407,0
0.05,23,"val",229,0.541517913341522,0
0.05,23,"val",230,0.581874251365662,0
0.05,23,"val",231,0.583178460597992,0
0.05,23,"val",232,0.494412124156952,0
0.05,23,"val",233,0.324674904346466,0
0.05,23,"val",234,0.55010724067688,0
0.05,23,"val",235,0.567332804203033,0
0.05,23,"val",236,0.485351383686066,0
0.05,23,"val",237,0.488715618848801,0
0.05,23,"val",238,0.509446144104004,1
0.05,23,"val",239,0.506996512413025,0
0.05,23,"val",240,0.455448836088181,0
0.05,23,"val",241,0.453645765781403,0
0.05,23,"val",242,0.525044202804565,0
0.05,23,"val",243,0.515591025352478,1
0.05,23,"val",244,0.539804816246033,1
0.05,23,"val",245,0.534271657466888,1
0.05,23,"val",246,0.54664409160614,0
0.05,23,"val",247,0.540167093276978,1
0.05,23,"val",248,0.555383622646332,1
0.05,23,"val",249,0.554470121860504,0
0.05,23,"val",250,0.553192138671875,1
0.05,23,"val",251,0.544127345085144,1
0.05,23,"val",252,0.515016674995422,1
0.05,23,"val",253,0.515170872211456,1
0.05,23,"val",254,0.541517913341522,0
0.05,23,"val",255,0.539147794246674,0
0.05,23,"val",256,0.583178460597992,0
0.05,23,"val",257,0.571236670017242,0
0.05,23,"val",258,0.324674904346466,1
0.05,23,"val",259,0.460101038217545,1
0.05,23,"val",260,0.567332804203033,1
0.05,23,"val",261,0.550266623497009,1
0.05,23,"val",262,0.488715618848801,1
0.05,23,"val",263,0.485106855630875,0
0.05,23,"val",264,0.506996512413025,0
0.05,23,"val",265,0.506604552268982,1
0.05,23,"val",266,0.453645765781403,1
0.05,23,"val",267,0.453290104866028,0
0.05,23,"val",268,0.515591025352478,0
0.05,23,"val",269,0.511518478393555,0
0.05,23,"val",270,0.534271657466888,1
0.05,23,"val",271,0.526505172252655,1
0.05,23,"val",272,0.540167093276978,1
0.05,23,"val",273,0.560689926147461,1
0.05,23,"val",274,0.554470121860504,0
0.05,23,"val",275,0.567704617977142,0
0.05,23,"val",276,0.544127345085144,0
0.05,23,"val",277,0.553735196590424,0
0.05,23,"val",278,0.515170872211456,1
0.05,23,"val",279,0.516552627086639,1
0.05,23,"val",280,0.539147794246674,1
0.05,23,"val",281,0.550073325634003,1
0.05,23,"val",282,0.571236670017242,1
0.05,23,"val",283,0.55618691444397,1
0.05,23,"val",284,0.460101038217545,0
0.05,23,"val",285,0.465164005756378,0
0.05,23,"val",286,0.550266623497009,0
0.05,23,"val",287,0.559910595417023,0
0.05,23,"val",288,0.485106855630875,0
0.05,23,"val",289,0.479923039674759,0
0.05,23,"val",290,0.506604552268982,0
0.05,23,"val",291,0.511476397514343,0
0.05,23,"val",292,0.453290104866028,0
0.05,23,"val",293,0.433710396289825,0
0.05,23,"val",294,0.511518478393555,1
0.05,23,"val",295,0.510322034358978,1
0.05,23,"val",296,0.526505172252655,0
0.05,23,"val",297,0.549855589866638,0
0.05,23,"val",298,0.560689926147461,0
0.05,23,"val",299,0.575807690620422,1
0.05,23,"val",300,0.567704617977142,1
0.05,23,"val",301,0.550270438194275,1
0.05,23,"val",302,0.553735196590424,0
0.05,23,"val",303,0.538200557231903,0
0.05,23,"val",304,0.516552627086639,0
0.05,23,"test",1,0.512597143650055,0
0.05,23,"test",2,0.550073325634003,0
0.05,23,"test",3,0.55739438533783,1
0.05,23,"test",4,0.55618691444397,1
0.05,23,"test",5,0.556029379367828,1
0.05,23,"test",6,0.465164005756378,1
0.05,23,"test",7,0.453584909439087,1
0.05,23,"test",8,0.559910595417023,1
0.05,23,"test",9,0.543056547641754,1
0.05,23,"test",10,0.479923039674759,1
0.05,23,"test",11,0.485783904790878,1
0.05,23,"test",12,0.511476397514343,1
0.05,23,"test",13,0.505199551582336,1
0.05,23,"test",14,0.433710396289825,1
0.05,23,"test",15,0.445488452911377,1
0.05,23,"test",16,0.510322034358978,1
0.05,23,"test",17,0.52480536699295,0
0.05,23,"test",18,0.549855589866638,0
0.05,23,"test",19,0.551880300045013,0
0.05,23,"test",20,0.575807690620422,1
0.05,23,"test",21,0.590156137943268,1
0.05,23,"test",22,0.550270438194275,1
0.05,23,"test",23,0.547128140926361,0
0.05,23,"test",24,0.538200557231903,0
0.05,23,"test",25,0.558893322944641,0
0.05,23,"test",26,0.512597143650055,1
0.05,23,"test",27,0.520812213420868,1
0.05,23,"test",28,0.55739438533783,1
0.05,23,"test",29,0.557300508022308,0
0.05,23,"test",30,0.556029379367828,0
0.05,23,"test",31,0.568818807601929,0
0.05,23,"test",32,0.453584909439087,0
0.05,23,"test",33,0.422172158956528,0
0.05,23,"test",34,0.543056547641754,1
0.05,23,"test",35,0.549211621284485,1
0.05,23,"test",36,0.485783904790878,1
0.05,23,"test",37,0.49144122004509,1
0.05,23,"test",38,0.505199551582336,1
0.05,23,"test",39,0.504380702972412,1
0.05,23,"test",40,0.445488452911377,1
0.05,23,"test",41,0.436486154794693,1
0.05,23,"test",42,0.52480536699295,0
0.05,23,"test",43,0.536075592041016,0
0.05,23,"test",44,0.551880300045013,1
0.05,23,"test",45,0.550129234790802,1
0.05,23,"test",46,0.590156137943268,1
0.05,23,"test",47,0.556956470012665,0
0.05,23,"test",48,0.547128140926361,0
0.05,23,"test",49,0.546254098415375,0
0.05,23,"test",50,0.558893322944641,0
0.05,23,"test",51,0.532284259796143,1
0.05,23,"test",52,0.520812213420868,1
0.05,23,"test",53,0.514922142028809,1
0.05,23,"test",54,0.557300508022308,1
0.05,23,"test",55,0.546975314617157,0
0.05,23,"test",56,0.568818807601929,0
0.05,23,"test",57,0.615393579006195,0
0.05,23,"test",58,0.422172158956528,0
0.05,23,"test",59,0.394949942827225,1
0.05,23,"test",60,0.549211621284485,1
0.05,23,"test",61,0.537666618824005,1
0.05,23,"test",62,0.49144122004509,0
0.05,23,"test",63,0.484281301498413,1
0.05,23,"test",64,0.504380702972412,1
0.05,23,"test",65,0.506025671958923,1
0.05,23,"test",66,0.436486154794693,1
0.05,23,"test",67,0.427988231182098,1
0.05,23,"test",68,0.536075592041016,0
0.05,23,"test",69,0.529971659183502,0
0.05,23,"test",70,0.550129234790802,0
0.05,23,"test",71,0.532569348812103,1
0.05,23,"test",72,0.556956470012665,1
0.05,23,"test",73,0.547161340713501,0
0.05,23,"test",74,0.546254098415375,0
0.05,23,"test",75,0.55105984210968,0
0.05,23,"test",76,0.532284259796143,0
0.05,23,"test",77,0.5376216173172,0
0.05,23,"test",78,0.514922142028809,1
0.05,23,"test",79,0.52535206079483,0
0.05,23,"test",80,0.546975314617157,0
0.05,23,"test",81,0.555500388145447,1
0.05,23,"test",82,0.615393579006195,1
0.05,23,"test",83,0.575980067253113,1
0.05,23,"test",84,0.394949942827225,1
0.05,23,"test",85,0.419796466827393,0
0.05,23,"test",86,0.537666618824005,0
0.05,23,"test",87,0.540336668491364,0
0.05,23,"test",88,0.484281301498413,0
0.05,23,"test",89,0.482310622930527,0
0.05,23,"test",90,0.506025671958923,0
0.05,23,"test",91,0.50589120388031,1
0.05,23,"test",92,0.427988231182098,0
0.05,23,"test",93,0.425239980220795,0
0.05,23,"test",94,0.529971659183502,0
0.05,23,"test",95,0.530183434486389,0
0.05,23,"test",96,0.532569348812103,0
0.05,23,"test",97,0.539529800415039,1
0.05,23,"test",98,0.547161340713501,1
0.05,23,"test",99,0.556488692760468,1
0.05,23,"test",100,0.55105984210968,1
0.05,23,"test",101,0.547711431980133,1
0.05,23,"test",102,0.5376216173172,0
0.05,23,"test",103,0.527413368225098,0
0.05,23,"test",104,0.52535206079483,0
0.05,23,"test",105,0.543297708034515,0
0.05,23,"test",106,0.555500388145447,0
0.05,23,"test",107,0.538479745388031,0
0.05,23,"test",108,0.575980067253113,0
0.05,23,"test",109,0.584187686443329,0
0.05,23,"test",110,0.419796466827393,1
0.05,23,"test",111,0.314456641674042,1
0.05,23,"test",112,0.540336668491364,1
0.05,23,"test",113,0.546295702457428,0
0.05,23,"test",114,0.482310622930527,1
0.05,23,"test",115,0.505531430244446,1
0.05,23,"test",116,0.50589120388031,1
0.05,23,"test",117,0.508297324180603,1
0.05,23,"test",118,0.425239980220795,1
0.05,23,"test",119,0.431224316358566,0
0.05,23,"test",120,0.530183434486389,0
0.05,23,"test",121,0.513852655887604,0
0.05,23,"test",122,0.539529800415039,1
0.05,23,"test",123,0.53848135471344,1
0.05,23,"test",124,0.556488692760468,1
0.05,23,"test",125,0.545826494693756,0
0.05,23,"test",126,0.547711431980133,0
0.05,23,"test",127,0.547128438949585,0
0.05,23,"test",128,0.527413368225098,1
0.05,23,"test",129,0.525410234928131,1
0.05,23,"test",130,0.543297708034515,1
0.05,23,"test",131,0.561573803424835,1
0.05,23,"test",132,0.538479745388031,0
0.05,23,"test",133,0.593888759613037,0
0.05,23,"test",134,0.584187686443329,0
0.05,23,"test",135,0.576454818248749,0
0.05,23,"test",136,0.314456641674042,0
0.05,23,"test",137,0.416041851043701,1
0.05,23,"test",138,0.546295702457428,1
0.05,23,"test",139,0.549929976463318,1
0.05,23,"test",140,0.505531430244446,1
0.05,23,"test",141,0.508380770683289,1
0.05,23,"test",142,0.508297324180603,1
0.05,23,"test",143,0.507302761077881,1
0.05,23,"test",144,0.431224316358566,1
0.05,23,"test",145,0.420917600393295,1
0.05,23,"test",146,0.513852655887604,1
0.05,23,"test",147,0.516945779323578,1
0.05,23,"test",148,0.53848135471344,1
0.05,23,"test",149,0.555050849914551,1
0.05,23,"test",150,0.545826494693756,1
0.05,23,"test",151,0.551190674304962,1
0.05,23,"test",152,0.547128438949585,0
0.05,23,"test",153,0.565252006053925,0
0.05,23,"test",154,0.525410234928131,1
0.05,23,"test",155,0.521808743476868,1
0.05,23,"test",156,0.561573803424835,1
0.05,23,"test",157,0.534545063972473,0
0.05,23,"test",158,0.593888759613037,0
0.05,23,"test",159,0.564956068992615,0
0.05,23,"test",160,0.576454818248749,0
0.05,23,"test",161,0.574328780174255,0
0.05,23,"test",162,0.416041851043701,0
0.05,23,"test",163,0.478304624557495,0
0.05,23,"test",164,0.549929976463318,0
0.05,23,"test",165,0.549296319484711,1
0.05,23,"test",166,0.508380770683289,1
0.05,23,"test",167,0.492662727832794,0
0.05,23,"test",168,0.507302761077881,1
0.05,23,"test",169,0.505446016788483,1
0.05,23,"test",170,0.420917600393295,1
0.05,23,"test",171,0.427263647317886,0
0.05,23,"test",172,0.516945779323578,0
0.05,23,"test",173,0.50790011882782,1
0.05,23,"test",174,0.555050849914551,1
0.05,23,"test",175,0.546377182006836,1
0.05,23,"test",176,0.551190674304962,1
0.05,23,"test",177,0.55348414182663,0
0.05,23,"test",178,0.565252006053925,0
0.05,23,"test",179,0.547534942626953,0
0.05,23,"test",180,0.521808743476868,0
0.05,23,"test",181,0.540255904197693,0
0.05,23,"test",182,0.534545063972473,0
0.05,23,"test",183,0.528335869312286,0
0.05,23,"test",184,0.564956068992615,0
0.05,23,"test",185,0.548447847366333,0
0.05,23,"test",186,0.574328780174255,1
0.05,23,"test",187,0.569411635398865,0
0.05,23,"test",188,0.478304624557495,0
0.05,23,"test",189,0.485061079263687,0
0.05,23,"test",190,0.549296319484711,0
0.05,23,"test",191,0.509939730167389,0
0.05,23,"test",192,0.492662727832794,0
0.05,23,"test",193,0.508481681346893,0
0.05,23,"test",194,0.505446016788483,0
0.05,23,"test",195,0.512804210186005,0
0.05,23,"test",196,0.427263647317886,0
0.05,23,"test",197,0.446748197078705,1
0.05,23,"test",198,0.50790011882782,1
0.05,23,"test",199,0.512787640094757,1
0.05,23,"test",200,0.546377182006836,0
0.05,23,"test",201,0.545341551303864,0
0.05,23,"test",202,0.55348414182663,1
0.05,23,"test",203,0.570367693901062,0
0.05,23,"test",204,0.547534942626953,0
0.05,23,"test",205,0.545567154884338,0
0.05,23,"test",206,0.540255904197693,1
0.05,23,"test",207,0.528372347354889,0
0.05,23,"test",208,0.528335869312286,0
0.05,23,"test",209,0.517558038234711,0
0.05,23,"test",210,0.548447847366333,0
0.05,23,"test",211,0.549048185348511,0
0.05,23,"test",212,0.569411635398865,1
0.05,23,"test",213,0.593636989593506,0
0.05,23,"test",214,0.485061079263687,1
0.05,23,"test",215,0.348491340875626,1
0.05,23,"test",216,0.509939730167389,1
0.05,23,"test",217,0.488036334514618,0
0.05,23,"test",218,0.508481681346893,0
0.05,23,"test",219,0.506669402122498,1
0.05,23,"test",220,0.512804210186005,1
0.05,23,"test",221,0.505863964557648,0
0.05,23,"test",222,0.446748197078705,1
0.05,23,"test",223,0.422487258911133,1
0.05,23,"test",224,0.512787640094757,1
0.05,23,"test",225,0.522989988327026,0
0.05,23,"test",226,0.545341551303864,0
0.05,23,"test",227,0.53817230463028,0
0.05,23,"test",228,0.570367693901062,1
0.05,23,"test",229,0.555393695831299,1
0.05,23,"test",230,0.545567154884338,0
0.05,23,"test",231,0.538099944591522,1
0.05,23,"test",232,0.528372347354889,1
0.05,23,"test",233,0.563407182693481,1
0.05,23,"test",234,0.517558038234711,1
0.05,23,"test",235,0.517943739891052,1
0.05,23,"test",236,0.549048185348511,1
0.05,23,"test",237,0.555929243564606,0
0.05,23,"test",238,0.593636989593506,0
0.05,23,"test",239,0.576729118824005,0
0.05,23,"test",240,0.348491340875626,0
0.05,23,"test",241,0.316599398851395,0
0.05,23,"test",242,0.488036334514618,0
0.05,23,"test",243,0.529695630073547,0
0.05,23,"test",244,0.506669402122498,1
0.05,23,"test",245,0.48801127076149,1
0.05,23,"test",246,0.505863964557648,1
0.05,23,"test",247,0.514676809310913,1
0.05,23,"test",248,0.422487258911133,1
0.05,23,"test",249,0.413946121931076,1
0.05,23,"test",250,0.522989988327026,1
0.05,23,"test",251,0.533131659030914,1
0.05,23,"test",252,0.53817230463028,0
0.05,23,"test",253,0.549791574478149,0
0.05,23,"test",254,0.555393695831299,0
0.05,23,"test",255,0.544375777244568,1
0.05,23,"test",256,0.538099944591522,1
0.05,23,"test",257,0.551905751228333,1
0.05,23,"test",258,0.563407182693481,1
0.05,23,"test",259,0.539341032505035,1
0.05,23,"test",260,0.517943739891052,1
0.05,23,"test",261,0.517594754695892,1
0.05,23,"test",262,0.555929243564606,0
0.05,23,"test",263,0.539654493331909,0
0.05,23,"test",264,0.576729118824005,1
0.05,23,"test",265,0.578787088394165,1
0.05,23,"test",266,0.316599398851395,1
0.05,23,"test",267,0.471809148788452,1
0.05,23,"test",268,0.529695630073547,1
0.05,23,"test",269,0.538202166557312,1
0.05,23,"test",270,0.48801127076149,1
0.05,23,"test",271,0.503634572029114,1
0.05,23,"test",272,0.514676809310913,1
0.05,23,"test",273,0.512418746948242,1
0.05,23,"test",274,0.413946121931076,1
0.05,23,"test",275,0.423818856477737,1
0.05,23,"test",276,0.533131659030914,1
0.05,23,"test",277,0.523162424564362,1
0.05,23,"test",278,0.549791574478149,0
0.05,23,"test",279,0.56791615486145,0
0.05,23,"test",280,0.544375777244568,0
0.05,23,"test",281,0.553748846054077,0
0.05,23,"test",282,0.551905751228333,0
0.05,23,"test",283,0.542951285839081,0
0.05,23,"test",284,0.539341032505035,0
0.05,23,"test",285,0.548928260803223,0
0.05,23,"test",286,0.517594754695892,0
0.05,23,"test",287,0.544076859951019,0
0.05,23,"test",288,0.539654493331909,0
0.05,23,"test",289,0.552296757698059,0
0.05,23,"test",290,0.578787088394165,0
0.05,23,"test",291,0.556207895278931,0
0.05,23,"test",292,0.471809148788452,1
0.05,23,"test",293,0.512912392616272,1
0.05,23,"test",294,0.538202166557312,1
0.05,23,"test",295,0.543353974819183,0
0.05,23,"test",296,0.503634572029114,0
0.05,23,"test",297,0.498054385185242,1
0.05,23,"test",298,0.512418746948242,0
0.05,23,"test",299,0.511889338493347,0
0.05,23,"test",300,0.423818856477737,1
0.05,23,"test",301,0.36794975399971,1
0.05,23,"test",302,0.523162424564362,1
0.05,23,"test",303,0.542416155338287,0
0.05,23,"test",304,0.56791615486145,1
0.05,23,"test",305,0.559962868690491,0
0.05,27,"val",1,0.525286734104156,0
0.05,27,"val",2,0.488020867109299,1
0.05,27,"val",3,0.478374838829041,0
0.05,27,"val",4,0.50133341550827,1
0.05,27,"val",5,0.505702376365662,1
0.05,27,"val",6,0.411773175001144,1
0.05,27,"val",7,0.440128982067108,1
0.05,27,"val",8,0.53761625289917,1
0.05,27,"val",9,0.531761467456818,1
0.05,27,"val",10,0.552073955535889,1
0.05,27,"val",11,0.546942949295044,1
0.05,27,"val",12,0.528013825416565,1
0.05,27,"val",13,0.536661267280579,1
0.05,27,"val",14,0.542995154857635,1
0.05,27,"val",15,0.571037650108337,1
0.05,27,"val",16,0.544474303722382,1
0.05,27,"val",17,0.527992725372314,1
0.05,27,"val",18,0.530708849430084,1
0.05,27,"val",19,0.54560786485672,1
0.05,27,"val",20,0.598083078861237,1
0.05,27,"val",21,0.614354372024536,1
0.05,27,"val",22,0.56836599111557,1
0.05,27,"val",23,0.53401130437851,0
0.05,27,"val",24,0.550149202346802,0
0.05,27,"val",25,0.442218154668808,1
0.05,27,"val",26,0.525286734104156,0
0.05,27,"val",27,0.53018444776535,0
0.05,27,"val",28,0.478374838829041,0
0.05,27,"val",29,0.456090360879898,1
0.05,27,"val",30,0.505702376365662,1
0.05,27,"val",31,0.50574779510498,0
0.05,27,"val",32,0.440128982067108,0
0.05,27,"val",33,0.426957279443741,0
0.05,27,"val",34,0.531761467456818,0
0.05,27,"val",35,0.526610732078552,0
0.05,27,"val",36,0.546942949295044,0
0.05,27,"val",37,0.553332567214966,1
0.05,27,"val",38,0.536661267280579,1
0.05,27,"val",39,0.541060030460358,1
0.05,27,"val",40,0.571037650108337,0
0.05,27,"val",41,0.552550852298737,0
0.05,27,"val",42,0.527992725372314,0
0.05,27,"val",43,0.531806349754333,0
0.05,27,"val",44,0.54560786485672,0
0.05,27,"val",45,0.528227210044861,0
0.05,27,"val",46,0.614354372024536,0
0.05,27,"val",47,0.614451348781586,1
0.05,27,"val",48,0.53401130437851,1
0.05,27,"val",49,0.569251835346222,1
0.05,27,"val",50,0.442218154668808,1
0.05,27,"val",51,0.516111493110657,1
0.05,27,"val",52,0.53018444776535,1
0.05,27,"val",53,0.548613786697388,1
0.05,27,"val",54,0.456090360879898,1
0.05,27,"val",55,0.476958453655243,1
0.05,27,"val",56,0.50574779510498,1
0.05,27,"val",57,0.504940032958984,1
0.05,27,"val",58,0.426957279443741,1
0.05,27,"val",59,0.454898625612259,1
0.05,27,"val",60,0.526610732078552,1
0.05,27,"val",61,0.535148084163666,0
0.05,27,"val",62,0.553332567214966,1
0.05,27,"val",63,0.5587397813797,0
0.05,27,"val",64,0.541060030460358,0
0.05,27,"val",65,0.537636458873749,1
0.05,27,"val",66,0.552550852298737,1
0.05,27,"val",67,0.561879694461823,1
0.05,27,"val",68,0.531806349754333,1
0.05,27,"val",69,0.534390211105347,1
0.05,27,"val",70,0.528227210044861,1
0.05,27,"val",71,0.539772689342499,1
0.05,27,"val",72,0.614451348781586,1
0.05,27,"val",73,0.58845442533493,1
0.05,27,"val",74,0.569251835346222,1
0.05,27,"val",75,0.636854112148285,1
0.05,27,"val",76,0.516111493110657,0
0.05,27,"val",77,0.529264450073242,1
0.05,27,"val",78,0.548613786697388,1
0.05,27,"val",79,0.528884291648865,0
0.05,27,"val",80,0.476958453655243,0
0.05,27,"val",81,0.491023272275925,0
0.05,27,"val",82,0.504940032958984,1
0.05,27,"val",83,0.507663905620575,0
0.05,27,"val",84,0.454898625612259,0
0.05,27,"val",85,0.456759303808212,0
0.05,27,"val",86,0.535148084163666,1
0.05,27,"val",87,0.516924142837524,1
0.05,27,"val",88,0.5587397813797,1
0.05,27,"val",89,0.566473603248596,0
0.05,27,"val",90,0.537636458873749,0
0.05,27,"val",91,0.531633615493774,0
0.05,27,"val",92,0.561879694461823,0
0.05,27,"val",93,0.574251174926758,0
0.05,27,"val",94,0.534390211105347,0
0.05,27,"val",95,0.524036645889282,0
0.05,27,"val",96,0.539772689342499,1
0.05,27,"val",97,0.532254636287689,1
0.05,27,"val",98,0.58845442533493,1
0.05,27,"val",99,0.602991223335266,1
0.05,27,"val",100,0.636854112148285,0
0.05,27,"val",101,0.625040769577026,0
0.05,27,"val",102,0.529264450073242,0
0.05,27,"val",103,0.412367463111877,0
0.05,27,"val",104,0.528884291648865,1
0.05,27,"val",105,0.528696775436401,1
0.05,27,"val",106,0.491023272275925,1
0.05,27,"val",107,0.490911066532135,1
0.05,27,"val",108,0.507663905620575,1
0.05,27,"val",109,0.504250168800354,0
0.05,27,"val",110,0.456759303808212,0
0.05,27,"val",111,0.422987639904022,1
0.05,27,"val",112,0.516924142837524,1
0.05,27,"val",113,0.527303755283356,1
0.05,27,"val",114,0.566473603248596,0
0.05,27,"val",115,0.556739866733551,1
0.05,27,"val",116,0.531633615493774,0
0.05,27,"val",117,0.544305801391602,1
0.05,27,"val",118,0.574251174926758,1
0.05,27,"val",119,0.543681263923645,1
0.05,27,"val",120,0.524036645889282,0
0.05,27,"val",121,0.540867924690247,0
0.05,27,"val",122,0.532254636287689,0
0.05,27,"val",123,0.54152375459671,1
0.05,27,"val",124,0.602991223335266,1
0.05,27,"val",125,0.584533870220184,1
0.05,27,"val",126,0.625040769577026,1
0.05,27,"val",127,0.631747484207153,1
0.05,27,"val",128,0.412367403507233,1
0.05,27,"val",129,0.262958139181137,1
0.05,27,"val",130,0.528696775436401,1
0.05,27,"val",131,0.531491339206696,0
0.05,27,"val",132,0.490911066532135,0
0.05,27,"val",133,0.481596827507019,1
0.05,27,"val",134,0.504250168800354,1
0.05,27,"val",135,0.507966756820679,0
0.05,27,"val",136,0.422987639904022,0
0.05,27,"val",137,0.441195905208588,0
0.05,27,"val",138,0.527303755283356,0
0.05,27,"val",139,0.520917356014252,0
0.05,27,"val",140,0.556739866733551,0
0.05,27,"val",141,0.542108416557312,1
0.05,27,"val",142,0.544305801391602,1
0.05,27,"val",143,0.536592245101929,1
0.05,27,"val",144,0.543681263923645,0
0.05,27,"val",145,0.550590038299561,0
0.05,27,"val",146,0.540867924690247,0
0.05,27,"val",147,0.53752464056015,0
0.05,27,"val",148,0.54152375459671,0
0.05,27,"val",149,0.567536294460297,0
0.05,27,"val",150,0.584533870220184,0
0.05,27,"val",151,0.59113621711731,0
0.05,27,"val",152,0.631747484207153,1
0.05,27,"val",153,0.587193846702576,0
0.05,27,"val",154,0.262958139181137,1
0.05,27,"val",155,0.309264898300171,0
0.05,27,"val",156,0.531491339206696,0
0.05,27,"val",157,0.524213790893555,0
0.05,27,"val",158,0.481596827507019,0
0.05,27,"val",159,0.478775590658188,1
0.05,27,"val",160,0.507966756820679,1
0.05,27,"val",161,0.507290124893188,1
0.05,27,"val",162,0.441195905208588,1
0.05,27,"val",163,0.447819203138351,1
0.05,27,"val",164,0.520917356014252,0
0.05,27,"val",165,0.505853414535522,0
0.05,27,"val",166,0.542108416557312,0
0.05,27,"val",167,0.53950172662735,0
0.05,27,"val",168,0.536592245101929,1
0.05,27,"val",169,0.541380941867828,0
0.05,27,"val",170,0.550590038299561,0
0.05,27,"val",171,0.550681829452515,0
0.05,27,"val",172,0.53752464056015,1
0.05,27,"val",173,0.534765779972076,1
0.05,27,"val",174,0.567536294460297,1
0.05,27,"val",175,0.55719780921936,0
0.05,27,"val",176,0.59113621711731,0
0.05,27,"val",177,0.558986127376556,1
0.05,27,"val",178,0.587193846702576,0
0.05,27,"val",179,0.581141412258148,1
0.05,27,"val",180,0.309264898300171,0
0.05,27,"val",181,0.311261892318726,1
0.05,27,"val",182,0.524213790893555,1
0.05,27,"val",183,0.517142117023468,1
0.05,27,"val",184,0.478775590658188,0
0.05,27,"val",185,0.475430816411972,0
0.05,27,"val",186,0.507290124893188,0
0.05,27,"val",187,0.505063891410828,0
0.05,27,"val",188,0.447819203138351,0
0.05,27,"val",189,0.458077609539032,0
0.05,27,"val",190,0.505853414535522,0
0.05,27,"val",191,0.527228236198425,1
0.05,27,"val",192,0.53950172662735,0
0.05,27,"val",193,0.537508428096771,0
0.05,27,"val",194,0.541380941867828,0
0.05,27,"val",195,0.530343770980835,1
0.05,27,"val",196,0.550681829452515,1
0.05,27,"val",197,0.547792494297028,1
0.05,27,"val",198,0.534765779972076,1
0.05,27,"val",199,0.527749121189117,0
0.05,27,"val",200,0.55719780921936,0
0.05,27,"val",201,0.537611246109009,0
0.05,27,"val",202,0.558986127376556,0
0.05,27,"val",203,0.569829523563385,1
0.05,27,"val",204,0.581141412258148,1
0.05,27,"val",205,0.571816265583038,1
0.05,27,"val",206,0.311261892318726,0
0.05,27,"val",207,0.495200514793396,0
0.05,27,"val",208,0.517142117023468,0
0.05,27,"val",209,0.529311060905457,1
0.05,27,"val",210,0.475430816411972,1
0.05,27,"val",211,0.471500098705292,1
0.05,27,"val",212,0.505063891410828,1
0.05,27,"val",213,0.507439017295837,1
0.05,27,"val",214,0.458077609539032,1
0.05,27,"val",215,0.457116663455963,0
0.05,27,"val",216,0.527228236198425,0
0.05,27,"val",217,0.513168394565582,0
0.05,27,"val",218,0.537508428096771,0
0.05,27,"val",219,0.549124717712402,0
0.05,27,"val",220,0.530343770980835,0
0.05,27,"val",221,0.535813450813293,1
0.05,27,"val",222,0.547792494297028,1
0.05,27,"val",223,0.559242069721222,1
0.05,27,"val",224,0.527749121189117,0
0.05,27,"val",225,0.53729110956192,1
0.05,27,"val",226,0.537611246109009,1
0.05,27,"val",227,0.534347414970398,1
0.05,27,"val",228,0.569829523563385,0
0.05,27,"val",229,0.545722723007202,0
0.05,27,"val",230,0.571816265583038,0
0.05,27,"val",231,0.58778840303421,0
0.05,27,"val",232,0.495200514793396,0
0.05,27,"val",233,0.305163890123367,0
0.05,27,"val",234,0.529311060905457,0
0.05,27,"val",235,0.549311816692352,0
0.05,27,"val",236,0.471500098705292,0
0.05,27,"val",237,0.485187739133835,0
0.05,27,"val",238,0.507439017295837,1
0.05,27,"val",239,0.505625188350677,0
0.05,27,"val",240,0.457116663455963,0
0.05,27,"val",241,0.454850941896439,0
0.05,27,"val",242,0.513168394565582,0
0.05,27,"val",243,0.505609691143036,1
0.05,27,"val",244,0.549124717712402,1
0.05,27,"val",245,0.544546365737915,1
0.05,27,"val",246,0.535813450813293,0
0.05,27,"val",247,0.529894769191742,1
0.05,27,"val",248,0.559242069721222,1
0.05,27,"val",249,0.557942271232605,0
0.05,27,"val",250,0.53729110956192,1
0.05,27,"val",251,0.532977759838104,1
0.05,27,"val",252,0.534347414970398,1
0.05,27,"val",253,0.532612264156342,1
0.05,27,"val",254,0.545722723007202,0
0.05,27,"val",255,0.547640562057495,0
0.05,27,"val",256,0.58778840303421,0
0.05,27,"val",257,0.573516190052032,0
0.05,27,"val",258,0.305163890123367,1
0.05,27,"val",259,0.455240100622177,1
0.05,27,"val",260,0.549311816692352,1
0.05,27,"val",261,0.529819369316101,1
0.05,27,"val",262,0.485187739133835,1
0.05,27,"val",263,0.484700858592987,0
0.05,27,"val",264,0.505625188350677,0
0.05,27,"val",265,0.505022406578064,1
0.05,27,"val",266,0.454850941896439,1
0.05,27,"val",267,0.454447209835052,0
0.05,27,"val",268,0.505609691143036,0
0.05,27,"val",269,0.502125024795532,0
0.05,27,"val",270,0.544546365737915,1
0.05,27,"val",271,0.535618662834167,1
0.05,27,"val",272,0.529894769191742,1
0.05,27,"val",273,0.547863900661469,1
0.05,27,"val",274,0.557942271232605,0
0.05,27,"val",275,0.571224749088287,0
0.05,27,"val",276,0.532977759838104,0
0.05,27,"val",277,0.539800047874451,0
0.05,27,"val",278,0.532612264156342,1
0.05,27,"val",279,0.534749209880829,1
0.05,27,"val",280,0.547640562057495,1
0.05,27,"val",281,0.560419380664825,1
0.05,27,"val",282,0.573516190052032,1
0.05,27,"val",283,0.547622442245483,1
0.05,27,"val",284,0.455240100622177,0
0.05,27,"val",285,0.467182964086533,0
0.05,27,"val",286,0.529819369316101,0
0.05,27,"val",287,0.539864599704742,0
0.05,27,"val",288,0.484700858592987,0
0.05,27,"val",289,0.482186138629913,0
0.05,27,"val",290,0.505022406578064,0
0.05,27,"val",291,0.507428824901581,0
0.05,27,"val",292,0.454447209835052,0
0.05,27,"val",293,0.436104506254196,0
0.05,27,"val",294,0.502125024795532,1
0.05,27,"val",295,0.500909745693207,1
0.05,27,"val",296,0.535618662834167,0
0.05,27,"val",297,0.560221552848816,0
0.05,27,"val",298,0.547863900661469,0
0.05,27,"val",299,0.560563206672668,1
0.05,27,"val",300,0.571224749088287,1
0.05,27,"val",301,0.553102552890778,1
0.05,27,"val",302,0.539800047874451,0
0.05,27,"val",303,0.53203934431076,0
0.05,27,"val",304,0.534749209880829,0
0.05,27,"test",1,0.522035658359528,0
0.05,27,"test",2,0.560419380664825,0
0.05,27,"test",3,0.571937918663025,1
0.05,27,"test",4,0.547622442245483,1
0.05,27,"test",5,0.558621287345886,1
0.05,27,"test",6,0.467182964086533,1
0.05,27,"test",7,0.450963377952576,1
0.05,27,"test",8,0.539864599704742,1
0.05,27,"test",9,0.521218001842499,1
0.05,27,"test",10,0.482186138629913,1
0.05,27,"test",11,0.490598022937775,1
0.05,27,"test",12,0.507428824901581,1
0.05,27,"test",13,0.502602636814117,1
0.05,27,"test",14,0.436104506254196,1
0.05,27,"test",15,0.447438508272171,1
0.05,27,"test",16,0.500909745693207,1
0.05,27,"test",17,0.514590620994568,0
0.05,27,"test",18,0.560221552848816,0
0.05,27,"test",19,0.565802335739136,0
0.05,27,"test",20,0.560563206672668,1
0.05,27,"test",21,0.57287335395813,1
0.05,27,"test",22,0.553102552890778,1
0.05,27,"test",23,0.549521744251251,0
0.05,27,"test",24,0.53203934431076,0
0.05,27,"test",25,0.543023228645325,0
0.05,27,"test",26,0.522035658359528,1
0.05,27,"test",27,0.543349146842957,1
0.05,27,"test",28,0.571937918663025,1
0.05,27,"test",29,0.578106105327606,0
0.05,27,"test",30,0.558621287345886,0
0.05,27,"test",31,0.574719905853271,0
0.05,27,"test",32,0.450963377952576,0
0.05,27,"test",33,0.414165318012238,0
0.05,27,"test",34,0.521218001842499,1
0.05,27,"test",35,0.53162145614624,1
0.05,27,"test",36,0.490598022937775,1
0.05,27,"test",37,0.494178712368011,1
0.05,27,"test",38,0.502602636814117,1
0.05,27,"test",39,0.500995278358459,1
0.05,27,"test",40,0.447438508272171,1
0.05,27,"test",41,0.439011693000793,1
0.05,27,"test",42,0.514590620994568,0
0.05,27,"test",43,0.527572453022003,0
0.05,27,"test",44,0.565802335739136,1
0.05,27,"test",45,0.561641275882721,1
0.05,27,"test",46,0.57287335395813,1
0.05,27,"test",47,0.544983506202698,0
0.05,27,"test",48,0.549521744251251,0
0.05,27,"test",49,0.548642814159393,0
0.05,27,"test",50,0.543023228645325,0
0.05,27,"test",51,0.527625560760498,1
0.05,27,"test",52,0.543349146842957,1
0.05,27,"test",53,0.533269822597504,1
0.05,27,"test",54,0.578106105327606,1
0.05,27,"test",55,0.569928109645844,0
0.05,27,"test",56,0.574719905853271,0
0.05,27,"test",57,0.629526376724243,0
0.05,27,"test",58,0.414165318012238,0
0.05,27,"test",59,0.38448229432106,1
0.05,27,"test",60,0.53162145614624,1
0.05,27,"test",61,0.517846763134003,1
0.05,27,"test",62,0.494178712368011,0
0.05,27,"test",63,0.486953556537628,1
0.05,27,"test",64,0.500995278358459,1
0.05,27,"test",65,0.503527641296387,1
0.05,27,"test",66,0.439011693000793,1
0.05,27,"test",67,0.429421961307526,1
0.05,27,"test",68,0.527572453022003,0
0.05,27,"test",69,0.5212522149086,0
0.05,27,"test",70,0.561641275882721,0
0.05,27,"test",71,0.553948938846588,1
0.05,27,"test",72,0.544983506202698,1
0.05,27,"test",73,0.536254703998566,0
0.05,27,"test",74,0.548642814159393,0
0.05,27,"test",75,0.554252505302429,0
0.05,27,"test",76,0.527625560760498,0
0.05,27,"test",77,0.53017383813858,0
0.05,27,"test",78,0.533269822597504,1
0.05,27,"test",79,0.54312390089035,0
0.05,27,"test",80,0.569928109645844,0
0.05,27,"test",81,0.585681200027466,1
0.05,27,"test",82,0.629526376724243,1
0.05,27,"test",83,0.583226919174194,1
0.05,27,"test",84,0.38448229432106,1
0.05,27,"test",85,0.411589413881302,0
0.05,27,"test",86,0.517846763134003,0
0.05,27,"test",87,0.51830267906189,0
0.05,27,"test",88,0.486953556537628,0
0.05,27,"test",89,0.470547735691071,0
0.05,27,"test",90,0.503527641296387,0
0.05,27,"test",91,0.505632162094116,1
0.05,27,"test",92,0.429421961307526,0
0.05,27,"test",93,0.426624685525894,0
0.05,27,"test",94,0.5212522149086,0
0.05,27,"test",95,0.520981132984161,0
0.05,27,"test",96,0.553948938846588,0
0.05,27,"test",97,0.550085544586182,1
0.05,27,"test",98,0.536254703998566,1
0.05,27,"test",99,0.544527590274811,1
0.05,27,"test",100,0.554252505302429,1
0.05,27,"test",101,0.550236821174622,1
0.05,27,"test",102,0.53017383813858,0
0.05,27,"test",103,0.522625386714935,0
0.05,27,"test",104,0.54312390089035,0
0.05,27,"test",105,0.563815176486969,0
0.05,27,"test",106,0.585681200027466,0
0.05,27,"test",107,0.5536869764328,0
0.05,27,"test",108,0.583226919174194,0
0.05,27,"test",109,0.593541741371155,0
0.05,27,"test",110,0.411589413881302,1
0.05,27,"test",111,0.292743891477585,1
0.05,27,"test",112,0.51830267906189,1
0.05,27,"test",113,0.524663388729095,0
0.05,27,"test",114,0.470547735691071,1
0.05,27,"test",115,0.492537468671799,1
0.05,27,"test",116,0.505632162094116,1
0.05,27,"test",117,0.50688111782074,1
0.05,27,"test",118,0.426624685525894,1
0.05,27,"test",119,0.433959990739822,0
0.05,27,"test",120,0.520981132984161,0
0.05,27,"test",121,0.50382673740387,0
0.05,27,"test",122,0.550085544586182,1
0.05,27,"test",123,0.549181640148163,1
0.05,27,"test",124,0.544527590274811,1
0.05,27,"test",125,0.535088002681732,0
0.05,27,"test",126,0.550236821174622,0
0.05,27,"test",127,0.550220489501953,0
0.05,27,"test",128,0.522625386714935,1
0.05,27,"test",129,0.522072374820709,1
0.05,27,"test",130,0.563815176486969,1
0.05,27,"test",131,0.588882803916931,1
0.05,27,"test",132,0.5536869764328,0
0.05,27,"test",133,0.639727711677551,0
0.05,27,"test",134,0.593541741371155,0
0.05,27,"test",135,0.579887866973877,0
0.05,27,"test",136,0.292743891477585,0
0.05,27,"test",137,0.40816268324852,1
0.05,27,"test",138,0.524663388729095,1
0.05,27,"test",139,0.528281569480896,1
0.05,27,"test",140,0.492537468671799,1
0.05,27,"test",141,0.491729527711868,1
0.05,27,"test",142,0.50688111782074,1
0.05,27,"test",143,0.513420760631561,1
0.05,27,"test",144,0.433959990739822,1
0.05,27,"test",145,0.424072772264481,1
0.05,27,"test",146,0.50382673740387,1
0.05,27,"test",147,0.505687713623047,1
0.05,27,"test",148,0.549181640148163,1
0.05,27,"test",149,0.56661456823349,1
0.05,27,"test",150,0.535088002681732,1
0.05,27,"test",151,0.539767742156982,1
0.05,27,"test",152,0.550220489501953,0
0.05,27,"test",153,0.573487520217896,0
0.05,27,"test",154,0.522072374820709,1
0.05,27,"test",155,0.518507778644562,1
0.05,27,"test",156,0.588882803916931,1
0.05,27,"test",157,0.55463570356369,0
0.05,27,"test",158,0.639727711677551,0
0.05,27,"test",159,0.597798466682434,0
0.05,27,"test",160,0.579887866973877,0
0.05,27,"test",161,0.576382637023926,0
0.05,27,"test",162,0.40816268324852,0
0.05,27,"test",163,0.474675357341766,0
0.05,27,"test",164,0.528281569480896,0
0.05,27,"test",165,0.529286563396454,1
0.05,27,"test",166,0.491729527711868,1
0.05,27,"test",167,0.488493502140045,0
0.05,27,"test",168,0.513420760631561,1
0.05,27,"test",169,0.511958658695221,1
0.05,27,"test",170,0.424072772264481,1
0.05,27,"test",171,0.430054932832718,0
0.05,27,"test",172,0.505687713623047,0
0.05,27,"test",173,0.498026728630066,1
0.05,27,"test",174,0.56661456823349,1
0.05,27,"test",175,0.557297170162201,1
0.05,27,"test",176,0.539767742156982,1
0.05,27,"test",177,0.541510045528412,0
0.05,27,"test",178,0.573487520217896,0
0.05,27,"test",179,0.551400661468506,0
0.05,27,"test",180,0.518507778644562,0
0.05,27,"test",181,0.526405990123749,0
0.05,27,"test",182,0.55463570356369,0
0.05,27,"test",183,0.544481575489044,0
0.05,27,"test",184,0.597798466682434,0
0.05,27,"test",185,0.577942192554474,0
0.05,27,"test",186,0.576382637023926,1
0.05,27,"test",187,0.567555904388428,0
0.05,27,"test",188,0.474675357341766,0
0.05,27,"test",189,0.4803107380867,0
0.05,27,"test",190,0.529286563396454,0
0.05,27,"test",191,0.503228306770325,0
0.05,27,"test",192,0.488493502140045,0
0.05,27,"test",193,0.482720971107483,0
0.05,27,"test",194,0.511958658695221,0
0.05,27,"test",195,0.511010110378265,0
0.05,27,"test",196,0.430054932832718,0
0.05,27,"test",197,0.449038296937943,1
0.05,27,"test",198,0.498026728630066,1
0.05,27,"test",199,0.502835631370544,1
0.05,27,"test",200,0.557297170162201,0
0.05,27,"test",201,0.554873466491699,0
0.05,27,"test",202,0.541510045528412,1
0.05,27,"test",203,0.557024240493774,0
0.05,27,"test",204,0.551400661468506,0
0.05,27,"test",205,0.547516167163849,0
0.05,27,"test",206,0.526405990123749,1
0.05,27,"test",207,0.519163429737091,0
0.05,27,"test",208,0.544481575489044,0
0.05,27,"test",209,0.536617636680603,0
0.05,27,"test",210,0.577942192554474,0
0.05,27,"test",211,0.578723251819611,0
0.05,27,"test",212,0.567555904388428,1
0.05,27,"test",213,0.605709910392761,0
0.05,27,"test",214,0.4803107380867,1
0.05,27,"test",215,0.331681579351425,1
0.05,27,"test",216,0.503228306770325,1
0.05,27,"test",217,0.482290953397751,0
0.05,27,"test",218,0.482720971107483,0
0.05,27,"test",219,0.479657471179962,1
0.05,27,"test",220,0.511010110378265,1
0.05,27,"test",221,0.512313008308411,0
0.05,27,"test",222,0.449038296937943,1
0.05,27,"test",223,0.42557218670845,1
0.05,27,"test",224,0.502835631370544,1
0.05,27,"test",225,0.513052761554718,0
0.05,27,"test",226,0.554873466491699,0
0.05,27,"test",227,0.565331637859344,0
0.05,27,"test",228,0.557024240493774,1
0.05,27,"test",229,0.543173432350159,1
0.05,27,"test",230,0.547516167163849,0
0.05,27,"test",231,0.536952793598175,1
0.05,27,"test",232,0.519163429737091,1
0.05,27,"test",233,0.546863377094269,1
0.05,27,"test",234,0.536617636680603,1
0.05,27,"test",235,0.536199808120728,1
0.05,27,"test",236,0.578723251819611,1
0.05,27,"test",237,0.591249227523804,0
0.05,27,"test",238,0.605709910392761,0
0.05,27,"test",239,0.579999804496765,0
0.05,27,"test",240,0.331681579351425,0
0.05,27,"test",241,0.294938921928406,0
0.05,27,"test",242,0.482290953397751,0
0.05,27,"test",243,0.507718026638031,0
0.05,27,"test",244,0.479657471179962,1
0.05,27,"test",245,0.467032194137573,1
0.05,27,"test",246,0.512313008308411,1
0.05,27,"test",247,0.513677418231964,1
0.05,27,"test",248,0.42557218670845,1
0.05,27,"test",249,0.411371231079102,1
0.05,27,"test",250,0.513052761554718,1
0.05,27,"test",251,0.520907461643219,1
0.05,27,"test",252,0.565331637859344,0
0.05,27,"test",253,0.573099732398987,0
0.05,27,"test",254,0.543173432350159,0
0.05,27,"test",255,0.533723294734955,1
0.05,27,"test",256,0.536952793598175,1
0.05,27,"test",257,0.555767416954041,1
0.05,27,"test",258,0.546863377094269,1
0.05,27,"test",259,0.53070342540741,1
0.05,27,"test",260,0.536199808120728,1
0.05,27,"test",261,0.538519620895386,1
0.05,27,"test",262,0.591249227523804,0
0.05,27,"test",263,0.57110732793808,0
0.05,27,"test",264,0.579999804496765,1
0.05,27,"test",265,0.586839258670807,1
0.05,27,"test",266,0.294938921928406,1
0.05,27,"test",267,0.463844150304794,1
0.05,27,"test",268,0.507718026638031,1
0.05,27,"test",269,0.515945136547089,1
0.05,27,"test",270,0.467032194137573,1
0.05,27,"test",271,0.488918453454971,1
0.05,27,"test",272,0.513677418231964,1
0.05,27,"test",273,0.510124266147614,1
0.05,27,"test",274,0.411371231079102,1
0.05,27,"test",275,0.426828384399414,1
0.05,27,"test",276,0.520907461643219,1
0.05,27,"test",277,0.506028831005096,1
0.05,27,"test",278,0.573099732398987,0
0.05,27,"test",279,0.579510569572449,0
0.05,27,"test",280,0.533723294734955,0
0.05,27,"test",281,0.542216241359711,0
0.05,27,"test",282,0.555767416954041,0
0.05,27,"test",283,0.54403692483902,0
0.05,27,"test",284,0.53070342540741,0
0.05,27,"test",285,0.538822770118713,0
0.05,27,"test",286,0.538519620895386,0
0.05,27,"test",287,0.565656304359436,0
0.05,27,"test",288,0.57110732793808,0
0.05,27,"test",289,0.582710862159729,0
0.05,27,"test",290,0.586839258670807,0
0.05,27,"test",291,0.554874897003174,0
0.05,27,"test",292,0.463844150304794,1
0.05,27,"test",293,0.51070898771286,1
0.05,27,"test",294,0.515945136547089,1
0.05,27,"test",295,0.524398505687714,0
0.05,27,"test",296,0.488918453454971,0
0.05,27,"test",297,0.489154726266861,1
0.05,27,"test",298,0.510124266147614,0
0.05,27,"test",299,0.512120366096497,0
0.05,27,"test",300,0.426828384399414,1
0.05,27,"test",301,0.372333765029907,1
0.05,27,"test",302,0.506028831005096,1
0.05,27,"test",303,0.524467647075653,0
0.05,27,"test",304,0.579510569572449,1
0.05,27,"test",305,0.576395988464355,0
0.05,98,"val",1,0.55089282989502,0
0.05,98,"val",2,0.494802802801132,1
0.05,98,"val",3,0.49141338467598,0
0.05,98,"val",4,0.516535460948944,1
0.05,98,"val",5,0.523247182369232,1
0.05,98,"val",6,0.413955748081207,1
0.05,98,"val",7,0.438368588685989,1
0.05,98,"val",8,0.55302369594574,1
0.05,98,"val",9,0.548235535621643,1
0.05,98,"val",10,0.548182785511017,1
0.05,98,"val",11,0.536068141460419,1
0.05,98,"val",12,0.534268200397491,1
0.05,98,"val",13,0.549972891807556,1
0.05,98,"val",14,0.55945873260498,1
0.05,98,"val",15,0.586703836917877,1
0.05,98,"val",16,0.542295575141907,1
0.05,98,"val",17,0.52245956659317,1
0.05,98,"val",18,0.524916887283325,1
0.05,98,"val",19,0.534068286418915,1
0.05,98,"val",20,0.578886449337006,1
0.05,98,"val",21,0.602361738681793,1
0.05,98,"val",22,0.586698174476624,1
0.05,98,"val",23,0.567475140094757,0
0.05,98,"val",24,0.580463230609894,0
0.05,98,"val",25,0.436377257108688,1
0.05,98,"val",26,0.55089282989502,0
0.05,98,"val",27,0.556415319442749,0
0.05,98,"val",28,0.49141338467598,0
0.05,98,"val",29,0.435916125774384,1
0.05,98,"val",30,0.523247182369232,1
0.05,98,"val",31,0.517101764678955,0
0.05,98,"val",32,0.438368588685989,0
0.05,98,"val",33,0.429111629724503,0
0.05,98,"val",34,0.548235535621643,0
0.05,98,"val",35,0.542364776134491,0
0.05,98,"val",36,0.536068141460419,0
0.05,98,"val",37,0.536348283290863,1
0.05,98,"val",38,0.549972891807556,1
0.05,98,"val",39,0.552111744880676,1
0.05,98,"val",40,0.586703836917877,0
0.05,98,"val",41,0.57037216424942,0
0.05,98,"val",42,0.52245956659317,0
0.05,98,"val",43,0.525850117206573,0
0.05,98,"val",44,0.534068286418915,0
0.05,98,"val",45,0.513522982597351,0
0.05,98,"val",46,0.602361738681793,0
0.05,98,"val",47,0.595177948474884,1
0.05,98,"val",48,0.567475140094757,1
0.05,98,"val",49,0.590960085391998,1
0.05,98,"val",50,0.436377257108688,1
0.05,98,"val",51,0.52392053604126,1
0.05,98,"val",52,0.556415319442749,1
0.05,98,"val",53,0.57521378993988,1
0.05,98,"val",54,0.435916125774384,1
0.05,98,"val",55,0.470854669809341,1
0.05,98,"val",56,0.517101764678955,1
0.05,98,"val",57,0.513441503047943,1
0.05,98,"val",58,0.429111629724503,1
0.05,98,"val",59,0.45344090461731,1
0.05,98,"val",60,0.542364776134491,1
0.05,98,"val",61,0.546366930007935,0
0.05,98,"val",62,0.536348283290863,1
0.05,98,"val",63,0.550665676593781,0
0.05,98,"val",64,0.552111744880676,0
0.05,98,"val",65,0.546441853046417,1
0.05,98,"val",66,0.57037216424942,1
0.05,98,"val",67,0.57854425907135,1
0.05,98,"val",68,0.525850117206573,1
0.05,98,"val",69,0.532175004482269,1
0.05,98,"val",70,0.513522982597351,1
0.05,98,"val",71,0.528013706207275,1
0.05,98,"val",72,0.595177948474884,1
0.05,98,"val",73,0.571065247058868,1
0.05,98,"val",74,0.590960085391998,1
0.05,98,"val",75,0.668260812759399,1
0.05,98,"val",76,0.52392053604126,0
0.05,98,"val",77,0.534931778907776,1
0.05,98,"val",78,0.57521378993988,1
0.05,98,"val",79,0.555201053619385,0
0.05,98,"val",80,0.470854669809341,0
0.05,98,"val",81,0.495329201221466,0
0.05,98,"val",82,0.513441503047943,1
0.05,98,"val",83,0.516260802745819,0
0.05,98,"val",84,0.45344090461731,0
0.05,98,"val",85,0.453386813402176,0
0.05,98,"val",86,0.546366930007935,1
0.05,98,"val",87,0.532942175865173,1
0.05,98,"val",88,0.550665616989136,1
0.05,98,"val",89,0.565456807613373,0
0.05,98,"val",90,0.546441853046417,0
0.05,98,"val",91,0.537805795669556,0
0.05,98,"val",92,0.57854425907135,0
0.05,98,"val",93,0.595096349716187,0
0.05,98,"val",94,0.532175004482269,0
0.05,98,"val",95,0.523780167102814,0
0.05,98,"val",96,0.528013706207275,1
0.05,98,"val",97,0.517553567886353,1
0.05,98,"val",98,0.571065247058868,1
0.05,98,"val",99,0.586337387561798,1
0.05,98,"val",100,0.668260812759399,0
0.05,98,"val",101,0.65165239572525,0
0.05,98,"val",102,0.534931778907776,0
0.05,98,"val",103,0.400862634181976,0
0.05,98,"val",104,0.555201053619385,1
0.05,98,"val",105,0.551428258419037,1
0.05,98,"val",106,0.495329201221466,1
0.05,98,"val",107,0.492816865444183,1
0.05,98,"val",108,0.516260802745819,1
0.05,98,"val",109,0.512520611286163,0
0.05,98,"val",110,0.453386813402176,0
0.05,98,"val",111,0.422385841608047,1
0.05,98,"val",112,0.532942175865173,1
0.05,98,"val",113,0.542242646217346,1
0.05,98,"val",114,0.565456807613373,0
0.05,98,"val",115,0.547336757183075,1
0.05,98,"val",116,0.537805795669556,0
0.05,98,"val",117,0.556796014308929,1
0.05,98,"val",118,0.595096349716187,1
0.05,98,"val",119,0.560038268566132,1
0.05,98,"val",120,0.523780167102814,0
0.05,98,"val",121,0.545467138290405,0
0.05,98,"val",122,0.517553567886353,0
0.05,98,"val",123,0.52087938785553,1
0.05,98,"val",124,0.586337387561798,1
0.05,98,"val",125,0.564207911491394,1
0.05,98,"val",126,0.65165239572525,1
0.05,98,"val",127,0.652112126350403,1
0.05,98,"val",128,0.400862634181976,1
0.05,98,"val",129,0.235543265938759,1
0.05,98,"val",130,0.551428258419037,1
0.05,98,"val",131,0.555424988269806,0
0.05,98,"val",132,0.492816865444183,0
0.05,98,"val",133,0.488895505666733,1
0.05,98,"val",134,0.512520611286163,1
0.05,98,"val",135,0.519532382488251,0
0.05,98,"val",136,0.422385841608047,0
0.05,98,"val",137,0.441116362810135,0
0.05,98,"val",138,0.542242646217346,0
0.05,98,"val",139,0.534619033336639,0
0.05,98,"val",140,0.547336757183075,0
0.05,98,"val",141,0.51648473739624,1
0.05,98,"val",142,0.556796014308929,1
0.05,98,"val",143,0.548536241054535,1
0.05,98,"val",144,0.560038268566132,0
0.05,98,"val",145,0.565494775772095,0
0.05,98,"val",146,0.545467138290405,0
0.05,98,"val",147,0.543073296546936,0
0.05,98,"val",148,0.52087938785553,0
0.05,98,"val",149,0.580657958984375,0
0.05,98,"val",150,0.564207911491394,0
0.05,98,"val",151,0.566448152065277,0
0.05,98,"val",152,0.652112126350403,1
0.05,98,"val",153,0.629077434539795,0
0.05,98,"val",154,0.235543265938759,1
0.05,98,"val",155,0.283811509609222,0
0.05,98,"val",156,0.555424988269806,0
0.05,98,"val",157,0.549599647521973,0
0.05,98,"val",158,0.488895505666733,0
0.05,98,"val",159,0.496290266513824,1
0.05,98,"val",160,0.519532382488251,1
0.05,98,"val",161,0.51486200094223,1
0.05,98,"val",162,0.441116362810135,1
0.05,98,"val",163,0.441902488470078,1
0.05,98,"val",164,0.534619033336639,0
0.05,98,"val",165,0.528269469738007,0
0.05,98,"val",166,0.51648473739624,0
0.05,98,"val",167,0.530067384243011,0
0.05,98,"val",168,0.548536241054535,1
0.05,98,"val",169,0.552527844905853,0
0.05,98,"val",170,0.565494775772095,0
0.05,98,"val",171,0.565513551235199,0
0.05,98,"val",172,0.543073296546936,1
0.05,98,"val",173,0.541267395019531,1
0.05,98,"val",174,0.580657958984375,1
0.05,98,"val",175,0.536694347858429,0
0.05,98,"val",176,0.566448152065277,0
0.05,98,"val",177,0.537960946559906,1
0.05,98,"val",178,0.629077434539795,0
0.05,98,"val",179,0.613851547241211,1
0.05,98,"val",180,0.283811509609222,0
0.05,98,"val",181,0.285330981016159,1
0.05,98,"val",182,0.549599647521973,1
0.05,98,"val",183,0.540008902549744,1
0.05,98,"val",184,0.496290266513824,0
0.05,98,"val",185,0.493313491344452,0
0.05,98,"val",186,0.51486200094223,0
0.05,98,"val",187,0.509776473045349,0
0.05,98,"val",188,0.441902488470078,0
0.05,98,"val",189,0.457117557525635,0
0.05,98,"val",190,0.528269469738007,0
0.05,98,"val",191,0.544358909130096,1
0.05,98,"val",192,0.530067384243011,0
0.05,98,"val",193,0.524186611175537,0
0.05,98,"val",194,0.552527844905853,0
0.05,98,"val",195,0.539751410484314,1
0.05,98,"val",196,0.565513551235199,1
0.05,98,"val",197,0.566015064716339,1
0.05,98,"val",198,0.541267395019531,1
0.05,98,"val",199,0.529789447784424,0
0.05,98,"val",200,0.536694347858429,0
0.05,98,"val",201,0.522178888320923,0
0.05,98,"val",202,0.537960946559906,0
0.05,98,"val",203,0.549044787883759,1
0.05,98,"val",204,0.613851547241211,1
0.05,98,"val",205,0.594199538230896,1
0.05,98,"val",206,0.285330981016159,0
0.05,98,"val",207,0.499104171991348,0
0.05,98,"val",208,0.540008902549744,0
0.05,98,"val",209,0.555426061153412,1
0.05,98,"val",210,0.493313491344452,1
0.05,98,"val",211,0.487664759159088,1
0.05,98,"val",212,0.509776473045349,1
0.05,98,"val",213,0.513151943683624,1
0.05,98,"val",214,0.457117557525635,1
0.05,98,"val",215,0.454144537448883,0
0.05,98,"val",216,0.544358909130096,0
0.05,98,"val",217,0.533689796924591,0
0.05,98,"val",218,0.524186611175537,0
0.05,98,"val",219,0.534983396530151,0
0.05,98,"val",220,0.539751410484314,0
0.05,98,"val",221,0.544732451438904,1
0.05,98,"val",222,0.566015064716339,1
0.05,98,"val",223,0.578790783882141,1
0.05,98,"val",224,0.529789447784424,0
0.05,98,"val",225,0.560229897499084,1
0.05,98,"val",226,0.522178888320923,1
0.05,98,"val",227,0.518929421901703,1
0.05,98,"val",228,0.549044787883759,0
0.05,98,"val",229,0.538063168525696,0
0.05,98,"val",230,0.594199538230896,0
0.05,98,"val",231,0.598569750785828,0
0.05,98,"val",232,0.499104171991348,0
0.05,98,"val",233,0.288655072450638,0
0.05,98,"val",234,0.555426061153412,0
0.05,98,"val",235,0.574857532978058,0
0.05,98,"val",236,0.487664759159088,0
0.05,98,"val",237,0.48866531252861,0
0.05,98,"val",238,0.513151943683624,1
0.05,98,"val",239,0.512578427791595,0
0.05,98,"val",240,0.454144537448883,0
0.05,98,"val",241,0.453522443771362,0
0.05,98,"val",242,0.533689796924591,0
0.05,98,"val",243,0.528114259243011,1
0.05,98,"val",244,0.534983396530151,1
0.05,98,"val",245,0.524499773979187,1
0.05,98,"val",246,0.544732451438904,0
0.05,98,"val",247,0.537796318531036,1
0.05,98,"val",248,0.578790783882141,1
0.05,98,"val",249,0.577883362770081,0
0.05,98,"val",250,0.560229897499084,1
0.05,98,"val",251,0.549811780452728,1
0.05,98,"val",252,0.518929421901703,1
0.05,98,"val",253,0.530168235301971,1
0.05,98,"val",254,0.538063168525696,0
0.05,98,"val",255,0.534836769104004,0
0.05,98,"val",256,0.598569691181183,0
0.05,98,"val",257,0.583743572235107,0
0.05,98,"val",258,0.288655072450638,1
0.05,98,"val",259,0.441942930221558,1
0.05,98,"val",260,0.574857532978058,1
0.05,98,"val",261,0.55373340845108,1
0.05,98,"val",262,0.48866531252861,1
0.05,98,"val",263,0.485403120517731,0
0.05,98,"val",264,0.512578427791595,0
0.05,98,"val",265,0.512199819087982,1
0.05,98,"val",266,0.453522443771362,1
0.05,98,"val",267,0.45331808924675,0
0.05,98,"val",268,0.528114259243011,0
0.05,98,"val",269,0.525395095348358,0
0.05,98,"val",270,0.524499773979187,1
0.05,98,"val",271,0.509667038917542,1
0.05,98,"val",272,0.537796318531036,1
0.05,98,"val",273,0.558849811553955,1
0.05,98,"val",274,0.577883362770081,0
0.05,98,"val",275,0.592881560325623,0
0.05,98,"val",276,0.549811780452728,0
0.05,98,"val",277,0.556784510612488,0
0.05,98,"val",278,0.530168235301971,1
0.05,98,"val",279,0.533008635044098,1
0.05,98,"val",280,0.534836769104004,1
0.05,98,"val",281,0.549122273921967,1
0.05,98,"val",282,0.583743572235107,1
0.05,98,"val",283,0.56331866979599,1
0.05,98,"val",284,0.441942930221558,0
0.05,98,"val",285,0.475085884332657,0
0.05,98,"val",286,0.55373340845108,0
0.05,98,"val",287,0.565694332122803,0
0.05,98,"val",288,0.485403120517731,0
0.05,98,"val",289,0.480952620506287,0
0.05,98,"val",290,0.512199819087982,0
0.05,98,"val",291,0.512070596218109,0
0.05,98,"val",292,0.45331808924675,0
0.05,98,"val",293,0.432696551084518,0
0.05,98,"val",294,0.525395095348358,1
0.05,98,"val",295,0.524055540561676,1
0.05,98,"val",296,0.509667038917542,0
0.05,98,"val",297,0.555619895458221,0
0.05,98,"val",298,0.558849811553955,0
0.05,98,"val",299,0.575198709964752,1
0.05,98,"val",300,0.592881560325623,1
0.05,98,"val",301,0.572604060173035,1
0.05,98,"val",302,0.556784510612488,0
0.05,98,"val",303,0.534916996955872,0
0.05,98,"val",304,0.533008635044098,0
0.05,98,"test",1,0.504290461540222,0
0.05,98,"test",2,0.549122273921967,0
0.05,98,"test",3,0.55883401632309,1
0.05,98,"test",4,0.56331866979599,1
0.05,98,"test",5,0.56523984670639,1
0.05,98,"test",6,0.475085884332657,1
0.05,98,"test",7,0.445858538150787,1
0.05,98,"test",8,0.565694332122803,1
0.05,98,"test",9,0.545770466327667,1
0.05,98,"test",10,0.480952620506287,1
0.05,98,"test",11,0.485633790493011,1
0.05,98,"test",12,0.512070596218109,1
0.05,98,"test",13,0.513630509376526,1
0.05,98,"test",14,0.432696551084518,1
0.05,98,"test",15,0.44143357872963,1
0.05,98,"test",16,0.524055540561676,1
0.05,98,"test",17,0.534079253673553,0
0.05,98,"test",18,0.555619895458221,0
0.05,98,"test",19,0.561670362949371,0
0.05,98,"test",20,0.575198709964752,1
0.05,98,"test",21,0.59253454208374,1
0.05,98,"test",22,0.572604060173035,1
0.05,98,"test",23,0.568636417388916,0
0.05,98,"test",24,0.534916996955872,0
0.05,98,"test",25,0.560954391956329,0
0.05,98,"test",26,0.504290461540222,1
0.05,98,"test",27,0.519461691379547,1
0.05,98,"test",28,0.55883401632309,1
0.05,98,"test",29,0.558984220027924,0
0.05,98,"test",30,0.56523984670639,0
0.05,98,"test",31,0.581840932369232,0
0.05,98,"test",32,0.44585856795311,0
0.05,98,"test",33,0.391803592443466,0
0.05,98,"test",34,0.545770466327667,1
0.05,98,"test",35,0.552087843418121,1
0.05,98,"test",36,0.485633790493011,1
0.05,98,"test",37,0.490556508302689,1
0.05,98,"test",38,0.513630509376526,1
0.05,98,"test",39,0.510759472846985,1
0.05,98,"test",40,0.44143357872963,1
0.05,98,"test",41,0.435840785503387,1
0.05,98,"test",42,0.534079253673553,0
0.05,98,"test",43,0.540363073348999,0
0.05,98,"test",44,0.561670362949371,1
0.05,98,"test",45,0.556629419326782,1
0.05,98,"test",46,0.59253454208374,1
0.05,98,"test",47,0.557435691356659,0
0.05,98,"test",48,0.568636417388916,0
0.05,98,"test",49,0.565926253795624,0
0.05,98,"test",50,0.560954391956329,0
0.05,98,"test",51,0.532281816005707,1
0.05,98,"test",52,0.519461691379547,1
0.05,98,"test",53,0.525474607944489,1
0.05,98,"test",54,0.558984220027924,1
0.05,98,"test",55,0.546726644039154,0
0.05,98,"test",56,0.581840932369232,0
0.05,98,"test",57,0.639379680156708,0
0.05,98,"test",58,0.391803592443466,0
0.05,98,"test",59,0.359717577695847,1
0.05,98,"test",60,0.552087843418121,1
0.05,98,"test",61,0.542443096637726,1
0.05,98,"test",62,0.490556508302689,0
0.05,98,"test",63,0.484467744827271,1
0.05,98,"test",64,0.510759472846985,1
0.05,98,"test",65,0.510178446769714,1
0.05,98,"test",66,0.435840785503387,1
0.05,98,"test",67,0.42564257979393,1
0.05,98,"test",68,0.540363073348999,0
0.05,98,"test",69,0.534724473953247,0
0.05,98,"test",70,0.556629419326782,0
0.05,98,"test",71,0.527338922023773,1
0.05,98,"test",72,0.557435691356659,1
0.05,98,"test",73,0.544748544692993,0
0.05,98,"test",74,0.565926253795624,0
0.05,98,"test",75,0.573256254196167,0
0.05,98,"test",76,0.532281816005707,0
0.05,98,"test",77,0.540965259075165,0
0.05,98,"test",78,0.525474607944489,1
0.05,98,"test",79,0.558436930179596,0
0.05,98,"test",80,0.546726644039154,0
0.05,98,"test",81,0.559693038463593,1
0.05,98,"test",82,0.639379680156708,1
0.05,98,"test",83,0.590830326080322,1
0.05,98,"test",84,0.359717577695847,1
0.05,98,"test",85,0.388876557350159,0
0.05,98,"test",86,0.542443096637726,0
0.05,98,"test",87,0.542812645435333,0
0.05,98,"test",88,0.484467744827271,0
0.05,98,"test",89,0.484860599040985,0
0.05,98,"test",90,0.510178446769714,0
0.05,98,"test",91,0.51501202583313,1
0.05,98,"test",92,0.42564257979393,0
0.05,98,"test",93,0.423264026641846,0
0.05,98,"test",94,0.534724473953247,0
0.05,98,"test",95,0.536395668983459,0
0.05,98,"test",96,0.527338922023773,0
0.05,98,"test",97,0.53477555513382,1
0.05,98,"test",98,0.544748544692993,1
0.05,98,"test",99,0.556354463100433,1
0.05,98,"test",100,0.573256254196167,1
0.05,98,"test",101,0.568548917770386,1
0.05,98,"test",102,0.540965259075165,0
0.05,98,"test",103,0.53179520368576,0
0.05,98,"test",104,0.558436930179596,0
0.05,98,"test",105,0.591375946998596,0
0.05,98,"test",106,0.559693038463593,0
0.05,98,"test",107,0.534881293773651,0
0.05,98,"test",108,0.590830326080322,0
0.05,98,"test",109,0.601237833499908,0
0.05,98,"test",110,0.388876557350159,1
0.05,98,"test",111,0.265402495861053,1
0.05,98,"test",112,0.542812645435333,1
0.05,98,"test",113,0.54950088262558,0
0.05,98,"test",114,0.484860599040985,1
0.05,98,"test",115,0.503708481788635,1
0.05,98,"test",116,0.51501202583313,1
0.05,98,"test",117,0.513097703456879,1
0.05,98,"test",118,0.423264026641846,1
0.05,98,"test",119,0.433198153972626,0
0.05,98,"test",120,0.536395668983459,0
0.05,98,"test",121,0.52689129114151,0
0.05,98,"test",122,0.53477555513382,1
0.05,98,"test",123,0.532764554023743,1
0.05,98,"test",124,0.556354463100433,1
0.05,98,"test",125,0.544232964515686,0
0.05,98,"test",126,0.568548917770386,0
0.05,98,"test",127,0.566705942153931,0
0.05,98,"test",128,0.53179520368576,1
0.05,98,"test",129,0.52643221616745,1
0.05,98,"test",130,0.591375946998596,1
0.05,98,"test",131,0.605820894241333,1
0.05,98,"test",132,0.534881293773651,0
0.05,98,"test",133,0.624076843261719,0
0.05,98,"test",134,0.601237833499908,0
0.05,98,"test",135,0.590290248394012,0
0.05,98,"test",136,0.265402495861053,0
0.05,98,"test",137,0.388740956783295,1
0.05,98,"test",138,0.54950088262558,1
0.05,98,"test",139,0.554319620132446,1
0.05,98,"test",140,0.503708481788635,1
0.05,98,"test",141,0.50674295425415,1
0.05,98,"test",142,0.513097703456879,1
0.05,98,"test",143,0.520091772079468,1
0.05,98,"test",144,0.433198153972626,1
0.05,98,"test",145,0.425192803144455,1
0.05,98,"test",146,0.52689129114151,1
0.05,98,"test",147,0.528005003929138,1
0.05,98,"test",148,0.532764554023743,1
0.05,98,"test",149,0.56724739074707,1
0.05,98,"test",150,0.544232964515686,1
0.05,98,"test",151,0.548814415931702,1
0.05,98,"test",152,0.566705942153931,0
0.05,98,"test",153,0.589534342288971,0
0.05,98,"test",154,0.52643221616745,1
0.05,98,"test",155,0.518749952316284,1
0.05,98,"test",156,0.605820894241333,1
0.05,98,"test",157,0.574396967887878,0
0.05,98,"test",158,0.624076843261719,0
0.05,98,"test",159,0.572669208049774,0
0.05,98,"test",160,0.590290248394012,0
0.05,98,"test",161,0.587411105632782,0
0.05,98,"test",162,0.388740956783295,0
0.05,98,"test",163,0.466266214847565,0
0.05,98,"test",164,0.554319620132446,0
0.05,98,"test",165,0.552402913570404,1
0.05,98,"test",166,0.50674295425415,1
0.05,98,"test",167,0.491955429315567,0
0.05,98,"test",168,0.520091772079468,1
0.05,98,"test",169,0.519632339477539,1
0.05,98,"test",170,0.425192803144455,1
0.05,98,"test",171,0.430881887674332,0
0.05,98,"test",172,0.528005003929138,0
0.05,98,"test",173,0.522605776786804,1
0.05,98,"test",174,0.56724739074707,1
0.05,98,"test",175,0.548614144325256,1
0.05,98,"test",176,0.548814415931702,1
0.05,98,"test",177,0.549582660198212,0
0.05,98,"test",178,0.589534342288971,0
0.05,98,"test",179,0.566713213920593,0
0.05,98,"test",180,0.518749952316284,0
0.05,98,"test",181,0.550153076648712,0
0.05,98,"test",182,0.574396967887878,0
0.05,98,"test",183,0.567799687385559,0
0.05,98,"test",184,0.572669208049774,0
0.05,98,"test",185,0.551021873950958,0
0.05,98,"test",186,0.587411105632782,1
0.05,98,"test",187,0.580677151679993,0
0.05,98,"test",188,0.466266214847565,0
0.05,98,"test",189,0.46961498260498,0
0.05,98,"test",190,0.552402913570404,0
0.05,98,"test",191,0.513303697109222,0
0.05,98,"test",192,0.491955459117889,0
0.05,98,"test",193,0.509546756744385,0
0.05,98,"test",194,0.519632339477539,0
0.05,98,"test",195,0.517094492912292,0
0.05,98,"test",196,0.430881887674332,0
0.05,98,"test",197,0.445678174495697,1
0.05,98,"test",198,0.522605776786804,1
0.05,98,"test",199,0.526192009449005,1
0.05,98,"test",200,0.548614144325256,0
0.05,98,"test",201,0.546076536178589,0
0.05,98,"test",202,0.549582660198212,1
0.05,98,"test",203,0.577538907527924,0
0.05,98,"test",204,0.566713213920593,0
0.05,98,"test",205,0.565376698970795,0
0.05,98,"test",206,0.550153076648712,1
0.05,98,"test",207,0.537939012050629,0
0.05,98,"test",208,0.567799687385559,0
0.05,98,"test",209,0.533693671226501,0
0.05,98,"test",210,0.551021873950958,0
0.05,98,"test",211,0.551803231239319,0
0.05,98,"test",212,0.580677151679993,1
0.05,98,"test",213,0.613309383392334,0
0.05,98,"test",214,0.46961498260498,1
0.05,98,"test",215,0.298681199550629,1
0.05,98,"test",216,0.513303697109222,1
0.05,98,"test",217,0.491596519947052,0
0.05,98,"test",218,0.509546756744385,0
0.05,98,"test",219,0.508565306663513,1
0.05,98,"test",220,0.517094492912292,1
0.05,98,"test",221,0.519634544849396,0
0.05,98,"test",222,0.445678174495697,1
0.05,98,"test",223,0.425859570503235,1
0.05,98,"test",224,0.526192009449005,1
0.05,98,"test",225,0.532749712467194,0
0.05,98,"test",226,0.546076536178589,0
0.05,98,"test",227,0.547468364238739,0
0.05,98,"test",228,0.577538907527924,1
0.05,98,"test",229,0.551923096179962,1
0.05,98,"test",230,0.565376698970795,0
0.05,98,"test",231,0.552492737770081,1
0.05,98,"test",232,0.537939012050629,1
0.05,98,"test",233,0.557835757732391,1
0.05,98,"test",234,0.533693671226501,1
0.05,98,"test",235,0.537582993507385,1
0.05,98,"test",236,0.551803231239319,1
0.05,98,"test",237,0.563052296638489,0
0.05,98,"test",238,0.613309383392334,0
0.05,98,"test",239,0.590576350688934,0
0.05,98,"test",240,0.298681199550629,0
0.05,98,"test",241,0.252121239900589,0
0.05,98,"test",242,0.491596519947052,0
0.05,98,"test",243,0.532528877258301,0
0.05,98,"test",244,0.508565306663513,1
0.05,98,"test",245,0.491304814815521,1
0.05,98,"test",246,0.519634544849396,1
0.05,98,"test",247,0.520497798919678,1
0.05,98,"test",248,0.425859570503235,1
0.05,98,"test",249,0.408971428871155,1
0.05,98,"test",250,0.532749712467194,1
0.05,98,"test",251,0.539525628089905,1
0.05,98,"test",252,0.547468364238739,0
0.05,98,"test",253,0.569328784942627,0
0.05,98,"test",254,0.551923096179962,0
0.05,98,"test",255,0.540150701999664,1
0.05,98,"test",256,0.552492737770081,1
0.05,98,"test",257,0.573943793773651,1
0.05,98,"test",258,0.557835757732391,1
0.05,98,"test",259,0.543910086154938,1
0.05,98,"test",260,0.537582993507385,1
0.05,98,"test",261,0.522590339183807,1
0.05,98,"test",262,0.563052296638489,0
0.05,98,"test",263,0.54243403673172,0
0.05,98,"test",264,0.590576350688934,1
0.05,98,"test",265,0.594424366950989,1
0.05,98,"test",266,0.252121239900589,1
0.05,98,"test",267,0.439775764942169,1
0.05,98,"test",268,0.532528877258301,1
0.05,98,"test",269,0.541221618652344,1
0.05,98,"test",270,0.491304814815521,1
0.05,98,"test",271,0.502464413642883,1
0.05,98,"test",272,0.520497798919678,1
0.05,98,"test",273,0.515964508056641,1
0.05,98,"test",274,0.408971428871155,1
0.05,98,"test",275,0.426553070545197,1
0.05,98,"test",276,0.539525628089905,1
0.05,98,"test",277,0.525644302368164,1
0.05,98,"test",278,0.569328784942627,0
0.05,98,"test",279,0.599582672119141,0
0.05,98,"test",280,0.540150701999664,0
0.05,98,"test",281,0.554571509361267,0
0.05,98,"test",282,0.573943793773651,0
0.05,98,"test",283,0.561570823192596,0
0.05,98,"test",284,0.543910086154938,0
0.05,98,"test",285,0.54103672504425,0
0.05,98,"test",286,0.522590339183807,0
0.05,98,"test",287,0.590766847133636,0
0.05,98,"test",288,0.54243403673172,0
0.05,98,"test",289,0.55597198009491,0
0.05,98,"test",290,0.594424366950989,0
0.05,98,"test",291,0.564410507678986,0
0.05,98,"test",292,0.439775764942169,1
0.05,98,"test",293,0.511275768280029,1
0.05,98,"test",294,0.541221618652344,1
0.05,98,"test",295,0.54475200176239,0
0.05,98,"test",296,0.502464413642883,0
0.05,98,"test",297,0.496945142745972,1
0.05,98,"test",298,0.515964508056641,0
0.05,98,"test",299,0.518502831459045,0
0.05,98,"test",300,0.426553070545197,1
0.05,98,"test",301,0.377341717481613,1
0.05,98,"test",302,0.525644302368164,1
0.05,98,"test",303,0.542953252792358,0
0.05,98,"test",304,0.599582672119141,1
0.05,98,"test",305,0.58320951461792,0
0.05,41,"val",1,0.536743402481079,0
0.05,41,"val",2,0.500662684440613,1
0.05,41,"val",3,0.493764638900757,0
0.05,41,"val",4,0.515213906764984,1
0.05,41,"val",5,0.519839882850647,1
0.05,41,"val",6,0.40580078959465,1
0.05,41,"val",7,0.435362637042999,1
0.05,41,"val",8,0.534519255161285,1
0.05,41,"val",9,0.527104020118713,1
0.05,41,"val",10,0.542527437210083,1
0.05,41,"val",11,0.52815705537796,1
0.05,41,"val",12,0.526416838169098,1
0.05,41,"val",13,0.542683124542236,1
0.05,41,"val",14,0.537449657917023,1
0.05,41,"val",15,0.556357502937317,1
0.05,41,"val",16,0.536705613136292,1
0.05,41,"val",17,0.520317435264587,1
0.05,41,"val",18,0.512215554714203,1
0.05,41,"val",19,0.52565610408783,1
0.05,41,"val",20,0.594323515892029,1
0.05,41,"val",21,0.61314582824707,1
0.05,41,"val",22,0.56714791059494,1
0.05,41,"val",23,0.539794921875,0
0.05,41,"val",24,0.539616346359253,0
0.05,41,"val",25,0.412394881248474,1
0.05,41,"val",26,0.536743402481079,0
0.05,41,"val",27,0.545734405517578,0
0.05,41,"val",28,0.493764638900757,0
0.05,41,"val",29,0.474779367446899,1
0.05,41,"val",30,0.519839882850647,1
0.05,41,"val",31,0.516515672206879,0
0.05,41,"val",32,0.435362637042999,0
0.05,41,"val",33,0.422393053770065,0
0.05,41,"val",34,0.527104020118713,0
0.05,41,"val",35,0.522532403469086,0
0.05,41,"val",36,0.52815705537796,0
0.05,41,"val",37,0.53269237279892,1
0.05,41,"val",38,0.542683124542236,1
0.05,41,"val",39,0.543328881263733,1
0.05,41,"val",40,0.556357502937317,0
0.05,41,"val",41,0.544732868671417,0
0.05,41,"val",42,0.520317435264587,0
0.05,41,"val",43,0.523718297481537,0
0.05,41,"val",44,0.52565610408783,0
0.05,41,"val",45,0.51006418466568,0
0.05,41,"val",46,0.61314582824707,0
0.05,41,"val",47,0.613785982131958,1
0.05,41,"val",48,0.539794921875,1
0.05,41,"val",49,0.569501876831055,1
0.05,41,"val",50,0.412394881248474,1
0.05,41,"val",51,0.50658106803894,1
0.05,41,"val",52,0.545734405517578,1
0.05,41,"val",53,0.578494429588318,1
0.05,41,"val",54,0.474779367446899,1
0.05,41,"val",55,0.492571473121643,1
0.05,41,"val",56,0.516515672206879,1
0.05,41,"val",57,0.514193296432495,1
0.05,41,"val",58,0.422393053770065,1
0.05,41,"val",59,0.450637996196747,1
0.05,41,"val",60,0.522532403469086,1
0.05,41,"val",61,0.534486830234528,0
0.05,41,"val",62,0.53269237279892,1
0.05,41,"val",63,0.547186136245728,0
0.05,41,"val",64,0.543328881263733,0
0.05,41,"val",65,0.537371337413788,1
0.05,41,"val",66,0.544732868671417,1
0.05,41,"val",67,0.550505101680756,1
0.05,41,"val",68,0.523718297481537,1
0.05,41,"val",69,0.525642335414886,1
0.05,41,"val",70,0.51006418466568,1
0.05,41,"val",71,0.5199254155159,1
0.05,41,"val",72,0.613785982131958,1
0.05,41,"val",73,0.583199560642242,1
0.05,41,"val",74,0.569501876831055,1
0.05,41,"val",75,0.643970549106598,1
0.05,41,"val",76,0.50658106803894,0
0.05,41,"val",77,0.529970526695251,1
0.05,41,"val",78,0.578494429588318,1
0.05,41,"val",79,0.543714642524719,0
0.05,41,"val",80,0.492571473121643,0
0.05,41,"val",81,0.503143727779388,0
0.05,41,"val",82,0.514193296432495,1
0.05,41,"val",83,0.516552925109863,0
0.05,41,"val",84,0.450637996196747,0
0.05,41,"val",85,0.45176362991333,0
0.05,41,"val",86,0.534486830234528,1
0.05,41,"val",87,0.514039874076843,1
0.05,41,"val",88,0.547186136245728,1
0.05,41,"val",89,0.563286900520325,0
0.05,41,"val",90,0.537371337413788,0
0.05,41,"val",91,0.528748631477356,0
0.05,41,"val",92,0.550505101680756,0
0.05,41,"val",93,0.564075827598572,0
0.05,41,"val",94,0.525642335414886,0
0.05,41,"val",95,0.516921699047089,0
0.05,41,"val",96,0.5199254155159,1
0.05,41,"val",97,0.513076364994049,1
0.05,41,"val",98,0.583199560642242,1
0.05,41,"val",99,0.599768042564392,1
0.05,41,"val",100,0.643970549106598,0
0.05,41,"val",101,0.629393219947815,0
0.05,41,"val",102,0.529970526695251,0
0.05,41,"val",103,0.376970708370209,0
0.05,41,"val",104,0.543714642524719,1
0.05,41,"val",105,0.546057462692261,1
0.05,41,"val",106,0.503143727779388,1
0.05,41,"val",107,0.50335156917572,1
0.05,41,"val",108,0.516552925109863,1
0.05,41,"val",109,0.513407409191132,0
0.05,41,"val",110,0.45176362991333,0
0.05,41,"val",111,0.417937159538269,1
0.05,41,"val",112,0.514039874076843,1
0.05,41,"val",113,0.523914933204651,1
0.05,41,"val",114,0.563286900520325,0
0.05,41,"val",115,0.543305397033691,1
0.05,41,"val",116,0.528748631477356,0
0.05,41,"val",117,0.547830879688263,1
0.05,41,"val",118,0.564075827598572,1
0.05,41,"val",119,0.537870824337006,1
0.05,41,"val",120,0.516921699047089,0
0.05,41,"val",121,0.531678080558777,0
0.05,41,"val",122,0.513076364994049,0
0.05,41,"val",123,0.521190464496613,1
0.05,41,"val",124,0.599768042564392,1
0.05,41,"val",125,0.579064607620239,1
0.05,41,"val",126,0.629393219947815,1
0.05,41,"val",127,0.633207559585571,1
0.05,41,"val",128,0.376970708370209,1
0.05,41,"val",129,0.210015460848808,1
0.05,41,"val",130,0.546057462692261,1
0.05,41,"val",131,0.550835311412811,0
0.05,41,"val",132,0.50335156917572,0
0.05,41,"val",133,0.496182441711426,1
0.05,41,"val",134,0.513407409191132,1
0.05,41,"val",135,0.518158316612244,0
0.05,41,"val",136,0.417937159538269,0
0.05,41,"val",137,0.436936289072037,0
0.05,41,"val",138,0.523914933204651,0
0.05,41,"val",139,0.519300162792206,0
0.05,41,"val",140,0.543305397033691,0
0.05,41,"val",141,0.509284257888794,1
0.05,41,"val",142,0.547830879688263,1
0.05,41,"val",143,0.540994763374329,1
0.05,41,"val",144,0.537870824337006,0
0.05,41,"val",145,0.541374981403351,0
0.05,41,"val",146,0.531678080558777,0
0.05,41,"val",147,0.528169810771942,0
0.05,41,"val",148,0.521190464496613,0
0.05,41,"val",149,0.555201530456543,0
0.05,41,"val",150,0.579064607620239,0
0.05,41,"val",151,0.587990045547485,0
0.05,41,"val",152,0.633207499980927,1
0.05,41,"val",153,0.599148213863373,0
0.05,41,"val",154,0.210015460848808,1
0.05,41,"val",155,0.261262893676758,0
0.05,41,"val",156,0.550835311412811,0
0.05,41,"val",157,0.536149024963379,0
0.05,41,"val",158,0.496182441711426,0
0.05,41,"val",159,0.493601381778717,1
0.05,41,"val",160,0.518158316612244,1
0.05,41,"val",161,0.515693604946136,1
0.05,41,"val",162,0.436936289072037,1
0.05,41,"val",163,0.443053632974625,1
0.05,41,"val",164,0.519300162792206,0
0.05,41,"val",165,0.496897041797638,0
0.05,41,"val",166,0.509284257888794,0
0.05,41,"val",167,0.519158899784088,0
0.05,41,"val",168,0.540994763374329,1
0.05,41,"val",169,0.543709695339203,0
0.05,41,"val",170,0.541374981403351,0
0.05,41,"val",171,0.541376888751984,0
0.05,41,"val",172,0.528169810771942,1
0.05,41,"val",173,0.525494039058685,1
0.05,41,"val",174,0.555201530456543,1
0.05,41,"val",175,0.536720275878906,0
0.05,41,"val",176,0.587990045547485,0
0.05,41,"val",177,0.551855027675629,1
0.05,41,"val",178,0.599148213863373,0
0.05,41,"val",179,0.587410151958466,1
0.05,41,"val",180,0.261262893676758,0
0.05,41,"val",181,0.263554453849792,1
0.05,41,"val",182,0.536149024963379,1
0.05,41,"val",183,0.523221850395203,1
0.05,41,"val",184,0.493601381778717,0
0.05,41,"val",185,0.49165615439415,0
0.05,41,"val",186,0.515693604946136,0
0.05,41,"val",187,0.511129260063171,0
0.05,41,"val",188,0.443053632974625,0
0.05,41,"val",189,0.454161733388901,0
0.05,41,"val",190,0.496897041797638,0
0.05,41,"val",191,0.521789908409119,1
0.05,41,"val",192,0.519158899784088,0
0.05,41,"val",193,0.511801540851593,0
0.05,41,"val",194,0.543709695339203,0
0.05,41,"val",195,0.532729685306549,1
0.05,41,"val",196,0.541376888751984,1
0.05,41,"val",197,0.541357338428497,1
0.05,41,"val",198,0.525494039058685,1
0.05,41,"val",199,0.51948207616806,0
0.05,41,"val",200,0.536720275878906,0
0.05,41,"val",201,0.517682254314423,0
0.05,41,"val",202,0.551855027675629,0
0.05,41,"val",203,0.563024282455444,1
0.05,41,"val",204,0.587410151958466,1
0.05,41,"val",205,0.572430193424225,1
0.05,41,"val",206,0.263554453849792,0
0.05,41,"val",207,0.478807836771011,0
0.05,41,"val",208,0.523221850395203,0
0.05,41,"val",209,0.544084072113037,1
0.05,41,"val",210,0.49165615439415,1
0.05,41,"val",211,0.489511370658875,1
0.05,41,"val",212,0.511129260063171,1
0.05,41,"val",213,0.51443076133728,1
0.05,41,"val",214,0.454161733388901,1
0.05,41,"val",215,0.452264547348022,0
0.05,41,"val",216,0.521789908409119,0
0.05,41,"val",217,0.505045413970947,0
0.05,41,"val",218,0.511801540851593,0
0.05,41,"val",219,0.528364837169647,0
0.05,41,"val",220,0.532729685306549,0
0.05,41,"val",221,0.536238014698029,1
0.05,41,"val",222,0.541357338428497,1
0.05,41,"val",223,0.550752222537994,1
0.05,41,"val",224,0.51948207616806,0
0.05,41,"val",225,0.529399752616882,1
0.05,41,"val",226,0.517682254314423,1
0.05,41,"val",227,0.514816284179688,1
0.05,41,"val",228,0.563024282455444,0
0.05,41,"val",229,0.537653863430023,0
0.05,41,"val",230,0.572430193424225,0
0.05,41,"val",231,0.583618640899658,0
0.05,41,"val",232,0.478807836771011,0
0.05,41,"val",233,0.255166381597519,0
0.05,41,"val",234,0.544084072113037,0
0.05,41,"val",235,0.582363784313202,0
0.05,41,"val",236,0.489511370658875,0
0.05,41,"val",237,0.498909950256348,0
0.05,41,"val",238,0.51443076133728,1
0.05,41,"val",239,0.513767063617706,0
0.05,41,"val",240,0.452264547348022,0
0.05,41,"val",241,0.450648635625839,0
0.05,41,"val",242,0.505045413970947,0
0.05,41,"val",243,0.497530221939087,1
0.05,41,"val",244,0.528364837169647,1
0.05,41,"val",245,0.516768515110016,1
0.05,41,"val",246,0.536238014698029,0
0.05,41,"val",247,0.530302345752716,1
0.05,41,"val",248,0.550752222537994,1
0.05,41,"val",249,0.549849271774292,0
0.05,41,"val",250,0.529399752616882,1
0.05,41,"val",251,0.524712264537811,1
0.05,41,"val",252,0.514816284179688,1
0.05,41,"val",253,0.51440566778183,1
0.05,41,"val",254,0.537653863430023,0
0.05,41,"val",255,0.539361774921417,0
0.05,41,"val",256,0.583618640899658,0
0.05,41,"val",257,0.569183588027954,0
0.05,41,"val",258,0.255166381597519,1
0.05,41,"val",259,0.430493116378784,1
0.05,41,"val",260,0.582363784313202,1
0.05,41,"val",261,0.547647833824158,1
0.05,41,"val",262,0.498909950256348,1
0.05,41,"val",263,0.498665809631348,0
0.05,41,"val",264,0.513767063617706,0
0.05,41,"val",265,0.513362348079681,1
0.05,41,"val",266,0.450648635625839,1
0.05,41,"val",267,0.450325518846512,0
0.05,41,"val",268,0.497530221939087,0
0.05,41,"val",269,0.494869589805603,0
0.05,41,"val",270,0.516768515110016,1
0.05,41,"val",271,0.497954159975052,1
0.05,41,"val",272,0.530302345752716,1
0.05,41,"val",273,0.548284709453583,1
0.05,41,"val",274,0.549849271774292,0
0.05,41,"val",275,0.561878323554993,0
0.05,41,"val",276,0.524712264537811,0
0.05,41,"val",277,0.530839085578918,0
0.05,41,"val",278,0.51440566778183,1
0.05,41,"val",279,0.516548156738281,1
0.05,41,"val",280,0.539361774921417,1
0.05,41,"val",281,0.55275970697403,1
0.05,41,"val",282,0.569183588027954,1
0.05,41,"val",283,0.545677840709686,1
0.05,41,"val",284,0.430493116378784,0
0.05,41,"val",285,0.440356701612473,0
0.05,41,"val",286,0.547647833824158,0
0.05,41,"val",287,0.564959764480591,0
0.05,41,"val",288,0.498665809631348,0
0.05,41,"val",289,0.496778964996338,0
0.05,41,"val",290,0.513362348079681,0
0.05,41,"val",291,0.512989461421967,0
0.05,41,"val",292,0.450325518846512,0
0.05,41,"val",293,0.43140235543251,0
0.05,41,"val",294,0.494869589805603,1
0.05,41,"val",295,0.494614958763123,1
0.05,41,"val",296,0.497954159975052,0
0.05,41,"val",297,0.552220702171326,0
0.05,41,"val",298,0.548284709453583,0
0.05,41,"val",299,0.563668072223663,1
0.05,41,"val",300,0.561878323554993,1
0.05,41,"val",301,0.545693516731262,1
0.05,41,"val",302,0.530839085578918,0
0.05,41,"val",303,0.523048758506775,0
0.05,41,"val",304,0.516548156738281,0
0.05,41,"test",1,0.509841084480286,0
0.05,41,"test",2,0.55275970697403,0
0.05,41,"test",3,0.565052926540375,1
0.05,41,"test",4,0.545677840709686,1
0.05,41,"test",5,0.553549945354462,1
0.05,41,"test",6,0.440356701612473,1
0.05,41,"test",7,0.423234283924103,1
0.05,41,"test",8,0.564959764480591,1
0.05,41,"test",9,0.530794739723206,1
0.05,41,"test",10,0.496778964996338,1
0.05,41,"test",11,0.503646016120911,1
0.05,41,"test",12,0.512989461421967,1
0.05,41,"test",13,0.51370507478714,1
0.05,41,"test",14,0.43140235543251,1
0.05,41,"test",15,0.442751854658127,1
0.05,41,"test",16,0.494614958763123,1
0.05,41,"test",17,0.5083829164505,0
0.05,41,"test",18,0.552220702171326,0
0.05,41,"test",19,0.559827089309692,0
0.05,41,"test",20,0.563668072223663,1
0.05,41,"test",21,0.580260038375854,1
0.05,41,"test",22,0.545693516731262,1
0.05,41,"test",23,0.542182981967926,0
0.05,41,"test",24,0.523048758506775,0
0.05,41,"test",25,0.534080147743225,0
0.05,41,"test",26,0.509841084480286,1
0.05,41,"test",27,0.522949457168579,1
0.05,41,"test",28,0.565052926540375,1
0.05,41,"test",29,0.571780264377594,0
0.05,41,"test",30,0.553549945354462,0
0.05,41,"test",31,0.569174528121948,0
0.05,41,"test",32,0.423234283924103,0
0.05,41,"test",33,0.380905091762543,0
0.05,41,"test",34,0.530794739723206,1
0.05,41,"test",35,0.552780330181122,1
0.05,41,"test",36,0.503646016120911,1
0.05,41,"test",37,0.506664752960205,1
0.05,41,"test",38,0.51370507478714,1
0.05,41,"test",39,0.511346936225891,1
0.05,41,"test",40,0.442751854658127,1
0.05,41,"test",41,0.434162795543671,1
0.05,41,"test",42,0.5083829164505,0
0.05,41,"test",43,0.52595329284668,0
0.05,41,"test",44,0.559827089309692,1
0.05,41,"test",45,0.553691506385803,1
0.05,41,"test",46,0.580260038375854,1
0.05,41,"test",47,0.548309862613678,0
0.05,41,"test",48,0.542182981967926,0
0.05,41,"test",49,0.541678011417389,0
0.05,41,"test",50,0.534080147743225,0
0.05,41,"test",51,0.519367098808289,1
0.05,41,"test",52,0.522949457168579,1
0.05,41,"test",53,0.514281034469604,1
0.05,41,"test",54,0.571780264377594,1
0.05,41,"test",55,0.563752055168152,0
0.05,41,"test",56,0.569174468517303,0
0.05,41,"test",57,0.625137567520142,0
0.05,41,"test",58,0.380905091762543,0
0.05,41,"test",59,0.34612500667572,1
0.05,41,"test",60,0.552780330181122,1
0.05,41,"test",61,0.523471653461456,1
0.05,41,"test",62,0.506664752960205,0
0.05,41,"test",63,0.500513553619385,1
0.05,41,"test",64,0.511346936225891,1
0.05,41,"test",65,0.511498630046844,1
0.05,41,"test",66,0.434162795543671,1
0.05,41,"test",67,0.425518274307251,1
0.05,41,"test",68,0.52595329284668,0
0.05,41,"test",69,0.519766509532928,0
0.05,41,"test",70,0.553691506385803,0
0.05,41,"test",71,0.529659926891327,1
0.05,41,"test",72,0.548309862613678,1
0.05,41,"test",73,0.53588342666626,0
0.05,41,"test",74,0.541678011417389,0
0.05,41,"test",75,0.546589612960815,0
0.05,41,"test",76,0.519367098808289,0
0.05,41,"test",77,0.521691679954529,0
0.05,41,"test",78,0.514281034469604,1
0.05,41,"test",79,0.530104339122772,0
0.05,41,"test",80,0.563752055168152,0
0.05,41,"test",81,0.582339286804199,1
0.05,41,"test",82,0.625137567520142,1
0.05,41,"test",83,0.577720701694489,1
0.05,41,"test",84,0.34612500667572,1
0.05,41,"test",85,0.377856343984604,0
0.05,41,"test",86,0.523471653461456,0
0.05,41,"test",87,0.525176465511322,0
0.05,41,"test",88,0.500513553619385,0
0.05,41,"test",89,0.489004641771317,0
0.05,41,"test",90,0.511498630046844,0
0.05,41,"test",91,0.515330612659454,1
0.05,41,"test",92,0.425518274307251,0
0.05,41,"test",93,0.422741651535034,0
0.05,41,"test",94,0.519766509532928,0
0.05,41,"test",95,0.517942309379578,0
0.05,41,"test",96,0.529659926891327,0
0.05,41,"test",97,0.528876841068268,1
0.05,41,"test",98,0.53588342666626,1
0.05,41,"test",99,0.547087550163269,1
0.05,41,"test",100,0.546589612960815,1
0.05,41,"test",101,0.543268024921417,1
0.05,41,"test",102,0.521691679954529,0
0.05,41,"test",103,0.516123592853546,0
0.05,41,"test",104,0.530104339122772,0
0.05,41,"test",105,0.557601273059845,0
0.05,41,"test",106,0.582339286804199,0
0.05,41,"test",107,0.546054661273956,0
0.05,41,"test",108,0.577720701694489,0
0.05,41,"test",109,0.587993860244751,0
0.05,41,"test",110,0.377856343984604,1
0.05,41,"test",111,0.243357285857201,1
0.05,41,"test",112,0.525176465511322,1
0.05,41,"test",113,0.537294149398804,0
0.05,41,"test",114,0.489004641771317,1
0.05,41,"test",115,0.50299197435379,1
0.05,41,"test",116,0.515330612659454,1
0.05,41,"test",117,0.514375030994415,1
0.05,41,"test",118,0.422741651535034,1
0.05,41,"test",119,0.429189175367355,0
0.05,41,"test",120,0.517942309379578,0
0.05,41,"test",121,0.495172262191772,0
0.05,41,"test",122,0.528876841068268,1
0.05,41,"test",123,0.526664018630981,1
0.05,41,"test",124,0.547087550163269,1
0.05,41,"test",125,0.53604120016098,0
0.05,41,"test",126,0.543268024921417,0
0.05,41,"test",127,0.542275905609131,0
0.05,41,"test",128,0.516123592853546,1
0.05,41,"test",129,0.515620112419128,1
0.05,41,"test",130,0.557601273059845,1
0.05,41,"test",131,0.579824924468994,1
0.05,41,"test",132,0.546054661273956,0
0.05,41,"test",133,0.656952321529388,0
0.05,41,"test",134,0.587993860244751,0
0.05,41,"test",135,0.575564622879028,0
0.05,41,"test",136,0.243357285857201,0
0.05,41,"test",137,0.373264253139496,1
0.05,41,"test",138,0.537294149398804,1
0.05,41,"test",139,0.543286561965942,1
0.05,41,"test",140,0.50299197435379,1
0.05,41,"test",141,0.501599490642548,1
0.05,41,"test",142,0.514375030994415,1
0.05,41,"test",143,0.519989967346191,1
0.05,41,"test",144,0.429189175367355,1
0.05,41,"test",145,0.41904753446579,1
0.05,41,"test",146,0.495172262191772,1
0.05,41,"test",147,0.496381670236588,1
0.05,41,"test",148,0.526664018630981,1
0.05,41,"test",149,0.564963221549988,1
0.05,41,"test",150,0.53604120016098,1
0.05,41,"test",151,0.539269506931305,1
0.05,41,"test",152,0.542275905609131,0
0.05,41,"test",153,0.558693587779999,0
0.05,41,"test",154,0.515620112419128,1
0.05,41,"test",155,0.514191329479218,1
0.05,41,"test",156,0.579824924468994,1
0.05,41,"test",157,0.544111132621765,0
0.05,41,"test",158,0.656952321529388,0
0.05,41,"test",159,0.596316874027252,0
0.05,41,"test",160,0.575564622879028,0
0.05,41,"test",161,0.572327196598053,0
0.05,41,"test",162,0.373264253139496,0
0.05,41,"test",163,0.454925984144211,0
0.05,41,"test",164,0.543286561965942,0
0.05,41,"test",165,0.547024071216583,1
0.05,41,"test",166,0.501599490642548,1
0.05,41,"test",167,0.501351833343506,0
0.05,41,"test",168,0.519989967346191,1
0.05,41,"test",169,0.519103705883026,1
0.05,41,"test",170,0.41904753446579,1
0.05,41,"test",171,0.425391972064972,0
0.05,41,"test",172,0.496381670236588,0
0.05,41,"test",173,0.488028347492218,1
0.05,41,"test",174,0.564963221549988,1
0.05,41,"test",175,0.544686794281006,1
0.05,41,"test",176,0.539269506931305,1
0.05,41,"test",177,0.538550436496735,0
0.05,41,"test",178,0.558693587779999,0
0.05,41,"test",179,0.542202234268188,0
0.05,41,"test",180,0.514191329479218,0
0.05,41,"test",181,0.521097719669342,0
0.05,41,"test",182,0.544111132621765,0
0.05,41,"test",183,0.535030663013458,0
0.05,41,"test",184,0.596316874027252,0
0.05,41,"test",185,0.574151754379272,0
0.05,41,"test",186,0.572327196598053,1
0.05,41,"test",187,0.564352512359619,0
0.05,41,"test",188,0.454925984144211,0
0.05,41,"test",189,0.463144063949585,0
0.05,41,"test",190,0.547024071216583,0
0.05,41,"test",191,0.497253775596619,0
0.05,41,"test",192,0.501351833343506,0
0.05,41,"test",193,0.493930041790009,0
0.05,41,"test",194,0.519103705883026,0
0.05,41,"test",195,0.51787930727005,0
0.05,41,"test",196,0.425391972064972,0
0.05,41,"test",197,0.444048136472702,1
0.05,41,"test",198,0.488028347492218,1
0.05,41,"test",199,0.494017958641052,1
0.05,41,"test",200,0.544686794281006,0
0.05,41,"test",201,0.541240930557251,0
0.05,41,"test",202,0.538550436496735,1
0.05,41,"test",203,0.567360162734985,0
0.05,41,"test",204,0.542202234268188,0
0.05,41,"test",205,0.54109388589859,0
0.05,41,"test",206,0.521097719669342,1
0.05,41,"test",207,0.515353500843048,0
0.05,41,"test",208,0.535030663013458,0
0.05,41,"test",209,0.518123030662537,0
0.05,41,"test",210,0.574151754379272,0
0.05,41,"test",211,0.575014591217041,0
0.05,41,"test",212,0.564352512359619,1
0.05,41,"test",213,0.600087404251099,0
0.05,41,"test",214,0.463144063949585,1
0.05,41,"test",215,0.287356704473495,1
0.05,41,"test",216,0.497253775596619,1
0.05,41,"test",217,0.460577726364136,0
0.05,41,"test",218,0.493930041790009,0
0.05,41,"test",219,0.491971731185913,1
0.05,41,"test",220,0.51787930727005,1
0.05,41,"test",221,0.519267022609711,0
0.05,41,"test",222,0.444048136472702,1
0.05,41,"test",223,0.42055806517601,1
0.05,41,"test",224,0.494017958641052,1
0.05,41,"test",225,0.507067024707794,0
0.05,41,"test",226,0.541240930557251,0
0.05,41,"test",227,0.553386390209198,0
0.05,41,"test",228,0.567360162734985,1
0.05,41,"test",229,0.54097706079483,1
0.05,41,"test",230,0.54109388589859,0
0.05,41,"test",231,0.533123016357422,1
0.05,41,"test",232,0.515353500843048,1
0.05,41,"test",233,0.537981033325195,1
0.05,41,"test",234,0.518123030662537,1
0.05,41,"test",235,0.518616259098053,1
0.05,41,"test",236,0.575014591217041,1
0.05,41,"test",237,0.590741693973541,0
0.05,41,"test",238,0.600087404251099,0
0.05,41,"test",239,0.575746059417725,0
0.05,41,"test",240,0.287356704473495,0
0.05,41,"test",241,0.248532980680466,0
0.05,41,"test",242,0.460577726364136,0
0.05,41,"test",243,0.504984378814697,0
0.05,41,"test",244,0.491971731185913,1
0.05,41,"test",245,0.486619651317596,1
0.05,41,"test",246,0.519267022609711,1
0.05,41,"test",247,0.520731925964355,1
0.05,41,"test",248,0.42055806517601,1
0.05,41,"test",249,0.409864753484726,1
0.05,41,"test",250,0.507067024707794,1
0.05,41,"test",251,0.514227211475372,1
0.05,41,"test",252,0.553386390209198,0
0.05,41,"test",253,0.569705426692963,0
0.05,41,"test",254,0.54097706079483,0
0.05,41,"test",255,0.530537784099579,1
0.05,41,"test",256,0.533123016357422,1
0.05,41,"test",257,0.547284603118896,1
0.05,41,"test",258,0.537981033325195,1
0.05,41,"test",259,0.52236407995224,1
0.05,41,"test",260,0.518616259098053,1
0.05,41,"test",261,0.518491625785828,1
0.05,41,"test",262,0.590741693973541,0
0.05,41,"test",263,0.568646550178528,0
0.05,41,"test",264,0.575746059417725,1
0.05,41,"test",265,0.581285536289215,1
0.05,41,"test",266,0.248532980680466,1
0.05,41,"test",267,0.443181037902832,1
0.05,41,"test",268,0.504984378814697,1
0.05,41,"test",269,0.520480513572693,1
0.05,41,"test",270,0.486619651317596,1
0.05,41,"test",271,0.50022691488266,1
0.05,41,"test",272,0.520731925964355,1
0.05,41,"test",273,0.516860365867615,1
0.05,41,"test",274,0.409864753484726,1
0.05,41,"test",275,0.421845614910126,1
0.05,41,"test",276,0.514227211475372,1
0.05,41,"test",277,0.496894299983978,1
0.05,41,"test",278,0.569705426692963,0
0.05,41,"test",279,0.594215333461761,0
0.05,41,"test",280,0.530537784099579,0
0.05,41,"test",281,0.546008050441742,0
0.05,41,"test",282,0.547284603118896,0
0.05,41,"test",283,0.538382112979889,0
0.05,41,"test",284,0.52236407995224,0
0.05,41,"test",285,0.529689073562622,0
0.05,41,"test",286,0.518491625785828,0
0.05,41,"test",287,0.558343231678009,0
0.05,41,"test",288,0.568646550178528,0
0.05,41,"test",289,0.579387128353119,0
0.05,41,"test",290,0.581285536289215,0
0.05,41,"test",291,0.550905823707581,0
0.05,41,"test",292,0.443181037902832,1
0.05,41,"test",293,0.502752542495728,1
0.05,41,"test",294,0.520480513572693,1
0.05,41,"test",295,0.538425981998444,0
0.05,41,"test",296,0.50022691488266,0
0.05,41,"test",297,0.501326560974121,1
0.05,41,"test",298,0.516860365867615,0
0.05,41,"test",299,0.519174039363861,0
0.05,41,"test",300,0.421845614910126,1
0.05,41,"test",301,0.358315497636795,1
0.05,41,"test",302,0.496894299983978,1
0.05,41,"test",303,0.517732262611389,0
0.05,41,"test",304,0.594215333461761,1
0.05,41,"test",305,0.580384075641632,0
0.05,64,"val",1,0.537604153156281,0
0.05,64,"val",2,0.504674553871155,1
0.05,64,"val",3,0.496713489294052,0
0.05,64,"val",4,0.504452228546143,1
0.05,64,"val",5,0.512134850025177,1
0.05,64,"val",6,0.405084639787674,1
0.05,64,"val",7,0.424138098955154,1
0.05,64,"val",8,0.543226897716522,1
0.05,64,"val",9,0.53484570980072,1
0.05,64,"val",10,0.537226438522339,1
0.05,64,"val",11,0.524559319019318,1
0.05,64,"val",12,0.521581709384918,1
0.05,64,"val",13,0.535597026348114,1
0.05,64,"val",14,0.54292505979538,1
0.05,64,"val",15,0.572355329990387,1
0.05,64,"val",16,0.55378258228302,1
0.05,64,"val",17,0.531111478805542,1
0.05,64,"val",18,0.509873151779175,1
0.05,64,"val",19,0.51967591047287,1
0.05,64,"val",20,0.571664094924927,1
0.05,64,"val",21,0.587730228900909,1
0.05,64,"val",22,0.589775919914246,1
0.05,64,"val",23,0.565513849258423,0
0.05,64,"val",24,0.544174611568451,0
0.05,64,"val",25,0.442675739526749,1
0.05,64,"val",26,0.537604153156281,0
0.05,64,"val",27,0.544681966304779,0
0.05,64,"val",28,0.496713489294052,0
0.05,64,"val",29,0.468814790248871,1
0.05,64,"val",30,0.512134850025177,1
0.05,64,"val",31,0.511231482028961,0
0.05,64,"val",32,0.424138069152832,0
0.05,64,"val",33,0.419983595609665,0
0.05,64,"val",34,0.53484570980072,0
0.05,64,"val",35,0.529553115367889,0
0.05,64,"val",36,0.524559319019318,0
0.05,64,"val",37,0.52661657333374,1
0.05,64,"val",38,0.535597026348114,1
0.05,64,"val",39,0.535902380943298,1
0.05,64,"val",40,0.572355329990387,0
0.05,64,"val",41,0.554321646690369,0
0.05,64,"val",42,0.531111478805542,0
0.05,64,"val",43,0.536318361759186,0
0.05,64,"val",44,0.51967591047287,0
0.05,64,"val",45,0.507582426071167,0
0.05,64,"val",46,0.587730228900909,0
0.05,64,"val",47,0.589626491069794,1
0.05,64,"val",48,0.565513849258423,1
0.05,64,"val",49,0.594140112400055,1
0.05,64,"val",50,0.442675739526749,1
0.05,64,"val",51,0.516017198562622,1
0.05,64,"val",52,0.544681966304779,1
0.05,64,"val",53,0.570792973041534,1
0.05,64,"val",54,0.468814790248871,1
0.05,64,"val",55,0.493974685668945,1
0.05,64,"val",56,0.511231482028961,1
0.05,64,"val",57,0.508672773838043,1
0.05,64,"val",58,0.419983595609665,1
0.05,64,"val",59,0.439908981323242,1
0.05,64,"val",60,0.529553115367889,1
0.05,64,"val",61,0.538973152637482,0
0.05,64,"val",62,0.52661657333374,1
0.05,64,"val",63,0.540517389774323,0
0.05,64,"val",64,0.535902380943298,0
0.05,64,"val",65,0.530609726905823,1
0.05,64,"val",66,0.554321646690369,1
0.05,64,"val",67,0.563231706619263,1
0.05,64,"val",68,0.536318361759186,1
0.05,64,"val",69,0.540357530117035,1
0.05,64,"val",70,0.507582426071167,1
0.05,64,"val",71,0.515228033065796,1
0.05,64,"val",72,0.589626491069794,1
0.05,64,"val",73,0.561732470989227,1
0.05,64,"val",74,0.594140112400055,1
0.05,64,"val",75,0.66876208782196,1
0.05,64,"val",76,0.516017198562622,0
0.05,64,"val",77,0.529128909111023,1
0.05,64,"val",78,0.570792973041534,1
0.05,64,"val",79,0.542858481407166,0
0.05,64,"val",80,0.493974685668945,0
0.05,64,"val",81,0.507320761680603,0
0.05,64,"val",82,0.508672773838043,1
0.05,64,"val",83,0.513662159442902,0
0.05,64,"val",84,0.439908981323242,0
0.05,64,"val",85,0.437060683965683,0
0.05,64,"val",86,0.538973152637482,1
0.05,64,"val",87,0.520368099212646,1
0.05,64,"val",88,0.540517389774323,1
0.05,64,"val",89,0.555864036083221,0
0.05,64,"val",90,0.530609726905823,0
0.05,64,"val",91,0.523349225521088,0
0.05,64,"val",92,0.563231706619263,0
0.05,64,"val",93,0.58363276720047,0
0.05,64,"val",94,0.540357530117035,0
0.05,64,"val",95,0.526161372661591,0
0.05,64,"val",96,0.515228033065796,1
0.05,64,"val",97,0.509742796421051,1
0.05,64,"val",98,0.561732470989227,1
0.05,64,"val",99,0.576385676860809,1
0.05,64,"val",100,0.66876208782196,0
0.05,64,"val",101,0.653195142745972,0
0.05,64,"val",102,0.529128909111023,0
0.05,64,"val",103,0.411849975585938,0
0.05,64,"val",104,0.542858481407166,1
0.05,64,"val",105,0.54364138841629,1
0.05,64,"val",106,0.507320761680603,1
0.05,64,"val",107,0.507443189620972,1
0.05,64,"val",108,0.513662159442902,1
0.05,64,"val",109,0.507237315177917,0
0.05,64,"val",110,0.437060683965683,0
0.05,64,"val",111,0.409492015838623,1
0.05,64,"val",112,0.520368099212646,1
0.05,64,"val",113,0.530627548694611,1
0.05,64,"val",114,0.555864036083221,0
0.05,64,"val",115,0.537032246589661,1
0.05,64,"val",116,0.523349225521088,0
0.05,64,"val",117,0.539876282215118,1
0.05,64,"val",118,0.58363276720047,1
0.05,64,"val",119,0.543515205383301,1
0.05,64,"val",120,0.526161372661591,0
0.05,64,"val",121,0.550334870815277,0
0.05,64,"val",122,0.509742796421051,0
0.05,64,"val",123,0.515018105506897,1
0.05,64,"val",124,0.576385676860809,1
0.05,64,"val",125,0.558066785335541,1
0.05,64,"val",126,0.653195142745972,1
0.05,64,"val",127,0.651745676994324,1
0.05,64,"val",128,0.411849975585938,1
0.05,64,"val",129,0.252056300640106,1
0.05,64,"val",130,0.54364138841629,1
0.05,64,"val",131,0.547908902168274,0
0.05,64,"val",132,0.507443189620972,0
0.05,64,"val",133,0.499328553676605,1
0.05,64,"val",134,0.507237315177917,1
0.05,64,"val",135,0.514895498752594,0
0.05,64,"val",136,0.409492015838623,0
0.05,64,"val",137,0.429278522729874,0
0.05,64,"val",138,0.530627548694611,0
0.05,64,"val",139,0.524226069450378,0
0.05,64,"val",140,0.537032246589661,0
0.05,64,"val",141,0.506231904029846,1
0.05,64,"val",142,0.539876282215118,1
0.05,64,"val",143,0.534088134765625,1
0.05,64,"val",144,0.543515205383301,0
0.05,64,"val",145,0.549048900604248,0
0.05,64,"val",146,0.550334870815277,0
0.05,64,"val",147,0.546087205410004,0
0.05,64,"val",148,0.515018105506897,0
0.05,64,"val",149,0.549761056900024,0
0.05,64,"val",150,0.558066785335541,0
0.05,64,"val",151,0.56564873456955,0
0.05,64,"val",152,0.651745676994324,1
0.05,64,"val",153,0.61798232793808,0
0.05,64,"val",154,0.252056300640106,1
0.05,64,"val",155,0.301754504442215,0
0.05,64,"val",156,0.547908902168274,0
0.05,64,"val",157,0.535754144191742,0
0.05,64,"val",158,0.499328553676605,0
0.05,64,"val",159,0.49692639708519,1
0.05,64,"val",160,0.514895498752594,1
0.05,64,"val",161,0.512484848499298,1
0.05,64,"val",162,0.429278522729874,1
0.05,64,"val",163,0.420315265655518,1
0.05,64,"val",164,0.524226069450378,0
0.05,64,"val",165,0.499859750270844,0
0.05,64,"val",166,0.506231904029846,0
0.05,64,"val",167,0.517691791057587,0
0.05,64,"val",168,0.534088134765625,1
0.05,64,"val",169,0.536229610443115,0
0.05,64,"val",170,0.549048900604248,0
0.05,64,"val",171,0.54906302690506,0
0.05,64,"val",172,0.546087205410004,1
0.05,64,"val",173,0.542570650577545,1
0.05,64,"val",174,0.549761056900024,1
0.05,64,"val",175,0.526161372661591,0
0.05,64,"val",176,0.56564873456955,0
0.05,64,"val",177,0.53433632850647,1
0.05,64,"val",178,0.61798232793808,0
0.05,64,"val",179,0.612708687782288,1
0.05,64,"val",180,0.301754504442215,0
0.05,64,"val",181,0.303996294736862,1
0.05,64,"val",182,0.535754144191742,1
0.05,64,"val",183,0.523422479629517,1
0.05,64,"val",184,0.49692639708519,0
0.05,64,"val",185,0.494426429271698,0
0.05,64,"val",186,0.512484848499298,0
0.05,64,"val",187,0.505266904830933,0
0.05,64,"val",188,0.420315265655518,0
0.05,64,"val",189,0.444257467985153,0
0.05,64,"val",190,0.499859750270844,0
0.05,64,"val",191,0.528789341449738,1
0.05,64,"val",192,0.517691791057587,0
0.05,64,"val",193,0.511428475379944,0
0.05,64,"val",194,0.536229610443115,0
0.05,64,"val",195,0.526895701885223,1
0.05,64,"val",196,0.54906302690506,1
0.05,64,"val",197,0.549684464931488,1
0.05,64,"val",198,0.542570650577545,1
0.05,64,"val",199,0.531879067420959,0
0.05,64,"val",200,0.526161372661591,0
0.05,64,"val",201,0.513070404529572,0
0.05,64,"val",202,0.53433632850647,0
0.05,64,"val",203,0.544030249118805,1
0.05,64,"val",204,0.612708687782288,1
0.05,64,"val",205,0.5973100066185,1
0.05,64,"val",206,0.303996294736862,0
0.05,64,"val",207,0.495866894721985,0
0.05,64,"val",208,0.523422479629517,0
0.05,64,"val",209,0.543397843837738,1
0.05,64,"val",210,0.494426429271698,1
0.05,64,"val",211,0.491352409124374,1
0.05,64,"val",212,0.505266904830933,1
0.05,64,"val",213,0.510963618755341,1
0.05,64,"val",214,0.444257467985153,1
0.05,64,"val",215,0.438448995351791,0
0.05,64,"val",216,0.528789341449738,0
0.05,64,"val",217,0.508671641349792,0
0.05,64,"val",218,0.511428475379944,0
0.05,64,"val",219,0.524035096168518,0
0.05,64,"val",220,0.526895701885223,0
0.05,64,"val",221,0.52977180480957,1
0.05,64,"val",222,0.549684464931488,1
0.05,64,"val",223,0.563847899436951,1
0.05,64,"val",224,0.531879007816315,0
0.05,64,"val",225,0.54887318611145,1
0.05,64,"val",226,0.513070404529572,1
0.05,64,"val",227,0.510958313941956,1
0.05,64,"val",228,0.544030249118805,0
0.05,64,"val",229,0.524306952953339,0
0.05,64,"val",230,0.5973100066185,0
0.05,64,"val",231,0.598299980163574,0
0.05,64,"val",232,0.495866894721985,0
0.05,64,"val",233,0.296231806278229,0
0.05,64,"val",234,0.543397843837738,0
0.05,64,"val",235,0.574058532714844,0
0.05,64,"val",236,0.491352409124374,0
0.05,64,"val",237,0.502421677112579,0
0.05,64,"val",238,0.510963618755341,1
0.05,64,"val",239,0.508931696414948,0
0.05,64,"val",240,0.438448995351791,0
0.05,64,"val",241,0.440165221691132,0
0.05,64,"val",242,0.508671641349792,0
0.05,64,"val",243,0.502681732177734,1
0.05,64,"val",244,0.524035096168518,1
0.05,64,"val",245,0.513583242893219,1
0.05,64,"val",246,0.52977180480957,0
0.05,64,"val",247,0.524833977222443,1
0.05,64,"val",248,0.563847899436951,1
0.05,64,"val",249,0.562859177589417,0
0.05,64,"val",250,0.54887318611145,1
0.05,64,"val",251,0.542372107505798,1
0.05,64,"val",252,0.510958313941956,1
0.05,64,"val",253,0.512025654315948,1
0.05,64,"val",254,0.524306952953339,0
0.05,64,"val",255,0.525217413902283,0
0.05,64,"val",256,0.598299980163574,0
0.05,64,"val",257,0.58383584022522,0
0.05,64,"val",258,0.296231806278229,1
0.05,64,"val",259,0.457724630832672,1
0.05,64,"val",260,0.574058532714844,1
0.05,64,"val",261,0.545169353485107,1
0.05,64,"val",262,0.502421677112579,1
0.05,64,"val",263,0.501973628997803,0
0.05,64,"val",264,0.508931696414948,0
0.05,64,"val",265,0.507964611053467,1
0.05,64,"val",266,0.440165221691132,1
0.05,64,"val",267,0.440225332975388,0
0.05,64,"val",268,0.502681732177734,0
0.05,64,"val",269,0.501792788505554,0
0.05,64,"val",270,0.513583242893219,1
0.05,64,"val",271,0.49784642457962,1
0.05,64,"val",272,0.524833977222443,1
0.05,64,"val",273,0.539514899253845,1
0.05,64,"val",274,0.562859177589417,0
0.05,64,"val",275,0.580944180488586,0
0.05,64,"val",276,0.542372107505798,0
0.05,64,"val",277,0.55142068862915,0
0.05,64,"val",278,0.512025654315948,1
0.05,64,"val",279,0.513887882232666,1
0.05,64,"val",280,0.525217413902283,1
0.05,64,"val",281,0.536142468452454,1
0.05,64,"val",282,0.58383584022522,1
0.05,64,"val",283,0.565654039382935,1
0.05,64,"val",284,0.457724630832672,0
0.05,64,"val",285,0.466314285993576,0
0.05,64,"val",286,0.545169353485107,0
0.05,64,"val",287,0.559931218624115,0
0.05,64,"val",288,0.501973628997803,0
0.05,64,"val",289,0.499560058116913,0
0.05,64,"val",290,0.507964611053467,0
0.05,64,"val",291,0.508785247802734,0
0.05,64,"val",292,0.440225332975388,0
0.05,64,"val",293,0.415459960699081,0
0.05,64,"val",294,0.501792788505554,1
0.05,64,"val",295,0.502660512924194,1
0.05,64,"val",296,0.49784642457962,0
0.05,64,"val",297,0.545421361923218,0
0.05,64,"val",298,0.539514899253845,0
0.05,64,"val",299,0.552525818347931,1
0.05,64,"val",300,0.580944180488586,1
0.05,64,"val",301,0.556922495365143,1
0.05,64,"val",302,0.55142068862915,0
0.05,64,"val",303,0.538061082363129,0
0.05,64,"val",304,0.513887882232666,0
0.05,64,"test",1,0.508278369903564,0
0.05,64,"test",2,0.536142468452454,0
0.05,64,"test",3,0.546208918094635,1
0.05,64,"test",4,0.565654039382935,1
0.05,64,"test",5,0.563083827495575,1
0.05,64,"test",6,0.466314285993576,1
0.05,64,"test",7,0.451764911413193,1
0.05,64,"test",8,0.559931218624115,1
0.05,64,"test",9,0.530776798725128,1
0.05,64,"test",10,0.499560058116913,1
0.05,64,"test",11,0.50751006603241,1
0.05,64,"test",12,0.508785247802734,1
0.05,64,"test",13,0.5054731965065,1
0.05,64,"test",14,0.415459960699081,1
0.05,64,"test",15,0.419602066278458,1
0.05,64,"test",16,0.502660512924194,1
0.05,64,"test",17,0.514961242675781,0
0.05,64,"test",18,0.545421361923218,0
0.05,64,"test",19,0.552203118801117,0
0.05,64,"test",20,0.552525818347931,1
0.05,64,"test",21,0.567230999469757,1
0.05,64,"test",22,0.556922495365143,1
0.05,64,"test",23,0.552741765975952,0
0.05,64,"test",24,0.538061082363129,0
0.05,64,"test",25,0.55577027797699,0
0.05,64,"test",26,0.508278369903564,1
0.05,64,"test",27,0.515874624252319,1
0.05,64,"test",28,0.546208918094635,1
0.05,64,"test",29,0.55176568031311,0
0.05,64,"test",30,0.563083827495575,0
0.05,64,"test",31,0.579869449138641,0
0.05,64,"test",32,0.451764971017838,0
0.05,64,"test",33,0.415507555007935,0
0.05,64,"test",34,0.530776798725128,1
0.05,64,"test",35,0.549465537071228,1
0.05,64,"test",36,0.50751006603241,1
0.05,64,"test",37,0.510785520076752,1
0.05,64,"test",38,0.5054731965065,1
0.05,64,"test",39,0.501797318458557,1
0.05,64,"test",40,0.419602066278458,1
0.05,64,"test",41,0.419221848249435,1
0.05,64,"test",42,0.514961242675781,0
0.05,64,"test",43,0.530939161777496,0
0.05,64,"test",44,0.552203118801117,1
0.05,64,"test",45,0.546627044677734,1
0.05,64,"test",46,0.567230999469757,1
0.05,64,"test",47,0.540244162082672,0
0.05,64,"test",48,0.552741765975952,0
0.05,64,"test",49,0.549558758735657,0
0.05,64,"test",50,0.55577027797699,0
0.05,64,"test",51,0.532237708568573,1
0.05,64,"test",52,0.515874624252319,1
0.05,64,"test",53,0.511314034461975,1
0.05,64,"test",54,0.55176568031311,1
0.05,64,"test",55,0.54424387216568,0
0.05,64,"test",56,0.579869508743286,0
0.05,64,"test",57,0.630610048770905,0
0.05,64,"test",58,0.415507555007935,0
0.05,64,"test",59,0.383815586566925,1
0.05,64,"test",60,0.549465537071228,1
0.05,64,"test",61,0.527012407779694,1
0.05,64,"test",62,0.510785520076752,0
0.05,64,"test",63,0.504022598266602,1
0.05,64,"test",64,0.501797318458557,1
0.05,64,"test",65,0.5046546459198,1
0.05,64,"test",66,0.419221848249435,1
0.05,64,"test",67,0.407048135995865,1
0.05,64,"test",68,0.530939161777496,0
0.05,64,"test",69,0.524519979953766,0
0.05,64,"test",70,0.546627044677734,0
0.05,64,"test",71,0.520710289478302,1
0.05,64,"test",72,0.540244162082672,1
0.05,64,"test",73,0.529384791851044,0
0.05,64,"test",74,0.549558758735657,0
0.05,64,"test",75,0.557556867599487,0
0.05,64,"test",76,0.532237708568573,0
0.05,64,"test",77,0.537241339683533,0
0.05,64,"test",78,0.511314034461975,1
0.05,64,"test",79,0.528251171112061,0
0.05,64,"test",80,0.54424387216568,0
0.05,64,"test",81,0.560238838195801,1
0.05,64,"test",82,0.630610048770905,1
0.05,64,"test",83,0.588743269443512,1
0.05,64,"test",84,0.383815586566925,1
0.05,64,"test",85,0.412793934345245,0
0.05,64,"test",86,0.527012407779694,0
0.05,64,"test",87,0.525886654853821,0
0.05,64,"test",88,0.504022598266602,0
0.05,64,"test",89,0.490467965602875,0
0.05,64,"test",90,0.5046546459198,0
0.05,64,"test",91,0.510370373725891,1
0.05,64,"test",92,0.407048135995865,0
0.05,64,"test",93,0.405333995819092,0
0.05,64,"test",94,0.524519979953766,0
0.05,64,"test",95,0.524222910404205,0
0.05,64,"test",96,0.520710289478302,0
0.05,64,"test",97,0.524139761924744,1
0.05,64,"test",98,0.529384791851044,1
0.05,64,"test",99,0.539082229137421,1
0.05,64,"test",100,0.557556867599487,1
0.05,64,"test",101,0.552376210689545,1
0.05,64,"test",102,0.537241339683533,0
0.05,64,"test",103,0.525951564311981,0
0.05,64,"test",104,0.528251171112061,0
0.05,64,"test",105,0.55556333065033,0
0.05,64,"test",106,0.560238838195801,0
0.05,64,"test",107,0.529844224452972,0
0.05,64,"test",108,0.588743269443512,0
0.05,64,"test",109,0.59827184677124,0
0.05,64,"test",110,0.412793934345245,1
0.05,64,"test",111,0.284004062414169,1
0.05,64,"test",112,0.525886654853821,1
0.05,64,"test",113,0.536492228507996,0
0.05,64,"test",114,0.490467965602875,1
0.05,64,"test",115,0.507444441318512,1
0.05,64,"test",116,0.510370373725891,1
0.05,64,"test",117,0.510596513748169,1
0.05,64,"test",118,0.405333995819092,1
0.05,64,"test",119,0.420307487249374,0
0.05,64,"test",120,0.524222910404205,0
0.05,64,"test",121,0.49946528673172,0
0.05,64,"test",122,0.524139761924744,1
0.05,64,"test",123,0.52213442325592,1
0.05,64,"test",124,0.539082229137421,1
0.05,64,"test",125,0.529659390449524,0
0.05,64,"test",126,0.552376210689545,0
0.05,64,"test",127,0.550367474555969,0
0.05,64,"test",128,0.525951564311981,1
0.05,64,"test",129,0.524047195911407,1
0.05,64,"test",130,0.55556333065033,1
0.05,64,"test",131,0.57199639081955,1
0.05,64,"test",132,0.529844224452972,0
0.05,64,"test",133,0.633015275001526,0
0.05,64,"test",134,0.59827184677124,0
0.05,64,"test",135,0.590251088142395,0
0.05,64,"test",136,0.284004062414169,0
0.05,64,"test",137,0.408587962388992,1
0.05,64,"test",138,0.536492228507996,1
0.05,64,"test",139,0.542098939418793,1
0.05,64,"test",140,0.507444441318512,1
0.05,64,"test",141,0.506130695343018,1
0.05,64,"test",142,0.510596513748169,1
0.05,64,"test",143,0.522630989551544,1
0.05,64,"test",144,0.420307487249374,1
0.05,64,"test",145,0.414797574281693,1
0.05,64,"test",146,0.49946528673172,1
0.05,64,"test",147,0.498064279556274,1
0.05,64,"test",148,0.52213442325592,1
0.05,64,"test",149,0.557628333568573,1
0.05,64,"test",150,0.529659390449524,1
0.05,64,"test",151,0.532102108001709,1
0.05,64,"test",152,0.550367474555969,0
0.05,64,"test",153,0.575822532176971,0
0.05,64,"test",154,0.524047195911407,1
0.05,64,"test",155,0.518215537071228,1
0.05,64,"test",156,0.57199639081955,1
0.05,64,"test",157,0.541649520397186,0
0.05,64,"test",158,0.633015275001526,0
0.05,64,"test",159,0.573203384876251,0
0.05,64,"test",160,0.590251088142395,0
0.05,64,"test",161,0.587863445281982,0
0.05,64,"test",162,0.408587962388992,0
0.05,64,"test",163,0.477187871932983,0
0.05,64,"test",164,0.542098939418793,0
0.05,64,"test",165,0.54452657699585,1
0.05,64,"test",166,0.506130695343018,1
0.05,64,"test",167,0.505279779434204,0
0.05,64,"test",168,0.522630989551544,1
0.05,64,"test",169,0.520456194877625,1
0.05,64,"test",170,0.414797574281693,1
0.05,64,"test",171,0.420122116804123,0
0.05,64,"test",172,0.498064279556274,0
0.05,64,"test",173,0.49006986618042,1
0.05,64,"test",174,0.557628333568573,1
0.05,64,"test",175,0.538319826126099,1
0.05,64,"test",176,0.532102108001709,1
0.05,64,"test",177,0.530942499637604,0
0.05,64,"test",178,0.575822532176971,0
0.05,64,"test",179,0.550322711467743,0
0.05,64,"test",180,0.518215537071228,0
0.05,64,"test",181,0.534730792045593,0
0.05,64,"test",182,0.541649520397186,0
0.05,64,"test",183,0.534016191959381,0
0.05,64,"test",184,0.573203384876251,0
0.05,64,"test",185,0.552509546279907,0
0.05,64,"test",186,0.587863445281982,1
0.05,64,"test",187,0.582310318946838,0
0.05,64,"test",188,0.477187871932983,0
0.05,64,"test",189,0.483468413352966,0
0.05,64,"test",190,0.54452657699585,0
0.05,64,"test",191,0.508444428443909,0
0.05,64,"test",192,0.505279779434204,0
0.05,64,"test",193,0.498257100582123,0
0.05,64,"test",194,0.520456194877625,0
0.05,64,"test",195,0.517315089702606,0
0.05,64,"test",196,0.420122116804123,0
0.05,64,"test",197,0.429170250892639,1
0.05,64,"test",198,0.49006986618042,1
0.05,64,"test",199,0.498144686222076,1
0.05,64,"test",200,0.538319826126099,0
0.05,64,"test",201,0.535466730594635,0
0.05,64,"test",202,0.530942499637604,1
0.05,64,"test",203,0.557779312133789,0
0.05,64,"test",204,0.550322711467743,0
0.05,64,"test",205,0.548990666866302,0
0.05,64,"test",206,0.534730792045593,1
0.05,64,"test",207,0.523184299468994,0
0.05,64,"test",208,0.534016191959381,0
0.05,64,"test",209,0.515029489994049,0
0.05,64,"test",210,0.552509546279907,0
0.05,64,"test",211,0.553295969963074,0
0.05,64,"test",212,0.582310318946838,1
0.05,64,"test",213,0.608448028564453,0
0.05,64,"test",214,0.483468413352966,1
0.05,64,"test",215,0.327324539422989,1
0.05,64,"test",216,0.508444368839264,1
0.05,64,"test",217,0.478183031082153,0
0.05,64,"test",218,0.498257100582123,0
0.05,64,"test",219,0.496094048023224,1
0.05,64,"test",220,0.517315089702606,1
0.05,64,"test",221,0.52096426486969,0
0.05,64,"test",222,0.429170250892639,1
0.05,64,"test",223,0.414340406656265,1
0.05,64,"test",224,0.498144686222076,1
0.05,64,"test",225,0.513888359069824,0
0.05,64,"test",226,0.535466730594635,0
0.05,64,"test",227,0.542453765869141,0
0.05,64,"test",228,0.557779312133789,1
0.05,64,"test",229,0.533025562763214,1
0.05,64,"test",230,0.548990666866302,0
0.05,64,"test",231,0.536175131797791,1
0.05,64,"test",232,0.523184299468994,1
0.05,64,"test",233,0.559456348419189,1
0.05,64,"test",234,0.515029489994049,1
0.05,64,"test",235,0.51604425907135,1
0.05,64,"test",236,0.553295969963074,1
0.05,64,"test",237,0.567159175872803,0
0.05,64,"test",238,0.608448028564453,0
0.05,64,"test",239,0.590633511543274,0
0.05,64,"test",240,0.327324539422989,0
0.05,64,"test",241,0.288451999425888,0
0.05,64,"test",242,0.478183031082153,0
0.05,64,"test",243,0.509135544300079,0
0.05,64,"test",244,0.496094048023224,1
0.05,64,"test",245,0.48834291100502,1
0.05,64,"test",246,0.52096426486969,1
0.05,64,"test",247,0.522435128688812,1
0.05,64,"test",248,0.414340406656265,1
0.05,64,"test",249,0.391605108976364,1
0.05,64,"test",250,0.513888359069824,1
0.05,64,"test",251,0.519957184791565,1
0.05,64,"test",252,0.542453765869141,0
0.05,64,"test",253,0.562662363052368,0
0.05,64,"test",254,0.533025562763214,0
0.05,64,"test",255,0.524708688259125,1
0.05,64,"test",256,0.536175131797791,1
0.05,64,"test",257,0.558260321617126,1
0.05,64,"test",258,0.559456348419189,1
0.05,64,"test",259,0.538529992103577,1
0.05,64,"test",260,0.51604425907135,1
0.05,64,"test",261,0.513612806797028,1
0.05,64,"test",262,0.567159175872803,0
0.05,64,"test",263,0.546266674995422,0
0.05,64,"test",264,0.590633511543274,1
0.05,64,"test",265,0.592041909694672,1
0.05,64,"test",266,0.288451999425888,1
0.05,64,"test",267,0.468557745218277,1
0.05,64,"test",268,0.509135544300079,1
0.05,64,"test",269,0.522446572780609,1
0.05,64,"test",270,0.48834291100502,1
0.05,64,"test",271,0.504582524299622,1
0.05,64,"test",272,0.522435128688812,1
0.05,64,"test",273,0.515468955039978,1
0.05,64,"test",274,0.391605108976364,1
0.05,64,"test",275,0.414238393306732,1
0.05,64,"test",276,0.519957184791565,1
0.05,64,"test",277,0.488291829824448,1
0.05,64,"test",278,0.562662363052368,0
0.05,64,"test",279,0.59402459859848,0
0.05,64,"test",280,0.524708688259125,0
0.05,64,"test",281,0.538371026515961,0
0.05,64,"test",282,0.558260321617126,0
0.05,64,"test",283,0.545051336288452,0
0.05,64,"test",284,0.538529992103577,0
0.05,64,"test",285,0.547138512134552,0
0.05,64,"test",286,0.513612806797028,0
0.05,64,"test",287,0.555677711963654,0
0.05,64,"test",288,0.546266674995422,0
0.05,64,"test",289,0.557337522506714,0
0.05,64,"test",290,0.592041909694672,0
0.05,64,"test",291,0.564106941223145,0
0.05,64,"test",292,0.468557745218277,1
0.05,64,"test",293,0.512216866016388,1
0.05,64,"test",294,0.522446572780609,1
0.05,64,"test",295,0.536605775356293,0
0.05,64,"test",296,0.504582524299622,0
0.05,64,"test",297,0.5054851770401,1
0.05,64,"test",298,0.515468955039978,0
0.05,64,"test",299,0.519907355308533,0
0.05,64,"test",300,0.414238393306732,1
0.05,64,"test",301,0.37660938501358,1
0.05,64,"test",302,0.488291829824448,1
0.05,64,"test",303,0.520211100578308,0
0.05,64,"test",304,0.59402459859848,1
0.05,64,"test",305,0.575259566307068,0
0.1,23,"val",1,0.521549105644226,0
0.1,23,"val",2,0.47761207818985,1
0.1,23,"val",3,0.468967854976654,0
0.1,23,"val",4,0.480326145887375,1
0.1,23,"val",5,0.474771440029144,1
0.1,23,"val",6,0.448139131069183,1
0.1,23,"val",7,0.468468129634857,1
0.1,23,"val",8,0.520868480205536,1
0.1,23,"val",9,0.516824901103973,1
0.1,23,"val",10,0.537833988666534,1
0.1,23,"val",11,0.5387202501297,1
0.1,23,"val",12,0.530015170574188,1
0.1,23,"val",13,0.532467067241669,1
0.1,23,"val",14,0.530777752399445,1
0.1,23,"val",15,0.542866587638855,1
0.1,23,"val",16,0.522678554058075,1
0.1,23,"val",17,0.517582833766937,1
0.1,23,"val",18,0.512172996997833,1
0.1,23,"val",19,0.513775289058685,1
0.1,23,"val",20,0.548509299755096,1
0.1,23,"val",21,0.556172549724579,1
0.1,23,"val",22,0.532980263233185,1
0.1,23,"val",23,0.549525320529938,0
0.1,23,"val",24,0.513740122318268,0
0.1,23,"val",25,0.513558447360992,1
0.1,23,"val",26,0.521549105644226,0
0.1,23,"val",27,0.524353504180908,0
0.1,23,"val",28,0.468967854976654,0
0.1,23,"val",29,0.424158066511154,1
0.1,23,"val",30,0.474771440029144,1
0.1,23,"val",31,0.480311781167984,0
0.1,23,"val",32,0.468468129634857,0
0.1,23,"val",33,0.458898842334747,0
0.1,23,"val",34,0.516824901103973,0
0.1,23,"val",35,0.515001118183136,0
0.1,23,"val",36,0.5387202501297,0
0.1,23,"val",37,0.540898978710175,1
0.1,23,"val",38,0.532467067241669,1
0.1,23,"val",39,0.536401510238647,1
0.1,23,"val",40,0.542866587638855,0
0.1,23,"val",41,0.533193826675415,0
0.1,23,"val",42,0.517582833766937,0
0.1,23,"val",43,0.518609941005707,0
0.1,23,"val",44,0.513775289058685,0
0.1,23,"val",45,0.513835728168488,0
0.1,23,"val",46,0.556172549724579,0
0.1,23,"val",47,0.55241197347641,1
0.1,23,"val",48,0.549525320529938,1
0.1,23,"val",49,0.537679195404053,1
0.1,23,"val",50,0.513558447360992,1
0.1,23,"val",51,0.515438139438629,1
0.1,23,"val",52,0.524353504180908,1
0.1,23,"val",53,0.529832124710083,1
0.1,23,"val",54,0.424158066511154,1
0.1,23,"val",55,0.455766260623932,1
0.1,23,"val",56,0.480311781167984,1
0.1,23,"val",57,0.485837638378143,1
0.1,23,"val",58,0.458898842334747,1
0.1,23,"val",59,0.478698283433914,1
0.1,23,"val",60,0.515001118183136,1
0.1,23,"val",61,0.521720051765442,0
0.1,23,"val",62,0.540898978710175,1
0.1,23,"val",63,0.540215790271759,0
0.1,23,"val",64,0.536401510238647,0
0.1,23,"val",65,0.53539913892746,1
0.1,23,"val",66,0.533193826675415,1
0.1,23,"val",67,0.538462519645691,1
0.1,23,"val",68,0.518609941005707,1
0.1,23,"val",69,0.517472624778748,1
0.1,23,"val",70,0.513835728168488,1
0.1,23,"val",71,0.513344883918762,1
0.1,23,"val",72,0.55241197347641,1
0.1,23,"val",73,0.546809673309326,1
0.1,23,"val",74,0.537679195404053,1
0.1,23,"val",75,0.566787660121918,1
0.1,23,"val",76,0.515438139438629,0
0.1,23,"val",77,0.518776774406433,1
0.1,23,"val",78,0.529832124710083,1
0.1,23,"val",79,0.524816453456879,0
0.1,23,"val",80,0.455766260623932,0
0.1,23,"val",81,0.480079829692841,0
0.1,23,"val",82,0.485837638378143,1
0.1,23,"val",83,0.483356237411499,0
0.1,23,"val",84,0.478698283433914,0
0.1,23,"val",85,0.479650884866714,0
0.1,23,"val",86,0.521720051765442,1
0.1,23,"val",87,0.512834906578064,1
0.1,23,"val",88,0.540215790271759,1
0.1,23,"val",89,0.54013603925705,0
0.1,23,"val",90,0.53539913892746,0
0.1,23,"val",91,0.532657325267792,0
0.1,23,"val",92,0.538462519645691,0
0.1,23,"val",93,0.539976954460144,0
0.1,23,"val",94,0.517472624778748,0
0.1,23,"val",95,0.515118956565857,0
0.1,23,"val",96,0.513344883918762,1
0.1,23,"val",97,0.513648331165314,1
0.1,23,"val",98,0.546809673309326,1
0.1,23,"val",99,0.551200151443481,1
0.1,23,"val",100,0.566787660121918,0
0.1,23,"val",101,0.556140899658203,0
0.1,23,"val",102,0.518776774406433,0
0.1,23,"val",103,0.513753831386566,0
0.1,23,"val",104,0.524816453456879,1
0.1,23,"val",105,0.527894198894501,1
0.1,23,"val",106,0.480079829692841,1
0.1,23,"val",107,0.478317648172379,1
0.1,23,"val",108,0.483356237411499,1
0.1,23,"val",109,0.48672217130661,0
0.1,23,"val",110,0.479650884866714,0
0.1,23,"val",111,0.456858932971954,1
0.1,23,"val",112,0.512834906578064,1
0.1,23,"val",113,0.516092658042908,1
0.1,23,"val",114,0.54013603925705,0
0.1,23,"val",115,0.540137946605682,1
0.1,23,"val",116,0.532657325267792,0
0.1,23,"val",117,0.537814319133759,1
0.1,23,"val",118,0.539976954460144,1
0.1,23,"val",119,0.53133636713028,1
0.1,23,"val",120,0.515118956565857,0
0.1,23,"val",121,0.516993224620819,0
0.1,23,"val",122,0.513648331165314,0
0.1,23,"val",123,0.515216588973999,1
0.1,23,"val",124,0.551200151443481,1
0.1,23,"val",125,0.543917834758759,1
0.1,23,"val",126,0.556140899658203,1
0.1,23,"val",127,0.547206938266754,1
0.1,23,"val",128,0.513753831386566,1
0.1,23,"val",129,0.517309129238129,1
0.1,23,"val",130,0.527894198894501,1
0.1,23,"val",131,0.528329730033875,0
0.1,23,"val",132,0.478317648172379,0
0.1,23,"val",133,0.469667762517929,1
0.1,23,"val",134,0.48672217130661,1
0.1,23,"val",135,0.477502942085266,0
0.1,23,"val",136,0.456858932971954,0
0.1,23,"val",137,0.469188421964645,0
0.1,23,"val",138,0.516092658042908,0
0.1,23,"val",139,0.516185700893402,0
0.1,23,"val",140,0.540137946605682,0
0.1,23,"val",141,0.540486395359039,1
0.1,23,"val",142,0.537814319133759,1
0.1,23,"val",143,0.532957375049591,1
0.1,23,"val",144,0.53133636713028,0
0.1,23,"val",145,0.536204159259796,0
0.1,23,"val",146,0.516993224620819,0
0.1,23,"val",147,0.515181720256805,0
0.1,23,"val",148,0.515216588973999,0
0.1,23,"val",149,0.509982705116272,0
0.1,23,"val",150,0.543917834758759,0
0.1,23,"val",151,0.542499899864197,0
0.1,23,"val",152,0.547206938266754,1
0.1,23,"val",153,0.587506890296936,0
0.1,23,"val",154,0.517309129238129,1
0.1,23,"val",155,0.516436100006104,0
0.1,23,"val",156,0.528329730033875,0
0.1,23,"val",157,0.525756418704987,0
0.1,23,"val",158,0.469667762517929,0
0.1,23,"val",159,0.471814513206482,1
0.1,23,"val",160,0.477502942085266,1
0.1,23,"val",161,0.486531674861908,1
0.1,23,"val",162,0.469188421964645,1
0.1,23,"val",163,0.474060386419296,1
0.1,23,"val",164,0.516185700893402,0
0.1,23,"val",165,0.498557925224304,0
0.1,23,"val",166,0.540486395359039,0
0.1,23,"val",167,0.536888122558594,0
0.1,23,"val",168,0.532957375049591,1
0.1,23,"val",169,0.53657203912735,0
0.1,23,"val",170,0.536204159259796,0
0.1,23,"val",171,0.536322712898254,0
0.1,23,"val",172,0.515181720256805,1
0.1,23,"val",173,0.513929843902588,1
0.1,23,"val",174,0.509982705116272,1
0.1,23,"val",175,0.517635345458984,0
0.1,23,"val",176,0.542499899864197,0
0.1,23,"val",177,0.533748686313629,1
0.1,23,"val",178,0.587506890296936,0
0.1,23,"val",179,0.561152040958405,1
0.1,23,"val",180,0.516436100006104,0
0.1,23,"val",181,0.516377151012421,1
0.1,23,"val",182,0.525756418704987,1
0.1,23,"val",183,0.52514660358429,1
0.1,23,"val",184,0.471814513206482,0
0.1,23,"val",185,0.46795779466629,0
0.1,23,"val",186,0.486531674861908,0
0.1,23,"val",187,0.496629118919373,0
0.1,23,"val",188,0.474060386419296,0
0.1,23,"val",189,0.481040835380554,0
0.1,23,"val",190,0.498557925224304,0
0.1,23,"val",191,0.513822138309479,1
0.1,23,"val",192,0.536888122558594,0
0.1,23,"val",193,0.537572979927063,0
0.1,23,"val",194,0.53657203912735,0
0.1,23,"val",195,0.530167698860168,1
0.1,23,"val",196,0.536322712898254,1
0.1,23,"val",197,0.52979564666748,1
0.1,23,"val",198,0.513929843902588,1
0.1,23,"val",199,0.514167606830597,0
0.1,23,"val",200,0.517635345458984,0
0.1,23,"val",201,0.513905048370361,0
0.1,23,"val",202,0.533748686313629,0
0.1,23,"val",203,0.538597345352173,1
0.1,23,"val",204,0.561152040958405,1
0.1,23,"val",205,0.539259374141693,1
0.1,23,"val",206,0.516377151012421,0
0.1,23,"val",207,0.51444011926651,0
0.1,23,"val",208,0.52514660358429,0
0.1,23,"val",209,0.523767948150635,1
0.1,23,"val",210,0.46795779466629,1
0.1,23,"val",211,0.462501674890518,1
0.1,23,"val",212,0.496629118919373,1
0.1,23,"val",213,0.494032263755798,1
0.1,23,"val",214,0.481040835380554,1
0.1,23,"val",215,0.479956746101379,0
0.1,23,"val",216,0.513822138309479,0
0.1,23,"val",217,0.503521680831909,0
0.1,23,"val",218,0.537572979927063,0
0.1,23,"val",219,0.539805769920349,0
0.1,23,"val",220,0.530167698860168,0
0.1,23,"val",221,0.533968329429626,1
0.1,23,"val",222,0.52979564666748,1
0.1,23,"val",223,0.533843815326691,1
0.1,23,"val",224,0.514167606830597,0
0.1,23,"val",225,0.511258780956268,1
0.1,23,"val",226,0.513905048370361,1
0.1,23,"val",227,0.51378333568573,1
0.1,23,"val",228,0.538597345352173,0
0.1,23,"val",229,0.537253201007843,0
0.1,23,"val",230,0.539259374141693,0
0.1,23,"val",231,0.529188275337219,0
0.1,23,"val",232,0.51444011926651,0
0.1,23,"val",233,0.516551911830902,0
0.1,23,"val",234,0.523767948150635,0
0.1,23,"val",235,0.531381666660309,0
0.1,23,"val",236,0.462501674890518,0
0.1,23,"val",237,0.471844673156738,0
0.1,23,"val",238,0.494032263755798,1
0.1,23,"val",239,0.489245921373367,0
0.1,23,"val",240,0.479956746101379,0
0.1,23,"val",241,0.47868937253952,0
0.1,23,"val",242,0.503521680831909,0
0.1,23,"val",243,0.499634623527527,1
0.1,23,"val",244,0.539805769920349,1
0.1,23,"val",245,0.540116131305695,1
0.1,23,"val",246,0.533968329429626,0
0.1,23,"val",247,0.530493915081024,1
0.1,23,"val",248,0.533843815326691,1
0.1,23,"val",249,0.532363831996918,0
0.1,23,"val",250,0.511258780956268,1
0.1,23,"val",251,0.511109888553619,1
0.1,23,"val",252,0.51378333568573,1
0.1,23,"val",253,0.511564552783966,1
0.1,23,"val",254,0.537253201007843,0
0.1,23,"val",255,0.535069108009338,0
0.1,23,"val",256,0.529188275337219,0
0.1,23,"val",257,0.526425838470459,0
0.1,23,"val",258,0.516551911830902,1
0.1,23,"val",259,0.514870285987854,1
0.1,23,"val",260,0.531381666660309,1
0.1,23,"val",261,0.527986764907837,1
0.1,23,"val",262,0.471844673156738,1
0.1,23,"val",263,0.469449549913406,0
0.1,23,"val",264,0.489245921373367,0
0.1,23,"val",265,0.488843649625778,1
0.1,23,"val",266,0.47868937253952,1
0.1,23,"val",267,0.478443622589111,0
0.1,23,"val",268,0.499634623527527,0
0.1,23,"val",269,0.499194443225861,0
0.1,23,"val",270,0.540116131305695,1
0.1,23,"val",271,0.539684593677521,1
0.1,23,"val",272,0.530493915081024,1
0.1,23,"val",273,0.5418741106987,1
0.1,23,"val",274,0.532363831996918,0
0.1,23,"val",275,0.537138044834137,0
0.1,23,"val",276,0.511109888553619,0
0.1,23,"val",277,0.512646377086639,0
0.1,23,"val",278,0.511564552783966,1
0.1,23,"val",279,0.511417090892792,1
0.1,23,"val",280,0.535069048404694,1
0.1,23,"val",281,0.54083114862442,1
0.1,23,"val",282,0.526425838470459,1
0.1,23,"val",283,0.526127576828003,1
0.1,23,"val",284,0.514870285987854,0
0.1,23,"val",285,0.512790858745575,0
0.1,23,"val",286,0.527986764907837,0
0.1,23,"val",287,0.529462933540344,0
0.1,23,"val",288,0.469449549913406,0
0.1,23,"val",289,0.465092420578003,0
0.1,23,"val",290,0.488843649625778,0
0.1,23,"val",291,0.50041264295578,0
0.1,23,"val",292,0.478443622589111,0
0.1,23,"val",293,0.466208279132843,0
0.1,23,"val",294,0.499194443225861,1
0.1,23,"val",295,0.500295519828796,1
0.1,23,"val",296,0.539684593677521,0
0.1,23,"val",297,0.53970593214035,0
0.1,23,"val",298,0.5418741106987,0
0.1,23,"val",299,0.549000322818756,1
0.1,23,"val",300,0.537138044834137,1
0.1,23,"val",301,0.530092298984528,1
0.1,23,"val",302,0.512646377086639,0
0.1,23,"val",303,0.514526963233948,0
0.1,23,"val",304,0.511417090892792,0
0.1,23,"test",1,0.516494929790497,0
0.1,23,"test",2,0.54083114862442,0
0.1,23,"test",3,0.543820738792419,1
0.1,23,"test",4,0.526127576828003,1
0.1,23,"test",5,0.522540211677551,1
0.1,23,"test",6,0.512790858745575,1
0.1,23,"test",7,0.51367598772049,1
0.1,23,"test",8,0.529462933540344,1
0.1,23,"test",9,0.525536119937897,1
0.1,23,"test",10,0.465092420578003,1
0.1,23,"test",11,0.473066329956055,1
0.1,23,"test",12,0.50041264295578,1
0.1,23,"test",13,0.483426660299301,1
0.1,23,"test",14,0.466208279132843,1
0.1,23,"test",15,0.473872423171997,1
0.1,23,"test",16,0.500295519828796,1
0.1,23,"test",17,0.506767213344574,0
0.1,23,"test",18,0.53970593214035,0
0.1,23,"test",19,0.540714919567108,0
0.1,23,"test",20,0.549000322818756,1
0.1,23,"test",21,0.554369628429413,1
0.1,23,"test",22,0.530092298984528,1
0.1,23,"test",23,0.527420938014984,0
0.1,23,"test",24,0.514526963233948,0
0.1,23,"test",25,0.513510644435883,0
0.1,23,"test",26,0.516494929790497,1
0.1,23,"test",27,0.516095817089081,1
0.1,23,"test",28,0.543820738792419,1
0.1,23,"test",29,0.542631387710571,0
0.1,23,"test",30,0.522540211677551,0
0.1,23,"test",31,0.524782955646515,0
0.1,23,"test",32,0.51367598772049,0
0.1,23,"test",33,0.514707326889038,0
0.1,23,"test",34,0.525536119937897,1
0.1,23,"test",35,0.528125762939453,1
0.1,23,"test",36,0.473066329956055,1
0.1,23,"test",37,0.478796243667603,1
0.1,23,"test",38,0.483426660299301,1
0.1,23,"test",39,0.485959380865097,1
0.1,23,"test",40,0.473872423171997,1
0.1,23,"test",41,0.467943131923676,1
0.1,23,"test",42,0.506767213344574,0
0.1,23,"test",43,0.518312811851501,0
0.1,23,"test",44,0.540714919567108,1
0.1,23,"test",45,0.540085554122925,1
0.1,23,"test",46,0.554369628429413,1
0.1,23,"test",47,0.538329601287842,0
0.1,23,"test",48,0.527420938014984,0
0.1,23,"test",49,0.532179236412048,0
0.1,23,"test",50,0.513510644435883,0
0.1,23,"test",51,0.513235032558441,1
0.1,23,"test",52,0.516095817089081,1
0.1,23,"test",53,0.512451946735382,1
0.1,23,"test",54,0.542631387710571,1
0.1,23,"test",55,0.536600410938263,0
0.1,23,"test",56,0.524782955646515,0
0.1,23,"test",57,0.535835027694702,0
0.1,23,"test",58,0.514707326889038,0
0.1,23,"test",59,0.514750182628632,1
0.1,23,"test",60,0.528125762939453,1
0.1,23,"test",61,0.517807006835938,1
0.1,23,"test",62,0.478796243667603,0
0.1,23,"test",63,0.470162659883499,1
0.1,23,"test",64,0.485959380865097,1
0.1,23,"test",65,0.490491420030594,1
0.1,23,"test",66,0.467943131923676,1
0.1,23,"test",67,0.462644070386887,1
0.1,23,"test",68,0.518312811851501,0
0.1,23,"test",69,0.516489267349243,0
0.1,23,"test",70,0.540085554122925,0
0.1,23,"test",71,0.541650533676147,1
0.1,23,"test",72,0.538329601287842,1
0.1,23,"test",73,0.53456974029541,0
0.1,23,"test",74,0.532179236412048,0
0.1,23,"test",75,0.532078266143799,0
0.1,23,"test",76,0.513235032558441,0
0.1,23,"test",77,0.511787831783295,0
0.1,23,"test",78,0.512451946735382,1
0.1,23,"test",79,0.508329629898071,0
0.1,23,"test",80,0.536600410938263,0
0.1,23,"test",81,0.53958660364151,1
0.1,23,"test",82,0.535835027694702,1
0.1,23,"test",83,0.526301205158234,1
0.1,23,"test",84,0.514750182628632,1
0.1,23,"test",85,0.514703214168549,0
0.1,23,"test",86,0.517807006835938,0
0.1,23,"test",87,0.524635851383209,0
0.1,23,"test",88,0.470162659883499,0
0.1,23,"test",89,0.460453808307648,0
0.1,23,"test",90,0.490491420030594,0
0.1,23,"test",91,0.483584403991699,1
0.1,23,"test",92,0.462644070386887,0
0.1,23,"test",93,0.460827499628067,0
0.1,23,"test",94,0.516489267349243,0
0.1,23,"test",95,0.514096617698669,0
0.1,23,"test",96,0.541650533676147,0
0.1,23,"test",97,0.540170669555664,1
0.1,23,"test",98,0.53456974029541,1
0.1,23,"test",99,0.538426518440247,1
0.1,23,"test",100,0.532078266143799,1
0.1,23,"test",101,0.531145334243774,1
0.1,23,"test",102,0.511787831783295,0
0.1,23,"test",103,0.512174546718597,0
0.1,23,"test",104,0.508329629898071,0
0.1,23,"test",105,0.505943715572357,0
0.1,23,"test",106,0.53958660364151,0
0.1,23,"test",107,0.533211648464203,0
0.1,23,"test",108,0.526301205158234,0
0.1,23,"test",109,0.527983069419861,0
0.1,23,"test",110,0.514703214168549,1
0.1,23,"test",111,0.516958057880402,1
0.1,23,"test",112,0.524635851383209,1
0.1,23,"test",113,0.526355147361755,0
0.1,23,"test",114,0.460453808307648,1
0.1,23,"test",115,0.486563503742218,1
0.1,23,"test",116,0.483584403991699,1
0.1,23,"test",117,0.491535067558289,1
0.1,23,"test",118,0.460827499628067,1
0.1,23,"test",119,0.46417361497879,0
0.1,23,"test",120,0.514096617698669,0
0.1,23,"test",121,0.497900366783142,0
0.1,23,"test",122,0.540170669555664,1
0.1,23,"test",123,0.540221095085144,1
0.1,23,"test",124,0.538426518440247,1
0.1,23,"test",125,0.533325612545013,0
0.1,23,"test",126,0.531145334243774,0
0.1,23,"test",127,0.534071743488312,0
0.1,23,"test",128,0.512174546718597,1
0.1,23,"test",129,0.51372629404068,1
0.1,23,"test",130,0.505943715572357,1
0.1,23,"test",131,0.511291563510895,1
0.1,23,"test",132,0.533211648464203,0
0.1,23,"test",133,0.552229046821594,0
0.1,23,"test",134,0.527983069419861,0
0.1,23,"test",135,0.527581691741943,0
0.1,23,"test",136,0.516958057880402,0
0.1,23,"test",137,0.514363706111908,1
0.1,23,"test",138,0.526355147361755,1
0.1,23,"test",139,0.526129841804504,1
0.1,23,"test",140,0.486563503742218,1
0.1,23,"test",141,0.48763245344162,1
0.1,23,"test",142,0.491535067558289,1
0.1,23,"test",143,0.484261631965637,1
0.1,23,"test",144,0.46417361497879,1
0.1,23,"test",145,0.45700877904892,1
0.1,23,"test",146,0.497900366783142,1
0.1,23,"test",147,0.49803352355957,1
0.1,23,"test",148,0.540221095085144,1
0.1,23,"test",149,0.539738655090332,1
0.1,23,"test",150,0.533325612545013,1
0.1,23,"test",151,0.536892175674438,1
0.1,23,"test",152,0.534071743488312,0
0.1,23,"test",153,0.543575823307037,0
0.1,23,"test",154,0.51372629404068,1
0.1,23,"test",155,0.516864240169525,1
0.1,23,"test",156,0.511291563510895,1
0.1,23,"test",157,0.507545590400696,0
0.1,23,"test",158,0.552229046821594,0
0.1,23,"test",159,0.543755948543549,0
0.1,23,"test",160,0.527581691741943,0
0.1,23,"test",161,0.52745532989502,0
0.1,23,"test",162,0.514363706111908,0
0.1,23,"test",163,0.515215516090393,0
0.1,23,"test",164,0.526129841804504,0
0.1,23,"test",165,0.527985215187073,1
0.1,23,"test",166,0.48763245344162,1
0.1,23,"test",167,0.476122230291367,0
0.1,23,"test",168,0.484261631965637,1
0.1,23,"test",169,0.480434685945511,1
0.1,23,"test",170,0.45700877904892,1
0.1,23,"test",171,0.461260974407196,0
0.1,23,"test",172,0.49803352355957,0
0.1,23,"test",173,0.493015289306641,1
0.1,23,"test",174,0.539738655090332,1
0.1,23,"test",175,0.540085911750793,1
0.1,23,"test",176,0.536892175674438,1
0.1,23,"test",177,0.539470136165619,0
0.1,23,"test",178,0.543575823307037,0
0.1,23,"test",179,0.536008954048157,0
0.1,23,"test",180,0.516864240169525,0
0.1,23,"test",181,0.510224997997284,0
0.1,23,"test",182,0.507545590400696,0
0.1,23,"test",183,0.506757140159607,0
0.1,23,"test",184,0.543755948543549,0
0.1,23,"test",185,0.535827577114105,0
0.1,23,"test",186,0.52745532989502,1
0.1,23,"test",187,0.527570724487305,0
0.1,23,"test",188,0.515215516090393,0
0.1,23,"test",189,0.516121566295624,0
0.1,23,"test",190,0.527985215187073,0
0.1,23,"test",191,0.498296588659286,0
0.1,23,"test",192,0.476122230291367,0
0.1,23,"test",193,0.480983942747116,0
0.1,23,"test",194,0.480434685945511,0
0.1,23,"test",195,0.496580541133881,0
0.1,23,"test",196,0.461260974407196,0
0.1,23,"test",197,0.474485874176025,1
0.1,23,"test",198,0.493015289306641,1
0.1,23,"test",199,0.497157633304596,1
0.1,23,"test",200,0.540085911750793,0
0.1,23,"test",201,0.539674997329712,0
0.1,23,"test",202,0.539470136165619,1
0.1,23,"test",203,0.542139410972595,0
0.1,23,"test",204,0.536008954048157,0
0.1,23,"test",205,0.530484974384308,0
0.1,23,"test",206,0.510224997997284,1
0.1,23,"test",207,0.511204540729523,0
0.1,23,"test",208,0.506757140159607,0
0.1,23,"test",209,0.51162725687027,0
0.1,23,"test",210,0.535827577114105,0
0.1,23,"test",211,0.536129772663116,0
0.1,23,"test",212,0.527570724487305,1
0.1,23,"test",213,0.529938399791718,0
0.1,23,"test",214,0.516121566295624,1
0.1,23,"test",215,0.51596999168396,1
0.1,23,"test",216,0.498296588659286,1
0.1,23,"test",217,0.490628361701965,0
0.1,23,"test",218,0.480983942747116,0
0.1,23,"test",219,0.477887660264969,1
0.1,23,"test",220,0.496580541133881,1
0.1,23,"test",221,0.481439918279648,0
0.1,23,"test",222,0.474485874176025,1
0.1,23,"test",223,0.458248108625412,1
0.1,23,"test",224,0.497157633304596,1
0.1,23,"test",225,0.5063636302948,0
0.1,23,"test",226,0.539674997329712,0
0.1,23,"test",227,0.54192066192627,0
0.1,23,"test",228,0.542139410972595,1
0.1,23,"test",229,0.540205240249634,1
0.1,23,"test",230,0.530484974384308,0
0.1,23,"test",231,0.529177308082581,1
0.1,23,"test",232,0.511204540729523,1
0.1,23,"test",233,0.517398774623871,1
0.1,23,"test",234,0.51162725687027,1
0.1,23,"test",235,0.5108762383461,1
0.1,23,"test",236,0.536129772663116,1
0.1,23,"test",237,0.538442969322205,0
0.1,23,"test",238,0.529938399791718,0
0.1,23,"test",239,0.527725994586945,0
0.1,23,"test",240,0.51596999168396,0
0.1,23,"test",241,0.516958355903625,0
0.1,23,"test",242,0.490628361701965,0
0.1,23,"test",243,0.519324839115143,0
0.1,23,"test",244,0.477887660264969,1
0.1,23,"test",245,0.461349815130234,1
0.1,23,"test",246,0.481439918279648,1
0.1,23,"test",247,0.49707755446434,1
0.1,23,"test",248,0.458248168230057,1
0.1,23,"test",249,0.453613847494125,1
0.1,23,"test",250,0.5063636302948,1
0.1,23,"test",251,0.509287476539612,1
0.1,23,"test",252,0.54192066192627,0
0.1,23,"test",253,0.541978597640991,0
0.1,23,"test",254,0.540205240249634,0
0.1,23,"test",255,0.534144461154938,1
0.1,23,"test",256,0.529177308082581,1
0.1,23,"test",257,0.534176409244537,1
0.1,23,"test",258,0.517398774623871,1
0.1,23,"test",259,0.51135927438736,1
0.1,23,"test",260,0.5108762383461,1
0.1,23,"test",261,0.514050543308258,1
0.1,23,"test",262,0.538442969322205,0
0.1,23,"test",263,0.529529929161072,0
0.1,23,"test",264,0.527725994586945,1
0.1,23,"test",265,0.526849091053009,1
0.1,23,"test",266,0.516958355903625,1
0.1,23,"test",267,0.517365157604218,1
0.1,23,"test",268,0.519324839115143,1
0.1,23,"test",269,0.522794604301453,1
0.1,23,"test",270,0.461349815130234,1
0.1,23,"test",271,0.48285910487175,1
0.1,23,"test",272,0.49707755446434,1
0.1,23,"test",273,0.497021555900574,1
0.1,23,"test",274,0.453613847494125,1
0.1,23,"test",275,0.459250956773758,1
0.1,23,"test",276,0.509287476539612,1
0.1,23,"test",277,0.498819053173065,1
0.1,23,"test",278,0.541978597640991,0
0.1,23,"test",279,0.537516117095947,0
0.1,23,"test",280,0.534144461154938,0
0.1,23,"test",281,0.536427319049835,0
0.1,23,"test",282,0.534176409244537,0
0.1,23,"test",283,0.528927803039551,0
0.1,23,"test",284,0.51135927438736,0
0.1,23,"test",285,0.517125964164734,0
0.1,23,"test",286,0.514050543308258,0
0.1,23,"test",287,0.506643176078796,0
0.1,23,"test",288,0.529529929161072,0
0.1,23,"test",289,0.537780582904816,0
0.1,23,"test",290,0.526849091053009,0
0.1,23,"test",291,0.523321390151978,0
0.1,23,"test",292,0.517365157604218,1
0.1,23,"test",293,0.516846299171448,1
0.1,23,"test",294,0.522794604301453,1
0.1,23,"test",295,0.527055323123932,0
0.1,23,"test",296,0.48285910487175,0
0.1,23,"test",297,0.479763835668564,1
0.1,23,"test",298,0.497021555900574,0
0.1,23,"test",299,0.493514627218246,0
0.1,23,"test",300,0.459250956773758,1
0.1,23,"test",301,0.41889089345932,1
0.1,23,"test",302,0.498819053173065,1
0.1,23,"test",303,0.511554658412933,0
0.1,23,"test",304,0.537516117095947,1
0.1,23,"test",305,0.540744066238403,0
0.1,27,"val",1,0.516260087490082,0
0.1,27,"val",2,0.478345930576324,1
0.1,27,"val",3,0.468532770872116,0
0.1,27,"val",4,0.485583990812302,1
0.1,27,"val",5,0.487774670124054,1
0.1,27,"val",6,0.407628536224365,1
0.1,27,"val",7,0.435334414243698,1
0.1,27,"val",8,0.51996260881424,1
0.1,27,"val",9,0.514340996742249,1
0.1,27,"val",10,0.538769960403442,1
0.1,27,"val",11,0.535508394241333,1
0.1,27,"val",12,0.522420227527618,1
0.1,27,"val",13,0.531461238861084,1
0.1,27,"val",14,0.537507832050323,1
0.1,27,"val",15,0.566048324108124,1
0.1,27,"val",16,0.534483432769775,1
0.1,27,"val",17,0.520737588405609,1
0.1,27,"val",18,0.519040405750275,1
0.1,27,"val",19,0.531602263450623,1
0.1,27,"val",20,0.576468527317047,1
0.1,27,"val",21,0.588797628879547,1
0.1,27,"val",22,0.556878626346588,1
0.1,27,"val",23,0.527651369571686,0
0.1,27,"val",24,0.534606754779816,0
0.1,27,"val",25,0.446363151073456,1
0.1,27,"val",26,0.516260087490082,0
0.1,27,"val",27,0.520124852657318,0
0.1,27,"val",28,0.468532770872116,0
0.1,27,"val",29,0.448722690343857,1
0.1,27,"val",30,0.487774670124054,1
0.1,27,"val",31,0.490254878997803,0
0.1,27,"val",32,0.435334414243698,0
0.1,27,"val",33,0.422755539417267,0
0.1,27,"val",34,0.514340996742249,0
0.1,27,"val",35,0.511298656463623,0
0.1,27,"val",36,0.535508394241333,0
0.1,27,"val",37,0.540383100509644,1
0.1,27,"val",38,0.531461238861084,1
0.1,27,"val",39,0.53636246919632,1
0.1,27,"val",40,0.566048324108124,0
0.1,27,"val",41,0.546532273292542,0
0.1,27,"val",42,0.520737588405609,0
0.1,27,"val",43,0.52401328086853,0
0.1,27,"val",44,0.531602263450623,0
0.1,27,"val",45,0.518727004528046,0
0.1,27,"val",46,0.588797628879547,0
0.1,27,"val",47,0.589918375015259,1
0.1,27,"val",48,0.527651369571686,1
0.1,27,"val",49,0.557893097400665,1
0.1,27,"val",50,0.446363151073456,1
0.1,27,"val",51,0.507635951042175,1
0.1,27,"val",52,0.520124852657318,1
0.1,27,"val",53,0.535228610038757,1
0.1,27,"val",54,0.448722690343857,1
0.1,27,"val",55,0.467804282903671,1
0.1,27,"val",56,0.490254878997803,1
0.1,27,"val",57,0.491222530603409,1
0.1,27,"val",58,0.422755539417267,1
0.1,27,"val",59,0.449972480535507,1
0.1,27,"val",60,0.511298656463623,1
0.1,27,"val",61,0.520680248737335,0
0.1,27,"val",62,0.540383100509644,1
0.1,27,"val",63,0.544007241725922,0
0.1,27,"val",64,0.53636246919632,0
0.1,27,"val",65,0.532851338386536,1
0.1,27,"val",66,0.546532273292542,1
0.1,27,"val",67,0.556723773479462,1
0.1,27,"val",68,0.52401328086853,1
0.1,27,"val",69,0.526068329811096,1
0.1,27,"val",70,0.518727004528046,1
0.1,27,"val",71,0.527057528495789,1
0.1,27,"val",72,0.589918375015259,1
0.1,27,"val",73,0.56831967830658,1
0.1,27,"val",74,0.557893097400665,1
0.1,27,"val",75,0.616499304771423,1
0.1,27,"val",76,0.507635951042175,0
0.1,27,"val",77,0.518776535987854,1
0.1,27,"val",78,0.535228610038757,1
0.1,27,"val",79,0.518951773643494,0
0.1,27,"val",80,0.467804282903671,0
0.1,27,"val",81,0.481442421674728,0
0.1,27,"val",82,0.491222530603409,1
0.1,27,"val",83,0.493093967437744,0
0.1,27,"val",84,0.449972480535507,0
0.1,27,"val",85,0.451651483774185,0
0.1,27,"val",86,0.520680248737335,1
0.1,27,"val",87,0.504497051239014,1
0.1,27,"val",88,0.544007241725922,1
0.1,27,"val",89,0.54930979013443,0
0.1,27,"val",90,0.532851338386536,0
0.1,27,"val",91,0.526470124721527,0
0.1,27,"val",92,0.556723773479462,0
0.1,27,"val",93,0.565129637718201,0
0.1,27,"val",94,0.526068329811096,0
0.1,27,"val",95,0.517145693302155,0
0.1,27,"val",96,0.527057528495789,1
0.1,27,"val",97,0.521755933761597,1
0.1,27,"val",98,0.56831967830658,1
0.1,27,"val",99,0.58006739616394,1
0.1,27,"val",100,0.616499304771423,0
0.1,27,"val",101,0.606407403945923,0
0.1,27,"val",102,0.518776535987854,0
0.1,27,"val",103,0.421157121658325,0
0.1,27,"val",104,0.518951773643494,1
0.1,27,"val",105,0.518415093421936,1
0.1,27,"val",106,0.481442421674728,1
0.1,27,"val",107,0.48137766122818,1
0.1,27,"val",108,0.493093967437744,1
0.1,27,"val",109,0.490847229957581,0
0.1,27,"val",110,0.451651483774185,0
0.1,27,"val",111,0.418310642242432,1
0.1,27,"val",112,0.504497051239014,1
0.1,27,"val",113,0.512419879436493,1
0.1,27,"val",114,0.54930979013443,0
0.1,27,"val",115,0.542612195014954,1
0.1,27,"val",116,0.526470124721527,0
0.1,27,"val",117,0.539746582508087,1
0.1,27,"val",118,0.565129637718201,1
0.1,27,"val",119,0.538367688655853,1
0.1,27,"val",120,0.517145693302155,0
0.1,27,"val",121,0.531111478805542,0
0.1,27,"val",122,0.521755933761597,0
0.1,27,"val",123,0.529928922653198,1
0.1,27,"val",124,0.58006739616394,1
0.1,27,"val",125,0.565678596496582,1
0.1,27,"val",126,0.606407403945923,1
0.1,27,"val",127,0.611985087394714,1
0.1,27,"val",128,0.421157121658325,1
0.1,27,"val",129,0.286977499723434,1
0.1,27,"val",130,0.518415093421936,1
0.1,27,"val",131,0.520728230476379,0
0.1,27,"val",132,0.48137766122818,0
0.1,27,"val",133,0.471887499094009,1
0.1,27,"val",134,0.490847229957581,1
0.1,27,"val",135,0.491613417863846,0
0.1,27,"val",136,0.418310642242432,0
0.1,27,"val",137,0.436590582132339,0
0.1,27,"val",138,0.512419879436493,0
0.1,27,"val",139,0.508687019348145,0
0.1,27,"val",140,0.542612195014954,0
0.1,27,"val",141,0.532593488693237,1
0.1,27,"val",142,0.539746582508087,1
0.1,27,"val",143,0.531450033187866,1
0.1,27,"val",144,0.538367688655853,0
0.1,27,"val",145,0.546648621559143,0
0.1,27,"val",146,0.531111478805542,0
0.1,27,"val",147,0.528261780738831,0
0.1,27,"val",148,0.529928922653198,0
0.1,27,"val",149,0.544703304767609,0
0.1,27,"val",150,0.565678596496582,0
0.1,27,"val",151,0.572091341018677,0
0.1,27,"val",152,0.611985087394714,1
0.1,27,"val",153,0.574448823928833,0
0.1,27,"val",154,0.286977499723434,1
0.1,27,"val",155,0.330770999193192,0
0.1,27,"val",156,0.520728230476379,0
0.1,27,"val",157,0.514868676662445,0
0.1,27,"val",158,0.471887499094009,0
0.1,27,"val",159,0.468837797641754,1
0.1,27,"val",160,0.491613417863846,1
0.1,27,"val",161,0.49358332157135,1
0.1,27,"val",162,0.436590582132339,1
0.1,27,"val",163,0.442244380712509,1
0.1,27,"val",164,0.508687019348145,0
0.1,27,"val",165,0.490961670875549,0
0.1,27,"val",166,0.532593488693237,0
0.1,27,"val",167,0.529854238033295,0
0.1,27,"val",168,0.531450033187866,1
0.1,27,"val",169,0.536703050136566,0
0.1,27,"val",170,0.546648621559143,0
0.1,27,"val",171,0.546786427497864,0
0.1,27,"val",172,0.528261780738831,1
0.1,27,"val",173,0.525892734527588,1
0.1,27,"val",174,0.544703304767609,1
0.1,27,"val",175,0.54237687587738,0
0.1,27,"val",176,0.572091341018677,0
0.1,27,"val",177,0.545644044876099,1
0.1,27,"val",178,0.574448823928833,0
0.1,27,"val",179,0.56885689496994,1
0.1,27,"val",180,0.330770999193192,0
0.1,27,"val",181,0.332615405321121,1
0.1,27,"val",182,0.514868676662445,1
0.1,27,"val",183,0.508992314338684,1
0.1,27,"val",184,0.468837797641754,0
0.1,27,"val",185,0.465489327907562,0
0.1,27,"val",186,0.49358332157135,0
0.1,27,"val",187,0.4942387342453,0
0.1,27,"val",188,0.442244380712509,0
0.1,27,"val",189,0.45311650633812,0
0.1,27,"val",190,0.490961670875549,0
0.1,27,"val",191,0.510384202003479,1
0.1,27,"val",192,0.529854238033295,0
0.1,27,"val",193,0.528737366199493,0
0.1,27,"val",194,0.536703050136566,0
0.1,27,"val",195,0.524807035923004,1
0.1,27,"val",196,0.546786427497864,1
0.1,27,"val",197,0.540914297103882,1
0.1,27,"val",198,0.525892734527588,1
0.1,27,"val",199,0.520256161689758,0
0.1,27,"val",200,0.54237687587738,0
0.1,27,"val",201,0.525999188423157,0
0.1,27,"val",202,0.545644044876099,0
0.1,27,"val",203,0.554012417793274,1
0.1,27,"val",204,0.56885689496994,1
0.1,27,"val",205,0.560191929340363,1
0.1,27,"val",206,0.332615405321121,0
0.1,27,"val",207,0.490436494350433,0
0.1,27,"val",208,0.508992314338684,0
0.1,27,"val",209,0.519447863101959,1
0.1,27,"val",210,0.465489327907562,1
0.1,27,"val",211,0.461635679006577,1
0.1,27,"val",212,0.4942387342453,1
0.1,27,"val",213,0.495524704456329,1
0.1,27,"val",214,0.45311650633812,1
0.1,27,"val",215,0.452040940523148,0
0.1,27,"val",216,0.510384202003479,0
0.1,27,"val",217,0.49723207950592,0
0.1,27,"val",218,0.528737366199493,0
0.1,27,"val",219,0.537291586399078,0
0.1,27,"val",220,0.524807035923004,0
0.1,27,"val",221,0.530821919441223,1
0.1,27,"val",222,0.540914297103882,1
0.1,27,"val",223,0.551769495010376,1
0.1,27,"val",224,0.520256161689758,0
0.1,27,"val",225,0.526323795318604,1
0.1,27,"val",226,0.525999188423157,1
0.1,27,"val",227,0.523477911949158,1
0.1,27,"val",228,0.554012417793274,0
0.1,27,"val",229,0.532299935817719,0
0.1,27,"val",230,0.560191929340363,0
0.1,27,"val",231,0.573536217212677,0
0.1,27,"val",232,0.490436494350433,0
0.1,27,"val",233,0.326607555150986,0
0.1,27,"val",234,0.519447863101959,0
0.1,27,"val",235,0.535484433174133,0
0.1,27,"val",236,0.461635679006577,0
0.1,27,"val",237,0.475573837757111,0
0.1,27,"val",238,0.495524704456329,1
0.1,27,"val",239,0.492793887853622,0
0.1,27,"val",240,0.452040940523148,0
0.1,27,"val",241,0.449934005737305,0
0.1,27,"val",242,0.49723207950592,0
0.1,27,"val",243,0.491536855697632,1
0.1,27,"val",244,0.537291586399078,1
0.1,27,"val",245,0.534214198589325,1
0.1,27,"val",246,0.530821919441223,0
0.1,27,"val",247,0.524391531944275,1
0.1,27,"val",248,0.551769495010376,1
0.1,27,"val",249,0.549921452999115,0
0.1,27,"val",250,0.526323795318604,1
0.1,27,"val",251,0.523485600948334,1
0.1,27,"val",252,0.523477911949158,1
0.1,27,"val",253,0.519913494586945,1
0.1,27,"val",254,0.532299935817719,0
0.1,27,"val",255,0.534765660762787,0
0.1,27,"val",256,0.573536217212677,0
0.1,27,"val",257,0.560918748378754,0
0.1,27,"val",258,0.326607555150986,1
0.1,27,"val",259,0.457822859287262,1
0.1,27,"val",260,0.535484433174133,1
0.1,27,"val",261,0.519358575344086,1
0.1,27,"val",262,0.475573837757111,1
0.1,27,"val",263,0.475167810916901,0
0.1,27,"val",264,0.492793887853622,0
0.1,27,"val",265,0.492151856422424,1
0.1,27,"val",266,0.449934005737305,1
0.1,27,"val",267,0.449550211429596,0
0.1,27,"val",268,0.491536855697632,0
0.1,27,"val",269,0.489366620779037,0
0.1,27,"val",270,0.534214198589325,1
0.1,27,"val",271,0.528045415878296,1
0.1,27,"val",272,0.524391531944275,1
0.1,27,"val",273,0.543874084949493,1
0.1,27,"val",274,0.549921452999115,0
0.1,27,"val",275,0.561284303665161,0
0.1,27,"val",276,0.523485600948334,0
0.1,27,"val",277,0.529131293296814,0
0.1,27,"val",278,0.519913494586945,1
0.1,27,"val",279,0.521435916423798,1
0.1,27,"val",280,0.534765660762787,1
0.1,27,"val",281,0.544679760932922,1
0.1,27,"val",282,0.560918748378754,1
0.1,27,"val",283,0.538156807422638,1
0.1,27,"val",284,0.457822859287262,0
0.1,27,"val",285,0.466687887907028,0
0.1,27,"val",286,0.519358575344086,0
0.1,27,"val",287,0.527720987796783,0
0.1,27,"val",288,0.475167810916901,0
0.1,27,"val",289,0.472736954689026,0
0.1,27,"val",290,0.492151856422424,0
0.1,27,"val",291,0.496996164321899,0
0.1,27,"val",292,0.449550211429596,0
0.1,27,"val",293,0.430956214666367,0
0.1,27,"val",294,0.489366620779037,1
0.1,27,"val",295,0.489037126302719,1
0.1,27,"val",296,0.528045415878296,0
0.1,27,"val",297,0.54491913318634,0
0.1,27,"val",298,0.543874084949493,0
0.1,27,"val",299,0.557120680809021,1
0.1,27,"val",300,0.561284303665161,1
0.1,27,"val",301,0.545114099979401,1
0.1,27,"val",302,0.529131293296814,0
0.1,27,"val",303,0.523841023445129,0
0.1,27,"val",304,0.521435916423798,0
0.1,27,"test",1,0.515060424804688,0
0.1,27,"test",2,0.544679760932922,0
0.1,27,"test",3,0.554259657859802,1
0.1,27,"test",4,0.538156807422638,1
0.1,27,"test",5,0.547482490539551,1
0.1,27,"test",6,0.466687887907028,1
0.1,27,"test",7,0.453744024038315,1
0.1,27,"test",8,0.527720987796783,1
0.1,27,"test",9,0.512364685535431,1
0.1,27,"test",10,0.472736954689026,1
0.1,27,"test",11,0.481241017580032,1
0.1,27,"test",12,0.496996164321899,1
0.1,27,"test",13,0.488197028636932,1
0.1,27,"test",14,0.430956214666367,1
0.1,27,"test",15,0.441827595233917,1
0.1,27,"test",16,0.489037126302719,1
0.1,27,"test",17,0.500102818012238,0
0.1,27,"test",18,0.54491913318634,0
0.1,27,"test",19,0.548941612243652,0
0.1,27,"test",20,0.557120680809021,1
0.1,27,"test",21,0.569378912448883,1
0.1,27,"test",22,0.545114099979401,1
0.1,27,"test",23,0.540969550609589,0
0.1,27,"test",24,0.523841023445129,0
0.1,27,"test",25,0.531708359718323,0
0.1,27,"test",26,0.515060424804688,1
0.1,27,"test",27,0.531905233860016,1
0.1,27,"test",28,0.554259657859802,1
0.1,27,"test",29,0.560258030891418,0
0.1,27,"test",30,0.547482490539551,0
0.1,27,"test",31,0.561850965023041,0
0.1,27,"test",32,0.45374408364296,0
0.1,27,"test",33,0.423263728618622,0
0.1,27,"test",34,0.512364685535431,1
0.1,27,"test",35,0.520807445049286,1
0.1,27,"test",36,0.481241017580032,1
0.1,27,"test",37,0.484833627939224,1
0.1,27,"test",38,0.488197028636932,1
0.1,27,"test",39,0.487590104341507,1
0.1,27,"test",40,0.441827595233917,1
0.1,27,"test",41,0.433965116739273,1
0.1,27,"test",42,0.500102818012238,0
0.1,27,"test",43,0.514024317264557,0
0.1,27,"test",44,0.548941612243652,1
0.1,27,"test",45,0.54598069190979,1
0.1,27,"test",46,0.569378912448883,1
0.1,27,"test",47,0.540486335754395,0
0.1,27,"test",48,0.540969550609589,0
0.1,27,"test",49,0.54289573431015,0
0.1,27,"test",50,0.531708359718323,0
0.1,27,"test",51,0.520013570785522,1
0.1,27,"test",52,0.531905233860016,1
0.1,27,"test",53,0.521344363689423,1
0.1,27,"test",54,0.560258030891418,1
0.1,27,"test",55,0.554753839969635,0
0.1,27,"test",56,0.561850965023041,0
0.1,27,"test",57,0.609653472900391,0
0.1,27,"test",58,0.423263728618622,0
0.1,27,"test",59,0.39769434928894,1
0.1,27,"test",60,0.520807445049286,1
0.1,27,"test",61,0.510298609733582,1
0.1,27,"test",62,0.484833627939224,0
0.1,27,"test",63,0.47751259803772,1
0.1,27,"test",64,0.487590104341507,1
0.1,27,"test",65,0.491308271884918,1
0.1,27,"test",66,0.433965116739273,1
0.1,27,"test",67,0.423915177583694,1
0.1,27,"test",68,0.514024317264557,0
0.1,27,"test",69,0.50905704498291,0
0.1,27,"test",70,0.54598069190979,0
0.1,27,"test",71,0.540599286556244,1
0.1,27,"test",72,0.540486335754395,1
0.1,27,"test",73,0.531355619430542,0
0.1,27,"test",74,0.54289573431015,0
0.1,27,"test",75,0.547134876251221,0
0.1,27,"test",76,0.520013570785522,0
0.1,27,"test",77,0.521728515625,0
0.1,27,"test",78,0.521344363689423,1
0.1,27,"test",79,0.524937033653259,0
0.1,27,"test",80,0.554753839969635,0
0.1,27,"test",81,0.568117499351501,1
0.1,27,"test",82,0.609653472900391,1
0.1,27,"test",83,0.569388568401337,1
0.1,27,"test",84,0.39769434928894,1
0.1,27,"test",85,0.42106506228447,0
0.1,27,"test",86,0.510298609733582,0
0.1,27,"test",87,0.509992063045502,0
0.1,27,"test",88,0.47751259803772,0
0.1,27,"test",89,0.460752755403519,0
0.1,27,"test",90,0.491308271884918,0
0.1,27,"test",91,0.491203844547272,1
0.1,27,"test",92,0.423915177583694,0
0.1,27,"test",93,0.421150326728821,0
0.1,27,"test",94,0.50905704498291,0
0.1,27,"test",95,0.507666230201721,0
0.1,27,"test",96,0.540599286556244,0
0.1,27,"test",97,0.538031578063965,1
0.1,27,"test",98,0.531355619430542,1
0.1,27,"test",99,0.540062189102173,1
0.1,27,"test",100,0.547134876251221,1
0.1,27,"test",101,0.543570280075073,1
0.1,27,"test",102,0.521728515625,0
0.1,27,"test",103,0.515478134155273,0
0.1,27,"test",104,0.524937033653259,0
0.1,27,"test",105,0.538981258869171,0
0.1,27,"test",106,0.568117499351501,0
0.1,27,"test",107,0.540933072566986,0
0.1,27,"test",108,0.569388568401337,0
0.1,27,"test",109,0.578455090522766,0
0.1,27,"test",110,0.42106506228447,1
0.1,27,"test",111,0.315595686435699,1
0.1,27,"test",112,0.509992063045502,1
0.1,27,"test",113,0.515188455581665,0
0.1,27,"test",114,0.460752755403519,1
0.1,27,"test",115,0.482903927564621,1
0.1,27,"test",116,0.491203844547272,1
0.1,27,"test",117,0.494463980197906,1
0.1,27,"test",118,0.421150326728821,1
0.1,27,"test",119,0.429324865341187,0
0.1,27,"test",120,0.507666230201721,0
0.1,27,"test",121,0.489688754081726,0
0.1,27,"test",122,0.538031578063965,1
0.1,27,"test",123,0.537419259548187,1
0.1,27,"test",124,0.540062189102173,1
0.1,27,"test",125,0.530003249645233,0
0.1,27,"test",126,0.543570280075073,0
0.1,27,"test",127,0.545203387737274,0
0.1,27,"test",128,0.515478134155273,1
0.1,27,"test",129,0.515245318412781,1
0.1,27,"test",130,0.538981258869171,1
0.1,27,"test",131,0.561240196228027,1
0.1,27,"test",132,0.540933072566986,0
0.1,27,"test",133,0.611798644065857,0
0.1,27,"test",134,0.578455090522766,0
0.1,27,"test",135,0.566563308238983,0
0.1,27,"test",136,0.315595686435699,0
0.1,27,"test",137,0.417950958013535,1
0.1,27,"test",138,0.515188455581665,1
0.1,27,"test",139,0.518280327320099,1
0.1,27,"test",140,0.482903927564621,1
0.1,27,"test",141,0.48204630613327,1
0.1,27,"test",142,0.494463980197906,1
0.1,27,"test",143,0.498679876327515,1
0.1,27,"test",144,0.429324865341187,1
0.1,27,"test",145,0.41974812746048,1
0.1,27,"test",146,0.489688754081726,1
0.1,27,"test",147,0.49045792222023,1
0.1,27,"test",148,0.537419259548187,1
0.1,27,"test",149,0.549327373504639,1
0.1,27,"test",150,0.530003249645233,1
0.1,27,"test",151,0.53518933057785,1
0.1,27,"test",152,0.545203387737274,0
0.1,27,"test",153,0.568086504936218,0
0.1,27,"test",154,0.515245318412781,1
0.1,27,"test",155,0.512109756469727,1
0.1,27,"test",156,0.561240196228027,1
0.1,27,"test",157,0.533183395862579,0
0.1,27,"test",158,0.611798644065857,0
0.1,27,"test",159,0.577679336071014,0
0.1,27,"test",160,0.566563308238983,0
0.1,27,"test",161,0.563498973846436,0
0.1,27,"test",162,0.417950958013535,0
0.1,27,"test",163,0.473946452140808,0
0.1,27,"test",164,0.518280327320099,0
0.1,27,"test",165,0.518903434276581,1
0.1,27,"test",166,0.48204630613327,1
0.1,27,"test",167,0.478895097970963,0
0.1,27,"test",168,0.498679876327515,1
0.1,27,"test",169,0.496493577957153,1
0.1,27,"test",170,0.41974812746048,1
0.1,27,"test",171,0.425661087036133,0
0.1,27,"test",172,0.49045792222023,0
0.1,27,"test",173,0.484128475189209,1
0.1,27,"test",174,0.549327373504639,1
0.1,27,"test",175,0.542985916137695,1
0.1,27,"test",176,0.53518933057785,1
0.1,27,"test",177,0.537355184555054,0
0.1,27,"test",178,0.568086504936218,0
0.1,27,"test",179,0.547214686870575,0
0.1,27,"test",180,0.512109756469727,0
0.1,27,"test",181,0.517261683940887,0
0.1,27,"test",182,0.533183395862579,0
0.1,27,"test",183,0.524534642696381,0
0.1,27,"test",184,0.57767927646637,0
0.1,27,"test",185,0.562350213527679,0
0.1,27,"test",186,0.563498973846436,1
0.1,27,"test",187,0.555798768997192,0
0.1,27,"test",188,0.473946452140808,0
0.1,27,"test",189,0.478812009096146,0
0.1,27,"test",190,0.518903434276581,0
0.1,27,"test",191,0.500108003616333,0
0.1,27,"test",192,0.478895097970963,0
0.1,27,"test",193,0.47275584936142,0
0.1,27,"test",194,0.496493577957153,0
0.1,27,"test",195,0.498978793621063,0
0.1,27,"test",196,0.425661087036133,0
0.1,27,"test",197,0.443992346525192,1
0.1,27,"test",198,0.484128475189209,1
0.1,27,"test",199,0.488789707422256,1
0.1,27,"test",200,0.542985916137695,0
0.1,27,"test",201,0.541221022605896,0
0.1,27,"test",202,0.537355184555054,1
0.1,27,"test",203,0.552611649036407,0
0.1,27,"test",204,0.547214686870575,0
0.1,27,"test",205,0.541070222854614,0
0.1,27,"test",206,0.517261683940887,1
0.1,27,"test",207,0.511812925338745,0
0.1,27,"test",208,0.524534642696381,0
0.1,27,"test",209,0.523086547851562,0
0.1,27,"test",210,0.562350213527679,0
0.1,27,"test",211,0.562959969043732,0
0.1,27,"test",212,0.555798768997192,1
0.1,27,"test",213,0.589067578315735,0
0.1,27,"test",214,0.478812009096146,1
0.1,27,"test",215,0.35136553645134,1
0.1,27,"test",216,0.500108003616333,1
0.1,27,"test",217,0.482626229524612,0
0.1,27,"test",218,0.47275584936142,0
0.1,27,"test",219,0.46962383389473,1
0.1,27,"test",220,0.498978793621063,1
0.1,27,"test",221,0.497062414884567,0
0.1,27,"test",222,0.443992346525192,1
0.1,27,"test",223,0.421105921268463,1
0.1,27,"test",224,0.488789737224579,1
0.1,27,"test",225,0.499051570892334,0
0.1,27,"test",226,0.541221022605896,0
0.1,27,"test",227,0.547701776027679,0
0.1,27,"test",228,0.552611649036407,1
0.1,27,"test",229,0.53908896446228,1
0.1,27,"test",230,0.541070222854614,0
0.1,27,"test",231,0.531505107879639,1
0.1,27,"test",232,0.511812925338745,1
0.1,27,"test",233,0.535605609416962,1
0.1,27,"test",234,0.523086547851562,1
0.1,27,"test",235,0.522013902664185,1
0.1,27,"test",236,0.562959969043732,1
0.1,27,"test",237,0.573572337627411,0
0.1,27,"test",238,0.589067578315735,0
0.1,27,"test",239,0.566670775413513,0
0.1,27,"test",240,0.35136553645134,0
0.1,27,"test",241,0.318042427301407,0
0.1,27,"test",242,0.482626229524612,0
0.1,27,"test",243,0.50149792432785,0
0.1,27,"test",244,0.46962383389473,1
0.1,27,"test",245,0.457001388072968,1
0.1,27,"test",246,0.497062414884567,1
0.1,27,"test",247,0.501202583312988,1
0.1,27,"test",248,0.421105921268463,1
0.1,27,"test",249,0.405042797327042,1
0.1,27,"test",250,0.499051570892334,1
0.1,27,"test",251,0.504479765892029,1
0.1,27,"test",252,0.547701776027679,0
0.1,27,"test",253,0.553308486938477,0
0.1,27,"test",254,0.53908896446228,0
0.1,27,"test",255,0.528796136379242,1
0.1,27,"test",256,0.531505107879639,1
0.1,27,"test",257,0.5495365858078,1
0.1,27,"test",258,0.535605609416962,1
0.1,27,"test",259,0.521959602832794,1
0.1,27,"test",260,0.522013902664185,1
0.1,27,"test",261,0.526789009571075,1
0.1,27,"test",262,0.573572337627411,0
0.1,27,"test",263,0.558335542678833,0
0.1,27,"test",264,0.566670775413513,1
0.1,27,"test",265,0.572568833827972,1
0.1,27,"test",266,0.318042427301407,1
0.1,27,"test",267,0.465671867132187,1
0.1,27,"test",268,0.50149792432785,1
0.1,27,"test",269,0.508158087730408,1
0.1,27,"test",270,0.457001388072968,1
0.1,27,"test",271,0.479158639907837,1
0.1,27,"test",272,0.501202583312988,1
0.1,27,"test",273,0.498357176780701,1
0.1,27,"test",274,0.405042797327042,1
0.1,27,"test",275,0.422262579202652,1
0.1,27,"test",276,0.504479765892029,1
0.1,27,"test",277,0.488682508468628,1
0.1,27,"test",278,0.553308486938477,0
0.1,27,"test",279,0.557587921619415,0
0.1,27,"test",280,0.528796136379242,0
0.1,27,"test",281,0.537495255470276,0
0.1,27,"test",282,0.5495365858078,0
0.1,27,"test",283,0.537435591220856,0
0.1,27,"test",284,0.521959602832794,0
0.1,27,"test",285,0.529556810855865,0
0.1,27,"test",286,0.526789009571075,0
0.1,27,"test",287,0.540921628475189,0
0.1,27,"test",288,0.558335542678833,0
0.1,27,"test",289,0.566030263900757,0
0.1,27,"test",290,0.572568833827972,0
0.1,27,"test",291,0.54424250125885,0
0.1,27,"test",292,0.465671867132187,1
0.1,27,"test",293,0.503580570220947,1
0.1,27,"test",294,0.508158087730408,1
0.1,27,"test",295,0.514896988868713,0
0.1,27,"test",296,0.479158639907837,0
0.1,27,"test",297,0.479477494955063,1
0.1,27,"test",298,0.498357176780701,0
0.1,27,"test",299,0.499299645423889,0
0.1,27,"test",300,0.422262579202652,1
0.1,27,"test",301,0.368789583444595,1
0.1,27,"test",302,0.488682508468628,1
0.1,27,"test",303,0.505556166172028,0
0.1,27,"test",304,0.557587921619415,1
0.1,27,"test",305,0.556006252765656,0
0.1,98,"val",1,0.539974689483643,0
0.1,98,"val",2,0.479665398597717,1
0.1,98,"val",3,0.476367235183716,0
0.1,98,"val",4,0.505605101585388,1
0.1,98,"val",5,0.511962473392487,1
0.1,98,"val",6,0.40916919708252,1
0.1,98,"val",7,0.43178802728653,1
0.1,98,"val",8,0.539936244487762,1
0.1,98,"val",9,0.535318315029144,1
0.1,98,"val",10,0.537775993347168,1
0.1,98,"val",11,0.524926424026489,1
0.1,98,"val",12,0.521077930927277,1
0.1,98,"val",13,0.537147581577301,1
0.1,98,"val",14,0.545016229152679,1
0.1,98,"val",15,0.571328282356262,1
0.1,98,"val",16,0.533688843250275,1
0.1,98,"val",17,0.511027038097382,1
0.1,98,"val",18,0.519659101963043,1
0.1,98,"val",19,0.531735062599182,1
0.1,98,"val",20,0.572563946247101,1
0.1,98,"val",21,0.599634528160095,1
0.1,98,"val",22,0.572257161140442,1
0.1,98,"val",23,0.547094285488129,0
0.1,98,"val",24,0.564861059188843,0
0.1,98,"val",25,0.417787492275238,1
0.1,98,"val",26,0.539974689483643,0
0.1,98,"val",27,0.545916259288788,0
0.1,98,"val",28,0.476367235183716,0
0.1,98,"val",29,0.414051920175552,1
0.1,98,"val",30,0.511962473392487,1
0.1,98,"val",31,0.505366563796997,0
0.1,98,"val",32,0.43178802728653,0
0.1,98,"val",33,0.422959983348846,0
0.1,98,"val",34,0.535318315029144,0
0.1,98,"val",35,0.530248641967773,0
0.1,98,"val",36,0.524926424026489,0
0.1,98,"val",37,0.525039434432983,1
0.1,98,"val",38,0.537147581577301,1
0.1,98,"val",39,0.539122998714447,1
0.1,98,"val",40,0.571328282356262,0
0.1,98,"val",41,0.556081175804138,0
0.1,98,"val",42,0.511027038097382,0
0.1,98,"val",43,0.515075027942657,0
0.1,98,"val",44,0.531735062599182,0
0.1,98,"val",45,0.506747305393219,0
0.1,98,"val",46,0.599634528160095,0
0.1,98,"val",47,0.589942157268524,1
0.1,98,"val",48,0.547094285488129,1
0.1,98,"val",49,0.575486540794373,1
0.1,98,"val",50,0.417787492275238,1
0.1,98,"val",51,0.509680211544037,1
0.1,98,"val",52,0.545916259288788,1
0.1,98,"val",53,0.565989971160889,1
0.1,98,"val",54,0.414051920175552,1
0.1,98,"val",55,0.452955454587936,1
0.1,98,"val",56,0.505366683006287,1
0.1,98,"val",57,0.501578450202942,1
0.1,98,"val",58,0.422959983348846,1
0.1,98,"val",59,0.445444107055664,1
0.1,98,"val",60,0.530248641967773,1
0.1,98,"val",61,0.534131467342377,0
0.1,98,"val",62,0.525039434432983,1
0.1,98,"val",63,0.540349781513214,0
0.1,98,"val",64,0.539122998714447,0
0.1,98,"val",65,0.533307313919067,1
0.1,98,"val",66,0.556081175804138,1
0.1,98,"val",67,0.56353759765625,1
0.1,98,"val",68,0.515075027942657,1
0.1,98,"val",69,0.521730422973633,1
0.1,98,"val",70,0.506747305393219,1
0.1,98,"val",71,0.524421155452728,1
0.1,98,"val",72,0.589942157268524,1
0.1,98,"val",73,0.564534842967987,1
0.1,98,"val",74,0.575486540794373,1
0.1,98,"val",75,0.654522001743317,1
0.1,98,"val",76,0.509680211544037,0
0.1,98,"val",77,0.522388577461243,1
0.1,98,"val",78,0.565989971160889,1
0.1,98,"val",79,0.544626593589783,0
0.1,98,"val",80,0.452955454587936,0
0.1,98,"val",81,0.480091571807861,0
0.1,98,"val",82,0.501578450202942,1
0.1,98,"val",83,0.504066824913025,0
0.1,98,"val",84,0.445444107055664,0
0.1,98,"val",85,0.445530593395233,0
0.1,98,"val",86,0.534131467342377,1
0.1,98,"val",87,0.521327793598175,1
0.1,98,"val",88,0.540349781513214,1
0.1,98,"val",89,0.556040942668915,0
0.1,98,"val",90,0.533307313919067,0
0.1,98,"val",91,0.524548649787903,0
0.1,98,"val",92,0.56353759765625,0
0.1,98,"val",93,0.582241594791412,0
0.1,98,"val",94,0.521730422973633,0
0.1,98,"val",95,0.511548817157745,0
0.1,98,"val",96,0.524421155452728,1
0.1,98,"val",97,0.511918008327484,1
0.1,98,"val",98,0.564534842967987,1
0.1,98,"val",99,0.581319510936737,1
0.1,98,"val",100,0.654522001743317,0
0.1,98,"val",101,0.638069987297058,0
0.1,98,"val",102,0.522388577461243,0
0.1,98,"val",103,0.381080716848373,0
0.1,98,"val",104,0.544626593589783,1
0.1,98,"val",105,0.540593385696411,1
0.1,98,"val",106,0.480091571807861,1
0.1,98,"val",107,0.47724586725235,1
0.1,98,"val",108,0.504066824913025,1
0.1,98,"val",109,0.500727593898773,0
0.1,98,"val",110,0.445530593395233,0
0.1,98,"val",111,0.417240977287292,1
0.1,98,"val",112,0.521327793598175,1
0.1,98,"val",113,0.530200242996216,1
0.1,98,"val",114,0.556040942668915,0
0.1,98,"val",115,0.536822974681854,1
0.1,98,"val",116,0.524548649787903,0
0.1,98,"val",117,0.543877065181732,1
0.1,98,"val",118,0.582241594791412,1
0.1,98,"val",119,0.545489728450775,1
0.1,98,"val",120,0.511548817157745,0
0.1,98,"val",121,0.536110401153564,0
0.1,98,"val",122,0.511918008327484,0
0.1,98,"val",123,0.517062723636627,1
0.1,98,"val",124,0.581319510936737,1
0.1,98,"val",125,0.556226551532745,1
0.1,98,"val",126,0.638069987297058,1
0.1,98,"val",127,0.640826880931854,1
0.1,98,"val",128,0.381080716848373,1
0.1,98,"val",129,0.217805102467537,1
0.1,98,"val",130,0.540593385696411,1
0.1,98,"val",131,0.544882714748383,0
0.1,98,"val",132,0.47724586725235,0
0.1,98,"val",133,0.473280936479568,1
0.1,98,"val",134,0.500727593898773,1
0.1,98,"val",135,0.507557690143585,0
0.1,98,"val",136,0.417240977287292,0
0.1,98,"val",137,0.434117048978806,0
0.1,98,"val",138,0.530200242996216,0
0.1,98,"val",139,0.522842824459076,0
0.1,98,"val",140,0.536822974681854,0
0.1,98,"val",141,0.503946185112,1
0.1,98,"val",142,0.543877065181732,1
0.1,98,"val",143,0.535648167133331,1
0.1,98,"val",144,0.545489728450775,0
0.1,98,"val",145,0.550029158592224,0
0.1,98,"val",146,0.536110401153564,0
0.1,98,"val",147,0.533127963542938,0
0.1,98,"val",148,0.517062723636627,0
0.1,98,"val",149,0.583427727222443,0
0.1,98,"val",150,0.556226551532745,0
0.1,98,"val",151,0.557099103927612,0
0.1,98,"val",152,0.640826880931854,1
0.1,98,"val",153,0.606731176376343,0
0.1,98,"val",154,0.217805102467537,1
0.1,98,"val",155,0.263862431049347,0
0.1,98,"val",156,0.544882714748383,0
0.1,98,"val",157,0.538635611534119,0
0.1,98,"val",158,0.473280936479568,0
0.1,98,"val",159,0.481981486082077,1
0.1,98,"val",160,0.507557690143585,1
0.1,98,"val",161,0.502616405487061,1
0.1,98,"val",162,0.434117048978806,1
0.1,98,"val",163,0.435531795024872,1
0.1,98,"val",164,0.522842824459076,0
0.1,98,"val",165,0.516069352626801,0
0.1,98,"val",166,0.503946185112,0
0.1,98,"val",167,0.518538355827332,0
0.1,98,"val",168,0.535648167133331,1
0.1,98,"val",169,0.539541721343994,0
0.1,98,"val",170,0.550029158592224,0
0.1,98,"val",171,0.550018608570099,0
0.1,98,"val",172,0.533127963542938,1
0.1,98,"val",173,0.530848741531372,1
0.1,98,"val",174,0.583427727222443,1
0.1,98,"val",175,0.536149859428406,0
0.1,98,"val",176,0.557099103927612,0
0.1,98,"val",177,0.526477575302124,1
0.1,98,"val",178,0.606731176376343,0
0.1,98,"val",179,0.594819307327271,1
0.1,98,"val",180,0.263862431049347,0
0.1,98,"val",181,0.265380054712296,1
0.1,98,"val",182,0.538635611534119,1
0.1,98,"val",183,0.528308689594269,1
0.1,98,"val",184,0.481981486082077,0
0.1,98,"val",185,0.478753119707108,0
0.1,98,"val",186,0.502616405487061,0
0.1,98,"val",187,0.497565776109695,0
0.1,98,"val",188,0.435531795024872,0
0.1,98,"val",189,0.448768883943558,0
0.1,98,"val",190,0.516069352626801,0
0.1,98,"val",191,0.531709015369415,1
0.1,98,"val",192,0.518538355827332,0
0.1,98,"val",193,0.512312829494476,0
0.1,98,"val",194,0.539541721343994,0
0.1,98,"val",195,0.526731610298157,1
0.1,98,"val",196,0.550018608570099,1
0.1,98,"val",197,0.552284479141235,1
0.1,98,"val",198,0.530848741531372,1
0.1,98,"val",199,0.518137097358704,0
0.1,98,"val",200,0.536149859428406,0
0.1,98,"val",201,0.517823934555054,0
0.1,98,"val",202,0.526477575302124,0
0.1,98,"val",203,0.53923225402832,1
0.1,98,"val",204,0.594819307327271,1
0.1,98,"val",205,0.578571736812592,1
0.1,98,"val",206,0.265380054712296,0
0.1,98,"val",207,0.483553677797318,0
0.1,98,"val",208,0.528308689594269,0
0.1,98,"val",209,0.544851303100586,1
0.1,98,"val",210,0.478753119707108,1
0.1,98,"val",211,0.472457647323608,1
0.1,98,"val",212,0.497565776109695,1
0.1,98,"val",213,0.500685691833496,1
0.1,98,"val",214,0.448768883943558,1
0.1,98,"val",215,0.446186989545822,0
0.1,98,"val",216,0.531709015369415,0
0.1,98,"val",217,0.521202504634857,0
0.1,98,"val",218,0.512312829494476,0
0.1,98,"val",219,0.523729026317596,0
0.1,98,"val",220,0.526731610298157,0
0.1,98,"val",221,0.531647741794586,1
0.1,98,"val",222,0.552284479141235,1
0.1,98,"val",223,0.565241038799286,1
0.1,98,"val",224,0.518137097358704,0
0.1,98,"val",225,0.55088996887207,1
0.1,98,"val",226,0.517823934555054,1
0.1,98,"val",227,0.513775765895844,1
0.1,98,"val",228,0.53923225402832,0
0.1,98,"val",229,0.529528439044952,0
0.1,98,"val",230,0.578571736812592,0
0.1,98,"val",231,0.586431562900543,0
0.1,98,"val",232,0.483553677797318,0
0.1,98,"val",233,0.26792648434639,0
0.1,98,"val",234,0.544851303100586,0
0.1,98,"val",235,0.565609216690063,0
0.1,98,"val",236,0.472457647323608,0
0.1,98,"val",237,0.472821593284607,0
0.1,98,"val",238,0.500685691833496,1
0.1,98,"val",239,0.50049239397049,0
0.1,98,"val",240,0.446186989545822,0
0.1,98,"val",241,0.445510298013687,0
0.1,98,"val",242,0.521202504634857,0
0.1,98,"val",243,0.516322255134583,1
0.1,98,"val",244,0.523729026317596,1
0.1,98,"val",245,0.512551605701447,1
0.1,98,"val",246,0.531647741794586,0
0.1,98,"val",247,0.524698436260223,1
0.1,98,"val",248,0.565241038799286,1
0.1,98,"val",249,0.564675331115723,0
0.1,98,"val",250,0.55088996887207,1
0.1,98,"val",251,0.539418935775757,1
0.1,98,"val",252,0.513775765895844,1
0.1,98,"val",253,0.525651037693024,1
0.1,98,"val",254,0.529528439044952,0
0.1,98,"val",255,0.524912059307098,0
0.1,98,"val",256,0.586431562900543,0
0.1,98,"val",257,0.571231722831726,0
0.1,98,"val",258,0.26792648434639,1
0.1,98,"val",259,0.42515105009079,1
0.1,98,"val",260,0.565609216690063,1
0.1,98,"val",261,0.543070495128632,1
0.1,98,"val",262,0.472821593284607,1
0.1,98,"val",263,0.469135344028473,0
0.1,98,"val",264,0.50049239397049,0
0.1,98,"val",265,0.500214457511902,1
0.1,98,"val",266,0.445510298013687,1
0.1,98,"val",267,0.445311784744263,0
0.1,98,"val",268,0.516322255134583,0
0.1,98,"val",269,0.513985693454742,0
0.1,98,"val",270,0.512551605701447,1
0.1,98,"val",271,0.496804893016815,1
0.1,98,"val",272,0.524698436260223,1
0.1,98,"val",273,0.54565042257309,1
0.1,98,"val",274,0.564675331115723,0
0.1,98,"val",275,0.580578923225403,0
0.1,98,"val",276,0.539418935775757,0
0.1,98,"val",277,0.54753714799881,0
0.1,98,"val",278,0.525651037693024,1
0.1,98,"val",279,0.529034614562988,1
0.1,98,"val",280,0.524911999702454,1
0.1,98,"val",281,0.541437149047852,1
0.1,98,"val",282,0.571231722831726,1
0.1,98,"val",283,0.549392282962799,1
0.1,98,"val",284,0.42515105009079,0
0.1,98,"val",285,0.456543236970901,0
0.1,98,"val",286,0.543070495128632,0
0.1,98,"val",287,0.555864930152893,0
0.1,98,"val",288,0.469135344028473,0
0.1,98,"val",289,0.464196294546127,0
0.1,98,"val",290,0.500214457511902,0
0.1,98,"val",291,0.499477982521057,0
0.1,98,"val",292,0.445311784744263,0
0.1,98,"val",293,0.426926910877228,0
0.1,98,"val",294,0.513985693454742,1
0.1,98,"val",295,0.512807965278625,1
0.1,98,"val",296,0.496804893016815,0
0.1,98,"val",297,0.545640766620636,0
0.1,98,"val",298,0.54565042257309,0
0.1,98,"val",299,0.562051355838776,1
0.1,98,"val",300,0.580578923225403,1
0.1,98,"val",301,0.559440672397614,1
0.1,98,"val",302,0.54753714799881,0
0.1,98,"val",303,0.523999452590942,0
0.1,98,"val",304,0.529034614562988,0
0.1,98,"test",1,0.494473695755005,0
0.1,98,"test",2,0.541437149047852,0
0.1,98,"test",3,0.55195277929306,1
0.1,98,"test",4,0.549392282962799,1
0.1,98,"test",5,0.552772462368011,1
0.1,98,"test",6,0.456543236970901,1
0.1,98,"test",7,0.427814036607742,1
0.1,98,"test",8,0.555864930152893,1
0.1,98,"test",9,0.534519493579865,1
0.1,98,"test",10,0.464196294546127,1
0.1,98,"test",11,0.469157874584198,1
0.1,98,"test",12,0.499477982521057,1
0.1,98,"test",13,0.502254962921143,1
0.1,98,"test",14,0.426926910877228,1
0.1,98,"test",15,0.435133427381516,1
0.1,98,"test",16,0.512807965278625,1
0.1,98,"test",17,0.522262036800385,0
0.1,98,"test",18,0.545640766620636,0
0.1,98,"test",19,0.551968932151794,0
0.1,98,"test",20,0.562051355838776,1
0.1,98,"test",21,0.579645097255707,1
0.1,98,"test",22,0.559440672397614,1
0.1,98,"test",23,0.555826306343079,0
0.1,98,"test",24,0.523999452590942,0
0.1,98,"test",25,0.552283108234406,0
0.1,98,"test",26,0.494473695755005,1
0.1,98,"test",27,0.51584255695343,1
0.1,98,"test",28,0.55195277929306,1
0.1,98,"test",29,0.550791203975677,0
0.1,98,"test",30,0.552772462368011,0
0.1,98,"test",31,0.569712996482849,0
0.1,98,"test",32,0.427814066410065,0
0.1,98,"test",33,0.37320750951767,0
0.1,98,"test",34,0.534519493579865,1
0.1,98,"test",35,0.541288912296295,1
0.1,98,"test",36,0.469157874584198,1
0.1,98,"test",37,0.474561840295792,1
0.1,98,"test",38,0.502254962921143,1
0.1,98,"test",39,0.499504119157791,1
0.1,98,"test",40,0.435133427381516,1
0.1,98,"test",41,0.429694712162018,1
0.1,98,"test",42,0.522262036800385,0
0.1,98,"test",43,0.528418064117432,0
0.1,98,"test",44,0.551968932151794,1
0.1,98,"test",45,0.546687841415405,1
0.1,98,"test",46,0.579645097255707,1
0.1,98,"test",47,0.544501006603241,0
0.1,98,"test",48,0.555826306343079,0
0.1,98,"test",49,0.551543354988098,0
0.1,98,"test",50,0.552283108234406,0
0.1,98,"test",51,0.52060878276825,1
0.1,98,"test",52,0.51584255695343,1
0.1,98,"test",53,0.520678102970123,1
0.1,98,"test",54,0.550791203975677,1
0.1,98,"test",55,0.535842478275299,0
0.1,98,"test",56,0.569712996482849,0
0.1,98,"test",57,0.629585862159729,0
0.1,98,"test",58,0.37320750951767,0
0.1,98,"test",59,0.340067535638809,1
0.1,98,"test",60,0.541288912296295,1
0.1,98,"test",61,0.530878663063049,1
0.1,98,"test",62,0.474561840295792,0
0.1,98,"test",63,0.467977195978165,1
0.1,98,"test",64,0.499504119157791,1
0.1,98,"test",65,0.498352885246277,1
0.1,98,"test",66,0.429694712162018,1
0.1,98,"test",67,0.420785576105118,1
0.1,98,"test",68,0.528418064117432,0
0.1,98,"test",69,0.52293062210083,0
0.1,98,"test",70,0.546687841415405,0
0.1,98,"test",71,0.514991521835327,1
0.1,98,"test",72,0.544501006603241,1
0.1,98,"test",73,0.531615316867828,0
0.1,98,"test",74,0.551543354988098,0
0.1,98,"test",75,0.559577226638794,0
0.1,98,"test",76,0.52060878276825,0
0.1,98,"test",77,0.529847741127014,0
0.1,98,"test",78,0.520678102970123,1
0.1,98,"test",79,0.557337403297424,0
0.1,98,"test",80,0.535842478275299,0
0.1,98,"test",81,0.54916924238205,1
0.1,98,"test",82,0.629585862159729,1
0.1,98,"test",83,0.578920304775238,1
0.1,98,"test",84,0.340067535638809,1
0.1,98,"test",85,0.370178699493408,0
0.1,98,"test",86,0.530878663063049,0
0.1,98,"test",87,0.531333982944489,0
0.1,98,"test",88,0.467977195978165,0
0.1,98,"test",89,0.469273924827576,0
0.1,98,"test",90,0.498352885246277,0
0.1,98,"test",91,0.503134369850159,1
0.1,98,"test",92,0.420785576105118,0
0.1,98,"test",93,0.418604522943497,0
0.1,98,"test",94,0.52293062210083,0
0.1,98,"test",95,0.524664700031281,0
0.1,98,"test",96,0.514991521835327,0
0.1,98,"test",97,0.523475587368011,1
0.1,98,"test",98,0.531615316867828,1
0.1,98,"test",99,0.543369114398956,1
0.1,98,"test",100,0.559577226638794,1
0.1,98,"test",101,0.554667115211487,1
0.1,98,"test",102,0.529847741127014,0
0.1,98,"test",103,0.519326031208038,0
0.1,98,"test",104,0.557337403297424,0
0.1,98,"test",105,0.594235777854919,0
0.1,98,"test",106,0.54916924238205,0
0.1,98,"test",107,0.523532927036285,0
0.1,98,"test",108,0.578920304775238,0
0.1,98,"test",109,0.589701116085052,0
0.1,98,"test",110,0.370178699493408,1
0.1,98,"test",111,0.246139645576477,1
0.1,98,"test",112,0.531333982944489,1
0.1,98,"test",113,0.538530707359314,0
0.1,98,"test",114,0.469273924827576,1
0.1,98,"test",115,0.489573687314987,1
0.1,98,"test",116,0.503134369850159,1
0.1,98,"test",117,0.500768005847931,1
0.1,98,"test",118,0.418604522943497,1
0.1,98,"test",119,0.426999181509018,0
0.1,98,"test",120,0.524664700031281,0
0.1,98,"test",121,0.515012979507446,0
0.1,98,"test",122,0.523475587368011,1
0.1,98,"test",123,0.521331787109375,1
0.1,98,"test",124,0.543369114398956,1
0.1,98,"test",125,0.531177639961243,0
0.1,98,"test",126,0.554667115211487,0
0.1,98,"test",127,0.551875352859497,0
0.1,98,"test",128,0.519326031208038,1
0.1,98,"test",129,0.513830363750458,1
0.1,98,"test",130,0.594235777854919,1
0.1,98,"test",131,0.611731231212616,1
0.1,98,"test",132,0.523532927036285,0
0.1,98,"test",133,0.617403447628021,0
0.1,98,"test",134,0.589701116085052,0
0.1,98,"test",135,0.577934920787811,0
0.1,98,"test",136,0.246139645576477,0
0.1,98,"test",137,0.369565427303314,1
0.1,98,"test",138,0.538530707359314,1
0.1,98,"test",139,0.543697357177734,1
0.1,98,"test",140,0.489573687314987,1
0.1,98,"test",141,0.493139058351517,1
0.1,98,"test",142,0.500768005847931,1
0.1,98,"test",143,0.506958842277527,1
0.1,98,"test",144,0.426999181509018,1
0.1,98,"test",145,0.419513553380966,1
0.1,98,"test",146,0.515012979507446,1
0.1,98,"test",147,0.515577375888824,1
0.1,98,"test",148,0.521331787109375,1
0.1,98,"test",149,0.557962357997894,1
0.1,98,"test",150,0.531177639961243,1
0.1,98,"test",151,0.53564590215683,1
0.1,98,"test",152,0.551875352859497,0
0.1,98,"test",153,0.574351847171783,0
0.1,98,"test",154,0.513830363750458,1
0.1,98,"test",155,0.505726933479309,1
0.1,98,"test",156,0.611731231212616,1
0.1,98,"test",157,0.57549387216568,0
0.1,98,"test",158,0.617403447628021,0
0.1,98,"test",159,0.563521564006805,0
0.1,98,"test",160,0.577934920787811,0
0.1,98,"test",161,0.574853360652924,0
0.1,98,"test",162,0.369565427303314,0
0.1,98,"test",163,0.450522750616074,0
0.1,98,"test",164,0.543697357177734,0
0.1,98,"test",165,0.541640520095825,1
0.1,98,"test",166,0.493139058351517,1
0.1,98,"test",167,0.476392567157745,0
0.1,98,"test",168,0.506958842277527,1
0.1,98,"test",169,0.506834149360657,1
0.1,98,"test",170,0.419513553380966,1
0.1,98,"test",171,0.424716114997864,0
0.1,98,"test",172,0.515577375888824,0
0.1,98,"test",173,0.510568380355835,1
0.1,98,"test",174,0.557962357997894,1
0.1,98,"test",175,0.538183271884918,1
0.1,98,"test",176,0.53564590215683,1
0.1,98,"test",177,0.536180734634399,0
0.1,98,"test",178,0.574351847171783,0
0.1,98,"test",179,0.551371812820435,0
0.1,98,"test",180,0.505726933479309,0
0.1,98,"test",181,0.539074063301086,0
0.1,98,"test",182,0.57549387216568,0
0.1,98,"test",183,0.567455589771271,0
0.1,98,"test",184,0.563521564006805,0
0.1,98,"test",185,0.539154469966888,0
0.1,98,"test",186,0.574853360652924,1
0.1,98,"test",187,0.567521452903748,0
0.1,98,"test",188,0.450522750616074,0
0.1,98,"test",189,0.454613924026489,0
0.1,98,"test",190,0.541640520095825,0
0.1,98,"test",191,0.499425441026688,0
0.1,98,"test",192,0.476392567157745,0
0.1,98,"test",193,0.497191488742828,0
0.1,98,"test",194,0.506834149360657,0
0.1,98,"test",195,0.504106521606445,0
0.1,98,"test",196,0.424716114997864,0
0.1,98,"test",197,0.438559353351593,1
0.1,98,"test",198,0.510568380355835,1
0.1,98,"test",199,0.514321029186249,1
0.1,98,"test",200,0.538183271884918,0
0.1,98,"test",201,0.535517334938049,0
0.1,98,"test",202,0.536180734634399,1
0.1,98,"test",203,0.56501978635788,0
0.1,98,"test",204,0.551371812820435,0
0.1,98,"test",205,0.55140620470047,0
0.1,98,"test",206,0.539074063301086,1
0.1,98,"test",207,0.525199890136719,0
0.1,98,"test",208,0.567455589771271,0
0.1,98,"test",209,0.530043065547943,0
0.1,98,"test",210,0.539154469966888,0
0.1,98,"test",211,0.54002720117569,0
0.1,98,"test",212,0.567521452903748,1
0.1,98,"test",213,0.602321684360504,0
0.1,98,"test",214,0.454613924026489,1
0.1,98,"test",215,0.279064208269119,1
0.1,98,"test",216,0.499425441026688,1
0.1,98,"test",217,0.476061642169952,0
0.1,98,"test",218,0.497191488742828,0
0.1,98,"test",219,0.496304214000702,1
0.1,98,"test",220,0.504106521606445,1
0.1,98,"test",221,0.50674831867218,0
0.1,98,"test",222,0.438559353351593,1
0.1,98,"test",223,0.420229434967041,1
0.1,98,"test",224,0.514321029186249,1
0.1,98,"test",225,0.521062552928925,0
0.1,98,"test",226,0.535517334938049,0
0.1,98,"test",227,0.535865426063538,0
0.1,98,"test",228,0.56501978635788,1
0.1,98,"test",229,0.538559257984161,1
0.1,98,"test",230,0.55140620470047,0
0.1,98,"test",231,0.53811103105545,1
0.1,98,"test",232,0.525199890136719,1
0.1,98,"test",233,0.549606740474701,1
0.1,98,"test",234,0.530043065547943,1
0.1,98,"test",235,0.53416246175766,1
0.1,98,"test",236,0.54002720117569,1
0.1,98,"test",237,0.551543891429901,0
0.1,98,"test",238,0.602321684360504,0
0.1,98,"test",239,0.578198194503784,0
0.1,98,"test",240,0.279064208269119,0
0.1,98,"test",241,0.234060451388359,0
0.1,98,"test",242,0.476061642169952,0
0.1,98,"test",243,0.520228028297424,0
0.1,98,"test",244,0.496304214000702,1
0.1,98,"test",245,0.476966977119446,1
0.1,98,"test",246,0.50674831867218,1
0.1,98,"test",247,0.50715172290802,1
0.1,98,"test",248,0.420229434967041,1
0.1,98,"test",249,0.406113058328629,1
0.1,98,"test",250,0.521062552928925,1
0.1,98,"test",251,0.527002811431885,1
0.1,98,"test",252,0.535865426063538,0
0.1,98,"test",253,0.559442818164825,0
0.1,98,"test",254,0.538559257984161,0
0.1,98,"test",255,0.526857256889343,1
0.1,98,"test",256,0.53811103105545,1
0.1,98,"test",257,0.559720814228058,1
0.1,98,"test",258,0.549606740474701,1
0.1,98,"test",259,0.532968699932098,1
0.1,98,"test",260,0.53416246175766,1
0.1,98,"test",261,0.518412470817566,1
0.1,98,"test",262,0.551543891429901,0
0.1,98,"test",263,0.528251945972443,0
0.1,98,"test",264,0.578198194503784,1
0.1,98,"test",265,0.582641184329987,1
0.1,98,"test",266,0.234060451388359,1
0.1,98,"test",267,0.424558728933334,1
0.1,98,"test",268,0.520228028297424,1
0.1,98,"test",269,0.529615342617035,1
0.1,98,"test",270,0.476966977119446,1
0.1,98,"test",271,0.488405972719193,1
0.1,98,"test",272,0.50715172290802,1
0.1,98,"test",273,0.503085732460022,1
0.1,98,"test",274,0.406113058328629,1
0.1,98,"test",275,0.420934945344925,1
0.1,98,"test",276,0.527002811431885,1
0.1,98,"test",277,0.511205077171326,1
0.1,98,"test",278,0.559442818164825,0
0.1,98,"test",279,0.592105567455292,0
0.1,98,"test",280,0.526857256889343,0
0.1,98,"test",281,0.541672468185425,0
0.1,98,"test",282,0.559720814228058,0
0.1,98,"test",283,0.547728478908539,0
0.1,98,"test",284,0.532968699932098,0
0.1,98,"test",285,0.531318962574005,0
0.1,98,"test",286,0.518412470817566,0
0.1,98,"test",287,0.593778550624847,0
0.1,98,"test",288,0.528251945972443,0
0.1,98,"test",289,0.544730842113495,0
0.1,98,"test",290,0.582641184329987,0
0.1,98,"test",291,0.551636755466461,0
0.1,98,"test",292,0.424558728933334,1
0.1,98,"test",293,0.497690498828888,1
0.1,98,"test",294,0.529615342617035,1
0.1,98,"test",295,0.533410370349884,0
0.1,98,"test",296,0.488405972719193,0
0.1,98,"test",297,0.482045710086823,1
0.1,98,"test",298,0.503085732460022,0
0.1,98,"test",299,0.505408823490143,0
0.1,98,"test",300,0.420934945344925,1
0.1,98,"test",301,0.375159323215485,1
0.1,98,"test",302,0.511205077171326,1
0.1,98,"test",303,0.52882981300354,0
0.1,98,"test",304,0.592105567455292,1
0.1,98,"test",305,0.574712514877319,0
0.1,41,"val",1,0.522167861461639,0
0.1,41,"val",2,0.486050754785538,1
0.1,41,"val",3,0.485226780176163,0
0.1,41,"val",4,0.514134228229523,1
0.1,41,"val",5,0.523566365242004,1
0.1,41,"val",6,0.40257403254509,1
0.1,41,"val",7,0.422018021345139,1
0.1,41,"val",8,0.531926453113556,1
0.1,41,"val",9,0.523951768875122,1
0.1,41,"val",10,0.53773820400238,1
0.1,41,"val",11,0.511046528816223,1
0.1,41,"val",12,0.501696586608887,1
0.1,41,"val",13,0.524153470993042,1
0.1,41,"val",14,0.520426869392395,1
0.1,41,"val",15,0.549974679946899,1
0.1,41,"val",16,0.530990064144135,1
0.1,41,"val",17,0.489843994379044,1
0.1,41,"val",18,0.50586074590683,1
0.1,41,"val",19,0.532688677310944,1
0.1,41,"val",20,0.592485785484314,1
0.1,41,"val",21,0.638698637485504,1
0.1,41,"val",22,0.558535695075989,1
0.1,41,"val",23,0.511491417884827,0
0.1,41,"val",24,0.557825267314911,0
0.1,41,"val",25,0.354543060064316,1
0.1,41,"val",26,0.522167861461639,0
0.1,41,"val",27,0.5361647605896,0
0.1,41,"val",28,0.485226780176163,0
0.1,41,"val",29,0.408925145864487,1
0.1,41,"val",30,0.523566365242004,1
0.1,41,"val",31,0.513058066368103,0
0.1,41,"val",32,0.422018021345139,0
0.1,41,"val",33,0.410350501537323,0
0.1,41,"val",34,0.523951768875122,0
0.1,41,"val",35,0.517807006835938,0
0.1,41,"val",36,0.511046528816223,0
0.1,41,"val",37,0.511665403842926,1
0.1,41,"val",38,0.524153470993042,1
0.1,41,"val",39,0.525142669677734,1
0.1,41,"val",40,0.549974679946899,0
0.1,41,"val",41,0.53580629825592,0
0.1,41,"val",42,0.489843994379044,0
0.1,41,"val",43,0.497770994901657,0
0.1,41,"val",44,0.532688677310944,0
0.1,41,"val",45,0.487339049577713,0
0.1,41,"val",46,0.638698637485504,0
0.1,41,"val",47,0.618674635887146,1
0.1,41,"val",48,0.511491417884827,1
0.1,41,"val",49,0.559376776218414,1
0.1,41,"val",50,0.354543060064316,1
0.1,41,"val",51,0.49758842587471,1
0.1,41,"val",52,0.5361647605896,1
0.1,41,"val",53,0.586491525173187,1
0.1,41,"val",54,0.408925145864487,1
0.1,41,"val",55,0.458886235952377,1
0.1,41,"val",56,0.513058066368103,1
0.1,41,"val",57,0.50600391626358,1
0.1,41,"val",58,0.410350501537323,1
0.1,41,"val",59,0.430276095867157,1
0.1,41,"val",60,0.517807006835938,1
0.1,41,"val",61,0.528212249279022,0
0.1,41,"val",62,0.511665403842926,1
0.1,41,"val",63,0.541375339031219,0
0.1,41,"val",64,0.525142669677734,0
0.1,41,"val",65,0.516619563102722,1
0.1,41,"val",66,0.53580629825592,1
0.1,41,"val",67,0.541679561138153,1
0.1,41,"val",68,0.497770994901657,1
0.1,41,"val",69,0.506478190422058,1
0.1,41,"val",70,0.487339049577713,1
0.1,41,"val",71,0.518597006797791,1
0.1,41,"val",72,0.618674635887146,1
0.1,41,"val",73,0.580397665500641,1
0.1,41,"val",74,0.559376776218414,1
0.1,41,"val",75,0.650142788887024,1
0.1,41,"val",76,0.49758842587471,0
0.1,41,"val",77,0.524596035480499,1
0.1,41,"val",78,0.586491525173187,1
0.1,41,"val",79,0.533091187477112,0
0.1,41,"val",80,0.458886235952377,0
0.1,41,"val",81,0.485889196395874,0
0.1,41,"val",82,0.50600391626358,1
0.1,41,"val",83,0.509491860866547,0
0.1,41,"val",84,0.430276095867157,0
0.1,41,"val",85,0.432819962501526,0
0.1,41,"val",86,0.528212249279022,1
0.1,41,"val",87,0.503838181495667,1
0.1,41,"val",88,0.541375339031219,1
0.1,41,"val",89,0.569158434867859,0
0.1,41,"val",90,0.516619563102722,0
0.1,41,"val",91,0.504794359207153,0
0.1,41,"val",92,0.541679561138153,0
0.1,41,"val",93,0.580050230026245,0
0.1,41,"val",94,0.506478190422058,0
0.1,41,"val",95,0.486718833446503,0
0.1,41,"val",96,0.518597006797791,1
0.1,41,"val",97,0.496668964624405,1
0.1,41,"val",98,0.580397665500641,1
0.1,41,"val",99,0.607866942882538,1
0.1,41,"val",100,0.650142788887024,0
0.1,41,"val",101,0.634304046630859,0
0.1,41,"val",102,0.524596035480499,0
0.1,41,"val",103,0.303347051143646,0
0.1,41,"val",104,0.533091187477112,1
0.1,41,"val",105,0.53489887714386,1
0.1,41,"val",106,0.485889196395874,1
0.1,41,"val",107,0.483395367860794,1
0.1,41,"val",108,0.509491860866547,1
0.1,41,"val",109,0.504512071609497,0
0.1,41,"val",110,0.432819962501526,0
0.1,41,"val",111,0.41302165389061,1
0.1,41,"val",112,0.503838181495667,1
0.1,41,"val",113,0.518639326095581,1
0.1,41,"val",114,0.569158434867859,0
0.1,41,"val",115,0.534728109836578,1
0.1,41,"val",116,0.504794359207153,0
0.1,41,"val",117,0.531508266925812,1
0.1,41,"val",118,0.580050230026245,1
0.1,41,"val",119,0.520443081855774,1
0.1,41,"val",120,0.486718833446503,0
0.1,41,"val",121,0.527659237384796,0
0.1,41,"val",122,0.496668964624405,0
0.1,41,"val",123,0.510060250759125,1
0.1,41,"val",124,0.607866942882538,1
0.1,41,"val",125,0.565452694892883,1
0.1,41,"val",126,0.634304046630859,1
0.1,41,"val",127,0.643603920936584,1
0.1,41,"val",128,0.303347051143646,1
0.1,41,"val",129,0.120478600263596,1
0.1,41,"val",130,0.53489887714386,1
0.1,41,"val",131,0.54270988702774,0
0.1,41,"val",132,0.483395367860794,0
0.1,41,"val",133,0.48115074634552,1
0.1,41,"val",134,0.504512071609497,1
0.1,41,"val",135,0.51574581861496,0
0.1,41,"val",136,0.41302165389061,0
0.1,41,"val",137,0.420776039361954,0
0.1,41,"val",138,0.518639326095581,0
0.1,41,"val",139,0.508241057395935,0
0.1,41,"val",140,0.534728109836578,0
0.1,41,"val",141,0.46823662519455,1
0.1,41,"val",142,0.531508266925812,1
0.1,41,"val",143,0.5219447016716,1
0.1,41,"val",144,0.520443081855774,0
0.1,41,"val",145,0.520844876766205,0
0.1,41,"val",146,0.527659237384796,0
0.1,41,"val",147,0.520988821983337,0
0.1,41,"val",148,0.510060250759125,0
0.1,41,"val",149,0.626418113708496,0
0.1,41,"val",150,0.565452694892883,0
0.1,41,"val",151,0.56364643573761,0
0.1,41,"val",152,0.643603920936584,1
0.1,41,"val",153,0.575322031974792,0
0.1,41,"val",154,0.120478600263596,1
0.1,41,"val",155,0.165169551968575,0
0.1,41,"val",156,0.54270988702774,0
0.1,41,"val",157,0.521208941936493,0
0.1,41,"val",158,0.48115074634552,0
0.1,41,"val",159,0.490845263004303,1
0.1,41,"val",160,0.51574581861496,1
0.1,41,"val",161,0.506518840789795,1
0.1,41,"val",162,0.420776039361954,1
0.1,41,"val",163,0.433858245611191,1
0.1,41,"val",164,0.508241057395935,0
0.1,41,"val",165,0.488235116004944,0
0.1,41,"val",166,0.46823662519455,0
0.1,41,"val",167,0.497463196516037,0
0.1,41,"val",168,0.5219447016716,1
0.1,41,"val",169,0.525668501853943,0
0.1,41,"val",170,0.520844876766205,0
0.1,41,"val",171,0.520646274089813,0
0.1,41,"val",172,0.520988821983337,1
0.1,41,"val",173,0.515979766845703,1
0.1,41,"val",174,0.626418113708496,1
0.1,41,"val",175,0.545816242694855,0
0.1,41,"val",176,0.56364643573761,0
0.1,41,"val",177,0.515316963195801,1
0.1,41,"val",178,0.575322031974792,0
0.1,41,"val",179,0.571597635746002,1
0.1,41,"val",180,0.165169551968575,0
0.1,41,"val",181,0.167288795113564,1
0.1,41,"val",182,0.521208941936493,1
0.1,41,"val",183,0.500902891159058,1
0.1,41,"val",184,0.490845263004303,0
0.1,41,"val",185,0.488730639219284,0
0.1,41,"val",186,0.506518840789795,0
0.1,41,"val",187,0.494021773338318,0
0.1,41,"val",188,0.433858245611191,0
0.1,41,"val",189,0.432205647230148,0
0.1,41,"val",190,0.488235116004944,0
0.1,41,"val",191,0.518017590045929,1
0.1,41,"val",192,0.497463196516037,0
0.1,41,"val",193,0.48339906334877,0
0.1,41,"val",194,0.525668501853943,0
0.1,41,"val",195,0.510157883167267,1
0.1,41,"val",196,0.520646274089813,1
0.1,41,"val",197,0.533713102340698,1
0.1,41,"val",198,0.515979766845703,1
0.1,41,"val",199,0.496293425559998,0
0.1,41,"val",200,0.545816242694855,0
0.1,41,"val",201,0.508168339729309,0
0.1,41,"val",202,0.515316963195801,0
0.1,41,"val",203,0.536927998065948,1
0.1,41,"val",204,0.571597635746002,1
0.1,41,"val",205,0.562585175037384,1
0.1,41,"val",206,0.167288795113564,0
0.1,41,"val",207,0.45556977391243,0
0.1,41,"val",208,0.500902891159058,0
0.1,41,"val",209,0.533597886562347,1
0.1,41,"val",210,0.488730639219284,1
0.1,41,"val",211,0.483282059431076,1
0.1,41,"val",212,0.494021773338318,1
0.1,41,"val",213,0.500246345996857,1
0.1,41,"val",214,0.432205647230148,1
0.1,41,"val",215,0.432680070400238,0
0.1,41,"val",216,0.518017590045929,0
0.1,41,"val",217,0.49820151925087,0
0.1,41,"val",218,0.48339906334877,0
0.1,41,"val",219,0.508631408214569,0
0.1,41,"val",220,0.510157883167267,0
0.1,41,"val",221,0.515255331993103,1
0.1,41,"val",222,0.533713102340698,1
0.1,41,"val",223,0.552292346954346,1
0.1,41,"val",224,0.496293425559998,0
0.1,41,"val",225,0.54370778799057,1
0.1,41,"val",226,0.508168339729309,1
0.1,41,"val",227,0.500575423240662,1
0.1,41,"val",228,0.536927998065948,0
0.1,41,"val",229,0.520839869976044,0
0.1,41,"val",230,0.562585175037384,0
0.1,41,"val",231,0.581143498420715,0
0.1,41,"val",232,0.45556977391243,0
0.1,41,"val",233,0.160949185490608,0
0.1,41,"val",234,0.533597886562347,0
0.1,41,"val",235,0.591491997241974,0
0.1,41,"val",236,0.483282059431076,0
0.1,41,"val",237,0.479977875947952,0
0.1,41,"val",238,0.500246345996857,1
0.1,41,"val",239,0.502778053283691,0
0.1,41,"val",240,0.432680070400238,0
0.1,41,"val",241,0.430178433656693,0
0.1,41,"val",242,0.49820151925087,0
0.1,41,"val",243,0.488957494497299,1
0.1,41,"val",244,0.508631408214569,1
0.1,41,"val",245,0.485492169857025,1
0.1,41,"val",246,0.515255331993103,0
0.1,41,"val",247,0.506987452507019,1
0.1,41,"val",248,0.552292346954346,1
0.1,41,"val",249,0.553241491317749,0
0.1,41,"val",250,0.54370778799057,1
0.1,41,"val",251,0.525867104530334,1
0.1,41,"val",252,0.500575423240662,1
0.1,41,"val",253,0.515877187252045,1
0.1,41,"val",254,0.520839869976044,0
0.1,41,"val",255,0.513215839862823,0
0.1,41,"val",256,0.581143379211426,0
0.1,41,"val",257,0.56251847743988,0
0.1,41,"val",258,0.160949185490608,1
0.1,41,"val",259,0.378112822771072,1
0.1,41,"val",260,0.591491997241974,1
0.1,41,"val",261,0.537889301776886,1
0.1,41,"val",262,0.479977875947952,1
0.1,41,"val",263,0.476274251937866,0
0.1,41,"val",264,0.502778053283691,0
0.1,41,"val",265,0.502665817737579,1
0.1,41,"val",266,0.430178433656693,1
0.1,41,"val",267,0.429814994335175,0
0.1,41,"val",268,0.488957494497299,0
0.1,41,"val",269,0.484791547060013,0
0.1,41,"val",270,0.485492169857025,1
0.1,41,"val",271,0.450918734073639,1
0.1,41,"val",272,0.506987452507019,1
0.1,41,"val",273,0.530601918697357,1
0.1,41,"val",274,0.553241491317749,0
0.1,41,"val",275,0.580395698547363,0
0.1,41,"val",276,0.525867104530334,0
0.1,41,"val",277,0.540008842945099,0
0.1,41,"val",278,0.515877187252045,1
0.1,41,"val",279,0.522319734096527,1
0.1,41,"val",280,0.513215839862823,1
0.1,41,"val",281,0.54191929101944,1
0.1,41,"val",282,0.56251847743988,1
0.1,41,"val",283,0.532398223876953,1
0.1,41,"val",284,0.378112822771072,0
0.1,41,"val",285,0.400012701749802,0
0.1,41,"val",286,0.537889301776886,0
0.1,41,"val",287,0.565175950527191,0
0.1,41,"val",288,0.476274251937866,0
0.1,41,"val",289,0.471303194761276,0
0.1,41,"val",290,0.502665817737579,0
0.1,41,"val",291,0.49423685669899,0
0.1,41,"val",292,0.429814994335175,0
0.1,41,"val",293,0.42389389872551,0
0.1,41,"val",294,0.484791547060013,1
0.1,41,"val",295,0.483191549777985,1
0.1,41,"val",296,0.450918734073639,0
0.1,41,"val",297,0.551579654216766,0
0.1,41,"val",298,0.530601918697357,0
0.1,41,"val",299,0.551134288311005,1
0.1,41,"val",300,0.580395698547363,1
0.1,41,"val",301,0.546204745769501,1
0.1,41,"val",302,0.540008842945099,0
0.1,41,"val",303,0.506108462810516,0
0.1,41,"val",304,0.522319734096527,0
0.1,41,"test",1,0.471646875143051,0
0.1,41,"test",2,0.54191929101944,0
0.1,41,"test",3,0.560036540031433,1
0.1,41,"test",4,0.532398223876953,1
0.1,41,"test",5,0.540401875972748,1
0.1,41,"test",6,0.400012701749802,1
0.1,41,"test",7,0.370423853397369,1
0.1,41,"test",8,0.565175950527191,1
0.1,41,"test",9,0.512823820114136,1
0.1,41,"test",10,0.471303194761276,1
0.1,41,"test",11,0.475881338119507,1
0.1,41,"test",12,0.49423685669899,1
0.1,41,"test",13,0.508269548416138,1
0.1,41,"test",14,0.42389389872551,1
0.1,41,"test",15,0.43409651517868,1
0.1,41,"test",16,0.483191549777985,1
0.1,41,"test",17,0.501708984375,0
0.1,41,"test",18,0.551579654216766,0
0.1,41,"test",19,0.561458885669708,0
0.1,41,"test",20,0.551134288311005,1
0.1,41,"test",21,0.575163900852203,1
0.1,41,"test",22,0.546204745769501,1
0.1,41,"test",23,0.542877733707428,0
0.1,41,"test",24,0.506108462810516,0
0.1,41,"test",25,0.548105716705322,0
0.1,41,"test",26,0.471646875143051,1
0.1,41,"test",27,0.509950816631317,1
0.1,41,"test",28,0.560036540031433,1
0.1,41,"test",29,0.556922554969788,0
0.1,41,"test",30,0.540401875972748,0
0.1,41,"test",31,0.561271905899048,0
0.1,41,"test",32,0.370423853397369,0
0.1,41,"test",33,0.305698215961456,0
0.1,41,"test",34,0.512823820114136,1
0.1,41,"test",35,0.54376757144928,1
0.1,41,"test",36,0.475881338119507,1
0.1,41,"test",37,0.480849862098694,1
0.1,41,"test",38,0.508269548416138,1
0.1,41,"test",39,0.503085851669312,1
0.1,41,"test",40,0.43409651517868,1
0.1,41,"test",41,0.424102932214737,1
0.1,41,"test",42,0.501708984375,0
0.1,41,"test",43,0.51798689365387,0
0.1,41,"test",44,0.561458885669708,1
0.1,41,"test",45,0.553127586841583,1
0.1,41,"test",46,0.575163900852203,1
0.1,41,"test",47,0.532098531723022,0
0.1,41,"test",48,0.542877733707428,0
0.1,41,"test",49,0.529258787631989,0
0.1,41,"test",50,0.548105716705322,0
0.1,41,"test",51,0.498966366052628,1
0.1,41,"test",52,0.509950816631317,1
0.1,41,"test",53,0.50903046131134,1
0.1,41,"test",54,0.556922554969788,1
0.1,41,"test",55,0.530389010906219,0
0.1,41,"test",56,0.561271905899048,0
0.1,41,"test",57,0.631972074508667,0
0.1,41,"test",58,0.305698215961456,0
0.1,41,"test",59,0.259602665901184,1
0.1,41,"test",60,0.54376757144928,1
0.1,41,"test",61,0.501503169536591,1
0.1,41,"test",62,0.480849862098694,0
0.1,41,"test",63,0.47484302520752,1
0.1,41,"test",64,0.503085851669312,1
0.1,41,"test",65,0.499138951301575,1
0.1,41,"test",66,0.424102932214737,1
0.1,41,"test",67,0.424882382154465,1
0.1,41,"test",68,0.51798689365387,0
0.1,41,"test",69,0.508568465709686,0
0.1,41,"test",70,0.553127586841583,0
0.1,41,"test",71,0.493482381105423,1
0.1,41,"test",72,0.532098531723022,1
0.1,41,"test",73,0.514643132686615,0
0.1,41,"test",74,0.529258787631989,0
0.1,41,"test",75,0.543818950653076,0
0.1,41,"test",76,0.498966366052628,0
0.1,41,"test",77,0.511762976646423,0
0.1,41,"test",78,0.50903046131134,1
0.1,41,"test",79,0.574046969413757,0
0.1,41,"test",80,0.530389010906219,0
0.1,41,"test",81,0.55016303062439,1
0.1,41,"test",82,0.631972074508667,1
0.1,41,"test",83,0.57252562046051,1
0.1,41,"test",84,0.259602665901184,1
0.1,41,"test",85,0.301486074924469,0
0.1,41,"test",86,0.501503169536591,0
0.1,41,"test",87,0.504392981529236,0
0.1,41,"test",88,0.47484302520752,0
0.1,41,"test",89,0.479968756437302,0
0.1,41,"test",90,0.499138951301575,0
0.1,41,"test",91,0.508904337882996,1
0.1,41,"test",92,0.424882382154465,0
0.1,41,"test",93,0.423275887966156,0
0.1,41,"test",94,0.508568465709686,0
0.1,41,"test",95,0.509729266166687,0
0.1,41,"test",96,0.493482381105423,0
0.1,41,"test",97,0.508224904537201,1
0.1,41,"test",98,0.514643132686615,1
0.1,41,"test",99,0.530231118202209,1
0.1,41,"test",100,0.543818950653076,1
0.1,41,"test",101,0.536118388175964,1
0.1,41,"test",102,0.511762976646423,0
0.1,41,"test",103,0.495058476924896,0
0.1,41,"test",104,0.574046969413757,0
0.1,41,"test",105,0.646500706672668,0
0.1,41,"test",106,0.55016303062439,0
0.1,41,"test",107,0.510644257068634,0
0.1,41,"test",108,0.57252562046051,0
0.1,41,"test",109,0.585604608058929,0
0.1,41,"test",110,0.301486074924469,1
0.1,41,"test",111,0.148315161466599,1
0.1,41,"test",112,0.504392981529236,1
0.1,41,"test",113,0.522711396217346,0
0.1,41,"test",114,0.479968756437302,1
0.1,41,"test",115,0.493271082639694,1
0.1,41,"test",116,0.508904337882996,1
0.1,41,"test",117,0.501800775527954,1
0.1,41,"test",118,0.423275887966156,1
0.1,41,"test",119,0.417608201503754,0
0.1,41,"test",120,0.509729266166687,0
0.1,41,"test",121,0.486125886440277,0
0.1,41,"test",122,0.508224904537201,1
0.1,41,"test",123,0.503859639167786,1
0.1,41,"test",124,0.530231118202209,1
0.1,41,"test",125,0.515036225318909,0
0.1,41,"test",126,0.536118388175964,0
0.1,41,"test",127,0.527134478092194,0
0.1,41,"test",128,0.495058476924896,1
0.1,41,"test",129,0.488125175237656,1
0.1,41,"test",130,0.646500706672668,1
0.1,41,"test",131,0.678388655185699,1
0.1,41,"test",132,0.510644257068634,0
0.1,41,"test",133,0.639218151569366,0
0.1,41,"test",134,0.585604608058929,0
0.1,41,"test",135,0.570761442184448,0
0.1,41,"test",136,0.148315161466599,0
0.1,41,"test",137,0.296206563711166,1
0.1,41,"test",138,0.522711396217346,1
0.1,41,"test",139,0.532299697399139,1
0.1,41,"test",140,0.493271082639694,1
0.1,41,"test",141,0.496213614940643,1
0.1,41,"test",142,0.501800775527954,1
0.1,41,"test",143,0.509301960468292,1
0.1,41,"test",144,0.417608201503754,1
0.1,41,"test",145,0.410040140151978,1
0.1,41,"test",146,0.486125886440277,1
0.1,41,"test",147,0.487381368875504,1
0.1,41,"test",148,0.503859639167786,1
0.1,41,"test",149,0.572892367839813,1
0.1,41,"test",150,0.515036225318909,1
0.1,41,"test",151,0.51897794008255,1
0.1,41,"test",152,0.527134478092194,0
0.1,41,"test",153,0.555359065532684,0
0.1,41,"test",154,0.488125175237656,1
0.1,41,"test",155,0.478166073560715,1
0.1,41,"test",156,0.678388655185699,1
0.1,41,"test",157,0.610171377658844,0
0.1,41,"test",158,0.639218151569366,0
0.1,41,"test",159,0.572634041309357,0
0.1,41,"test",160,0.570761561393738,0
0.1,41,"test",161,0.566709399223328,0
0.1,41,"test",162,0.296206563711166,0
0.1,41,"test",163,0.415310621261597,0
0.1,41,"test",164,0.532299697399139,0
0.1,41,"test",165,0.536547303199768,1
0.1,41,"test",166,0.496213614940643,1
0.1,41,"test",167,0.482935816049576,0
0.1,41,"test",168,0.509301960468292,1
0.1,41,"test",169,0.511188626289368,1
0.1,41,"test",170,0.410040140151978,1
0.1,41,"test",171,0.41351792216301,0
0.1,41,"test",172,0.487381368875504,0
0.1,41,"test",173,0.477071523666382,1
0.1,41,"test",174,0.572892367839813,1
0.1,41,"test",175,0.537358641624451,1
0.1,41,"test",176,0.51897794008255,1
0.1,41,"test",177,0.516684651374817,0
0.1,41,"test",178,0.555359065532684,0
0.1,41,"test",179,0.523379385471344,0
0.1,41,"test",180,0.478166073560715,0
0.1,41,"test",181,0.52422559261322,0
0.1,41,"test",182,0.610171377658844,0
0.1,41,"test",183,0.59335845708847,0
0.1,41,"test",184,0.572634041309357,0
0.1,41,"test",185,0.533813178539276,0
0.1,41,"test",186,0.566709399223328,1
0.1,41,"test",187,0.556544363498688,0
0.1,41,"test",188,0.415310621261597,0
0.1,41,"test",189,0.426141649484634,0
0.1,41,"test",190,0.536547303199768,0
0.1,41,"test",191,0.456599771976471,0
0.1,41,"test",192,0.482935816049576,0
0.1,41,"test",193,0.503190338611603,0
0.1,41,"test",194,0.511188626289368,0
0.1,41,"test",195,0.502824187278748,0
0.1,41,"test",196,0.41351792216301,0
0.1,41,"test",197,0.428632736206055,1
0.1,41,"test",198,0.477071523666382,1
0.1,41,"test",199,0.484689027070999,1
0.1,41,"test",200,0.537358641624451,0
0.1,41,"test",201,0.532396495342255,0
0.1,41,"test",202,0.516684651374817,1
0.1,41,"test",203,0.55999368429184,0
0.1,41,"test",204,0.523379385471344,0
0.1,41,"test",205,0.531307458877563,0
0.1,41,"test",206,0.52422559261322,1
0.1,41,"test",207,0.502743065357208,0
0.1,41,"test",208,0.59335845708847,0
0.1,41,"test",209,0.524949550628662,0
0.1,41,"test",210,0.533813178539276,0
0.1,41,"test",211,0.535179376602173,0
0.1,41,"test",212,0.556544363498688,1
0.1,41,"test",213,0.600566565990448,0
0.1,41,"test",214,0.426141649484634,1
0.1,41,"test",215,0.189962282776833,1
0.1,41,"test",216,0.456599771976471,1
0.1,41,"test",217,0.402542173862457,0
0.1,41,"test",218,0.503190338611603,0
0.1,41,"test",219,0.50396203994751,1
0.1,41,"test",220,0.502824187278748,1
0.1,41,"test",221,0.510565638542175,0
0.1,41,"test",222,0.428632736206055,1
0.1,41,"test",223,0.412085682153702,1
0.1,41,"test",224,0.484689027070999,1
0.1,41,"test",225,0.499732851982117,0
0.1,41,"test",226,0.532396495342255,0
0.1,41,"test",227,0.526551127433777,0
0.1,41,"test",228,0.55999368429184,1
0.1,41,"test",229,0.520048260688782,1
0.1,41,"test",230,0.531307458877563,0
0.1,41,"test",231,0.512036502361298,1
0.1,41,"test",232,0.502743065357208,1
0.1,41,"test",233,0.548225402832031,1
0.1,41,"test",234,0.524949550628662,1
0.1,41,"test",235,0.531207084655762,1
0.1,41,"test",236,0.535179376602173,1
0.1,41,"test",237,0.551228106021881,0
0.1,41,"test",238,0.600566565990448,0
0.1,41,"test",239,0.571027874946594,0
0.1,41,"test",240,0.189962282776833,0
0.1,41,"test",241,0.150648131966591,0
0.1,41,"test",242,0.402542173862457,0
0.1,41,"test",243,0.474258780479431,0
0.1,41,"test",244,0.50396203994751,1
0.1,41,"test",245,0.490426152944565,1
0.1,41,"test",246,0.510565638542175,1
0.1,41,"test",247,0.505574822425842,1
0.1,41,"test",248,0.412085682153702,1
0.1,41,"test",249,0.426251411437988,1
0.1,41,"test",250,0.499732851982117,1
0.1,41,"test",251,0.509289443492889,1
0.1,41,"test",252,0.526551127433777,0
0.1,41,"test",253,0.56300151348114,0
0.1,41,"test",254,0.520048260688782,0
0.1,41,"test",255,0.506996929645538,1
0.1,41,"test",256,0.512036502361298,1
0.1,41,"test",257,0.541092097759247,1
0.1,41,"test",258,0.548225402832031,1
0.1,41,"test",259,0.516125857830048,1
0.1,41,"test",260,0.531207084655762,1
0.1,41,"test",261,0.509588718414307,1
0.1,41,"test",262,0.551228106021881,0
0.1,41,"test",263,0.516566216945648,0
0.1,41,"test",264,0.571027874946594,1
0.1,41,"test",265,0.577060759067535,1
0.1,41,"test",266,0.150648131966591,1
0.1,41,"test",267,0.392414599657059,1
0.1,41,"test",268,0.474258780479431,1
0.1,41,"test",269,0.497566312551498,1
0.1,41,"test",270,0.490426152944565,1
0.1,41,"test",271,0.493442118167877,1
0.1,41,"test",272,0.505574822425842,1
0.1,41,"test",273,0.501437425613403,1
0.1,41,"test",274,0.426251411437988,1
0.1,41,"test",275,0.413640201091766,1
0.1,41,"test",276,0.509289443492889,1
0.1,41,"test",277,0.483449876308441,1
0.1,41,"test",278,0.56300151348114,0
0.1,41,"test",279,0.616735100746155,0
0.1,41,"test",280,0.506996929645538,0
0.1,41,"test",281,0.529067933559418,0
0.1,41,"test",282,0.541092097759247,0
0.1,41,"test",283,0.527133166790009,0
0.1,41,"test",284,0.516125857830048,0
0.1,41,"test",285,0.520612001419067,0
0.1,41,"test",286,0.509588718414307,0
0.1,41,"test",287,0.645593702793121,0
0.1,41,"test",288,0.516566216945648,0
0.1,41,"test",289,0.542636871337891,0
0.1,41,"test",290,0.577060759067535,0
0.1,41,"test",291,0.538508594036102,0
0.1,41,"test",292,0.392414599657059,1
0.1,41,"test",293,0.487418621778488,1
0.1,41,"test",294,0.497566312551498,1
0.1,41,"test",295,0.522299826145172,0
0.1,41,"test",296,0.493442118167877,0
0.1,41,"test",297,0.487951457500458,1
0.1,41,"test",298,0.501437425613403,0
0.1,41,"test",299,0.505472719669342,0
0.1,41,"test",300,0.413640201091766,1
0.1,41,"test",301,0.378200173377991,1
0.1,41,"test",302,0.483449876308441,1
0.1,41,"test",303,0.510928273200989,0
0.1,41,"test",304,0.616735100746155,1
0.1,41,"test",305,0.592519044876099,0
0.1,64,"val",1,0.499584257602692,0
0.1,64,"val",2,0.49619135260582,1
0.1,64,"val",3,0.482236623764038,0
0.1,64,"val",4,0.462032437324524,1
0.1,64,"val",5,0.459706872701645,1
0.1,64,"val",6,0.437708377838135,1
0.1,64,"val",7,0.451294153928757,1
0.1,64,"val",8,0.517788052558899,1
0.1,64,"val",9,0.507853627204895,1
0.1,64,"val",10,0.529719114303589,1
0.1,64,"val",11,0.523328065872192,1
0.1,64,"val",12,0.526196002960205,1
0.1,64,"val",13,0.531007051467896,1
0.1,64,"val",14,0.515545606613159,1
0.1,64,"val",15,0.513904273509979,1
0.1,64,"val",16,0.54705411195755,1
0.1,64,"val",17,0.537586688995361,1
0.1,64,"val",18,0.530344307422638,1
0.1,64,"val",19,0.53957587480545,1
0.1,64,"val",20,0.530735850334167,1
0.1,64,"val",21,0.53331732749939,1
0.1,64,"val",22,0.556119918823242,1
0.1,64,"val",23,0.570456743240356,0
0.1,64,"val",24,0.585655331611633,0
0.1,64,"val",25,0.590158998966217,1
0.1,64,"val",26,0.499584257602692,0
0.1,64,"val",27,0.505707800388336,0
0.1,64,"val",28,0.482236623764038,0
0.1,64,"val",29,0.483772546052933,1
0.1,64,"val",30,0.459706872701645,1
0.1,64,"val",31,0.471483439207077,0
0.1,64,"val",32,0.451294153928757,0
0.1,64,"val",33,0.450895994901657,0
0.1,64,"val",34,0.507853627204895,0
0.1,64,"val",35,0.507607042789459,0
0.1,64,"val",36,0.523328065872192,0
0.1,64,"val",37,0.527480483055115,1
0.1,64,"val",38,0.531007051467896,1
0.1,64,"val",39,0.533268690109253,1
0.1,64,"val",40,0.513904273509979,0
0.1,64,"val",41,0.513893306255341,0
0.1,64,"val",42,0.537586688995361,0
0.1,64,"val",43,0.540936470031738,0
0.1,64,"val",44,0.53957587480545,0
0.1,64,"val",45,0.532060086727142,0
0.1,64,"val",46,0.53331732749939,0
0.1,64,"val",47,0.53556227684021,1
0.1,64,"val",48,0.570456743240356,1
0.1,64,"val",49,0.561197817325592,1
0.1,64,"val",50,0.590158998966217,1
0.1,64,"val",51,0.573659062385559,1
0.1,64,"val",52,0.505707800388336,1
0.1,64,"val",53,0.522435128688812,1
0.1,64,"val",54,0.483772546052933,1
0.1,64,"val",55,0.494175851345062,1
0.1,64,"val",56,0.471483439207077,1
0.1,64,"val",57,0.47800812125206,1
0.1,64,"val",58,0.450895994901657,1
0.1,64,"val",59,0.464680045843124,1
0.1,64,"val",60,0.507607042789459,1
0.1,64,"val",61,0.522388339042664,0
0.1,64,"val",62,0.527480483055115,1
0.1,64,"val",63,0.534136712551117,0
0.1,64,"val",64,0.533268690109253,0
0.1,64,"val",65,0.531489074230194,1
0.1,64,"val",66,0.513893306255341,1
0.1,64,"val",67,0.514306128025055,1
0.1,64,"val",68,0.540936470031738,1
0.1,64,"val",69,0.538238823413849,1
0.1,64,"val",70,0.532060086727142,1
0.1,64,"val",71,0.536703705787659,1
0.1,64,"val",72,0.53556227684021,1
0.1,64,"val",73,0.527867794036865,1
0.1,64,"val",74,0.561197817325592,1
0.1,64,"val",75,0.570971965789795,1
0.1,64,"val",76,0.573659062385559,0
0.1,64,"val",77,0.556501507759094,1
0.1,64,"val",78,0.522435128688812,1
0.1,64,"val",79,0.506353557109833,0
0.1,64,"val",80,0.494175851345062,0
0.1,64,"val",81,0.501211881637573,0
0.1,64,"val",82,0.47800812125206,1
0.1,64,"val",83,0.479787766933441,0
0.1,64,"val",84,0.464680045843124,0
0.1,64,"val",85,0.46072381734848,0
0.1,64,"val",86,0.522388339042664,1
0.1,64,"val",87,0.506420493125916,1
0.1,64,"val",88,0.534136712551117,1
0.1,64,"val",89,0.544574499130249,0
0.1,64,"val",90,0.531489074230194,0
0.1,64,"val",91,0.528142929077148,0
0.1,64,"val",92,0.514306128025055,0
0.1,64,"val",93,0.509150743484497,0
0.1,64,"val",94,0.538238823413849,0
0.1,64,"val",95,0.528199553489685,0
0.1,64,"val",96,0.536703705787659,1
0.1,64,"val",97,0.533928751945496,1
0.1,64,"val",98,0.527867794036865,1
0.1,64,"val",99,0.531316459178925,1
0.1,64,"val",100,0.570971965789795,0
0.1,64,"val",101,0.566263437271118,0
0.1,64,"val",102,0.556501507759094,0
0.1,64,"val",103,0.594325006008148,0
0.1,64,"val",104,0.506353557109833,1
0.1,64,"val",105,0.521258533000946,1
0.1,64,"val",106,0.501211881637573,1
0.1,64,"val",107,0.502951800823212,1
0.1,64,"val",108,0.479787766933441,1
0.1,64,"val",109,0.477970123291016,0
0.1,64,"val",110,0.46072381734848,0
0.1,64,"val",111,0.439117699861526,1
0.1,64,"val",112,0.506420493125916,1
0.1,64,"val",113,0.510392189025879,1
0.1,64,"val",114,0.544574499130249,0
0.1,64,"val",115,0.531861245632172,1
0.1,64,"val",116,0.528142929077148,0
0.1,64,"val",117,0.534922003746033,1
0.1,64,"val",118,0.509150743484497,1
0.1,64,"val",119,0.515715777873993,1
0.1,64,"val",120,0.528199553489685,0
0.1,64,"val",121,0.534949600696564,0
0.1,64,"val",122,0.533928751945496,0
0.1,64,"val",123,0.540284991264343,1
0.1,64,"val",124,0.531316459178925,1
0.1,64,"val",125,0.52770733833313,1
0.1,64,"val",126,0.566263437271118,1
0.1,64,"val",127,0.554566264152527,1
0.1,64,"val",128,0.594325006008148,1
0.1,64,"val",129,0.615301609039307,1
0.1,64,"val",130,0.521258533000946,1
0.1,64,"val",131,0.521322071552277,0
0.1,64,"val",132,0.502951800823212,0
0.1,64,"val",133,0.489534288644791,1
0.1,64,"val",134,0.477970123291016,1
0.1,64,"val",135,0.471688479185104,0
0.1,64,"val",136,0.439117699861526,0
0.1,64,"val",137,0.457080036401749,0
0.1,64,"val",138,0.510392189025879,0
0.1,64,"val",139,0.512114286422729,0
0.1,64,"val",140,0.531861245632172,0
0.1,64,"val",141,0.516586124897003,1
0.1,64,"val",142,0.534922003746033,1
0.1,64,"val",143,0.530936062335968,1
0.1,64,"val",144,0.515715777873993,0
0.1,64,"val",145,0.517056465148926,0
0.1,64,"val",146,0.534949600696564,0
0.1,64,"val",147,0.53051096200943,0
0.1,64,"val",148,0.540284991264343,0
0.1,64,"val",149,0.547353684902191,0
0.1,64,"val",150,0.52770733833313,0
0.1,64,"val",151,0.53111344575882,0
0.1,64,"val",152,0.554566264152527,1
0.1,64,"val",153,0.581584274768829,0
0.1,64,"val",154,0.615301609039307,1
0.1,64,"val",155,0.606865406036377,0
0.1,64,"val",156,0.521322071552277,0
0.1,64,"val",157,0.508343636989594,0
0.1,64,"val",158,0.489534288644791,0
0.1,64,"val",159,0.479009002447128,1
0.1,64,"val",160,0.471688479185104,1
0.1,64,"val",161,0.483017385005951,1
0.1,64,"val",162,0.457080036401749,1
0.1,64,"val",163,0.44309589266777,1
0.1,64,"val",164,0.512114286422729,0
0.1,64,"val",165,0.472080767154694,0
0.1,64,"val",166,0.516586124897003,0
0.1,64,"val",167,0.519119799137115,0
0.1,64,"val",168,0.530936062335968,1
0.1,64,"val",169,0.533437073230743,0
0.1,64,"val",170,0.517056465148926,0
0.1,64,"val",171,0.517120659351349,0
0.1,64,"val",172,0.53051096200943,1
0.1,64,"val",173,0.526673674583435,1
0.1,64,"val",174,0.547353684902191,1
0.1,64,"val",175,0.547463595867157,0
0.1,64,"val",176,0.53111344575882,0
0.1,64,"val",177,0.522993326187134,1
0.1,64,"val",178,0.581584274768829,0
0.1,64,"val",179,0.574818015098572,1
0.1,64,"val",180,0.606865406036377,0
0.1,64,"val",181,0.606360375881195,1
0.1,64,"val",182,0.508343636989594,1
0.1,64,"val",183,0.506586074829102,1
0.1,64,"val",184,0.479009002447128,0
0.1,64,"val",185,0.475854605436325,0
0.1,64,"val",186,0.483017385005951,0
0.1,64,"val",187,0.490154474973679,0
0.1,64,"val",188,0.44309589266777,0
0.1,64,"val",189,0.468494653701782,0
0.1,64,"val",190,0.472080767154694,0
0.1,64,"val",191,0.501891016960144,1
0.1,64,"val",192,0.519119799137115,0
0.1,64,"val",193,0.51635754108429,0
0.1,64,"val",194,0.533437073230743,0
0.1,64,"val",195,0.527667224407196,1
0.1,64,"val",196,0.517120659351349,1
0.1,64,"val",197,0.513253152370453,1
0.1,64,"val",198,0.526673674583435,1
0.1,64,"val",199,0.527381181716919,0
0.1,64,"val",200,0.547463595867157,0
0.1,64,"val",201,0.536742031574249,0
0.1,64,"val",202,0.522993326187134,0
0.1,64,"val",203,0.524708688259125,1
0.1,64,"val",204,0.574818015098572,1
0.1,64,"val",205,0.562325835227966,1
0.1,64,"val",206,0.606360375881195,0
0.1,64,"val",207,0.579652428627014,0
0.1,64,"val",208,0.506586074829102,0
0.1,64,"val",209,0.504380226135254,1
0.1,64,"val",210,0.475854605436325,1
0.1,64,"val",211,0.47390341758728,1
0.1,64,"val",212,0.490154474973679,1
0.1,64,"val",213,0.491144180297852,1
0.1,64,"val",214,0.468494653701782,1
0.1,64,"val",215,0.462226063013077,0
0.1,64,"val",216,0.501891016960144,0
0.1,64,"val",217,0.479623347520828,0
0.1,64,"val",218,0.51635754108429,0
0.1,64,"val",219,0.524077475070953,0
0.1,64,"val",220,0.527667224407196,0
0.1,64,"val",221,0.530483186244965,1
0.1,64,"val",222,0.513253152370453,1
0.1,64,"val",223,0.511669754981995,1
0.1,64,"val",224,0.527381181716919,0
0.1,64,"val",225,0.502444267272949,1
0.1,64,"val",226,0.536742031574249,1
0.1,64,"val",227,0.535168707370758,1
0.1,64,"val",228,0.524708688259125,0
0.1,64,"val",229,0.518302440643311,0
0.1,64,"val",230,0.562325835227966,0
0.1,64,"val",231,0.543851017951965,0
0.1,64,"val",232,0.579652428627014,0
0.1,64,"val",233,0.610698401927948,0
0.1,64,"val",234,0.504380226135254,0
0.1,64,"val",235,0.533213257789612,0
0.1,64,"val",236,0.47390341758728,0
0.1,64,"val",237,0.49584698677063,0
0.1,64,"val",238,0.491144180297852,1
0.1,64,"val",239,0.483313709497452,0
0.1,64,"val",240,0.462226063013077,0
0.1,64,"val",241,0.464985728263855,0
0.1,64,"val",242,0.479623347520828,0
0.1,64,"val",243,0.47834300994873,1
0.1,64,"val",244,0.524077475070953,1
0.1,64,"val",245,0.519256889820099,1
0.1,64,"val",246,0.530483186244965,0
0.1,64,"val",247,0.527316927909851,1
0.1,64,"val",248,0.511669754981995,1
0.1,64,"val",249,0.511174261569977,0
0.1,64,"val",250,0.502444267272949,1
0.1,64,"val",251,0.509195804595947,1
0.1,64,"val",252,0.535168707370758,1
0.1,64,"val",253,0.530451834201813,1
0.1,64,"val",254,0.518302440643311,0
0.1,64,"val",255,0.519282519817352,0
0.1,64,"val",256,0.543851017951965,0
0.1,64,"val",257,0.54276978969574,0
0.1,64,"val",258,0.610698401927948,1
0.1,64,"val",259,0.58190393447876,1
0.1,64,"val",260,0.533213257789612,1
0.1,64,"val",261,0.519499480724335,1
0.1,64,"val",262,0.49584698677063,1
0.1,64,"val",263,0.497349917888641,0
0.1,64,"val",264,0.483313709497452,0
0.1,64,"val",265,0.481867074966431,1
0.1,64,"val",266,0.464985728263855,1
0.1,64,"val",267,0.465187638998032,0
0.1,64,"val",268,0.47834300994873,0
0.1,64,"val",269,0.48190501332283,0
0.1,64,"val",270,0.519256889820099,1
0.1,64,"val",271,0.511622250080109,1
0.1,64,"val",272,0.527316927909851,1
0.1,64,"val",273,0.537122309207916,1
0.1,64,"val",274,0.511174261569977,0
0.1,64,"val",275,0.508553564548492,0
0.1,64,"val",276,0.509195804595947,0
0.1,64,"val",277,0.515349924564362,0
0.1,64,"val",278,0.530451834201813,1
0.1,64,"val",279,0.531439483165741,1
0.1,64,"val",280,0.519282519817352,1
0.1,64,"val",281,0.521129131317139,1
0.1,64,"val",282,0.54276978969574,1
0.1,64,"val",283,0.549061477184296,1
0.1,64,"val",284,0.58190393447876,0
0.1,64,"val",285,0.591554284095764,0
0.1,64,"val",286,0.519499480724335,0
0.1,64,"val",287,0.523106753826141,0
0.1,64,"val",288,0.497349917888641,0
0.1,64,"val",289,0.496151238679886,0
0.1,64,"val",290,0.481867074966431,0
0.1,64,"val",291,0.496823608875275,0
0.1,64,"val",292,0.465187638998032,0
0.1,64,"val",293,0.441661417484283,0
0.1,64,"val",294,0.48190501332283,1
0.1,64,"val",295,0.486258029937744,1
0.1,64,"val",296,0.511622250080109,0
0.1,64,"val",297,0.536473512649536,0
0.1,64,"val",298,0.537122309207916,0
0.1,64,"val",299,0.543550908565521,1
0.1,64,"val",300,0.508553564548492,1
0.1,64,"val",301,0.511572897434235,1
0.1,64,"val",302,0.515349924564362,0
0.1,64,"val",303,0.529469430446625,0
0.1,64,"val",304,0.531439483165741,0
0.1,64,"test",1,0.531382620334625,0
0.1,64,"test",2,0.521129131317139,0
0.1,64,"test",3,0.523546874523163,1
0.1,64,"test",4,0.549061477184296,1
0.1,64,"test",5,0.534780919551849,1
0.1,64,"test",6,0.591554284095764,1
0.1,64,"test",7,0.588231325149536,1
0.1,64,"test",8,0.523106753826141,1
0.1,64,"test",9,0.507616400718689,1
0.1,64,"test",10,0.496151238679886,1
0.1,64,"test",11,0.507635474205017,1
0.1,64,"test",12,0.496823608875275,1
0.1,64,"test",13,0.47031381726265,1
0.1,64,"test",14,0.441661417484283,1
0.1,64,"test",15,0.442285478115082,1
0.1,64,"test",16,0.486258029937744,1
0.1,64,"test",17,0.492169737815857,0
0.1,64,"test",18,0.536473512649536,0
0.1,64,"test",19,0.543180644512177,0
0.1,64,"test",20,0.543550908565521,1
0.1,64,"test",21,0.548715472221375,1
0.1,64,"test",22,0.511572897434235,1
0.1,64,"test",23,0.511348068714142,0
0.1,64,"test",24,0.529469430446625,0
0.1,64,"test",25,0.517119646072388,0
0.1,64,"test",26,0.531382620334625,1
0.1,64,"test",27,0.542209446430206,1
0.1,64,"test",28,0.523546874523163,1
0.1,64,"test",29,0.525944232940674,0
0.1,64,"test",30,0.534780919551849,0
0.1,64,"test",31,0.537110209465027,0
0.1,64,"test",32,0.588231325149536,0
0.1,64,"test",33,0.58876633644104,0
0.1,64,"test",34,0.507616400718689,1
0.1,64,"test",35,0.529813349246979,1
0.1,64,"test",36,0.507635474205017,1
0.1,64,"test",37,0.510751664638519,1
0.1,64,"test",38,0.47031381726265,1
0.1,64,"test",39,0.471506685018539,1
0.1,64,"test",40,0.442285478115082,1
0.1,64,"test",41,0.44546577334404,1
0.1,64,"test",42,0.492169737815857,0
0.1,64,"test",43,0.515576004981995,0
0.1,64,"test",44,0.543180644512177,1
0.1,64,"test",45,0.537876307964325,1
0.1,64,"test",46,0.548715472221375,1
0.1,64,"test",47,0.535288333892822,0
0.1,64,"test",48,0.511348068714142,0
0.1,64,"test",49,0.514598667621613,0
0.1,64,"test",50,0.517119646072388,0
0.1,64,"test",51,0.523641288280487,1
0.1,64,"test",52,0.542209446430206,1
0.1,64,"test",53,0.532254278659821,1
0.1,64,"test",54,0.525944232940674,1
0.1,64,"test",55,0.525570154190063,0
0.1,64,"test",56,0.537110209465027,0
0.1,64,"test",57,0.532441735267639,0
0.1,64,"test",58,0.58876633644104,0
0.1,64,"test",59,0.594219624996185,1
0.1,64,"test",60,0.529813349246979,1
0.1,64,"test",61,0.492204010486603,1
0.1,64,"test",62,0.510751664638519,0
0.1,64,"test",63,0.501927256584167,1
0.1,64,"test",64,0.471506685018539,1
0.1,64,"test",65,0.481452167034149,1
0.1,64,"test",66,0.44546577334404,1
0.1,64,"test",67,0.432700902223587,1
0.1,64,"test",68,0.515576004981995,0
0.1,64,"test",69,0.512631773948669,0
0.1,64,"test",70,0.537876307964325,0
0.1,64,"test",71,0.529520690441132,1
0.1,64,"test",72,0.535288333892822,1
0.1,64,"test",73,0.53072851896286,0
0.1,64,"test",74,0.514598667621613,0
0.1,64,"test",75,0.512424409389496,0
0.1,64,"test",76,0.523641288280487,0
0.1,64,"test",77,0.51650458574295,0
0.1,64,"test",78,0.532254278659821,1
0.1,64,"test",79,0.533240556716919,0
0.1,64,"test",80,0.525570154190063,0
0.1,64,"test",81,0.530358254909515,1
0.1,64,"test",82,0.532441735267639,1
0.1,64,"test",83,0.53804749250412,1
0.1,64,"test",84,0.594219624996185,1
0.1,64,"test",85,0.589223682880402,0
0.1,64,"test",86,0.492204010486603,0
0.1,64,"test",87,0.504166603088379,0
0.1,64,"test",88,0.501927137374878,0
0.1,64,"test",89,0.474502742290497,0
0.1,64,"test",90,0.481452167034149,0
0.1,64,"test",91,0.476220548152924,1
0.1,64,"test",92,0.432700902223587,0
0.1,64,"test",93,0.431475162506104,0
0.1,64,"test",94,0.512631773948669,0
0.1,64,"test",95,0.507937967777252,0
0.1,64,"test",96,0.529520690441132,0
0.1,64,"test",97,0.524645388126373,1
0.1,64,"test",98,0.53072851896286,1
0.1,64,"test",99,0.535097420215607,1
0.1,64,"test",100,0.512424409389496,1
0.1,64,"test",101,0.513283312320709,1
0.1,64,"test",102,0.51650458574295,0
0.1,64,"test",103,0.51422518491745,0
0.1,64,"test",104,0.533240556716919,0
0.1,64,"test",105,0.544537246227264,0
0.1,64,"test",106,0.530358254909515,0
0.1,64,"test",107,0.521546483039856,0
0.1,64,"test",108,0.53804749250412,0
0.1,64,"test",109,0.537571370601654,0
0.1,64,"test",110,0.589223682880402,1
0.1,64,"test",111,0.60901015996933,1
0.1,64,"test",112,0.504166603088379,1
0.1,64,"test",113,0.510829746723175,0
0.1,64,"test",114,0.474502742290497,1
0.1,64,"test",115,0.497033655643463,1
0.1,64,"test",116,0.476220548152924,1
0.1,64,"test",117,0.487805843353271,1
0.1,64,"test",118,0.431475162506104,1
0.1,64,"test",119,0.448847532272339,0
0.1,64,"test",120,0.507937967777252,0
0.1,64,"test",121,0.47413358092308,0
0.1,64,"test",122,0.524645388126373,1
0.1,64,"test",123,0.523677170276642,1
0.1,64,"test",124,0.535097420215607,1
0.1,64,"test",125,0.530095994472504,0
0.1,64,"test",126,0.513283312320709,0
0.1,64,"test",127,0.515462517738342,0
0.1,64,"test",128,0.51422518491745,1
0.1,64,"test",129,0.520916819572449,1
0.1,64,"test",130,0.544537246227264,1
0.1,64,"test",131,0.558549642562866,1
0.1,64,"test",132,0.521546483039856,0
0.1,64,"test",133,0.552140295505524,0
0.1,64,"test",134,0.537571370601654,0
0.1,64,"test",135,0.543274164199829,0
0.1,64,"test",136,0.60901015996933,0
0.1,64,"test",137,0.591592729091644,1
0.1,64,"test",138,0.510829746723175,1
0.1,64,"test",139,0.509750187397003,1
0.1,64,"test",140,0.497033655643463,1
0.1,64,"test",141,0.492781519889832,1
0.1,64,"test",142,0.487805843353271,1
0.1,64,"test",143,0.491871416568756,1
0.1,64,"test",144,0.448847532272339,1
0.1,64,"test",145,0.445600748062134,1
0.1,64,"test",146,0.47413358092308,1
0.1,64,"test",147,0.468760043382645,1
0.1,64,"test",148,0.523677170276642,1
0.1,64,"test",149,0.545173108577728,1
0.1,64,"test",150,0.530095994472504,1
0.1,64,"test",151,0.532682597637177,1
0.1,64,"test",152,0.515462517738342,0
0.1,64,"test",153,0.513233602046967,0
0.1,64,"test",154,0.520916819572449,1
0.1,64,"test",155,0.52550607919693,1
0.1,64,"test",156,0.558549642562866,1
0.1,64,"test",157,0.539594292640686,0
0.1,64,"test",158,0.552140295505524,0
0.1,64,"test",159,0.533402025699615,0
0.1,64,"test",160,0.543274164199829,0
0.1,64,"test",161,0.544329583644867,0
0.1,64,"test",162,0.591592729091644,0
0.1,64,"test",163,0.577960252761841,0
0.1,64,"test",164,0.509750187397003,0
0.1,64,"test",165,0.521001994609833,1
0.1,64,"test",166,0.492781519889832,1
0.1,64,"test",167,0.499226659536362,0
0.1,64,"test",168,0.491871416568756,1
0.1,64,"test",169,0.484649747610092,1
0.1,64,"test",170,0.445600748062134,1
0.1,64,"test",171,0.450023144483566,0
0.1,64,"test",172,0.468760043382645,0
0.1,64,"test",173,0.463339447975159,1
0.1,64,"test",174,0.545173108577728,1
0.1,64,"test",175,0.532557189464569,1
0.1,64,"test",176,0.532682597637177,1
0.1,64,"test",177,0.53387975692749,0
0.1,64,"test",178,0.513233602046967,0
0.1,64,"test",179,0.516587853431702,0
0.1,64,"test",180,0.52550607919693,0
0.1,64,"test",181,0.492306590080261,0
0.1,64,"test",182,0.539594292640686,0
0.1,64,"test",183,0.533296287059784,0
0.1,64,"test",184,0.533402025699615,0
0.1,64,"test",185,0.529043078422546,0
0.1,64,"test",186,0.544329583644867,1
0.1,64,"test",187,0.54747486114502,0
0.1,64,"test",188,0.577960252761841,0
0.1,64,"test",189,0.573415219783783,0
0.1,64,"test",190,0.521001994609833,0
0.1,64,"test",191,0.476442188024521,0
0.1,64,"test",192,0.499226659536362,0
0.1,64,"test",193,0.473603695631027,0
0.1,64,"test",194,0.484649747610092,0
0.1,64,"test",195,0.49898025393486,0
0.1,64,"test",196,0.450023144483566,0
0.1,64,"test",197,0.454112648963928,1
0.1,64,"test",198,0.463339447975159,1
0.1,64,"test",199,0.472815185785294,1
0.1,64,"test",200,0.532557189464569,0
0.1,64,"test",201,0.530261814594269,0
0.1,64,"test",202,0.53387975692749,1
0.1,64,"test",203,0.540614604949951,0
0.1,64,"test",204,0.516587853431702,0
0.1,64,"test",205,0.513802230358124,0
0.1,64,"test",206,0.492306590080261,1
0.1,64,"test",207,0.498278588056564,0
0.1,64,"test",208,0.533296287059784,0
0.1,64,"test",209,0.532738924026489,0
0.1,64,"test",210,0.529043078422546,0
0.1,64,"test",211,0.529215693473816,0
0.1,64,"test",212,0.54747486114502,1
0.1,64,"test",213,0.535466432571411,0
0.1,64,"test",214,0.573415219783783,1
0.1,64,"test",215,0.600298643112183,1
0.1,64,"test",216,0.476442188024521,1
0.1,64,"test",217,0.462319493293762,0
0.1,64,"test",218,0.473603695631027,0
0.1,64,"test",219,0.469048857688904,1
0.1,64,"test",220,0.49898025393486,1
0.1,64,"test",221,0.4865842461586,0
0.1,64,"test",222,0.454112648963928,1
0.1,64,"test",223,0.444471329450607,1
0.1,64,"test",224,0.472815215587616,1
0.1,64,"test",225,0.492519110441208,0
0.1,64,"test",226,0.530261814594269,0
0.1,64,"test",227,0.551140487194061,0
0.1,64,"test",228,0.540614604949951,1
0.1,64,"test",229,0.534771502017975,1
0.1,64,"test",230,0.513802230358124,0
0.1,64,"test",231,0.516364336013794,1
0.1,64,"test",232,0.498278588056564,1
0.1,64,"test",233,0.531925022602081,1
0.1,64,"test",234,0.532738924026489,1
0.1,64,"test",235,0.531526029109955,1
0.1,64,"test",236,0.529215693473816,1
0.1,64,"test",237,0.533588886260986,0
0.1,64,"test",238,0.535466432571411,0
0.1,64,"test",239,0.543592154979706,0
0.1,64,"test",240,0.600298643112183,0
0.1,64,"test",241,0.602377831935883,0
0.1,64,"test",242,0.462319493293762,0
0.1,64,"test",243,0.489193171262741,0
0.1,64,"test",244,0.469048857688904,1
0.1,64,"test",245,0.463750034570694,1
0.1,64,"test",246,0.4865842461586,1
0.1,64,"test",247,0.503688275814056,1
0.1,64,"test",248,0.444471329450607,1
0.1,64,"test",249,0.416488945484161,1
0.1,64,"test",250,0.492519110441208,1
0.1,64,"test",251,0.492116361856461,1
0.1,64,"test",252,0.551140487194061,0
0.1,64,"test",253,0.563121438026428,0
0.1,64,"test",254,0.534771502017975,0
0.1,64,"test",255,0.529336094856262,1
0.1,64,"test",256,0.516364336013794,1
0.1,64,"test",257,0.513367831707001,1
0.1,64,"test",258,0.531925022602081,1
0.1,64,"test",259,0.513182580471039,1
0.1,64,"test",260,0.531526029109955,1
0.1,64,"test",261,0.537338018417358,1
0.1,64,"test",262,0.533588886260986,0
0.1,64,"test",263,0.529372096061707,0
0.1,64,"test",264,0.543592154979706,1
0.1,64,"test",265,0.537873327732086,1
0.1,64,"test",266,0.602377831935883,1
0.1,64,"test",267,0.570480585098267,1
0.1,64,"test",268,0.489193171262741,1
0.1,64,"test",269,0.498601377010345,1
0.1,64,"test",270,0.463750034570694,1
0.1,64,"test",271,0.491484105587006,1
0.1,64,"test",272,0.503688275814056,1
0.1,64,"test",273,0.497954666614532,1
0.1,64,"test",274,0.416488945484161,1
0.1,64,"test",275,0.443860292434692,1
0.1,64,"test",276,0.492116361856461,1
0.1,64,"test",277,0.450650364160538,1
0.1,64,"test",278,0.563121438026428,0
0.1,64,"test",279,0.577917277812958,0
0.1,64,"test",280,0.529336094856262,0
0.1,64,"test",281,0.533823549747467,0
0.1,64,"test",282,0.513367831707001,0
0.1,64,"test",283,0.513961791992188,0
0.1,64,"test",284,0.513182580471039,0
0.1,64,"test",285,0.536276638507843,0
0.1,64,"test",286,0.537338018417358,0
0.1,64,"test",287,0.545681118965149,0
0.1,64,"test",288,0.529372096061707,0
0.1,64,"test",289,0.530049026012421,0
0.1,64,"test",290,0.537873327732086,0
0.1,64,"test",291,0.5395268201828,0
0.1,64,"test",292,0.570480585098267,1
0.1,64,"test",293,0.567130982875824,1
0.1,64,"test",294,0.498601377010345,1
0.1,64,"test",295,0.521005690097809,0
0.1,64,"test",296,0.491484105587006,0
0.1,64,"test",297,0.496526449918747,1
0.1,64,"test",298,0.497954666614532,0
0.1,64,"test",299,0.498223125934601,0
0.1,64,"test",300,0.443860292434692,1
0.1,64,"test",301,0.412656366825104,1
0.1,64,"test",302,0.450650364160538,1
0.1,64,"test",303,0.485938668251038,0
0.1,64,"test",304,0.577917277812958,1
0.1,64,"test",305,0.564477980136871,0
