"arch","lambda","seed","set","sample_id","yhat","y_true"
"SimpleRNN",0,23,"test",1,0.424627989530563,0
"SimpleRNN",0,23,"test",2,0.516533672809601,0
"SimpleRNN",0,23,"test",3,0.523435235023499,1
"SimpleRNN",0,23,"test",4,0.484871655702591,1
"SimpleRNN",0,23,"test",5,0.520730197429657,1
"SimpleRNN",0,23,"test",6,0.460729032754898,1
"SimpleRNN",0,23,"test",7,0.448083400726318,1
"SimpleRNN",0,23,"test",8,0.537855863571167,1
"SimpleRNN",0,23,"test",9,0.494999527931213,1
"SimpleRNN",0,23,"test",10,0.489102870225906,1
"SimpleRNN",0,23,"test",11,0.494906038045883,1
"SimpleRNN",0,23,"test",12,0.45807808637619,1
"SimpleRNN",0,23,"test",13,0.469398140907288,1
"SimpleRNN",0,23,"test",14,0.389776915311813,1
"SimpleRNN",0,23,"test",15,0.404215335845947,1
"SimpleRNN",0,23,"test",16,0.54584789276123,1
"SimpleRNN",0,23,"test",17,0.535177290439606,0
"SimpleRNN",0,23,"test",18,0.581135928630829,0
"SimpleRNN",0,23,"test",19,0.59075790643692,0
"SimpleRNN",0,23,"test",20,0.517155706882477,1
"SimpleRNN",0,23,"test",21,0.516442239284515,1
"SimpleRNN",0,23,"test",22,0.523500144481659,1
"SimpleRNN",0,23,"test",23,0.522010803222656,0
"SimpleRNN",0,23,"test",24,0.483780562877655,0
"SimpleRNN",0,23,"test",25,0.517953872680664,0
"SimpleRNN",0,23,"test",26,0.424627989530563,1
"SimpleRNN",0,23,"test",27,0.511448860168457,1
"SimpleRNN",0,23,"test",28,0.523435235023499,1
"SimpleRNN",0,23,"test",29,0.496753692626953,0
"SimpleRNN",0,23,"test",30,0.520730197429657,0
"SimpleRNN",0,23,"test",31,0.557439267635345,0
"SimpleRNN",0,23,"test",32,0.448083400726318,0
"SimpleRNN",0,23,"test",33,0.430170148611069,0
"SimpleRNN",0,23,"test",34,0.494999527931213,1
"SimpleRNN",0,23,"test",35,0.517453730106354,1
"SimpleRNN",0,23,"test",36,0.494906038045883,1
"SimpleRNN",0,23,"test",37,0.489084094762802,1
"SimpleRNN",0,23,"test",38,0.469398140907288,1
"SimpleRNN",0,23,"test",39,0.457952231168747,1
"SimpleRNN",0,23,"test",40,0.404215335845947,1
"SimpleRNN",0,23,"test",41,0.388473272323608,1
"SimpleRNN",0,23,"test",42,0.535177290439606,0
"SimpleRNN",0,23,"test",43,0.484488070011139,0
"SimpleRNN",0,23,"test",44,0.59075790643692,1
"SimpleRNN",0,23,"test",45,0.583306074142456,1
"SimpleRNN",0,23,"test",46,0.516442239284515,1
"SimpleRNN",0,23,"test",47,0.50129771232605,0
"SimpleRNN",0,23,"test",48,0.522010803222656,0
"SimpleRNN",0,23,"test",49,0.502309381961823,0
"SimpleRNN",0,23,"test",50,0.517953872680664,0
"SimpleRNN",0,23,"test",51,0.459319829940796,1
"SimpleRNN",0,23,"test",52,0.511448860168457,1
"SimpleRNN",0,23,"test",53,0.531814873218536,1
"SimpleRNN",0,23,"test",54,0.496753692626953,1
"SimpleRNN",0,23,"test",55,0.447747617959976,0
"SimpleRNN",0,23,"test",56,0.557439267635345,0
"SimpleRNN",0,23,"test",57,0.656298875808716,0
"SimpleRNN",0,23,"test",58,0.430170148611069,0
"SimpleRNN",0,23,"test",59,0.419086694717407,1
"SimpleRNN",0,23,"test",60,0.517453730106354,1
"SimpleRNN",0,23,"test",61,0.482369989156723,1
"SimpleRNN",0,23,"test",62,0.489084094762802,0
"SimpleRNN",0,23,"test",63,0.490407973527908,1
"SimpleRNN",0,23,"test",64,0.457952231168747,1
"SimpleRNN",0,23,"test",65,0.459311813116074,1
"SimpleRNN",0,23,"test",66,0.388473272323608,1
"SimpleRNN",0,23,"test",67,0.392918825149536,1
"SimpleRNN",0,23,"test",68,0.484488070011139,0
"SimpleRNN",0,23,"test",69,0.487103223800659,0
"SimpleRNN",0,23,"test",70,0.583306074142456,0
"SimpleRNN",0,23,"test",71,0.568536818027496,1
"SimpleRNN",0,23,"test",72,0.50129771232605,1
"SimpleRNN",0,23,"test",73,0.492930263280869,0
"SimpleRNN",0,23,"test",74,0.502309381961823,0
"SimpleRNN",0,23,"test",75,0.519358694553375,0
"SimpleRNN",0,23,"test",76,0.459319829940796,0
"SimpleRNN",0,23,"test",77,0.463196605443954,0
"SimpleRNN",0,23,"test",78,0.531814873218536,1
"SimpleRNN",0,23,"test",79,0.615971148014069,0
"SimpleRNN",0,23,"test",80,0.447747617959976,0
"SimpleRNN",0,23,"test",81,0.44020015001297,1
"SimpleRNN",0,23,"test",82,0.656298875808716,1
"SimpleRNN",0,23,"test",83,0.574776411056519,1
"SimpleRNN",0,23,"test",84,0.419086694717407,1
"SimpleRNN",0,23,"test",85,0.429148375988007,0
"SimpleRNN",0,23,"test",86,0.482369989156723,0
"SimpleRNN",0,23,"test",87,0.48789769411087,0
"SimpleRNN",0,23,"test",88,0.490407973527908,0
"SimpleRNN",0,23,"test",89,0.467717498540878,0
"SimpleRNN",0,23,"test",90,0.459311813116074,0
"SimpleRNN",0,23,"test",91,0.481724172830582,1
"SimpleRNN",0,23,"test",92,0.392918825149536,0
"SimpleRNN",0,23,"test",93,0.390350610017776,0
"SimpleRNN",0,23,"test",94,0.487103223800659,0
"SimpleRNN",0,23,"test",95,0.505243360996246,0
"SimpleRNN",0,23,"test",96,0.568536818027496,0
"SimpleRNN",0,23,"test",97,0.565429449081421,1
"SimpleRNN",0,23,"test",98,0.492930263280869,1
"SimpleRNN",0,23,"test",99,0.502153396606445,1
"SimpleRNN",0,23,"test",100,0.519358694553375,1
"SimpleRNN",0,23,"test",101,0.510159015655518,1
"SimpleRNN",0,23,"test",102,0.463196605443954,0
"SimpleRNN",0,23,"test",103,0.43142232298851,0
"SimpleRNN",0,23,"test",104,0.615971148014069,0
"SimpleRNN",0,23,"test",105,0.669813334941864,0
"SimpleRNN",0,23,"test",106,0.44020015001297,0
"SimpleRNN",0,23,"test",107,0.449917852878571,0
"SimpleRNN",0,23,"test",108,0.574776411056519,0
"SimpleRNN",0,23,"test",109,0.59621262550354,0
"SimpleRNN",0,23,"test",110,0.429148375988007,1
"SimpleRNN",0,23,"test",111,0.388816952705383,1
"SimpleRNN",0,23,"test",112,0.48789769411087,1
"SimpleRNN",0,23,"test",113,0.503512740135193,0
"SimpleRNN",0,23,"test",114,0.467717498540878,1
"SimpleRNN",0,23,"test",115,0.457419574260712,1
"SimpleRNN",0,23,"test",116,0.481724172830582,1
"SimpleRNN",0,23,"test",117,0.47549843788147,1
"SimpleRNN",0,23,"test",118,0.390350610017776,1
"SimpleRNN",0,23,"test",119,0.37345889210701,0
"SimpleRNN",0,23,"test",120,0.505243360996246,0
"SimpleRNN",0,23,"test",121,0.554446399211884,0
"SimpleRNN",0,23,"test",122,0.565429449081421,1
"SimpleRNN",0,23,"test",123,0.565459907054901,1
"SimpleRNN",0,23,"test",124,0.502153396606445,1
"SimpleRNN",0,23,"test",125,0.487456202507019,0
"SimpleRNN",0,23,"test",126,0.510159015655518,0
"SimpleRNN",0,23,"test",127,0.502008616924286,0
"SimpleRNN",0,23,"test",128,0.43142232298851,1
"SimpleRNN",0,23,"test",129,0.43658384680748,1
"SimpleRNN",0,23,"test",130,0.669813334941864,1
"SimpleRNN",0,23,"test",131,0.686755359172821,1
"SimpleRNN",0,23,"test",132,0.449917852878571,0
"SimpleRNN",0,23,"test",133,0.409046083688736,0
"SimpleRNN",0,23,"test",134,0.59621262550354,0
"SimpleRNN",0,23,"test",135,0.559134662151337,0
"SimpleRNN",0,23,"test",136,0.388816952705383,0
"SimpleRNN",0,23,"test",137,0.428101122379303,1
"SimpleRNN",0,23,"test",138,0.503512740135193,1
"SimpleRNN",0,23,"test",139,0.510891199111938,1
"SimpleRNN",0,23,"test",140,0.457419574260712,1
"SimpleRNN",0,23,"test",141,0.45340770483017,1
"SimpleRNN",0,23,"test",142,0.47549843788147,1
"SimpleRNN",0,23,"test",143,0.514622509479523,1
"SimpleRNN",0,23,"test",144,0.37345889210701,1
"SimpleRNN",0,23,"test",145,0.359277725219727,1
"SimpleRNN",0,23,"test",146,0.554446399211884,1
"SimpleRNN",0,23,"test",147,0.555925667285919,1
"SimpleRNN",0,23,"test",148,0.565459907054901,1
"SimpleRNN",0,23,"test",149,0.597098529338837,1
"SimpleRNN",0,23,"test",150,0.487456202507019,1
"SimpleRNN",0,23,"test",151,0.500011026859283,1
"SimpleRNN",0,23,"test",152,0.502008616924286,0
"SimpleRNN",0,23,"test",153,0.532936334609985,0
"SimpleRNN",0,23,"test",154,0.43658384680748,1
"SimpleRNN",0,23,"test",155,0.437110066413879,1
"SimpleRNN",0,23,"test",156,0.686755359172821,1
"SimpleRNN",0,23,"test",157,0.645318746566772,0
"SimpleRNN",0,23,"test",158,0.409046083688736,0
"SimpleRNN",0,23,"test",159,0.456610590219498,0
"SimpleRNN",0,23,"test",160,0.559134662151337,0
"SimpleRNN",0,23,"test",161,0.550241053104401,0
"SimpleRNN",0,23,"test",162,0.428101122379303,0
"SimpleRNN",0,23,"test",163,0.460006713867188,0
"SimpleRNN",0,23,"test",164,0.510891199111938,0
"SimpleRNN",0,23,"test",165,0.513815104961395,1
"SimpleRNN",0,23,"test",166,0.45340770483017,1
"SimpleRNN",0,23,"test",167,0.475522100925446,0
"SimpleRNN",0,23,"test",168,0.514622509479523,1
"SimpleRNN",0,23,"test",169,0.510238170623779,1
"SimpleRNN",0,23,"test",170,0.359277725219727,1
"SimpleRNN",0,23,"test",171,0.362937867641449,0
"SimpleRNN",0,23,"test",172,0.555925667285919,0
"SimpleRNN",0,23,"test",173,0.562975406646729,1
"SimpleRNN",0,23,"test",174,0.597098529338837,1
"SimpleRNN",0,23,"test",175,0.573909759521484,1
"SimpleRNN",0,23,"test",176,0.500011026859283,1
"SimpleRNN",0,23,"test",177,0.506608128547668,0
"SimpleRNN",0,23,"test",178,0.532936334609985,0
"SimpleRNN",0,23,"test",179,0.501534223556519,0
"SimpleRNN",0,23,"test",180,0.437110066413879,0
"SimpleRNN",0,23,"test",181,0.438266575336456,0
"SimpleRNN",0,23,"test",182,0.645318746566772,0
"SimpleRNN",0,23,"test",183,0.632424831390381,0
"SimpleRNN",0,23,"test",184,0.45661062002182,0
"SimpleRNN",0,23,"test",185,0.41764172911644,0
"SimpleRNN",0,23,"test",186,0.550241053104401,1
"SimpleRNN",0,23,"test",187,0.528099000453949,0
"SimpleRNN",0,23,"test",188,0.460006713867188,0
"SimpleRNN",0,23,"test",189,0.463190078735352,0
"SimpleRNN",0,23,"test",190,0.513815104961395,0
"SimpleRNN",0,23,"test",191,0.451813280582428,0
"SimpleRNN",0,23,"test",192,0.475522130727768,0
"SimpleRNN",0,23,"test",193,0.461639970541,0
"SimpleRNN",0,23,"test",194,0.510238170623779,0
"SimpleRNN",0,23,"test",195,0.490271657705307,0
"SimpleRNN",0,23,"test",196,0.362937867641449,0
"SimpleRNN",0,23,"test",197,0.390994399785995,1
"SimpleRNN",0,23,"test",198,0.562975406646729,1
"SimpleRNN",0,23,"test",199,0.555722832679749,1
"SimpleRNN",0,23,"test",200,0.573909759521484,0
"SimpleRNN",0,23,"test",201,0.570005357265472,0
"SimpleRNN",0,23,"test",202,0.506608128547668,1
"SimpleRNN",0,23,"test",203,0.500637531280518,0
"SimpleRNN",0,23,"test",204,0.501534223556519,0
"SimpleRNN",0,23,"test",205,0.503996014595032,0
"SimpleRNN",0,23,"test",206,0.438266575336456,1
"SimpleRNN",0,23,"test",207,0.412103325128555,0
"SimpleRNN",0,23,"test",208,0.632424831390381,0
"SimpleRNN",0,23,"test",209,0.557439744472504,0
"SimpleRNN",0,23,"test",210,0.41764172911644,0
"SimpleRNN",0,23,"test",211,0.418916493654251,0
"SimpleRNN",0,23,"test",212,0.528099000453949,1
"SimpleRNN",0,23,"test",213,0.620909452438354,0
"SimpleRNN",0,23,"test",214,0.463190078735352,1
"SimpleRNN",0,23,"test",215,0.399649560451508,1
"SimpleRNN",0,23,"test",216,0.451813280582428,1
"SimpleRNN",0,23,"test",217,0.428189933300018,0
"SimpleRNN",0,23,"test",218,0.461639970541,0
"SimpleRNN",0,23,"test",219,0.46613809466362,1
"SimpleRNN",0,23,"test",220,0.490271657705307,1
"SimpleRNN",0,23,"test",221,0.511294007301331,0
"SimpleRNN",0,23,"test",222,0.390994399785995,1
"SimpleRNN",0,23,"test",223,0.364966720342636,1
"SimpleRNN",0,23,"test",224,0.555722713470459,1
"SimpleRNN",0,23,"test",225,0.535069227218628,0
"SimpleRNN",0,23,"test",226,0.570005357265472,0
"SimpleRNN",0,23,"test",227,0.572117209434509,0
"SimpleRNN",0,23,"test",228,0.500637531280518,1
"SimpleRNN",0,23,"test",229,0.507931113243103,1
"SimpleRNN",0,23,"test",230,0.503996014595032,0
"SimpleRNN",0,23,"test",231,0.476240336894989,1
"SimpleRNN",0,23,"test",232,0.412103325128555,1
"SimpleRNN",0,23,"test",233,0.546105325222015,1
"SimpleRNN",0,23,"test",234,0.557439744472504,1
"SimpleRNN",0,23,"test",235,0.567853629589081,1
"SimpleRNN",0,23,"test",236,0.418916493654251,1
"SimpleRNN",0,23,"test",237,0.409429341554642,0
"SimpleRNN",0,23,"test",238,0.620909452438354,0
"SimpleRNN",0,23,"test",239,0.558905959129333,0
"SimpleRNN",0,23,"test",240,0.399649560451508,0
"SimpleRNN",0,23,"test",241,0.38162687420845,0
"SimpleRNN",0,23,"test",242,0.428189933300018,0
"SimpleRNN",0,23,"test",243,0.464959114789963,0
"SimpleRNN",0,23,"test",244,0.46613809466362,1
"SimpleRNN",0,23,"test",245,0.468351989984512,1
"SimpleRNN",0,23,"test",246,0.511294007301331,1
"SimpleRNN",0,23,"test",247,0.504838824272156,1
"SimpleRNN",0,23,"test",248,0.364966660737991,1
"SimpleRNN",0,23,"test",249,0.386907011270523,1
"SimpleRNN",0,23,"test",250,0.535069227218628,1
"SimpleRNN",0,23,"test",251,0.533450067043304,1
"SimpleRNN",0,23,"test",252,0.572117209434509,0
"SimpleRNN",0,23,"test",253,0.596690714359283,0
"SimpleRNN",0,23,"test",254,0.507931113243103,0
"SimpleRNN",0,23,"test",255,0.49295511841774,1
"SimpleRNN",0,23,"test",256,0.476240366697311,1
"SimpleRNN",0,23,"test",257,0.516424953937531,1
"SimpleRNN",0,23,"test",258,0.546105325222015,1
"SimpleRNN",0,23,"test",259,0.463354349136353,1
"SimpleRNN",0,23,"test",260,0.567853629589081,1
"SimpleRNN",0,23,"test",261,0.523340940475464,1
"SimpleRNN",0,23,"test",262,0.409429341554642,0
"SimpleRNN",0,23,"test",263,0.374955117702484,0
"SimpleRNN",0,23,"test",264,0.558905959129333,1
"SimpleRNN",0,23,"test",265,0.58259791135788,1
"SimpleRNN",0,23,"test",266,0.38162687420845,1
"SimpleRNN",0,23,"test",267,0.451996207237244,1
"SimpleRNN",0,23,"test",268,0.464959114789963,1
"SimpleRNN",0,23,"test",269,0.483346968889236,1
"SimpleRNN",0,23,"test",270,0.468351989984512,1
"SimpleRNN",0,23,"test",271,0.457447618246078,1
"SimpleRNN",0,23,"test",272,0.504838824272156,1
"SimpleRNN",0,23,"test",273,0.484150767326355,1
"SimpleRNN",0,23,"test",274,0.386907011270523,1
"SimpleRNN",0,23,"test",275,0.368863105773926,1
"SimpleRNN",0,23,"test",276,0.533450067043304,1
"SimpleRNN",0,23,"test",277,0.559836328029633,1
"SimpleRNN",0,23,"test",278,0.596690714359283,0
"SimpleRNN",0,23,"test",279,0.625667154788971,0
"SimpleRNN",0,23,"test",280,0.49295511841774,0
"SimpleRNN",0,23,"test",281,0.495549738407135,0
"SimpleRNN",0,23,"test",282,0.516424953937531,0
"SimpleRNN",0,23,"test",283,0.498183369636536,0
"SimpleRNN",0,23,"test",284,0.463354349136353,0
"SimpleRNN",0,23,"test",285,0.519695043563843,0
"SimpleRNN",0,23,"test",286,0.523340940475464,0
"SimpleRNN",0,23,"test",287,0.66931289434433,0
"SimpleRNN",0,23,"test",288,0.374955117702484,0
"SimpleRNN",0,23,"test",289,0.426910996437073,0
"SimpleRNN",0,23,"test",290,0.58259791135788,0
"SimpleRNN",0,23,"test",291,0.504557728767395,0
"SimpleRNN",0,23,"test",292,0.451996207237244,1
"SimpleRNN",0,23,"test",293,0.488942950963974,1
"SimpleRNN",0,23,"test",294,0.483346968889236,1
"SimpleRNN",0,23,"test",295,0.497637271881104,0
"SimpleRNN",0,23,"test",296,0.457447618246078,0
"SimpleRNN",0,23,"test",297,0.466109931468964,1
"SimpleRNN",0,23,"test",298,0.484150767326355,0
"SimpleRNN",0,23,"test",299,0.500914871692657,0
"SimpleRNN",0,23,"test",300,0.368863105773926,1
"SimpleRNN",0,23,"test",301,0.30434063076973,1
"SimpleRNN",0,23,"test",302,0.559836328029633,1
"SimpleRNN",0,23,"test",303,0.534816682338715,0
"SimpleRNN",0,23,"test",304,0.625667154788971,1
"SimpleRNN",0,23,"test",305,0.618346154689789,0
"SimpleRNN",0,27,"test",1,0.469604134559631,0
"SimpleRNN",0,27,"test",2,0.505612969398499,0
"SimpleRNN",0,27,"test",3,0.524411737918854,1
"SimpleRNN",0,27,"test",4,0.541133463382721,1
"SimpleRNN",0,27,"test",5,0.520653367042542,1
"SimpleRNN",0,27,"test",6,0.464124947786331,1
"SimpleRNN",0,27,"test",7,0.400886029005051,1
"SimpleRNN",0,27,"test",8,0.535039007663727,1
"SimpleRNN",0,27,"test",9,0.480099558830261,1
"SimpleRNN",0,27,"test",10,0.467119872570038,1
"SimpleRNN",0,27,"test",11,0.47216323018074,1
"SimpleRNN",0,27,"test",12,0.439932554960251,1
"SimpleRNN",0,27,"test",13,0.475024193525314,1
"SimpleRNN",0,27,"test",14,0.366754233837128,1
"SimpleRNN",0,27,"test",15,0.369925528764725,1
"SimpleRNN",0,27,"test",16,0.52599036693573,1
"SimpleRNN",0,27,"test",17,0.527518153190613,0
"SimpleRNN",0,27,"test",18,0.559484899044037,0
"SimpleRNN",0,27,"test",19,0.569826662540436,0
"SimpleRNN",0,27,"test",20,0.516943395137787,1
"SimpleRNN",0,27,"test",21,0.538005590438843,1
"SimpleRNN",0,27,"test",22,0.543035387992859,1
"SimpleRNN",0,27,"test",23,0.538032650947571,0
"SimpleRNN",0,27,"test",24,0.484351724386215,0
"SimpleRNN",0,27,"test",25,0.516551792621613,0
"SimpleRNN",0,27,"test",26,0.469604134559631,1
"SimpleRNN",0,27,"test",27,0.521048247814178,1
"SimpleRNN",0,27,"test",28,0.524411737918854,1
"SimpleRNN",0,27,"test",29,0.529643774032593,0
"SimpleRNN",0,27,"test",30,0.520653367042542,0
"SimpleRNN",0,27,"test",31,0.546540975570679,0
"SimpleRNN",0,27,"test",32,0.400886029005051,0
"SimpleRNN",0,27,"test",33,0.33716207742691,0
"SimpleRNN",0,27,"test",34,0.480099558830261,1
"SimpleRNN",0,27,"test",35,0.526584029197693,1
"SimpleRNN",0,27,"test",36,0.47216323018074,1
"SimpleRNN",0,27,"test",37,0.472098886966705,1
"SimpleRNN",0,27,"test",38,0.475024193525314,1
"SimpleRNN",0,27,"test",39,0.467800498008728,1
"SimpleRNN",0,27,"test",40,0.369925528764725,1
"SimpleRNN",0,27,"test",41,0.364565968513489,1
"SimpleRNN",0,27,"test",42,0.527518153190613,0
"SimpleRNN",0,27,"test",43,0.494771331548691,0
"SimpleRNN",0,27,"test",44,0.569826662540436,1
"SimpleRNN",0,27,"test",45,0.563014626502991,1
"SimpleRNN",0,27,"test",46,0.538005590438843,1
"SimpleRNN",0,27,"test",47,0.492408007383347,0
"SimpleRNN",0,27,"test",48,0.538032650947571,0
"SimpleRNN",0,27,"test",49,0.519120037555695,0
"SimpleRNN",0,27,"test",50,0.516551792621613,0
"SimpleRNN",0,27,"test",51,0.484913319349289,1
"SimpleRNN",0,27,"test",52,0.521048247814178,1
"SimpleRNN",0,27,"test",53,0.493350744247437,1
"SimpleRNN",0,27,"test",54,0.529643774032593,1
"SimpleRNN",0,27,"test",55,0.500598549842834,0
"SimpleRNN",0,27,"test",56,0.546540975570679,0
"SimpleRNN",0,27,"test",57,0.604178249835968,0
"SimpleRNN",0,27,"test",58,0.33716207742691,0
"SimpleRNN",0,27,"test",59,0.32565575838089,1
"SimpleRNN",0,27,"test",60,0.526584029197693,1
"SimpleRNN",0,27,"test",61,0.46338415145874,1
"SimpleRNN",0,27,"test",62,0.472098886966705,0
"SimpleRNN",0,27,"test",63,0.469373762607574,1
"SimpleRNN",0,27,"test",64,0.467800498008728,1
"SimpleRNN",0,27,"test",65,0.454748541116714,1
"SimpleRNN",0,27,"test",66,0.364565968513489,1
"SimpleRNN",0,27,"test",67,0.373009890317917,1
"SimpleRNN",0,27,"test",68,0.494771331548691,0
"SimpleRNN",0,27,"test",69,0.491792857646942,0
"SimpleRNN",0,27,"test",70,0.563014626502991,0
"SimpleRNN",0,27,"test",71,0.588778674602509,1
"SimpleRNN",0,27,"test",72,0.492408007383347,1
"SimpleRNN",0,27,"test",73,0.472836166620255,0
"SimpleRNN",0,27,"test",74,0.519120037555695,0
"SimpleRNN",0,27,"test",75,0.540439367294312,0
"SimpleRNN",0,27,"test",76,0.484913319349289,0
"SimpleRNN",0,27,"test",77,0.50388240814209,0
"SimpleRNN",0,27,"test",78,0.493350744247437,1
"SimpleRNN",0,27,"test",79,0.475857228040695,0
"SimpleRNN",0,27,"test",80,0.500598549842834,0
"SimpleRNN",0,27,"test",81,0.528989553451538,1
"SimpleRNN",0,27,"test",82,0.604178249835968,1
"SimpleRNN",0,27,"test",83,0.558396399021149,1
"SimpleRNN",0,27,"test",84,0.32565575838089,1
"SimpleRNN",0,27,"test",85,0.335767984390259,0
"SimpleRNN",0,27,"test",86,0.46338415145874,0
"SimpleRNN",0,27,"test",87,0.469843029975891,0
"SimpleRNN",0,27,"test",88,0.469373762607574,0
"SimpleRNN",0,27,"test",89,0.474008053541183,0
"SimpleRNN",0,27,"test",90,0.454748541116714,0
"SimpleRNN",0,27,"test",91,0.472583144903183,1
"SimpleRNN",0,27,"test",92,0.373009890317917,0
"SimpleRNN",0,27,"test",93,0.373481392860413,0
"SimpleRNN",0,27,"test",94,0.491792857646942,0
"SimpleRNN",0,27,"test",95,0.507607042789459,0
"SimpleRNN",0,27,"test",96,0.588778674602509,0
"SimpleRNN",0,27,"test",97,0.569425523281097,1
"SimpleRNN",0,27,"test",98,0.472836166620255,1
"SimpleRNN",0,27,"test",99,0.491087168455124,1
"SimpleRNN",0,27,"test",100,0.540439367294312,1
"SimpleRNN",0,27,"test",101,0.529549360275269,1
"SimpleRNN",0,27,"test",102,0.50388240814209,0
"SimpleRNN",0,27,"test",103,0.491745620965958,0
"SimpleRNN",0,27,"test",104,0.475857228040695,0
"SimpleRNN",0,27,"test",105,0.468595117330551,0
"SimpleRNN",0,27,"test",106,0.528989553451538,0
"SimpleRNN",0,27,"test",107,0.471802920103073,0
"SimpleRNN",0,27,"test",108,0.558396399021149,0
"SimpleRNN",0,27,"test",109,0.57008945941925,0
"SimpleRNN",0,27,"test",110,0.335767984390259,1
"SimpleRNN",0,27,"test",111,0.311638951301575,1
"SimpleRNN",0,27,"test",112,0.469843029975891,1
"SimpleRNN",0,27,"test",113,0.49165615439415,0
"SimpleRNN",0,27,"test",114,0.474008053541183,1
"SimpleRNN",0,27,"test",115,0.46528086066246,1
"SimpleRNN",0,27,"test",116,0.472583144903183,1
"SimpleRNN",0,27,"test",117,0.457028031349182,1
"SimpleRNN",0,27,"test",118,0.373481392860413,1
"SimpleRNN",0,27,"test",119,0.362999826669693,0
"SimpleRNN",0,27,"test",120,0.507607102394104,0
"SimpleRNN",0,27,"test",121,0.534801065921783,0
"SimpleRNN",0,27,"test",122,0.569425523281097,1
"SimpleRNN",0,27,"test",123,0.57175475358963,1
"SimpleRNN",0,27,"test",124,0.491087168455124,1
"SimpleRNN",0,27,"test",125,0.469967067241669,0
"SimpleRNN",0,27,"test",126,0.529549360275269,0
"SimpleRNN",0,27,"test",127,0.515991806983948,0
"SimpleRNN",0,27,"test",128,0.491745620965958,1
"SimpleRNN",0,27,"test",129,0.473211675882339,1
"SimpleRNN",0,27,"test",130,0.468595117330551,1
"SimpleRNN",0,27,"test",131,0.481450498104095,1
"SimpleRNN",0,27,"test",132,0.471802920103073,0
"SimpleRNN",0,27,"test",133,0.622879683971405,0
"SimpleRNN",0,27,"test",134,0.57008945941925,0
"SimpleRNN",0,27,"test",135,0.560943722724915,0
"SimpleRNN",0,27,"test",136,0.311638951301575,0
"SimpleRNN",0,27,"test",137,0.342211574316025,1
"SimpleRNN",0,27,"test",138,0.49165615439415,1
"SimpleRNN",0,27,"test",139,0.498965680599213,1
"SimpleRNN",0,27,"test",140,0.46528086066246,1
"SimpleRNN",0,27,"test",141,0.4661925137043,1
"SimpleRNN",0,27,"test",142,0.457028031349182,1
"SimpleRNN",0,27,"test",143,0.481765389442444,1
"SimpleRNN",0,27,"test",144,0.362999826669693,1
"SimpleRNN",0,27,"test",145,0.366441965103149,1
"SimpleRNN",0,27,"test",146,0.534801065921783,1
"SimpleRNN",0,27,"test",147,0.537371635437012,1
"SimpleRNN",0,27,"test",148,0.57175475358963,1
"SimpleRNN",0,27,"test",149,0.564600169658661,1
"SimpleRNN",0,27,"test",150,0.469967067241669,1
"SimpleRNN",0,27,"test",151,0.480674415826797,1
"SimpleRNN",0,27,"test",152,0.515991806983948,0
"SimpleRNN",0,27,"test",153,0.554767310619354,0
"SimpleRNN",0,27,"test",154,0.473211675882339,1
"SimpleRNN",0,27,"test",155,0.443387687206268,1
"SimpleRNN",0,27,"test",156,0.481450498104095,1
"SimpleRNN",0,27,"test",157,0.476526856422424,0
"SimpleRNN",0,27,"test",158,0.622879683971405,0
"SimpleRNN",0,27,"test",159,0.556879341602325,0
"SimpleRNN",0,27,"test",160,0.560943722724915,0
"SimpleRNN",0,27,"test",161,0.558663845062256,0
"SimpleRNN",0,27,"test",162,0.342211574316025,0
"SimpleRNN",0,27,"test",163,0.401780813932419,0
"SimpleRNN",0,27,"test",164,0.498965680599213,0
"SimpleRNN",0,27,"test",165,0.511839628219604,1
"SimpleRNN",0,27,"test",166,0.4661925137043,1
"SimpleRNN",0,27,"test",167,0.468241363763809,0
"SimpleRNN",0,27,"test",168,0.481765389442444,1
"SimpleRNN",0,27,"test",169,0.482693672180176,1
"SimpleRNN",0,27,"test",170,0.366441965103149,1
"SimpleRNN",0,27,"test",171,0.364183485507965,0
"SimpleRNN",0,27,"test",172,0.537371635437012,0
"SimpleRNN",0,27,"test",173,0.537089705467224,1
"SimpleRNN",0,27,"test",174,0.564600169658661,1
"SimpleRNN",0,27,"test",175,0.562184929847717,1
"SimpleRNN",0,27,"test",176,0.480674415826797,1
"SimpleRNN",0,27,"test",177,0.48467418551445,0
"SimpleRNN",0,27,"test",178,0.554767310619354,0
"SimpleRNN",0,27,"test",179,0.50997406244278,0
"SimpleRNN",0,27,"test",180,0.443387687206268,0
"SimpleRNN",0,27,"test",181,0.54186075925827,0
"SimpleRNN",0,27,"test",182,0.476526856422424,0
"SimpleRNN",0,27,"test",183,0.466496795415878,0
"SimpleRNN",0,27,"test",184,0.556879341602325,0
"SimpleRNN",0,27,"test",185,0.5057452917099,0
"SimpleRNN",0,27,"test",186,0.558663845062256,1
"SimpleRNN",0,27,"test",187,0.554736733436584,0
"SimpleRNN",0,27,"test",188,0.401780813932419,0
"SimpleRNN",0,27,"test",189,0.396495044231415,0
"SimpleRNN",0,27,"test",190,0.511839628219604,0
"SimpleRNN",0,27,"test",191,0.420809239149094,0
"SimpleRNN",0,27,"test",192,0.468241363763809,0
"SimpleRNN",0,27,"test",193,0.478944510221481,0
"SimpleRNN",0,27,"test",194,0.482693672180176,0
"SimpleRNN",0,27,"test",195,0.458262473344803,0
"SimpleRNN",0,27,"test",196,0.364183485507965,0
"SimpleRNN",0,27,"test",197,0.361243933439255,1
"SimpleRNN",0,27,"test",198,0.537089705467224,1
"SimpleRNN",0,27,"test",199,0.535072028636932,1
"SimpleRNN",0,27,"test",200,0.562184929847717,0
"SimpleRNN",0,27,"test",201,0.558800041675568,0
"SimpleRNN",0,27,"test",202,0.48467418551445,1
"SimpleRNN",0,27,"test",203,0.521644353866577,0
"SimpleRNN",0,27,"test",204,0.50997406244278,0
"SimpleRNN",0,27,"test",205,0.522064387798309,0
"SimpleRNN",0,27,"test",206,0.54186075925827,1
"SimpleRNN",0,27,"test",207,0.521440804004669,0
"SimpleRNN",0,27,"test",208,0.466496795415878,0
"SimpleRNN",0,27,"test",209,0.492680966854095,0
"SimpleRNN",0,27,"test",210,0.5057452917099,0
"SimpleRNN",0,27,"test",211,0.507837057113647,0
"SimpleRNN",0,27,"test",212,0.554736733436584,1
"SimpleRNN",0,27,"test",213,0.58215719461441,0
"SimpleRNN",0,27,"test",214,0.396495044231415,1
"SimpleRNN",0,27,"test",215,0.303060054779053,1
"SimpleRNN",0,27,"test",216,0.420809328556061,1
"SimpleRNN",0,27,"test",217,0.383646100759506,0
"SimpleRNN",0,27,"test",218,0.478944510221481,0
"SimpleRNN",0,27,"test",219,0.482454419136047,1
"SimpleRNN",0,27,"test",220,0.458262473344803,1
"SimpleRNN",0,27,"test",221,0.482226669788361,0
"SimpleRNN",0,27,"test",222,0.361243933439255,1
"SimpleRNN",0,27,"test",223,0.365793138742447,1
"SimpleRNN",0,27,"test",224,0.535071969032288,1
"SimpleRNN",0,27,"test",225,0.526158392429352,0
"SimpleRNN",0,27,"test",226,0.558800041675568,0
"SimpleRNN",0,27,"test",227,0.580209255218506,0
"SimpleRNN",0,27,"test",228,0.521644353866577,1
"SimpleRNN",0,27,"test",229,0.487603604793549,1
"SimpleRNN",0,27,"test",230,0.522064387798309,0
"SimpleRNN",0,27,"test",231,0.486197292804718,1
"SimpleRNN",0,27,"test",232,0.521440804004669,1
"SimpleRNN",0,27,"test",233,0.5027916431427,1
"SimpleRNN",0,27,"test",234,0.492680966854095,1
"SimpleRNN",0,27,"test",235,0.486981987953186,1
"SimpleRNN",0,27,"test",236,0.507837057113647,1
"SimpleRNN",0,27,"test",237,0.530686616897583,0
"SimpleRNN",0,27,"test",238,0.58215719461441,0
"SimpleRNN",0,27,"test",239,0.56144255399704,0
"SimpleRNN",0,27,"test",240,0.303060054779053,0
"SimpleRNN",0,27,"test",241,0.285544246435165,0
"SimpleRNN",0,27,"test",242,0.383646100759506,0
"SimpleRNN",0,27,"test",243,0.436306715011597,0
"SimpleRNN",0,27,"test",244,0.482454419136047,1
"SimpleRNN",0,27,"test",245,0.484750777482986,1
"SimpleRNN",0,27,"test",246,0.482226669788361,1
"SimpleRNN",0,27,"test",247,0.466311454772949,1
"SimpleRNN",0,27,"test",248,0.365793079137802,1
"SimpleRNN",0,27,"test",249,0.385616809129715,1
"SimpleRNN",0,27,"test",250,0.526158392429352,1
"SimpleRNN",0,27,"test",251,0.531940221786499,1
"SimpleRNN",0,27,"test",252,0.580209255218506,0
"SimpleRNN",0,27,"test",253,0.582572937011719,0
"SimpleRNN",0,27,"test",254,0.487603604793549,0
"SimpleRNN",0,27,"test",255,0.467767924070358,1
"SimpleRNN",0,27,"test",256,0.486197263002396,1
"SimpleRNN",0,27,"test",257,0.537021934986115,1
"SimpleRNN",0,27,"test",258,0.5027916431427,1
"SimpleRNN",0,27,"test",259,0.510536193847656,1
"SimpleRNN",0,27,"test",260,0.486981987953186,1
"SimpleRNN",0,27,"test",261,0.508873105049133,1
"SimpleRNN",0,27,"test",262,0.530686616897583,0
"SimpleRNN",0,27,"test",263,0.469424873590469,0
"SimpleRNN",0,27,"test",264,0.56144255399704,1
"SimpleRNN",0,27,"test",265,0.562525868415833,1
"SimpleRNN",0,27,"test",266,0.285544246435165,1
"SimpleRNN",0,27,"test",267,0.349546551704407,1
"SimpleRNN",0,27,"test",268,0.436306715011597,1
"SimpleRNN",0,27,"test",269,0.462025284767151,1
"SimpleRNN",0,27,"test",270,0.484750777482986,1
"SimpleRNN",0,27,"test",271,0.468298643827438,1
"SimpleRNN",0,27,"test",272,0.466311454772949,1
"SimpleRNN",0,27,"test",273,0.454687982797623,1
"SimpleRNN",0,27,"test",274,0.385616809129715,1
"SimpleRNN",0,27,"test",275,0.365528732538223,1
"SimpleRNN",0,27,"test",276,0.531940221786499,1
"SimpleRNN",0,27,"test",277,0.541363894939423,1
"SimpleRNN",0,27,"test",278,0.582572937011719,0
"SimpleRNN",0,27,"test",279,0.560853838920593,0
"SimpleRNN",0,27,"test",280,0.467767894268036,0
"SimpleRNN",0,27,"test",281,0.486974239349365,0
"SimpleRNN",0,27,"test",282,0.537021934986115,0
"SimpleRNN",0,27,"test",283,0.5148686170578,0
"SimpleRNN",0,27,"test",284,0.510536193847656,0
"SimpleRNN",0,27,"test",285,0.486767947673798,0
"SimpleRNN",0,27,"test",286,0.508873105049133,0
"SimpleRNN",0,27,"test",287,0.472081333398819,0
"SimpleRNN",0,27,"test",288,0.469424873590469,0
"SimpleRNN",0,27,"test",289,0.518837332725525,0
"SimpleRNN",0,27,"test",290,0.562525868415833,0
"SimpleRNN",0,27,"test",291,0.526624023914337,0
"SimpleRNN",0,27,"test",292,0.349546551704407,1
"SimpleRNN",0,27,"test",293,0.470260888338089,1
"SimpleRNN",0,27,"test",294,0.462025284767151,1
"SimpleRNN",0,27,"test",295,0.496132344007492,0
"SimpleRNN",0,27,"test",296,0.468298643827438,0
"SimpleRNN",0,27,"test",297,0.467626214027405,1
"SimpleRNN",0,27,"test",298,0.454687982797623,0
"SimpleRNN",0,27,"test",299,0.466857075691223,0
"SimpleRNN",0,27,"test",300,0.365528732538223,1
"SimpleRNN",0,27,"test",301,0.4117052257061,1
"SimpleRNN",0,27,"test",302,0.541363894939423,1
"SimpleRNN",0,27,"test",303,0.539157927036285,0
"SimpleRNN",0,27,"test",304,0.560853838920593,1
"SimpleRNN",0,27,"test",305,0.580479264259338,0
"SimpleRNN",0,98,"test",1,0.494391798973083,0
"SimpleRNN",0,98,"test",2,0.587775826454163,0
"SimpleRNN",0,98,"test",3,0.583967387676239,1
"SimpleRNN",0,98,"test",4,0.468271166086197,1
"SimpleRNN",0,98,"test",5,0.568690419197083,1
"SimpleRNN",0,98,"test",6,0.447185486555099,1
"SimpleRNN",0,98,"test",7,0.473042398691177,1
"SimpleRNN",0,98,"test",8,0.568425416946411,1
"SimpleRNN",0,98,"test",9,0.517001330852509,1
"SimpleRNN",0,98,"test",10,0.484631836414337,1
"SimpleRNN",0,98,"test",11,0.496086359024048,1
"SimpleRNN",0,98,"test",12,0.484016209840775,1
"SimpleRNN",0,98,"test",13,0.445311725139618,1
"SimpleRNN",0,98,"test",14,0.346365123987198,1
"SimpleRNN",0,98,"test",15,0.33699569106102,1
"SimpleRNN",0,98,"test",16,0.458429843187332,1
"SimpleRNN",0,98,"test",17,0.473171800374985,0
"SimpleRNN",0,98,"test",18,0.501642465591431,0
"SimpleRNN",0,98,"test",19,0.506814181804657,0
"SimpleRNN",0,98,"test",20,0.566421210765839,1
"SimpleRNN",0,98,"test",21,0.559113383293152,1
"SimpleRNN",0,98,"test",22,0.492440521717072,1
"SimpleRNN",0,98,"test",23,0.476372331380844,0
"SimpleRNN",0,98,"test",24,0.483319789171219,0
"SimpleRNN",0,98,"test",25,0.483698099851608,0
"SimpleRNN",0,98,"test",26,0.494391798973083,1
"SimpleRNN",0,98,"test",27,0.501389384269714,1
"SimpleRNN",0,98,"test",28,0.583967387676239,1
"SimpleRNN",0,98,"test",29,0.538886666297913,0
"SimpleRNN",0,98,"test",30,0.568690419197083,0
"SimpleRNN",0,98,"test",31,0.597165584564209,0
"SimpleRNN",0,98,"test",32,0.473042398691177,0
"SimpleRNN",0,98,"test",33,0.505270779132843,0
"SimpleRNN",0,98,"test",34,0.517001330852509,1
"SimpleRNN",0,98,"test",35,0.552738308906555,1
"SimpleRNN",0,98,"test",36,0.496086359024048,1
"SimpleRNN",0,98,"test",37,0.496799051761627,1
"SimpleRNN",0,98,"test",38,0.445311725139618,1
"SimpleRNN",0,98,"test",39,0.433856010437012,1
"SimpleRNN",0,98,"test",40,0.33699569106102,1
"SimpleRNN",0,98,"test",41,0.349667072296143,1
"SimpleRNN",0,98,"test",42,0.473171800374985,0
"SimpleRNN",0,98,"test",43,0.484721481800079,0
"SimpleRNN",0,98,"test",44,0.506814181804657,1
"SimpleRNN",0,98,"test",45,0.502615928649902,1
"SimpleRNN",0,98,"test",46,0.559113383293152,1
"SimpleRNN",0,98,"test",47,0.554496645927429,0
"SimpleRNN",0,98,"test",48,0.476372331380844,0
"SimpleRNN",0,98,"test",49,0.534522891044617,0
"SimpleRNN",0,98,"test",50,0.483698099851608,0
"SimpleRNN",0,98,"test",51,0.463771760463715,1
"SimpleRNN",0,98,"test",52,0.501389384269714,1
"SimpleRNN",0,98,"test",53,0.501032173633575,1
"SimpleRNN",0,98,"test",54,0.538886666297913,1
"SimpleRNN",0,98,"test",55,0.488484144210815,0
"SimpleRNN",0,98,"test",56,0.597165584564209,0
"SimpleRNN",0,98,"test",57,0.708050668239594,0
"SimpleRNN",0,98,"test",58,0.505270779132843,0
"SimpleRNN",0,98,"test",59,0.50089967250824,1
"SimpleRNN",0,98,"test",60,0.552738308906555,1
"SimpleRNN",0,98,"test",61,0.470580279827118,1
"SimpleRNN",0,98,"test",62,0.496799051761627,0
"SimpleRNN",0,98,"test",63,0.490538448095322,1
"SimpleRNN",0,98,"test",64,0.433856010437012,1
"SimpleRNN",0,98,"test",65,0.454848051071167,1
"SimpleRNN",0,98,"test",66,0.349667072296143,1
"SimpleRNN",0,98,"test",67,0.340893238782883,1
"SimpleRNN",0,98,"test",68,0.484721481800079,0
"SimpleRNN",0,98,"test",69,0.474140167236328,0
"SimpleRNN",0,98,"test",70,0.502615928649902,0
"SimpleRNN",0,98,"test",71,0.489616125822067,1
"SimpleRNN",0,98,"test",72,0.554496645927429,1
"SimpleRNN",0,98,"test",73,0.553922533988953,0
"SimpleRNN",0,98,"test",74,0.534522891044617,0
"SimpleRNN",0,98,"test",75,0.512641668319702,0
"SimpleRNN",0,98,"test",76,0.463771760463715,0
"SimpleRNN",0,98,"test",77,0.454425126314163,0
"SimpleRNN",0,98,"test",78,0.501032173633575,1
"SimpleRNN",0,98,"test",79,0.491957515478134,0
"SimpleRNN",0,98,"test",80,0.488484144210815,0
"SimpleRNN",0,98,"test",81,0.463092148303986,1
"SimpleRNN",0,98,"test",82,0.708050668239594,1
"SimpleRNN",0,98,"test",83,0.61085045337677,1
"SimpleRNN",0,98,"test",84,0.50089967250824,1
"SimpleRNN",0,98,"test",85,0.505216836929321,0
"SimpleRNN",0,98,"test",86,0.470580279827118,0
"SimpleRNN",0,98,"test",87,0.505720973014832,0
"SimpleRNN",0,98,"test",88,0.490538448095322,0
"SimpleRNN",0,98,"test",89,0.472529858350754,0
"SimpleRNN",0,98,"test",90,0.454848051071167,0
"SimpleRNN",0,98,"test",91,0.472663342952728,1
"SimpleRNN",0,98,"test",92,0.340893238782883,0
"SimpleRNN",0,98,"test",93,0.342594712972641,0
"SimpleRNN",0,98,"test",94,0.474140167236328,0
"SimpleRNN",0,98,"test",95,0.473108917474747,0
"SimpleRNN",0,98,"test",96,0.489616125822067,0
"SimpleRNN",0,98,"test",97,0.483915954828262,1
"SimpleRNN",0,98,"test",98,0.553922533988953,1
"SimpleRNN",0,98,"test",99,0.55632096529007,1
"SimpleRNN",0,98,"test",100,0.512641668319702,1
"SimpleRNN",0,98,"test",101,0.51822417974472,1
"SimpleRNN",0,98,"test",102,0.454425126314163,0
"SimpleRNN",0,98,"test",103,0.437347054481506,0
"SimpleRNN",0,98,"test",104,0.491957515478134,0
"SimpleRNN",0,98,"test",105,0.477980673313141,0
"SimpleRNN",0,98,"test",106,0.463092148303986,0
"SimpleRNN",0,98,"test",107,0.508819580078125,0
"SimpleRNN",0,98,"test",108,0.61085045337677,0
"SimpleRNN",0,98,"test",109,0.633609175682068,0
"SimpleRNN",0,98,"test",110,0.505216836929321,1
"SimpleRNN",0,98,"test",111,0.479119598865509,1
"SimpleRNN",0,98,"test",112,0.505720973014832,1
"SimpleRNN",0,98,"test",113,0.528773367404938,0
"SimpleRNN",0,98,"test",114,0.472529858350754,1
"SimpleRNN",0,98,"test",115,0.490865290164948,1
"SimpleRNN",0,98,"test",116,0.472663342952728,1
"SimpleRNN",0,98,"test",117,0.486106395721436,1
"SimpleRNN",0,98,"test",118,0.342594712972641,1
"SimpleRNN",0,98,"test",119,0.366178601980209,0
"SimpleRNN",0,98,"test",120,0.473108917474747,0
"SimpleRNN",0,98,"test",121,0.473512828350067,0
"SimpleRNN",0,98,"test",122,0.483915954828262,1
"SimpleRNN",0,98,"test",123,0.482677340507507,1
"SimpleRNN",0,98,"test",124,0.55632096529007,1
"SimpleRNN",0,98,"test",125,0.548061668872833,0
"SimpleRNN",0,98,"test",126,0.51822417974472,0
"SimpleRNN",0,98,"test",127,0.54731297492981,0
"SimpleRNN",0,98,"test",128,0.437347114086151,1
"SimpleRNN",0,98,"test",129,0.450568854808807,1
"SimpleRNN",0,98,"test",130,0.477980673313141,1
"SimpleRNN",0,98,"test",131,0.491450875997543,1
"SimpleRNN",0,98,"test",132,0.508819580078125,0
"SimpleRNN",0,98,"test",133,0.378806620836258,0
"SimpleRNN",0,98,"test",134,0.633609175682068,0
"SimpleRNN",0,98,"test",135,0.575728535652161,0
"SimpleRNN",0,98,"test",136,0.479119598865509,0
"SimpleRNN",0,98,"test",137,0.496006667613983,1
"SimpleRNN",0,98,"test",138,0.528773367404938,1
"SimpleRNN",0,98,"test",139,0.535982370376587,1
"SimpleRNN",0,98,"test",140,0.490865290164948,1
"SimpleRNN",0,98,"test",141,0.49214631319046,1
"SimpleRNN",0,98,"test",142,0.486106395721436,1
"SimpleRNN",0,98,"test",143,0.545365869998932,1
"SimpleRNN",0,98,"test",144,0.366178601980209,1
"SimpleRNN",0,98,"test",145,0.378894686698914,1
"SimpleRNN",0,98,"test",146,0.473512828350067,1
"SimpleRNN",0,98,"test",147,0.481470435857773,1
"SimpleRNN",0,98,"test",148,0.482677340507507,1
"SimpleRNN",0,98,"test",149,0.512269735336304,1
"SimpleRNN",0,98,"test",150,0.548061668872833,1
"SimpleRNN",0,98,"test",151,0.559533774852753,1
"SimpleRNN",0,98,"test",152,0.54731297492981,0
"SimpleRNN",0,98,"test",153,0.559115529060364,0
"SimpleRNN",0,98,"test",154,0.450568854808807,1
"SimpleRNN",0,98,"test",155,0.463945657014847,1
"SimpleRNN",0,98,"test",156,0.491450875997543,1
"SimpleRNN",0,98,"test",157,0.487341314554214,0
"SimpleRNN",0,98,"test",158,0.378806620836258,0
"SimpleRNN",0,98,"test",159,0.469476044178009,0
"SimpleRNN",0,98,"test",160,0.575728535652161,0
"SimpleRNN",0,98,"test",161,0.562533974647522,0
"SimpleRNN",0,98,"test",162,0.496006667613983,0
"SimpleRNN",0,98,"test",163,0.487701594829559,0
"SimpleRNN",0,98,"test",164,0.535982370376587,0
"SimpleRNN",0,98,"test",165,0.544878482818604,1
"SimpleRNN",0,98,"test",166,0.49214631319046,1
"SimpleRNN",0,98,"test",167,0.488150715827942,0
"SimpleRNN",0,98,"test",168,0.545365869998932,1
"SimpleRNN",0,98,"test",169,0.528242945671082,1
"SimpleRNN",0,98,"test",170,0.378894686698914,1
"SimpleRNN",0,98,"test",171,0.378633439540863,0
"SimpleRNN",0,98,"test",172,0.481470435857773,0
"SimpleRNN",0,98,"test",173,0.475151568651199,1
"SimpleRNN",0,98,"test",174,0.512269735336304,1
"SimpleRNN",0,98,"test",175,0.49520081281662,1
"SimpleRNN",0,98,"test",176,0.559533774852753,1
"SimpleRNN",0,98,"test",177,0.56866592168808,0
"SimpleRNN",0,98,"test",178,0.559115529060364,0
"SimpleRNN",0,98,"test",179,0.557995975017548,0
"SimpleRNN",0,98,"test",180,0.463945657014847,0
"SimpleRNN",0,98,"test",181,0.410005122423172,0
"SimpleRNN",0,98,"test",182,0.487341314554214,0
"SimpleRNN",0,98,"test",183,0.485113143920898,0
"SimpleRNN",0,98,"test",184,0.469476044178009,0
"SimpleRNN",0,98,"test",185,0.44431334733963,0
"SimpleRNN",0,98,"test",186,0.562533974647522,1
"SimpleRNN",0,98,"test",187,0.526517331600189,0
"SimpleRNN",0,98,"test",188,0.487701594829559,0
"SimpleRNN",0,98,"test",189,0.499322593212128,0
"SimpleRNN",0,98,"test",190,0.544878482818604,0
"SimpleRNN",0,98,"test",191,0.333596706390381,0
"SimpleRNN",0,98,"test",192,0.488150715827942,0
"SimpleRNN",0,98,"test",193,0.496710777282715,0
"SimpleRNN",0,98,"test",194,0.528242945671082,0
"SimpleRNN",0,98,"test",195,0.524639785289764,0
"SimpleRNN",0,98,"test",196,0.378633439540863,0
"SimpleRNN",0,98,"test",197,0.354893207550049,1
"SimpleRNN",0,98,"test",198,0.475151568651199,1
"SimpleRNN",0,98,"test",199,0.473320454359055,1
"SimpleRNN",0,98,"test",200,0.49520081281662,0
"SimpleRNN",0,98,"test",201,0.492380976676941,0
"SimpleRNN",0,98,"test",202,0.56866592168808,1
"SimpleRNN",0,98,"test",203,0.542632400989532,0
"SimpleRNN",0,98,"test",204,0.557995975017548,0
"SimpleRNN",0,98,"test",205,0.520313560962677,0
"SimpleRNN",0,98,"test",206,0.410005122423172,1
"SimpleRNN",0,98,"test",207,0.406552225351334,0
"SimpleRNN",0,98,"test",208,0.485113143920898,0
"SimpleRNN",0,98,"test",209,0.50170910358429,0
"SimpleRNN",0,98,"test",210,0.44431334733963,0
"SimpleRNN",0,98,"test",211,0.445094496011734,0
"SimpleRNN",0,98,"test",212,0.526517331600189,1
"SimpleRNN",0,98,"test",213,0.664918005466461,0
"SimpleRNN",0,98,"test",214,0.499322593212128,1
"SimpleRNN",0,98,"test",215,0.501590371131897,1
"SimpleRNN",0,98,"test",216,0.333596706390381,1
"SimpleRNN",0,98,"test",217,0.288557678461075,0
"SimpleRNN",0,98,"test",218,0.496710777282715,0
"SimpleRNN",0,98,"test",219,0.496715486049652,1
"SimpleRNN",0,98,"test",220,0.524639785289764,1
"SimpleRNN",0,98,"test",221,0.532729685306549,0
"SimpleRNN",0,98,"test",222,0.354893207550049,1
"SimpleRNN",0,98,"test",223,0.371619671583176,1
"SimpleRNN",0,98,"test",224,0.473320454359055,1
"SimpleRNN",0,98,"test",225,0.470172882080078,0
"SimpleRNN",0,98,"test",226,0.492380976676941,0
"SimpleRNN",0,98,"test",227,0.497392356395721,0
"SimpleRNN",0,98,"test",228,0.542632400989532,1
"SimpleRNN",0,98,"test",229,0.568469762802124,1
"SimpleRNN",0,98,"test",230,0.520313560962677,0
"SimpleRNN",0,98,"test",231,0.531688272953033,1
"SimpleRNN",0,98,"test",232,0.406552225351334,1
"SimpleRNN",0,98,"test",233,0.519486904144287,1
"SimpleRNN",0,98,"test",234,0.50170910358429,1
"SimpleRNN",0,98,"test",235,0.500297904014587,1
"SimpleRNN",0,98,"test",236,0.445094496011734,1
"SimpleRNN",0,98,"test",237,0.421499192714691,0
"SimpleRNN",0,98,"test",238,0.664918005466461,0
"SimpleRNN",0,98,"test",239,0.574323177337646,0
"SimpleRNN",0,98,"test",240,0.501590371131897,0
"SimpleRNN",0,98,"test",241,0.51005756855011,0
"SimpleRNN",0,98,"test",242,0.288557678461075,0
"SimpleRNN",0,98,"test",243,0.455201715230942,0
"SimpleRNN",0,98,"test",244,0.496715486049652,1
"SimpleRNN",0,98,"test",245,0.478200405836105,1
"SimpleRNN",0,98,"test",246,0.532729685306549,1
"SimpleRNN",0,98,"test",247,0.55052387714386,1
"SimpleRNN",0,98,"test",248,0.37161973118782,1
"SimpleRNN",0,98,"test",249,0.34651243686676,1
"SimpleRNN",0,98,"test",250,0.470172882080078,1
"SimpleRNN",0,98,"test",251,0.486290752887726,1
"SimpleRNN",0,98,"test",252,0.497392356395721,0
"SimpleRNN",0,98,"test",253,0.506467282772064,0
"SimpleRNN",0,98,"test",254,0.568469762802124,0
"SimpleRNN",0,98,"test",255,0.557732105255127,1
"SimpleRNN",0,98,"test",256,0.531688272953033,1
"SimpleRNN",0,98,"test",257,0.531781375408173,1
"SimpleRNN",0,98,"test",258,0.519486904144287,1
"SimpleRNN",0,98,"test",259,0.449282050132751,1
"SimpleRNN",0,98,"test",260,0.500297904014587,1
"SimpleRNN",0,98,"test",261,0.501984238624573,1
"SimpleRNN",0,98,"test",262,0.421499192714691,0
"SimpleRNN",0,98,"test",263,0.390661954879761,0
"SimpleRNN",0,98,"test",264,0.574323177337646,1
"SimpleRNN",0,98,"test",265,0.619196951389313,1
"SimpleRNN",0,98,"test",266,0.51005756855011,1
"SimpleRNN",0,98,"test",267,0.545219779014587,1
"SimpleRNN",0,98,"test",268,0.455201715230942,1
"SimpleRNN",0,98,"test",269,0.492964059114456,1
"SimpleRNN",0,98,"test",270,0.478200405836105,1
"SimpleRNN",0,98,"test",271,0.489062577486038,1
"SimpleRNN",0,98,"test",272,0.55052387714386,1
"SimpleRNN",0,98,"test",273,0.515403568744659,1
"SimpleRNN",0,98,"test",274,0.34651243686676,1
"SimpleRNN",0,98,"test",275,0.367020726203918,1
"SimpleRNN",0,98,"test",276,0.486290752887726,1
"SimpleRNN",0,98,"test",277,0.500053644180298,1
"SimpleRNN",0,98,"test",278,0.506467282772064,0
"SimpleRNN",0,98,"test",279,0.521601140499115,0
"SimpleRNN",0,98,"test",280,0.557732164859772,0
"SimpleRNN",0,98,"test",281,0.549832761287689,0
"SimpleRNN",0,98,"test",282,0.531781375408173,0
"SimpleRNN",0,98,"test",283,0.514179289340973,0
"SimpleRNN",0,98,"test",284,0.449282050132751,0
"SimpleRNN",0,98,"test",285,0.508724749088287,0
"SimpleRNN",0,98,"test",286,0.501984238624573,0
"SimpleRNN",0,98,"test",287,0.480673789978027,0
"SimpleRNN",0,98,"test",288,0.390661954879761,0
"SimpleRNN",0,98,"test",289,0.450667649507523,0
"SimpleRNN",0,98,"test",290,0.619196951389313,0
"SimpleRNN",0,98,"test",291,0.532313466072083,0
"SimpleRNN",0,98,"test",292,0.545219779014587,1
"SimpleRNN",0,98,"test",293,0.466957598924637,1
"SimpleRNN",0,98,"test",294,0.492964059114456,1
"SimpleRNN",0,98,"test",295,0.531444609165192,0
"SimpleRNN",0,98,"test",296,0.489062577486038,0
"SimpleRNN",0,98,"test",297,0.487816035747528,1
"SimpleRNN",0,98,"test",298,0.515403568744659,0
"SimpleRNN",0,98,"test",299,0.536661982536316,0
"SimpleRNN",0,98,"test",300,0.367020726203918,1
"SimpleRNN",0,98,"test",301,0.444932609796524,1
"SimpleRNN",0,98,"test",302,0.500053644180298,1
"SimpleRNN",0,98,"test",303,0.505482375621796,0
"SimpleRNN",0,98,"test",304,0.521601140499115,1
"SimpleRNN",0,98,"test",305,0.517798602581024,0
"SimpleRNN",0,41,"test",1,0.514649510383606,0
"SimpleRNN",0,41,"test",2,0.499204337596893,0
"SimpleRNN",0,41,"test",3,0.510147571563721,1
"SimpleRNN",0,41,"test",4,0.594642341136932,1
"SimpleRNN",0,41,"test",5,0.517873048782349,1
"SimpleRNN",0,41,"test",6,0.463565170764923,1
"SimpleRNN",0,41,"test",7,0.451805412769318,1
"SimpleRNN",0,41,"test",8,0.563313782215118,1
"SimpleRNN",0,41,"test",9,0.50058388710022,1
"SimpleRNN",0,41,"test",10,0.505292356014252,1
"SimpleRNN",0,41,"test",11,0.505872368812561,1
"SimpleRNN",0,41,"test",12,0.467216342687607,1
"SimpleRNN",0,41,"test",13,0.504500567913055,1
"SimpleRNN",0,41,"test",14,0.375453501939774,1
"SimpleRNN",0,41,"test",15,0.38708034157753,1
"SimpleRNN",0,41,"test",16,0.417594194412231,1
"SimpleRNN",0,41,"test",17,0.448514938354492,0
"SimpleRNN",0,41,"test",18,0.517080187797546,0
"SimpleRNN",0,41,"test",19,0.504943013191223,0
"SimpleRNN",0,41,"test",20,0.53176474571228,1
"SimpleRNN",0,41,"test",21,0.593306720256805,1
"SimpleRNN",0,41,"test",22,0.543146073818207,1
"SimpleRNN",0,41,"test",23,0.546034693717957,0
"SimpleRNN",0,41,"test",24,0.456279039382935,0
"SimpleRNN",0,41,"test",25,0.475592344999313,0
"SimpleRNN",0,41,"test",26,0.514649510383606,1
"SimpleRNN",0,41,"test",27,0.569148242473602,1
"SimpleRNN",0,41,"test",28,0.510147571563721,1
"SimpleRNN",0,41,"test",29,0.523388803005219,0
"SimpleRNN",0,41,"test",30,0.517873048782349,0
"SimpleRNN",0,41,"test",31,0.535728216171265,0
"SimpleRNN",0,41,"test",32,0.451805472373962,0
"SimpleRNN",0,41,"test",33,0.441881716251373,0
"SimpleRNN",0,41,"test",34,0.50058388710022,1
"SimpleRNN",0,41,"test",35,0.548980236053467,1
"SimpleRNN",0,41,"test",36,0.505872368812561,1
"SimpleRNN",0,41,"test",37,0.495602011680603,1
"SimpleRNN",0,41,"test",38,0.504500567913055,1
"SimpleRNN",0,41,"test",39,0.485447496175766,1
"SimpleRNN",0,41,"test",40,0.38708034157753,1
"SimpleRNN",0,41,"test",41,0.37297910451889,1
"SimpleRNN",0,41,"test",42,0.448514938354492,0
"SimpleRNN",0,41,"test",43,0.465824514627457,0
"SimpleRNN",0,41,"test",44,0.504943013191223,1
"SimpleRNN",0,41,"test",45,0.517711937427521,1
"SimpleRNN",0,41,"test",46,0.593306720256805,1
"SimpleRNN",0,41,"test",47,0.504606604576111,0
"SimpleRNN",0,41,"test",48,0.546034693717957,0
"SimpleRNN",0,41,"test",49,0.496842980384827,0
"SimpleRNN",0,41,"test",50,0.475592344999313,0
"SimpleRNN",0,41,"test",51,0.443326890468597,1
"SimpleRNN",0,41,"test",52,0.569148242473602,1
"SimpleRNN",0,41,"test",53,0.524780809879303,1
"SimpleRNN",0,41,"test",54,0.523388803005219,1
"SimpleRNN",0,41,"test",55,0.519508600234985,0
"SimpleRNN",0,41,"test",56,0.535728216171265,0
"SimpleRNN",0,41,"test",57,0.535376369953156,0
"SimpleRNN",0,41,"test",58,0.441881716251373,0
"SimpleRNN",0,41,"test",59,0.446544945240021,1
"SimpleRNN",0,41,"test",60,0.548980236053467,1
"SimpleRNN",0,41,"test",61,0.479735046625137,1
"SimpleRNN",0,41,"test",62,0.495602011680603,0
"SimpleRNN",0,41,"test",63,0.503105700016022,1
"SimpleRNN",0,41,"test",64,0.485447496175766,1
"SimpleRNN",0,41,"test",65,0.483715862035751,1
"SimpleRNN",0,41,"test",66,0.37297910451889,1
"SimpleRNN",0,41,"test",67,0.381763070821762,1
"SimpleRNN",0,41,"test",68,0.465824514627457,0
"SimpleRNN",0,41,"test",69,0.445112347602844,0
"SimpleRNN",0,41,"test",70,0.517711937427521,0
"SimpleRNN",0,41,"test",71,0.65015983581543,1
"SimpleRNN",0,41,"test",72,0.504606604576111,1
"SimpleRNN",0,41,"test",73,0.452035129070282,0
"SimpleRNN",0,41,"test",74,0.496842980384827,0
"SimpleRNN",0,41,"test",75,0.530624449253082,0
"SimpleRNN",0,41,"test",76,0.443326890468597,0
"SimpleRNN",0,41,"test",77,0.445243388414383,0
"SimpleRNN",0,41,"test",78,0.524780809879303,1
"SimpleRNN",0,41,"test",79,0.47019362449646,0
"SimpleRNN",0,41,"test",80,0.519508600234985,0
"SimpleRNN",0,41,"test",81,0.547831475734711,1
"SimpleRNN",0,41,"test",82,0.535376369953156,1
"SimpleRNN",0,41,"test",83,0.542227923870087,1
"SimpleRNN",0,41,"test",84,0.446544945240021,1
"SimpleRNN",0,41,"test",85,0.442149519920349,0
"SimpleRNN",0,41,"test",86,0.479735046625137,0
"SimpleRNN",0,41,"test",87,0.488767057657242,0
"SimpleRNN",0,41,"test",88,0.503105759620667,0
"SimpleRNN",0,41,"test",89,0.484302639961243,0
"SimpleRNN",0,41,"test",90,0.483715862035751,0
"SimpleRNN",0,41,"test",91,0.520933508872986,1
"SimpleRNN",0,41,"test",92,0.381763070821762,0
"SimpleRNN",0,41,"test",93,0.380751609802246,0
"SimpleRNN",0,41,"test",94,0.445112347602844,0
"SimpleRNN",0,41,"test",95,0.45115453004837,0
"SimpleRNN",0,41,"test",96,0.650159776210785,0
"SimpleRNN",0,41,"test",97,0.605075359344482,1
"SimpleRNN",0,41,"test",98,0.452035129070282,1
"SimpleRNN",0,41,"test",99,0.496285557746887,1
"SimpleRNN",0,41,"test",100,0.530624449253082,1
"SimpleRNN",0,41,"test",101,0.515514016151428,1
"SimpleRNN",0,41,"test",102,0.445243388414383,0
"SimpleRNN",0,41,"test",103,0.421952366828918,0
"SimpleRNN",0,41,"test",104,0.47019362449646,0
"SimpleRNN",0,41,"test",105,0.444644331932068,0
"SimpleRNN",0,41,"test",106,0.547831475734711,0
"SimpleRNN",0,41,"test",107,0.494319379329681,0
"SimpleRNN",0,41,"test",108,0.542227923870087,0
"SimpleRNN",0,41,"test",109,0.543181598186493,0
"SimpleRNN",0,41,"test",110,0.442149519920349,1
"SimpleRNN",0,41,"test",111,0.468253970146179,1
"SimpleRNN",0,41,"test",112,0.488767057657242,1
"SimpleRNN",0,41,"test",113,0.514120101928711,0
"SimpleRNN",0,41,"test",114,0.484302639961243,1
"SimpleRNN",0,41,"test",115,0.456067711114883,1
"SimpleRNN",0,41,"test",116,0.520933508872986,1
"SimpleRNN",0,41,"test",117,0.500014662742615,1
"SimpleRNN",0,41,"test",118,0.380751609802246,1
"SimpleRNN",0,41,"test",119,0.36199226975441,0
"SimpleRNN",0,41,"test",120,0.451154500246048,0
"SimpleRNN",0,41,"test",121,0.433013796806335,0
"SimpleRNN",0,41,"test",122,0.605075359344482,1
"SimpleRNN",0,41,"test",123,0.613332390785217,1
"SimpleRNN",0,41,"test",124,0.496285557746887,1
"SimpleRNN",0,41,"test",125,0.46106368303299,0
"SimpleRNN",0,41,"test",126,0.515514016151428,0
"SimpleRNN",0,41,"test",127,0.487760365009308,0
"SimpleRNN",0,41,"test",128,0.421952366828918,1
"SimpleRNN",0,41,"test",129,0.428326904773712,1
"SimpleRNN",0,41,"test",130,0.444644331932068,1
"SimpleRNN",0,41,"test",131,0.477772653102875,1
"SimpleRNN",0,41,"test",132,0.494319379329681,0
"SimpleRNN",0,41,"test",133,0.654397904872894,0
"SimpleRNN",0,41,"test",134,0.543181598186493,0
"SimpleRNN",0,41,"test",135,0.563060343265533,0
"SimpleRNN",0,41,"test",136,0.468253970146179,0
"SimpleRNN",0,41,"test",137,0.445919543504715,1
"SimpleRNN",0,41,"test",138,0.514120101928711,1
"SimpleRNN",0,41,"test",139,0.522374391555786,1
"SimpleRNN",0,41,"test",140,0.456067711114883,1
"SimpleRNN",0,41,"test",141,0.449069797992706,1
"SimpleRNN",0,41,"test",142,0.500014662742615,1
"SimpleRNN",0,41,"test",143,0.543062448501587,1
"SimpleRNN",0,41,"test",144,0.36199226975441,1
"SimpleRNN",0,41,"test",145,0.355834931135178,1
"SimpleRNN",0,41,"test",146,0.433013796806335,1
"SimpleRNN",0,41,"test",147,0.442832171916962,1
"SimpleRNN",0,41,"test",148,0.613332390785217,1
"SimpleRNN",0,41,"test",149,0.472696840763092,1
"SimpleRNN",0,41,"test",150,0.46106368303299,1
"SimpleRNN",0,41,"test",151,0.458716750144958,1
"SimpleRNN",0,41,"test",152,0.487760365009308,0
"SimpleRNN",0,41,"test",153,0.535059094429016,0
"SimpleRNN",0,41,"test",154,0.428326904773712,1
"SimpleRNN",0,41,"test",155,0.430577009916306,1
"SimpleRNN",0,41,"test",156,0.477772653102875,1
"SimpleRNN",0,41,"test",157,0.465540409088135,0
"SimpleRNN",0,41,"test",158,0.654397904872894,0
"SimpleRNN",0,41,"test",159,0.565851986408234,0
"SimpleRNN",0,41,"test",160,0.563060343265533,0
"SimpleRNN",0,41,"test",161,0.567564070224762,0
"SimpleRNN",0,41,"test",162,0.445919543504715,0
"SimpleRNN",0,41,"test",163,0.446206837892532,0
"SimpleRNN",0,41,"test",164,0.522374391555786,0
"SimpleRNN",0,41,"test",165,0.535516202449799,1
"SimpleRNN",0,41,"test",166,0.449069797992706,1
"SimpleRNN",0,41,"test",167,0.483730345964432,0
"SimpleRNN",0,41,"test",168,0.543062448501587,1
"SimpleRNN",0,41,"test",169,0.549125790596008,1
"SimpleRNN",0,41,"test",170,0.355834931135178,1
"SimpleRNN",0,41,"test",171,0.35548609495163,0
"SimpleRNN",0,41,"test",172,0.442832171916962,0
"SimpleRNN",0,41,"test",173,0.425781816244125,1
"SimpleRNN",0,41,"test",174,0.472696840763092,1
"SimpleRNN",0,41,"test",175,0.549559473991394,1
"SimpleRNN",0,41,"test",176,0.458716750144958,1
"SimpleRNN",0,41,"test",177,0.442700892686844,0
"SimpleRNN",0,41,"test",178,0.535059094429016,0
"SimpleRNN",0,41,"test",179,0.475942879915237,0
"SimpleRNN",0,41,"test",180,0.430577009916306,0
"SimpleRNN",0,41,"test",181,0.439716547727585,0
"SimpleRNN",0,41,"test",182,0.465540409088135,0
"SimpleRNN",0,41,"test",183,0.445733189582825,0
"SimpleRNN",0,41,"test",184,0.565851986408234,0
"SimpleRNN",0,41,"test",185,0.537029922008514,0
"SimpleRNN",0,41,"test",186,0.567564070224762,1
"SimpleRNN",0,41,"test",187,0.582809686660767,0
"SimpleRNN",0,41,"test",188,0.446206837892532,0
"SimpleRNN",0,41,"test",189,0.441345989704132,0
"SimpleRNN",0,41,"test",190,0.535516202449799,0
"SimpleRNN",0,41,"test",191,0.443002641201019,0
"SimpleRNN",0,41,"test",192,0.483730345964432,0
"SimpleRNN",0,41,"test",193,0.444545328617096,0
"SimpleRNN",0,41,"test",194,0.549125790596008,0
"SimpleRNN",0,41,"test",195,0.504107236862183,0
"SimpleRNN",0,41,"test",196,0.35548609495163,0
"SimpleRNN",0,41,"test",197,0.371932715177536,1
"SimpleRNN",0,41,"test",198,0.425781816244125,1
"SimpleRNN",0,41,"test",199,0.431385695934296,1
"SimpleRNN",0,41,"test",200,0.549559473991394,0
"SimpleRNN",0,41,"test",201,0.554394543170929,0
"SimpleRNN",0,41,"test",202,0.442700892686844,1
"SimpleRNN",0,41,"test",203,0.599715173244476,0
"SimpleRNN",0,41,"test",204,0.475942879915237,0
"SimpleRNN",0,41,"test",205,0.506268501281738,0
"SimpleRNN",0,41,"test",206,0.439716547727585,1
"SimpleRNN",0,41,"test",207,0.399580150842667,0
"SimpleRNN",0,41,"test",208,0.445733189582825,0
"SimpleRNN",0,41,"test",209,0.517177283763885,0
"SimpleRNN",0,41,"test",210,0.537029922008514,0
"SimpleRNN",0,41,"test",211,0.538352429866791,0
"SimpleRNN",0,41,"test",212,0.582809686660767,1
"SimpleRNN",0,41,"test",213,0.539395332336426,0
"SimpleRNN",0,41,"test",214,0.441345989704132,1
"SimpleRNN",0,41,"test",215,0.452249616384506,1
"SimpleRNN",0,41,"test",216,0.443002641201019,1
"SimpleRNN",0,41,"test",217,0.408791452646255,0
"SimpleRNN",0,41,"test",218,0.444545328617096,0
"SimpleRNN",0,41,"test",219,0.446223944425583,1
"SimpleRNN",0,41,"test",220,0.504107236862183,1
"SimpleRNN",0,41,"test",221,0.54740971326828,0
"SimpleRNN",0,41,"test",222,0.371932715177536,1
"SimpleRNN",0,41,"test",223,0.359430283308029,1
"SimpleRNN",0,41,"test",224,0.431385785341263,1
"SimpleRNN",0,41,"test",225,0.443249523639679,0
"SimpleRNN",0,41,"test",226,0.554394543170929,0
"SimpleRNN",0,41,"test",227,0.570910751819611,0
"SimpleRNN",0,41,"test",228,0.599715173244476,1
"SimpleRNN",0,41,"test",229,0.452107965946198,1
"SimpleRNN",0,41,"test",230,0.506268501281738,0
"SimpleRNN",0,41,"test",231,0.464628368616104,1
"SimpleRNN",0,41,"test",232,0.399580150842667,1
"SimpleRNN",0,41,"test",233,0.47622212767601,1
"SimpleRNN",0,41,"test",234,0.517177283763885,1
"SimpleRNN",0,41,"test",235,0.504510641098022,1
"SimpleRNN",0,41,"test",236,0.538352429866791,1
"SimpleRNN",0,41,"test",237,0.563422024250031,0
"SimpleRNN",0,41,"test",238,0.539395332336426,0
"SimpleRNN",0,41,"test",239,0.564428150653839,0
"SimpleRNN",0,41,"test",240,0.452249616384506,0
"SimpleRNN",0,41,"test",241,0.451594680547714,0
"SimpleRNN",0,41,"test",242,0.408791452646255,0
"SimpleRNN",0,41,"test",243,0.452031433582306,0
"SimpleRNN",0,41,"test",244,0.446223944425583,1
"SimpleRNN",0,41,"test",245,0.471945881843567,1
"SimpleRNN",0,41,"test",246,0.54740971326828,1
"SimpleRNN",0,41,"test",247,0.514237523078918,1
"SimpleRNN",0,41,"test",248,0.359430283308029,1
"SimpleRNN",0,41,"test",249,0.388561844825745,1
"SimpleRNN",0,41,"test",250,0.443249523639679,1
"SimpleRNN",0,41,"test",251,0.472780764102936,1
"SimpleRNN",0,41,"test",252,0.570910751819611,0
"SimpleRNN",0,41,"test",253,0.484829127788544,0
"SimpleRNN",0,41,"test",254,0.452107965946198,0
"SimpleRNN",0,41,"test",255,0.423463642597198,1
"SimpleRNN",0,41,"test",256,0.464628338813782,1
"SimpleRNN",0,41,"test",257,0.518710136413574,1
"SimpleRNN",0,41,"test",258,0.47622212767601,1
"SimpleRNN",0,41,"test",259,0.446622937917709,1
"SimpleRNN",0,41,"test",260,0.504510641098022,1
"SimpleRNN",0,41,"test",261,0.550462543964386,1
"SimpleRNN",0,41,"test",262,0.563422024250031,0
"SimpleRNN",0,41,"test",263,0.522332966327667,0
"SimpleRNN",0,41,"test",264,0.564428150653839,1
"SimpleRNN",0,41,"test",265,0.542551815509796,1
"SimpleRNN",0,41,"test",266,0.451594680547714,1
"SimpleRNN",0,41,"test",267,0.418288290500641,1
"SimpleRNN",0,41,"test",268,0.452031433582306,1
"SimpleRNN",0,41,"test",269,0.480767279863358,1
"SimpleRNN",0,41,"test",270,0.471945881843567,1
"SimpleRNN",0,41,"test",271,0.458341866731644,1
"SimpleRNN",0,41,"test",272,0.514237523078918,1
"SimpleRNN",0,41,"test",273,0.497966647148132,1
"SimpleRNN",0,41,"test",274,0.388561844825745,1
"SimpleRNN",0,41,"test",275,0.361836373806,1
"SimpleRNN",0,41,"test",276,0.472780764102936,1
"SimpleRNN",0,41,"test",277,0.467728078365326,1
"SimpleRNN",0,41,"test",278,0.484829127788544,0
"SimpleRNN",0,41,"test",279,0.340052902698517,0
"SimpleRNN",0,41,"test",280,0.423463732004166,0
"SimpleRNN",0,41,"test",281,0.503592193126678,0
"SimpleRNN",0,41,"test",282,0.518710136413574,0
"SimpleRNN",0,41,"test",283,0.501323938369751,0
"SimpleRNN",0,41,"test",284,0.446622937917709,0
"SimpleRNN",0,41,"test",285,0.469947069883347,0
"SimpleRNN",0,41,"test",286,0.550462543964386,0
"SimpleRNN",0,41,"test",287,0.45315209031105,0
"SimpleRNN",0,41,"test",288,0.522332966327667,0
"SimpleRNN",0,41,"test",289,0.544716060161591,0
"SimpleRNN",0,41,"test",290,0.542551815509796,0
"SimpleRNN",0,41,"test",291,0.54118138551712,0
"SimpleRNN",0,41,"test",292,0.418288290500641,1
"SimpleRNN",0,41,"test",293,0.466191291809082,1
"SimpleRNN",0,41,"test",294,0.480767279863358,1
"SimpleRNN",0,41,"test",295,0.513384938240051,0
"SimpleRNN",0,41,"test",296,0.458341866731644,0
"SimpleRNN",0,41,"test",297,0.471285045146942,1
"SimpleRNN",0,41,"test",298,0.497966647148132,0
"SimpleRNN",0,41,"test",299,0.518295705318451,0
"SimpleRNN",0,41,"test",300,0.361836373806,1
"SimpleRNN",0,41,"test",301,0.348756968975067,1
"SimpleRNN",0,41,"test",302,0.467728078365326,1
"SimpleRNN",0,41,"test",303,0.505710363388062,0
"SimpleRNN",0,41,"test",304,0.340052902698517,1
"SimpleRNN",0,41,"test",305,0.423145353794098,0
"SimpleRNN",0,64,"test",1,0.408250749111176,0
"SimpleRNN",0,64,"test",2,0.483685523271561,0
"SimpleRNN",0,64,"test",3,0.492479979991913,1
"SimpleRNN",0,64,"test",4,0.617704451084137,1
"SimpleRNN",0,64,"test",5,0.574498295783997,1
"SimpleRNN",0,64,"test",6,0.44743537902832,1
"SimpleRNN",0,64,"test",7,0.422473520040512,1
"SimpleRNN",0,64,"test",8,0.540240943431854,1
"SimpleRNN",0,64,"test",9,0.506217360496521,1
"SimpleRNN",0,64,"test",10,0.418659597635269,1
"SimpleRNN",0,64,"test",11,0.386025935411453,1
"SimpleRNN",0,64,"test",12,0.469174712896347,1
"SimpleRNN",0,64,"test",13,0.464064419269562,1
"SimpleRNN",0,64,"test",14,0.432471424341202,1
"SimpleRNN",0,64,"test",15,0.464220196008682,1
"SimpleRNN",0,64,"test",16,0.538260638713837,1
"SimpleRNN",0,64,"test",17,0.533741295337677,0
"SimpleRNN",0,64,"test",18,0.569119334220886,0
"SimpleRNN",0,64,"test",19,0.590133368968964,0
"SimpleRNN",0,64,"test",20,0.524299085140228,1
"SimpleRNN",0,64,"test",21,0.584120810031891,1
"SimpleRNN",0,64,"test",22,0.481876403093338,1
"SimpleRNN",0,64,"test",23,0.463684648275375,0
"SimpleRNN",0,64,"test",24,0.479395240545273,0
"SimpleRNN",0,64,"test",25,0.480639427900314,0
"SimpleRNN",0,64,"test",26,0.408250749111176,1
"SimpleRNN",0,64,"test",27,0.436331510543823,1
"SimpleRNN",0,64,"test",28,0.492479979991913,1
"SimpleRNN",0,64,"test",29,0.507634997367859,0
"SimpleRNN",0,64,"test",30,0.574498295783997,0
"SimpleRNN",0,64,"test",31,0.597669363021851,0
"SimpleRNN",0,64,"test",32,0.422473520040512,0
"SimpleRNN",0,64,"test",33,0.390638738870621,0
"SimpleRNN",0,64,"test",34,0.506217360496521,1
"SimpleRNN",0,64,"test",35,0.522195518016815,1
"SimpleRNN",0,64,"test",36,0.386025935411453,1
"SimpleRNN",0,64,"test",37,0.382150650024414,1
"SimpleRNN",0,64,"test",38,0.464064419269562,1
"SimpleRNN",0,64,"test",39,0.462197780609131,1
"SimpleRNN",0,64,"test",40,0.464220196008682,1
"SimpleRNN",0,64,"test",41,0.428531140089035,1
"SimpleRNN",0,64,"test",42,0.533741295337677,0
"SimpleRNN",0,64,"test",43,0.492984026670456,0
"SimpleRNN",0,64,"test",44,0.590133368968964,1
"SimpleRNN",0,64,"test",45,0.572844803333282,1
"SimpleRNN",0,64,"test",46,0.584120810031891,1
"SimpleRNN",0,64,"test",47,0.499184310436249,0
"SimpleRNN",0,64,"test",48,0.463684648275375,0
"SimpleRNN",0,64,"test",49,0.515671253204346,0
"SimpleRNN",0,64,"test",50,0.480639427900314,0
"SimpleRNN",0,64,"test",51,0.446130484342575,1
"SimpleRNN",0,64,"test",52,0.436331510543823,1
"SimpleRNN",0,64,"test",53,0.490409195423126,1
"SimpleRNN",0,64,"test",54,0.507634997367859,1
"SimpleRNN",0,64,"test",55,0.504900574684143,0
"SimpleRNN",0,64,"test",56,0.597669363021851,0
"SimpleRNN",0,64,"test",57,0.6407231092453,0
"SimpleRNN",0,64,"test",58,0.390638738870621,0
"SimpleRNN",0,64,"test",59,0.392780870199203,1
"SimpleRNN",0,64,"test",60,0.522195518016815,1
"SimpleRNN",0,64,"test",61,0.531737804412842,1
"SimpleRNN",0,64,"test",62,0.382150650024414,0
"SimpleRNN",0,64,"test",63,0.404434531927109,1
"SimpleRNN",0,64,"test",64,0.462197780609131,1
"SimpleRNN",0,64,"test",65,0.465205043554306,1
"SimpleRNN",0,64,"test",66,0.428531140089035,1
"SimpleRNN",0,64,"test",67,0.439911544322968,1
"SimpleRNN",0,64,"test",68,0.492984026670456,0
"SimpleRNN",0,64,"test",69,0.496764302253723,0
"SimpleRNN",0,64,"test",70,0.572844803333282,0
"SimpleRNN",0,64,"test",71,0.461352318525314,1
"SimpleRNN",0,64,"test",72,0.499184310436249,1
"SimpleRNN",0,64,"test",73,0.451856732368469,0
"SimpleRNN",0,64,"test",74,0.515671253204346,0
"SimpleRNN",0,64,"test",75,0.500257849693298,0
"SimpleRNN",0,64,"test",76,0.446130484342575,0
"SimpleRNN",0,64,"test",77,0.434177875518799,0
"SimpleRNN",0,64,"test",78,0.490409195423126,1
"SimpleRNN",0,64,"test",79,0.587424635887146,0
"SimpleRNN",0,64,"test",80,0.504900574684143,0
"SimpleRNN",0,64,"test",81,0.528144001960754,1
"SimpleRNN",0,64,"test",82,0.6407231092453,1
"SimpleRNN",0,64,"test",83,0.608116090297699,1
"SimpleRNN",0,64,"test",84,0.392780870199203,1
"SimpleRNN",0,64,"test",85,0.39046922326088,0
"SimpleRNN",0,64,"test",86,0.531737804412842,0
"SimpleRNN",0,64,"test",87,0.500391364097595,0
"SimpleRNN",0,64,"test",88,0.404434531927109,0
"SimpleRNN",0,64,"test",89,0.474086493253708,0
"SimpleRNN",0,64,"test",90,0.465205043554306,0
"SimpleRNN",0,64,"test",91,0.465255856513977,1
"SimpleRNN",0,64,"test",92,0.439911544322968,0
"SimpleRNN",0,64,"test",93,0.435142785310745,0
"SimpleRNN",0,64,"test",94,0.496764302253723,0
"SimpleRNN",0,64,"test",95,0.510890960693359,0
"SimpleRNN",0,64,"test",96,0.461352318525314,0
"SimpleRNN",0,64,"test",97,0.473388373851776,1
"SimpleRNN",0,64,"test",98,0.451856732368469,1
"SimpleRNN",0,64,"test",99,0.491117566823959,1
"SimpleRNN",0,64,"test",100,0.500257849693298,1
"SimpleRNN",0,64,"test",101,0.501956820487976,1
"SimpleRNN",0,64,"test",102,0.434177875518799,0
"SimpleRNN",0,64,"test",103,0.400819838047028,0
"SimpleRNN",0,64,"test",104,0.587424635887146,0
"SimpleRNN",0,64,"test",105,0.635002911090851,0
"SimpleRNN",0,64,"test",106,0.528144001960754,0
"SimpleRNN",0,64,"test",107,0.483683258295059,0
"SimpleRNN",0,64,"test",108,0.608116090297699,0
"SimpleRNN",0,64,"test",109,0.616535544395447,0
"SimpleRNN",0,64,"test",110,0.39046922326088,1
"SimpleRNN",0,64,"test",111,0.415539890527725,1
"SimpleRNN",0,64,"test",112,0.500391364097595,1
"SimpleRNN",0,64,"test",113,0.513827383518219,0
"SimpleRNN",0,64,"test",114,0.474086493253708,1
"SimpleRNN",0,64,"test",115,0.451871752738953,1
"SimpleRNN",0,64,"test",116,0.465255856513977,1
"SimpleRNN",0,64,"test",117,0.466947853565216,1
"SimpleRNN",0,64,"test",118,0.435142785310745,1
"SimpleRNN",0,64,"test",119,0.395574688911438,0
"SimpleRNN",0,64,"test",120,0.510890960693359,0
"SimpleRNN",0,64,"test",121,0.543684601783752,0
"SimpleRNN",0,64,"test",122,0.473388373851776,1
"SimpleRNN",0,64,"test",123,0.463959604501724,1
"SimpleRNN",0,64,"test",124,0.491117566823959,1
"SimpleRNN",0,64,"test",125,0.462380677461624,0
"SimpleRNN",0,64,"test",126,0.501956820487976,0
"SimpleRNN",0,64,"test",127,0.529864728450775,0
"SimpleRNN",0,64,"test",128,0.400819838047028,1
"SimpleRNN",0,64,"test",129,0.421540290117264,1
"SimpleRNN",0,64,"test",130,0.635002911090851,1
"SimpleRNN",0,64,"test",131,0.611696064472198,1
"SimpleRNN",0,64,"test",132,0.483683258295059,0
"SimpleRNN",0,64,"test",133,0.608989775180817,0
"SimpleRNN",0,64,"test",134,0.616535544395447,0
"SimpleRNN",0,64,"test",135,0.61885279417038,0
"SimpleRNN",0,64,"test",136,0.415539890527725,0
"SimpleRNN",0,64,"test",137,0.397956371307373,1
"SimpleRNN",0,64,"test",138,0.513827383518219,1
"SimpleRNN",0,64,"test",139,0.526830554008484,1
"SimpleRNN",0,64,"test",140,0.451871752738953,1
"SimpleRNN",0,64,"test",141,0.468938201665878,1
"SimpleRNN",0,64,"test",142,0.466947853565216,1
"SimpleRNN",0,64,"test",143,0.456142574548721,1
"SimpleRNN",0,64,"test",144,0.395574688911438,1
"SimpleRNN",0,64,"test",145,0.369673848152161,1
"SimpleRNN",0,64,"test",146,0.543684601783752,1
"SimpleRNN",0,64,"test",147,0.54402369260788,1
"SimpleRNN",0,64,"test",148,0.463959604501724,1
"SimpleRNN",0,64,"test",149,0.609199345111847,1
"SimpleRNN",0,64,"test",150,0.462380677461624,1
"SimpleRNN",0,64,"test",151,0.455736339092255,1
"SimpleRNN",0,64,"test",152,0.529864728450775,0
"SimpleRNN",0,64,"test",153,0.553416073322296,0
"SimpleRNN",0,64,"test",154,0.421540290117264,1
"SimpleRNN",0,64,"test",155,0.443613499403,1
"SimpleRNN",0,64,"test",156,0.611696064472198,1
"SimpleRNN",0,64,"test",157,0.606388866901398,0
"SimpleRNN",0,64,"test",158,0.608989775180817,0
"SimpleRNN",0,64,"test",159,0.543621420860291,0
"SimpleRNN",0,64,"test",160,0.618852913379669,0
"SimpleRNN",0,64,"test",161,0.619233429431915,0
"SimpleRNN",0,64,"test",162,0.397956371307373,0
"SimpleRNN",0,64,"test",163,0.416899919509888,0
"SimpleRNN",0,64,"test",164,0.526830554008484,0
"SimpleRNN",0,64,"test",165,0.518202662467957,1
"SimpleRNN",0,64,"test",166,0.468938201665878,1
"SimpleRNN",0,64,"test",167,0.424643695354462,0
"SimpleRNN",0,64,"test",168,0.456142574548721,1
"SimpleRNN",0,64,"test",169,0.45701938867569,1
"SimpleRNN",0,64,"test",170,0.369673848152161,1
"SimpleRNN",0,64,"test",171,0.373257607221603,0
"SimpleRNN",0,64,"test",172,0.54402369260788,0
"SimpleRNN",0,64,"test",173,0.545473575592041,1
"SimpleRNN",0,64,"test",174,0.609199345111847,1
"SimpleRNN",0,64,"test",175,0.539243698120117,1
"SimpleRNN",0,64,"test",176,0.455736339092255,1
"SimpleRNN",0,64,"test",177,0.437901943922043,0
"SimpleRNN",0,64,"test",178,0.553416073322296,0
"SimpleRNN",0,64,"test",179,0.544017612934113,0
"SimpleRNN",0,64,"test",180,0.443613499403,0
"SimpleRNN",0,64,"test",181,0.379143744707108,0
"SimpleRNN",0,64,"test",182,0.606388866901398,0
"SimpleRNN",0,64,"test",183,0.615681409835815,0
"SimpleRNN",0,64,"test",184,0.543621420860291,0
"SimpleRNN",0,64,"test",185,0.517420768737793,0
"SimpleRNN",0,64,"test",186,0.619233429431915,1
"SimpleRNN",0,64,"test",187,0.62254786491394,0
"SimpleRNN",0,64,"test",188,0.416899919509888,0
"SimpleRNN",0,64,"test",189,0.410724759101868,0
"SimpleRNN",0,64,"test",190,0.518202662467957,0
"SimpleRNN",0,64,"test",191,0.544661164283752,0
"SimpleRNN",0,64,"test",192,0.424643695354462,0
"SimpleRNN",0,64,"test",193,0.50910758972168,0
"SimpleRNN",0,64,"test",194,0.45701938867569,0
"SimpleRNN",0,64,"test",195,0.468876332044601,0
"SimpleRNN",0,64,"test",196,0.373257607221603,0
"SimpleRNN",0,64,"test",197,0.430235117673874,1
"SimpleRNN",0,64,"test",198,0.545473575592041,1
"SimpleRNN",0,64,"test",199,0.544070303440094,1
"SimpleRNN",0,64,"test",200,0.539243698120117,0
"SimpleRNN",0,64,"test",201,0.526894807815552,0
"SimpleRNN",0,64,"test",202,0.437901943922043,1
"SimpleRNN",0,64,"test",203,0.586768925189972,0
"SimpleRNN",0,64,"test",204,0.544017612934113,0
"SimpleRNN",0,64,"test",205,0.501646280288696,0
"SimpleRNN",0,64,"test",206,0.379143744707108,1
"SimpleRNN",0,64,"test",207,0.352577447891235,0
"SimpleRNN",0,64,"test",208,0.615681409835815,0
"SimpleRNN",0,64,"test",209,0.514158964157104,0
"SimpleRNN",0,64,"test",210,0.517420768737793,0
"SimpleRNN",0,64,"test",211,0.518646061420441,0
"SimpleRNN",0,64,"test",212,0.62254786491394,1
"SimpleRNN",0,64,"test",213,0.623932540416718,0
"SimpleRNN",0,64,"test",214,0.410724759101868,1
"SimpleRNN",0,64,"test",215,0.392355412244797,1
"SimpleRNN",0,64,"test",216,0.544661223888397,1
"SimpleRNN",0,64,"test",217,0.502025902271271,0
"SimpleRNN",0,64,"test",218,0.50910758972168,0
"SimpleRNN",0,64,"test",219,0.51438981294632,1
"SimpleRNN",0,64,"test",220,0.468876332044601,1
"SimpleRNN",0,64,"test",221,0.456637859344482,0
"SimpleRNN",0,64,"test",222,0.430235117673874,1
"SimpleRNN",0,64,"test",223,0.381763428449631,1
"SimpleRNN",0,64,"test",224,0.544070303440094,1
"SimpleRNN",0,64,"test",225,0.533431589603424,0
"SimpleRNN",0,64,"test",226,0.526894807815552,0
"SimpleRNN",0,64,"test",227,0.543444931507111,0
"SimpleRNN",0,64,"test",228,0.586768925189972,1
"SimpleRNN",0,64,"test",229,0.44682788848877,1
"SimpleRNN",0,64,"test",230,0.501646280288696,0
"SimpleRNN",0,64,"test",231,0.50442099571228,1
"SimpleRNN",0,64,"test",232,0.352577447891235,1
"SimpleRNN",0,64,"test",233,0.528807878494263,1
"SimpleRNN",0,64,"test",234,0.514158964157104,1
"SimpleRNN",0,64,"test",235,0.531315684318542,1
"SimpleRNN",0,64,"test",236,0.518646061420441,1
"SimpleRNN",0,64,"test",237,0.538602590560913,0
"SimpleRNN",0,64,"test",238,0.623932540416718,0
"SimpleRNN",0,64,"test",239,0.619715392589569,0
"SimpleRNN",0,64,"test",240,0.392355412244797,0
"SimpleRNN",0,64,"test",241,0.385415345430374,0
"SimpleRNN",0,64,"test",242,0.502025902271271,0
"SimpleRNN",0,64,"test",243,0.487009942531586,0
"SimpleRNN",0,64,"test",244,0.51438981294632,1
"SimpleRNN",0,64,"test",245,0.499215185642242,1
"SimpleRNN",0,64,"test",246,0.456637859344482,1
"SimpleRNN",0,64,"test",247,0.467734694480896,1
"SimpleRNN",0,64,"test",248,0.381763428449631,1
"SimpleRNN",0,64,"test",249,0.42810183763504,1
"SimpleRNN",0,64,"test",250,0.533431589603424,1
"SimpleRNN",0,64,"test",251,0.532801628112793,1
"SimpleRNN",0,64,"test",252,0.543444931507111,0
"SimpleRNN",0,64,"test",253,0.604796886444092,0
"SimpleRNN",0,64,"test",254,0.44682788848877,0
"SimpleRNN",0,64,"test",255,0.424422711133957,1
"SimpleRNN",0,64,"test",256,0.504421055316925,1
"SimpleRNN",0,64,"test",257,0.518008530139923,1
"SimpleRNN",0,64,"test",258,0.528807878494263,1
"SimpleRNN",0,64,"test",259,0.428892463445663,1
"SimpleRNN",0,64,"test",260,0.531315684318542,1
"SimpleRNN",0,64,"test",261,0.462404876947403,1
"SimpleRNN",0,64,"test",262,0.538602590560913,0
"SimpleRNN",0,64,"test",263,0.498483240604401,0
"SimpleRNN",0,64,"test",264,0.619715392589569,1
"SimpleRNN",0,64,"test",265,0.610984563827515,1
"SimpleRNN",0,64,"test",266,0.385415345430374,1
"SimpleRNN",0,64,"test",267,0.36947438120842,1
"SimpleRNN",0,64,"test",268,0.487009942531586,1
"SimpleRNN",0,64,"test",269,0.502559661865234,1
"SimpleRNN",0,64,"test",270,0.499215185642242,1
"SimpleRNN",0,64,"test",271,0.464169293642044,1
"SimpleRNN",0,64,"test",272,0.467734694480896,1
"SimpleRNN",0,64,"test",273,0.469457298517227,1
"SimpleRNN",0,64,"test",274,0.42810183763504,1
"SimpleRNN",0,64,"test",275,0.389830440282822,1
"SimpleRNN",0,64,"test",276,0.532801628112793,1
"SimpleRNN",0,64,"test",277,0.541073501110077,1
"SimpleRNN",0,64,"test",278,0.604796886444092,0
"SimpleRNN",0,64,"test",279,0.665074110031128,0
"SimpleRNN",0,64,"test",280,0.424422711133957,0
"SimpleRNN",0,64,"test",281,0.499560594558716,0
"SimpleRNN",0,64,"test",282,0.518008530139923,0
"SimpleRNN",0,64,"test",283,0.493182957172394,0
"SimpleRNN",0,64,"test",284,0.428892463445663,0
"SimpleRNN",0,64,"test",285,0.522778928279877,0
"SimpleRNN",0,64,"test",286,0.462404876947403,0
"SimpleRNN",0,64,"test",287,0.627682566642761,0
"SimpleRNN",0,64,"test",288,0.498483270406723,0
"SimpleRNN",0,64,"test",289,0.524616539478302,0
"SimpleRNN",0,64,"test",290,0.610984563827515,0
"SimpleRNN",0,64,"test",291,0.589847505092621,0
"SimpleRNN",0,64,"test",292,0.36947438120842,1
"SimpleRNN",0,64,"test",293,0.45331397652626,1
"SimpleRNN",0,64,"test",294,0.502559661865234,1
"SimpleRNN",0,64,"test",295,0.504283666610718,0
"SimpleRNN",0,64,"test",296,0.464169293642044,0
"SimpleRNN",0,64,"test",297,0.441150575876236,1
"SimpleRNN",0,64,"test",298,0.469457298517227,0
"SimpleRNN",0,64,"test",299,0.465520977973938,0
"SimpleRNN",0,64,"test",300,0.389830440282822,1
"SimpleRNN",0,64,"test",301,0.288219153881073,1
"SimpleRNN",0,64,"test",302,0.541073501110077,1
"SimpleRNN",0,64,"test",303,0.53208601474762,0
"SimpleRNN",0,64,"test",304,0.665074110031128,1
"SimpleRNN",0,64,"test",305,0.639142394065857,0
"SimpleRNN",0.05,23,"test",1,0.422464400529861,0
"SimpleRNN",0.05,23,"test",2,0.515019178390503,0
"SimpleRNN",0.05,23,"test",3,0.521883964538574,1
"SimpleRNN",0.05,23,"test",4,0.482221305370331,1
"SimpleRNN",0.05,23,"test",5,0.517964482307434,1
"SimpleRNN",0.05,23,"test",6,0.458471447229385,1
"SimpleRNN",0.05,23,"test",7,0.446114718914032,1
"SimpleRNN",0.05,23,"test",8,0.533114612102509,1
"SimpleRNN",0.05,23,"test",9,0.490773051977158,1
"SimpleRNN",0.05,23,"test",10,0.488165348768234,1
"SimpleRNN",0.05,23,"test",11,0.493700057268143,1
"SimpleRNN",0.05,23,"test",12,0.456276953220367,1
"SimpleRNN",0.05,23,"test",13,0.467440098524094,1
"SimpleRNN",0.05,23,"test",14,0.390695750713348,1
"SimpleRNN",0.05,23,"test",15,0.405134528875351,1
"SimpleRNN",0.05,23,"test",16,0.54331648349762,1
"SimpleRNN",0.05,23,"test",17,0.532750487327576,0
"SimpleRNN",0.05,23,"test",18,0.58021491765976,0
"SimpleRNN",0.05,23,"test",19,0.58998167514801,0
"SimpleRNN",0.05,23,"test",20,0.513806879520416,1
"SimpleRNN",0.05,23,"test",21,0.512899935245514,1
"SimpleRNN",0.05,23,"test",22,0.522694110870361,1
"SimpleRNN",0.05,23,"test",23,0.521280288696289,0
"SimpleRNN",0.05,23,"test",24,0.482140928506851,0
"SimpleRNN",0.05,23,"test",25,0.515943706035614,0
"SimpleRNN",0.05,23,"test",26,0.422464400529861,1
"SimpleRNN",0.05,23,"test",27,0.508285999298096,1
"SimpleRNN",0.05,23,"test",28,0.521883964538574,1
"SimpleRNN",0.05,23,"test",29,0.495342880487442,0
"SimpleRNN",0.05,23,"test",30,0.517964482307434,0
"SimpleRNN",0.05,23,"test",31,0.554424703121185,0
"SimpleRNN",0.05,23,"test",32,0.446114659309387,0
"SimpleRNN",0.05,23,"test",33,0.42854768037796,0
"SimpleRNN",0.05,23,"test",34,0.490773051977158,1
"SimpleRNN",0.05,23,"test",35,0.513804376125336,1
"SimpleRNN",0.05,23,"test",36,0.493700057268143,1
"SimpleRNN",0.05,23,"test",37,0.487805783748627,1
"SimpleRNN",0.05,23,"test",38,0.467440098524094,1
"SimpleRNN",0.05,23,"test",39,0.456172406673431,1
"SimpleRNN",0.05,23,"test",40,0.405134528875351,1
"SimpleRNN",0.05,23,"test",41,0.389323264360428,1
"SimpleRNN",0.05,23,"test",42,0.532750487327576,0
"SimpleRNN",0.05,23,"test",43,0.482338935136795,0
"SimpleRNN",0.05,23,"test",44,0.58998167514801,1
"SimpleRNN",0.05,23,"test",45,0.582424521446228,1
"SimpleRNN",0.05,23,"test",46,0.512899935245514,1
"SimpleRNN",0.05,23,"test",47,0.498486518859863,0
"SimpleRNN",0.05,23,"test",48,0.521280288696289,0
"SimpleRNN",0.05,23,"test",49,0.501131057739258,0
"SimpleRNN",0.05,23,"test",50,0.515943706035614,0
"SimpleRNN",0.05,23,"test",51,0.457751005887985,1
"SimpleRNN",0.05,23,"test",52,0.508285999298096,1
"SimpleRNN",0.05,23,"test",53,0.528730511665344,1
"SimpleRNN",0.05,23,"test",54,0.495342880487442,1
"SimpleRNN",0.05,23,"test",55,0.446559607982635,0
"SimpleRNN",0.05,23,"test",56,0.554424643516541,0
"SimpleRNN",0.05,23,"test",57,0.653097927570343,0
"SimpleRNN",0.05,23,"test",58,0.42854768037796,0
"SimpleRNN",0.05,23,"test",59,0.417375445365906,1
"SimpleRNN",0.05,23,"test",60,0.513804376125336,1
"SimpleRNN",0.05,23,"test",61,0.477369159460068,1
"SimpleRNN",0.05,23,"test",62,0.487805783748627,0
"SimpleRNN",0.05,23,"test",63,0.489337593317032,1
"SimpleRNN",0.05,23,"test",64,0.456172406673431,1
"SimpleRNN",0.05,23,"test",65,0.457476586103439,1
"SimpleRNN",0.05,23,"test",66,0.389323264360428,1
"SimpleRNN",0.05,23,"test",67,0.393986403942108,1
"SimpleRNN",0.05,23,"test",68,0.482338935136795,0
"SimpleRNN",0.05,23,"test",69,0.484918892383575,0
"SimpleRNN",0.05,23,"test",70,0.582424521446228,0
"SimpleRNN",0.05,23,"test",71,0.567725121974945,1
"SimpleRNN",0.05,23,"test",72,0.498486518859863,1
"SimpleRNN",0.05,23,"test",73,0.490393221378326,0
"SimpleRNN",0.05,23,"test",74,0.501131057739258,0
"SimpleRNN",0.05,23,"test",75,0.518421351909637,0
"SimpleRNN",0.05,23,"test",76,0.457751005887985,0
"SimpleRNN",0.05,23,"test",77,0.461486488580704,0
"SimpleRNN",0.05,23,"test",78,0.528730511665344,1
"SimpleRNN",0.05,23,"test",79,0.61292028427124,0
"SimpleRNN",0.05,23,"test",80,0.446559607982635,0
"SimpleRNN",0.05,23,"test",81,0.439037889242172,1
"SimpleRNN",0.05,23,"test",82,0.653097927570343,1
"SimpleRNN",0.05,23,"test",83,0.571663379669189,1
"SimpleRNN",0.05,23,"test",84,0.417375445365906,1
"SimpleRNN",0.05,23,"test",85,0.427522987127304,0
"SimpleRNN",0.05,23,"test",86,0.477369159460068,0
"SimpleRNN",0.05,23,"test",87,0.4837247133255,0
"SimpleRNN",0.05,23,"test",88,0.489337593317032,0
"SimpleRNN",0.05,23,"test",89,0.467284888029099,0
"SimpleRNN",0.05,23,"test",90,0.457476586103439,0
"SimpleRNN",0.05,23,"test",91,0.479586839675903,1
"SimpleRNN",0.05,23,"test",92,0.393986403942108,0
"SimpleRNN",0.05,23,"test",93,0.39143243432045,0
"SimpleRNN",0.05,23,"test",94,0.484918892383575,0
"SimpleRNN",0.05,23,"test",95,0.502962291240692,0
"SimpleRNN",0.05,23,"test",96,0.567725121974945,0
"SimpleRNN",0.05,23,"test",97,0.564382076263428,1
"SimpleRNN",0.05,23,"test",98,0.490393221378326,1
"SimpleRNN",0.05,23,"test",99,0.499339580535889,1
"SimpleRNN",0.05,23,"test",100,0.518421351909637,1
"SimpleRNN",0.05,23,"test",101,0.509140729904175,1
"SimpleRNN",0.05,23,"test",102,0.461486488580704,0
"SimpleRNN",0.05,23,"test",103,0.429948329925537,0
"SimpleRNN",0.05,23,"test",104,0.61292028427124,0
"SimpleRNN",0.05,23,"test",105,0.666988134384155,0
"SimpleRNN",0.05,23,"test",106,0.439037889242172,0
"SimpleRNN",0.05,23,"test",107,0.448710411787033,0
"SimpleRNN",0.05,23,"test",108,0.571663379669189,0
"SimpleRNN",0.05,23,"test",109,0.593029022216797,0
"SimpleRNN",0.05,23,"test",110,0.427522987127304,1
"SimpleRNN",0.05,23,"test",111,0.386632174253464,1
"SimpleRNN",0.05,23,"test",112,0.4837247133255,1
"SimpleRNN",0.05,23,"test",113,0.499171257019043,0
"SimpleRNN",0.05,23,"test",114,0.467284888029099,1
"SimpleRNN",0.05,23,"test",115,0.456526398658752,1
"SimpleRNN",0.05,23,"test",116,0.479586839675903,1
"SimpleRNN",0.05,23,"test",117,0.473499625921249,1
"SimpleRNN",0.05,23,"test",118,0.39143243432045,1
"SimpleRNN",0.05,23,"test",119,0.374211847782135,0
"SimpleRNN",0.05,23,"test",120,0.502962350845337,0
"SimpleRNN",0.05,23,"test",121,0.551886856555939,0
"SimpleRNN",0.05,23,"test",122,0.564382076263428,1
"SimpleRNN",0.05,23,"test",123,0.564404010772705,1
"SimpleRNN",0.05,23,"test",124,0.499339580535889,1
"SimpleRNN",0.05,23,"test",125,0.484997659921646,0
"SimpleRNN",0.05,23,"test",126,0.509140729904175,0
"SimpleRNN",0.05,23,"test",127,0.500710248947144,0
"SimpleRNN",0.05,23,"test",128,0.429948359727859,1
"SimpleRNN",0.05,23,"test",129,0.435169517993927,1
"SimpleRNN",0.05,23,"test",130,0.666988134384155,1
"SimpleRNN",0.05,23,"test",131,0.683886349201202,1
"SimpleRNN",0.05,23,"test",132,0.448710411787033,0
"SimpleRNN",0.05,23,"test",133,0.407733261585236,0
"SimpleRNN",0.05,23,"test",134,0.593029022216797,0
"SimpleRNN",0.05,23,"test",135,0.555995285511017,0
"SimpleRNN",0.05,23,"test",136,0.386632174253464,0
"SimpleRNN",0.05,23,"test",137,0.426355868577957,1
"SimpleRNN",0.05,23,"test",138,0.499171257019043,1
"SimpleRNN",0.05,23,"test",139,0.506150484085083,1
"SimpleRNN",0.05,23,"test",140,0.456526398658752,1
"SimpleRNN",0.05,23,"test",141,0.452630341053009,1
"SimpleRNN",0.05,23,"test",142,0.473499625921249,1
"SimpleRNN",0.05,23,"test",143,0.51227080821991,1
"SimpleRNN",0.05,23,"test",144,0.374211847782135,1
"SimpleRNN",0.05,23,"test",145,0.360043406486511,1
"SimpleRNN",0.05,23,"test",146,0.551886856555939,1
"SimpleRNN",0.05,23,"test",147,0.553378760814667,1
"SimpleRNN",0.05,23,"test",148,0.564404010772705,1
"SimpleRNN",0.05,23,"test",149,0.59627240896225,1
"SimpleRNN",0.05,23,"test",150,0.484997659921646,1
"SimpleRNN",0.05,23,"test",151,0.497321546077728,1
"SimpleRNN",0.05,23,"test",152,0.500710248947144,0
"SimpleRNN",0.05,23,"test",153,0.531727492809296,0
"SimpleRNN",0.05,23,"test",154,0.435169517993927,1
"SimpleRNN",0.05,23,"test",155,0.435804069042206,1
"SimpleRNN",0.05,23,"test",156,0.683886349201202,1
"SimpleRNN",0.05,23,"test",157,0.642338395118713,0
"SimpleRNN",0.05,23,"test",158,0.407733261585236,0
"SimpleRNN",0.05,23,"test",159,0.455377966165543,0
"SimpleRNN",0.05,23,"test",160,0.555995345115662,0
"SimpleRNN",0.05,23,"test",161,0.547135949134827,0
"SimpleRNN",0.05,23,"test",162,0.426355868577957,0
"SimpleRNN",0.05,23,"test",163,0.458234816789627,0
"SimpleRNN",0.05,23,"test",164,0.506150484085083,0
"SimpleRNN",0.05,23,"test",165,0.509768784046173,1
"SimpleRNN",0.05,23,"test",166,0.452630341053009,1
"SimpleRNN",0.05,23,"test",167,0.474534064531326,0
"SimpleRNN",0.05,23,"test",168,0.51227080821991,1
"SimpleRNN",0.05,23,"test",169,0.50783371925354,1
"SimpleRNN",0.05,23,"test",170,0.360043406486511,1
"SimpleRNN",0.05,23,"test",171,0.363636195659637,0
"SimpleRNN",0.05,23,"test",172,0.553378760814667,0
"SimpleRNN",0.05,23,"test",173,0.56035041809082,1
"SimpleRNN",0.05,23,"test",174,0.59627240896225,1
"SimpleRNN",0.05,23,"test",175,0.572960913181305,1
"SimpleRNN",0.05,23,"test",176,0.497321546077728,1
"SimpleRNN",0.05,23,"test",177,0.503803849220276,0
"SimpleRNN",0.05,23,"test",178,0.531727492809296,0
"SimpleRNN",0.05,23,"test",179,0.500096678733826,0
"SimpleRNN",0.05,23,"test",180,0.435804069042206,0
"SimpleRNN",0.05,23,"test",181,0.436633080244064,0
"SimpleRNN",0.05,23,"test",182,0.642338395118713,0
"SimpleRNN",0.05,23,"test",183,0.629471838474274,0
"SimpleRNN",0.05,23,"test",184,0.455377966165543,0
"SimpleRNN",0.05,23,"test",185,0.416559964418411,0
"SimpleRNN",0.05,23,"test",186,0.547135949134827,1
"SimpleRNN",0.05,23,"test",187,0.525107026100159,0
"SimpleRNN",0.05,23,"test",188,0.458234816789627,0
"SimpleRNN",0.05,23,"test",189,0.461524397134781,0
"SimpleRNN",0.05,23,"test",190,0.509768784046173,0
"SimpleRNN",0.05,23,"test",191,0.44702559709549,0
"SimpleRNN",0.05,23,"test",192,0.474534064531326,0
"SimpleRNN",0.05,23,"test",193,0.461291313171387,0
"SimpleRNN",0.05,23,"test",194,0.50783371925354,0
"SimpleRNN",0.05,23,"test",195,0.488208830356598,0
"SimpleRNN",0.05,23,"test",196,0.363636195659637,0
"SimpleRNN",0.05,23,"test",197,0.391680538654327,1
"SimpleRNN",0.05,23,"test",198,0.56035041809082,1
"SimpleRNN",0.05,23,"test",199,0.553152680397034,1
"SimpleRNN",0.05,23,"test",200,0.572960913181305,0
"SimpleRNN",0.05,23,"test",201,0.569003164768219,0
"SimpleRNN",0.05,23,"test",202,0.503803849220276,1
"SimpleRNN",0.05,23,"test",203,0.497646689414978,0
"SimpleRNN",0.05,23,"test",204,0.500096678733826,0
"SimpleRNN",0.05,23,"test",205,0.502931535243988,0
"SimpleRNN",0.05,23,"test",206,0.436633080244064,1
"SimpleRNN",0.05,23,"test",207,0.410690873861313,0
"SimpleRNN",0.05,23,"test",208,0.629471838474274,0
"SimpleRNN",0.05,23,"test",209,0.554283022880554,0
"SimpleRNN",0.05,23,"test",210,0.416559964418411,0
"SimpleRNN",0.05,23,"test",211,0.417830318212509,0
"SimpleRNN",0.05,23,"test",212,0.525107026100159,1
"SimpleRNN",0.05,23,"test",213,0.617706596851349,0
"SimpleRNN",0.05,23,"test",214,0.461524397134781,1
"SimpleRNN",0.05,23,"test",215,0.397886663675308,1
"SimpleRNN",0.05,23,"test",216,0.44702559709549,1
"SimpleRNN",0.05,23,"test",217,0.424038648605347,0
"SimpleRNN",0.05,23,"test",218,0.461291313171387,0
"SimpleRNN",0.05,23,"test",219,0.465877562761307,1
"SimpleRNN",0.05,23,"test",220,0.488208830356598,1
"SimpleRNN",0.05,23,"test",221,0.508905172348022,0
"SimpleRNN",0.05,23,"test",222,0.391680538654327,1
"SimpleRNN",0.05,23,"test",223,0.365772217512131,1
"SimpleRNN",0.05,23,"test",224,0.553152501583099,1
"SimpleRNN",0.05,23,"test",225,0.532633364200592,0
"SimpleRNN",0.05,23,"test",226,0.569003164768219,0
"SimpleRNN",0.05,23,"test",227,0.57170844078064,0
"SimpleRNN",0.05,23,"test",228,0.497646689414978,1
"SimpleRNN",0.05,23,"test",229,0.505071818828583,1
"SimpleRNN",0.05,23,"test",230,0.502931535243988,0
"SimpleRNN",0.05,23,"test",231,0.474932610988617,1
"SimpleRNN",0.05,23,"test",232,0.410690873861313,1
"SimpleRNN",0.05,23,"test",233,0.544182062149048,1
"SimpleRNN",0.05,23,"test",234,0.554283022880554,1
"SimpleRNN",0.05,23,"test",235,0.564717054367065,1
"SimpleRNN",0.05,23,"test",236,0.417830318212509,1
"SimpleRNN",0.05,23,"test",237,0.408355206251144,0
"SimpleRNN",0.05,23,"test",238,0.617706596851349,0
"SimpleRNN",0.05,23,"test",239,0.555762946605682,0
"SimpleRNN",0.05,23,"test",240,0.397886663675308,0
"SimpleRNN",0.05,23,"test",241,0.379966497421265,0
"SimpleRNN",0.05,23,"test",242,0.424038648605347,0
"SimpleRNN",0.05,23,"test",243,0.460768103599548,0
"SimpleRNN",0.05,23,"test",244,0.465877562761307,1
"SimpleRNN",0.05,23,"test",245,0.468148708343506,1
"SimpleRNN",0.05,23,"test",246,0.508905172348022,1
"SimpleRNN",0.05,23,"test",247,0.502692818641663,1
"SimpleRNN",0.05,23,"test",248,0.365772128105164,1
"SimpleRNN",0.05,23,"test",249,0.388195186853409,1
"SimpleRNN",0.05,23,"test",250,0.532633364200592,1
"SimpleRNN",0.05,23,"test",251,0.531083524227142,1
"SimpleRNN",0.05,23,"test",252,0.57170844078064,0
"SimpleRNN",0.05,23,"test",253,0.596336960792542,0
"SimpleRNN",0.05,23,"test",254,0.505071818828583,0
"SimpleRNN",0.05,23,"test",255,0.490481078624725,1
"SimpleRNN",0.05,23,"test",256,0.474932610988617,1
"SimpleRNN",0.05,23,"test",257,0.515347242355347,1
"SimpleRNN",0.05,23,"test",258,0.544182062149048,1
"SimpleRNN",0.05,23,"test",259,0.461609065532684,1
"SimpleRNN",0.05,23,"test",260,0.564717054367065,1
"SimpleRNN",0.05,23,"test",261,0.520194470882416,1
"SimpleRNN",0.05,23,"test",262,0.408355206251144,0
"SimpleRNN",0.05,23,"test",263,0.373974680900574,0
"SimpleRNN",0.05,23,"test",264,0.555762946605682,1
"SimpleRNN",0.05,23,"test",265,0.579457402229309,1
"SimpleRNN",0.05,23,"test",266,0.379966497421265,1
"SimpleRNN",0.05,23,"test",267,0.450742036104202,1
"SimpleRNN",0.05,23,"test",268,0.460768103599548,1
"SimpleRNN",0.05,23,"test",269,0.478974103927612,1
"SimpleRNN",0.05,23,"test",270,0.468148708343506,1
"SimpleRNN",0.05,23,"test",271,0.456682413816452,1
"SimpleRNN",0.05,23,"test",272,0.502692818641663,1
"SimpleRNN",0.05,23,"test",273,0.48213267326355,1
"SimpleRNN",0.05,23,"test",274,0.388195186853409,1
"SimpleRNN",0.05,23,"test",275,0.369692027568817,1
"SimpleRNN",0.05,23,"test",276,0.531083524227142,1
"SimpleRNN",0.05,23,"test",277,0.557353436946869,1
"SimpleRNN",0.05,23,"test",278,0.596336960792542,0
"SimpleRNN",0.05,23,"test",279,0.624865055084229,0
"SimpleRNN",0.05,23,"test",280,0.490481108427048,0
"SimpleRNN",0.05,23,"test",281,0.492862164974213,0
"SimpleRNN",0.05,23,"test",282,0.515347242355347,0
"SimpleRNN",0.05,23,"test",283,0.497127592563629,0
"SimpleRNN",0.05,23,"test",284,0.461609065532684,0
"SimpleRNN",0.05,23,"test",285,0.517982065677643,0
"SimpleRNN",0.05,23,"test",286,0.520194470882416,0
"SimpleRNN",0.05,23,"test",287,0.666459619998932,0
"SimpleRNN",0.05,23,"test",288,0.373974680900574,0
"SimpleRNN",0.05,23,"test",289,0.425796300172806,0
"SimpleRNN",0.05,23,"test",290,0.579457402229309,0
"SimpleRNN",0.05,23,"test",291,0.501803576946259,0
"SimpleRNN",0.05,23,"test",292,0.450742036104202,1
"SimpleRNN",0.05,23,"test",293,0.486991912126541,1
"SimpleRNN",0.05,23,"test",294,0.478974103927612,1
"SimpleRNN",0.05,23,"test",295,0.494111895561218,0
"SimpleRNN",0.05,23,"test",296,0.456682413816452,0
"SimpleRNN",0.05,23,"test",297,0.465203404426575,1
"SimpleRNN",0.05,23,"test",298,0.48213267326355,0
"SimpleRNN",0.05,23,"test",299,0.498756170272827,0
"SimpleRNN",0.05,23,"test",300,0.369692027568817,1
"SimpleRNN",0.05,23,"test",301,0.305304884910583,1
"SimpleRNN",0.05,23,"test",302,0.557353436946869,1
"SimpleRNN",0.05,23,"test",303,0.532524943351746,0
"SimpleRNN",0.05,23,"test",304,0.624865055084229,1
"SimpleRNN",0.05,23,"test",305,0.61775529384613,0
"SimpleRNN",0.05,27,"test",1,0.493126690387726,0
"SimpleRNN",0.05,27,"test",2,0.522247314453125,0
"SimpleRNN",0.05,27,"test",3,0.532285928726196,1
"SimpleRNN",0.05,27,"test",4,0.64029997587204,1
"SimpleRNN",0.05,27,"test",5,0.505934238433838,1
"SimpleRNN",0.05,27,"test",6,0.598454535007477,1
"SimpleRNN",0.05,27,"test",7,0.535217642784119,1
"SimpleRNN",0.05,27,"test",8,0.520614564418793,1
"SimpleRNN",0.05,27,"test",9,0.469662129878998,1
"SimpleRNN",0.05,27,"test",10,0.484007000923157,1
"SimpleRNN",0.05,27,"test",11,0.500193238258362,1
"SimpleRNN",0.05,27,"test",12,0.41023263335228,1
"SimpleRNN",0.05,27,"test",13,0.491730093955994,1
"SimpleRNN",0.05,27,"test",14,0.379003673791885,1
"SimpleRNN",0.05,27,"test",15,0.387278735637665,1
"SimpleRNN",0.05,27,"test",16,0.506469130516052,1
"SimpleRNN",0.05,27,"test",17,0.530835568904877,0
"SimpleRNN",0.05,27,"test",18,0.554620563983917,0
"SimpleRNN",0.05,27,"test",19,0.569305002689362,0
"SimpleRNN",0.05,27,"test",20,0.529245138168335,1
"SimpleRNN",0.05,27,"test",21,0.5389364361763,1
"SimpleRNN",0.05,27,"test",22,0.460017710924149,1
"SimpleRNN",0.05,27,"test",23,0.44233101606369,0
"SimpleRNN",0.05,27,"test",24,0.440645903348923,0
"SimpleRNN",0.05,27,"test",25,0.475658863782883,0
"SimpleRNN",0.05,27,"test",26,0.493126690387726,1
"SimpleRNN",0.05,27,"test",27,0.558304369449615,1
"SimpleRNN",0.05,27,"test",28,0.532285928726196,1
"SimpleRNN",0.05,27,"test",29,0.523915886878967,0
"SimpleRNN",0.05,27,"test",30,0.505934238433838,0
"SimpleRNN",0.05,27,"test",31,0.526729047298431,0
"SimpleRNN",0.05,27,"test",32,0.535217642784119,0
"SimpleRNN",0.05,27,"test",33,0.485421448945999,0
"SimpleRNN",0.05,27,"test",34,0.469662129878998,1
"SimpleRNN",0.05,27,"test",35,0.487591296434402,1
"SimpleRNN",0.05,27,"test",36,0.500193238258362,1
"SimpleRNN",0.05,27,"test",37,0.497670769691467,1
"SimpleRNN",0.05,27,"test",38,0.491730093955994,1
"SimpleRNN",0.05,27,"test",39,0.490177243947983,1
"SimpleRNN",0.05,27,"test",40,0.387278735637665,1
"SimpleRNN",0.05,27,"test",41,0.375743478536606,1
"SimpleRNN",0.05,27,"test",42,0.530835568904877,0
"SimpleRNN",0.05,27,"test",43,0.493047773838043,0
"SimpleRNN",0.05,27,"test",44,0.569305002689362,1
"SimpleRNN",0.05,27,"test",45,0.561988472938538,1
"SimpleRNN",0.05,27,"test",46,0.5389364361763,1
"SimpleRNN",0.05,27,"test",47,0.492786675691605,0
"SimpleRNN",0.05,27,"test",48,0.44233101606369,0
"SimpleRNN",0.05,27,"test",49,0.487162709236145,0
"SimpleRNN",0.05,27,"test",50,0.475658863782883,0
"SimpleRNN",0.05,27,"test",51,0.463438928127289,1
"SimpleRNN",0.05,27,"test",52,0.558304369449615,1
"SimpleRNN",0.05,27,"test",53,0.486796200275421,1
"SimpleRNN",0.05,27,"test",54,0.523915886878967,1
"SimpleRNN",0.05,27,"test",55,0.494808733463287,0
"SimpleRNN",0.05,27,"test",56,0.526728987693787,0
"SimpleRNN",0.05,27,"test",57,0.508979916572571,0
"SimpleRNN",0.05,27,"test",58,0.485421448945999,0
"SimpleRNN",0.05,27,"test",59,0.492237061262131,1
"SimpleRNN",0.05,27,"test",60,0.487591296434402,1
"SimpleRNN",0.05,27,"test",61,0.487164050340652,1
"SimpleRNN",0.05,27,"test",62,0.497670769691467,0
"SimpleRNN",0.05,27,"test",63,0.488728731870651,1
"SimpleRNN",0.05,27,"test",64,0.490177243947983,1
"SimpleRNN",0.05,27,"test",65,0.453435927629471,1
"SimpleRNN",0.05,27,"test",66,0.375743478536606,1
"SimpleRNN",0.05,27,"test",67,0.386845499277115,1
"SimpleRNN",0.05,27,"test",68,0.493047773838043,0
"SimpleRNN",0.05,27,"test",69,0.476509600877762,0
"SimpleRNN",0.05,27,"test",70,0.561988472938538,0
"SimpleRNN",0.05,27,"test",71,0.686227858066559,1
"SimpleRNN",0.05,27,"test",72,0.492786675691605,1
"SimpleRNN",0.05,27,"test",73,0.478513389825821,0
"SimpleRNN",0.05,27,"test",74,0.487162709236145,0
"SimpleRNN",0.05,27,"test",75,0.475788712501526,0
"SimpleRNN",0.05,27,"test",76,0.463438928127289,0
"SimpleRNN",0.05,27,"test",77,0.493807435035706,0
"SimpleRNN",0.05,27,"test",78,0.486796200275421,1
"SimpleRNN",0.05,27,"test",79,0.407030791044235,0
"SimpleRNN",0.05,27,"test",80,0.494808733463287,0
"SimpleRNN",0.05,27,"test",81,0.518790245056152,1
"SimpleRNN",0.05,27,"test",82,0.508979916572571,1
"SimpleRNN",0.05,27,"test",83,0.534893035888672,1
"SimpleRNN",0.05,27,"test",84,0.492237061262131,1
"SimpleRNN",0.05,27,"test",85,0.485717833042145,0
"SimpleRNN",0.05,27,"test",86,0.487164050340652,0
"SimpleRNN",0.05,27,"test",87,0.462179332971573,0
"SimpleRNN",0.05,27,"test",88,0.488728791475296,0
"SimpleRNN",0.05,27,"test",89,0.451633960008621,0
"SimpleRNN",0.05,27,"test",90,0.453435927629471,0
"SimpleRNN",0.05,27,"test",91,0.467464208602905,1
"SimpleRNN",0.05,27,"test",92,0.386845499277115,0
"SimpleRNN",0.05,27,"test",93,0.386923372745514,0
"SimpleRNN",0.05,27,"test",94,0.476509600877762,0
"SimpleRNN",0.05,27,"test",95,0.501858174800873,0
"SimpleRNN",0.05,27,"test",96,0.686227858066559,0
"SimpleRNN",0.05,27,"test",97,0.61782443523407,1
"SimpleRNN",0.05,27,"test",98,0.478513389825821,1
"SimpleRNN",0.05,27,"test",99,0.494361013174057,1
"SimpleRNN",0.05,27,"test",100,0.475788712501526,1
"SimpleRNN",0.05,27,"test",101,0.475487142801285,1
"SimpleRNN",0.05,27,"test",102,0.493807435035706,0
"SimpleRNN",0.05,27,"test",103,0.501763939857483,0
"SimpleRNN",0.05,27,"test",104,0.407030791044235,0
"SimpleRNN",0.05,27,"test",105,0.377850949764252,0
"SimpleRNN",0.05,27,"test",106,0.518790245056152,0
"SimpleRNN",0.05,27,"test",107,0.471274763345718,0
"SimpleRNN",0.05,27,"test",108,0.534893035888672,0
"SimpleRNN",0.05,27,"test",109,0.532130241394043,0
"SimpleRNN",0.05,27,"test",110,0.485717833042145,1
"SimpleRNN",0.05,27,"test",111,0.508210182189941,1
"SimpleRNN",0.05,27,"test",112,0.462179332971573,1
"SimpleRNN",0.05,27,"test",113,0.479935854673386,0
"SimpleRNN",0.05,27,"test",114,0.451633960008621,1
"SimpleRNN",0.05,27,"test",115,0.428898811340332,1
"SimpleRNN",0.05,27,"test",116,0.467464208602905,1
"SimpleRNN",0.05,27,"test",117,0.434829592704773,1
"SimpleRNN",0.05,27,"test",118,0.386923372745514,1
"SimpleRNN",0.05,27,"test",119,0.370062172412872,0
"SimpleRNN",0.05,27,"test",120,0.501858174800873,0
"SimpleRNN",0.05,27,"test",121,0.533502578735352,0
"SimpleRNN",0.05,27,"test",122,0.61782443523407,1
"SimpleRNN",0.05,27,"test",123,0.625134289264679,1
"SimpleRNN",0.05,27,"test",124,0.494361013174057,1
"SimpleRNN",0.05,27,"test",125,0.467613190412521,0
"SimpleRNN",0.05,27,"test",126,0.475487142801285,0
"SimpleRNN",0.05,27,"test",127,0.500848948955536,0
"SimpleRNN",0.05,27,"test",128,0.501763939857483,1
"SimpleRNN",0.05,27,"test",129,0.465104937553406,1
"SimpleRNN",0.05,27,"test",130,0.377850949764252,1
"SimpleRNN",0.05,27,"test",131,0.405547678470612,1
"SimpleRNN",0.05,27,"test",132,0.471274763345718,0
"SimpleRNN",0.05,27,"test",133,0.605724990367889,0
"SimpleRNN",0.05,27,"test",134,0.532130241394043,0
"SimpleRNN",0.05,27,"test",135,0.57830673456192,0
"SimpleRNN",0.05,27,"test",136,0.508210182189941,0
"SimpleRNN",0.05,27,"test",137,0.498288422822952,1
"SimpleRNN",0.05,27,"test",138,0.479935854673386,1
"SimpleRNN",0.05,27,"test",139,0.496155649423599,1
"SimpleRNN",0.05,27,"test",140,0.428898811340332,1
"SimpleRNN",0.05,27,"test",141,0.412280797958374,1
"SimpleRNN",0.05,27,"test",142,0.434829592704773,1
"SimpleRNN",0.05,27,"test",143,0.432759076356888,1
"SimpleRNN",0.05,27,"test",144,0.370062172412872,1
"SimpleRNN",0.05,27,"test",145,0.373219758272171,1
"SimpleRNN",0.05,27,"test",146,0.533502578735352,1
"SimpleRNN",0.05,27,"test",147,0.545499503612518,1
"SimpleRNN",0.05,27,"test",148,0.625134289264679,1
"SimpleRNN",0.05,27,"test",149,0.536756575107574,1
"SimpleRNN",0.05,27,"test",150,0.467613190412521,1
"SimpleRNN",0.05,27,"test",151,0.492033630609512,1
"SimpleRNN",0.05,27,"test",152,0.500848948955536,0
"SimpleRNN",0.05,27,"test",153,0.518270552158356,0
"SimpleRNN",0.05,27,"test",154,0.465104937553406,1
"SimpleRNN",0.05,27,"test",155,0.41301965713501,1
"SimpleRNN",0.05,27,"test",156,0.405547678470612,1
"SimpleRNN",0.05,27,"test",157,0.399323731660843,0
"SimpleRNN",0.05,27,"test",158,0.605724990367889,0
"SimpleRNN",0.05,27,"test",159,0.541584134101868,0
"SimpleRNN",0.05,27,"test",160,0.57830673456192,0
"SimpleRNN",0.05,27,"test",161,0.587841391563416,0
"SimpleRNN",0.05,27,"test",162,0.498288422822952,0
"SimpleRNN",0.05,27,"test",163,0.501896858215332,0
"SimpleRNN",0.05,27,"test",164,0.496155649423599,0
"SimpleRNN",0.05,27,"test",165,0.485751241445541,1
"SimpleRNN",0.05,27,"test",166,0.412280797958374,1
"SimpleRNN",0.05,27,"test",167,0.467087775468826,0
"SimpleRNN",0.05,27,"test",168,0.432759076356888,1
"SimpleRNN",0.05,27,"test",169,0.444030702114105,1
"SimpleRNN",0.05,27,"test",170,0.373219758272171,1
"SimpleRNN",0.05,27,"test",171,0.369248569011688,0
"SimpleRNN",0.05,27,"test",172,0.545499503612518,0
"SimpleRNN",0.05,27,"test",173,0.533234834671021,1
"SimpleRNN",0.05,27,"test",174,0.536756575107574,1
"SimpleRNN",0.05,27,"test",175,0.578731417655945,1
"SimpleRNN",0.05,27,"test",176,0.492033630609512,1
"SimpleRNN",0.05,27,"test",177,0.509170413017273,0
"SimpleRNN",0.05,27,"test",178,0.518270552158356,0
"SimpleRNN",0.05,27,"test",179,0.514223873615265,0
"SimpleRNN",0.05,27,"test",180,0.41301965713501,0
"SimpleRNN",0.05,27,"test",181,0.573097586631775,0
"SimpleRNN",0.05,27,"test",182,0.399323731660843,0
"SimpleRNN",0.05,27,"test",183,0.382838934659958,0
"SimpleRNN",0.05,27,"test",184,0.541584134101868,0
"SimpleRNN",0.05,27,"test",185,0.497381597757339,0
"SimpleRNN",0.05,27,"test",186,0.587841391563416,1
"SimpleRNN",0.05,27,"test",187,0.616973042488098,0
"SimpleRNN",0.05,27,"test",188,0.501896858215332,0
"SimpleRNN",0.05,27,"test",189,0.482697159051895,0
"SimpleRNN",0.05,27,"test",190,0.485751241445541,0
"SimpleRNN",0.05,27,"test",191,0.473424196243286,0
"SimpleRNN",0.05,27,"test",192,0.467087805271149,0
"SimpleRNN",0.05,27,"test",193,0.38035649061203,0
"SimpleRNN",0.05,27,"test",194,0.444030702114105,0
"SimpleRNN",0.05,27,"test",195,0.412429183721542,0
"SimpleRNN",0.05,27,"test",196,0.369248569011688,0
"SimpleRNN",0.05,27,"test",197,0.370668053627014,1
"SimpleRNN",0.05,27,"test",198,0.533234834671021,1
"SimpleRNN",0.05,27,"test",199,0.532896041870117,1
"SimpleRNN",0.05,27,"test",200,0.578731417655945,0
"SimpleRNN",0.05,27,"test",201,0.57478654384613,0
"SimpleRNN",0.05,27,"test",202,0.509170413017273,1
"SimpleRNN",0.05,27,"test",203,0.503723740577698,0
"SimpleRNN",0.05,27,"test",204,0.514223873615265,0
"SimpleRNN",0.05,27,"test",205,0.473752081394196,0
"SimpleRNN",0.05,27,"test",206,0.573097586631775,1
"SimpleRNN",0.05,27,"test",207,0.568149924278259,0
"SimpleRNN",0.05,27,"test",208,0.382838934659958,0
"SimpleRNN",0.05,27,"test",209,0.471171975135803,0
"SimpleRNN",0.05,27,"test",210,0.497381597757339,0
"SimpleRNN",0.05,27,"test",211,0.499454110860825,0
"SimpleRNN",0.05,27,"test",212,0.616973042488098,1
"SimpleRNN",0.05,27,"test",213,0.519305288791656,0
"SimpleRNN",0.05,27,"test",214,0.482697159051895,1
"SimpleRNN",0.05,27,"test",215,0.485833317041397,1
"SimpleRNN",0.05,27,"test",216,0.473424196243286,1
"SimpleRNN",0.05,27,"test",217,0.437274277210236,0
"SimpleRNN",0.05,27,"test",218,0.38035649061203,0
"SimpleRNN",0.05,27,"test",219,0.378646612167358,1
"SimpleRNN",0.05,27,"test",220,0.412429183721542,1
"SimpleRNN",0.05,27,"test",221,0.440667539834976,0
"SimpleRNN",0.05,27,"test",222,0.370668053627014,1
"SimpleRNN",0.05,27,"test",223,0.373512595891953,1
"SimpleRNN",0.05,27,"test",224,0.532896041870117,1
"SimpleRNN",0.05,27,"test",225,0.525124192237854,0
"SimpleRNN",0.05,27,"test",226,0.57478654384613,0
"SimpleRNN",0.05,27,"test",227,0.660868585109711,0
"SimpleRNN",0.05,27,"test",228,0.503723740577698,1
"SimpleRNN",0.05,27,"test",229,0.510491728782654,1
"SimpleRNN",0.05,27,"test",230,0.473752081394196,0
"SimpleRNN",0.05,27,"test",231,0.467403590679169,1
"SimpleRNN",0.05,27,"test",232,0.568149924278259,1
"SimpleRNN",0.05,27,"test",233,0.427329152822495,1
"SimpleRNN",0.05,27,"test",234,0.471171975135803,1
"SimpleRNN",0.05,27,"test",235,0.452678263187408,1
"SimpleRNN",0.05,27,"test",236,0.499454110860825,1
"SimpleRNN",0.05,27,"test",237,0.521888673305511,0
"SimpleRNN",0.05,27,"test",238,0.519305288791656,0
"SimpleRNN",0.05,27,"test",239,0.58089804649353,0
"SimpleRNN",0.05,27,"test",240,0.485833317041397,0
"SimpleRNN",0.05,27,"test",241,0.467236280441284,0
"SimpleRNN",0.05,27,"test",242,0.437274277210236,0
"SimpleRNN",0.05,27,"test",243,0.445818215608597,0
"SimpleRNN",0.05,27,"test",244,0.378646612167358,1
"SimpleRNN",0.05,27,"test",245,0.425258100032806,1
"SimpleRNN",0.05,27,"test",246,0.440667539834976,1
"SimpleRNN",0.05,27,"test",247,0.409606993198395,1
"SimpleRNN",0.05,27,"test",248,0.373512595891953,1
"SimpleRNN",0.05,27,"test",249,0.399519801139832,1
"SimpleRNN",0.05,27,"test",250,0.525124192237854,1
"SimpleRNN",0.05,27,"test",251,0.553249299526215,1
"SimpleRNN",0.05,27,"test",252,0.660868585109711,0
"SimpleRNN",0.05,27,"test",253,0.609125137329102,0
"SimpleRNN",0.05,27,"test",254,0.510491728782654,0
"SimpleRNN",0.05,27,"test",255,0.482200652360916,1
"SimpleRNN",0.05,27,"test",256,0.467403620481491,1
"SimpleRNN",0.05,27,"test",257,0.491256386041641,1
"SimpleRNN",0.05,27,"test",258,0.427329152822495,1
"SimpleRNN",0.05,27,"test",259,0.505181014537811,1
"SimpleRNN",0.05,27,"test",260,0.452678263187408,1
"SimpleRNN",0.05,27,"test",261,0.526319265365601,1
"SimpleRNN",0.05,27,"test",262,0.521888673305511,0
"SimpleRNN",0.05,27,"test",263,0.450231313705444,0
"SimpleRNN",0.05,27,"test",264,0.58089804649353,1
"SimpleRNN",0.05,27,"test",265,0.533717691898346,1
"SimpleRNN",0.05,27,"test",266,0.467236280441284,1
"SimpleRNN",0.05,27,"test",267,0.436677306890488,1
"SimpleRNN",0.05,27,"test",268,0.445818215608597,1
"SimpleRNN",0.05,27,"test",269,0.463787734508514,1
"SimpleRNN",0.05,27,"test",270,0.425258100032806,1
"SimpleRNN",0.05,27,"test",271,0.425232321023941,1
"SimpleRNN",0.05,27,"test",272,0.409606993198395,1
"SimpleRNN",0.05,27,"test",273,0.412718743085861,1
"SimpleRNN",0.05,27,"test",274,0.399519801139832,1
"SimpleRNN",0.05,27,"test",275,0.373844981193542,1
"SimpleRNN",0.05,27,"test",276,0.553249299526215,1
"SimpleRNN",0.05,27,"test",277,0.570201992988586,1
"SimpleRNN",0.05,27,"test",278,0.609125137329102,0
"SimpleRNN",0.05,27,"test",279,0.463932275772095,0
"SimpleRNN",0.05,27,"test",280,0.482200652360916,0
"SimpleRNN",0.05,27,"test",281,0.482093989849091,0
"SimpleRNN",0.05,27,"test",282,0.491256386041641,0
"SimpleRNN",0.05,27,"test",283,0.463548570871353,0
"SimpleRNN",0.05,27,"test",284,0.505181014537811,0
"SimpleRNN",0.05,27,"test",285,0.414984673261642,0
"SimpleRNN",0.05,27,"test",286,0.526319265365601,0
"SimpleRNN",0.05,27,"test",287,0.384987086057663,0
"SimpleRNN",0.05,27,"test",288,0.450231283903122,0
"SimpleRNN",0.05,27,"test",289,0.509944140911102,0
"SimpleRNN",0.05,27,"test",290,0.533717691898346,0
"SimpleRNN",0.05,27,"test",291,0.551629841327667,0
"SimpleRNN",0.05,27,"test",292,0.436677306890488,1
"SimpleRNN",0.05,27,"test",293,0.526681423187256,1
"SimpleRNN",0.05,27,"test",294,0.463787734508514,1
"SimpleRNN",0.05,27,"test",295,0.462632358074188,0
"SimpleRNN",0.05,27,"test",296,0.425232321023941,0
"SimpleRNN",0.05,27,"test",297,0.449266254901886,1
"SimpleRNN",0.05,27,"test",298,0.412718743085861,0
"SimpleRNN",0.05,27,"test",299,0.417602688074112,0
"SimpleRNN",0.05,27,"test",300,0.373844981193542,1
"SimpleRNN",0.05,27,"test",301,0.444027453660965,1
"SimpleRNN",0.05,27,"test",302,0.570201992988586,1
"SimpleRNN",0.05,27,"test",303,0.583802223205566,0
"SimpleRNN",0.05,27,"test",304,0.463932275772095,1
"SimpleRNN",0.05,27,"test",305,0.546975612640381,0
"SimpleRNN",0.05,98,"test",1,0.493721812963486,0
"SimpleRNN",0.05,98,"test",2,0.580322742462158,0
"SimpleRNN",0.05,98,"test",3,0.574247300624847,1
"SimpleRNN",0.05,98,"test",4,0.434994995594025,1
"SimpleRNN",0.05,98,"test",5,0.545668661594391,1
"SimpleRNN",0.05,98,"test",6,0.456112682819366,1
"SimpleRNN",0.05,98,"test",7,0.485467821359634,1
"SimpleRNN",0.05,98,"test",8,0.55957418680191,1
"SimpleRNN",0.05,98,"test",9,0.51326709985733,1
"SimpleRNN",0.05,98,"test",10,0.504368960857391,1
"SimpleRNN",0.05,98,"test",11,0.513432383537292,1
"SimpleRNN",0.05,98,"test",12,0.467247188091278,1
"SimpleRNN",0.05,98,"test",13,0.409627020359039,1
"SimpleRNN",0.05,98,"test",14,0.333989411592484,1
"SimpleRNN",0.05,98,"test",15,0.323513269424438,1
"SimpleRNN",0.05,98,"test",16,0.449036240577698,1
"SimpleRNN",0.05,98,"test",17,0.467290431261063,0
"SimpleRNN",0.05,98,"test",18,0.522137463092804,0
"SimpleRNN",0.05,98,"test",19,0.529107630252838,0
"SimpleRNN",0.05,98,"test",20,0.572640597820282,1
"SimpleRNN",0.05,98,"test",21,0.558577120304108,1
"SimpleRNN",0.05,98,"test",22,0.489202946424484,1
"SimpleRNN",0.05,98,"test",23,0.471461862325668,0
"SimpleRNN",0.05,98,"test",24,0.490443617105484,0
"SimpleRNN",0.05,98,"test",25,0.48646292090416,0
"SimpleRNN",0.05,98,"test",26,0.493721812963486,1
"SimpleRNN",0.05,98,"test",27,0.490118235349655,1
"SimpleRNN",0.05,98,"test",28,0.574247300624847,1
"SimpleRNN",0.05,98,"test",29,0.526535034179688,0
"SimpleRNN",0.05,98,"test",30,0.545668661594391,0
"SimpleRNN",0.05,98,"test",31,0.569199681282043,0
"SimpleRNN",0.05,98,"test",32,0.485467821359634,0
"SimpleRNN",0.05,98,"test",33,0.521357357501984,0
"SimpleRNN",0.05,98,"test",34,0.51326709985733,1
"SimpleRNN",0.05,98,"test",35,0.546116828918457,1
"SimpleRNN",0.05,98,"test",36,0.513432383537292,1
"SimpleRNN",0.05,98,"test",37,0.512857437133789,1
"SimpleRNN",0.05,98,"test",38,0.409627020359039,1
"SimpleRNN",0.05,98,"test",39,0.400470048189163,1
"SimpleRNN",0.05,98,"test",40,0.323513269424438,1
"SimpleRNN",0.05,98,"test",41,0.338043212890625,1
"SimpleRNN",0.05,98,"test",42,0.467290431261063,0
"SimpleRNN",0.05,98,"test",43,0.485357016324997,0
"SimpleRNN",0.05,98,"test",44,0.529107630252838,1
"SimpleRNN",0.05,98,"test",45,0.523823857307434,1
"SimpleRNN",0.05,98,"test",46,0.558577120304108,1
"SimpleRNN",0.05,98,"test",47,0.562389612197876,0
"SimpleRNN",0.05,98,"test",48,0.471461862325668,0
"SimpleRNN",0.05,98,"test",49,0.537878692150116,0
"SimpleRNN",0.05,98,"test",50,0.48646292090416,0
"SimpleRNN",0.05,98,"test",51,0.471113950014114,1
"SimpleRNN",0.05,98,"test",52,0.490118235349655,1
"SimpleRNN",0.05,98,"test",53,0.494551122188568,1
"SimpleRNN",0.05,98,"test",54,0.526535034179688,1
"SimpleRNN",0.05,98,"test",55,0.477905780076981,0
"SimpleRNN",0.05,98,"test",56,0.569199800491333,0
"SimpleRNN",0.05,98,"test",57,0.680004417896271,0
"SimpleRNN",0.05,98,"test",58,0.521357357501984,0
"SimpleRNN",0.05,98,"test",59,0.517801880836487,1
"SimpleRNN",0.05,98,"test",60,0.546116828918457,1
"SimpleRNN",0.05,98,"test",61,0.465362727642059,1
"SimpleRNN",0.05,98,"test",62,0.512857437133789,0
"SimpleRNN",0.05,98,"test",63,0.508902490139008,1
"SimpleRNN",0.05,98,"test",64,0.400470048189163,1
"SimpleRNN",0.05,98,"test",65,0.426843881607056,1
"SimpleRNN",0.05,98,"test",66,0.338043212890625,1
"SimpleRNN",0.05,98,"test",67,0.327086687088013,1
"SimpleRNN",0.05,98,"test",68,0.485357016324997,0
"SimpleRNN",0.05,98,"test",69,0.473695904016495,0
"SimpleRNN",0.05,98,"test",70,0.523823857307434,0
"SimpleRNN",0.05,98,"test",71,0.516003906726837,1
"SimpleRNN",0.05,98,"test",72,0.562389612197876,1
"SimpleRNN",0.05,98,"test",73,0.565461337566376,0
"SimpleRNN",0.05,98,"test",74,0.537878692150116,0
"SimpleRNN",0.05,98,"test",75,0.511886656284332,0
"SimpleRNN",0.05,98,"test",76,0.471113950014114,0
"SimpleRNN",0.05,98,"test",77,0.460272997617722,0
"SimpleRNN",0.05,98,"test",78,0.494551122188568,1
"SimpleRNN",0.05,98,"test",79,0.48538675904274,0
"SimpleRNN",0.05,98,"test",80,0.477905780076981,0
"SimpleRNN",0.05,98,"test",81,0.450453639030457,1
"SimpleRNN",0.05,98,"test",82,0.680004417896271,1
"SimpleRNN",0.05,98,"test",83,0.580887854099274,1
"SimpleRNN",0.05,98,"test",84,0.517801880836487,1
"SimpleRNN",0.05,98,"test",85,0.521401703357697,0
"SimpleRNN",0.05,98,"test",86,0.465362727642059,0
"SimpleRNN",0.05,98,"test",87,0.502751350402832,0
"SimpleRNN",0.05,98,"test",88,0.508902490139008,0
"SimpleRNN",0.05,98,"test",89,0.494128704071045,0
"SimpleRNN",0.05,98,"test",90,0.426843881607056,0
"SimpleRNN",0.05,98,"test",91,0.439718395471573,1
"SimpleRNN",0.05,98,"test",92,0.327086687088013,0
"SimpleRNN",0.05,98,"test",93,0.328875780105591,0
"SimpleRNN",0.05,98,"test",94,0.473695904016495,0
"SimpleRNN",0.05,98,"test",95,0.471033245325089,0
"SimpleRNN",0.05,98,"test",96,0.516003906726837,0
"SimpleRNN",0.05,98,"test",97,0.505926489830017,1
"SimpleRNN",0.05,98,"test",98,0.565461337566376,1
"SimpleRNN",0.05,98,"test",99,0.564972281455994,1
"SimpleRNN",0.05,98,"test",100,0.511886656284332,1
"SimpleRNN",0.05,98,"test",101,0.51907342672348,1
"SimpleRNN",0.05,98,"test",102,0.460272997617722,0
"SimpleRNN",0.05,98,"test",103,0.443997383117676,0
"SimpleRNN",0.05,98,"test",104,0.48538675904274,0
"SimpleRNN",0.05,98,"test",105,0.467840045690536,0
"SimpleRNN",0.05,98,"test",106,0.450453639030457,0
"SimpleRNN",0.05,98,"test",107,0.501432657241821,0
"SimpleRNN",0.05,98,"test",108,0.580887854099274,0
"SimpleRNN",0.05,98,"test",109,0.602965295314789,0
"SimpleRNN",0.05,98,"test",110,0.521401703357697,1
"SimpleRNN",0.05,98,"test",111,0.49666041135788,1
"SimpleRNN",0.05,98,"test",112,0.502751350402832,1
"SimpleRNN",0.05,98,"test",113,0.524010837078094,0
"SimpleRNN",0.05,98,"test",114,0.494128704071045,1
"SimpleRNN",0.05,98,"test",115,0.506012439727783,1
"SimpleRNN",0.05,98,"test",116,0.439718395471573,1
"SimpleRNN",0.05,98,"test",117,0.461535185575485,1
"SimpleRNN",0.05,98,"test",118,0.328875780105591,1
"SimpleRNN",0.05,98,"test",119,0.356706380844116,0
"SimpleRNN",0.05,98,"test",120,0.471033185720444,0
"SimpleRNN",0.05,98,"test",121,0.463672876358032,0
"SimpleRNN",0.05,98,"test",122,0.505926489830017,1
"SimpleRNN",0.05,98,"test",123,0.504778265953064,1
"SimpleRNN",0.05,98,"test",124,0.564972281455994,1
"SimpleRNN",0.05,98,"test",125,0.55842649936676,0
"SimpleRNN",0.05,98,"test",126,0.51907342672348,0
"SimpleRNN",0.05,98,"test",127,0.551907420158386,0
"SimpleRNN",0.05,98,"test",128,0.443997383117676,1
"SimpleRNN",0.05,98,"test",129,0.458105981349945,1
"SimpleRNN",0.05,98,"test",130,0.467840045690536,1
"SimpleRNN",0.05,98,"test",131,0.477369427680969,1
"SimpleRNN",0.05,98,"test",132,0.501432657241821,0
"SimpleRNN",0.05,98,"test",133,0.364781051874161,0
"SimpleRNN",0.05,98,"test",134,0.602965295314789,0
"SimpleRNN",0.05,98,"test",135,0.541626393795013,0
"SimpleRNN",0.05,98,"test",136,0.49666041135788,0
"SimpleRNN",0.05,98,"test",137,0.511887729167938,1
"SimpleRNN",0.05,98,"test",138,0.524010837078094,1
"SimpleRNN",0.05,98,"test",139,0.529936373233795,1
"SimpleRNN",0.05,98,"test",140,0.506012439727783,1
"SimpleRNN",0.05,98,"test",141,0.507008612155914,1
"SimpleRNN",0.05,98,"test",142,0.461535185575485,1
"SimpleRNN",0.05,98,"test",143,0.526249647140503,1
"SimpleRNN",0.05,98,"test",144,0.356706380844116,1
"SimpleRNN",0.05,98,"test",145,0.370324850082397,1
"SimpleRNN",0.05,98,"test",146,0.463672876358032,1
"SimpleRNN",0.05,98,"test",147,0.472256511449814,1
"SimpleRNN",0.05,98,"test",148,0.504778265953064,1
"SimpleRNN",0.05,98,"test",149,0.531622171401978,1
"SimpleRNN",0.05,98,"test",150,0.55842649936676,1
"SimpleRNN",0.05,98,"test",151,0.571155846118927,1
"SimpleRNN",0.05,98,"test",152,0.551907300949097,0
"SimpleRNN",0.05,98,"test",153,0.559059143066406,0
"SimpleRNN",0.05,98,"test",154,0.458105981349945,1
"SimpleRNN",0.05,98,"test",155,0.47097983956337,1
"SimpleRNN",0.05,98,"test",156,0.477369427680969,1
"SimpleRNN",0.05,98,"test",157,0.478583306074142,0
"SimpleRNN",0.05,98,"test",158,0.364781051874161,0
"SimpleRNN",0.05,98,"test",159,0.454946726560593,0
"SimpleRNN",0.05,98,"test",160,0.541626393795013,0
"SimpleRNN",0.05,98,"test",161,0.528037667274475,0
"SimpleRNN",0.05,98,"test",162,0.511887729167938,0
"SimpleRNN",0.05,98,"test",163,0.499253571033478,0
"SimpleRNN",0.05,98,"test",164,0.529936373233795,0
"SimpleRNN",0.05,98,"test",165,0.538984477519989,1
"SimpleRNN",0.05,98,"test",166,0.507008612155914,1
"SimpleRNN",0.05,98,"test",167,0.50561249256134,0
"SimpleRNN",0.05,98,"test",168,0.526249647140503,1
"SimpleRNN",0.05,98,"test",169,0.503190100193024,1
"SimpleRNN",0.05,98,"test",170,0.370324850082397,1
"SimpleRNN",0.05,98,"test",171,0.370581984519958,0
"SimpleRNN",0.05,98,"test",172,0.472256511449814,0
"SimpleRNN",0.05,98,"test",173,0.463405787944794,1
"SimpleRNN",0.05,98,"test",174,0.531622171401978,1
"SimpleRNN",0.05,98,"test",175,0.516832709312439,1
"SimpleRNN",0.05,98,"test",176,0.571155846118927,1
"SimpleRNN",0.05,98,"test",177,0.58223170042038,0
"SimpleRNN",0.05,98,"test",178,0.559059143066406,0
"SimpleRNN",0.05,98,"test",179,0.56364780664444,0
"SimpleRNN",0.05,98,"test",180,0.47097983956337,0
"SimpleRNN",0.05,98,"test",181,0.412124335765839,0
"SimpleRNN",0.05,98,"test",182,0.478583306074142,0
"SimpleRNN",0.05,98,"test",183,0.478729039430618,0
"SimpleRNN",0.05,98,"test",184,0.454946726560593,0
"SimpleRNN",0.05,98,"test",185,0.433592408895493,0
"SimpleRNN",0.05,98,"test",186,0.528037667274475,1
"SimpleRNN",0.05,98,"test",187,0.490882694721222,0
"SimpleRNN",0.05,98,"test",188,0.499253571033478,0
"SimpleRNN",0.05,98,"test",189,0.51082307100296,0
"SimpleRNN",0.05,98,"test",190,0.538984477519989,0
"SimpleRNN",0.05,98,"test",191,0.328989595174789,0
"SimpleRNN",0.05,98,"test",192,0.505612373352051,0
"SimpleRNN",0.05,98,"test",193,0.511854588985443,0
"SimpleRNN",0.05,98,"test",194,0.503190100193024,0
"SimpleRNN",0.05,98,"test",195,0.508669555187225,0
"SimpleRNN",0.05,98,"test",196,0.370581984519958,0
"SimpleRNN",0.05,98,"test",197,0.344758301973343,1
"SimpleRNN",0.05,98,"test",198,0.463405787944794,1
"SimpleRNN",0.05,98,"test",199,0.463155090808868,1
"SimpleRNN",0.05,98,"test",200,0.516832709312439,0
"SimpleRNN",0.05,98,"test",201,0.513329565525055,0
"SimpleRNN",0.05,98,"test",202,0.58223170042038,1
"SimpleRNN",0.05,98,"test",203,0.541943490505219,0
"SimpleRNN",0.05,98,"test",204,0.56364780664444,0
"SimpleRNN",0.05,98,"test",205,0.522043406963348,0
"SimpleRNN",0.05,98,"test",206,0.412124335765839,1
"SimpleRNN",0.05,98,"test",207,0.409769743680954,0
"SimpleRNN",0.05,98,"test",208,0.478729039430618,0
"SimpleRNN",0.05,98,"test",209,0.494839251041412,0
"SimpleRNN",0.05,98,"test",210,0.433592408895493,0
"SimpleRNN",0.05,98,"test",211,0.434210866689682,0
"SimpleRNN",0.05,98,"test",212,0.490882694721222,1
"SimpleRNN",0.05,98,"test",213,0.635230422019958,0
"SimpleRNN",0.05,98,"test",214,0.51082307100296,1
"SimpleRNN",0.05,98,"test",215,0.519882678985596,1
"SimpleRNN",0.05,98,"test",216,0.328989595174789,1
"SimpleRNN",0.05,98,"test",217,0.285974621772766,0
"SimpleRNN",0.05,98,"test",218,0.511854588985443,0
"SimpleRNN",0.05,98,"test",219,0.512152910232544,1
"SimpleRNN",0.05,98,"test",220,0.508669555187225,1
"SimpleRNN",0.05,98,"test",221,0.509266436100006,0
"SimpleRNN",0.05,98,"test",222,0.344758301973343,1
"SimpleRNN",0.05,98,"test",223,0.362192660570145,1
"SimpleRNN",0.05,98,"test",224,0.463155120611191,1
"SimpleRNN",0.05,98,"test",225,0.46394944190979,0
"SimpleRNN",0.05,98,"test",226,0.513329565525055,0
"SimpleRNN",0.05,98,"test",227,0.527656316757202,0
"SimpleRNN",0.05,98,"test",228,0.541943490505219,1
"SimpleRNN",0.05,98,"test",229,0.58135598897934,1
"SimpleRNN",0.05,98,"test",230,0.522043406963348,0
"SimpleRNN",0.05,98,"test",231,0.53744512796402,1
"SimpleRNN",0.05,98,"test",232,0.409769743680954,1
"SimpleRNN",0.05,98,"test",233,0.523355722427368,1
"SimpleRNN",0.05,98,"test",234,0.494839251041412,1
"SimpleRNN",0.05,98,"test",235,0.494095683097839,1
"SimpleRNN",0.05,98,"test",236,0.434210866689682,1
"SimpleRNN",0.05,98,"test",237,0.409616380929947,0
"SimpleRNN",0.05,98,"test",238,0.635230422019958,0
"SimpleRNN",0.05,98,"test",239,0.539943754673004,0
"SimpleRNN",0.05,98,"test",240,0.519882678985596,0
"SimpleRNN",0.05,98,"test",241,0.529716372489929,0
"SimpleRNN",0.05,98,"test",242,0.285974621772766,0
"SimpleRNN",0.05,98,"test",243,0.453564316034317,0
"SimpleRNN",0.05,98,"test",244,0.512152910232544,1
"SimpleRNN",0.05,98,"test",245,0.499009042978287,1
"SimpleRNN",0.05,98,"test",246,0.509266436100006,1
"SimpleRNN",0.05,98,"test",247,0.538728713989258,1
"SimpleRNN",0.05,98,"test",248,0.362192660570145,1
"SimpleRNN",0.05,98,"test",249,0.332259714603424,1
"SimpleRNN",0.05,98,"test",250,0.46394944190979,1
"SimpleRNN",0.05,98,"test",251,0.482434809207916,1
"SimpleRNN",0.05,98,"test",252,0.527656316757202,0
"SimpleRNN",0.05,98,"test",253,0.534110307693481,0
"SimpleRNN",0.05,98,"test",254,0.58135598897934,0
"SimpleRNN",0.05,98,"test",255,0.571493864059448,1
"SimpleRNN",0.05,98,"test",256,0.53744512796402,1
"SimpleRNN",0.05,98,"test",257,0.533107995986938,1
"SimpleRNN",0.05,98,"test",258,0.523355722427368,1
"SimpleRNN",0.05,98,"test",259,0.454512625932693,1
"SimpleRNN",0.05,98,"test",260,0.494095683097839,1
"SimpleRNN",0.05,98,"test",261,0.492895543575287,1
"SimpleRNN",0.05,98,"test",262,0.409616380929947,0
"SimpleRNN",0.05,98,"test",263,0.38344794511795,0
"SimpleRNN",0.05,98,"test",264,0.539943754673004,1
"SimpleRNN",0.05,98,"test",265,0.58897066116333,1
"SimpleRNN",0.05,98,"test",266,0.529716372489929,1
"SimpleRNN",0.05,98,"test",267,0.560048937797546,1
"SimpleRNN",0.05,98,"test",268,0.453564316034317,1
"SimpleRNN",0.05,98,"test",269,0.489900588989258,1
"SimpleRNN",0.05,98,"test",270,0.499009042978287,1
"SimpleRNN",0.05,98,"test",271,0.505277276039124,1
"SimpleRNN",0.05,98,"test",272,0.538728713989258,1
"SimpleRNN",0.05,98,"test",273,0.498537957668304,1
"SimpleRNN",0.05,98,"test",274,0.332259714603424,1
"SimpleRNN",0.05,98,"test",275,0.357060819864273,1
"SimpleRNN",0.05,98,"test",276,0.482434809207916,1
"SimpleRNN",0.05,98,"test",277,0.492952853441238,1
"SimpleRNN",0.05,98,"test",278,0.534110307693481,0
"SimpleRNN",0.05,98,"test",279,0.528402745723724,0
"SimpleRNN",0.05,98,"test",280,0.571493864059448,0
"SimpleRNN",0.05,98,"test",281,0.55746603012085,0
"SimpleRNN",0.05,98,"test",282,0.533107995986938,0
"SimpleRNN",0.05,98,"test",283,0.515811920166016,0
"SimpleRNN",0.05,98,"test",284,0.454512625932693,0
"SimpleRNN",0.05,98,"test",285,0.515076816082001,0
"SimpleRNN",0.05,98,"test",286,0.492895543575287,0
"SimpleRNN",0.05,98,"test",287,0.470086693763733,0
"SimpleRNN",0.05,98,"test",288,0.38344794511795,0
"SimpleRNN",0.05,98,"test",289,0.438924193382263,0
"SimpleRNN",0.05,98,"test",290,0.58897066116333,0
"SimpleRNN",0.05,98,"test",291,0.505533218383789,0
"SimpleRNN",0.05,98,"test",292,0.560048937797546,1
"SimpleRNN",0.05,98,"test",293,0.472687512636185,1
"SimpleRNN",0.05,98,"test",294,0.489900588989258,1
"SimpleRNN",0.05,98,"test",295,0.527729272842407,0
"SimpleRNN",0.05,98,"test",296,0.505277276039124,0
"SimpleRNN",0.05,98,"test",297,0.504661560058594,1
"SimpleRNN",0.05,98,"test",298,0.498537957668304,0
"SimpleRNN",0.05,98,"test",299,0.520657658576965,0
"SimpleRNN",0.05,98,"test",300,0.357060819864273,1
"SimpleRNN",0.05,98,"test",301,0.438642144203186,1
"SimpleRNN",0.05,98,"test",302,0.492952853441238,1
"SimpleRNN",0.05,98,"test",303,0.504224181175232,0
"SimpleRNN",0.05,98,"test",304,0.528402745723724,1
"SimpleRNN",0.05,98,"test",305,0.537415385246277,0
"SimpleRNN",0.05,41,"test",1,0.512077391147614,0
"SimpleRNN",0.05,41,"test",2,0.499825149774551,0
"SimpleRNN",0.05,41,"test",3,0.510725498199463,1
"SimpleRNN",0.05,41,"test",4,0.59553998708725,1
"SimpleRNN",0.05,41,"test",5,0.518280386924744,1
"SimpleRNN",0.05,41,"test",6,0.460442692041397,1
"SimpleRNN",0.05,41,"test",7,0.448924452066422,1
"SimpleRNN",0.05,41,"test",8,0.560182571411133,1
"SimpleRNN",0.05,41,"test",9,0.497750729322433,1
"SimpleRNN",0.05,41,"test",10,0.50383073091507,1
"SimpleRNN",0.05,41,"test",11,0.504356026649475,1
"SimpleRNN",0.05,41,"test",12,0.466528862714767,1
"SimpleRNN",0.05,41,"test",13,0.503472745418549,1
"SimpleRNN",0.05,41,"test",14,0.377580970525742,1
"SimpleRNN",0.05,41,"test",15,0.388934701681137,1
"SimpleRNN",0.05,41,"test",16,0.416592389345169,1
"SimpleRNN",0.05,41,"test",17,0.447453200817108,0
"SimpleRNN",0.05,41,"test",18,0.518803119659424,0
"SimpleRNN",0.05,41,"test",19,0.506964385509491,0
"SimpleRNN",0.05,41,"test",20,0.52977466583252,1
"SimpleRNN",0.05,41,"test",21,0.591471433639526,1
"SimpleRNN",0.05,41,"test",22,0.541804850101471,1
"SimpleRNN",0.05,41,"test",23,0.544920265674591,0
"SimpleRNN",0.05,41,"test",24,0.456723928451538,0
"SimpleRNN",0.05,41,"test",25,0.476142585277557,0
"SimpleRNN",0.05,41,"test",26,0.512077391147614,1
"SimpleRNN",0.05,41,"test",27,0.565406501293182,1
"SimpleRNN",0.05,41,"test",28,0.510725498199463,1
"SimpleRNN",0.05,41,"test",29,0.523807406425476,0
"SimpleRNN",0.05,41,"test",30,0.518280386924744,0
"SimpleRNN",0.05,41,"test",31,0.536236345767975,0
"SimpleRNN",0.05,41,"test",32,0.448924452066422,0
"SimpleRNN",0.05,41,"test",33,0.439475566148758,0
"SimpleRNN",0.05,41,"test",34,0.497750729322433,1
"SimpleRNN",0.05,41,"test",35,0.546427607536316,1
"SimpleRNN",0.05,41,"test",36,0.504356026649475,1
"SimpleRNN",0.05,41,"test",37,0.494136095046997,1
"SimpleRNN",0.05,41,"test",38,0.503472745418549,1
"SimpleRNN",0.05,41,"test",39,0.484409749507904,1
"SimpleRNN",0.05,41,"test",40,0.388934701681137,1
"SimpleRNN",0.05,41,"test",41,0.375052005052567,1
"SimpleRNN",0.05,41,"test",42,0.447453200817108,0
"SimpleRNN",0.05,41,"test",43,0.464828729629517,0
"SimpleRNN",0.05,41,"test",44,0.506964385509491,1
"SimpleRNN",0.05,41,"test",45,0.519517064094543,1
"SimpleRNN",0.05,41,"test",46,0.591471433639526,1
"SimpleRNN",0.05,41,"test",47,0.502859055995941,0
"SimpleRNN",0.05,41,"test",48,0.544920265674591,0
"SimpleRNN",0.05,41,"test",49,0.495035439729691,0
"SimpleRNN",0.05,41,"test",50,0.476142585277557,0
"SimpleRNN",0.05,41,"test",51,0.44372096657753,1
"SimpleRNN",0.05,41,"test",52,0.565406501293182,1
"SimpleRNN",0.05,41,"test",53,0.521495640277863,1
"SimpleRNN",0.05,41,"test",54,0.523807406425476,1
"SimpleRNN",0.05,41,"test",55,0.519810914993286,0
"SimpleRNN",0.05,41,"test",56,0.53623628616333,0
"SimpleRNN",0.05,41,"test",57,0.53568023443222,0
"SimpleRNN",0.05,41,"test",58,0.439475566148758,0
"SimpleRNN",0.05,41,"test",59,0.444148153066635,1
"SimpleRNN",0.05,41,"test",60,0.546427607536316,1
"SimpleRNN",0.05,41,"test",61,0.476555824279785,1
"SimpleRNN",0.05,41,"test",62,0.494136095046997,0
"SimpleRNN",0.05,41,"test",63,0.501641035079956,1
"SimpleRNN",0.05,41,"test",64,0.484409749507904,1
"SimpleRNN",0.05,41,"test",65,0.482814222574234,1
"SimpleRNN",0.05,41,"test",66,0.375052005052567,1
"SimpleRNN",0.05,41,"test",67,0.383999049663544,1
"SimpleRNN",0.05,41,"test",68,0.464828729629517,0
"SimpleRNN",0.05,41,"test",69,0.444167196750641,0
"SimpleRNN",0.05,41,"test",70,0.519517064094543,0
"SimpleRNN",0.05,41,"test",71,0.651595592498779,1
"SimpleRNN",0.05,41,"test",72,0.502859055995941,1
"SimpleRNN",0.05,41,"test",73,0.450334250926971,0
"SimpleRNN",0.05,41,"test",74,0.495035439729691,0
"SimpleRNN",0.05,41,"test",75,0.52904886007309,0
"SimpleRNN",0.05,41,"test",76,0.44372096657753,0
"SimpleRNN",0.05,41,"test",77,0.445707231760025,0
"SimpleRNN",0.05,41,"test",78,0.521495640277863,1
"SimpleRNN",0.05,41,"test",79,0.46716719865799,0
"SimpleRNN",0.05,41,"test",80,0.519810914993286,0
"SimpleRNN",0.05,41,"test",81,0.548030138015747,1
"SimpleRNN",0.05,41,"test",82,0.53568023443222,1
"SimpleRNN",0.05,41,"test",83,0.542763113975525,1
"SimpleRNN",0.05,41,"test",84,0.444148153066635,1
"SimpleRNN",0.05,41,"test",85,0.439748734235764,0
"SimpleRNN",0.05,41,"test",86,0.476555824279785,0
"SimpleRNN",0.05,41,"test",87,0.485991567373276,0
"SimpleRNN",0.05,41,"test",88,0.501641035079956,0
"SimpleRNN",0.05,41,"test",89,0.48323392868042,0
"SimpleRNN",0.05,41,"test",90,0.482814222574234,0
"SimpleRNN",0.05,41,"test",91,0.520038306713104,1
"SimpleRNN",0.05,41,"test",92,0.383999049663544,0
"SimpleRNN",0.05,41,"test",93,0.383041948080063,0
"SimpleRNN",0.05,41,"test",94,0.444167196750641,0
"SimpleRNN",0.05,41,"test",95,0.450151860713959,0
"SimpleRNN",0.05,41,"test",96,0.651595592498779,0
"SimpleRNN",0.05,41,"test",97,0.606215238571167,1
"SimpleRNN",0.05,41,"test",98,0.450334250926971,1
"SimpleRNN",0.05,41,"test",99,0.494508475065231,1
"SimpleRNN",0.05,41,"test",100,0.52904886007309,1
"SimpleRNN",0.05,41,"test",101,0.513899266719818,1
"SimpleRNN",0.05,41,"test",102,0.445707231760025,0
"SimpleRNN",0.05,41,"test",103,0.422291219234467,0
"SimpleRNN",0.05,41,"test",104,0.46716719865799,0
"SimpleRNN",0.05,41,"test",105,0.441563427448273,0
"SimpleRNN",0.05,41,"test",106,0.548030138015747,0
"SimpleRNN",0.05,41,"test",107,0.494682520627975,0
"SimpleRNN",0.05,41,"test",108,0.542763113975525,0
"SimpleRNN",0.05,41,"test",109,0.543685674667358,0
"SimpleRNN",0.05,41,"test",110,0.439748734235764,1
"SimpleRNN",0.05,41,"test",111,0.46581307053566,1
"SimpleRNN",0.05,41,"test",112,0.485991567373276,1
"SimpleRNN",0.05,41,"test",113,0.511202752590179,0
"SimpleRNN",0.05,41,"test",114,0.48323392868042,1
"SimpleRNN",0.05,41,"test",115,0.45517909526825,1
"SimpleRNN",0.05,41,"test",116,0.520038306713104,1
"SimpleRNN",0.05,41,"test",117,0.499267190694809,1
"SimpleRNN",0.05,41,"test",118,0.383041948080063,1
"SimpleRNN",0.05,41,"test",119,0.364167273044586,0
"SimpleRNN",0.05,41,"test",120,0.450151860713959,0
"SimpleRNN",0.05,41,"test",121,0.431953191757202,0
"SimpleRNN",0.05,41,"test",122,0.606215238571167,1
"SimpleRNN",0.05,41,"test",123,0.61441171169281,1
"SimpleRNN",0.05,41,"test",124,0.494508475065231,1
"SimpleRNN",0.05,41,"test",125,0.459455907344818,0
"SimpleRNN",0.05,41,"test",126,0.513899266719818,0
"SimpleRNN",0.05,41,"test",127,0.485765129327774,0
"SimpleRNN",0.05,41,"test",128,0.422291219234467,1
"SimpleRNN",0.05,41,"test",129,0.428578913211823,1
"SimpleRNN",0.05,41,"test",130,0.441563427448273,1
"SimpleRNN",0.05,41,"test",131,0.474034339189529,1
"SimpleRNN",0.05,41,"test",132,0.494682520627975,0
"SimpleRNN",0.05,41,"test",133,0.654200255870819,0
"SimpleRNN",0.05,41,"test",134,0.543685674667358,0
"SimpleRNN",0.05,41,"test",135,0.563779771327972,0
"SimpleRNN",0.05,41,"test",136,0.46581307053566,0
"SimpleRNN",0.05,41,"test",137,0.443389534950256,1
"SimpleRNN",0.05,41,"test",138,0.511202752590179,1
"SimpleRNN",0.05,41,"test",139,0.519249439239502,1
"SimpleRNN",0.05,41,"test",140,0.45517909526825,1
"SimpleRNN",0.05,41,"test",141,0.4483502805233,1
"SimpleRNN",0.05,41,"test",142,0.499267190694809,1
"SimpleRNN",0.05,41,"test",143,0.542631387710571,1
"SimpleRNN",0.05,41,"test",144,0.364167273044586,1
"SimpleRNN",0.05,41,"test",145,0.358178913593292,1
"SimpleRNN",0.05,41,"test",146,0.431953191757202,1
"SimpleRNN",0.05,41,"test",147,0.441756904125214,1
"SimpleRNN",0.05,41,"test",148,0.61441171169281,1
"SimpleRNN",0.05,41,"test",149,0.474658399820328,1
"SimpleRNN",0.05,41,"test",150,0.459455907344818,1
"SimpleRNN",0.05,41,"test",151,0.45691391825676,1
"SimpleRNN",0.05,41,"test",152,0.485765129327774,0
"SimpleRNN",0.05,41,"test",153,0.532886326313019,0
"SimpleRNN",0.05,41,"test",154,0.428578913211823,1
"SimpleRNN",0.05,41,"test",155,0.430544376373291,1
"SimpleRNN",0.05,41,"test",156,0.474034339189529,1
"SimpleRNN",0.05,41,"test",157,0.462366342544556,0
"SimpleRNN",0.05,41,"test",158,0.654200255870819,0
"SimpleRNN",0.05,41,"test",159,0.566020786762238,0
"SimpleRNN",0.05,41,"test",160,0.563779771327972,0
"SimpleRNN",0.05,41,"test",161,0.568322837352753,0
"SimpleRNN",0.05,41,"test",162,0.443389534950256,0
"SimpleRNN",0.05,41,"test",163,0.443500131368637,0
"SimpleRNN",0.05,41,"test",164,0.519249439239502,0
"SimpleRNN",0.05,41,"test",165,0.532729923725128,1
"SimpleRNN",0.05,41,"test",166,0.4483502805233,1
"SimpleRNN",0.05,41,"test",167,0.482468843460083,0
"SimpleRNN",0.05,41,"test",168,0.542631387710571,1
"SimpleRNN",0.05,41,"test",169,0.548555135726929,1
"SimpleRNN",0.05,41,"test",170,0.358178913593292,1
"SimpleRNN",0.05,41,"test",171,0.357719153165817,0
"SimpleRNN",0.05,41,"test",172,0.441756904125214,0
"SimpleRNN",0.05,41,"test",173,0.424737483263016,1
"SimpleRNN",0.05,41,"test",174,0.474658399820328,1
"SimpleRNN",0.05,41,"test",175,0.551145493984222,1
"SimpleRNN",0.05,41,"test",176,0.45691391825676,1
"SimpleRNN",0.05,41,"test",177,0.440766751766205,0
"SimpleRNN",0.05,41,"test",178,0.532886326313019,0
"SimpleRNN",0.05,41,"test",179,0.473761260509491,0
"SimpleRNN",0.05,41,"test",180,0.430544376373291,0
"SimpleRNN",0.05,41,"test",181,0.440157532691956,0
"SimpleRNN",0.05,41,"test",182,0.462366342544556,0
"SimpleRNN",0.05,41,"test",183,0.442951589822769,0
"SimpleRNN",0.05,41,"test",184,0.566020846366882,0
"SimpleRNN",0.05,41,"test",185,0.537193655967712,0
"SimpleRNN",0.05,41,"test",186,0.568322837352753,1
"SimpleRNN",0.05,41,"test",187,0.58367246389389,0
"SimpleRNN",0.05,41,"test",188,0.443500131368637,0
"SimpleRNN",0.05,41,"test",189,0.43877175450325,0
"SimpleRNN",0.05,41,"test",190,0.532729923725128,0
"SimpleRNN",0.05,41,"test",191,0.440146833658218,0
"SimpleRNN",0.05,41,"test",192,0.482468843460083,0
"SimpleRNN",0.05,41,"test",193,0.444194883108139,0
"SimpleRNN",0.05,41,"test",194,0.548555135726929,0
"SimpleRNN",0.05,41,"test",195,0.503598988056183,0
"SimpleRNN",0.05,41,"test",196,0.357719153165817,0
"SimpleRNN",0.05,41,"test",197,0.373784869909286,1
"SimpleRNN",0.05,41,"test",198,0.424737483263016,1
"SimpleRNN",0.05,41,"test",199,0.430328071117401,1
"SimpleRNN",0.05,41,"test",200,0.551145493984222,0
"SimpleRNN",0.05,41,"test",201,0.555837035179138,0
"SimpleRNN",0.05,41,"test",202,0.440766751766205,1
"SimpleRNN",0.05,41,"test",203,0.598223447799683,0
"SimpleRNN",0.05,41,"test",204,0.473761260509491,0
"SimpleRNN",0.05,41,"test",205,0.504648327827454,0
"SimpleRNN",0.05,41,"test",206,0.440157532691956,1
"SimpleRNN",0.05,41,"test",207,0.399945557117462,0
"SimpleRNN",0.05,41,"test",208,0.442951589822769,0
"SimpleRNN",0.05,41,"test",209,0.513864874839783,0
"SimpleRNN",0.05,41,"test",210,0.537193655967712,0
"SimpleRNN",0.05,41,"test",211,0.538517713546753,0
"SimpleRNN",0.05,41,"test",212,0.58367246389389,1
"SimpleRNN",0.05,41,"test",213,0.539812088012695,0
"SimpleRNN",0.05,41,"test",214,0.43877175450325,1
"SimpleRNN",0.05,41,"test",215,0.450064927339554,1
"SimpleRNN",0.05,41,"test",216,0.440146803855896,1
"SimpleRNN",0.05,41,"test",217,0.406452298164368,0
"SimpleRNN",0.05,41,"test",218,0.444194883108139,0
"SimpleRNN",0.05,41,"test",219,0.445904970169067,1
"SimpleRNN",0.05,41,"test",220,0.503598988056183,1
"SimpleRNN",0.05,41,"test",221,0.546876013278961,0
"SimpleRNN",0.05,41,"test",222,0.373784869909286,1
"SimpleRNN",0.05,41,"test",223,0.361759185791016,1
"SimpleRNN",0.05,41,"test",224,0.430328071117401,1
"SimpleRNN",0.05,41,"test",225,0.442195177078247,0
"SimpleRNN",0.05,41,"test",226,0.555837035179138,0
"SimpleRNN",0.05,41,"test",227,0.573254525661469,0
"SimpleRNN",0.05,41,"test",228,0.598223447799683,1
"SimpleRNN",0.05,41,"test",229,0.450162529945374,1
"SimpleRNN",0.05,41,"test",230,0.504648327827454,0
"SimpleRNN",0.05,41,"test",231,0.462960541248322,1
"SimpleRNN",0.05,41,"test",232,0.399945557117462,1
"SimpleRNN",0.05,41,"test",233,0.476816862821579,1
"SimpleRNN",0.05,41,"test",234,0.513864874839783,1
"SimpleRNN",0.05,41,"test",235,0.501304507255554,1
"SimpleRNN",0.05,41,"test",236,0.538517713546753,1
"SimpleRNN",0.05,41,"test",237,0.563496470451355,0
"SimpleRNN",0.05,41,"test",238,0.539812088012695,0
"SimpleRNN",0.05,41,"test",239,0.5651575922966,0
"SimpleRNN",0.05,41,"test",240,0.450064927339554,0
"SimpleRNN",0.05,41,"test",241,0.449815690517426,0
"SimpleRNN",0.05,41,"test",242,0.406452298164368,0
"SimpleRNN",0.05,41,"test",243,0.449386417865753,0
"SimpleRNN",0.05,41,"test",244,0.445904970169067,1
"SimpleRNN",0.05,41,"test",245,0.471214413642883,1
"SimpleRNN",0.05,41,"test",246,0.546876013278961,1
"SimpleRNN",0.05,41,"test",247,0.513880908489227,1
"SimpleRNN",0.05,41,"test",248,0.361759185791016,1
"SimpleRNN",0.05,41,"test",249,0.391068756580353,1
"SimpleRNN",0.05,41,"test",250,0.442195177078247,1
"SimpleRNN",0.05,41,"test",251,0.471720218658447,1
"SimpleRNN",0.05,41,"test",252,0.573254525661469,0
"SimpleRNN",0.05,41,"test",253,0.487396687269211,0
"SimpleRNN",0.05,41,"test",254,0.450162529945374,0
"SimpleRNN",0.05,41,"test",255,0.421734929084778,1
"SimpleRNN",0.05,41,"test",256,0.462960541248322,1
"SimpleRNN",0.05,41,"test",257,0.51690399646759,1
"SimpleRNN",0.05,41,"test",258,0.476816862821579,1
"SimpleRNN",0.05,41,"test",259,0.447094321250916,1
"SimpleRNN",0.05,41,"test",260,0.501304507255554,1
"SimpleRNN",0.05,41,"test",261,0.546905159950256,1
"SimpleRNN",0.05,41,"test",262,0.563496470451355,0
"SimpleRNN",0.05,41,"test",263,0.522261440753937,0
"SimpleRNN",0.05,41,"test",264,0.5651575922966,1
"SimpleRNN",0.05,41,"test",265,0.543075978755951,1
"SimpleRNN",0.05,41,"test",266,0.449815690517426,1
"SimpleRNN",0.05,41,"test",267,0.416281193494797,1
"SimpleRNN",0.05,41,"test",268,0.449386417865753,1
"SimpleRNN",0.05,41,"test",269,0.477916836738586,1
"SimpleRNN",0.05,41,"test",270,0.471214413642883,1
"SimpleRNN",0.05,41,"test",271,0.457498133182526,1
"SimpleRNN",0.05,41,"test",272,0.513880908489227,1
"SimpleRNN",0.05,41,"test",273,0.497410506010056,1
"SimpleRNN",0.05,41,"test",274,0.391068756580353,1
"SimpleRNN",0.05,41,"test",275,0.364147514104843,1
"SimpleRNN",0.05,41,"test",276,0.471720218658447,1
"SimpleRNN",0.05,41,"test",277,0.466645836830139,1
"SimpleRNN",0.05,41,"test",278,0.487396687269211,0
"SimpleRNN",0.05,41,"test",279,0.341813147068024,0
"SimpleRNN",0.05,41,"test",280,0.421734929084778,0
"SimpleRNN",0.05,41,"test",281,0.501931309700012,0
"SimpleRNN",0.05,41,"test",282,0.51690399646759,0
"SimpleRNN",0.05,41,"test",283,0.499810069799423,0
"SimpleRNN",0.05,41,"test",284,0.447094321250916,0
"SimpleRNN",0.05,41,"test",285,0.470456182956696,0
"SimpleRNN",0.05,41,"test",286,0.546905159950256,0
"SimpleRNN",0.05,41,"test",287,0.449946135282516,0
"SimpleRNN",0.05,41,"test",288,0.522261440753937,0
"SimpleRNN",0.05,41,"test",289,0.544890165328979,0
"SimpleRNN",0.05,41,"test",290,0.543075978755951,0
"SimpleRNN",0.05,41,"test",291,0.541781783103943,0
"SimpleRNN",0.05,41,"test",292,0.416281193494797,1
"SimpleRNN",0.05,41,"test",293,0.463398367166519,1
"SimpleRNN",0.05,41,"test",294,0.477916836738586,1
"SimpleRNN",0.05,41,"test",295,0.51092404127121,0
"SimpleRNN",0.05,41,"test",296,0.457498133182526,0
"SimpleRNN",0.05,41,"test",297,0.470196515321732,1
"SimpleRNN",0.05,41,"test",298,0.497410506010056,0
"SimpleRNN",0.05,41,"test",299,0.517843425273895,0
"SimpleRNN",0.05,41,"test",300,0.364147514104843,1
"SimpleRNN",0.05,41,"test",301,0.351590633392334,1
"SimpleRNN",0.05,41,"test",302,0.466645836830139,1
"SimpleRNN",0.05,41,"test",303,0.504713296890259,0
"SimpleRNN",0.05,41,"test",304,0.341813147068024,1
"SimpleRNN",0.05,41,"test",305,0.42541691660881,0
"SimpleRNN",0.05,64,"test",1,0.409956395626068,0
"SimpleRNN",0.05,64,"test",2,0.483621567487717,0
"SimpleRNN",0.05,64,"test",3,0.492469966411591,1
"SimpleRNN",0.05,64,"test",4,0.617522299289703,1
"SimpleRNN",0.05,64,"test",5,0.574307858943939,1
"SimpleRNN",0.05,64,"test",6,0.4470534324646,1
"SimpleRNN",0.05,64,"test",7,0.422436743974686,1
"SimpleRNN",0.05,64,"test",8,0.540235996246338,1
"SimpleRNN",0.05,64,"test",9,0.506576299667358,1
"SimpleRNN",0.05,64,"test",10,0.419000059366226,1
"SimpleRNN",0.05,64,"test",11,0.386348843574524,1
"SimpleRNN",0.05,64,"test",12,0.470632284879684,1
"SimpleRNN",0.05,64,"test",13,0.465593189001083,1
"SimpleRNN",0.05,64,"test",14,0.432584404945374,1
"SimpleRNN",0.05,64,"test",15,0.464217990636826,1
"SimpleRNN",0.05,64,"test",16,0.537526905536652,1
"SimpleRNN",0.05,64,"test",17,0.532984375953674,0
"SimpleRNN",0.05,64,"test",18,0.568512499332428,0
"SimpleRNN",0.05,64,"test",19,0.589376926422119,0
"SimpleRNN",0.05,64,"test",20,0.524688184261322,1
"SimpleRNN",0.05,64,"test",21,0.584184050559998,1
"SimpleRNN",0.05,64,"test",22,0.484866589307785,1
"SimpleRNN",0.05,64,"test",23,0.466585785150528,0
"SimpleRNN",0.05,64,"test",24,0.481659710407257,0
"SimpleRNN",0.05,64,"test",25,0.483460247516632,0
"SimpleRNN",0.05,64,"test",26,0.409956395626068,1
"SimpleRNN",0.05,64,"test",27,0.438622891902924,1
"SimpleRNN",0.05,64,"test",28,0.492469966411591,1
"SimpleRNN",0.05,64,"test",29,0.507952451705933,0
"SimpleRNN",0.05,64,"test",30,0.574307858943939,0
"SimpleRNN",0.05,64,"test",31,0.597227454185486,0
"SimpleRNN",0.05,64,"test",32,0.422436654567719,0
"SimpleRNN",0.05,64,"test",33,0.391159802675247,0
"SimpleRNN",0.05,64,"test",34,0.506576299667358,1
"SimpleRNN",0.05,64,"test",35,0.522030353546143,1
"SimpleRNN",0.05,64,"test",36,0.386348843574524,1
"SimpleRNN",0.05,64,"test",37,0.382501572370529,1
"SimpleRNN",0.05,64,"test",38,0.465593189001083,1
"SimpleRNN",0.05,64,"test",39,0.463541865348816,1
"SimpleRNN",0.05,64,"test",40,0.464217990636826,1
"SimpleRNN",0.05,64,"test",41,0.428641676902771,1
"SimpleRNN",0.05,64,"test",42,0.532984375953674,0
"SimpleRNN",0.05,64,"test",43,0.492896437644958,0
"SimpleRNN",0.05,64,"test",44,0.589376926422119,1
"SimpleRNN",0.05,64,"test",45,0.572181344032288,1
"SimpleRNN",0.05,64,"test",46,0.584184050559998,1
"SimpleRNN",0.05,64,"test",47,0.499677121639252,0
"SimpleRNN",0.05,64,"test",48,0.466585785150528,0
"SimpleRNN",0.05,64,"test",49,0.518360257148743,0
"SimpleRNN",0.05,64,"test",50,0.483460247516632,0
"SimpleRNN",0.05,64,"test",51,0.448636949062347,1
"SimpleRNN",0.05,64,"test",52,0.438622891902924,1
"SimpleRNN",0.05,64,"test",53,0.492486000061035,1
"SimpleRNN",0.05,64,"test",54,0.507952451705933,1
"SimpleRNN",0.05,64,"test",55,0.505512714385986,0
"SimpleRNN",0.05,64,"test",56,0.597227454185486,0
"SimpleRNN",0.05,64,"test",57,0.639681935310364,0
"SimpleRNN",0.05,64,"test",58,0.391159802675247,0
"SimpleRNN",0.05,64,"test",59,0.393396466970444,1
"SimpleRNN",0.05,64,"test",60,0.522030353546143,1
"SimpleRNN",0.05,64,"test",61,0.532589673995972,1
"SimpleRNN",0.05,64,"test",62,0.382501572370529,0
"SimpleRNN",0.05,64,"test",63,0.404782921075821,1
"SimpleRNN",0.05,64,"test",64,0.463541865348816,1
"SimpleRNN",0.05,64,"test",65,0.466663986444473,1
"SimpleRNN",0.05,64,"test",66,0.428641676902771,1
"SimpleRNN",0.05,64,"test",67,0.440050095319748,1
"SimpleRNN",0.05,64,"test",68,0.492896437644958,0
"SimpleRNN",0.05,64,"test",69,0.496699035167694,0
"SimpleRNN",0.05,64,"test",70,0.572181344032288,0
"SimpleRNN",0.05,64,"test",71,0.460281282663345,1
"SimpleRNN",0.05,64,"test",72,0.499677121639252,1
"SimpleRNN",0.05,64,"test",73,0.452602118253708,0
"SimpleRNN",0.05,64,"test",74,0.518360257148743,0
"SimpleRNN",0.05,64,"test",75,0.503229558467865,0
"SimpleRNN",0.05,64,"test",76,0.448636949062347,0
"SimpleRNN",0.05,64,"test",77,0.437100946903229,0
"SimpleRNN",0.05,64,"test",78,0.492486000061035,1
"SimpleRNN",0.05,64,"test",79,0.589206576347351,0
"SimpleRNN",0.05,64,"test",80,0.505512714385986,0
"SimpleRNN",0.05,64,"test",81,0.528885245323181,1
"SimpleRNN",0.05,64,"test",82,0.639681935310364,1
"SimpleRNN",0.05,64,"test",83,0.607561767101288,1
"SimpleRNN",0.05,64,"test",84,0.393396466970444,1
"SimpleRNN",0.05,64,"test",85,0.391003251075745,0
"SimpleRNN",0.05,64,"test",86,0.532589673995972,0
"SimpleRNN",0.05,64,"test",87,0.500838160514832,0
"SimpleRNN",0.05,64,"test",88,0.404782891273499,0
"SimpleRNN",0.05,64,"test",89,0.474596202373505,0
"SimpleRNN",0.05,64,"test",90,0.466663986444473,0
"SimpleRNN",0.05,64,"test",91,0.467023253440857,1
"SimpleRNN",0.05,64,"test",92,0.440050095319748,0
"SimpleRNN",0.05,64,"test",93,0.43530136346817,0
"SimpleRNN",0.05,64,"test",94,0.496699035167694,0
"SimpleRNN",0.05,64,"test",95,0.510574102401733,0
"SimpleRNN",0.05,64,"test",96,0.460281252861023,0
"SimpleRNN",0.05,64,"test",97,0.47283661365509,1
"SimpleRNN",0.05,64,"test",98,0.452602118253708,1
"SimpleRNN",0.05,64,"test",99,0.491654336452484,1
"SimpleRNN",0.05,64,"test",100,0.503229558467865,1
"SimpleRNN",0.05,64,"test",101,0.504785537719727,1
"SimpleRNN",0.05,64,"test",102,0.437100946903229,0
"SimpleRNN",0.05,64,"test",103,0.403659164905548,0
"SimpleRNN",0.05,64,"test",104,0.589206576347351,0
"SimpleRNN",0.05,64,"test",105,0.636615037918091,0
"SimpleRNN",0.05,64,"test",106,0.528885245323181,0
"SimpleRNN",0.05,64,"test",107,0.484165847301483,0
"SimpleRNN",0.05,64,"test",108,0.607561767101288,0
"SimpleRNN",0.05,64,"test",109,0.615851104259491,0
"SimpleRNN",0.05,64,"test",110,0.391003251075745,1
"SimpleRNN",0.05,64,"test",111,0.416188299655914,1
"SimpleRNN",0.05,64,"test",112,0.500838160514832,1
"SimpleRNN",0.05,64,"test",113,0.514104604721069,0
"SimpleRNN",0.05,64,"test",114,0.474596202373505,1
"SimpleRNN",0.05,64,"test",115,0.452505528926849,1
"SimpleRNN",0.05,64,"test",116,0.467023253440857,1
"SimpleRNN",0.05,64,"test",117,0.468643456697464,1
"SimpleRNN",0.05,64,"test",118,0.43530136346817,1
"SimpleRNN",0.05,64,"test",119,0.395767539739609,0
"SimpleRNN",0.05,64,"test",120,0.510574102401733,0
"SimpleRNN",0.05,64,"test",121,0.542683601379395,0
"SimpleRNN",0.05,64,"test",122,0.47283661365509,1
"SimpleRNN",0.05,64,"test",123,0.463419765233994,1
"SimpleRNN",0.05,64,"test",124,0.491654336452484,1
"SimpleRNN",0.05,64,"test",125,0.463077992200851,0
"SimpleRNN",0.05,64,"test",126,0.504785537719727,0
"SimpleRNN",0.05,64,"test",127,0.532504439353943,0
"SimpleRNN",0.05,64,"test",128,0.403659164905548,1
"SimpleRNN",0.05,64,"test",129,0.423958361148834,1
"SimpleRNN",0.05,64,"test",130,0.636615037918091,1
"SimpleRNN",0.05,64,"test",131,0.613612413406372,1
"SimpleRNN",0.05,64,"test",132,0.484165847301483,0
"SimpleRNN",0.05,64,"test",133,0.609754920005798,0
"SimpleRNN",0.05,64,"test",134,0.615851104259491,0
"SimpleRNN",0.05,64,"test",135,0.618370711803436,0
"SimpleRNN",0.05,64,"test",136,0.416188299655914,0
"SimpleRNN",0.05,64,"test",137,0.398400872945786,1
"SimpleRNN",0.05,64,"test",138,0.514104604721069,1
"SimpleRNN",0.05,64,"test",139,0.527162432670593,1
"SimpleRNN",0.05,64,"test",140,0.452505528926849,1
"SimpleRNN",0.05,64,"test",141,0.46964555978775,1
"SimpleRNN",0.05,64,"test",142,0.468643456697464,1
"SimpleRNN",0.05,64,"test",143,0.458303242921829,1
"SimpleRNN",0.05,64,"test",144,0.395767539739609,1
"SimpleRNN",0.05,64,"test",145,0.369921803474426,1
"SimpleRNN",0.05,64,"test",146,0.542683601379395,1
"SimpleRNN",0.05,64,"test",147,0.54292905330658,1
"SimpleRNN",0.05,64,"test",148,0.463419765233994,1
"SimpleRNN",0.05,64,"test",149,0.608597874641418,1
"SimpleRNN",0.05,64,"test",150,0.463077992200851,1
"SimpleRNN",0.05,64,"test",151,0.456458151340485,1
"SimpleRNN",0.05,64,"test",152,0.532504439353943,0
"SimpleRNN",0.05,64,"test",153,0.556594133377075,0
"SimpleRNN",0.05,64,"test",154,0.423958361148834,1
"SimpleRNN",0.05,64,"test",155,0.445320010185242,1
"SimpleRNN",0.05,64,"test",156,0.613612413406372,1
"SimpleRNN",0.05,64,"test",157,0.60815155506134,0
"SimpleRNN",0.05,64,"test",158,0.609754920005798,0
"SimpleRNN",0.05,64,"test",159,0.544338166713715,0
"SimpleRNN",0.05,64,"test",160,0.618370711803436,0
"SimpleRNN",0.05,64,"test",161,0.61879575252533,0
"SimpleRNN",0.05,64,"test",162,0.398400872945786,0
"SimpleRNN",0.05,64,"test",163,0.416890144348145,0
"SimpleRNN",0.05,64,"test",164,0.527162432670593,0
"SimpleRNN",0.05,64,"test",165,0.51822417974472,1
"SimpleRNN",0.05,64,"test",166,0.46964555978775,1
"SimpleRNN",0.05,64,"test",167,0.425097465515137,0
"SimpleRNN",0.05,64,"test",168,0.458303242921829,1
"SimpleRNN",0.05,64,"test",169,0.459175109863281,1
"SimpleRNN",0.05,64,"test",170,0.369921803474426,1
"SimpleRNN",0.05,64,"test",171,0.373500615358353,0
"SimpleRNN",0.05,64,"test",172,0.54292905330658,0
"SimpleRNN",0.05,64,"test",173,0.544374287128448,1
"SimpleRNN",0.05,64,"test",174,0.608597874641418,1
"SimpleRNN",0.05,64,"test",175,0.538597345352173,1
"SimpleRNN",0.05,64,"test",176,0.456458151340485,1
"SimpleRNN",0.05,64,"test",177,0.438711613416672,0
"SimpleRNN",0.05,64,"test",178,0.556594133377075,0
"SimpleRNN",0.05,64,"test",179,0.546562790870667,0
"SimpleRNN",0.05,64,"test",180,0.445320010185242,0
"SimpleRNN",0.05,64,"test",181,0.382825970649719,0
"SimpleRNN",0.05,64,"test",182,0.60815155506134,0
"SimpleRNN",0.05,64,"test",183,0.617291629314423,0
"SimpleRNN",0.05,64,"test",184,0.544338226318359,0
"SimpleRNN",0.05,64,"test",185,0.518233776092529,0
"SimpleRNN",0.05,64,"test",186,0.61879575252533,1
"SimpleRNN",0.05,64,"test",187,0.622208178043365,0
"SimpleRNN",0.05,64,"test",188,0.416890144348145,0
"SimpleRNN",0.05,64,"test",189,0.410771757364273,0
"SimpleRNN",0.05,64,"test",190,0.51822417974472,0
"SimpleRNN",0.05,64,"test",191,0.546040415763855,0
"SimpleRNN",0.05,64,"test",192,0.425097465515137,0
"SimpleRNN",0.05,64,"test",193,0.509952425956726,0
"SimpleRNN",0.05,64,"test",194,0.459175109863281,0
"SimpleRNN",0.05,64,"test",195,0.470709264278412,0
"SimpleRNN",0.05,64,"test",196,0.373500615358353,0
"SimpleRNN",0.05,64,"test",197,0.430320739746094,1
"SimpleRNN",0.05,64,"test",198,0.544374287128448,1
"SimpleRNN",0.05,64,"test",199,0.543058097362518,1
"SimpleRNN",0.05,64,"test",200,0.538597345352173,0
"SimpleRNN",0.05,64,"test",201,0.526329815387726,0
"SimpleRNN",0.05,64,"test",202,0.438711613416672,1
"SimpleRNN",0.05,64,"test",203,0.586761474609375,0
"SimpleRNN",0.05,64,"test",204,0.546562790870667,0
"SimpleRNN",0.05,64,"test",205,0.504375696182251,0
"SimpleRNN",0.05,64,"test",206,0.382825970649719,1
"SimpleRNN",0.05,64,"test",207,0.355899155139923,0
"SimpleRNN",0.05,64,"test",208,0.617291629314423,0
"SimpleRNN",0.05,64,"test",209,0.516224801540375,0
"SimpleRNN",0.05,64,"test",210,0.518233776092529,0
"SimpleRNN",0.05,64,"test",211,0.519455850124359,0
"SimpleRNN",0.05,64,"test",212,0.622208178043365,1
"SimpleRNN",0.05,64,"test",213,0.623098790645599,0
"SimpleRNN",0.05,64,"test",214,0.410771757364273,1
"SimpleRNN",0.05,64,"test",215,0.39320307970047,1
"SimpleRNN",0.05,64,"test",216,0.546040415763855,1
"SimpleRNN",0.05,64,"test",217,0.503461122512817,0
"SimpleRNN",0.05,64,"test",218,0.509952425956726,0
"SimpleRNN",0.05,64,"test",219,0.515237212181091,1
"SimpleRNN",0.05,64,"test",220,0.470709264278412,1
"SimpleRNN",0.05,64,"test",221,0.458795607089996,0
"SimpleRNN",0.05,64,"test",222,0.430320739746094,1
"SimpleRNN",0.05,64,"test",223,0.381989330053329,1
"SimpleRNN",0.05,64,"test",224,0.543058097362518,1
"SimpleRNN",0.05,64,"test",225,0.532703459262848,0
"SimpleRNN",0.05,64,"test",226,0.526329815387726,0
"SimpleRNN",0.05,64,"test",227,0.542047381401062,0
"SimpleRNN",0.05,64,"test",228,0.586761474609375,1
"SimpleRNN",0.05,64,"test",229,0.447595626115799,1
"SimpleRNN",0.05,64,"test",230,0.504375696182251,0
"SimpleRNN",0.05,64,"test",231,0.506657242774963,1
"SimpleRNN",0.05,64,"test",232,0.355899155139923,1
"SimpleRNN",0.05,64,"test",233,0.530981242656708,1
"SimpleRNN",0.05,64,"test",234,0.516224801540375,1
"SimpleRNN",0.05,64,"test",235,0.533307909965515,1
"SimpleRNN",0.05,64,"test",236,0.519455850124359,1
"SimpleRNN",0.05,64,"test",237,0.53947651386261,0
"SimpleRNN",0.05,64,"test",238,0.623098790645599,0
"SimpleRNN",0.05,64,"test",239,0.619233727455139,0
"SimpleRNN",0.05,64,"test",240,0.39320307970047,0
"SimpleRNN",0.05,64,"test",241,0.386486917734146,0
"SimpleRNN",0.05,64,"test",242,0.503461122512817,0
"SimpleRNN",0.05,64,"test",243,0.487813949584961,0
"SimpleRNN",0.05,64,"test",244,0.515237212181091,1
"SimpleRNN",0.05,64,"test",245,0.499869227409363,1
"SimpleRNN",0.05,64,"test",246,0.458795607089996,1
"SimpleRNN",0.05,64,"test",247,0.469690293073654,1
"SimpleRNN",0.05,64,"test",248,0.381989330053329,1
"SimpleRNN",0.05,64,"test",249,0.428380787372589,1
"SimpleRNN",0.05,64,"test",250,0.532703459262848,1
"SimpleRNN",0.05,64,"test",251,0.531965374946594,1
"SimpleRNN",0.05,64,"test",252,0.542047381401062,0
"SimpleRNN",0.05,64,"test",253,0.60373055934906,0
"SimpleRNN",0.05,64,"test",254,0.447595626115799,0
"SimpleRNN",0.05,64,"test",255,0.425299137830734,1
"SimpleRNN",0.05,64,"test",256,0.506657242774963,1
"SimpleRNN",0.05,64,"test",257,0.520940184593201,1
"SimpleRNN",0.05,64,"test",258,0.530981242656708,1
"SimpleRNN",0.05,64,"test",259,0.431961715221405,1
"SimpleRNN",0.05,64,"test",260,0.533307909965515,1
"SimpleRNN",0.05,64,"test",261,0.464618802070618,1
"SimpleRNN",0.05,64,"test",262,0.53947651386261,0
"SimpleRNN",0.05,64,"test",263,0.499497175216675,0
"SimpleRNN",0.05,64,"test",264,0.619233727455139,1
"SimpleRNN",0.05,64,"test",265,0.610383033752441,1
"SimpleRNN",0.05,64,"test",266,0.386486917734146,1
"SimpleRNN",0.05,64,"test",267,0.36998051404953,1
"SimpleRNN",0.05,64,"test",268,0.487813949584961,1
"SimpleRNN",0.05,64,"test",269,0.503146171569824,1
"SimpleRNN",0.05,64,"test",270,0.499869227409363,1
"SimpleRNN",0.05,64,"test",271,0.464818179607391,1
"SimpleRNN",0.05,64,"test",272,0.469690293073654,1
"SimpleRNN",0.05,64,"test",273,0.471225440502167,1
"SimpleRNN",0.05,64,"test",274,0.428380787372589,1
"SimpleRNN",0.05,64,"test",275,0.39004111289978,1
"SimpleRNN",0.05,64,"test",276,0.531965374946594,1
"SimpleRNN",0.05,64,"test",277,0.539771974086761,1
"SimpleRNN",0.05,64,"test",278,0.60373055934906,0
"SimpleRNN",0.05,64,"test",279,0.664698004722595,0
"SimpleRNN",0.05,64,"test",280,0.425299167633057,0
"SimpleRNN",0.05,64,"test",281,0.500053644180298,0
"SimpleRNN",0.05,64,"test",282,0.520940184593201,0
"SimpleRNN",0.05,64,"test",283,0.495814859867096,0
"SimpleRNN",0.05,64,"test",284,0.431961715221405,0
"SimpleRNN",0.05,64,"test",285,0.524729073047638,0
"SimpleRNN",0.05,64,"test",286,0.464618802070618,0
"SimpleRNN",0.05,64,"test",287,0.629360675811768,0
"SimpleRNN",0.05,64,"test",288,0.499497175216675,0
"SimpleRNN",0.05,64,"test",289,0.52540522813797,0
"SimpleRNN",0.05,64,"test",290,0.610383033752441,0
"SimpleRNN",0.05,64,"test",291,0.589680552482605,0
"SimpleRNN",0.05,64,"test",292,0.36998051404953,1
"SimpleRNN",0.05,64,"test",293,0.452963948249817,1
"SimpleRNN",0.05,64,"test",294,0.503146171569824,1
"SimpleRNN",0.05,64,"test",295,0.504361987113953,0
"SimpleRNN",0.05,64,"test",296,0.464818179607391,0
"SimpleRNN",0.05,64,"test",297,0.441687881946564,1
"SimpleRNN",0.05,64,"test",298,0.471225440502167,0
"SimpleRNN",0.05,64,"test",299,0.467480480670929,0
"SimpleRNN",0.05,64,"test",300,0.39004111289978,1
"SimpleRNN",0.05,64,"test",301,0.288506805896759,1
"SimpleRNN",0.05,64,"test",302,0.539771974086761,1
"SimpleRNN",0.05,64,"test",303,0.531085312366486,0
"SimpleRNN",0.05,64,"test",304,0.664698004722595,1
"SimpleRNN",0.05,64,"test",305,0.638456106185913,0
"SimpleRNN",0.1,23,"test",1,0.420732468366623,0
"SimpleRNN",0.1,23,"test",2,0.51410311460495,0
"SimpleRNN",0.1,23,"test",3,0.520910859107971,1
"SimpleRNN",0.1,23,"test",4,0.479766428470612,1
"SimpleRNN",0.1,23,"test",5,0.515569567680359,1
"SimpleRNN",0.1,23,"test",6,0.457050532102585,1
"SimpleRNN",0.1,23,"test",7,0.444875150918961,1
"SimpleRNN",0.1,23,"test",8,0.5301353931427,1
"SimpleRNN",0.1,23,"test",9,0.488143891096115,1
"SimpleRNN",0.1,23,"test",10,0.487988740205765,1
"SimpleRNN",0.1,23,"test",11,0.493250370025635,1
"SimpleRNN",0.1,23,"test",12,0.455307811498642,1
"SimpleRNN",0.1,23,"test",13,0.466245979070663,1
"SimpleRNN",0.1,23,"test",14,0.392206877470016,1
"SimpleRNN",0.1,23,"test",15,0.40680205821991,1
"SimpleRNN",0.1,23,"test",16,0.542007088661194,1
"SimpleRNN",0.1,23,"test",17,0.531406283378601,0
"SimpleRNN",0.1,23,"test",18,0.580129444599152,0
"SimpleRNN",0.1,23,"test",19,0.589940965175629,0
"SimpleRNN",0.1,23,"test",20,0.51190572977066,1
"SimpleRNN",0.1,23,"test",21,0.511010944843292,1
"SimpleRNN",0.1,23,"test",22,0.522530555725098,1
"SimpleRNN",0.1,23,"test",23,0.521197915077209,0
"SimpleRNN",0.1,23,"test",24,0.482481360435486,0
"SimpleRNN",0.1,23,"test",25,0.51622474193573,0
"SimpleRNN",0.1,23,"test",26,0.420732468366623,1
"SimpleRNN",0.1,23,"test",27,0.505432486534119,1
"SimpleRNN",0.1,23,"test",28,0.520910859107971,1
"SimpleRNN",0.1,23,"test",29,0.494518727064133,0
"SimpleRNN",0.1,23,"test",30,0.515569567680359,0
"SimpleRNN",0.1,23,"test",31,0.551683366298676,0
"SimpleRNN",0.1,23,"test",32,0.444875150918961,0
"SimpleRNN",0.1,23,"test",33,0.427450329065323,0
"SimpleRNN",0.1,23,"test",34,0.488143891096115,1
"SimpleRNN",0.1,23,"test",35,0.511724472045898,1
"SimpleRNN",0.1,23,"test",36,0.493250370025635,1
"SimpleRNN",0.1,23,"test",37,0.487288683652878,1
"SimpleRNN",0.1,23,"test",38,0.466245979070663,1
"SimpleRNN",0.1,23,"test",39,0.455049932003021,1
"SimpleRNN",0.1,23,"test",40,0.40680205821991,1
"SimpleRNN",0.1,23,"test",41,0.390754163265228,1
"SimpleRNN",0.1,23,"test",42,0.531406283378601,0
"SimpleRNN",0.1,23,"test",43,0.48094230890274,0
"SimpleRNN",0.1,23,"test",44,0.589940965175629,1
"SimpleRNN",0.1,23,"test",45,0.582360982894897,1
"SimpleRNN",0.1,23,"test",46,0.511010944843292,1
"SimpleRNN",0.1,23,"test",47,0.496874362230301,0
"SimpleRNN",0.1,23,"test",48,0.521197915077209,0
"SimpleRNN",0.1,23,"test",49,0.500577569007874,0
"SimpleRNN",0.1,23,"test",50,0.51622474193573,0
"SimpleRNN",0.1,23,"test",51,0.458124101161957,1
"SimpleRNN",0.1,23,"test",52,0.505432486534119,1
"SimpleRNN",0.1,23,"test",53,0.525964975357056,1
"SimpleRNN",0.1,23,"test",54,0.494518727064133,1
"SimpleRNN",0.1,23,"test",55,0.446021854877472,0
"SimpleRNN",0.1,23,"test",56,0.551683366298676,0
"SimpleRNN",0.1,23,"test",57,0.650187849998474,0
"SimpleRNN",0.1,23,"test",58,0.427450329065323,0
"SimpleRNN",0.1,23,"test",59,0.416201591491699,1
"SimpleRNN",0.1,23,"test",60,0.511724472045898,1
"SimpleRNN",0.1,23,"test",61,0.474013119935989,1
"SimpleRNN",0.1,23,"test",62,0.487288683652878,0
"SimpleRNN",0.1,23,"test",63,0.489031076431274,1
"SimpleRNN",0.1,23,"test",64,0.455049902200699,1
"SimpleRNN",0.1,23,"test",65,0.456399917602539,1
"SimpleRNN",0.1,23,"test",66,0.390754163265228,1
"SimpleRNN",0.1,23,"test",67,0.395671188831329,1
"SimpleRNN",0.1,23,"test",68,0.48094230890274,0
"SimpleRNN",0.1,23,"test",69,0.483557730913162,0
"SimpleRNN",0.1,23,"test",70,0.582360982894897,0
"SimpleRNN",0.1,23,"test",71,0.567903220653534,1
"SimpleRNN",0.1,23,"test",72,0.496874362230301,1
"SimpleRNN",0.1,23,"test",73,0.48889747262001,0
"SimpleRNN",0.1,23,"test",74,0.500577569007874,0
"SimpleRNN",0.1,23,"test",75,0.51811671257019,0
"SimpleRNN",0.1,23,"test",76,0.458124101161957,0
"SimpleRNN",0.1,23,"test",77,0.461885750293732,0
"SimpleRNN",0.1,23,"test",78,0.525964975357056,1
"SimpleRNN",0.1,23,"test",79,0.61014050245285,0
"SimpleRNN",0.1,23,"test",80,0.446021854877472,0
"SimpleRNN",0.1,23,"test",81,0.438514828681946,1
"SimpleRNN",0.1,23,"test",82,0.650187849998474,1
"SimpleRNN",0.1,23,"test",83,0.56878787279129,1
"SimpleRNN",0.1,23,"test",84,0.416201591491699,1
"SimpleRNN",0.1,23,"test",85,0.426421731710434,0
"SimpleRNN",0.1,23,"test",86,0.474013119935989,0
"SimpleRNN",0.1,23,"test",87,0.481122434139252,0
"SimpleRNN",0.1,23,"test",88,0.489031076431274,0
"SimpleRNN",0.1,23,"test",89,0.467573225498199,0
"SimpleRNN",0.1,23,"test",90,0.456399917602539,0
"SimpleRNN",0.1,23,"test",91,0.478389263153076,1
"SimpleRNN",0.1,23,"test",92,0.395671188831329,0
"SimpleRNN",0.1,23,"test",93,0.39310559630394,0
"SimpleRNN",0.1,23,"test",94,0.483557730913162,0
"SimpleRNN",0.1,23,"test",95,0.501578748226166,0
"SimpleRNN",0.1,23,"test",96,0.567903220653534,0
"SimpleRNN",0.1,23,"test",97,0.564422786235809,1
"SimpleRNN",0.1,23,"test",98,0.48889747262001,1
"SimpleRNN",0.1,23,"test",99,0.497714936733246,1
"SimpleRNN",0.1,23,"test",100,0.51811671257019,1
"SimpleRNN",0.1,23,"test",101,0.508758723735809,1
"SimpleRNN",0.1,23,"test",102,0.461885750293732,0
"SimpleRNN",0.1,23,"test",103,0.430307596921921,0
"SimpleRNN",0.1,23,"test",104,0.61014050245285,0
"SimpleRNN",0.1,23,"test",105,0.664410948753357,0
"SimpleRNN",0.1,23,"test",106,0.438514828681946,0
"SimpleRNN",0.1,23,"test",107,0.448170572519302,0
"SimpleRNN",0.1,23,"test",108,0.56878787279129,0
"SimpleRNN",0.1,23,"test",109,0.590072393417358,0
"SimpleRNN",0.1,23,"test",110,0.426421731710434,1
"SimpleRNN",0.1,23,"test",111,0.38500502705574,1
"SimpleRNN",0.1,23,"test",112,0.481122434139252,1
"SimpleRNN",0.1,23,"test",113,0.496465027332306,0
"SimpleRNN",0.1,23,"test",114,0.467573225498199,1
"SimpleRNN",0.1,23,"test",115,0.456394612789154,1
"SimpleRNN",0.1,23,"test",116,0.478389263153076,1
"SimpleRNN",0.1,23,"test",117,0.472431212663651,1
"SimpleRNN",0.1,23,"test",118,0.39310559630394,1
"SimpleRNN",0.1,23,"test",119,0.375404089689255,0
"SimpleRNN",0.1,23,"test",120,0.501578807830811,0
"SimpleRNN",0.1,23,"test",121,0.550567448139191,0
"SimpleRNN",0.1,23,"test",122,0.564422786235809,1
"SimpleRNN",0.1,23,"test",123,0.564453899860382,1
"SimpleRNN",0.1,23,"test",124,0.497714936733246,1
"SimpleRNN",0.1,23,"test",125,0.48356494307518,0
"SimpleRNN",0.1,23,"test",126,0.508758723735809,0
"SimpleRNN",0.1,23,"test",127,0.500016272068024,0
"SimpleRNN",0.1,23,"test",128,0.430307596921921,1
"SimpleRNN",0.1,23,"test",129,0.435479283332825,1
"SimpleRNN",0.1,23,"test",130,0.664410948753357,1
"SimpleRNN",0.1,23,"test",131,0.681279599666595,1
"SimpleRNN",0.1,23,"test",132,0.448170572519302,0
"SimpleRNN",0.1,23,"test",133,0.406957924365997,0
"SimpleRNN",0.1,23,"test",134,0.590072393417358,0
"SimpleRNN",0.1,23,"test",135,0.553030133247375,0
"SimpleRNN",0.1,23,"test",136,0.38500502705574,0
"SimpleRNN",0.1,23,"test",137,0.425199627876282,1
"SimpleRNN",0.1,23,"test",138,0.496465027332306,1
"SimpleRNN",0.1,23,"test",139,0.503106892108917,1
"SimpleRNN",0.1,23,"test",140,0.456394612789154,1
"SimpleRNN",0.1,23,"test",141,0.452587395906448,1
"SimpleRNN",0.1,23,"test",142,0.472431212663651,1
"SimpleRNN",0.1,23,"test",143,0.511252582073212,1
"SimpleRNN",0.1,23,"test",144,0.375404089689255,1
"SimpleRNN",0.1,23,"test",145,0.361126333475113,1
"SimpleRNN",0.1,23,"test",146,0.550567448139191,1
"SimpleRNN",0.1,23,"test",147,0.552074134349823,1
"SimpleRNN",0.1,23,"test",148,0.564453899860382,1
"SimpleRNN",0.1,23,"test",149,0.596112489700317,1
"SimpleRNN",0.1,23,"test",150,0.48356494307518,1
"SimpleRNN",0.1,23,"test",151,0.495732575654984,1
"SimpleRNN",0.1,23,"test",152,0.500016272068024,0
"SimpleRNN",0.1,23,"test",153,0.531035006046295,0
"SimpleRNN",0.1,23,"test",154,0.435479283332825,1
"SimpleRNN",0.1,23,"test",155,0.435903757810593,1
"SimpleRNN",0.1,23,"test",156,0.681279599666595,1
"SimpleRNN",0.1,23,"test",157,0.639618575572968,0
"SimpleRNN",0.1,23,"test",158,0.406957924365997,0
"SimpleRNN",0.1,23,"test",159,0.45474961400032,0
"SimpleRNN",0.1,23,"test",160,0.553030014038086,0
"SimpleRNN",0.1,23,"test",161,0.544198989868164,0
"SimpleRNN",0.1,23,"test",162,0.425199627876282,0
"SimpleRNN",0.1,23,"test",163,0.457084894180298,0
"SimpleRNN",0.1,23,"test",164,0.503106892108917,0
"SimpleRNN",0.1,23,"test",165,0.507346212863922,1
"SimpleRNN",0.1,23,"test",166,0.452587395906448,1
"SimpleRNN",0.1,23,"test",167,0.474323987960815,0
"SimpleRNN",0.1,23,"test",168,0.511252582073212,1
"SimpleRNN",0.1,23,"test",169,0.506724834442139,1
"SimpleRNN",0.1,23,"test",170,0.361126333475113,1
"SimpleRNN",0.1,23,"test",171,0.364682346582413,0
"SimpleRNN",0.1,23,"test",172,0.552074134349823,0
"SimpleRNN",0.1,23,"test",173,0.559029638767242,1
"SimpleRNN",0.1,23,"test",174,0.596112489700317,1
"SimpleRNN",0.1,23,"test",175,0.572939872741699,1
"SimpleRNN",0.1,23,"test",176,0.495732575654984,1
"SimpleRNN",0.1,23,"test",177,0.502123951911926,0
"SimpleRNN",0.1,23,"test",178,0.531035006046295,0
"SimpleRNN",0.1,23,"test",179,0.499237835407257,0
"SimpleRNN",0.1,23,"test",180,0.435903757810593,0
"SimpleRNN",0.1,23,"test",181,0.437089294195175,0
"SimpleRNN",0.1,23,"test",182,0.639618575572968,0
"SimpleRNN",0.1,23,"test",183,0.626772046089172,0
"SimpleRNN",0.1,23,"test",184,0.45474961400032,0
"SimpleRNN",0.1,23,"test",185,0.416150480508804,0
"SimpleRNN",0.1,23,"test",186,0.544198989868164,1
"SimpleRNN",0.1,23,"test",187,0.522265315055847,0
"SimpleRNN",0.1,23,"test",188,0.457084894180298,0
"SimpleRNN",0.1,23,"test",189,0.460410952568054,0
"SimpleRNN",0.1,23,"test",190,0.507346212863922,0
"SimpleRNN",0.1,23,"test",191,0.443800330162048,0
"SimpleRNN",0.1,23,"test",192,0.47432404756546,0
"SimpleRNN",0.1,23,"test",193,0.461511760950089,0
"SimpleRNN",0.1,23,"test",194,0.506724834442139,0
"SimpleRNN",0.1,23,"test",195,0.48722568154335,0
"SimpleRNN",0.1,23,"test",196,0.364682346582413,0
"SimpleRNN",0.1,23,"test",197,0.39297541975975,1
"SimpleRNN",0.1,23,"test",198,0.559029638767242,1
"SimpleRNN",0.1,23,"test",199,0.551833212375641,1
"SimpleRNN",0.1,23,"test",200,0.572939872741699,0
"SimpleRNN",0.1,23,"test",201,0.568968534469604,0
"SimpleRNN",0.1,23,"test",202,0.502123951911926,1
"SimpleRNN",0.1,23,"test",203,0.496062308549881,0
"SimpleRNN",0.1,23,"test",204,0.499237835407257,0
"SimpleRNN",0.1,23,"test",205,0.502506136894226,0
"SimpleRNN",0.1,23,"test",206,0.437089294195175,1
"SimpleRNN",0.1,23,"test",207,0.41100612282753,0
"SimpleRNN",0.1,23,"test",208,0.626772046089172,0
"SimpleRNN",0.1,23,"test",209,0.551434397697449,0
"SimpleRNN",0.1,23,"test",210,0.416150480508804,0
"SimpleRNN",0.1,23,"test",211,0.417414277791977,0
"SimpleRNN",0.1,23,"test",212,0.522265315055847,1
"SimpleRNN",0.1,23,"test",213,0.614749312400818,0
"SimpleRNN",0.1,23,"test",214,0.460410952568054,1
"SimpleRNN",0.1,23,"test",215,0.396576166152954,1
"SimpleRNN",0.1,23,"test",216,0.443800270557404,1
"SimpleRNN",0.1,23,"test",217,0.421331435441971,0
"SimpleRNN",0.1,23,"test",218,0.461511760950089,0
"SimpleRNN",0.1,23,"test",219,0.46614733338356,1
"SimpleRNN",0.1,23,"test",220,0.48722568154335,1
"SimpleRNN",0.1,23,"test",221,0.50782185792923,0
"SimpleRNN",0.1,23,"test",222,0.39297541975975,1
"SimpleRNN",0.1,23,"test",223,0.366942375898361,1
"SimpleRNN",0.1,23,"test",224,0.551833271980286,1
"SimpleRNN",0.1,23,"test",225,0.531289100646973,0
"SimpleRNN",0.1,23,"test",226,0.568968534469604,0
"SimpleRNN",0.1,23,"test",227,0.571979939937592,0
"SimpleRNN",0.1,23,"test",228,0.496062308549881,1
"SimpleRNN",0.1,23,"test",229,0.503366231918335,1
"SimpleRNN",0.1,23,"test",230,0.502506136894226,0
"SimpleRNN",0.1,23,"test",231,0.474265992641449,1
"SimpleRNN",0.1,23,"test",232,0.41100612282753,1
"SimpleRNN",0.1,23,"test",233,0.544358313083649,1
"SimpleRNN",0.1,23,"test",234,0.551434397697449,1
"SimpleRNN",0.1,23,"test",235,0.561883330345154,1
"SimpleRNN",0.1,23,"test",236,0.417414277791977,1
"SimpleRNN",0.1,23,"test",237,0.407941222190857,0
"SimpleRNN",0.1,23,"test",238,0.614749312400818,0
"SimpleRNN",0.1,23,"test",239,0.552789747714996,0
"SimpleRNN",0.1,23,"test",240,0.396576166152954,0
"SimpleRNN",0.1,23,"test",241,0.378575831651688,0
"SimpleRNN",0.1,23,"test",242,0.421331435441971,0
"SimpleRNN",0.1,23,"test",243,0.458088874816895,0
"SimpleRNN",0.1,23,"test",244,0.46614733338356,1
"SimpleRNN",0.1,23,"test",245,0.468575775623322,1
"SimpleRNN",0.1,23,"test",246,0.50782185792923,1
"SimpleRNN",0.1,23,"test",247,0.501749873161316,1
"SimpleRNN",0.1,23,"test",248,0.366942375898361,1
"SimpleRNN",0.1,23,"test",249,0.390028238296509,1
"SimpleRNN",0.1,23,"test",250,0.531289100646973,1
"SimpleRNN",0.1,23,"test",251,0.529750466346741,1
"SimpleRNN",0.1,23,"test",252,0.571979939937592,0
"SimpleRNN",0.1,23,"test",253,0.596486330032349,0
"SimpleRNN",0.1,23,"test",254,0.503366231918335,0
"SimpleRNN",0.1,23,"test",255,0.488996386528015,1
"SimpleRNN",0.1,23,"test",256,0.474265992641449,1
"SimpleRNN",0.1,23,"test",257,0.514883041381836,1
"SimpleRNN",0.1,23,"test",258,0.544358313083649,1
"SimpleRNN",0.1,23,"test",259,0.462016701698303,1
"SimpleRNN",0.1,23,"test",260,0.561883330345154,1
"SimpleRNN",0.1,23,"test",261,0.517360866069794,1
"SimpleRNN",0.1,23,"test",262,0.407941222190857,0
"SimpleRNN",0.1,23,"test",263,0.373697638511658,0
"SimpleRNN",0.1,23,"test",264,0.552789747714996,1
"SimpleRNN",0.1,23,"test",265,0.576549470424652,1
"SimpleRNN",0.1,23,"test",266,0.378575831651688,1
"SimpleRNN",0.1,23,"test",267,0.449798256158829,1
"SimpleRNN",0.1,23,"test",268,0.458088874816895,1
"SimpleRNN",0.1,23,"test",269,0.476185411214828,1
"SimpleRNN",0.1,23,"test",270,0.468575775623322,1
"SimpleRNN",0.1,23,"test",271,0.456666499376297,1
"SimpleRNN",0.1,23,"test",272,0.501749873161316,1
"SimpleRNN",0.1,23,"test",273,0.481142461299896,1
"SimpleRNN",0.1,23,"test",274,0.390028238296509,1
"SimpleRNN",0.1,23,"test",275,0.37091913819313,1
"SimpleRNN",0.1,23,"test",276,0.529750466346741,1
"SimpleRNN",0.1,23,"test",277,0.556151509284973,1
"SimpleRNN",0.1,23,"test",278,0.596486330032349,0
"SimpleRNN",0.1,23,"test",279,0.62420642375946,0
"SimpleRNN",0.1,23,"test",280,0.488996386528015,0
"SimpleRNN",0.1,23,"test",281,0.491328984498978,0
"SimpleRNN",0.1,23,"test",282,0.514883041381836,0
"SimpleRNN",0.1,23,"test",283,0.49671882390976,0
"SimpleRNN",0.1,23,"test",284,0.462016701698303,0
"SimpleRNN",0.1,23,"test",285,0.518237173557281,0
"SimpleRNN",0.1,23,"test",286,0.517360866069794,0
"SimpleRNN",0.1,23,"test",287,0.663858652114868,0
"SimpleRNN",0.1,23,"test",288,0.373697638511658,0
"SimpleRNN",0.1,23,"test",289,0.425338894128799,0
"SimpleRNN",0.1,23,"test",290,0.576549470424652,0
"SimpleRNN",0.1,23,"test",291,0.499365448951721,0
"SimpleRNN",0.1,23,"test",292,0.449798256158829,1
"SimpleRNN",0.1,23,"test",293,0.485703766345978,1
"SimpleRNN",0.1,23,"test",294,0.476185411214828,1
"SimpleRNN",0.1,23,"test",295,0.492079794406891,0
"SimpleRNN",0.1,23,"test",296,0.456666499376297,0
"SimpleRNN",0.1,23,"test",297,0.465072453022003,1
"SimpleRNN",0.1,23,"test",298,0.481142461299896,0
"SimpleRNN",0.1,23,"test",299,0.497772932052612,0
"SimpleRNN",0.1,23,"test",300,0.37091913819313,1
"SimpleRNN",0.1,23,"test",301,0.306189149618149,1
"SimpleRNN",0.1,23,"test",302,0.556151509284973,1
"SimpleRNN",0.1,23,"test",303,0.531253039836884,0
"SimpleRNN",0.1,23,"test",304,0.62420642375946,1
"SimpleRNN",0.1,23,"test",305,0.617581486701965,0
"SimpleRNN",0.1,27,"test",1,0.490983337163925,0
"SimpleRNN",0.1,27,"test",2,0.519746720790863,0
"SimpleRNN",0.1,27,"test",3,0.529773592948914,1
"SimpleRNN",0.1,27,"test",4,0.636849284172058,1
"SimpleRNN",0.1,27,"test",5,0.502295255661011,1
"SimpleRNN",0.1,27,"test",6,0.598571479320526,1
"SimpleRNN",0.1,27,"test",7,0.535368204116821,1
"SimpleRNN",0.1,27,"test",8,0.51974892616272,1
"SimpleRNN",0.1,27,"test",9,0.468789756298065,1
"SimpleRNN",0.1,27,"test",10,0.483367770910263,1
"SimpleRNN",0.1,27,"test",11,0.499701678752899,1
"SimpleRNN",0.1,27,"test",12,0.409544289112091,1
"SimpleRNN",0.1,27,"test",13,0.491460978984833,1
"SimpleRNN",0.1,27,"test",14,0.378127485513687,1
"SimpleRNN",0.1,27,"test",15,0.386343836784363,1
"SimpleRNN",0.1,27,"test",16,0.505276918411255,1
"SimpleRNN",0.1,27,"test",17,0.529527425765991,0
"SimpleRNN",0.1,27,"test",18,0.55588436126709,0
"SimpleRNN",0.1,27,"test",19,0.570748388767242,0
"SimpleRNN",0.1,27,"test",20,0.528218388557434,1
"SimpleRNN",0.1,27,"test",21,0.537727653980255,1
"SimpleRNN",0.1,27,"test",22,0.458769410848618,1
"SimpleRNN",0.1,27,"test",23,0.44129267334938,0
"SimpleRNN",0.1,27,"test",24,0.440472722053528,0
"SimpleRNN",0.1,27,"test",25,0.475317597389221,0
"SimpleRNN",0.1,27,"test",26,0.490983337163925,1
"SimpleRNN",0.1,27,"test",27,0.55568528175354,1
"SimpleRNN",0.1,27,"test",28,0.529773592948914,1
"SimpleRNN",0.1,27,"test",29,0.52145516872406,0
"SimpleRNN",0.1,27,"test",30,0.502295255661011,0
"SimpleRNN",0.1,27,"test",31,0.522574961185455,0
"SimpleRNN",0.1,27,"test",32,0.535368204116821,0
"SimpleRNN",0.1,27,"test",33,0.485637605190277,0
"SimpleRNN",0.1,27,"test",34,0.468789756298065,1
"SimpleRNN",0.1,27,"test",35,0.486742079257965,1
"SimpleRNN",0.1,27,"test",36,0.499701678752899,1
"SimpleRNN",0.1,27,"test",37,0.497147560119629,1
"SimpleRNN",0.1,27,"test",38,0.491460978984833,1
"SimpleRNN",0.1,27,"test",39,0.48991534113884,1
"SimpleRNN",0.1,27,"test",40,0.386343836784363,1
"SimpleRNN",0.1,27,"test",41,0.37488666176796,1
"SimpleRNN",0.1,27,"test",42,0.529527425765991,0
"SimpleRNN",0.1,27,"test",43,0.491933763027191,0
"SimpleRNN",0.1,27,"test",44,0.570748388767242,1
"SimpleRNN",0.1,27,"test",45,0.563291072845459,1
"SimpleRNN",0.1,27,"test",46,0.537727653980255,1
"SimpleRNN",0.1,27,"test",47,0.491875648498535,0
"SimpleRNN",0.1,27,"test",48,0.44129267334938,0
"SimpleRNN",0.1,27,"test",49,0.485499680042267,0
"SimpleRNN",0.1,27,"test",50,0.475317597389221,0
"SimpleRNN",0.1,27,"test",51,0.463167369365692,1
"SimpleRNN",0.1,27,"test",52,0.55568528175354,1
"SimpleRNN",0.1,27,"test",53,0.484531819820404,1
"SimpleRNN",0.1,27,"test",54,0.52145516872406,1
"SimpleRNN",0.1,27,"test",55,0.492502719163895,0
"SimpleRNN",0.1,27,"test",56,0.522574961185455,0
"SimpleRNN",0.1,27,"test",57,0.503895282745361,0
"SimpleRNN",0.1,27,"test",58,0.485637605190277,0
"SimpleRNN",0.1,27,"test",59,0.49252450466156,1
"SimpleRNN",0.1,27,"test",60,0.486742079257965,1
"SimpleRNN",0.1,27,"test",61,0.486368298530579,1
"SimpleRNN",0.1,27,"test",62,0.497147560119629,0
"SimpleRNN",0.1,27,"test",63,0.488163650035858,1
"SimpleRNN",0.1,27,"test",64,0.489915281534195,1
"SimpleRNN",0.1,27,"test",65,0.453009039163589,1
"SimpleRNN",0.1,27,"test",66,0.37488666176796,1
"SimpleRNN",0.1,27,"test",67,0.385916084051132,1
"SimpleRNN",0.1,27,"test",68,0.491933763027191,0
"SimpleRNN",0.1,27,"test",69,0.47540494799614,0
"SimpleRNN",0.1,27,"test",70,0.563291072845459,0
"SimpleRNN",0.1,27,"test",71,0.686996281147003,1
"SimpleRNN",0.1,27,"test",72,0.491875648498535,1
"SimpleRNN",0.1,27,"test",73,0.477715700864792,0
"SimpleRNN",0.1,27,"test",74,0.485499680042267,0
"SimpleRNN",0.1,27,"test",75,0.474318712949753,0
"SimpleRNN",0.1,27,"test",76,0.463167369365692,0
"SimpleRNN",0.1,27,"test",77,0.493447661399841,0
"SimpleRNN",0.1,27,"test",78,0.484531819820404,1
"SimpleRNN",0.1,27,"test",79,0.40553405880928,0
"SimpleRNN",0.1,27,"test",80,0.492502719163895,0
"SimpleRNN",0.1,27,"test",81,0.516514420509338,1
"SimpleRNN",0.1,27,"test",82,0.503895282745361,1
"SimpleRNN",0.1,27,"test",83,0.5305215716362,1
"SimpleRNN",0.1,27,"test",84,0.49252450466156,1
"SimpleRNN",0.1,27,"test",85,0.48594006896019,0
"SimpleRNN",0.1,27,"test",86,0.486368298530579,0
"SimpleRNN",0.1,27,"test",87,0.461307525634766,0
"SimpleRNN",0.1,27,"test",88,0.488163679838181,0
"SimpleRNN",0.1,27,"test",89,0.450519561767578,0
"SimpleRNN",0.1,27,"test",90,0.453009039163589,0
"SimpleRNN",0.1,27,"test",91,0.467072486877441,1
"SimpleRNN",0.1,27,"test",92,0.385916084051132,0
"SimpleRNN",0.1,27,"test",93,0.38599619269371,0
"SimpleRNN",0.1,27,"test",94,0.47540494799614,0
"SimpleRNN",0.1,27,"test",95,0.500686466693878,0
"SimpleRNN",0.1,27,"test",96,0.686996161937714,0
"SimpleRNN",0.1,27,"test",97,0.618522703647614,1
"SimpleRNN",0.1,27,"test",98,0.477715700864792,1
"SimpleRNN",0.1,27,"test",99,0.493468582630157,1
"SimpleRNN",0.1,27,"test",100,0.474318712949753,1
"SimpleRNN",0.1,27,"test",101,0.473988503217697,1
"SimpleRNN",0.1,27,"test",102,0.493447661399841,0
"SimpleRNN",0.1,27,"test",103,0.501363515853882,0
"SimpleRNN",0.1,27,"test",104,0.40553405880928,0
"SimpleRNN",0.1,27,"test",105,0.376793593168259,0
"SimpleRNN",0.1,27,"test",106,0.516514420509338,0
"SimpleRNN",0.1,27,"test",107,0.469015091657639,0
"SimpleRNN",0.1,27,"test",108,0.5305215716362,0
"SimpleRNN",0.1,27,"test",109,0.527548611164093,0
"SimpleRNN",0.1,27,"test",110,0.48594006896019,1
"SimpleRNN",0.1,27,"test",111,0.508686125278473,1
"SimpleRNN",0.1,27,"test",112,0.461307525634766,1
"SimpleRNN",0.1,27,"test",113,0.479064583778381,0
"SimpleRNN",0.1,27,"test",114,0.450519561767578,1
"SimpleRNN",0.1,27,"test",115,0.428007662296295,1
"SimpleRNN",0.1,27,"test",116,0.467072486877441,1
"SimpleRNN",0.1,27,"test",117,0.43425852060318,1
"SimpleRNN",0.1,27,"test",118,0.38599619269371,1
"SimpleRNN",0.1,27,"test",119,0.369267493486404,0
"SimpleRNN",0.1,27,"test",120,0.500686466693878,0
"SimpleRNN",0.1,27,"test",121,0.532158136367798,0
"SimpleRNN",0.1,27,"test",122,0.618522703647614,1
"SimpleRNN",0.1,27,"test",123,0.625780999660492,1
"SimpleRNN",0.1,27,"test",124,0.493468582630157,1
"SimpleRNN",0.1,27,"test",125,0.466781497001648,0
"SimpleRNN",0.1,27,"test",126,0.473988503217697,0
"SimpleRNN",0.1,27,"test",127,0.499028205871582,0
"SimpleRNN",0.1,27,"test",128,0.501363396644592,1
"SimpleRNN",0.1,27,"test",129,0.464757829904556,1
"SimpleRNN",0.1,27,"test",130,0.376793593168259,1
"SimpleRNN",0.1,27,"test",131,0.404206722974777,1
"SimpleRNN",0.1,27,"test",132,0.469015091657639,0
"SimpleRNN",0.1,27,"test",133,0.603811025619507,0
"SimpleRNN",0.1,27,"test",134,0.527548611164093,0
"SimpleRNN",0.1,27,"test",135,0.57399046421051,0
"SimpleRNN",0.1,27,"test",136,0.508686125278473,0
"SimpleRNN",0.1,27,"test",137,0.498524755239487,1
"SimpleRNN",0.1,27,"test",138,0.479064583778381,1
"SimpleRNN",0.1,27,"test",139,0.495294541120529,1
"SimpleRNN",0.1,27,"test",140,0.428007662296295,1
"SimpleRNN",0.1,27,"test",141,0.411297261714935,1
"SimpleRNN",0.1,27,"test",142,0.43425852060318,1
"SimpleRNN",0.1,27,"test",143,0.43208447098732,1
"SimpleRNN",0.1,27,"test",144,0.369267493486404,1
"SimpleRNN",0.1,27,"test",145,0.372451812028885,1
"SimpleRNN",0.1,27,"test",146,0.532158136367798,1
"SimpleRNN",0.1,27,"test",147,0.544070065021515,1
"SimpleRNN",0.1,27,"test",148,0.625780999660492,1
"SimpleRNN",0.1,27,"test",149,0.53831934928894,1
"SimpleRNN",0.1,27,"test",150,0.466781497001648,1
"SimpleRNN",0.1,27,"test",151,0.491235256195068,1
"SimpleRNN",0.1,27,"test",152,0.499028265476227,0
"SimpleRNN",0.1,27,"test",153,0.516193747520447,0
"SimpleRNN",0.1,27,"test",154,0.464757829904556,1
"SimpleRNN",0.1,27,"test",155,0.412585377693176,1
"SimpleRNN",0.1,27,"test",156,0.404206722974777,1
"SimpleRNN",0.1,27,"test",157,0.39796906709671,0
"SimpleRNN",0.1,27,"test",158,0.603811025619507,0
"SimpleRNN",0.1,27,"test",159,0.539272367954254,0
"SimpleRNN",0.1,27,"test",160,0.573990345001221,0
"SimpleRNN",0.1,27,"test",161,0.583611369132996,0
"SimpleRNN",0.1,27,"test",162,0.498524755239487,0
"SimpleRNN",0.1,27,"test",163,0.501969695091248,0
"SimpleRNN",0.1,27,"test",164,0.495294541120529,0
"SimpleRNN",0.1,27,"test",165,0.484884798526764,1
"SimpleRNN",0.1,27,"test",166,0.411297261714935,1
"SimpleRNN",0.1,27,"test",167,0.466377586126328,0
"SimpleRNN",0.1,27,"test",168,0.43208447098732,1
"SimpleRNN",0.1,27,"test",169,0.443454712629318,1
"SimpleRNN",0.1,27,"test",170,0.372451812028885,1
"SimpleRNN",0.1,27,"test",171,0.368488013744354,0
"SimpleRNN",0.1,27,"test",172,0.544070065021515,0
"SimpleRNN",0.1,27,"test",173,0.531885206699371,1
"SimpleRNN",0.1,27,"test",174,0.53831934928894,1
"SimpleRNN",0.1,27,"test",175,0.579817354679108,1
"SimpleRNN",0.1,27,"test",176,0.491235256195068,1
"SimpleRNN",0.1,27,"test",177,0.508440911769867,0
"SimpleRNN",0.1,27,"test",178,0.516193747520447,0
"SimpleRNN",0.1,27,"test",179,0.51225620508194,0
"SimpleRNN",0.1,27,"test",180,0.412585377693176,0
"SimpleRNN",0.1,27,"test",181,0.572525143623352,0
"SimpleRNN",0.1,27,"test",182,0.39796906709671,0
"SimpleRNN",0.1,27,"test",183,0.381636470556259,0
"SimpleRNN",0.1,27,"test",184,0.539272367954254,0
"SimpleRNN",0.1,27,"test",185,0.495221167802811,0
"SimpleRNN",0.1,27,"test",186,0.583611369132996,1
"SimpleRNN",0.1,27,"test",187,0.612992942333221,0
"SimpleRNN",0.1,27,"test",188,0.501969695091248,0
"SimpleRNN",0.1,27,"test",189,0.482740372419357,0
"SimpleRNN",0.1,27,"test",190,0.484884798526764,0
"SimpleRNN",0.1,27,"test",191,0.472720324993134,0
"SimpleRNN",0.1,27,"test",192,0.466377586126328,0
"SimpleRNN",0.1,27,"test",193,0.379187911748886,0
"SimpleRNN",0.1,27,"test",194,0.443454712629318,0
"SimpleRNN",0.1,27,"test",195,0.411663204431534,0
"SimpleRNN",0.1,27,"test",196,0.368488013744354,0
"SimpleRNN",0.1,27,"test",197,0.369825571775436,1
"SimpleRNN",0.1,27,"test",198,0.531885206699371,1
"SimpleRNN",0.1,27,"test",199,0.531554818153381,1
"SimpleRNN",0.1,27,"test",200,0.579817354679108,0
"SimpleRNN",0.1,27,"test",201,0.575777888298035,0
"SimpleRNN",0.1,27,"test",202,0.508440911769867,1
"SimpleRNN",0.1,27,"test",203,0.502647995948792,0
"SimpleRNN",0.1,27,"test",204,0.51225620508194,0
"SimpleRNN",0.1,27,"test",205,0.47225159406662,0
"SimpleRNN",0.1,27,"test",206,0.572525143623352,1
"SimpleRNN",0.1,27,"test",207,0.567623496055603,0
"SimpleRNN",0.1,27,"test",208,0.381636470556259,0
"SimpleRNN",0.1,27,"test",209,0.469025373458862,0
"SimpleRNN",0.1,27,"test",210,0.495221167802811,0
"SimpleRNN",0.1,27,"test",211,0.497285008430481,0
"SimpleRNN",0.1,27,"test",212,0.612992942333221,1
"SimpleRNN",0.1,27,"test",213,0.514530181884766,0
"SimpleRNN",0.1,27,"test",214,0.482740372419357,1
"SimpleRNN",0.1,27,"test",215,0.486236751079559,1
"SimpleRNN",0.1,27,"test",216,0.472720324993134,1
"SimpleRNN",0.1,27,"test",217,0.436524122953415,0
"SimpleRNN",0.1,27,"test",218,0.379187911748886,0
"SimpleRNN",0.1,27,"test",219,0.377460896968842,1
"SimpleRNN",0.1,27,"test",220,0.411663204431534,1
"SimpleRNN",0.1,27,"test",221,0.440063983201981,0
"SimpleRNN",0.1,27,"test",222,0.369825571775436,1
"SimpleRNN",0.1,27,"test",223,0.37272509932518,1
"SimpleRNN",0.1,27,"test",224,0.531554818153381,1
"SimpleRNN",0.1,27,"test",225,0.523839473724365,0
"SimpleRNN",0.1,27,"test",226,0.575777888298035,0
"SimpleRNN",0.1,27,"test",227,0.662088096141815,0
"SimpleRNN",0.1,27,"test",228,0.502647995948792,1
"SimpleRNN",0.1,27,"test",229,0.509732484817505,1
"SimpleRNN",0.1,27,"test",230,0.47225159406662,0
"SimpleRNN",0.1,27,"test",231,0.465855360031128,1
"SimpleRNN",0.1,27,"test",232,0.567623496055603,1
"SimpleRNN",0.1,27,"test",233,0.427236557006836,1
"SimpleRNN",0.1,27,"test",234,0.469025373458862,1
"SimpleRNN",0.1,27,"test",235,0.450686484575272,1
"SimpleRNN",0.1,27,"test",236,0.497285008430481,1
"SimpleRNN",0.1,27,"test",237,0.519778609275818,0
"SimpleRNN",0.1,27,"test",238,0.514530181884766,0
"SimpleRNN",0.1,27,"test",239,0.57658177614212,0
"SimpleRNN",0.1,27,"test",240,0.486236751079559,0
"SimpleRNN",0.1,27,"test",241,0.467718034982681,0
"SimpleRNN",0.1,27,"test",242,0.436524122953415,0
"SimpleRNN",0.1,27,"test",243,0.44496563076973,0
"SimpleRNN",0.1,27,"test",244,0.377460896968842,1
"SimpleRNN",0.1,27,"test",245,0.42401659488678,1
"SimpleRNN",0.1,27,"test",246,0.440063983201981,1
"SimpleRNN",0.1,27,"test",247,0.408778846263885,1
"SimpleRNN",0.1,27,"test",248,0.372725158929825,1
"SimpleRNN",0.1,27,"test",249,0.398512691259384,1
"SimpleRNN",0.1,27,"test",250,0.523839473724365,1
"SimpleRNN",0.1,27,"test",251,0.551863193511963,1
"SimpleRNN",0.1,27,"test",252,0.662088096141815,0
"SimpleRNN",0.1,27,"test",253,0.610727310180664,0
"SimpleRNN",0.1,27,"test",254,0.509732484817505,0
"SimpleRNN",0.1,27,"test",255,0.481482207775116,1
"SimpleRNN",0.1,27,"test",256,0.465855360031128,1
"SimpleRNN",0.1,27,"test",257,0.489574760198593,1
"SimpleRNN",0.1,27,"test",258,0.427236557006836,1
"SimpleRNN",0.1,27,"test",259,0.504780471324921,1
"SimpleRNN",0.1,27,"test",260,0.450686484575272,1
"SimpleRNN",0.1,27,"test",261,0.523825705051422,1
"SimpleRNN",0.1,27,"test",262,0.519778609275818,0
"SimpleRNN",0.1,27,"test",263,0.448525965213776,0
"SimpleRNN",0.1,27,"test",264,0.57658177614212,1
"SimpleRNN",0.1,27,"test",265,0.529269635677338,1
"SimpleRNN",0.1,27,"test",266,0.467718034982681,1
"SimpleRNN",0.1,27,"test",267,0.436756938695908,1
"SimpleRNN",0.1,27,"test",268,0.44496563076973,1
"SimpleRNN",0.1,27,"test",269,0.46292582154274,1
"SimpleRNN",0.1,27,"test",270,0.42401659488678,1
"SimpleRNN",0.1,27,"test",271,0.424265086650848,1
"SimpleRNN",0.1,27,"test",272,0.408778846263885,1
"SimpleRNN",0.1,27,"test",273,0.41197282075882,1
"SimpleRNN",0.1,27,"test",274,0.398512691259384,1
"SimpleRNN",0.1,27,"test",275,0.373044312000275,1
"SimpleRNN",0.1,27,"test",276,0.551863193511963,1
"SimpleRNN",0.1,27,"test",277,0.568576693534851,1
"SimpleRNN",0.1,27,"test",278,0.610727310180664,0
"SimpleRNN",0.1,27,"test",279,0.466164112091064,0
"SimpleRNN",0.1,27,"test",280,0.481482177972794,0
"SimpleRNN",0.1,27,"test",281,0.481185913085938,0
"SimpleRNN",0.1,27,"test",282,0.489574760198593,0
"SimpleRNN",0.1,27,"test",283,0.462140619754791,0
"SimpleRNN",0.1,27,"test",284,0.504780471324921,0
"SimpleRNN",0.1,27,"test",285,0.414944916963577,0
"SimpleRNN",0.1,27,"test",286,0.523825705051422,0
"SimpleRNN",0.1,27,"test",287,0.383845210075378,0
"SimpleRNN",0.1,27,"test",288,0.448525965213776,0
"SimpleRNN",0.1,27,"test",289,0.507729172706604,0
"SimpleRNN",0.1,27,"test",290,0.529269635677338,0
"SimpleRNN",0.1,27,"test",291,0.547978520393372,0
"SimpleRNN",0.1,27,"test",292,0.436756938695908,1
"SimpleRNN",0.1,27,"test",293,0.526584148406982,1
"SimpleRNN",0.1,27,"test",294,0.46292582154274,1
"SimpleRNN",0.1,27,"test",295,0.461767226457596,0
"SimpleRNN",0.1,27,"test",296,0.424265086650848,0
"SimpleRNN",0.1,27,"test",297,0.448444008827209,1
"SimpleRNN",0.1,27,"test",298,0.41197282075882,0
"SimpleRNN",0.1,27,"test",299,0.416843324899673,0
"SimpleRNN",0.1,27,"test",300,0.373044312000275,1
"SimpleRNN",0.1,27,"test",301,0.443184733390808,1
"SimpleRNN",0.1,27,"test",302,0.568576693534851,1
"SimpleRNN",0.1,27,"test",303,0.582314252853394,0
"SimpleRNN",0.1,27,"test",304,0.466164112091064,1
"SimpleRNN",0.1,27,"test",305,0.548874378204346,0
"SimpleRNN",0.1,98,"test",1,0.47171276807785,0
"SimpleRNN",0.1,98,"test",2,0.546407103538513,0
"SimpleRNN",0.1,98,"test",3,0.550416648387909,1
"SimpleRNN",0.1,98,"test",4,0.476086229085922,1
"SimpleRNN",0.1,98,"test",5,0.546729385852814,1
"SimpleRNN",0.1,98,"test",6,0.45966649055481,1
"SimpleRNN",0.1,98,"test",7,0.462035208940506,1
"SimpleRNN",0.1,98,"test",8,0.536952495574951,1
"SimpleRNN",0.1,98,"test",9,0.489500671625137,1
"SimpleRNN",0.1,98,"test",10,0.472254455089569,1
"SimpleRNN",0.1,98,"test",11,0.467323124408722,1
"SimpleRNN",0.1,98,"test",12,0.467458635568619,1
"SimpleRNN",0.1,98,"test",13,0.463262498378754,1
"SimpleRNN",0.1,98,"test",14,0.353169411420822,1
"SimpleRNN",0.1,98,"test",15,0.349296152591705,1
"SimpleRNN",0.1,98,"test",16,0.520017743110657,1
"SimpleRNN",0.1,98,"test",17,0.520350515842438,0
"SimpleRNN",0.1,98,"test",18,0.536105215549469,0
"SimpleRNN",0.1,98,"test",19,0.544937074184418,0
"SimpleRNN",0.1,98,"test",20,0.558249652385712,1
"SimpleRNN",0.1,98,"test",21,0.571752965450287,1
"SimpleRNN",0.1,98,"test",22,0.526353001594543,1
"SimpleRNN",0.1,98,"test",23,0.521624088287354,0
"SimpleRNN",0.1,98,"test",24,0.49466797709465,0
"SimpleRNN",0.1,98,"test",25,0.528858244419098,0
"SimpleRNN",0.1,98,"test",26,0.47171276807785,1
"SimpleRNN",0.1,98,"test",27,0.499817699193954,1
"SimpleRNN",0.1,98,"test",28,0.550416648387909,1
"SimpleRNN",0.1,98,"test",29,0.522399842739105,0
"SimpleRNN",0.1,98,"test",30,0.546729385852814,0
"SimpleRNN",0.1,98,"test",31,0.575556337833405,0
"SimpleRNN",0.1,98,"test",32,0.462035208940506,0
"SimpleRNN",0.1,98,"test",33,0.462420165538788,0
"SimpleRNN",0.1,98,"test",34,0.489500671625137,1
"SimpleRNN",0.1,98,"test",35,0.52510941028595,1
"SimpleRNN",0.1,98,"test",36,0.467323124408722,1
"SimpleRNN",0.1,98,"test",37,0.466351956129074,1
"SimpleRNN",0.1,98,"test",38,0.463262498378754,1
"SimpleRNN",0.1,98,"test",39,0.451841503381729,1
"SimpleRNN",0.1,98,"test",40,0.349296152591705,1
"SimpleRNN",0.1,98,"test",41,0.354434788227081,1
"SimpleRNN",0.1,98,"test",42,0.520350515842438,0
"SimpleRNN",0.1,98,"test",43,0.499847650527954,0
"SimpleRNN",0.1,98,"test",44,0.544937074184418,1
"SimpleRNN",0.1,98,"test",45,0.537157535552979,1
"SimpleRNN",0.1,98,"test",46,0.571752965450287,1
"SimpleRNN",0.1,98,"test",47,0.533638179302216,0
"SimpleRNN",0.1,98,"test",48,0.521624088287354,0
"SimpleRNN",0.1,98,"test",49,0.519418299198151,0
"SimpleRNN",0.1,98,"test",50,0.528858244419098,0
"SimpleRNN",0.1,98,"test",51,0.482441008090973,1
"SimpleRNN",0.1,98,"test",52,0.499817699193954,1
"SimpleRNN",0.1,98,"test",53,0.502132415771484,1
"SimpleRNN",0.1,98,"test",54,0.522399842739105,1
"SimpleRNN",0.1,98,"test",55,0.480430275201797,0
"SimpleRNN",0.1,98,"test",56,0.575556337833405,0
"SimpleRNN",0.1,98,"test",57,0.668581485748291,0
"SimpleRNN",0.1,98,"test",58,0.462420165538788,0
"SimpleRNN",0.1,98,"test",59,0.449123412370682,1
"SimpleRNN",0.1,98,"test",60,0.52510941028595,1
"SimpleRNN",0.1,98,"test",61,0.463904738426208,1
"SimpleRNN",0.1,98,"test",62,0.466351956129074,0
"SimpleRNN",0.1,98,"test",63,0.47166308760643,1
"SimpleRNN",0.1,98,"test",64,0.451841503381729,1
"SimpleRNN",0.1,98,"test",65,0.458565831184387,1
"SimpleRNN",0.1,98,"test",66,0.354434788227081,1
"SimpleRNN",0.1,98,"test",67,0.351612955331802,1
"SimpleRNN",0.1,98,"test",68,0.499847650527954,0
"SimpleRNN",0.1,98,"test",69,0.497757464647293,0
"SimpleRNN",0.1,98,"test",70,0.537157535552979,0
"SimpleRNN",0.1,98,"test",71,0.479609698057175,1
"SimpleRNN",0.1,98,"test",72,0.533638179302216,1
"SimpleRNN",0.1,98,"test",73,0.519224166870117,0
"SimpleRNN",0.1,98,"test",74,0.519418299198151,0
"SimpleRNN",0.1,98,"test",75,0.52862274646759,0
"SimpleRNN",0.1,98,"test",76,0.482441008090973,0
"SimpleRNN",0.1,98,"test",77,0.493124127388,0
"SimpleRNN",0.1,98,"test",78,0.502132415771484,1
"SimpleRNN",0.1,98,"test",79,0.513275980949402,0
"SimpleRNN",0.1,98,"test",80,0.480430275201797,0
"SimpleRNN",0.1,98,"test",81,0.474142074584961,1
"SimpleRNN",0.1,98,"test",82,0.668581485748291,1
"SimpleRNN",0.1,98,"test",83,0.589308202266693,1
"SimpleRNN",0.1,98,"test",84,0.449123412370682,1
"SimpleRNN",0.1,98,"test",85,0.461360245943069,0
"SimpleRNN",0.1,98,"test",86,0.463904738426208,0
"SimpleRNN",0.1,98,"test",87,0.479642063379288,0
"SimpleRNN",0.1,98,"test",88,0.47166308760643,0
"SimpleRNN",0.1,98,"test",89,0.49892657995224,0
"SimpleRNN",0.1,98,"test",90,0.458565831184387,0
"SimpleRNN",0.1,98,"test",91,0.478500813245773,1
"SimpleRNN",0.1,98,"test",92,0.351612955331802,0
"SimpleRNN",0.1,98,"test",93,0.352719813585281,0
"SimpleRNN",0.1,98,"test",94,0.497757464647293,0
"SimpleRNN",0.1,98,"test",95,0.506036460399628,0
"SimpleRNN",0.1,98,"test",96,0.479609698057175,0
"SimpleRNN",0.1,98,"test",97,0.485482722520828,1
"SimpleRNN",0.1,98,"test",98,0.519224166870117,1
"SimpleRNN",0.1,98,"test",99,0.533271968364716,1
"SimpleRNN",0.1,98,"test",100,0.52862274646759,1
"SimpleRNN",0.1,98,"test",101,0.523545682430267,1
"SimpleRNN",0.1,98,"test",102,0.493124127388,0
"SimpleRNN",0.1,98,"test",103,0.468383014202118,0
"SimpleRNN",0.1,98,"test",104,0.513275980949402,0
"SimpleRNN",0.1,98,"test",105,0.508329689502716,0
"SimpleRNN",0.1,98,"test",106,0.474142074584961,0
"SimpleRNN",0.1,98,"test",107,0.484181821346283,0
"SimpleRNN",0.1,98,"test",108,0.589308202266693,0
"SimpleRNN",0.1,98,"test",109,0.609139204025269,0
"SimpleRNN",0.1,98,"test",110,0.461360245943069,1
"SimpleRNN",0.1,98,"test",111,0.415468096733093,1
"SimpleRNN",0.1,98,"test",112,0.479642063379288,1
"SimpleRNN",0.1,98,"test",113,0.500194072723389,0
"SimpleRNN",0.1,98,"test",114,0.49892657995224,1
"SimpleRNN",0.1,98,"test",115,0.506568074226379,1
"SimpleRNN",0.1,98,"test",116,0.478500813245773,1
"SimpleRNN",0.1,98,"test",117,0.47619491815567,1
"SimpleRNN",0.1,98,"test",118,0.352719813585281,1
"SimpleRNN",0.1,98,"test",119,0.36320549249649,0
"SimpleRNN",0.1,98,"test",120,0.506036400794983,0
"SimpleRNN",0.1,98,"test",121,0.52979588508606,0
"SimpleRNN",0.1,98,"test",122,0.485482722520828,1
"SimpleRNN",0.1,98,"test",123,0.481169492006302,1
"SimpleRNN",0.1,98,"test",124,0.533271968364716,1
"SimpleRNN",0.1,98,"test",125,0.516239702701569,0
"SimpleRNN",0.1,98,"test",126,0.523545682430267,0
"SimpleRNN",0.1,98,"test",127,0.518257737159729,0
"SimpleRNN",0.1,98,"test",128,0.468382984399796,1
"SimpleRNN",0.1,98,"test",129,0.464339911937714,1
"SimpleRNN",0.1,98,"test",130,0.508329689502716,1
"SimpleRNN",0.1,98,"test",131,0.526244580745697,1
"SimpleRNN",0.1,98,"test",132,0.484181821346283,0
"SimpleRNN",0.1,98,"test",133,0.459511011838913,0
"SimpleRNN",0.1,98,"test",134,0.609139204025269,0
"SimpleRNN",0.1,98,"test",135,0.56515634059906,0
"SimpleRNN",0.1,98,"test",136,0.415468096733093,0
"SimpleRNN",0.1,98,"test",137,0.455342769622803,1
"SimpleRNN",0.1,98,"test",138,0.500194072723389,1
"SimpleRNN",0.1,98,"test",139,0.508397698402405,1
"SimpleRNN",0.1,98,"test",140,0.506568074226379,1
"SimpleRNN",0.1,98,"test",141,0.521183907985687,1
"SimpleRNN",0.1,98,"test",142,0.47619491815567,1
"SimpleRNN",0.1,98,"test",143,0.514425098896027,1
"SimpleRNN",0.1,98,"test",144,0.36320549249649,1
"SimpleRNN",0.1,98,"test",145,0.3716681599617,1
"SimpleRNN",0.1,98,"test",146,0.52979588508606,1
"SimpleRNN",0.1,98,"test",147,0.533479750156403,1
"SimpleRNN",0.1,98,"test",148,0.481169492006302,1
"SimpleRNN",0.1,98,"test",149,0.562195479869843,1
"SimpleRNN",0.1,98,"test",150,0.516239702701569,1
"SimpleRNN",0.1,98,"test",151,0.526142537593842,1
"SimpleRNN",0.1,98,"test",152,0.518257737159729,0
"SimpleRNN",0.1,98,"test",153,0.545693218708038,0
"SimpleRNN",0.1,98,"test",154,0.464339911937714,1
"SimpleRNN",0.1,98,"test",155,0.45632004737854,1
"SimpleRNN",0.1,98,"test",156,0.526244580745697,1
"SimpleRNN",0.1,98,"test",157,0.514472663402557,0
"SimpleRNN",0.1,98,"test",158,0.459511011838913,0
"SimpleRNN",0.1,98,"test",159,0.488316982984543,0
"SimpleRNN",0.1,98,"test",160,0.56515634059906,0
"SimpleRNN",0.1,98,"test",161,0.554642140865326,0
"SimpleRNN",0.1,98,"test",162,0.455342769622803,0
"SimpleRNN",0.1,98,"test",163,0.480426490306854,0
"SimpleRNN",0.1,98,"test",164,0.508397698402405,0
"SimpleRNN",0.1,98,"test",165,0.515113472938538,1
"SimpleRNN",0.1,98,"test",166,0.521183907985687,1
"SimpleRNN",0.1,98,"test",167,0.483540326356888,0
"SimpleRNN",0.1,98,"test",168,0.514425098896027,1
"SimpleRNN",0.1,98,"test",169,0.50981342792511,1
"SimpleRNN",0.1,98,"test",170,0.3716681599617,1
"SimpleRNN",0.1,98,"test",171,0.370537877082825,0
"SimpleRNN",0.1,98,"test",172,0.533479750156403,0
"SimpleRNN",0.1,98,"test",173,0.533882915973663,1
"SimpleRNN",0.1,98,"test",174,0.562195479869843,1
"SimpleRNN",0.1,98,"test",175,0.518158972263336,1
"SimpleRNN",0.1,98,"test",176,0.526142537593842,1
"SimpleRNN",0.1,98,"test",177,0.530510127544403,0
"SimpleRNN",0.1,98,"test",178,0.545693218708038,0
"SimpleRNN",0.1,98,"test",179,0.513860285282135,0
"SimpleRNN",0.1,98,"test",180,0.45632004737854,0
"SimpleRNN",0.1,98,"test",181,0.486487060785294,0
"SimpleRNN",0.1,98,"test",182,0.514472663402557,0
"SimpleRNN",0.1,98,"test",183,0.509363114833832,0
"SimpleRNN",0.1,98,"test",184,0.488316982984543,0
"SimpleRNN",0.1,98,"test",185,0.455411702394485,0
"SimpleRNN",0.1,98,"test",186,0.554642140865326,1
"SimpleRNN",0.1,98,"test",187,0.525992870330811,0
"SimpleRNN",0.1,98,"test",188,0.480426490306854,0
"SimpleRNN",0.1,98,"test",189,0.489763498306274,0
"SimpleRNN",0.1,98,"test",190,0.515113472938538,0
"SimpleRNN",0.1,98,"test",191,0.370615720748901,0
"SimpleRNN",0.1,98,"test",192,0.483540326356888,0
"SimpleRNN",0.1,98,"test",193,0.561315357685089,0
"SimpleRNN",0.1,98,"test",194,0.50981342792511,0
"SimpleRNN",0.1,98,"test",195,0.494952023029327,0
"SimpleRNN",0.1,98,"test",196,0.370537877082825,0
"SimpleRNN",0.1,98,"test",197,0.356575697660446,1
"SimpleRNN",0.1,98,"test",198,0.533882915973663,1
"SimpleRNN",0.1,98,"test",199,0.53027331829071,1
"SimpleRNN",0.1,98,"test",200,0.518158972263336,0
"SimpleRNN",0.1,98,"test",201,0.512329757213593,0
"SimpleRNN",0.1,98,"test",202,0.530510127544403,1
"SimpleRNN",0.1,98,"test",203,0.546958982944489,0
"SimpleRNN",0.1,98,"test",204,0.513860285282135,0
"SimpleRNN",0.1,98,"test",205,0.519624054431915,0
"SimpleRNN",0.1,98,"test",206,0.486487060785294,1
"SimpleRNN",0.1,98,"test",207,0.462262779474258,0
"SimpleRNN",0.1,98,"test",208,0.509363114833832,0
"SimpleRNN",0.1,98,"test",209,0.508894026279449,0
"SimpleRNN",0.1,98,"test",210,0.455411702394485,0
"SimpleRNN",0.1,98,"test",211,0.456490486860275,0
"SimpleRNN",0.1,98,"test",212,0.525992870330811,1
"SimpleRNN",0.1,98,"test",213,0.634183347225189,0
"SimpleRNN",0.1,98,"test",214,0.489763498306274,1
"SimpleRNN",0.1,98,"test",215,0.432943433523178,1
"SimpleRNN",0.1,98,"test",216,0.370615720748901,1
"SimpleRNN",0.1,98,"test",217,0.326802611351013,0
"SimpleRNN",0.1,98,"test",218,0.561315357685089,0
"SimpleRNN",0.1,98,"test",219,0.565389156341553,1
"SimpleRNN",0.1,98,"test",220,0.494952023029327,1
"SimpleRNN",0.1,98,"test",221,0.510853469371796,0
"SimpleRNN",0.1,98,"test",222,0.356575697660446,1
"SimpleRNN",0.1,98,"test",223,0.367370694875717,1
"SimpleRNN",0.1,98,"test",224,0.530273377895355,1
"SimpleRNN",0.1,98,"test",225,0.519339263439178,0
"SimpleRNN",0.1,98,"test",226,0.512329757213593,0
"SimpleRNN",0.1,98,"test",227,0.501258492469788,0
"SimpleRNN",0.1,98,"test",228,0.546958982944489,1
"SimpleRNN",0.1,98,"test",229,0.533159673213959,1
"SimpleRNN",0.1,98,"test",230,0.519624054431915,0
"SimpleRNN",0.1,98,"test",231,0.499954551458359,1
"SimpleRNN",0.1,98,"test",232,0.462262779474258,1
"SimpleRNN",0.1,98,"test",233,0.536924719810486,1
"SimpleRNN",0.1,98,"test",234,0.508894026279449,1
"SimpleRNN",0.1,98,"test",235,0.51016241312027,1
"SimpleRNN",0.1,98,"test",236,0.456490486860275,1
"SimpleRNN",0.1,98,"test",237,0.449561655521393,0
"SimpleRNN",0.1,98,"test",238,0.634183347225189,0
"SimpleRNN",0.1,98,"test",239,0.564311861991882,0
"SimpleRNN",0.1,98,"test",240,0.432943433523178,0
"SimpleRNN",0.1,98,"test",241,0.426961541175842,0
"SimpleRNN",0.1,98,"test",242,0.326802611351013,0
"SimpleRNN",0.1,98,"test",243,0.440354406833649,0
"SimpleRNN",0.1,98,"test",244,0.565389156341553,1
"SimpleRNN",0.1,98,"test",245,0.526996791362762,1
"SimpleRNN",0.1,98,"test",246,0.510853469371796,1
"SimpleRNN",0.1,98,"test",247,0.51014655828476,1
"SimpleRNN",0.1,98,"test",248,0.367370665073395,1
"SimpleRNN",0.1,98,"test",249,0.35760697722435,1
"SimpleRNN",0.1,98,"test",250,0.519339263439178,1
"SimpleRNN",0.1,98,"test",251,0.523080825805664,1
"SimpleRNN",0.1,98,"test",252,0.501258492469788,0
"SimpleRNN",0.1,98,"test",253,0.534728467464447,0
"SimpleRNN",0.1,98,"test",254,0.533159673213959,0
"SimpleRNN",0.1,98,"test",255,0.515343070030212,1
"SimpleRNN",0.1,98,"test",256,0.499954521656036,1
"SimpleRNN",0.1,98,"test",257,0.529945552349091,1
"SimpleRNN",0.1,98,"test",258,0.536924719810486,1
"SimpleRNN",0.1,98,"test",259,0.495559871196747,1
"SimpleRNN",0.1,98,"test",260,0.51016241312027,1
"SimpleRNN",0.1,98,"test",261,0.501623034477234,1
"SimpleRNN",0.1,98,"test",262,0.449561655521393,0
"SimpleRNN",0.1,98,"test",263,0.417202591896057,0
"SimpleRNN",0.1,98,"test",264,0.564311861991882,1
"SimpleRNN",0.1,98,"test",265,0.596578299999237,1
"SimpleRNN",0.1,98,"test",266,0.426961541175842,1
"SimpleRNN",0.1,98,"test",267,0.508968532085419,1
"SimpleRNN",0.1,98,"test",268,0.440354406833649,1
"SimpleRNN",0.1,98,"test",269,0.470911949872971,1
"SimpleRNN",0.1,98,"test",270,0.526996791362762,1
"SimpleRNN",0.1,98,"test",271,0.514387667179108,1
"SimpleRNN",0.1,98,"test",272,0.51014655828476,1
"SimpleRNN",0.1,98,"test",273,0.489149749279022,1
"SimpleRNN",0.1,98,"test",274,0.35760697722435,1
"SimpleRNN",0.1,98,"test",275,0.364665478467941,1
"SimpleRNN",0.1,98,"test",276,0.523080825805664,1
"SimpleRNN",0.1,98,"test",277,0.541678428649902,1
"SimpleRNN",0.1,98,"test",278,0.534728467464447,0
"SimpleRNN",0.1,98,"test",279,0.613971710205078,0
"SimpleRNN",0.1,98,"test",280,0.515343189239502,0
"SimpleRNN",0.1,98,"test",281,0.528451144695282,0
"SimpleRNN",0.1,98,"test",282,0.529945552349091,0
"SimpleRNN",0.1,98,"test",283,0.514988899230957,0
"SimpleRNN",0.1,98,"test",284,0.495559871196747,0
"SimpleRNN",0.1,98,"test",285,0.5120530128479,0
"SimpleRNN",0.1,98,"test",286,0.501623034477234,0
"SimpleRNN",0.1,98,"test",287,0.511371910572052,0
"SimpleRNN",0.1,98,"test",288,0.417202591896057,0
"SimpleRNN",0.1,98,"test",289,0.463203877210617,0
"SimpleRNN",0.1,98,"test",290,0.596578299999237,0
"SimpleRNN",0.1,98,"test",291,0.52149099111557,0
"SimpleRNN",0.1,98,"test",292,0.508968532085419,1
"SimpleRNN",0.1,98,"test",293,0.486073046922684,1
"SimpleRNN",0.1,98,"test",294,0.470911949872971,1
"SimpleRNN",0.1,98,"test",295,0.502928018569946,0
"SimpleRNN",0.1,98,"test",296,0.514387667179108,0
"SimpleRNN",0.1,98,"test",297,0.495247662067413,1
"SimpleRNN",0.1,98,"test",298,0.489149749279022,0
"SimpleRNN",0.1,98,"test",299,0.503728151321411,0
"SimpleRNN",0.1,98,"test",300,0.364665478467941,1
"SimpleRNN",0.1,98,"test",301,0.428843110799789,1
"SimpleRNN",0.1,98,"test",302,0.541678428649902,1
"SimpleRNN",0.1,98,"test",303,0.527557015419006,0
"SimpleRNN",0.1,98,"test",304,0.613971710205078,1
"SimpleRNN",0.1,98,"test",305,0.576103568077087,0
"SimpleRNN",0.1,41,"test",1,0.510988593101501,0
"SimpleRNN",0.1,41,"test",2,0.500998795032501,0
"SimpleRNN",0.1,41,"test",3,0.511862218379974,1
"SimpleRNN",0.1,41,"test",4,0.596788167953491,1
"SimpleRNN",0.1,41,"test",5,0.518973767757416,1
"SimpleRNN",0.1,41,"test",6,0.457728058099747,1
"SimpleRNN",0.1,41,"test",7,0.446277976036072,1
"SimpleRNN",0.1,41,"test",8,0.557727813720703,1
"SimpleRNN",0.1,41,"test",9,0.495772838592529,1
"SimpleRNN",0.1,41,"test",10,0.50272798538208,1
"SimpleRNN",0.1,41,"test",11,0.503233790397644,1
"SimpleRNN",0.1,41,"test",12,0.467125356197357,1
"SimpleRNN",0.1,41,"test",13,0.504122495651245,1
"SimpleRNN",0.1,41,"test",14,0.379994690418243,1
"SimpleRNN",0.1,41,"test",15,0.391297578811646,1
"SimpleRNN",0.1,41,"test",16,0.415276646614075,1
"SimpleRNN",0.1,41,"test",17,0.446129620075226,0
"SimpleRNN",0.1,41,"test",18,0.521503269672394,0
"SimpleRNN",0.1,41,"test",19,0.509978055953979,0
"SimpleRNN",0.1,41,"test",20,0.528780460357666,1
"SimpleRNN",0.1,41,"test",21,0.590623497962952,1
"SimpleRNN",0.1,41,"test",22,0.540993809700012,1
"SimpleRNN",0.1,41,"test",23,0.544309318065643,0
"SimpleRNN",0.1,41,"test",24,0.457687258720398,0
"SimpleRNN",0.1,41,"test",25,0.477221041917801,0
"SimpleRNN",0.1,41,"test",26,0.510988593101501,1
"SimpleRNN",0.1,41,"test",27,0.563708543777466,1
"SimpleRNN",0.1,41,"test",28,0.511862218379974,1
"SimpleRNN",0.1,41,"test",29,0.524829089641571,0
"SimpleRNN",0.1,41,"test",30,0.518973767757416,0
"SimpleRNN",0.1,41,"test",31,0.53692364692688,0
"SimpleRNN",0.1,41,"test",32,0.446277976036072,0
"SimpleRNN",0.1,41,"test",33,0.436998724937439,0
"SimpleRNN",0.1,41,"test",34,0.495772838592529,1
"SimpleRNN",0.1,41,"test",35,0.544526696205139,1
"SimpleRNN",0.1,41,"test",36,0.503233790397644,1
"SimpleRNN",0.1,41,"test",37,0.493104219436646,1
"SimpleRNN",0.1,41,"test",38,0.504122495651245,1
"SimpleRNN",0.1,41,"test",39,0.485026240348816,1
"SimpleRNN",0.1,41,"test",40,0.391297578811646,1
"SimpleRNN",0.1,41,"test",41,0.377417743206024,1
"SimpleRNN",0.1,41,"test",42,0.446129620075226,0
"SimpleRNN",0.1,41,"test",43,0.463899523019791,0
"SimpleRNN",0.1,41,"test",44,0.509978055953979,1
"SimpleRNN",0.1,41,"test",45,0.522306025028229,1
"SimpleRNN",0.1,41,"test",46,0.590623497962952,1
"SimpleRNN",0.1,41,"test",47,0.502060651779175,0
"SimpleRNN",0.1,41,"test",48,0.544309318065643,0
"SimpleRNN",0.1,41,"test",49,0.493944883346558,0
"SimpleRNN",0.1,41,"test",50,0.477221041917801,0
"SimpleRNN",0.1,41,"test",51,0.44456946849823,1
"SimpleRNN",0.1,41,"test",52,0.563708543777466,1
"SimpleRNN",0.1,41,"test",53,0.520089387893677,1
"SimpleRNN",0.1,41,"test",54,0.524829089641571,1
"SimpleRNN",0.1,41,"test",55,0.520768702030182,0
"SimpleRNN",0.1,41,"test",56,0.53692364692688,0
"SimpleRNN",0.1,41,"test",57,0.535916686058044,0
"SimpleRNN",0.1,41,"test",58,0.436998724937439,0
"SimpleRNN",0.1,41,"test",59,0.441628038883209,1
"SimpleRNN",0.1,41,"test",60,0.544526696205139,1
"SimpleRNN",0.1,41,"test",61,0.474251121282578,1
"SimpleRNN",0.1,41,"test",62,0.493104219436646,0
"SimpleRNN",0.1,41,"test",63,0.500550806522369,1
"SimpleRNN",0.1,41,"test",64,0.485026270151138,1
"SimpleRNN",0.1,41,"test",65,0.483444541692734,1
"SimpleRNN",0.1,41,"test",66,0.377417743206024,1
"SimpleRNN",0.1,41,"test",67,0.386503607034683,1
"SimpleRNN",0.1,41,"test",68,0.463899523019791,0
"SimpleRNN",0.1,41,"test",69,0.443283915519714,0
"SimpleRNN",0.1,41,"test",70,0.522306025028229,0
"SimpleRNN",0.1,41,"test",71,0.654085040092468,1
"SimpleRNN",0.1,41,"test",72,0.502060651779175,1
"SimpleRNN",0.1,41,"test",73,0.449548691511154,0
"SimpleRNN",0.1,41,"test",74,0.493944883346558,0
"SimpleRNN",0.1,41,"test",75,0.528063178062439,0
"SimpleRNN",0.1,41,"test",76,0.44456946849823,0
"SimpleRNN",0.1,41,"test",77,0.446578770875931,0
"SimpleRNN",0.1,41,"test",78,0.520089387893677,1
"SimpleRNN",0.1,41,"test",79,0.466044783592224,0
"SimpleRNN",0.1,41,"test",80,0.520768702030182,0
"SimpleRNN",0.1,41,"test",81,0.548853933811188,1
"SimpleRNN",0.1,41,"test",82,0.535916686058044,1
"SimpleRNN",0.1,41,"test",83,0.543433368206024,1
"SimpleRNN",0.1,41,"test",84,0.441628038883209,1
"SimpleRNN",0.1,41,"test",85,0.437269508838654,0
"SimpleRNN",0.1,41,"test",86,0.474251121282578,0
"SimpleRNN",0.1,41,"test",87,0.484097719192505,0
"SimpleRNN",0.1,41,"test",88,0.500550806522369,0
"SimpleRNN",0.1,41,"test",89,0.482596039772034,0
"SimpleRNN",0.1,41,"test",90,0.483444541692734,0
"SimpleRNN",0.1,41,"test",91,0.520716905593872,1
"SimpleRNN",0.1,41,"test",92,0.386503607034683,0
"SimpleRNN",0.1,41,"test",93,0.385559111833572,0
"SimpleRNN",0.1,41,"test",94,0.443283915519714,0
"SimpleRNN",0.1,41,"test",95,0.449082165956497,0
"SimpleRNN",0.1,41,"test",96,0.654085040092468,0
"SimpleRNN",0.1,41,"test",97,0.608276069164276,1
"SimpleRNN",0.1,41,"test",98,0.449548691511154,1
"SimpleRNN",0.1,41,"test",99,0.493678987026215,1
"SimpleRNN",0.1,41,"test",100,0.528063178062439,1
"SimpleRNN",0.1,41,"test",101,0.512927353382111,1
"SimpleRNN",0.1,41,"test",102,0.446578770875931,0
"SimpleRNN",0.1,41,"test",103,0.422971606254578,0
"SimpleRNN",0.1,41,"test",104,0.466044783592224,0
"SimpleRNN",0.1,41,"test",105,0.440524756908417,0
"SimpleRNN",0.1,41,"test",106,0.548853933811188,0
"SimpleRNN",0.1,41,"test",107,0.495716869831085,0
"SimpleRNN",0.1,41,"test",108,0.543433368206024,0
"SimpleRNN",0.1,41,"test",109,0.544272184371948,0
"SimpleRNN",0.1,41,"test",110,0.437269508838654,1
"SimpleRNN",0.1,41,"test",111,0.463349193334579,1
"SimpleRNN",0.1,41,"test",112,0.484097719192505,1
"SimpleRNN",0.1,41,"test",113,0.509109079837799,0
"SimpleRNN",0.1,41,"test",114,0.482596039772034,1
"SimpleRNN",0.1,41,"test",115,0.454751253128052,1
"SimpleRNN",0.1,41,"test",116,0.520716905593872,1
"SimpleRNN",0.1,41,"test",117,0.49993222951889,1
"SimpleRNN",0.1,41,"test",118,0.385559111833572,1
"SimpleRNN",0.1,41,"test",119,0.366472989320755,0
"SimpleRNN",0.1,41,"test",120,0.449082165956497,0
"SimpleRNN",0.1,41,"test",121,0.43050479888916,0
"SimpleRNN",0.1,41,"test",122,0.608276069164276,1
"SimpleRNN",0.1,41,"test",123,0.616398811340332,1
"SimpleRNN",0.1,41,"test",124,0.493678987026215,1
"SimpleRNN",0.1,41,"test",125,0.458770215511322,0
"SimpleRNN",0.1,41,"test",126,0.512927353382111,0
"SimpleRNN",0.1,41,"test",127,0.484527587890625,0
"SimpleRNN",0.1,41,"test",128,0.422971606254578,1
"SimpleRNN",0.1,41,"test",129,0.429265081882477,1
"SimpleRNN",0.1,41,"test",130,0.440524756908417,1
"SimpleRNN",0.1,41,"test",131,0.472783654928207,1
"SimpleRNN",0.1,41,"test",132,0.495716869831085,0
"SimpleRNN",0.1,41,"test",133,0.654417276382446,0
"SimpleRNN",0.1,41,"test",134,0.544272184371948,0
"SimpleRNN",0.1,41,"test",135,0.564677774906158,0
"SimpleRNN",0.1,41,"test",136,0.463349193334579,0
"SimpleRNN",0.1,41,"test",137,0.440828889608383,1
"SimpleRNN",0.1,41,"test",138,0.509109079837799,1
"SimpleRNN",0.1,41,"test",139,0.516935884952545,1
"SimpleRNN",0.1,41,"test",140,0.454751253128052,1
"SimpleRNN",0.1,41,"test",141,0.448106527328491,1
"SimpleRNN",0.1,41,"test",142,0.49993222951889,1
"SimpleRNN",0.1,41,"test",143,0.543314218521118,1
"SimpleRNN",0.1,41,"test",144,0.366472989320755,1
"SimpleRNN",0.1,41,"test",145,0.360493421554565,1
"SimpleRNN",0.1,41,"test",146,0.43050479888916,1
"SimpleRNN",0.1,41,"test",147,0.440297335386276,1
"SimpleRNN",0.1,41,"test",148,0.616398811340332,1
"SimpleRNN",0.1,41,"test",149,0.477591514587402,1
"SimpleRNN",0.1,41,"test",150,0.458770215511322,1
"SimpleRNN",0.1,41,"test",151,0.45603358745575,1
"SimpleRNN",0.1,41,"test",152,0.484527587890625,0
"SimpleRNN",0.1,41,"test",153,0.531345009803772,0
"SimpleRNN",0.1,41,"test",154,0.429265081882477,1
"SimpleRNN",0.1,41,"test",155,0.431101411581039,1
"SimpleRNN",0.1,41,"test",156,0.472783654928207,1
"SimpleRNN",0.1,41,"test",157,0.461233139038086,0
"SimpleRNN",0.1,41,"test",158,0.654417276382446,0
"SimpleRNN",0.1,41,"test",159,0.566778659820557,0
"SimpleRNN",0.1,41,"test",160,0.564677774906158,0
"SimpleRNN",0.1,41,"test",161,0.569282710552216,0
"SimpleRNN",0.1,41,"test",162,0.440828889608383,0
"SimpleRNN",0.1,41,"test",163,0.441056102514267,0
"SimpleRNN",0.1,41,"test",164,0.516935884952545,0
"SimpleRNN",0.1,41,"test",165,0.530679941177368,1
"SimpleRNN",0.1,41,"test",166,0.448106527328491,1
"SimpleRNN",0.1,41,"test",167,0.481609046459198,0
"SimpleRNN",0.1,41,"test",168,0.543314218521118,1
"SimpleRNN",0.1,41,"test",169,0.549237668514252,1
"SimpleRNN",0.1,41,"test",170,0.360493421554565,1
"SimpleRNN",0.1,41,"test",171,0.359979152679443,0
"SimpleRNN",0.1,41,"test",172,0.440297335386276,0
"SimpleRNN",0.1,41,"test",173,0.423251569271088,1
"SimpleRNN",0.1,41,"test",174,0.477591514587402,1
"SimpleRNN",0.1,41,"test",175,0.553710043430328,1
"SimpleRNN",0.1,41,"test",176,0.45603358745575,1
"SimpleRNN",0.1,41,"test",177,0.439741462469101,0
"SimpleRNN",0.1,41,"test",178,0.531345009803772,0
"SimpleRNN",0.1,41,"test",179,0.472381383180618,0
"SimpleRNN",0.1,41,"test",180,0.431101411581039,0
"SimpleRNN",0.1,41,"test",181,0.440746814012527,0
"SimpleRNN",0.1,41,"test",182,0.461233139038086,0
"SimpleRNN",0.1,41,"test",183,0.44196605682373,0
"SimpleRNN",0.1,41,"test",184,0.566778659820557,0
"SimpleRNN",0.1,41,"test",185,0.538020730018616,0
"SimpleRNN",0.1,41,"test",186,0.569282710552216,1
"SimpleRNN",0.1,41,"test",187,0.584794580936432,0
"SimpleRNN",0.1,41,"test",188,0.441056102514267,0
"SimpleRNN",0.1,41,"test",189,0.436454325914383,0
"SimpleRNN",0.1,41,"test",190,0.530679941177368,0
"SimpleRNN",0.1,41,"test",191,0.438019216060638,0
"SimpleRNN",0.1,41,"test",192,0.481609046459198,0
"SimpleRNN",0.1,41,"test",193,0.444385081529617,0
"SimpleRNN",0.1,41,"test",194,0.549237668514252,0
"SimpleRNN",0.1,41,"test",195,0.504265069961548,0
"SimpleRNN",0.1,41,"test",196,0.359979152679443,0
"SimpleRNN",0.1,41,"test",197,0.376014620065689,1
"SimpleRNN",0.1,41,"test",198,0.423251569271088,1
"SimpleRNN",0.1,41,"test",199,0.428874284029007,1
"SimpleRNN",0.1,41,"test",200,0.553710043430328,0
"SimpleRNN",0.1,41,"test",201,0.558242321014404,0
"SimpleRNN",0.1,41,"test",202,0.439741462469101,1
"SimpleRNN",0.1,41,"test",203,0.597645699977875,0
"SimpleRNN",0.1,41,"test",204,0.472381383180618,0
"SimpleRNN",0.1,41,"test",205,0.503700971603394,0
"SimpleRNN",0.1,41,"test",206,0.440746814012527,1
"SimpleRNN",0.1,41,"test",207,0.400433480739594,0
"SimpleRNN",0.1,41,"test",208,0.44196605682373,0
"SimpleRNN",0.1,41,"test",209,0.512487590312958,0
"SimpleRNN",0.1,41,"test",210,0.538020730018616,0
"SimpleRNN",0.1,41,"test",211,0.53934234380722,0
"SimpleRNN",0.1,41,"test",212,0.584794580936432,1
"SimpleRNN",0.1,41,"test",213,0.540249109268188,0
"SimpleRNN",0.1,41,"test",214,0.436454325914383,1
"SimpleRNN",0.1,41,"test",215,0.447658985853195,1
"SimpleRNN",0.1,41,"test",216,0.438019275665283,1
"SimpleRNN",0.1,41,"test",217,0.404798626899719,0
"SimpleRNN",0.1,41,"test",218,0.444385081529617,0
"SimpleRNN",0.1,41,"test",219,0.446142733097076,1
"SimpleRNN",0.1,41,"test",220,0.504265069961548,1
"SimpleRNN",0.1,41,"test",221,0.547559082508087,0
"SimpleRNN",0.1,41,"test",222,0.376014620065689,1
"SimpleRNN",0.1,41,"test",223,0.364107191562653,1
"SimpleRNN",0.1,41,"test",224,0.428874313831329,1
"SimpleRNN",0.1,41,"test",225,0.440876513719559,0
"SimpleRNN",0.1,41,"test",226,0.558242321014404,0
"SimpleRNN",0.1,41,"test",227,0.576737940311432,0
"SimpleRNN",0.1,41,"test",228,0.597645699977875,1
"SimpleRNN",0.1,41,"test",229,0.449138134717941,1
"SimpleRNN",0.1,41,"test",230,0.503700971603394,0
"SimpleRNN",0.1,41,"test",231,0.46209242939949,1
"SimpleRNN",0.1,41,"test",232,0.400433480739594,1
"SimpleRNN",0.1,41,"test",233,0.47801885008812,1
"SimpleRNN",0.1,41,"test",234,0.512487590312958,1
"SimpleRNN",0.1,41,"test",235,0.500006198883057,1
"SimpleRNN",0.1,41,"test",236,0.53934234380722,1
"SimpleRNN",0.1,41,"test",237,0.564189612865448,0
"SimpleRNN",0.1,41,"test",238,0.540249109268188,0
"SimpleRNN",0.1,41,"test",239,0.566067039966583,0
"SimpleRNN",0.1,41,"test",240,0.447658985853195,0
"SimpleRNN",0.1,41,"test",241,0.447710543870926,0
"SimpleRNN",0.1,41,"test",242,0.404798626899719,0
"SimpleRNN",0.1,41,"test",243,0.447675853967667,0
"SimpleRNN",0.1,41,"test",244,0.446142733097076,1
"SimpleRNN",0.1,41,"test",245,0.470996558666229,1
"SimpleRNN",0.1,41,"test",246,0.547559082508087,1
"SimpleRNN",0.1,41,"test",247,0.514548778533936,1
"SimpleRNN",0.1,41,"test",248,0.364107131958008,1
"SimpleRNN",0.1,41,"test",249,0.393669307231903,1
"SimpleRNN",0.1,41,"test",250,0.440876513719559,1
"SimpleRNN",0.1,41,"test",251,0.470449894666672,1
"SimpleRNN",0.1,41,"test",252,0.576737940311432,0
"SimpleRNN",0.1,41,"test",253,0.490968525409698,0
"SimpleRNN",0.1,41,"test",254,0.449138134717941,0
"SimpleRNN",0.1,41,"test",255,0.420890718698502,1
"SimpleRNN",0.1,41,"test",256,0.46209242939949,1
"SimpleRNN",0.1,41,"test",257,0.51574581861496,1
"SimpleRNN",0.1,41,"test",258,0.47801885008812,1
"SimpleRNN",0.1,41,"test",259,0.447953283786774,1
"SimpleRNN",0.1,41,"test",260,0.500006198883057,1
"SimpleRNN",0.1,41,"test",261,0.545324563980103,1
"SimpleRNN",0.1,41,"test",262,0.564189612865448,0
"SimpleRNN",0.1,41,"test",263,0.522979557514191,0
"SimpleRNN",0.1,41,"test",264,0.566067039966583,1
"SimpleRNN",0.1,41,"test",265,0.543716132640839,1
"SimpleRNN",0.1,41,"test",266,0.447710543870926,1
"SimpleRNN",0.1,41,"test",267,0.414282917976379,1
"SimpleRNN",0.1,41,"test",268,0.447675853967667,1
"SimpleRNN",0.1,41,"test",269,0.475969463586807,1
"SimpleRNN",0.1,41,"test",270,0.470996558666229,1
"SimpleRNN",0.1,41,"test",271,0.457108348608017,1
"SimpleRNN",0.1,41,"test",272,0.514548778533936,1
"SimpleRNN",0.1,41,"test",273,0.498070001602173,1
"SimpleRNN",0.1,41,"test",274,0.393669307231903,1
"SimpleRNN",0.1,41,"test",275,0.366513699293137,1
"SimpleRNN",0.1,41,"test",276,0.470449894666672,1
"SimpleRNN",0.1,41,"test",277,0.465242385864258,1
"SimpleRNN",0.1,41,"test",278,0.490968525409698,0
"SimpleRNN",0.1,41,"test",279,0.344504356384277,0
"SimpleRNN",0.1,41,"test",280,0.420890688896179,0
"SimpleRNN",0.1,41,"test",281,0.501213550567627,0
"SimpleRNN",0.1,41,"test",282,0.51574581861496,0
"SimpleRNN",0.1,41,"test",283,0.498975694179535,0
"SimpleRNN",0.1,41,"test",284,0.447953283786774,0
"SimpleRNN",0.1,41,"test",285,0.47155487537384,0
"SimpleRNN",0.1,41,"test",286,0.545324563980103,0
"SimpleRNN",0.1,41,"test",287,0.448855727910995,0
"SimpleRNN",0.1,41,"test",288,0.522979497909546,0
"SimpleRNN",0.1,41,"test",289,0.545704483985901,0
"SimpleRNN",0.1,41,"test",290,0.543716132640839,0
"SimpleRNN",0.1,41,"test",291,0.542684614658356,0
"SimpleRNN",0.1,41,"test",292,0.414282917976379,1
"SimpleRNN",0.1,41,"test",293,0.461154252290726,1
"SimpleRNN",0.1,41,"test",294,0.475969463586807,1
"SimpleRNN",0.1,41,"test",295,0.509224772453308,0
"SimpleRNN",0.1,41,"test",296,0.457108348608017,0
"SimpleRNN",0.1,41,"test",297,0.469531774520874,1
"SimpleRNN",0.1,41,"test",298,0.498070001602173,0
"SimpleRNN",0.1,41,"test",299,0.518522262573242,0
"SimpleRNN",0.1,41,"test",300,0.366513699293137,1
"SimpleRNN",0.1,41,"test",301,0.353962928056717,1
"SimpleRNN",0.1,41,"test",302,0.465242385864258,1
"SimpleRNN",0.1,41,"test",303,0.503613114356995,0
"SimpleRNN",0.1,41,"test",304,0.344504356384277,1
"SimpleRNN",0.1,41,"test",305,0.428637862205505,0
"SimpleRNN",0.1,64,"test",1,0.41152086853981,0
"SimpleRNN",0.1,64,"test",2,0.483382880687714,0
"SimpleRNN",0.1,64,"test",3,0.492262184619904,1
"SimpleRNN",0.1,64,"test",4,0.616867959499359,1
"SimpleRNN",0.1,64,"test",5,0.573627412319183,1
"SimpleRNN",0.1,64,"test",6,0.445861428976059,1
"SimpleRNN",0.1,64,"test",7,0.421650648117065,1
"SimpleRNN",0.1,64,"test",8,0.539669156074524,1
"SimpleRNN",0.1,64,"test",9,0.506492376327515,1
"SimpleRNN",0.1,64,"test",10,0.418477743864059,1
"SimpleRNN",0.1,64,"test",11,0.385973423719406,1
"SimpleRNN",0.1,64,"test",12,0.471500873565674,1
"SimpleRNN",0.1,64,"test",13,0.466626763343811,1
"SimpleRNN",0.1,64,"test",14,0.43291899561882,1
"SimpleRNN",0.1,64,"test",15,0.464510172605515,1
"SimpleRNN",0.1,64,"test",16,0.536576330661774,1
"SimpleRNN",0.1,64,"test",17,0.532006323337555,0
"SimpleRNN",0.1,64,"test",18,0.567113935947418,0
"SimpleRNN",0.1,64,"test",19,0.587854385375977,0
"SimpleRNN",0.1,64,"test",20,0.523639619350433,1
"SimpleRNN",0.1,64,"test",21,0.582971155643463,1
"SimpleRNN",0.1,64,"test",22,0.486914157867432,1
"SimpleRNN",0.1,64,"test",23,0.468545019626617,0
"SimpleRNN",0.1,64,"test",24,0.483222037553787,0
"SimpleRNN",0.1,64,"test",25,0.485557824373245,0
"SimpleRNN",0.1,64,"test",26,0.41152086853981,1
"SimpleRNN",0.1,64,"test",27,0.441104650497437,1
"SimpleRNN",0.1,64,"test",28,0.492262184619904,1
"SimpleRNN",0.1,64,"test",29,0.507914245128632,0
"SimpleRNN",0.1,64,"test",30,0.573627412319183,0
"SimpleRNN",0.1,64,"test",31,0.59637850522995,0
"SimpleRNN",0.1,64,"test",32,0.421650528907776,0
"SimpleRNN",0.1,64,"test",33,0.39104950428009,0
"SimpleRNN",0.1,64,"test",34,0.506492376327515,1
"SimpleRNN",0.1,64,"test",35,0.521173655986786,1
"SimpleRNN",0.1,64,"test",36,0.385973423719406,1
"SimpleRNN",0.1,64,"test",37,0.382175385951996,1
"SimpleRNN",0.1,64,"test",38,0.466626763343811,1
"SimpleRNN",0.1,64,"test",39,0.46438404917717,1
"SimpleRNN",0.1,64,"test",40,0.464510172605515,1
"SimpleRNN",0.1,64,"test",41,0.42896443605423,1
"SimpleRNN",0.1,64,"test",42,0.532006323337555,0
"SimpleRNN",0.1,64,"test",43,0.492320984601974,0
"SimpleRNN",0.1,64,"test",44,0.587854385375977,1
"SimpleRNN",0.1,64,"test",45,0.570728242397308,1
"SimpleRNN",0.1,64,"test",46,0.582971155643463,1
"SimpleRNN",0.1,64,"test",47,0.498785436153412,0
"SimpleRNN",0.1,64,"test",48,0.468545019626617,0
"SimpleRNN",0.1,64,"test",49,0.52007657289505,0
"SimpleRNN",0.1,64,"test",50,0.485557824373245,0
"SimpleRNN",0.1,64,"test",51,0.45050123333931,1
"SimpleRNN",0.1,64,"test",52,0.441104650497437,1
"SimpleRNN",0.1,64,"test",53,0.494732558727264,1
"SimpleRNN",0.1,64,"test",54,0.507914245128632,1
"SimpleRNN",0.1,64,"test",55,0.505624055862427,0
"SimpleRNN",0.1,64,"test",56,0.59637862443924,0
"SimpleRNN",0.1,64,"test",57,0.638498365879059,0
"SimpleRNN",0.1,64,"test",58,0.39104950428009,0
"SimpleRNN",0.1,64,"test",59,0.393411427736282,1
"SimpleRNN",0.1,64,"test",60,0.521173655986786,1
"SimpleRNN",0.1,64,"test",61,0.533286452293396,1
"SimpleRNN",0.1,64,"test",62,0.382175385951996,0
"SimpleRNN",0.1,64,"test",63,0.404342859983444,1
"SimpleRNN",0.1,64,"test",64,0.46438404917717,1
"SimpleRNN",0.1,64,"test",65,0.467593669891357,1
"SimpleRNN",0.1,64,"test",66,0.42896443605423,1
"SimpleRNN",0.1,64,"test",67,0.440418690443039,1
"SimpleRNN",0.1,64,"test",68,0.492320984601974,0
"SimpleRNN",0.1,64,"test",69,0.496119260787964,0
"SimpleRNN",0.1,64,"test",70,0.570728242397308,0
"SimpleRNN",0.1,64,"test",71,0.458450615406036,1
"SimpleRNN",0.1,64,"test",72,0.498785436153412,1
"SimpleRNN",0.1,64,"test",73,0.451974093914032,0
"SimpleRNN",0.1,64,"test",74,0.52007657289505,0
"SimpleRNN",0.1,64,"test",75,0.505248427391052,0
"SimpleRNN",0.1,64,"test",76,0.45050123333931,0
"SimpleRNN",0.1,64,"test",77,0.439414888620377,0
"SimpleRNN",0.1,64,"test",78,0.494732558727264,1
"SimpleRNN",0.1,64,"test",79,0.591310381889343,0
"SimpleRNN",0.1,64,"test",80,0.505624055862427,0
"SimpleRNN",0.1,64,"test",81,0.529044151306152,1
"SimpleRNN",0.1,64,"test",82,0.638498365879059,1
"SimpleRNN",0.1,64,"test",83,0.606637716293335,1
"SimpleRNN",0.1,64,"test",84,0.393411427736282,1
"SimpleRNN",0.1,64,"test",85,0.390909641981125,0
"SimpleRNN",0.1,64,"test",86,0.533286452293396,0
"SimpleRNN",0.1,64,"test",87,0.500880837440491,0
"SimpleRNN",0.1,64,"test",88,0.404342800378799,0
"SimpleRNN",0.1,64,"test",89,0.473878562450409,0
"SimpleRNN",0.1,64,"test",90,0.467593669891357,0
"SimpleRNN",0.1,64,"test",91,0.468299388885498,1
"SimpleRNN",0.1,64,"test",92,0.440418690443039,0
"SimpleRNN",0.1,64,"test",93,0.435679405927658,0
"SimpleRNN",0.1,64,"test",94,0.496119260787964,0
"SimpleRNN",0.1,64,"test",95,0.509837746620178,0
"SimpleRNN",0.1,64,"test",96,0.458450645208359,0
"SimpleRNN",0.1,64,"test",97,0.471492171287537,1
"SimpleRNN",0.1,64,"test",98,0.451974093914032,1
"SimpleRNN",0.1,64,"test",99,0.490791112184525,1
"SimpleRNN",0.1,64,"test",100,0.505248427391052,1
"SimpleRNN",0.1,64,"test",101,0.506647109985352,1
"SimpleRNN",0.1,64,"test",102,0.439414888620377,0
"SimpleRNN",0.1,64,"test",103,0.405954957008362,0
"SimpleRNN",0.1,64,"test",104,0.591310381889343,0
"SimpleRNN",0.1,64,"test",105,0.638636350631714,0
"SimpleRNN",0.1,64,"test",106,0.529044151306152,0
"SimpleRNN",0.1,64,"test",107,0.484209716320038,0
"SimpleRNN",0.1,64,"test",108,0.606637716293335,0
"SimpleRNN",0.1,64,"test",109,0.614842772483826,0
"SimpleRNN",0.1,64,"test",110,0.390909641981125,1
"SimpleRNN",0.1,64,"test",111,0.416267335414886,1
"SimpleRNN",0.1,64,"test",112,0.500880837440491,1
"SimpleRNN",0.1,64,"test",113,0.513910114765167,0
"SimpleRNN",0.1,64,"test",114,0.473878562450409,1
"SimpleRNN",0.1,64,"test",115,0.452113956212997,1
"SimpleRNN",0.1,64,"test",116,0.468299388885498,1
"SimpleRNN",0.1,64,"test",117,0.469817131757736,1
"SimpleRNN",0.1,64,"test",118,0.435679405927658,1
"SimpleRNN",0.1,64,"test",119,0.396121799945831,0
"SimpleRNN",0.1,64,"test",120,0.509837746620178,0
"SimpleRNN",0.1,64,"test",121,0.541609883308411,0
"SimpleRNN",0.1,64,"test",122,0.471492171287537,1
"SimpleRNN",0.1,64,"test",123,0.462095767259598,1
"SimpleRNN",0.1,64,"test",124,0.490791112184525,1
"SimpleRNN",0.1,64,"test",125,0.462443321943283,0
"SimpleRNN",0.1,64,"test",126,0.506647109985352,0
"SimpleRNN",0.1,64,"test",127,0.534178078174591,0
"SimpleRNN",0.1,64,"test",128,0.405955046415329,1
"SimpleRNN",0.1,64,"test",129,0.425765872001648,1
"SimpleRNN",0.1,64,"test",130,0.638636350631714,1
"SimpleRNN",0.1,64,"test",131,0.615926742553711,1
"SimpleRNN",0.1,64,"test",132,0.484209716320038,0
"SimpleRNN",0.1,64,"test",133,0.609740257263184,0
"SimpleRNN",0.1,64,"test",134,0.614842772483826,0
"SimpleRNN",0.1,64,"test",135,0.617499053478241,0
"SimpleRNN",0.1,64,"test",136,0.416267335414886,0
"SimpleRNN",0.1,64,"test",137,0.398200571537018,1
"SimpleRNN",0.1,64,"test",138,0.513910114765167,1
"SimpleRNN",0.1,64,"test",139,0.527064383029938,1
"SimpleRNN",0.1,64,"test",140,0.452113956212997,1
"SimpleRNN",0.1,64,"test",141,0.469233959913254,1
"SimpleRNN",0.1,64,"test",142,0.469817131757736,1
"SimpleRNN",0.1,64,"test",143,0.460058808326721,1
"SimpleRNN",0.1,64,"test",144,0.396121799945831,1
"SimpleRNN",0.1,64,"test",145,0.370315492153168,1
"SimpleRNN",0.1,64,"test",146,0.541609883308411,1
"SimpleRNN",0.1,64,"test",147,0.54181295633316,1
"SimpleRNN",0.1,64,"test",148,0.462095767259598,1
"SimpleRNN",0.1,64,"test",149,0.607280433177948,1
"SimpleRNN",0.1,64,"test",150,0.462443321943283,1
"SimpleRNN",0.1,64,"test",151,0.455761909484863,1
"SimpleRNN",0.1,64,"test",152,0.534177958965302,0
"SimpleRNN",0.1,64,"test",153,0.558852136135101,0
"SimpleRNN",0.1,64,"test",154,0.425765872001648,1
"SimpleRNN",0.1,64,"test",155,0.446310639381409,1
"SimpleRNN",0.1,64,"test",156,0.615926742553711,1
"SimpleRNN",0.1,64,"test",157,0.610289752483368,0
"SimpleRNN",0.1,64,"test",158,0.609740257263184,0
"SimpleRNN",0.1,64,"test",159,0.544471800327301,0
"SimpleRNN",0.1,64,"test",160,0.617499053478241,0
"SimpleRNN",0.1,64,"test",161,0.617956578731537,0
"SimpleRNN",0.1,64,"test",162,0.398200571537018,0
"SimpleRNN",0.1,64,"test",163,0.416119992733002,0
"SimpleRNN",0.1,64,"test",164,0.527064383029938,0
"SimpleRNN",0.1,64,"test",165,0.517651557922363,1
"SimpleRNN",0.1,64,"test",166,0.469233959913254,1
"SimpleRNN",0.1,64,"test",167,0.42466002702713,0
"SimpleRNN",0.1,64,"test",168,0.460058808326721,1
"SimpleRNN",0.1,64,"test",169,0.460914194583893,1
"SimpleRNN",0.1,64,"test",170,0.370315492153168,1
"SimpleRNN",0.1,64,"test",171,0.373881369829178,0
"SimpleRNN",0.1,64,"test",172,0.54181295633316,0
"SimpleRNN",0.1,64,"test",173,0.543280601501465,1
"SimpleRNN",0.1,64,"test",174,0.607280433177948,1
"SimpleRNN",0.1,64,"test",175,0.5371373295784,1
"SimpleRNN",0.1,64,"test",176,0.455761909484863,1
"SimpleRNN",0.1,64,"test",177,0.438050091266632,0
"SimpleRNN",0.1,64,"test",178,0.558852136135101,0
"SimpleRNN",0.1,64,"test",179,0.548152983188629,0
"SimpleRNN",0.1,64,"test",180,0.446310639381409,0
"SimpleRNN",0.1,64,"test",181,0.386039048433304,0
"SimpleRNN",0.1,64,"test",182,0.610289752483368,0
"SimpleRNN",0.1,64,"test",183,0.61924946308136,0
"SimpleRNN",0.1,64,"test",184,0.544471800327301,0
"SimpleRNN",0.1,64,"test",185,0.51842737197876,0
"SimpleRNN",0.1,64,"test",186,0.617956578731537,1
"SimpleRNN",0.1,64,"test",187,0.62144410610199,0
"SimpleRNN",0.1,64,"test",188,0.416119992733002,0
"SimpleRNN",0.1,64,"test",189,0.410066276788712,0
"SimpleRNN",0.1,64,"test",190,0.517651557922363,0
"SimpleRNN",0.1,64,"test",191,0.547658383846283,0
"SimpleRNN",0.1,64,"test",192,0.424659997224808,0
"SimpleRNN",0.1,64,"test",193,0.509426593780518,0
"SimpleRNN",0.1,64,"test",194,0.460914194583893,0
"SimpleRNN",0.1,64,"test",195,0.472024857997894,0
"SimpleRNN",0.1,64,"test",196,0.373881369829178,0
"SimpleRNN",0.1,64,"test",197,0.430602550506592,1
"SimpleRNN",0.1,64,"test",198,0.543280601501465,1
"SimpleRNN",0.1,64,"test",199,0.541982412338257,1
"SimpleRNN",0.1,64,"test",200,0.5371373295784,0
"SimpleRNN",0.1,64,"test",201,0.524949610233307,0
"SimpleRNN",0.1,64,"test",202,0.438050091266632,1
"SimpleRNN",0.1,64,"test",203,0.585554420948029,0
"SimpleRNN",0.1,64,"test",204,0.548152983188629,0
"SimpleRNN",0.1,64,"test",205,0.506131052970886,0
"SimpleRNN",0.1,64,"test",206,0.386039048433304,1
"SimpleRNN",0.1,64,"test",207,0.358803004026413,0
"SimpleRNN",0.1,64,"test",208,0.61924946308136,0
"SimpleRNN",0.1,64,"test",209,0.518507778644562,0
"SimpleRNN",0.1,64,"test",210,0.51842737197876,0
"SimpleRNN",0.1,64,"test",211,0.519647657871246,0
"SimpleRNN",0.1,64,"test",212,0.62144410610199,1
"SimpleRNN",0.1,64,"test",213,0.62200391292572,0
"SimpleRNN",0.1,64,"test",214,0.410066276788712,1
"SimpleRNN",0.1,64,"test",215,0.393518924713135,1
"SimpleRNN",0.1,64,"test",216,0.547658383846283,1
"SimpleRNN",0.1,64,"test",217,0.505258321762085,0
"SimpleRNN",0.1,64,"test",218,0.509426593780518,0
"SimpleRNN",0.1,64,"test",219,0.514679551124573,1
"SimpleRNN",0.1,64,"test",220,0.472024857997894,1
"SimpleRNN",0.1,64,"test",221,0.460539907217026,0
"SimpleRNN",0.1,64,"test",222,0.430602550506592,1
"SimpleRNN",0.1,64,"test",223,0.382372081279755,1
"SimpleRNN",0.1,64,"test",224,0.541982471942902,1
"SimpleRNN",0.1,64,"test",225,0.531739115715027,0
"SimpleRNN",0.1,64,"test",226,0.524949610233307,0
"SimpleRNN",0.1,64,"test",227,0.539891064167023,0
"SimpleRNN",0.1,64,"test",228,0.585554420948029,1
"SimpleRNN",0.1,64,"test",229,0.446887254714966,1
"SimpleRNN",0.1,64,"test",230,0.506131052970886,0
"SimpleRNN",0.1,64,"test",231,0.50792384147644,1
"SimpleRNN",0.1,64,"test",232,0.358803004026413,1
"SimpleRNN",0.1,64,"test",233,0.532378017902374,1
"SimpleRNN",0.1,64,"test",234,0.518507778644562,1
"SimpleRNN",0.1,64,"test",235,0.535531222820282,1
"SimpleRNN",0.1,64,"test",236,0.519647657871246,1
"SimpleRNN",0.1,64,"test",237,0.53967422246933,0
"SimpleRNN",0.1,64,"test",238,0.62200391292572,0
"SimpleRNN",0.1,64,"test",239,0.618362843990326,0
"SimpleRNN",0.1,64,"test",240,0.393518924713135,0
"SimpleRNN",0.1,64,"test",241,0.387093335390091,0
"SimpleRNN",0.1,64,"test",242,0.505258321762085,0
"SimpleRNN",0.1,64,"test",243,0.488426774740219,0
"SimpleRNN",0.1,64,"test",244,0.514679551124573,1
"SimpleRNN",0.1,64,"test",245,0.499142527580261,1
"SimpleRNN",0.1,64,"test",246,0.460539907217026,1
"SimpleRNN",0.1,64,"test",247,0.471162706613541,1
"SimpleRNN",0.1,64,"test",248,0.382372081279755,1
"SimpleRNN",0.1,64,"test",249,0.428829908370972,1
"SimpleRNN",0.1,64,"test",250,0.531739115715027,1
"SimpleRNN",0.1,64,"test",251,0.530953824520111,1
"SimpleRNN",0.1,64,"test",252,0.539891064167023,0
"SimpleRNN",0.1,64,"test",253,0.601952791213989,0
"SimpleRNN",0.1,64,"test",254,0.446887254714966,0
"SimpleRNN",0.1,64,"test",255,0.424795776605606,1
"SimpleRNN",0.1,64,"test",256,0.50792384147644,1
"SimpleRNN",0.1,64,"test",257,0.522915065288544,1
"SimpleRNN",0.1,64,"test",258,0.532378017902374,1
"SimpleRNN",0.1,64,"test",259,0.434434294700623,1
"SimpleRNN",0.1,64,"test",260,0.535531222820282,1
"SimpleRNN",0.1,64,"test",261,0.467016845941544,1
"SimpleRNN",0.1,64,"test",262,0.53967422246933,0
"SimpleRNN",0.1,64,"test",263,0.499773919582367,0
"SimpleRNN",0.1,64,"test",264,0.618362843990326,1
"SimpleRNN",0.1,64,"test",265,0.609427928924561,1
"SimpleRNN",0.1,64,"test",266,0.387093335390091,1
"SimpleRNN",0.1,64,"test",267,0.369854241609573,1
"SimpleRNN",0.1,64,"test",268,0.488426774740219,1
"SimpleRNN",0.1,64,"test",269,0.503417372703552,1
"SimpleRNN",0.1,64,"test",270,0.499142527580261,1
"SimpleRNN",0.1,64,"test",271,0.4643614590168,1
"SimpleRNN",0.1,64,"test",272,0.471162706613541,1
"SimpleRNN",0.1,64,"test",273,0.472461462020874,1
"SimpleRNN",0.1,64,"test",274,0.428829908370972,1
"SimpleRNN",0.1,64,"test",275,0.390416532754898,1
"SimpleRNN",0.1,64,"test",276,0.530953824520111,1
"SimpleRNN",0.1,64,"test",277,0.538566410541534,1
"SimpleRNN",0.1,64,"test",278,0.601952791213989,0
"SimpleRNN",0.1,64,"test",279,0.66405463218689,0
"SimpleRNN",0.1,64,"test",280,0.424795776605606,0
"SimpleRNN",0.1,64,"test",281,0.499197423458099,0
"SimpleRNN",0.1,64,"test",282,0.522915065288544,0
"SimpleRNN",0.1,64,"test",283,0.497468173503876,0
"SimpleRNN",0.1,64,"test",284,0.434434294700623,0
"SimpleRNN",0.1,64,"test",285,0.525918364524841,0
"SimpleRNN",0.1,64,"test",286,0.467016845941544,0
"SimpleRNN",0.1,64,"test",287,0.631446778774261,0
"SimpleRNN",0.1,64,"test",288,0.499773859977722,0
"SimpleRNN",0.1,64,"test",289,0.52558559179306,0
"SimpleRNN",0.1,64,"test",290,0.609427928924561,0
"SimpleRNN",0.1,64,"test",291,0.589017868041992,0
"SimpleRNN",0.1,64,"test",292,0.369854241609573,1
"SimpleRNN",0.1,64,"test",293,0.451769948005676,1
"SimpleRNN",0.1,64,"test",294,0.503417372703552,1
"SimpleRNN",0.1,64,"test",295,0.503801822662354,0
"SimpleRNN",0.1,64,"test",296,0.4643614590168,0
"SimpleRNN",0.1,64,"test",297,0.441247254610062,1
"SimpleRNN",0.1,64,"test",298,0.472461462020874,0
"SimpleRNN",0.1,64,"test",299,0.468962222337723,0
"SimpleRNN",0.1,64,"test",300,0.390416532754898,1
"SimpleRNN",0.1,64,"test",301,0.288902819156647,1
"SimpleRNN",0.1,64,"test",302,0.538566410541534,1
"SimpleRNN",0.1,64,"test",303,0.530001997947693,0
"SimpleRNN",0.1,64,"test",304,0.66405463218689,1
"SimpleRNN",0.1,64,"test",305,0.637181758880615,0
