"ticker","lambda","seed","threshold","Acc_val","BalAcc_val","F1_val","Sens_val","Spec_val","Acc_test","BalAcc_test","F1_test","Sens_test","Spec_test","Acc_flip_test","is_MC_test"
"THYAO.IS",0,23,0.3,0.509868421052632,0.5,0.675381263616558,1,0,0.518032786885246,0.5,0.682505399568035,1,0,0.481967213114754,TRUE
"THYAO.IS",0,23,0.35,0.509868421052632,0.5,0.675381263616558,1,0,0.518032786885246,0.5,0.682505399568035,1,0,0.481967213114754,TRUE
"THYAO.IS",0,23,0.4,0.506578947368421,0.496774193548387,0.672489082969432,0.993548387096774,0,0.508196721311475,0.490506329113924,0.673913043478261,0.981012658227848,0,0.491803278688525,TRUE
"THYAO.IS",0,23,0.45,0.516447368421053,0.508659883091578,0.655737704918033,0.903225806451613,0.114093959731544,0.472131147540984,0.4571170240248,0.631578947368421,0.873417721518987,0.0408163265306122,0.527868852459016,FALSE
"THYAO.IS",0,23,0.5,0.536184210526316,0.535678718337302,0.552380952380952,0.561290322580645,0.51006711409396,0.4,0.400520967880823,0.4,0.386075949367089,0.414965986394558,0.6,FALSE
"THYAO.IS",0,23,0.55,0.496710526315789,0.505932019917731,0.0727272727272727,0.0387096774193548,0.973154362416107,0.481967213114754,0.5,NA,0,1,0.518032786885246,TRUE
"THYAO.IS",0,23,0.6,0.490131578947368,0.5,NA,0,1,0.481967213114754,0.5,NA,0,1,0.518032786885246,TRUE
"THYAO.IS",0,23,0.65,0.490131578947368,0.5,NA,0,1,0.481967213114754,0.5,NA,0,1,0.518032786885246,TRUE
"THYAO.IS",0,23,0.7,0.490131578947368,0.5,NA,0,1,0.481967213114754,0.5,NA,0,1,0.518032786885246,TRUE
"THYAO.IS",0,27,0.3,0.509868421052632,0.5,0.675381263616558,1,0,0.518032786885246,0.5,0.682505399568035,1,0,0.481967213114754,TRUE
"THYAO.IS",0,27,0.35,0.503289473684211,0.493548387096774,0.669584245076587,0.987096774193548,0,0.518032786885246,0.500473607164385,0.679738562091503,0.987341772151899,0.0136054421768707,0.481967213114754,FALSE
"THYAO.IS",0,27,0.4,0.509868421052632,0.500519592985495,0.669623059866962,0.974193548387097,0.0268456375838926,0.514754098360656,0.497545853784552,0.675438596491228,0.974683544303797,0.0204081632653061,0.485245901639344,FALSE
"THYAO.IS",0,27,0.45,0.523026315789474,0.515760987226672,0.653937947494033,0.883870967741936,0.147651006711409,0.459016393442623,0.446116421252045,0.606205250596659,0.80379746835443,0.0884353741496599,0.540983606557377,FALSE
"THYAO.IS",0,27,0.5,0.542763157894737,0.542390127733276,0.555910543130991,0.561290322580645,0.523489932885906,0.409836065573771,0.411198656677861,0.395973154362416,0.373417721518987,0.448979591836735,0.590163934426229,FALSE
"THYAO.IS",0,27,0.55,0.496710526315789,0.50554232517861,0.105263157894737,0.0580645161290323,0.953020134228188,0.468852459016393,0.485210539912167,0.0581395348837209,0.0316455696202532,0.938775510204082,0.531147540983607,FALSE
"THYAO.IS",0,27,0.6,0.490131578947368,0.5,NA,0,1,0.481967213114754,0.5,NA,0,1,0.518032786885246,TRUE
"THYAO.IS",0,27,0.65,0.490131578947368,0.5,NA,0,1,0.481967213114754,0.5,NA,0,1,0.518032786885246,TRUE
"THYAO.IS",0,27,0.7,0.490131578947368,0.5,NA,0,1,0.481967213114754,0.5,NA,0,1,0.518032786885246,TRUE
"THYAO.IS",0,98,0.3,0.509868421052632,0.500519592985495,0.669623059866962,0.974193548387097,0.0268456375838926,0.518032786885246,0.500710410746577,0.678336980306346,0.981012658227848,0.0204081632653061,0.481967213114754,FALSE
"THYAO.IS",0,98,0.35,0.509868421052632,0.500519592985495,0.669623059866962,0.974193548387097,0.0268456375838926,0.508196721311475,0.491690347024886,0.666666666666667,0.949367088607595,0.0340136054421769,0.491803278688525,FALSE
"THYAO.IS",0,98,0.4,0.493421052631579,0.484780255466551,0.65,0.92258064516129,0.0469798657718121,0.488524590163934,0.473650219581503,0.642201834862385,0.886075949367089,0.0612244897959184,0.511475409836066,FALSE
"THYAO.IS",0,98,0.45,0.529605263157895,0.522732193115393,0.653753026634383,0.870967741935484,0.174496644295302,0.459016393442623,0.447300439163007,0.596577017114914,0.772151898734177,0.122448979591837,0.540983606557377,FALSE
"THYAO.IS",0,98,0.5,0.546052631578947,0.544576748213899,0.581818181818182,0.619354838709677,0.469798657718121,0.363934426229508,0.36121157323689,0.41566265060241,0.436708860759494,0.285714285714286,0.636065573770492,FALSE
"THYAO.IS",0,98,0.55,0.516447368421053,0.524117774410045,0.222222222222222,0.135483870967742,0.912751677852349,0.449180327868852,0.463381555153707,0.115789473684211,0.069620253164557,0.857142857142857,0.550819672131148,FALSE
"THYAO.IS",0,98,0.6,0.496710526315789,0.506191816410479,0.0496894409937888,0.0258064516129032,0.986577181208054,0.481967213114754,0.499763196417808,0.0125,0.00632911392405063,0.993197278911565,0.518032786885246,FALSE
"THYAO.IS",0,98,0.65,0.490131578947368,0.5,NA,0,1,0.481967213114754,0.5,NA,0,1,0.518032786885246,TRUE
"THYAO.IS",0,98,0.7,0.490131578947368,0.5,NA,0,1,0.481967213114754,0.5,NA,0,1,0.518032786885246,TRUE
"THYAO.IS",0,41,0.3,0.503289473684211,0.493548387096774,0.669584245076587,0.987096774193548,0,0.518032786885246,0.5,0.682505399568035,1,0,0.481967213114754,TRUE
"THYAO.IS",0,41,0.35,0.509868421052632,0.500519592985495,0.669623059866962,0.974193548387097,0.0268456375838926,0.514754098360656,0.497545853784552,0.675438596491228,0.974683544303797,0.0204081632653061,0.485245901639344,FALSE
"THYAO.IS",0,41,0.4,0.506578947368421,0.497553583026629,0.663677130044843,0.954838709677419,0.0402684563758389,0.488524590163934,0.473176612417119,0.645454545454545,0.89873417721519,0.0476190476190476,0.511475409836066,FALSE
"THYAO.IS",0,41,0.45,0.526315789473684,0.518986793678285,0.657142857142857,0.890322580645161,0.147651006711409,0.462295081967213,0.449754585378455,0.605769230769231,0.79746835443038,0.102040816326531,0.537704918032787,FALSE
"THYAO.IS",0,41,0.5,0.546052631578947,0.54743450963412,0.517482517482518,0.47741935483871,0.61744966442953,0.39672131147541,0.399724446740722,0.352112676056338,0.316455696202532,0.482993197278912,0.60327868852459,FALSE
"THYAO.IS",0,41,0.55,0.5,0.508768131630223,0.116279069767442,0.0645161290322581,0.953020134228188,0.455737704918033,0.472315508481874,0.0235294117647059,0.0126582278481013,0.931972789115646,0.544262295081967,FALSE
"THYAO.IS",0,41,0.6,0.490131578947368,0.5,NA,0,1,0.475409836065574,0.493197278911565,NA,0,0.986394557823129,0.524590163934426,TRUE
"THYAO.IS",0,41,0.65,0.490131578947368,0.5,NA,0,1,0.481967213114754,0.5,NA,0,1,0.518032786885246,TRUE
"THYAO.IS",0,41,0.7,0.490131578947368,0.5,NA,0,1,0.481967213114754,0.5,NA,0,1,0.518032786885246,TRUE
"THYAO.IS",0,64,0.3,0.509868421052632,0.500519592985495,0.669623059866962,0.974193548387097,0.0268456375838926,0.518032786885246,0.500710410746577,0.678336980306346,0.981012658227848,0.0204081632653061,0.481967213114754,FALSE
"THYAO.IS",0,64,0.35,0.509868421052632,0.500519592985495,0.669623059866962,0.974193548387097,0.0268456375838926,0.508196721311475,0.491216739860501,0.669603524229075,0.962025316455696,0.0204081632653061,0.491803278688525,FALSE
"THYAO.IS",0,64,0.4,0.503289473684211,0.494977267806885,0.652873563218391,0.916129032258065,0.0738255033557047,0.472131147540984,0.458537845517954,0.621176470588235,0.835443037974684,0.0816326530612245,0.527868852459016,FALSE
"THYAO.IS",0,64,0.45,0.519736842105263,0.512665079021433,0.649038461538462,0.870967741935484,0.154362416107383,0.475409836065574,0.463123223973134,0.613526570048309,0.80379746835443,0.122448979591837,0.524590163934426,FALSE
"THYAO.IS",0,64,0.5,0.546052631578947,0.547304611387746,0.520833333333333,0.483870967741935,0.610738255033557,0.370491803278689,0.373223973133557,0.328671328671329,0.29746835443038,0.448979591836735,0.629508196721311,FALSE
"THYAO.IS",0,64,0.55,0.506578947368421,0.514700151547954,0.175824175824176,0.103225806451613,0.926174496644295,0.445901639344262,0.460927408938259,0.0765027322404372,0.0443037974683544,0.877551020408163,0.554098360655738,FALSE
"THYAO.IS",0,64,0.6,0.496710526315789,0.506191816410479,0.0496894409937888,0.0258064516129032,0.986577181208054,0.475409836065574,0.492960475329372,0.0123456790123457,0.00632911392405063,0.979591836734694,0.524590163934426,FALSE
"THYAO.IS",0,64,0.65,0.490131578947368,0.5,NA,0,1,0.481967213114754,0.5,NA,0,1,0.518032786885246,TRUE
"THYAO.IS",0,64,0.7,0.490131578947368,0.5,NA,0,1,0.481967213114754,0.5,NA,0,1,0.518032786885246,TRUE
"THYAO.IS",0.05,23,0.3,0.509868421052632,0.5,0.675381263616558,1,0,0.518032786885246,0.5,0.682505399568035,1,0,0.481967213114754,TRUE
"THYAO.IS",0.05,23,0.35,0.503289473684211,0.493548387096774,0.669584245076587,0.987096774193548,0,0.514754098360656,0.497072246620167,0.678260869565217,0.987341772151899,0.00680272108843537,0.485245901639344,FALSE
"THYAO.IS",0.05,23,0.4,0.5,0.491101970123403,0.657657657657658,0.941935483870968,0.0402684563758389,0.488524590163934,0.472466201670542,0.650224215246637,0.917721518987342,0.0272108843537415,0.511475409836066,FALSE
"THYAO.IS",0.05,23,0.45,0.519736842105263,0.51253518077506,0.650717703349282,0.87741935483871,0.147651006711409,0.468852459016393,0.455610092138121,0.616113744075829,0.822784810126582,0.0884353741496599,0.531147540983607,FALSE
"THYAO.IS",0.05,23,0.5,0.539473684210526,0.539164321281663,0.551282051282051,0.554838709677419,0.523489932885906,0.413114754098361,0.414836820804271,0.393220338983051,0.367088607594937,0.462585034013605,0.586885245901639,FALSE
"THYAO.IS",0.05,23,0.55,0.496710526315789,0.505932019917731,0.0727272727272727,0.0387096774193548,0.973154362416107,0.468852459016393,0.486157754240937,0.0121951219512195,0.00632911392405063,0.965986394557823,0.531147540983607,FALSE
"THYAO.IS",0.05,23,0.6,0.490131578947368,0.499870101753626,0.0127388535031847,0.00645161290322581,0.993288590604027,0.481967213114754,0.5,NA,0,1,0.518032786885246,TRUE
"THYAO.IS",0.05,23,0.65,0.490131578947368,0.5,NA,0,1,0.481967213114754,0.5,NA,0,1,0.518032786885246,TRUE
"THYAO.IS",0.05,23,0.7,0.490131578947368,0.5,NA,0,1,0.481967213114754,0.5,NA,0,1,0.518032786885246,TRUE
"THYAO.IS",0.05,27,0.3,0.509868421052632,0.5,0.675381263616558,1,0,0.518032786885246,0.5,0.682505399568035,1,0,0.481967213114754,TRUE
"THYAO.IS",0.05,27,0.35,0.503289473684211,0.493548387096774,0.669584245076587,0.987096774193548,0,0.518032786885246,0.500473607164385,0.679738562091503,0.987341772151899,0.0136054421768707,0.481967213114754,FALSE
"THYAO.IS",0.05,27,0.4,0.509868421052632,0.500519592985495,0.669623059866962,0.974193548387097,0.0268456375838926,0.514754098360656,0.497545853784552,0.675438596491228,0.974683544303797,0.0204081632653061,0.485245901639344,FALSE
"THYAO.IS",0.05,27,0.45,0.523026315789474,0.515631088980299,0.655581947743468,0.890322580645161,0.140939597315436,0.465573770491803,0.452445535176096,0.612826603325416,0.816455696202532,0.0884353741496599,0.534426229508197,FALSE
"THYAO.IS",0.05,27,0.5,0.546052631578947,0.545356137692141,0.566037735849057,0.580645161290323,0.51006711409396,0.409836065573771,0.410725049513476,0.403973509933775,0.386075949367089,0.435374149659864,0.590163934426229,FALSE
"THYAO.IS",0.05,27,0.55,0.490131578947368,0.499090712275384,0.0828402366863905,0.0451612903225806,0.953020134228188,0.462295081967213,0.479118229570309,0.0238095238095238,0.0126582278481013,0.945578231292517,0.537704918032787,FALSE
"THYAO.IS",0.05,27,0.6,0.490131578947368,0.5,NA,0,1,0.481967213114754,0.5,NA,0,1,0.518032786885246,TRUE
"THYAO.IS",0.05,27,0.65,0.490131578947368,0.5,NA,0,1,0.481967213114754,0.5,NA,0,1,0.518032786885246,TRUE
"THYAO.IS",0.05,27,0.7,0.490131578947368,0.5,NA,0,1,0.481967213114754,0.5,NA,0,1,0.518032786885246,TRUE
"THYAO.IS",0.05,98,0.3,0.509868421052632,0.5,0.675381263616558,1,0,0.518032786885246,0.5,0.682505399568035,1,0,0.481967213114754,TRUE
"THYAO.IS",0.05,98,0.35,0.509868421052632,0.5,0.675381263616558,1,0,0.518032786885246,0.5,0.682505399568035,1,0,0.481967213114754,TRUE
"THYAO.IS",0.05,98,0.4,0.509868421052632,0.5,0.675381263616558,1,0,0.514754098360656,0.496835443037975,0.67965367965368,0.993670886075949,0,0.485245901639344,TRUE
"THYAO.IS",0.05,98,0.45,0.509868421052632,0.501039185970989,0.663656884875846,0.948387096774194,0.0536912751677852,0.485245901639344,0.471196073366055,0.634032634032634,0.860759493670886,0.0816326530612245,0.514754098360656,FALSE
"THYAO.IS",0.05,98,0.5,0.539473684210526,0.538384931803421,0.567901234567901,0.593548387096774,0.483221476510067,0.422950819672131,0.418884009299922,0.488372093023256,0.531645569620253,0.306122448979592,0.577049180327869,FALSE
"THYAO.IS",0.05,98,0.55,0.490131578947368,0.5,NA,0,1,0.481967213114754,0.5,NA,0,1,0.518032786885246,TRUE
"THYAO.IS",0.05,98,0.6,0.490131578947368,0.5,NA,0,1,0.481967213114754,0.5,NA,0,1,0.518032786885246,TRUE
"THYAO.IS",0.05,98,0.65,0.490131578947368,0.5,NA,0,1,0.481967213114754,0.5,NA,0,1,0.518032786885246,TRUE
"THYAO.IS",0.05,98,0.7,0.490131578947368,0.5,NA,0,1,0.481967213114754,0.5,NA,0,1,0.518032786885246,TRUE
"THYAO.IS",0.05,41,0.3,0.503289473684211,0.493548387096774,0.669584245076587,0.987096774193548,0,0.518032786885246,0.5,0.682505399568035,1,0,0.481967213114754,TRUE
"THYAO.IS",0.05,41,0.35,0.509868421052632,0.500519592985495,0.669623059866962,0.974193548387097,0.0268456375838926,0.514754098360656,0.497309050202359,0.676855895196507,0.981012658227848,0.0136054421768707,0.485245901639344,FALSE
"THYAO.IS",0.05,41,0.4,0.506578947368421,0.497553583026629,0.663677130044843,0.954838709677419,0.0402684563758389,0.481967213114754,0.466373891328683,0.642533936651584,0.89873417721519,0.0340136054421769,0.518032786885246,FALSE
"THYAO.IS",0.05,41,0.45,0.526315789473684,0.518986793678285,0.657142857142857,0.890322580645161,0.147651006711409,0.455737704918033,0.443425471454405,0.599033816425121,0.784810126582278,0.102040816326531,0.544262295081967,FALSE
"THYAO.IS",0.05,41,0.5,0.546052631578947,0.547564407880494,0.514084507042254,0.470967741935484,0.624161073825503,0.39672131147541,0.399724446740722,0.352112676056338,0.316455696202532,0.482993197278912,0.60327868852459,FALSE
"THYAO.IS",0.05,41,0.55,0.5,0.508768131630223,0.116279069767442,0.0645161290322581,0.953020134228188,0.455737704918033,0.472552312064066,0.0119047619047619,0.00632911392405063,0.938775510204082,0.544262295081967,FALSE
"THYAO.IS",0.05,41,0.6,0.490131578947368,0.5,NA,0,1,0.475409836065574,0.493197278911565,NA,0,0.986394557823129,0.524590163934426,TRUE
"THYAO.IS",0.05,41,0.65,0.490131578947368,0.5,NA,0,1,0.481967213114754,0.5,NA,0,1,0.518032786885246,TRUE
"THYAO.IS",0.05,41,0.7,0.490131578947368,0.5,NA,0,1,0.481967213114754,0.5,NA,0,1,0.518032786885246,TRUE
"THYAO.IS",0.05,64,0.3,0.509868421052632,0.500519592985495,0.669623059866962,0.974193548387097,0.0268456375838926,0.518032786885246,0.500710410746577,0.678336980306346,0.981012658227848,0.0204081632653061,0.481967213114754,FALSE
"THYAO.IS",0.05,64,0.35,0.509868421052632,0.500649491231868,0.66815144766147,0.967741935483871,0.0335570469798658,0.514754098360656,0.498493068113321,0.669642857142857,0.949367088607595,0.0476190476190476,0.485245901639344,FALSE
"THYAO.IS",0.05,64,0.4,0.496710526315789,0.488655553150032,0.645011600928074,0.896774193548387,0.0805369127516778,0.472131147540984,0.458774649100146,0.619385342789598,0.829113924050633,0.0884353741496599,0.527868852459016,FALSE
"THYAO.IS",0.05,64,0.45,0.529605263157895,0.522862091361767,0.652068126520681,0.864516129032258,0.181208053691275,0.465573770491803,0.45386635666925,0.601466992665037,0.778481012658228,0.129251700680272,0.534426229508197,FALSE
"THYAO.IS",0.05,64,0.5,0.546052631578947,0.546785018402252,0.533783783783784,0.509677419354839,0.583892617449664,0.383606557377049,0.385645397399466,0.356164383561644,0.329113924050633,0.442176870748299,0.616393442622951,FALSE
"THYAO.IS",0.05,64,0.55,0.506578947368421,0.51457025330158,0.184782608695652,0.109677419354839,0.919463087248322,0.452459016393443,0.467256522862309,0.0972972972972973,0.0569620253164557,0.877551020408163,0.547540983606557,FALSE
"THYAO.IS",0.05,64,0.6,0.496710526315789,0.506191816410479,0.0496894409937888,0.0258064516129032,0.986577181208054,0.475409836065574,0.492960475329372,0.0123456790123457,0.00632911392405063,0.979591836734694,0.524590163934426,FALSE
"THYAO.IS",0.05,64,0.65,0.490131578947368,0.499870101753626,0.0127388535031847,0.00645161290322581,0.993288590604027,0.481967213114754,0.5,NA,0,1,0.518032786885246,TRUE
"THYAO.IS",0.05,64,0.7,0.490131578947368,0.5,NA,0,1,0.481967213114754,0.5,NA,0,1,0.518032786885246,TRUE
"THYAO.IS",0.1,23,0.3,0.503289473684211,0.493548387096774,0.669584245076587,0.987096774193548,0,0.518032786885246,0.5,0.682505399568035,1,0,0.481967213114754,TRUE
"THYAO.IS",0.1,23,0.35,0.509868421052632,0.500519592985495,0.669623059866962,0.974193548387097,0.0268456375838926,0.514754098360656,0.497309050202359,0.676855895196507,0.981012658227848,0.0136054421768707,0.485245901639344,FALSE
"THYAO.IS",0.1,23,0.4,0.5,0.49097207187703,0.659192825112108,0.948387096774194,0.0335570469798658,0.481967213114754,0.465900284164299,0.645739910313901,0.911392405063291,0.0204081632653061,0.518032786885246,FALSE
"THYAO.IS",0.1,23,0.45,0.519736842105263,0.512665079021433,0.649038461538462,0.870967741935484,0.154362416107383,0.468852459016393,0.455610092138121,0.616113744075829,0.822784810126582,0.0884353741496599,0.531147540983607,FALSE
"THYAO.IS",0.1,23,0.5,0.536184210526316,0.535289023598181,0.560747663551402,0.580645161290323,0.48993288590604,0.40655737704918,0.407323688969259,0.402640264026403,0.386075949367089,0.428571428571429,0.59344262295082,FALSE
"THYAO.IS",0.1,23,0.55,0.496710526315789,0.505802121671357,0.0838323353293413,0.0451612903225806,0.966442953020134,0.468852459016393,0.486157754240937,0.0121951219512195,0.00632911392405063,0.965986394557823,0.531147540983607,FALSE
"THYAO.IS",0.1,23,0.6,0.490131578947368,0.499870101753626,0.0127388535031847,0.00645161290322581,0.993288590604027,0.481967213114754,0.5,NA,0,1,0.518032786885246,TRUE
"THYAO.IS",0.1,23,0.65,0.490131578947368,0.5,NA,0,1,0.481967213114754,0.5,NA,0,1,0.518032786885246,TRUE
"THYAO.IS",0.1,23,0.7,0.490131578947368,0.5,NA,0,1,0.481967213114754,0.5,NA,0,1,0.518032786885246,TRUE
"THYAO.IS",0.1,27,0.3,0.503289473684211,0.493548387096774,0.669584245076587,0.987096774193548,0,0.518032786885246,0.500236803582192,0.681127982646421,0.993670886075949,0.00680272108843537,0.481967213114754,FALSE
"THYAO.IS",0.1,27,0.35,0.509868421052632,0.500519592985495,0.669623059866962,0.974193548387097,0.0268456375838926,0.518032786885246,0.500710410746577,0.678336980306346,0.981012658227848,0.0204081632653061,0.481967213114754,FALSE
"THYAO.IS",0.1,27,0.4,0.506578947368421,0.497293786533882,0.666666666666667,0.967741935483871,0.0268456375838926,0.501639344262295,0.484887625936451,0.663716814159292,0.949367088607595,0.0204081632653061,0.498360655737705,FALSE
"THYAO.IS",0.1,27,0.45,0.526315789473684,0.519636284910154,0.648780487804878,0.858064516129032,0.181208053691275,0.455737704918033,0.443188667872212,0.600961538461538,0.791139240506329,0.0952380952380952,0.544262295081967,FALSE
"THYAO.IS",0.1,27,0.5,0.546052631578947,0.544706646460273,0.579268292682927,0.612903225806452,0.476510067114094,0.39672131147541,0.397119607336606,0.398692810457516,0.386075949367089,0.408163265306122,0.60327868852459,FALSE
"THYAO.IS",0.1,27,0.55,0.506578947368421,0.515479541026196,0.117647058823529,0.0645161290322581,0.966442953020134,0.455737704918033,0.472315508481874,0.0235294117647059,0.0126582278481013,0.931972789115646,0.544262295081967,FALSE
"THYAO.IS",0.1,27,0.6,0.490131578947368,0.5,NA,0,1,0.481967213114754,0.5,NA,0,1,0.518032786885246,TRUE
"THYAO.IS",0.1,27,0.65,0.490131578947368,0.5,NA,0,1,0.481967213114754,0.5,NA,0,1,0.518032786885246,TRUE
"THYAO.IS",0.1,27,0.7,0.490131578947368,0.5,NA,0,1,0.481967213114754,0.5,NA,0,1,0.518032786885246,TRUE
"THYAO.IS",0.1,98,0.3,0.503289473684211,0.493548387096774,0.669584245076587,0.987096774193548,0,0.518032786885246,0.500236803582192,0.681127982646421,0.993670886075949,0.00680272108843537,0.481967213114754,FALSE
"THYAO.IS",0.1,98,0.35,0.509868421052632,0.500519592985495,0.669623059866962,0.974193548387097,0.0268456375838926,0.518032786885246,0.500710410746577,0.678336980306346,0.981012658227848,0.0204081632653061,0.481967213114754,FALSE
"THYAO.IS",0.1,98,0.4,0.506578947368421,0.497293786533882,0.666666666666667,0.967741935483871,0.0268456375838926,0.508196721311475,0.492163954189271,0.663677130044843,0.936708860759494,0.0476190476190476,0.491803278688525,FALSE
"THYAO.IS",0.1,98,0.45,0.516447368421053,0.509309374323447,0.647482014388489,0.870967741935484,0.147651006711409,0.472131147540984,0.459485059846723,0.613908872901679,0.810126582278481,0.108843537414966,0.527868852459016,FALSE
"THYAO.IS",0.1,98,0.5,0.546052631578947,0.545875730677636,0.554838709677419,0.554838709677419,0.536912751677852,0.386885245901639,0.385021097046414,0.424615384615385,0.436708860759494,0.333333333333333,0.613114754098361,FALSE
"THYAO.IS",0.1,98,0.55,0.509868421052632,0.518705347477809,0.128654970760234,0.0709677419354839,0.966442953020134,0.462295081967213,0.479355033152501,0.0120481927710843,0.00632911392405063,0.952380952380952,0.537704918032787,FALSE
"THYAO.IS",0.1,98,0.6,0.490131578947368,0.499870101753626,0.0127388535031847,0.00645161290322581,0.993288590604027,0.481967213114754,0.5,NA,0,1,0.518032786885246,TRUE
"THYAO.IS",0.1,98,0.65,0.490131578947368,0.5,NA,0,1,0.481967213114754,0.5,NA,0,1,0.518032786885246,TRUE
"THYAO.IS",0.1,98,0.7,0.490131578947368,0.5,NA,0,1,0.481967213114754,0.5,NA,0,1,0.518032786885246,TRUE
"THYAO.IS",0.1,41,0.3,0.509868421052632,0.500519592985495,0.669623059866962,0.974193548387097,0.0268456375838926,0.518032786885246,0.500710410746577,0.678336980306346,0.981012658227848,0.0204081632653061,0.481967213114754,FALSE
"THYAO.IS",0.1,41,0.35,0.509868421052632,0.500519592985495,0.669623059866962,0.974193548387097,0.0268456375838926,0.508196721311475,0.491216739860501,0.669603524229075,0.962025316455696,0.0204081632653061,0.491803278688525,FALSE
"THYAO.IS",0.1,41,0.4,0.5,0.491231868369777,0.656108597285068,0.935483870967742,0.0469798657718121,0.488524590163934,0.473650219581503,0.642201834862385,0.886075949367089,0.0612244897959184,0.511475409836066,FALSE
"THYAO.IS",0.1,41,0.45,0.526315789473684,0.518986793678285,0.657142857142857,0.890322580645161,0.147651006711409,0.462295081967213,0.450464996125032,0.6,0.778481012658228,0.122448979591837,0.537704918032787,FALSE
"THYAO.IS",0.1,41,0.5,0.546052631578947,0.548213899112362,0.496350364963504,0.438709677419355,0.657718120805369,0.39344262295082,0.396323086196504,0.350877192982456,0.316455696202532,0.476190476190476,0.60655737704918,FALSE
"THYAO.IS",0.1,41,0.55,0.513157894736842,0.521541459190301,0.168539325842697,0.0967741935483871,0.946308724832215,0.445901639344262,0.461874623267028,0.0342857142857143,0.0189873417721519,0.904761904761905,0.554098360655738,FALSE
"THYAO.IS",0.1,41,0.6,0.490131578947368,0.5,NA,0,1,0.475409836065574,0.493197278911565,NA,0,0.986394557823129,0.524590163934426,TRUE
"THYAO.IS",0.1,41,0.65,0.490131578947368,0.5,NA,0,1,0.481967213114754,0.5,NA,0,1,0.518032786885246,TRUE
"THYAO.IS",0.1,41,0.7,0.490131578947368,0.5,NA,0,1,0.481967213114754,0.5,NA,0,1,0.518032786885246,TRUE
"THYAO.IS",0.1,64,0.3,0.509868421052632,0.500519592985495,0.669623059866962,0.974193548387097,0.0268456375838926,0.518032786885246,0.500710410746577,0.678336980306346,0.981012658227848,0.0204081632653061,0.481967213114754,FALSE
"THYAO.IS",0.1,64,0.35,0.509868421052632,0.500649491231868,0.66815144766147,0.967741935483871,0.0335570469798658,0.514754098360656,0.498493068113321,0.669642857142857,0.949367088607595,0.0476190476190476,0.485245901639344,FALSE
"THYAO.IS",0.1,64,0.4,0.496710526315789,0.488655553150032,0.645011600928074,0.896774193548387,0.0805369127516778,0.472131147540984,0.458774649100146,0.619385342789598,0.829113924050633,0.0884353741496599,0.527868852459016,FALSE
"THYAO.IS",0.1,64,0.45,0.529605263157895,0.522862091361767,0.652068126520681,0.864516129032258,0.181208053691275,0.465573770491803,0.45386635666925,0.601466992665037,0.778481012658228,0.129251700680272,0.534426229508197,FALSE
"THYAO.IS",0.1,64,0.5,0.546052631578947,0.547044814894999,0.527397260273973,0.496774193548387,0.597315436241611,0.383606557377049,0.386119004563851,0.347222222222222,0.316455696202532,0.45578231292517,0.616393442622951,FALSE
"THYAO.IS",0.1,64,0.55,0.506578947368421,0.51457025330158,0.184782608695652,0.109677419354839,0.919463087248322,0.452459016393443,0.467256522862309,0.0972972972972973,0.0569620253164557,0.877551020408163,0.547540983606557,FALSE
"THYAO.IS",0.1,64,0.6,0.496710526315789,0.506191816410479,0.0496894409937888,0.0258064516129032,0.986577181208054,0.481967213114754,0.499763196417808,0.0125,0.00632911392405063,0.993197278911565,0.518032786885246,FALSE
"THYAO.IS",0.1,64,0.65,0.490131578947368,0.5,NA,0,1,0.481967213114754,0.5,NA,0,1,0.518032786885246,TRUE
"THYAO.IS",0.1,64,0.7,0.490131578947368,0.5,NA,0,1,0.481967213114754,0.5,NA,0,1,0.518032786885246,TRUE
"PGSUS.IS",0,23,0.3,0.526315789473684,0.5,0.689655172413793,1,0,0.488524590163934,0.5,0.656387665198238,1,0,0.511475409836066,TRUE
"PGSUS.IS",0,23,0.35,0.526315789473684,0.5,0.689655172413793,1,0,0.485245901639344,0.496644295302013,0.653421633554084,0.993288590604027,0,0.514754098360656,TRUE
"PGSUS.IS",0,23,0.4,0.546052631578947,0.522916666666667,0.690582959641255,0.9625,0.0833333333333333,0.465573770491803,0.474401996214077,0.610978520286396,0.859060402684564,0.0897435897435897,0.534426229508197,FALSE
"PGSUS.IS",0,23,0.45,0.513157894736842,0.495138888888889,0.644230769230769,0.8375,0.152777777777778,0.426229508196721,0.433531233866804,0.56140350877193,0.751677852348993,0.115384615384615,0.573770491803279,FALSE
"PGSUS.IS",0,23,0.5,0.506578947368421,0.505555555555556,0.528301886792453,0.525,0.486111111111111,0.436065573770492,0.436220099810704,0.434210526315789,0.442953020134228,0.429487179487179,0.563934426229508,FALSE
"PGSUS.IS",0,23,0.55,0.470394736842105,0.489583333333333,0.199004975124378,0.125,0.854166666666667,0.511475409836066,0.503011529857167,0.211640211640212,0.134228187919463,0.871794871794872,0.488524590163934,FALSE
"PGSUS.IS",0,23,0.6,0.473684210526316,0.5,NA,0,1,0.511475409836066,0.5,NA,0,1,0.488524590163934,TRUE
"PGSUS.IS",0,23,0.65,0.473684210526316,0.5,NA,0,1,0.511475409836066,0.5,NA,0,1,0.488524590163934,TRUE
"PGSUS.IS",0,23,0.7,0.473684210526316,0.5,NA,0,1,0.511475409836066,0.5,NA,0,1,0.488524590163934,TRUE
"PGSUS.IS",0,27,0.3,0.526315789473684,0.5,0.689655172413793,1,0,0.488524590163934,0.5,0.656387665198238,1,0,0.511475409836066,TRUE
"PGSUS.IS",0,27,0.35,0.526315789473684,0.5,0.689655172413793,1,0,0.488524590163934,0.5,0.656387665198238,1,0,0.511475409836066,TRUE
"PGSUS.IS",0,27,0.4,0.523026315789474,0.498263888888889,0.681318681318681,0.96875,0.0277777777777778,0.475409836065574,0.48507141627947,0.627906976744186,0.906040268456376,0.0641025641025641,0.524590163934426,FALSE
"PGSUS.IS",0,27,0.45,0.516447368421053,0.499305555555556,0.642335766423358,0.825,0.173611111111111,0.439344262295082,0.446351746687317,0.567088607594937,0.751677852348993,0.141025641025641,0.560655737704918,FALSE
"PGSUS.IS",0,27,0.5,0.506578947368421,0.504513888888889,0.537037037037037,0.54375,0.465277777777778,0.442622950819672,0.442479779728102,0.433333333333333,0.436241610738255,0.448717948717949,0.557377049180328,FALSE
"PGSUS.IS",0,27,0.55,0.473684210526316,0.495833333333333,0.130434782608696,0.075,0.916666666666667,0.468852459016393,0.459839098261917,0.10989010989011,0.0671140939597315,0.852564102564103,0.531147540983607,FALSE
"PGSUS.IS",0,27,0.6,0.473684210526316,0.5,NA,0,1,0.511475409836066,0.5,NA,0,1,0.488524590163934,TRUE
"PGSUS.IS",0,27,0.65,0.473684210526316,0.5,NA,0,1,0.511475409836066,0.5,NA,0,1,0.488524590163934,TRUE
"PGSUS.IS",0,27,0.7,0.473684210526316,0.5,NA,0,1,0.511475409836066,0.5,NA,0,1,0.488524590163934,TRUE
"PGSUS.IS",0,98,0.3,0.526315789473684,0.5,0.689655172413793,1,0,0.488524590163934,0.5,0.656387665198238,1,0,0.511475409836066,TRUE
"PGSUS.IS",0,98,0.35,0.526315789473684,0.5,0.689655172413793,1,0,0.488524590163934,0.5,0.656387665198238,1,0,0.511475409836066,TRUE
"PGSUS.IS",0,98,0.4,0.526315789473684,0.500694444444444,0.68695652173913,0.9875,0.0138888888888889,0.472131147540984,0.483070900017209,0.639821029082774,0.959731543624161,0.00641025641025641,0.527868852459016,FALSE
"PGSUS.IS",0,98,0.45,0.539473684210526,0.517361111111111,0.681818181818182,0.9375,0.0972222222222222,0.452459016393443,0.461732059886422,0.607058823529412,0.865771812080537,0.0576923076923077,0.547540983606557,FALSE
"PGSUS.IS",0,98,0.5,0.5,0.501736111111111,0.496688741721854,0.46875,0.534722222222222,0.432786885245902,0.432111512648425,0.409556313993174,0.402684563758389,0.461538461538462,0.567213114754098,FALSE
"PGSUS.IS",0,98,0.55,0.470394736842105,0.496527777777778,NA,0,0.993055555555556,0.511475409836066,0.5,NA,0,1,0.488524590163934,TRUE
"PGSUS.IS",0,98,0.6,0.473684210526316,0.5,NA,0,1,0.511475409836066,0.5,NA,0,1,0.488524590163934,TRUE
"PGSUS.IS",0,98,0.65,0.473684210526316,0.5,NA,0,1,0.511475409836066,0.5,NA,0,1,0.488524590163934,TRUE
"PGSUS.IS",0,98,0.7,0.473684210526316,0.5,NA,0,1,0.511475409836066,0.5,NA,0,1,0.488524590163934,TRUE
"PGSUS.IS",0,41,0.3,0.526315789473684,0.5,0.689655172413793,1,0,0.488524590163934,0.5,0.656387665198238,1,0,0.511475409836066,TRUE
"PGSUS.IS",0,41,0.35,0.526315789473684,0.500347222222222,0.688311688311688,0.99375,0.00694444444444444,0.485245901639344,0.496493718809155,0.651884700665189,0.986577181208054,0.00641025641025641,0.514754098360656,FALSE
"PGSUS.IS",0,41,0.4,0.539473684210526,0.516319444444444,0.68609865470852,0.95625,0.0763888888888889,0.452459016393443,0.461430906900706,0.60332541567696,0.852348993288591,0.0705128205128205,0.547540983606557,FALSE
"PGSUS.IS",0,41,0.45,0.506578947368421,0.489930555555556,0.632352941176471,0.80625,0.173611111111111,0.429508196721311,0.435381173636207,0.542105263157895,0.691275167785235,0.179487179487179,0.570491803278689,FALSE
"PGSUS.IS",0,41,0.5,0.5,0.5,0.512820512820513,0.5,0.5,0.442622950819672,0.440974014799518,0.392857142857143,0.369127516778524,0.512820512820513,0.557377049180328,FALSE
"PGSUS.IS",0,41,0.55,0.467105263157895,0.483680555555556,0.25,0.16875,0.798611111111111,0.511475409836066,0.503162106350026,0.219895287958115,0.140939597315436,0.865384615384615,0.488524590163934,FALSE
"PGSUS.IS",0,41,0.6,0.463815789473684,0.489236111111111,0.0121212121212121,0.00625,0.972222222222222,0.498360655737705,0.487631216658062,0.0377358490566038,0.0201342281879195,0.955128205128205,0.501639344262295,FALSE
"PGSUS.IS",0,41,0.65,0.473684210526316,0.5,NA,0,1,0.511475409836066,0.5,NA,0,1,0.488524590163934,TRUE
"PGSUS.IS",0,41,0.7,0.473684210526316,0.5,NA,0,1,0.511475409836066,0.5,NA,0,1,0.488524590163934,TRUE
"PGSUS.IS",0,64,0.3,0.526315789473684,0.5,0.689655172413793,1,0,0.488524590163934,0.5,0.656387665198238,1,0,0.511475409836066,TRUE
"PGSUS.IS",0,64,0.35,0.532894736842105,0.507638888888889,0.689956331877729,0.9875,0.0277777777777778,0.478688524590164,0.489631732920324,0.644295302013423,0.966442953020134,0.0128205128205128,0.521311475409836,FALSE
"PGSUS.IS",0,64,0.4,0.546052631578947,0.521875,0.694690265486726,0.98125,0.0625,0.459016393442623,0.468443469282395,0.613583138173302,0.879194630872483,0.0576923076923077,0.540983606557377,FALSE
"PGSUS.IS",0,64,0.45,0.523026315789474,0.504861111111111,0.652278177458034,0.85,0.159722222222222,0.416393442622951,0.423464119772845,0.55050505050505,0.731543624161074,0.115384615384615,0.583606557377049,FALSE
"PGSUS.IS",0,64,0.5,0.5,0.498611111111111,0.525,0.525,0.472222222222222,0.429508196721311,0.429809843400447,0.431372549019608,0.442953020134228,0.416666666666667,0.570491803278689,FALSE
"PGSUS.IS",0,64,0.55,0.473684210526316,0.490972222222222,0.245283018867925,0.1625,0.819444444444444,0.501639344262295,0.492643262777491,0.164835164835165,0.100671140939597,0.884615384615385,0.498360655737705,FALSE
"PGSUS.IS",0,64,0.6,0.473684210526316,0.497222222222222,0.0909090909090909,0.05,0.944444444444444,0.501639344262295,0.490986921356049,0.05,0.0268456375838926,0.955128205128205,0.498360655737705,FALSE
"PGSUS.IS",0,64,0.65,0.470394736842105,0.496527777777778,NA,0,0.993055555555556,0.511475409836066,0.5,NA,0,1,0.488524590163934,TRUE
"PGSUS.IS",0,64,0.7,0.473684210526316,0.5,NA,0,1,0.511475409836066,0.5,NA,0,1,0.488524590163934,TRUE
"PGSUS.IS",0.05,23,0.3,0.526315789473684,0.5,0.689655172413793,1,0,0.488524590163934,0.5,0.656387665198238,1,0,0.511475409836066,TRUE
"PGSUS.IS",0.05,23,0.35,0.526315789473684,0.5,0.689655172413793,1,0,0.488524590163934,0.5,0.656387665198238,1,0,0.511475409836066,TRUE
"PGSUS.IS",0.05,23,0.4,0.526315789473684,0.500694444444444,0.68695652173913,0.9875,0.0138888888888889,0.495081967213115,0.50610910342454,0.65625,0.986577181208054,0.0256410256410256,0.504918032786885,FALSE
"PGSUS.IS",0.05,23,0.45,0.523026315789474,0.503819444444444,0.657210401891253,0.86875,0.138888888888889,0.429508196721311,0.437338668043366,0.571428571428572,0.778523489932886,0.0961538461538462,0.570491803278689,FALSE
"PGSUS.IS",0.05,23,0.5,0.5,0.498611111111111,0.525,0.525,0.472222222222222,0.436065573770492,0.436069523317845,0.43046357615894,0.436241610738255,0.435897435897436,0.563934426229508,FALSE
"PGSUS.IS",0.05,23,0.55,0.470394736842105,0.495138888888889,0.0473372781065089,0.025,0.965277777777778,0.514754098360656,0.504560316640854,0.108433734939759,0.0604026845637584,0.948717948717949,0.485245901639344,FALSE
"PGSUS.IS",0.05,23,0.6,0.473684210526316,0.5,NA,0,1,0.511475409836066,0.5,NA,0,1,0.488524590163934,TRUE
"PGSUS.IS",0.05,23,0.65,0.473684210526316,0.5,NA,0,1,0.511475409836066,0.5,NA,0,1,0.488524590163934,TRUE
"PGSUS.IS",0.05,23,0.7,0.473684210526316,0.5,NA,0,1,0.511475409836066,0.5,NA,0,1,0.488524590163934,TRUE
"PGSUS.IS",0.05,27,0.3,0.526315789473684,0.5,0.689655172413793,1,0,0.488524590163934,0.5,0.656387665198238,1,0,0.511475409836066,TRUE
"PGSUS.IS",0.05,27,0.35,0.526315789473684,0.5,0.689655172413793,1,0,0.488524590163934,0.5,0.656387665198238,1,0,0.511475409836066,TRUE
"PGSUS.IS",0.05,27,0.4,0.523026315789474,0.498263888888889,0.681318681318681,0.96875,0.0277777777777778,0.475409836065574,0.48507141627947,0.627906976744186,0.906040268456376,0.0641025641025641,0.524590163934426,FALSE
"PGSUS.IS",0.05,27,0.45,0.516447368421053,0.499305555555556,0.642335766423358,0.825,0.173611111111111,0.439344262295082,0.446351746687317,0.567088607594937,0.751677852348993,0.141025641025641,0.560655737704918,FALSE
"PGSUS.IS",0.05,27,0.5,0.5,0.498263888888889,0.527950310559006,0.53125,0.465277777777778,0.442622950819672,0.442028050249527,0.421768707482993,0.416107382550336,0.467948717948718,0.557377049180328,FALSE
"PGSUS.IS",0.05,27,0.55,0.476973684210526,0.500694444444444,0.0914285714285714,0.05,0.951388888888889,0.478688524590164,0.469454482877302,0.111731843575419,0.0671140939597315,0.871794871794872,0.521311475409836,FALSE
"PGSUS.IS",0.05,27,0.6,0.473684210526316,0.5,NA,0,1,0.511475409836066,0.5,NA,0,1,0.488524590163934,TRUE
"PGSUS.IS",0.05,27,0.65,0.473684210526316,0.5,NA,0,1,0.511475409836066,0.5,NA,0,1,0.488524590163934,TRUE
"PGSUS.IS",0.05,27,0.7,0.473684210526316,0.5,NA,0,1,0.511475409836066,0.5,NA,0,1,0.488524590163934,TRUE
"PGSUS.IS",0.05,98,0.3,0.526315789473684,0.5,0.689655172413793,1,0,0.488524590163934,0.5,0.656387665198238,1,0,0.511475409836066,TRUE
"PGSUS.IS",0.05,98,0.35,0.526315789473684,0.5,0.689655172413793,1,0,0.488524590163934,0.5,0.656387665198238,1,0,0.511475409836066,TRUE
"PGSUS.IS",0.05,98,0.4,0.526315789473684,0.500347222222222,0.688311688311688,0.99375,0.00694444444444444,0.478688524590164,0.489782309413182,0.645879732739421,0.973154362416107,0.00641025641025641,0.521311475409836,FALSE
"PGSUS.IS",0.05,98,0.45,0.539473684210526,0.517013888888889,0.683257918552036,0.94375,0.0902777777777778,0.452459016393443,0.461732059886422,0.607058823529412,0.865771812080537,0.0576923076923077,0.547540983606557,FALSE
"PGSUS.IS",0.05,98,0.5,0.5,0.498958333333333,0.522012578616352,0.51875,0.479166666666667,0.419672131147541,0.419893305799346,0.419672131147541,0.429530201342282,0.41025641025641,0.580327868852459,FALSE
"PGSUS.IS",0.05,98,0.55,0.463815789473684,0.489236111111111,0.0121212121212121,0.00625,0.972222222222222,0.511475409836066,0.5,NA,0,1,0.488524590163934,TRUE
"PGSUS.IS",0.05,98,0.6,0.473684210526316,0.5,NA,0,1,0.511475409836066,0.5,NA,0,1,0.488524590163934,TRUE
"PGSUS.IS",0.05,98,0.65,0.473684210526316,0.5,NA,0,1,0.511475409836066,0.5,NA,0,1,0.488524590163934,TRUE
"PGSUS.IS",0.05,98,0.7,0.473684210526316,0.5,NA,0,1,0.511475409836066,0.5,NA,0,1,0.488524590163934,TRUE
"PGSUS.IS",0.05,41,0.3,0.526315789473684,0.5,0.689655172413793,1,0,0.488524590163934,0.5,0.656387665198238,1,0,0.511475409836066,TRUE
"PGSUS.IS",0.05,41,0.35,0.526315789473684,0.500347222222222,0.688311688311688,0.99375,0.00694444444444444,0.485245901639344,0.496493718809155,0.651884700665189,0.986577181208054,0.00641025641025641,0.514754098360656,FALSE
"PGSUS.IS",0.05,41,0.4,0.539473684210526,0.515972222222222,0.6875,0.9625,0.0694444444444444,0.452459016393443,0.461280330407847,0.601431980906921,0.845637583892617,0.0769230769230769,0.547540983606557,FALSE
"PGSUS.IS",0.05,41,0.45,0.506578947368421,0.490277777777778,0.630541871921182,0.8,0.180555555555556,0.429508196721311,0.435381173636207,0.542105263157895,0.691275167785235,0.179487179487179,0.570491803278689,FALSE
"PGSUS.IS",0.05,41,0.5,0.5,0.500694444444444,0.506493506493506,0.4875,0.513888888888889,0.442622950819672,0.440974014799518,0.392857142857143,0.369127516778524,0.512820512820513,0.557377049180328,FALSE
"PGSUS.IS",0.05,41,0.55,0.453947368421053,0.471527777777778,0.20952380952381,0.1375,0.805555555555556,0.498360655737705,0.489287558079504,0.154696132596685,0.0939597315436242,0.884615384615385,0.501639344262295,FALSE
"PGSUS.IS",0.05,41,0.6,0.463815789473684,0.489236111111111,0.0121212121212121,0.00625,0.972222222222222,0.498360655737705,0.487631216658062,0.0377358490566038,0.0201342281879195,0.955128205128205,0.501639344262295,FALSE
"PGSUS.IS",0.05,41,0.65,0.473684210526316,0.5,NA,0,1,0.511475409836066,0.5,NA,0,1,0.488524590163934,TRUE
"PGSUS.IS",0.05,41,0.7,0.473684210526316,0.5,NA,0,1,0.511475409836066,0.5,NA,0,1,0.488524590163934,TRUE
"PGSUS.IS",0.05,64,0.3,0.526315789473684,0.5,0.689655172413793,1,0,0.488524590163934,0.5,0.656387665198238,1,0,0.511475409836066,TRUE
"PGSUS.IS",0.05,64,0.35,0.526315789473684,0.500694444444444,0.68695652173913,0.9875,0.0138888888888889,0.478688524590164,0.489782309413182,0.645879732739421,0.973154362416107,0.00641025641025641,0.521311475409836,FALSE
"PGSUS.IS",0.05,64,0.4,0.542763157894737,0.518402777777778,0.693156732891832,0.98125,0.0555555555555556,0.459016393442623,0.468443469282395,0.613583138173302,0.879194630872483,0.0576923076923077,0.540983606557377,FALSE
"PGSUS.IS",0.05,64,0.45,0.523026315789474,0.504861111111111,0.652278177458034,0.85,0.159722222222222,0.416393442622951,0.423464119772845,0.55050505050505,0.731543624161074,0.115384615384615,0.583606557377049,FALSE
"PGSUS.IS",0.05,64,0.5,0.5,0.498611111111111,0.525,0.525,0.472222222222222,0.429508196721311,0.429809843400447,0.431372549019608,0.442953020134228,0.416666666666667,0.570491803278689,FALSE
"PGSUS.IS",0.05,64,0.55,0.473684210526316,0.490972222222222,0.245283018867925,0.1625,0.819444444444444,0.504918032786885,0.495848390982619,0.165745856353591,0.100671140939597,0.891025641025641,0.495081967213115,FALSE
"PGSUS.IS",0.05,64,0.6,0.473684210526316,0.497222222222222,0.0909090909090909,0.05,0.944444444444444,0.508196721311475,0.497397177766305,0.0506329113924051,0.0268456375838926,0.967948717948718,0.491803278688525,FALSE
"PGSUS.IS",0.05,64,0.65,0.470394736842105,0.496527777777778,NA,0,0.993055555555556,0.511475409836066,0.5,NA,0,1,0.488524590163934,TRUE
"PGSUS.IS",0.05,64,0.7,0.473684210526316,0.5,NA,0,1,0.511475409836066,0.5,NA,0,1,0.488524590163934,TRUE
"PGSUS.IS",0.1,23,0.3,0.526315789473684,0.5,0.689655172413793,1,0,0.488524590163934,0.5,0.656387665198238,1,0,0.511475409836066,TRUE
"PGSUS.IS",0.1,23,0.35,0.526315789473684,0.5,0.689655172413793,1,0,0.488524590163934,0.5,0.656387665198238,1,0,0.511475409836066,TRUE
"PGSUS.IS",0.1,23,0.4,0.532894736842105,0.506944444444444,0.692640692640693,1,0.0138888888888889,0.495081967213115,0.50610910342454,0.65625,0.986577181208054,0.0256410256410256,0.504918032786885,FALSE
"PGSUS.IS",0.1,23,0.45,0.523026315789474,0.503819444444444,0.657210401891253,0.86875,0.138888888888889,0.436065573770492,0.444050077439339,0.57843137254902,0.791946308724832,0.0961538461538462,0.563934426229508,FALSE
"PGSUS.IS",0.1,23,0.5,0.5,0.498611111111111,0.525,0.525,0.472222222222222,0.436065573770492,0.436069523317845,0.43046357615894,0.436241610738255,0.435897435897436,0.563934426229508,FALSE
"PGSUS.IS",0.1,23,0.55,0.470394736842105,0.495138888888889,0.0473372781065089,0.025,0.965277777777778,0.514754098360656,0.504409740147995,0.0975609756097561,0.0536912751677852,0.955128205128205,0.485245901639344,FALSE
"PGSUS.IS",0.1,23,0.6,0.473684210526316,0.5,NA,0,1,0.511475409836066,0.5,NA,0,1,0.488524590163934,TRUE
"PGSUS.IS",0.1,23,0.65,0.473684210526316,0.5,NA,0,1,0.511475409836066,0.5,NA,0,1,0.488524590163934,TRUE
"PGSUS.IS",0.1,23,0.7,0.473684210526316,0.5,NA,0,1,0.511475409836066,0.5,NA,0,1,0.488524590163934,TRUE
"PGSUS.IS",0.1,27,0.3,0.526315789473684,0.5,0.689655172413793,1,0,0.488524590163934,0.5,0.656387665198238,1,0,0.511475409836066,TRUE
"PGSUS.IS",0.1,27,0.35,0.526315789473684,0.500694444444444,0.68695652173913,0.9875,0.0138888888888889,0.478688524590164,0.489782309413182,0.645879732739421,0.973154362416107,0.00641025641025641,0.521311475409836,FALSE
"PGSUS.IS",0.1,27,0.4,0.529605263157895,0.509027777777778,0.668213457076566,0.9,0.118055555555556,0.442622950819672,0.450460333849596,0.58128078817734,0.791946308724832,0.108974358974359,0.557377049180328,FALSE
"PGSUS.IS",0.1,27,0.45,0.523026315789474,0.507291666666667,0.640198511166253,0.80625,0.208333333333333,0.439344262295082,0.445749440715884,0.558139534883721,0.724832214765101,0.166666666666667,0.560655737704918,FALSE
"PGSUS.IS",0.1,27,0.5,0.5,0.500347222222222,0.509677419354839,0.49375,0.506944444444444,0.442622950819672,0.441576320770952,0.409722222222222,0.395973154362416,0.487179487179487,0.557377049180328,FALSE
"PGSUS.IS",0.1,27,0.55,0.483552631578947,0.500347222222222,0.269767441860465,0.18125,0.819444444444444,0.475409836065574,0.468508002065049,0.238095238095238,0.167785234899329,0.769230769230769,0.524590163934426,FALSE
"PGSUS.IS",0.1,27,0.6,0.473684210526316,0.5,NA,0,1,0.511475409836066,0.5,NA,0,1,0.488524590163934,TRUE
"PGSUS.IS",0.1,27,0.65,0.473684210526316,0.5,NA,0,1,0.511475409836066,0.5,NA,0,1,0.488524590163934,TRUE
"PGSUS.IS",0.1,27,0.7,0.473684210526316,0.5,NA,0,1,0.511475409836066,0.5,NA,0,1,0.488524590163934,TRUE
"PGSUS.IS",0.1,98,0.3,0.526315789473684,0.5,0.689655172413793,1,0,0.488524590163934,0.5,0.656387665198238,1,0,0.511475409836066,TRUE
"PGSUS.IS",0.1,98,0.35,0.526315789473684,0.5,0.689655172413793,1,0,0.488524590163934,0.5,0.656387665198238,1,0,0.511475409836066,TRUE
"PGSUS.IS",0.1,98,0.4,0.526315789473684,0.500347222222222,0.688311688311688,0.99375,0.00694444444444444,0.478688524590164,0.489782309413182,0.645879732739421,0.973154362416107,0.00641025641025641,0.521311475409836,FALSE
"PGSUS.IS",0.1,98,0.45,0.539473684210526,0.516666666666667,0.684684684684685,0.95,0.0833333333333333,0.452459016393443,0.461732059886422,0.607058823529412,0.865771812080537,0.0576923076923077,0.547540983606557,FALSE
"PGSUS.IS",0.1,98,0.5,0.513157894736842,0.510069444444444,0.551515151515152,0.56875,0.451388888888889,0.426229508196721,0.426303562209602,0.422442244224423,0.429530201342282,0.423076923076923,0.573770491803279,FALSE
"PGSUS.IS",0.1,98,0.55,0.463815789473684,0.488888888888889,0.0239520958083832,0.0125,0.965277777777778,0.511475409836066,0.5,NA,0,1,0.488524590163934,TRUE
"PGSUS.IS",0.1,98,0.6,0.473684210526316,0.5,NA,0,1,0.511475409836066,0.5,NA,0,1,0.488524590163934,TRUE
"PGSUS.IS",0.1,98,0.65,0.473684210526316,0.5,NA,0,1,0.511475409836066,0.5,NA,0,1,0.488524590163934,TRUE
"PGSUS.IS",0.1,98,0.7,0.473684210526316,0.5,NA,0,1,0.511475409836066,0.5,NA,0,1,0.488524590163934,TRUE
"PGSUS.IS",0.1,41,0.3,0.526315789473684,0.5,0.689655172413793,1,0,0.488524590163934,0.5,0.656387665198238,1,0,0.511475409836066,TRUE
"PGSUS.IS",0.1,41,0.35,0.526315789473684,0.5,0.689655172413793,1,0,0.485245901639344,0.496493718809155,0.651884700665189,0.986577181208054,0.00641025641025641,0.514754098360656,FALSE
"PGSUS.IS",0.1,41,0.4,0.539473684210526,0.515972222222222,0.6875,0.9625,0.0694444444444444,0.452459016393443,0.461280330407847,0.601431980906921,0.845637583892617,0.0769230769230769,0.547540983606557,FALSE
"PGSUS.IS",0.1,41,0.45,0.506578947368421,0.489930555555556,0.632352941176471,0.80625,0.173611111111111,0.426229508196721,0.432176045431079,0.540682414698163,0.691275167785235,0.173076923076923,0.573770491803279,FALSE
"PGSUS.IS",0.1,41,0.5,0.5,0.500694444444444,0.506493506493506,0.4875,0.513888888888889,0.442622950819672,0.440974014799518,0.392857142857143,0.369127516778524,0.512820512820513,0.557377049180328,FALSE
"PGSUS.IS",0.1,41,0.55,0.457236842105263,0.475347222222222,0.202898550724638,0.13125,0.819444444444444,0.495081967213115,0.485781276888659,0.134831460674157,0.0805369127516778,0.891025641025641,0.504918032786885,FALSE
"PGSUS.IS",0.1,41,0.6,0.463815789473684,0.489583333333333,NA,0,0.979166666666667,0.498360655737705,0.487631216658062,0.0377358490566038,0.0201342281879195,0.955128205128205,0.501639344262295,FALSE
"PGSUS.IS",0.1,41,0.65,0.473684210526316,0.5,NA,0,1,0.511475409836066,0.5,NA,0,1,0.488524590163934,TRUE
"PGSUS.IS",0.1,41,0.7,0.473684210526316,0.5,NA,0,1,0.511475409836066,0.5,NA,0,1,0.488524590163934,TRUE
"PGSUS.IS",0.1,64,0.3,0.526315789473684,0.5,0.689655172413793,1,0,0.488524590163934,0.5,0.656387665198238,1,0,0.511475409836066,TRUE
"PGSUS.IS",0.1,64,0.35,0.526315789473684,0.500694444444444,0.68695652173913,0.9875,0.0138888888888889,0.478688524590164,0.489782309413182,0.645879732739421,0.973154362416107,0.00641025641025641,0.521311475409836,FALSE
"PGSUS.IS",0.1,64,0.4,0.542763157894737,0.518402777777778,0.693156732891832,0.98125,0.0555555555555556,0.459016393442623,0.468443469282395,0.613583138173302,0.879194630872483,0.0576923076923077,0.540983606557377,FALSE
"PGSUS.IS",0.1,64,0.45,0.523026315789474,0.504861111111111,0.652278177458034,0.85,0.159722222222222,0.416393442622951,0.423464119772845,0.55050505050505,0.731543624161074,0.115384615384615,0.583606557377049,FALSE
"PGSUS.IS",0.1,64,0.5,0.5,0.498611111111111,0.525,0.525,0.472222222222222,0.429508196721311,0.429809843400447,0.431372549019608,0.442953020134228,0.416666666666667,0.570491803278689,FALSE
"PGSUS.IS",0.1,64,0.55,0.473684210526316,0.491319444444444,0.238095238095238,0.15625,0.826388888888889,0.504918032786885,0.495697814489761,0.156424581005587,0.0939597315436242,0.897435897435897,0.495081967213115,FALSE
"PGSUS.IS",0.1,64,0.6,0.473684210526316,0.497222222222222,0.0909090909090909,0.05,0.944444444444444,0.508196721311475,0.497397177766305,0.0506329113924051,0.0268456375838926,0.967948717948718,0.491803278688525,FALSE
"PGSUS.IS",0.1,64,0.65,0.473684210526316,0.5,NA,0,1,0.511475409836066,0.5,NA,0,1,0.488524590163934,TRUE
"PGSUS.IS",0.1,64,0.7,0.473684210526316,0.5,NA,0,1,0.511475409836066,0.5,NA,0,1,0.488524590163934,TRUE
"SASA.IS",0,23,0.3,0.441077441077441,0.5,0.61214953271028,1,0,0.444444444444444,0.5,0.615384615384615,1,0,0.555555555555556,TRUE
"SASA.IS",0,23,0.35,0.441077441077441,0.5,0.61214953271028,1,0,0.444444444444444,0.5,0.615384615384615,1,0,0.555555555555556,TRUE
"SASA.IS",0,23,0.4,0.441077441077441,0.5,0.61214953271028,1,0,0.444444444444444,0.5,0.615384615384615,1,0,0.555555555555556,TRUE
"SASA.IS",0,23,0.45,0.434343434343434,0.491561666513382,0.60377358490566,0.977099236641221,0.00602409638554217,0.457912457912458,0.507575757575758,0.610169491525424,0.954545454545455,0.0606060606060606,0.542087542087542,FALSE
"SASA.IS",0,23,0.5,0.505050505050505,0.508139427940771,0.487804878048781,0.534351145038168,0.481927710843373,0.488215488215488,0.487878787878788,0.457142857142857,0.484848484848485,0.490909090909091,0.511784511784512,FALSE
"SASA.IS",0,23,0.55,0.558922558922559,0.500804745700359,0.0150375939849624,0.00763358778625954,0.993975903614458,0.558922558922559,0.503787878787879,0.0150375939849624,0.00757575757575758,1,0.441077441077441,FALSE
"SASA.IS",0,23,0.6,0.558922558922559,0.5,NA,0,1,0.555555555555556,0.5,NA,0,1,0.444444444444444,TRUE
"SASA.IS",0,23,0.65,0.558922558922559,0.5,NA,0,1,0.555555555555556,0.5,NA,0,1,0.444444444444444,TRUE
"SASA.IS",0,23,0.7,0.558922558922559,0.5,NA,0,1,0.555555555555556,0.5,NA,0,1,0.444444444444444,TRUE
"SASA.IS",0,27,0.3,0.441077441077441,0.5,0.61214953271028,1,0,0.444444444444444,0.5,0.615384615384615,1,0,0.555555555555556,TRUE
"SASA.IS",0,27,0.35,0.441077441077441,0.5,0.61214953271028,1,0,0.444444444444444,0.5,0.615384615384615,1,0,0.555555555555556,TRUE
"SASA.IS",0,27,0.4,0.441077441077441,0.5,0.61214953271028,1,0,0.454545454545455,0.506818181818182,0.614285714285714,0.977272727272727,0.0363636363636364,0.545454545454545,FALSE
"SASA.IS",0,27,0.45,0.441077441077441,0.496781017198565,0.604761904761905,0.969465648854962,0.0240963855421687,0.444444444444444,0.481818181818182,0.566929133858268,0.818181818181818,0.145454545454545,0.555555555555556,FALSE
"SASA.IS",0,27,0.5,0.478114478114478,0.489676262301113,0.498381877022654,0.587786259541985,0.391566265060241,0.461279461279461,0.468939393939394,0.470198675496689,0.537878787878788,0.4,0.538720538720539,FALSE
"SASA.IS",0,27,0.55,0.552188552188552,0.504437597719121,0.163522012578616,0.099236641221374,0.909638554216867,0.535353535353535,0.487121212121212,0.0921052631578947,0.053030303030303,0.921212121212121,0.464646464646465,FALSE
"SASA.IS",0,27,0.6,0.558922558922559,0.5,NA,0,1,0.548821548821549,0.493939393939394,NA,0,0.987878787878788,0.451178451178451,TRUE
"SASA.IS",0,27,0.65,0.558922558922559,0.5,NA,0,1,0.555555555555556,0.5,NA,0,1,0.444444444444444,TRUE
"SASA.IS",0,27,0.7,0.558922558922559,0.5,NA,0,1,0.555555555555556,0.5,NA,0,1,0.444444444444444,TRUE
"SASA.IS",0,98,0.3,0.441077441077441,0.5,0.61214953271028,1,0,0.444444444444444,0.5,0.615384615384615,1,0,0.555555555555556,TRUE
"SASA.IS",0,98,0.35,0.441077441077441,0.5,0.61214953271028,1,0,0.444444444444444,0.5,0.615384615384615,1,0,0.555555555555556,TRUE
"SASA.IS",0,98,0.4,0.441077441077441,0.5,0.61214953271028,1,0,0.441077441077441,0.49469696969697,0.608490566037736,0.977272727272727,0.0121212121212121,0.558922558922559,FALSE
"SASA.IS",0,98,0.45,0.437710437710438,0.490549986204359,0.595641646489104,0.938931297709924,0.0421686746987952,0.454545454545455,0.495454545454545,0.584615384615385,0.863636363636364,0.127272727272727,0.545454545454545,FALSE
"SASA.IS",0,98,0.5,0.494949494949495,0.511174468867838,0.53125,0.648854961832061,0.373493975903614,0.488215488215488,0.50530303030303,0.533742331288344,0.659090909090909,0.351515151515152,0.511784511784512,FALSE
"SASA.IS",0,98,0.55,0.562289562289562,0.511059505196358,0.133333333333333,0.0763358778625954,0.94578313253012,0.542087542087542,0.490909090909091,0.0555555555555556,0.0303030303030303,0.951515151515152,0.457912457912458,FALSE
"SASA.IS",0,98,0.6,0.558922558922559,0.5,NA,0,1,0.555555555555556,0.5,NA,0,1,0.444444444444444,TRUE
"SASA.IS",0,98,0.65,0.558922558922559,0.5,NA,0,1,0.555555555555556,0.5,NA,0,1,0.444444444444444,TRUE
"SASA.IS",0,98,0.7,0.558922558922559,0.5,NA,0,1,0.555555555555556,0.5,NA,0,1,0.444444444444444,TRUE
"SASA.IS",0,41,0.3,0.441077441077441,0.5,0.61214953271028,1,0,0.447811447811448,0.503030303030303,0.616822429906542,1,0.00606060606060606,0.552188552188552,FALSE
"SASA.IS",0,41,0.35,0.441077441077441,0.5,0.61214953271028,1,0,0.444444444444444,0.497727272727273,0.609929078014184,0.977272727272727,0.0181818181818182,0.555555555555556,FALSE
"SASA.IS",0,41,0.4,0.441077441077441,0.499195254299641,0.610328638497653,0.99236641221374,0.00602409638554217,0.444444444444444,0.490151515151515,0.590570719602978,0.901515151515151,0.0787878787878788,0.555555555555556,FALSE
"SASA.IS",0,41,0.45,0.437710437710438,0.491354731904718,0.597590361445783,0.946564885496183,0.036144578313253,0.444444444444444,0.481818181818182,0.566929133858268,0.818181818181818,0.145454545454545,0.555555555555556,FALSE
"SASA.IS",0,41,0.5,0.505050505050505,0.529062816150097,0.566371681415929,0.732824427480916,0.325301204819277,0.471380471380471,0.492424242424242,0.534124629080119,0.681818181818182,0.303030303030303,0.528619528619529,FALSE
"SASA.IS",0,41,0.55,0.538720538720539,0.49641313344983,0.208092485549133,0.137404580152672,0.855421686746988,0.531986531986532,0.49469696969697,0.232044198895028,0.159090909090909,0.83030303030303,0.468013468013468,FALSE
"SASA.IS",0,41,0.6,0.555555555555556,0.496987951807229,NA,0,0.993975903614458,0.555555555555556,0.5,NA,0,1,0.444444444444444,TRUE
"SASA.IS",0,41,0.65,0.558922558922559,0.5,NA,0,1,0.555555555555556,0.5,NA,0,1,0.444444444444444,TRUE
"SASA.IS",0,41,0.7,0.558922558922559,0.5,NA,0,1,0.555555555555556,0.5,NA,0,1,0.444444444444444,TRUE
"SASA.IS",0,64,0.3,0.441077441077441,0.5,0.61214953271028,1,0,0.447811447811448,0.503030303030303,0.616822429906542,1,0.00606060606060606,0.552188552188552,FALSE
"SASA.IS",0,64,0.35,0.441077441077441,0.5,0.61214953271028,1,0,0.441077441077441,0.49469696969697,0.608490566037736,0.977272727272727,0.0121212121212121,0.558922558922559,FALSE
"SASA.IS",0,64,0.4,0.441077441077441,0.499195254299641,0.610328638497653,0.99236641221374,0.00602409638554217,0.454545454545455,0.503787878787879,0.606796116504854,0.946969696969697,0.0606060606060606,0.545454545454545,FALSE
"SASA.IS",0,64,0.45,0.417508417508417,0.468453968545939,0.577017114914425,0.900763358778626,0.036144578313253,0.461279461279461,0.498484848484849,0.578947368421053,0.833333333333333,0.163636363636364,0.538720538720539,FALSE
"SASA.IS",0,64,0.5,0.484848484848485,0.504552561390601,0.534954407294833,0.67175572519084,0.337349397590361,0.471380471380471,0.488636363636364,0.519877675840979,0.643939393939394,0.333333333333333,0.528619528619529,FALSE
"SASA.IS",0,64,0.55,0.538720538720539,0.493194150648395,0.16969696969697,0.106870229007634,0.879518072289157,0.528619528619529,0.487878787878788,0.186046511627907,0.121212121212121,0.854545454545454,0.471380471380471,FALSE
"SASA.IS",0,64,0.6,0.558922558922559,0.5,NA,0,1,0.545454545454545,0.490909090909091,NA,0,0.981818181818182,0.454545454545455,TRUE
"SASA.IS",0,64,0.65,0.558922558922559,0.5,NA,0,1,0.555555555555556,0.5,NA,0,1,0.444444444444444,TRUE
"SASA.IS",0,64,0.7,0.558922558922559,0.5,NA,0,1,0.555555555555556,0.5,NA,0,1,0.444444444444444,TRUE
"SASA.IS",0.05,23,0.3,0.441077441077441,0.5,0.61214953271028,1,0,0.444444444444444,0.5,0.615384615384615,1,0,0.555555555555556,TRUE
"SASA.IS",0.05,23,0.35,0.441077441077441,0.5,0.61214953271028,1,0,0.444444444444444,0.5,0.615384615384615,1,0,0.555555555555556,TRUE
"SASA.IS",0.05,23,0.4,0.441077441077441,0.5,0.61214953271028,1,0,0.444444444444444,0.5,0.615384615384615,1,0,0.555555555555556,TRUE
"SASA.IS",0.05,23,0.45,0.434343434343434,0.491561666513382,0.60377358490566,0.977099236641221,0.00602409638554217,0.454545454545455,0.50530303030303,0.610576923076923,0.962121212121212,0.0484848484848485,0.545454545454545,FALSE
"SASA.IS",0.05,23,0.5,0.494949494949495,0.499908029062816,0.486301369863014,0.541984732824427,0.457831325301205,0.474747474747475,0.477272727272727,0.458333333333333,0.5,0.454545454545455,0.525252525252525,FALSE
"SASA.IS",0.05,23,0.55,0.558922558922559,0.500804745700359,0.0150375939849624,0.00763358778625954,0.993975903614458,0.558922558922559,0.503787878787879,0.0150375939849624,0.00757575757575758,1,0.441077441077441,FALSE
"SASA.IS",0.05,23,0.6,0.558922558922559,0.5,NA,0,1,0.555555555555556,0.5,NA,0,1,0.444444444444444,TRUE
"SASA.IS",0.05,23,0.65,0.558922558922559,0.5,NA,0,1,0.555555555555556,0.5,NA,0,1,0.444444444444444,TRUE
"SASA.IS",0.05,23,0.7,0.558922558922559,0.5,NA,0,1,0.555555555555556,0.5,NA,0,1,0.444444444444444,TRUE
"SASA.IS",0.05,27,0.3,0.441077441077441,0.5,0.61214953271028,1,0,0.444444444444444,0.5,0.615384615384615,1,0,0.555555555555556,TRUE
"SASA.IS",0.05,27,0.35,0.441077441077441,0.5,0.61214953271028,1,0,0.444444444444444,0.5,0.615384615384615,1,0,0.555555555555556,TRUE
"SASA.IS",0.05,27,0.4,0.441077441077441,0.5,0.61214953271028,1,0,0.454545454545455,0.506818181818182,0.614285714285714,0.977272727272727,0.0363636363636364,0.545454545454545,FALSE
"SASA.IS",0.05,27,0.45,0.441077441077441,0.496781017198565,0.604761904761905,0.969465648854962,0.0240963855421687,0.451178451178451,0.489393939393939,0.574412532637076,0.833333333333333,0.145454545454545,0.548821548821549,FALSE
"SASA.IS",0.05,27,0.5,0.474747474747475,0.4874689598087,0.5,0.595419847328244,0.379518072289157,0.454545454545455,0.463636363636364,0.470588235294118,0.545454545454545,0.381818181818182,0.545454545454545,FALSE
"SASA.IS",0.05,27,0.55,0.552188552188552,0.504437597719121,0.163522012578616,0.099236641221374,0.909638554216867,0.535353535353535,0.487121212121212,0.0921052631578947,0.053030303030303,0.921212121212121,0.464646464646465,FALSE
"SASA.IS",0.05,27,0.6,0.558922558922559,0.5,NA,0,1,0.548821548821549,0.493939393939394,NA,0,0.987878787878788,0.451178451178451,TRUE
"SASA.IS",0.05,27,0.65,0.558922558922559,0.5,NA,0,1,0.555555555555556,0.5,NA,0,1,0.444444444444444,TRUE
"SASA.IS",0.05,27,0.7,0.558922558922559,0.5,NA,0,1,0.555555555555556,0.5,NA,0,1,0.444444444444444,TRUE
"SASA.IS",0.05,98,0.3,0.441077441077441,0.5,0.61214953271028,1,0,0.444444444444444,0.5,0.615384615384615,1,0,0.555555555555556,TRUE
"SASA.IS",0.05,98,0.35,0.441077441077441,0.5,0.61214953271028,1,0,0.444444444444444,0.5,0.615384615384615,1,0,0.555555555555556,TRUE
"SASA.IS",0.05,98,0.4,0.441077441077441,0.5,0.61214953271028,1,0,0.444444444444444,0.499242424242424,0.613583138173302,0.992424242424242,0.00606060606060606,0.555555555555556,FALSE
"SASA.IS",0.05,98,0.45,0.454545454545455,0.510438701370367,0.614285714285714,0.984732824427481,0.036144578313253,0.454545454545455,0.496969696969697,0.588832487309645,0.878787878787879,0.115151515151515,0.545454545454545,FALSE
"SASA.IS",0.05,98,0.5,0.501683501683502,0.514784328152304,0.525641025641026,0.625954198473282,0.403614457831325,0.474747474747475,0.486363636363636,0.5,0.590909090909091,0.381818181818182,0.525252525252525,FALSE
"SASA.IS",0.05,98,0.55,0.575757575757576,0.520693460866366,0.1,0.0534351145038168,0.987951807228916,0.552188552188552,0.496969696969697,NA,0,0.993939393939394,0.447811447811448,TRUE
"SASA.IS",0.05,98,0.6,0.558922558922559,0.5,NA,0,1,0.555555555555556,0.5,NA,0,1,0.444444444444444,TRUE
"SASA.IS",0.05,98,0.65,0.558922558922559,0.5,NA,0,1,0.555555555555556,0.5,NA,0,1,0.444444444444444,TRUE
"SASA.IS",0.05,98,0.7,0.558922558922559,0.5,NA,0,1,0.555555555555556,0.5,NA,0,1,0.444444444444444,TRUE
"SASA.IS",0.05,41,0.3,0.441077441077441,0.5,0.61214953271028,1,0,0.444444444444444,0.5,0.615384615384615,1,0,0.555555555555556,TRUE
"SASA.IS",0.05,41,0.35,0.441077441077441,0.5,0.61214953271028,1,0,0.441077441077441,0.495454545454545,0.610328638497653,0.984848484848485,0.00606060606060606,0.558922558922559,FALSE
"SASA.IS",0.05,41,0.4,0.441077441077441,0.499195254299641,0.610328638497653,0.99236641221374,0.00602409638554217,0.451178451178451,0.498484848484848,0.599508599508599,0.924242424242424,0.0727272727272727,0.548821548821549,FALSE
"SASA.IS",0.05,41,0.45,0.437710437710438,0.491354731904718,0.597590361445783,0.946564885496183,0.036144578313253,0.444444444444444,0.481818181818182,0.566929133858268,0.818181818181818,0.145454545454545,0.555555555555556,FALSE
"SASA.IS",0.05,41,0.5,0.505050505050505,0.529062816150097,0.566371681415929,0.732824427480916,0.325301204819277,0.464646464646465,0.486363636363636,0.530973451327434,0.681818181818182,0.290909090909091,0.535353535353535,FALSE
"SASA.IS",0.05,41,0.55,0.538720538720539,0.492389404948036,0.159509202453988,0.099236641221374,0.885542168674699,0.531986531986532,0.489393939393939,0.167664670658683,0.106060606060606,0.872727272727273,0.468013468013468,FALSE
"SASA.IS",0.05,41,0.6,0.558922558922559,0.5,NA,0,1,0.555555555555556,0.5,NA,0,1,0.444444444444444,TRUE
"SASA.IS",0.05,41,0.65,0.558922558922559,0.5,NA,0,1,0.555555555555556,0.5,NA,0,1,0.444444444444444,TRUE
"SASA.IS",0.05,41,0.7,0.558922558922559,0.5,NA,0,1,0.555555555555556,0.5,NA,0,1,0.444444444444444,TRUE
"SASA.IS",0.05,64,0.3,0.441077441077441,0.5,0.61214953271028,1,0,0.444444444444444,0.5,0.615384615384615,1,0,0.555555555555556,TRUE
"SASA.IS",0.05,64,0.35,0.441077441077441,0.5,0.61214953271028,1,0,0.441077441077441,0.495454545454545,0.610328638497653,0.984848484848485,0.00606060606060606,0.558922558922559,FALSE
"SASA.IS",0.05,64,0.4,0.441077441077441,0.499195254299641,0.610328638497653,0.99236641221374,0.00602409638554217,0.461279461279461,0.511363636363636,0.613526570048309,0.962121212121212,0.0606060606060606,0.538720538720539,FALSE
"SASA.IS",0.05,64,0.45,0.427609427609428,0.47909960452497,0.585365853658537,0.916030534351145,0.0421686746987952,0.451178451178451,0.488636363636364,0.572178477690289,0.825757575757576,0.151515151515152,0.548821548821549,FALSE
"SASA.IS",0.05,64,0.5,0.481481481481481,0.502345258898188,0.536144578313253,0.679389312977099,0.325301204819277,0.464646464646465,0.481818181818182,0.513761467889908,0.636363636363636,0.327272727272727,0.535353535353535,FALSE
"SASA.IS",0.05,64,0.55,0.528619528619529,0.480134277568288,0.113924050632911,0.0687022900763359,0.891566265060241,0.538720538720539,0.495454545454545,0.16969696969697,0.106060606060606,0.884848484848485,0.461279461279461,FALSE
"SASA.IS",0.05,64,0.6,0.558922558922559,0.5,NA,0,1,0.552188552188552,0.496969696969697,NA,0,0.993939393939394,0.447811447811448,TRUE
"SASA.IS",0.05,64,0.65,0.558922558922559,0.5,NA,0,1,0.555555555555556,0.5,NA,0,1,0.444444444444444,TRUE
"SASA.IS",0.05,64,0.7,0.558922558922559,0.5,NA,0,1,0.555555555555556,0.5,NA,0,1,0.444444444444444,TRUE
"SASA.IS",0.1,23,0.3,0.441077441077441,0.5,0.61214953271028,1,0,0.444444444444444,0.5,0.615384615384615,1,0,0.555555555555556,TRUE
"SASA.IS",0.1,23,0.35,0.441077441077441,0.5,0.61214953271028,1,0,0.444444444444444,0.5,0.615384615384615,1,0,0.555555555555556,TRUE
"SASA.IS",0.1,23,0.4,0.441077441077441,0.5,0.61214953271028,1,0,0.444444444444444,0.5,0.615384615384615,1,0,0.555555555555556,TRUE
"SASA.IS",0.1,23,0.45,0.430976430976431,0.488549618320611,0.602352941176471,0.977099236641221,0,0.447811447811448,0.499242424242424,0.607655502392345,0.962121212121212,0.0363636363636364,0.552188552188552,FALSE
"SASA.IS",0.1,23,0.5,0.505050505050505,0.511358410742205,0.501694915254237,0.564885496183206,0.457831325301205,0.461279461279461,0.466666666666667,0.459459459459459,0.515151515151515,0.418181818181818,0.538720538720539,FALSE
"SASA.IS",0.1,23,0.55,0.558922558922559,0.500804745700359,0.0150375939849624,0.00763358778625954,0.993975903614458,0.558922558922559,0.503787878787879,0.0150375939849624,0.00757575757575758,1,0.441077441077441,FALSE
"SASA.IS",0.1,23,0.6,0.558922558922559,0.5,NA,0,1,0.555555555555556,0.5,NA,0,1,0.444444444444444,TRUE
"SASA.IS",0.1,23,0.65,0.558922558922559,0.5,NA,0,1,0.555555555555556,0.5,NA,0,1,0.444444444444444,TRUE
"SASA.IS",0.1,23,0.7,0.558922558922559,0.5,NA,0,1,0.555555555555556,0.5,NA,0,1,0.444444444444444,TRUE
"SASA.IS",0.1,27,0.3,0.441077441077441,0.5,0.61214953271028,1,0,0.444444444444444,0.5,0.615384615384615,1,0,0.555555555555556,TRUE
"SASA.IS",0.1,27,0.35,0.441077441077441,0.5,0.61214953271028,1,0,0.441077441077441,0.495454545454545,0.610328638497653,0.984848484848485,0.00606060606060606,0.558922558922559,FALSE
"SASA.IS",0.1,27,0.4,0.437710437710438,0.49618320610687,0.608899297423888,0.99236641221374,0,0.457912457912458,0.508333333333333,0.612048192771084,0.962121212121212,0.0545454545454545,0.542087542087542,FALSE
"SASA.IS",0.1,27,0.45,0.437710437710438,0.492159477605077,0.599520383693046,0.954198473282443,0.0301204819277108,0.434343434343434,0.471969696969697,0.56020942408377,0.810606060606061,0.133333333333333,0.565656565656566,FALSE
"SASA.IS",0.1,27,0.5,0.478114478114478,0.495309482203624,0.520123839009288,0.641221374045801,0.349397590361446,0.461279461279461,0.475757575757576,0.5,0.606060606060606,0.345454545454545,0.538720538720539,FALSE
"SASA.IS",0.1,27,0.55,0.552188552188552,0.502023360618045,0.130718954248366,0.0763358778625954,0.927710843373494,0.525252525252525,0.475757575757576,0.0536912751677852,0.0303030303030303,0.921212121212121,0.474747474747475,FALSE
"SASA.IS",0.1,27,0.6,0.558922558922559,0.5,NA,0,1,0.552188552188552,0.496969696969697,NA,0,0.993939393939394,0.447811447811448,TRUE
"SASA.IS",0.1,27,0.65,0.558922558922559,0.5,NA,0,1,0.555555555555556,0.5,NA,0,1,0.444444444444444,TRUE
"SASA.IS",0.1,27,0.7,0.558922558922559,0.5,NA,0,1,0.555555555555556,0.5,NA,0,1,0.444444444444444,TRUE
"SASA.IS",0.1,98,0.3,0.441077441077441,0.5,0.61214953271028,1,0,0.444444444444444,0.5,0.615384615384615,1,0,0.555555555555556,TRUE
"SASA.IS",0.1,98,0.35,0.441077441077441,0.5,0.61214953271028,1,0,0.444444444444444,0.5,0.615384615384615,1,0,0.555555555555556,TRUE
"SASA.IS",0.1,98,0.4,0.441077441077441,0.5,0.61214953271028,1,0,0.444444444444444,0.499242424242424,0.613583138173302,0.992424242424242,0.00606060606060606,0.555555555555556,FALSE
"SASA.IS",0.1,98,0.45,0.451178451178451,0.506621907477237,0.610978520286396,0.977099236641221,0.036144578313253,0.457912457912458,0.500757575757576,0.592405063291139,0.886363636363636,0.115151515151515,0.542087542087542,FALSE
"SASA.IS",0.1,98,0.5,0.501683501683502,0.513979582451945,0.52258064516129,0.618320610687023,0.409638554216867,0.481481481481481,0.491666666666667,0.5,0.583333333333333,0.4,0.518518518518519,FALSE
"SASA.IS",0.1,98,0.55,0.572390572390572,0.516876666973236,0.0863309352517986,0.0458015267175573,0.987951807228916,0.552188552188552,0.496969696969697,NA,0,0.993939393939394,0.447811447811448,TRUE
"SASA.IS",0.1,98,0.6,0.558922558922559,0.5,NA,0,1,0.555555555555556,0.5,NA,0,1,0.444444444444444,TRUE
"SASA.IS",0.1,98,0.65,0.558922558922559,0.5,NA,0,1,0.555555555555556,0.5,NA,0,1,0.444444444444444,TRUE
"SASA.IS",0.1,98,0.7,0.558922558922559,0.5,NA,0,1,0.555555555555556,0.5,NA,0,1,0.444444444444444,TRUE
"SASA.IS",0.1,41,0.3,0.441077441077441,0.5,0.61214953271028,1,0,0.444444444444444,0.5,0.615384615384615,1,0,0.555555555555556,TRUE
"SASA.IS",0.1,41,0.35,0.441077441077441,0.5,0.61214953271028,1,0,0.441077441077441,0.495454545454545,0.610328638497653,0.984848484848485,0.00606060606060606,0.558922558922559,FALSE
"SASA.IS",0.1,41,0.4,0.441077441077441,0.499195254299641,0.610328638497653,0.99236641221374,0.00602409638554217,0.457912457912458,0.506060606060606,0.606356968215159,0.939393939393939,0.0727272727272727,0.542087542087542,FALSE
"SASA.IS",0.1,41,0.45,0.437710437710438,0.491354731904718,0.597590361445783,0.946564885496183,0.036144578313253,0.444444444444444,0.481818181818182,0.566929133858268,0.818181818181818,0.145454545454545,0.555555555555556,FALSE
"SASA.IS",0.1,41,0.5,0.501683501683502,0.525246022256967,0.562130177514793,0.725190839694656,0.325301204819277,0.461279461279461,0.483333333333333,0.529411764705882,0.681818181818182,0.284848484848485,0.538720538720539,FALSE
"SASA.IS",0.1,41,0.55,0.535353535353535,0.488572611054907,0.148148148148148,0.0916030534351145,0.885542168674699,0.531986531986532,0.488636363636364,0.157575757575758,0.0984848484848485,0.878787878787879,0.468013468013468,FALSE
"SASA.IS",0.1,41,0.6,0.558922558922559,0.5,NA,0,1,0.555555555555556,0.5,NA,0,1,0.444444444444444,TRUE
"SASA.IS",0.1,41,0.65,0.558922558922559,0.5,NA,0,1,0.555555555555556,0.5,NA,0,1,0.444444444444444,TRUE
"SASA.IS",0.1,41,0.7,0.558922558922559,0.5,NA,0,1,0.555555555555556,0.5,NA,0,1,0.444444444444444,TRUE
"SASA.IS",0.1,64,0.3,0.441077441077441,0.5,0.61214953271028,1,0,0.444444444444444,0.5,0.615384615384615,1,0,0.555555555555556,TRUE
"SASA.IS",0.1,64,0.35,0.441077441077441,0.5,0.61214953271028,1,0,0.441077441077441,0.495454545454545,0.610328638497653,0.984848484848485,0.00606060606060606,0.558922558922559,FALSE
"SASA.IS",0.1,64,0.4,0.441077441077441,0.499195254299641,0.610328638497653,0.99236641221374,0.00602409638554217,0.457912457912458,0.508333333333333,0.612048192771084,0.962121212121212,0.0545454545454545,0.542087542087542,FALSE
"SASA.IS",0.1,64,0.45,0.417508417508417,0.468453968545939,0.577017114914425,0.900763358778626,0.036144578313253,0.451178451178451,0.488636363636364,0.572178477690289,0.825757575757576,0.151515151515152,0.548821548821549,FALSE
"SASA.IS",0.1,64,0.5,0.484848484848485,0.501333578589166,0.523364485981308,0.641221374045801,0.36144578313253,0.461279461279461,0.476515151515152,0.503105590062112,0.613636363636364,0.339393939393939,0.538720538720539,FALSE
"SASA.IS",0.1,64,0.55,0.528619528619529,0.480134277568288,0.113924050632911,0.0687022900763359,0.891566265060241,0.535353535353535,0.492424242424242,0.168674698795181,0.106060606060606,0.878787878787879,0.464646464646465,FALSE
"SASA.IS",0.1,64,0.6,0.558922558922559,0.5,NA,0,1,0.552188552188552,0.496969696969697,NA,0,0.993939393939394,0.447811447811448,TRUE
"SASA.IS",0.1,64,0.65,0.558922558922559,0.5,NA,0,1,0.555555555555556,0.5,NA,0,1,0.444444444444444,TRUE
"SASA.IS",0.1,64,0.7,0.558922558922559,0.5,NA,0,1,0.555555555555556,0.5,NA,0,1,0.444444444444444,TRUE
"TAVHL.IS",0,23,0.3,0.578947368421053,0.5,0.733333333333333,1,0,0.498360655737705,0.5,0.665207877461707,1,0,0.501639344262295,TRUE
"TAVHL.IS",0,23,0.35,0.578947368421053,0.5,0.733333333333333,1,0,0.498360655737705,0.5,0.665207877461707,1,0,0.501639344262295,TRUE
"TAVHL.IS",0,23,0.4,0.578947368421053,0.5,0.733333333333333,1,0,0.498360655737705,0.5,0.665207877461707,1,0,0.501639344262295,TRUE
"TAVHL.IS",0,23,0.45,0.588815789473684,0.518110795454545,0.731182795698925,0.965909090909091,0.0703125,0.495081967213115,0.496603027175783,0.654708520179372,0.960526315789474,0.0326797385620915,0.504918032786885,FALSE
"TAVHL.IS",0,23,0.5,0.549342105263158,0.533025568181818,0.620498614958449,0.636363636363636,0.4296875,0.514754098360656,0.515049879600963,0.55421686746988,0.605263157894737,0.42483660130719,0.485245901639344,FALSE
"TAVHL.IS",0,23,0.55,0.434210526315789,0.502840909090909,0.122448979591837,0.0681818181818182,0.9375,0.491803278688525,0.490239078087375,0.0251572327044025,0.0131578947368421,0.967320261437909,0.508196721311475,FALSE
"TAVHL.IS",0,23,0.6,0.421052631578947,0.5,NA,0,1,0.501639344262295,0.5,NA,0,1,0.498360655737705,TRUE
"TAVHL.IS",0,23,0.65,0.421052631578947,0.5,NA,0,1,0.501639344262295,0.5,NA,0,1,0.498360655737705,TRUE
"TAVHL.IS",0,23,0.7,0.421052631578947,0.5,NA,0,1,0.501639344262295,0.5,NA,0,1,0.498360655737705,TRUE
"TAVHL.IS",0,27,0.3,0.572368421052632,0.496448863636364,0.725738396624473,0.977272727272727,0.015625,0.498360655737705,0.5,0.665207877461707,1,0,0.501639344262295,TRUE
"TAVHL.IS",0,27,0.35,0.582236842105263,0.510298295454545,0.728051391862955,0.965909090909091,0.0546875,0.498360655737705,0.499935500515996,0.660753880266075,0.980263157894737,0.0196078431372549,0.501639344262295,FALSE
"TAVHL.IS",0,27,0.4,0.585526315789474,0.520596590909091,0.722466960352423,0.931818181818182,0.109375,0.518032786885246,0.519435844513244,0.662068965517241,0.947368421052632,0.0915032679738562,0.481967213114754,FALSE
"TAVHL.IS",0,27,0.45,0.559210526315789,0.514914772727273,0.676328502415459,0.795454545454545,0.234375,0.514754098360656,0.515608875128999,0.614583333333333,0.776315789473684,0.254901960784314,0.485245901639344,FALSE
"TAVHL.IS",0,27,0.5,0.549342105263158,0.545809659090909,0.593471810089021,0.568181818181818,0.5234375,0.491803278688525,0.491851565187479,0.498381877022654,0.506578947368421,0.477124183006536,0.508196721311475,FALSE
"TAVHL.IS",0,27,0.55,0.4375,0.490767045454545,0.24,0.153409090909091,0.828125,0.475409836065574,0.474544203646371,0.285714285714286,0.210526315789474,0.738562091503268,0.524590163934426,FALSE
"TAVHL.IS",0,27,0.6,0.440789473684211,0.506392045454545,0.158415841584158,0.0909090909090909,0.921875,0.488524590163934,0.487379600963192,0.212121212121212,0.138157894736842,0.836601307189543,0.511475409836066,FALSE
"TAVHL.IS",0,27,0.65,0.430921052631579,0.503196022727273,0.0846560846560847,0.0454545454545455,0.9609375,0.524590163934426,0.523241314069487,0.189944134078212,0.111842105263158,0.934640522875817,0.475409836065574,FALSE
"TAVHL.IS",0,27,0.7,0.424342105263158,0.501775568181818,0.0223463687150838,0.0113636363636364,0.9921875,0.518032786885246,0.516576367389061,0.130177514792899,0.0723684210526316,0.96078431372549,0.481967213114754,FALSE
"TAVHL.IS",0,98,0.3,0.572368421052632,0.494318181818182,0.728033472803347,0.988636363636364,0,0.498360655737705,0.5,0.665207877461707,1,0,0.501639344262295,TRUE
"TAVHL.IS",0,98,0.35,0.582236842105263,0.510298295454545,0.728051391862955,0.965909090909091,0.0546875,0.498360655737705,0.499957000343997,0.662251655629139,0.986842105263158,0.0130718954248366,0.501639344262295,FALSE
"TAVHL.IS",0,98,0.4,0.585526315789474,0.51953125,0.723684210526316,0.9375,0.1015625,0.511475409836066,0.512921396628827,0.660592255125285,0.953947368421053,0.0718954248366013,0.488524590163934,FALSE
"TAVHL.IS",0,98,0.45,0.552631578947368,0.507102272727273,0.673076923076923,0.795454545454545,0.21875,0.514754098360656,0.515673374613003,0.620512820512821,0.796052631578947,0.235294117647059,0.485245901639344,FALSE
"TAVHL.IS",0,98,0.5,0.555921052631579,0.551491477272727,0.601769911504425,0.579545454545455,0.5234375,0.472131147540984,0.472136222910217,0.472131147540984,0.473684210526316,0.470588235294118,0.527868852459016,FALSE
"TAVHL.IS",0,98,0.55,0.467105263157895,0.517400568181818,0.301724137931034,0.198863636363636,0.8359375,0.459016393442623,0.45811833505332,0.253393665158371,0.184210526315789,0.73202614379085,0.540983606557377,FALSE
"TAVHL.IS",0,98,0.6,0.427631578947368,0.49609375,0.112244897959184,0.0625,0.9296875,0.491803278688525,0.4906260749914,0.205128205128205,0.131578947368421,0.849673202614379,0.508196721311475,FALSE
"TAVHL.IS",0,98,0.65,0.430921052631579,0.504261363636364,0.0748663101604278,0.0397727272727273,0.96875,0.518032786885246,0.516597867217062,0.140350877192982,0.0789473684210526,0.954248366013072,0.481967213114754,FALSE
"TAVHL.IS",0,98,0.7,0.424342105263158,0.501775568181818,0.0223463687150838,0.0113636363636364,0.9921875,0.511475409836066,0.509889920880633,0.0509554140127388,0.0263157894736842,0.993464052287582,0.488524590163934,FALSE
"TAVHL.IS",0,41,0.3,0.578947368421053,0.5,0.733333333333333,1,0,0.498360655737705,0.5,0.665207877461707,1,0,0.501639344262295,TRUE
"TAVHL.IS",0,41,0.35,0.578947368421053,0.5,0.733333333333333,1,0,0.498360655737705,0.5,0.665207877461707,1,0,0.501639344262295,TRUE
"TAVHL.IS",0,41,0.4,0.578947368421053,0.5,0.733333333333333,1,0,0.504918032786885,0.506514447884417,0.666666666666667,0.993421052631579,0.0196078431372549,0.495081967213115,FALSE
"TAVHL.IS",0,41,0.45,0.546052631578947,0.482244318181818,0.693333333333333,0.886363636363636,0.078125,0.524590163934426,0.525950292397661,0.663573085846868,0.940789473684211,0.111111111111111,0.475409836065574,FALSE
"TAVHL.IS",0,41,0.5,0.559210526315789,0.567116477272727,0.575949367088608,0.517045454545455,0.6171875,0.485245901639344,0.485229618163055,0.481848184818482,0.480263157894737,0.490196078431373,0.514754098360656,FALSE
"TAVHL.IS",0,41,0.55,0.467105263157895,0.529119318181818,0.228571428571429,0.136363636363636,0.921875,0.478688524590164,0.477403680770554,0.140540540540541,0.0855263157894737,0.869281045751634,0.521311475409836,FALSE
"TAVHL.IS",0,41,0.6,0.434210526315789,0.504971590909091,0.104166666666667,0.0568181818181818,0.953125,0.498360655737705,0.496775025799794,0.0254777070063694,0.0131578947368421,0.980392156862745,0.501639344262295,FALSE
"TAVHL.IS",0,41,0.65,0.421052631578947,0.498934659090909,0.0112359550561798,0.00568181818181818,0.9921875,0.501639344262295,0.5,NA,0,1,0.498360655737705,TRUE
"TAVHL.IS",0,41,0.7,0.421052631578947,0.5,NA,0,1,0.501639344262295,0.5,NA,0,1,0.498360655737705,TRUE
"TAVHL.IS",0,64,0.3,0.578947368421053,0.5,0.733333333333333,1,0,0.498360655737705,0.5,0.665207877461707,1,0,0.501639344262295,TRUE
"TAVHL.IS",0,64,0.35,0.572368421052632,0.494318181818182,0.728033472803347,0.988636363636364,0,0.498360655737705,0.5,0.665207877461707,1,0,0.501639344262295,TRUE
"TAVHL.IS",0,64,0.4,0.585526315789474,0.514204545454545,0.729613733905579,0.965909090909091,0.0625,0.495081967213115,0.496667526659787,0.65929203539823,0.980263157894737,0.0130718954248366,0.504918032786885,FALSE
"TAVHL.IS",0,64,0.45,0.569078947368421,0.527698863636364,0.679706601466993,0.789772727272727,0.265625,0.511475409836066,0.512534399724802,0.630272952853598,0.835526315789474,0.189542483660131,0.488524590163934,FALSE
"TAVHL.IS",0,64,0.5,0.546052631578947,0.54296875,0.589285714285714,0.5625,0.5234375,0.521311475409836,0.521349329205366,0.525974025974026,0.532894736842105,0.509803921568627,0.478688524590164,FALSE
"TAVHL.IS",0,64,0.55,0.457236842105263,0.503551136363636,0.309623430962343,0.210227272727273,0.796875,0.475409836065574,0.474565703474372,0.292035398230088,0.217105263157895,0.73202614379085,0.524590163934426,FALSE
"TAVHL.IS",0,64,0.6,0.434210526315789,0.502840909090909,0.122448979591837,0.0681818181818182,0.9375,0.504918032786885,0.503633470932233,0.183783783783784,0.111842105263158,0.895424836601307,0.495081967213115,FALSE
"TAVHL.IS",0,64,0.65,0.424342105263158,0.501775568181818,0.0223463687150838,0.0113636363636364,0.9921875,0.504918032786885,0.503353973168215,0.050314465408805,0.0263157894736842,0.980392156862745,0.495081967213115,FALSE
"TAVHL.IS",0,64,0.7,0.421052631578947,0.498934659090909,0.0112359550561798,0.00568181818181818,0.9921875,0.501639344262295,0.5,NA,0,1,0.498360655737705,TRUE
"TAVHL.IS",0.05,23,0.3,0.578947368421053,0.5,0.733333333333333,1,0,0.498360655737705,0.5,0.665207877461707,1,0,0.501639344262295,TRUE
"TAVHL.IS",0.05,23,0.35,0.578947368421053,0.5,0.733333333333333,1,0,0.498360655737705,0.5,0.665207877461707,1,0,0.501639344262295,TRUE
"TAVHL.IS",0.05,23,0.4,0.578947368421053,0.5,0.733333333333333,1,0,0.498360655737705,0.5,0.665207877461707,1,0,0.501639344262295,TRUE
"TAVHL.IS",0.05,23,0.45,0.582236842105263,0.512428977272727,0.725701943844492,0.954545454545455,0.0703125,0.495081967213115,0.496603027175783,0.654708520179372,0.960526315789474,0.0326797385620915,0.504918032786885,FALSE
"TAVHL.IS",0.05,23,0.5,0.542763157894737,0.528409090909091,0.610644257703081,0.619318181818182,0.4375,0.508196721311475,0.508449432404541,0.542682926829268,0.585526315789474,0.431372549019608,0.491803278688525,FALSE
"TAVHL.IS",0.05,23,0.55,0.434210526315789,0.50390625,0.11340206185567,0.0625,0.9453125,0.498360655737705,0.496775025799794,0.0254777070063694,0.0131578947368421,0.980392156862745,0.501639344262295,FALSE
"TAVHL.IS",0.05,23,0.6,0.421052631578947,0.5,NA,0,1,0.501639344262295,0.5,NA,0,1,0.498360655737705,TRUE
"TAVHL.IS",0.05,23,0.65,0.421052631578947,0.5,NA,0,1,0.501639344262295,0.5,NA,0,1,0.498360655737705,TRUE
"TAVHL.IS",0.05,23,0.7,0.421052631578947,0.5,NA,0,1,0.501639344262295,0.5,NA,0,1,0.498360655737705,TRUE
"TAVHL.IS",0.05,27,0.3,0.578947368421053,0.5,0.733333333333333,1,0,0.498360655737705,0.5,0.665207877461707,1,0,0.501639344262295,TRUE
"TAVHL.IS",0.05,27,0.35,0.578947368421053,0.5,0.733333333333333,1,0,0.498360655737705,0.5,0.665207877461707,1,0,0.501639344262295,TRUE
"TAVHL.IS",0.05,27,0.4,0.578947368421053,0.5,0.733333333333333,1,0,0.498360655737705,0.5,0.665207877461707,1,0,0.501639344262295,TRUE
"TAVHL.IS",0.05,27,0.45,0.595394736842105,0.53125,0.728476821192053,0.9375,0.125,0.495081967213115,0.49656002751978,0.65158371040724,0.947368421052632,0.0457516339869281,0.504918032786885,FALSE
"TAVHL.IS",0.05,27,0.5,0.526315789473684,0.520596590909091,0.576470588235294,0.556818181818182,0.484375,0.521311475409836,0.521607327141383,0.560240963855422,0.611842105263158,0.431372549019608,0.478688524590164,FALSE
"TAVHL.IS",0.05,27,0.55,0.447368421052632,0.513139204545455,0.168316831683168,0.0965909090909091,0.9296875,0.468852459016393,0.467535259717922,0.10989010989011,0.0657894736842105,0.869281045751634,0.531147540983607,FALSE
"TAVHL.IS",0.05,27,0.6,0.430921052631579,0.506392045454545,0.0546448087431694,0.0284090909090909,0.984375,0.504918032786885,0.503310973512212,0.0258064516129032,0.0131578947368421,0.993464052287582,0.495081967213115,FALSE
"TAVHL.IS",0.05,27,0.65,0.421052631578947,0.5,NA,0,1,0.501639344262295,0.5,NA,0,1,0.498360655737705,TRUE
"TAVHL.IS",0.05,27,0.7,0.421052631578947,0.5,NA,0,1,0.501639344262295,0.5,NA,0,1,0.498360655737705,TRUE
"TAVHL.IS",0.05,98,0.3,0.572368421052632,0.494318181818182,0.728033472803347,0.988636363636364,0,0.498360655737705,0.5,0.665207877461707,1,0,0.501639344262295,TRUE
"TAVHL.IS",0.05,98,0.35,0.582236842105263,0.509232954545455,0.729211087420043,0.971590909090909,0.046875,0.498360655737705,0.499957000343997,0.662251655629139,0.986842105263158,0.0130718954248366,0.501639344262295,FALSE
"TAVHL.IS",0.05,98,0.4,0.585526315789474,0.51953125,0.723684210526316,0.9375,0.1015625,0.511475409836066,0.512921396628827,0.660592255125285,0.953947368421053,0.0718954248366013,0.488524590163934,FALSE
"TAVHL.IS",0.05,98,0.45,0.552631578947368,0.507102272727273,0.673076923076923,0.795454545454545,0.21875,0.514754098360656,0.515673374613003,0.620512820512821,0.796052631578947,0.235294117647059,0.485245901639344,FALSE
"TAVHL.IS",0.05,98,0.5,0.549342105263158,0.549005681818182,0.586102719033233,0.551136363636364,0.546875,0.465573770491803,0.465492776057791,0.451178451178451,0.440789473684211,0.490196078431373,0.534426229508197,FALSE
"TAVHL.IS",0.05,98,0.55,0.467105263157895,0.520596590909091,0.283185840707965,0.181818181818182,0.859375,0.462295081967213,0.461386308909529,0.254545454545455,0.184210526315789,0.738562091503268,0.537704918032787,FALSE
"TAVHL.IS",0.05,98,0.6,0.427631578947368,0.49609375,0.112244897959184,0.0625,0.9296875,0.491803278688525,0.490604575163399,0.196891191709845,0.125,0.856209150326797,0.508196721311475,FALSE
"TAVHL.IS",0.05,98,0.65,0.430921052631579,0.504261363636364,0.0748663101604278,0.0397727272727273,0.96875,0.518032786885246,0.516576367389061,0.130177514792899,0.0723684210526316,0.96078431372549,0.481967213114754,FALSE
"TAVHL.IS",0.05,98,0.7,0.424342105263158,0.501775568181818,0.0223463687150838,0.0113636363636364,0.9921875,0.511475409836066,0.509889920880633,0.0509554140127388,0.0263157894736842,0.993464052287582,0.488524590163934,FALSE
"TAVHL.IS",0.05,41,0.3,0.578947368421053,0.5,0.733333333333333,1,0,0.498360655737705,0.5,0.665207877461707,1,0,0.501639344262295,TRUE
"TAVHL.IS",0.05,41,0.35,0.578947368421053,0.5,0.733333333333333,1,0,0.498360655737705,0.5,0.665207877461707,1,0,0.501639344262295,TRUE
"TAVHL.IS",0.05,41,0.4,0.578947368421053,0.5,0.733333333333333,1,0,0.504918032786885,0.506514447884417,0.666666666666667,0.993421052631579,0.0196078431372549,0.495081967213115,FALSE
"TAVHL.IS",0.05,41,0.45,0.546052631578947,0.483309659090909,0.691964285714286,0.880681818181818,0.0859375,0.524590163934426,0.525928792569659,0.662004662004662,0.934210526315789,0.117647058823529,0.475409836065574,FALSE
"TAVHL.IS",0.05,41,0.5,0.559210526315789,0.568181818181818,0.573248407643312,0.511363636363636,0.625,0.481967213114754,0.48187564499484,0.466216216216216,0.453947368421053,0.509803921568627,0.518032786885246,FALSE
"TAVHL.IS",0.05,41,0.55,0.467105263157895,0.529119318181818,0.228571428571429,0.136363636363636,0.921875,0.478688524590164,0.477382180942552,0.131147540983607,0.0789473684210526,0.875816993464052,0.521311475409836,FALSE
"TAVHL.IS",0.05,41,0.6,0.427631578947368,0.499289772727273,0.0842105263157895,0.0454545454545455,0.953125,0.498360655737705,0.496775025799794,0.0254777070063694,0.0131578947368421,0.980392156862745,0.501639344262295,FALSE
"TAVHL.IS",0.05,41,0.65,0.421052631578947,0.498934659090909,0.0112359550561798,0.00568181818181818,0.9921875,0.501639344262295,0.5,NA,0,1,0.498360655737705,TRUE
"TAVHL.IS",0.05,41,0.7,0.421052631578947,0.5,NA,0,1,0.501639344262295,0.5,NA,0,1,0.498360655737705,TRUE
"TAVHL.IS",0.05,64,0.3,0.578947368421053,0.5,0.733333333333333,1,0,0.498360655737705,0.5,0.665207877461707,1,0,0.501639344262295,TRUE
"TAVHL.IS",0.05,64,0.35,0.572368421052632,0.494318181818182,0.728033472803347,0.988636363636364,0,0.498360655737705,0.5,0.665207877461707,1,0,0.501639344262295,TRUE
"TAVHL.IS",0.05,64,0.4,0.585526315789474,0.516335227272727,0.727272727272727,0.954545454545455,0.078125,0.495081967213115,0.496667526659787,0.65929203539823,0.980263157894737,0.0130718954248366,0.504918032786885,FALSE
"TAVHL.IS",0.05,64,0.45,0.5625,0.518821022727273,0.677966101694915,0.795454545454545,0.2421875,0.518032786885246,0.51907034743722,0.633416458852868,0.835526315789474,0.202614379084967,0.481967213114754,FALSE
"TAVHL.IS",0.05,64,0.5,0.542763157894737,0.537997159090909,0.589970501474926,0.568181818181818,0.5078125,0.518032786885246,0.518038355693154,0.518032786885246,0.519736842105263,0.516339869281046,0.481967213114754,FALSE
"TAVHL.IS",0.05,64,0.55,0.450657894736842,0.5,0.283261802575107,0.1875,0.8125,0.475409836065574,0.474587203302374,0.298245614035088,0.223684210526316,0.725490196078431,0.524590163934426,FALSE
"TAVHL.IS",0.05,64,0.6,0.434210526315789,0.502840909090909,0.122448979591837,0.0681818181818182,0.9375,0.504918032786885,0.503633470932233,0.183783783783784,0.111842105263158,0.895424836601307,0.495081967213115,FALSE
"TAVHL.IS",0.05,64,0.65,0.424342105263158,0.501775568181818,0.0223463687150838,0.0113636363636364,0.9921875,0.504918032786885,0.503353973168215,0.050314465408805,0.0263157894736842,0.980392156862745,0.495081967213115,FALSE
"TAVHL.IS",0.05,64,0.7,0.421052631578947,0.498934659090909,0.0112359550561798,0.00568181818181818,0.9921875,0.501639344262295,0.5,NA,0,1,0.498360655737705,TRUE
"TAVHL.IS",0.1,23,0.3,0.578947368421053,0.5,0.733333333333333,1,0,0.498360655737705,0.5,0.665207877461707,1,0,0.501639344262295,TRUE
"TAVHL.IS",0.1,23,0.35,0.578947368421053,0.5,0.733333333333333,1,0,0.498360655737705,0.5,0.665207877461707,1,0,0.501639344262295,TRUE
"TAVHL.IS",0.1,23,0.4,0.578947368421053,0.5,0.733333333333333,1,0,0.498360655737705,0.5,0.665207877461707,1,0,0.501639344262295,TRUE
"TAVHL.IS",0.1,23,0.45,0.588815789473684,0.518110795454545,0.731182795698925,0.965909090909091,0.0703125,0.495081967213115,0.496603027175783,0.654708520179372,0.960526315789474,0.0326797385620915,0.504918032786885,FALSE
"TAVHL.IS",0.1,23,0.5,0.549342105263158,0.533025568181818,0.620498614958449,0.636363636363636,0.4296875,0.514754098360656,0.515049879600963,0.55421686746988,0.605263157894737,0.42483660130719,0.485245901639344,FALSE
"TAVHL.IS",0.1,23,0.55,0.434210526315789,0.50390625,0.11340206185567,0.0625,0.9453125,0.498360655737705,0.496775025799794,0.0254777070063694,0.0131578947368421,0.980392156862745,0.501639344262295,FALSE
"TAVHL.IS",0.1,23,0.6,0.421052631578947,0.5,NA,0,1,0.501639344262295,0.5,NA,0,1,0.498360655737705,TRUE
"TAVHL.IS",0.1,23,0.65,0.421052631578947,0.5,NA,0,1,0.501639344262295,0.5,NA,0,1,0.498360655737705,TRUE
"TAVHL.IS",0.1,23,0.7,0.421052631578947,0.5,NA,0,1,0.501639344262295,0.5,NA,0,1,0.498360655737705,TRUE
"TAVHL.IS",0.1,27,0.3,0.578947368421053,0.5,0.733333333333333,1,0,0.498360655737705,0.5,0.665207877461707,1,0,0.501639344262295,TRUE
"TAVHL.IS",0.1,27,0.35,0.578947368421053,0.5,0.733333333333333,1,0,0.498360655737705,0.5,0.665207877461707,1,0,0.501639344262295,TRUE
"TAVHL.IS",0.1,27,0.4,0.578947368421053,0.5,0.733333333333333,1,0,0.498360655737705,0.5,0.665207877461707,1,0,0.501639344262295,TRUE
"TAVHL.IS",0.1,27,0.45,0.588815789473684,0.522372159090909,0.726477024070022,0.943181818181818,0.1015625,0.491803278688525,0.493313553491572,0.651685393258427,0.953947368421053,0.0326797385620915,0.508196721311475,FALSE
"TAVHL.IS",0.1,27,0.5,0.532894736842105,0.525213068181818,0.587209302325581,0.573863636363636,0.4765625,0.521311475409836,0.521607327141383,0.560240963855422,0.611842105263158,0.431372549019608,0.478688524590164,FALSE
"TAVHL.IS",0.1,27,0.55,0.447368421052632,0.513139204545455,0.168316831683168,0.0965909090909091,0.9296875,0.468852459016393,0.467535259717922,0.10989010989011,0.0657894736842105,0.869281045751634,0.531147540983607,FALSE
"TAVHL.IS",0.1,27,0.6,0.430921052631579,0.506392045454545,0.0546448087431694,0.0284090909090909,0.984375,0.504918032786885,0.503310973512212,0.0258064516129032,0.0131578947368421,0.993464052287582,0.495081967213115,FALSE
"TAVHL.IS",0.1,27,0.65,0.421052631578947,0.5,NA,0,1,0.501639344262295,0.5,NA,0,1,0.498360655737705,TRUE
"TAVHL.IS",0.1,27,0.7,0.421052631578947,0.5,NA,0,1,0.501639344262295,0.5,NA,0,1,0.498360655737705,TRUE
"TAVHL.IS",0.1,98,0.3,0.578947368421053,0.5,0.733333333333333,1,0,0.498360655737705,0.5,0.665207877461707,1,0,0.501639344262295,TRUE
"TAVHL.IS",0.1,98,0.35,0.585526315789474,0.5078125,0.736401673640167,1,0.015625,0.498360655737705,0.5,0.665207877461707,1,0,0.501639344262295,TRUE
"TAVHL.IS",0.1,98,0.4,0.592105263157895,0.522017045454545,0.732758620689655,0.965909090909091,0.078125,0.495081967213115,0.496667526659787,0.65929203539823,0.980263157894737,0.0130718954248366,0.504918032786885,FALSE
"TAVHL.IS",0.1,98,0.45,0.559210526315789,0.504261363636364,0.691244239631337,0.852272727272727,0.15625,0.527868852459016,0.529046267629859,0.652173913043478,0.888157894736842,0.169934640522876,0.472131147540984,FALSE
"TAVHL.IS",0.1,98,0.5,0.542763157894737,0.541193181818182,0.582582582582583,0.551136363636364,0.53125,0.491803278688525,0.491701066391469,0.474576271186441,0.460526315789474,0.522875816993464,0.508196721311475,FALSE
"TAVHL.IS",0.1,98,0.55,0.473684210526316,0.526278409090909,0.298245614035088,0.193181818181818,0.859375,0.481967213114754,0.481015651874785,0.268518518518519,0.190789473684211,0.77124183006536,0.518032786885246,FALSE
"TAVHL.IS",0.1,98,0.6,0.434210526315789,0.502840909090909,0.122448979591837,0.0681818181818182,0.9375,0.491803278688525,0.490346577227382,0.0828402366863905,0.0460526315789474,0.934640522875817,0.508196721311475,FALSE
"TAVHL.IS",0.1,98,0.65,0.424342105263158,0.501775568181818,0.0223463687150838,0.0113636363636364,0.9921875,0.504918032786885,0.503310973512212,0.0258064516129032,0.0131578947368421,0.993464052287582,0.495081967213115,FALSE
"TAVHL.IS",0.1,98,0.7,0.421052631578947,0.498934659090909,0.0112359550561798,0.00568181818181818,0.9921875,0.501639344262295,0.5,NA,0,1,0.498360655737705,TRUE
"TAVHL.IS",0.1,41,0.3,0.578947368421053,0.5,0.733333333333333,1,0,0.498360655737705,0.5,0.665207877461707,1,0,0.501639344262295,TRUE
"TAVHL.IS",0.1,41,0.35,0.578947368421053,0.5,0.733333333333333,1,0,0.498360655737705,0.5,0.665207877461707,1,0,0.501639344262295,TRUE
"TAVHL.IS",0.1,41,0.4,0.578947368421053,0.5,0.733333333333333,1,0,0.504918032786885,0.506492948056416,0.665188470066519,0.986842105263158,0.0261437908496732,0.495081967213115,FALSE
"TAVHL.IS",0.1,41,0.45,0.546052631578947,0.483309659090909,0.691964285714286,0.880681818181818,0.0859375,0.531147540983607,0.532443240454076,0.663529411764706,0.927631578947368,0.137254901960784,0.468852459016393,FALSE
"TAVHL.IS",0.1,41,0.5,0.546052631578947,0.563210227272727,0.536912751677852,0.454545454545455,0.671875,0.478688524590164,0.478543171654627,0.45360824742268,0.434210526315789,0.522875816993464,0.521311475409836,FALSE
"TAVHL.IS",0.1,41,0.55,0.453947368421053,0.518821022727273,0.186274509803922,0.107954545454545,0.9296875,0.478688524590164,0.477382180942552,0.131147540983607,0.0789473684210526,0.875816993464052,0.521311475409836,FALSE
"TAVHL.IS",0.1,41,0.6,0.427631578947368,0.500355113636364,0.074468085106383,0.0397727272727273,0.9609375,0.504918032786885,0.503310973512212,0.0258064516129032,0.0131578947368421,0.993464052287582,0.495081967213115,FALSE
"TAVHL.IS",0.1,41,0.65,0.421052631578947,0.5,NA,0,1,0.501639344262295,0.5,NA,0,1,0.498360655737705,TRUE
"TAVHL.IS",0.1,41,0.7,0.421052631578947,0.5,NA,0,1,0.501639344262295,0.5,NA,0,1,0.498360655737705,TRUE
"TAVHL.IS",0.1,64,0.3,0.578947368421053,0.5,0.733333333333333,1,0,0.498360655737705,0.5,0.665207877461707,1,0,0.501639344262295,TRUE
"TAVHL.IS",0.1,64,0.35,0.572368421052632,0.494318181818182,0.728033472803347,0.988636363636364,0,0.498360655737705,0.5,0.665207877461707,1,0,0.501639344262295,TRUE
"TAVHL.IS",0.1,64,0.4,0.588815789473684,0.519176136363636,0.730021598272138,0.960227272727273,0.078125,0.498360655737705,0.499957000343997,0.662251655629139,0.986842105263158,0.0130718954248366,0.501639344262295,FALSE
"TAVHL.IS",0.1,64,0.45,0.555921052631579,0.509943181818182,0.676258992805755,0.801136363636364,0.21875,0.518032786885246,0.51907034743722,0.633416458852868,0.835526315789474,0.202614379084967,0.481967213114754,FALSE
"TAVHL.IS",0.1,64,0.5,0.542763157894737,0.5390625,0.587537091988131,0.5625,0.515625,0.511475409836066,0.511502407980736,0.514657980456026,0.519736842105263,0.503267973856209,0.488524590163934,FALSE
"TAVHL.IS",0.1,64,0.55,0.457236842105263,0.508877840909091,0.279475982532751,0.181818181818182,0.8359375,0.478688524590164,0.477855177158583,0.299559471365639,0.223684210526316,0.73202614379085,0.521311475409836,FALSE
"TAVHL.IS",0.1,64,0.6,0.434210526315789,0.502840909090909,0.122448979591837,0.0681818181818182,0.9375,0.504918032786885,0.503633470932233,0.183783783783784,0.111842105263158,0.895424836601307,0.495081967213115,FALSE
"TAVHL.IS",0.1,64,0.65,0.424342105263158,0.501775568181818,0.0223463687150838,0.0113636363636364,0.9921875,0.504918032786885,0.503353973168215,0.050314465408805,0.0263157894736842,0.980392156862745,0.495081967213115,FALSE
"TAVHL.IS",0.1,64,0.7,0.421052631578947,0.498934659090909,0.0112359550561798,0.00568181818181818,0.9921875,0.501639344262295,0.5,NA,0,1,0.498360655737705,TRUE
"HEKTS.IS",0,23,0.3,0.411184210526316,0.5,0.582750582750583,1,0,0.432786885245902,0.5,0.604118993135011,1,0,0.567213114754098,TRUE
"HEKTS.IS",0,23,0.35,0.411184210526316,0.5,0.582750582750583,1,0,0.432786885245902,0.499102294622526,0.602298850574713,0.992424242424242,0.00578034682080925,0.567213114754098,FALSE
"HEKTS.IS",0,23,0.4,0.417763157894737,0.499553072625698,0.575539568345324,0.96,0.0391061452513966,0.445901639344262,0.508867577509196,0.604215456674473,0.977272727272727,0.0404624277456647,0.554098360655738,FALSE
"HEKTS.IS",0,23,0.45,0.483552631578947,0.53731843575419,0.572207084468665,0.84,0.23463687150838,0.445901639344262,0.489118059204764,0.558746736292428,0.810606060606061,0.167630057803468,0.554098360655738,FALSE
"HEKTS.IS",0,23,0.5,0.546052631578947,0.528849162011173,0.439024390243902,0.432,0.625698324022346,0.416393442622951,0.408346470485199,0.340740740740741,0.348484848484849,0.468208092485549,0.583606557377049,FALSE
"HEKTS.IS",0,23,0.55,0.598684210526316,0.527687150837989,0.207792207792208,0.128,0.927374301675978,0.514754098360656,0.460938868453319,0.0975609756097561,0.0606060606060606,0.861271676300578,0.485245901639344,FALSE
"HEKTS.IS",0,23,0.6,0.588815789473684,0.5,NA,0,1,0.567213114754098,0.500897705377474,0.0149253731343284,0.00757575757575758,0.994219653179191,0.432786885245902,FALSE
"HEKTS.IS",0,23,0.65,0.588815789473684,0.5,NA,0,1,0.567213114754098,0.5,NA,0,1,0.432786885245902,TRUE
"HEKTS.IS",0,23,0.7,0.588815789473684,0.5,NA,0,1,0.567213114754098,0.5,NA,0,1,0.432786885245902,TRUE
"HEKTS.IS",0,27,0.3,0.411184210526316,0.5,0.582750582750583,1,0,0.432786885245902,0.5,0.604118993135011,1,0,0.567213114754098,TRUE
"HEKTS.IS",0,27,0.35,0.411184210526316,0.5,0.582750582750583,1,0,0.442622950819672,0.50777281485374,0.606481481481481,0.992424242424242,0.023121387283237,0.557377049180328,FALSE
"HEKTS.IS",0,27,0.4,0.421052631578947,0.504759776536313,0.580952380952381,0.976,0.0335195530726257,0.442622950819672,0.502386582588895,0.595238095238095,0.946969696969697,0.0578034682080925,0.557377049180328,FALSE
"HEKTS.IS",0,27,0.45,0.480263157894737,0.535731843575419,0.572972972972973,0.848,0.223463687150838,0.445901639344262,0.48822035382729,0.556430446194226,0.803030303030303,0.173410404624277,0.554098360655738,FALSE
"HEKTS.IS",0,27,0.5,0.549342105263158,0.525608938547486,0.417021276595745,0.392,0.659217877094972,0.413114754098361,0.405456297074794,0.339483394833948,0.348484848484849,0.46242774566474,0.586885245901639,FALSE
"HEKTS.IS",0,27,0.55,0.605263157894737,0.539307262569832,0.259259259259259,0.168,0.910614525139665,0.531147540983607,0.477185146260291,0.122699386503067,0.0757575757575758,0.878612716763006,0.468852459016393,FALSE
"HEKTS.IS",0,27,0.6,0.588815789473684,0.5,NA,0,1,0.567213114754098,0.5,NA,0,1,0.432786885245902,TRUE
"HEKTS.IS",0,27,0.65,0.588815789473684,0.5,NA,0,1,0.567213114754098,0.5,NA,0,1,0.432786885245902,TRUE
"HEKTS.IS",0,27,0.7,0.588815789473684,0.5,NA,0,1,0.567213114754098,0.5,NA,0,1,0.432786885245902,TRUE
"HEKTS.IS",0,98,0.3,0.411184210526316,0.5,0.582750582750583,1,0,0.432786885245902,0.5,0.604118993135011,1,0,0.567213114754098,TRUE
"HEKTS.IS",0,98,0.35,0.411184210526316,0.5,0.582750582750583,1,0,0.432786885245902,0.5,0.604118993135011,1,0,0.567213114754098,TRUE
"HEKTS.IS",0,98,0.4,0.411184210526316,0.5,0.582750582750583,1,0,0.432786885245902,0.499102294622526,0.602298850574713,0.992424242424242,0.00578034682080925,0.567213114754098,FALSE
"HEKTS.IS",0,98,0.45,0.447368421052632,0.522279329608939,0.584158415841584,0.944,0.100558659217877,0.445901639344262,0.503481345244351,0.592771084337349,0.931818181818182,0.0751445086705202,0.554098360655738,FALSE
"HEKTS.IS",0,98,0.5,0.552631578947368,0.534435754189944,0.442622950819672,0.432,0.636871508379888,0.432786885245902,0.420104221404799,0.332046332046332,0.325757575757576,0.514450867052023,0.567213114754098,FALSE
"HEKTS.IS",0,98,0.55,0.608552631578947,0.525206703910615,0.105263157894737,0.056,0.994413407821229,0.524590163934426,0.466018567174637,0.0522875816993464,0.0303030303030303,0.901734104046243,0.475409836065574,FALSE
"HEKTS.IS",0,98,0.6,0.588815789473684,0.5,NA,0,1,0.567213114754098,0.5,NA,0,1,0.432786885245902,TRUE
"HEKTS.IS",0,98,0.65,0.588815789473684,0.5,NA,0,1,0.567213114754098,0.5,NA,0,1,0.432786885245902,TRUE
"HEKTS.IS",0,98,0.7,0.588815789473684,0.5,NA,0,1,0.567213114754098,0.5,NA,0,1,0.432786885245902,TRUE
"HEKTS.IS",0,41,0.3,0.411184210526316,0.5,0.582750582750583,1,0,0.432786885245902,0.5,0.604118993135011,1,0,0.567213114754098,TRUE
"HEKTS.IS",0,41,0.35,0.411184210526316,0.5,0.582750582750583,1,0,0.432786885245902,0.499102294622526,0.602298850574713,0.992424242424242,0.00578034682080925,0.567213114754098,FALSE
"HEKTS.IS",0,41,0.4,0.417763157894737,0.503173184357542,0.581560283687943,0.984,0.0223463687150838,0.436065573770492,0.500197057277982,0.6,0.977272727272727,0.023121387283237,0.563934426229508,FALSE
"HEKTS.IS",0,41,0.45,0.476973684210526,0.531731843575419,0.569105691056911,0.84,0.223463687150838,0.436065573770492,0.482242949728499,0.558974358974359,0.825757575757576,0.138728323699422,0.563934426229508,FALSE
"HEKTS.IS",0,41,0.5,0.536184210526316,0.519262569832402,0.42914979757085,0.424,0.614525139664804,0.426229508196721,0.420607812226309,0.363636363636364,0.378787878787879,0.46242774566474,0.573770491803279,FALSE
"HEKTS.IS",0,41,0.55,0.575657894736842,0.511754189944134,0.227544910179641,0.152,0.871508379888268,0.544262295081967,0.488745839901909,0.125786163522013,0.0757575757575758,0.901734104046243,0.455737704918033,FALSE
"HEKTS.IS",0,41,0.6,0.588815789473684,0.5,NA,0,1,0.567213114754098,0.5,NA,0,1,0.432786885245902,TRUE
"HEKTS.IS",0,41,0.65,0.588815789473684,0.5,NA,0,1,0.567213114754098,0.5,NA,0,1,0.432786885245902,TRUE
"HEKTS.IS",0,41,0.7,0.588815789473684,0.5,NA,0,1,0.567213114754098,0.5,NA,0,1,0.432786885245902,TRUE
"HEKTS.IS",0,64,0.3,0.411184210526316,0.5,0.582750582750583,1,0,0.432786885245902,0.5,0.604118993135011,1,0,0.567213114754098,TRUE
"HEKTS.IS",0,64,0.35,0.411184210526316,0.5,0.582750582750583,1,0,0.442622950819672,0.50777281485374,0.606481481481481,0.992424242424242,0.023121387283237,0.557377049180328,FALSE
"HEKTS.IS",0,64,0.4,0.424342105263158,0.508759776536313,0.584323040380047,0.984,0.0335195530726257,0.449180327868852,0.509962340164652,0.601895734597156,0.962121212121212,0.0578034682080925,0.550819672131148,FALSE
"HEKTS.IS",0,64,0.45,0.486842105263158,0.532871508379888,0.559322033898305,0.792,0.273743016759777,0.439344262295082,0.482440007006481,0.553524804177546,0.803030303030303,0.161849710982659,0.560655737704918,FALSE
"HEKTS.IS",0,64,0.5,0.542763157894737,0.528469273743017,0.446215139442231,0.448,0.608938547486033,0.416393442622951,0.416425818882466,0.381944444444444,0.416666666666667,0.416184971098266,0.583606557377049,FALSE
"HEKTS.IS",0,64,0.55,0.582236842105263,0.519754189944134,0.248520710059172,0.168,0.871508379888268,0.518032786885246,0.467419863373621,0.140350877192982,0.0909090909090909,0.84393063583815,0.481967213114754,FALSE
"HEKTS.IS",0,64,0.6,0.588815789473684,0.501206703910615,0.015748031496063,0.008,0.994413407821229,0.567213114754098,0.500897705377474,0.0149253731343284,0.00757575757575758,0.994219653179191,0.432786885245902,FALSE
"HEKTS.IS",0,64,0.65,0.588815789473684,0.5,NA,0,1,0.567213114754098,0.5,NA,0,1,0.432786885245902,TRUE
"HEKTS.IS",0,64,0.7,0.588815789473684,0.5,NA,0,1,0.567213114754098,0.5,NA,0,1,0.432786885245902,TRUE
"HEKTS.IS",0.05,23,0.3,0.411184210526316,0.5,0.582750582750583,1,0,0.432786885245902,0.5,0.604118993135011,1,0,0.567213114754098,TRUE
"HEKTS.IS",0.05,23,0.35,0.411184210526316,0.5,0.582750582750583,1,0,0.432786885245902,0.499102294622526,0.602298850574713,0.992424242424242,0.00578034682080925,0.567213114754098,FALSE
"HEKTS.IS",0.05,23,0.4,0.414473684210526,0.497966480446927,0.576190476190476,0.968,0.0279329608938547,0.439344262295082,0.503984936065861,0.603248259860789,0.984848484848485,0.023121387283237,0.560655737704918,FALSE
"HEKTS.IS",0.05,23,0.45,0.476973684210526,0.532938547486034,0.571428571428571,0.848,0.217877094972067,0.439344262295082,0.486928533893852,0.564885496183206,0.840909090909091,0.132947976878613,0.560655737704918,FALSE
"HEKTS.IS",0.05,23,0.5,0.546052631578947,0.526435754189944,0.429752066115702,0.416,0.636871508379888,0.422950819672131,0.414126817306008,0.343283582089552,0.348484848484849,0.479768786127168,0.577049180327869,FALSE
"HEKTS.IS",0.05,23,0.55,0.598684210526316,0.528893854748603,0.217948717948718,0.136,0.921787709497207,0.514754098360656,0.460938868453319,0.0975609756097561,0.0606060606060606,0.861271676300578,0.485245901639344,FALSE
"HEKTS.IS",0.05,23,0.6,0.588815789473684,0.5,NA,0,1,0.567213114754098,0.5,NA,0,1,0.432786885245902,TRUE
"HEKTS.IS",0.05,23,0.65,0.588815789473684,0.5,NA,0,1,0.567213114754098,0.5,NA,0,1,0.432786885245902,TRUE
"HEKTS.IS",0.05,23,0.7,0.588815789473684,0.5,NA,0,1,0.567213114754098,0.5,NA,0,1,0.432786885245902,TRUE
"HEKTS.IS",0.05,27,0.3,0.411184210526316,0.5,0.582750582750583,1,0,0.432786885245902,0.5,0.604118993135011,1,0,0.567213114754098,TRUE
"HEKTS.IS",0.05,27,0.35,0.411184210526316,0.5,0.582750582750583,1,0,0.442622950819672,0.50777281485374,0.606481481481481,0.992424242424242,0.023121387283237,0.557377049180328,FALSE
"HEKTS.IS",0.05,27,0.4,0.414473684210526,0.499173184357542,0.578199052132701,0.976,0.0223463687150838,0.442622950819672,0.502386582588895,0.595238095238095,0.946969696969697,0.0578034682080925,0.557377049180328,FALSE
"HEKTS.IS",0.05,27,0.45,0.480263157894737,0.534525139664804,0.570652173913043,0.84,0.229050279329609,0.452459016393443,0.494000700648099,0.559366754617414,0.803030303030303,0.184971098265896,0.547540983606557,FALSE
"HEKTS.IS",0.05,27,0.5,0.549342105263158,0.524402234636872,0.412017167381974,0.384,0.664804469273743,0.426229508196721,0.416119285338938,0.339622641509434,0.340909090909091,0.491329479768786,0.573770491803279,FALSE
"HEKTS.IS",0.05,27,0.55,0.611842105263158,0.542480446927374,0.243589743589744,0.152,0.932960893854749,0.524590163934426,0.469609388684533,0.0993788819875776,0.0606060606060606,0.878612716763006,0.475409836065574,FALSE
"HEKTS.IS",0.05,27,0.6,0.588815789473684,0.5,NA,0,1,0.567213114754098,0.5,NA,0,1,0.432786885245902,TRUE
"HEKTS.IS",0.05,27,0.65,0.588815789473684,0.5,NA,0,1,0.567213114754098,0.5,NA,0,1,0.432786885245902,TRUE
"HEKTS.IS",0.05,27,0.7,0.588815789473684,0.5,NA,0,1,0.567213114754098,0.5,NA,0,1,0.432786885245902,TRUE
"HEKTS.IS",0.05,98,0.3,0.411184210526316,0.5,0.582750582750583,1,0,0.432786885245902,0.5,0.604118993135011,1,0,0.567213114754098,TRUE
"HEKTS.IS",0.05,98,0.35,0.411184210526316,0.5,0.582750582750583,1,0,0.432786885245902,0.5,0.604118993135011,1,0,0.567213114754098,TRUE
"HEKTS.IS",0.05,98,0.4,0.411184210526316,0.5,0.582750582750583,1,0,0.432786885245902,0.499102294622526,0.602298850574713,0.992424242424242,0.00578034682080925,0.567213114754098,FALSE
"HEKTS.IS",0.05,98,0.45,0.447368421052632,0.522279329608939,0.584158415841584,0.944,0.100558659217877,0.452459016393443,0.511057102820109,0.599520383693045,0.946969696969697,0.0751445086705202,0.547540983606557,FALSE
"HEKTS.IS",0.05,98,0.5,0.559210526315789,0.544849162011173,0.464,0.464,0.625698324022346,0.419672131147541,0.410338938518129,0.337078651685393,0.340909090909091,0.479768786127168,0.580327868852459,FALSE
"HEKTS.IS",0.05,98,0.55,0.601973684210526,0.519620111731844,0.103703703703704,0.056,0.983240223463687,0.524590163934426,0.466018567174637,0.0522875816993464,0.0303030303030303,0.901734104046243,0.475409836065574,FALSE
"HEKTS.IS",0.05,98,0.6,0.588815789473684,0.5,NA,0,1,0.567213114754098,0.5,NA,0,1,0.432786885245902,TRUE
"HEKTS.IS",0.05,98,0.65,0.588815789473684,0.5,NA,0,1,0.567213114754098,0.5,NA,0,1,0.432786885245902,TRUE
"HEKTS.IS",0.05,98,0.7,0.588815789473684,0.5,NA,0,1,0.567213114754098,0.5,NA,0,1,0.432786885245902,TRUE
"HEKTS.IS",0.05,41,0.3,0.411184210526316,0.5,0.582750582750583,1,0,0.432786885245902,0.5,0.604118993135011,1,0,0.567213114754098,TRUE
"HEKTS.IS",0.05,41,0.35,0.411184210526316,0.5,0.582750582750583,1,0,0.432786885245902,0.5,0.604118993135011,1,0,0.567213114754098,TRUE
"HEKTS.IS",0.05,41,0.4,0.411184210526316,0.498793296089385,0.580796252927401,0.992,0.00558659217877095,0.432786885245902,0.499102294622526,0.602298850574713,0.992424242424242,0.00578034682080925,0.567213114754098,FALSE
"HEKTS.IS",0.05,41,0.45,0.440789473684211,0.514279329608939,0.577114427860697,0.928,0.100558659217877,0.429508196721311,0.488132772814854,0.583732057416268,0.924242424242424,0.0520231213872832,0.570491803278689,FALSE
"HEKTS.IS",0.05,41,0.5,0.536184210526316,0.522882681564246,0.442687747035573,0.448,0.597765363128492,0.432786885245902,0.426388159047119,0.366300366300366,0.378787878787879,0.473988439306358,0.567213114754098,FALSE
"HEKTS.IS",0.05,41,0.55,0.569078947368421,0.498927374301676,0.165605095541401,0.104,0.893854748603352,0.524590163934426,0.469609388684533,0.0993788819875776,0.0606060606060606,0.878612716763006,0.475409836065574,FALSE
"HEKTS.IS",0.05,41,0.6,0.588815789473684,0.5,NA,0,1,0.560655737704918,0.494219653179191,NA,0,0.988439306358382,0.439344262295082,TRUE
"HEKTS.IS",0.05,41,0.65,0.588815789473684,0.5,NA,0,1,0.567213114754098,0.5,NA,0,1,0.432786885245902,TRUE
"HEKTS.IS",0.05,41,0.7,0.588815789473684,0.5,NA,0,1,0.567213114754098,0.5,NA,0,1,0.432786885245902,TRUE
"HEKTS.IS",0.05,64,0.3,0.411184210526316,0.5,0.582750582750583,1,0,0.432786885245902,0.5,0.604118993135011,1,0,0.567213114754098,TRUE
"HEKTS.IS",0.05,64,0.35,0.411184210526316,0.5,0.582750582750583,1,0,0.442622950819672,0.508670520231214,0.608294930875576,1,0.0173410404624277,0.557377049180328,FALSE
"HEKTS.IS",0.05,64,0.4,0.411184210526316,0.5,0.582750582750583,1,0,0.442622950819672,0.505977404098791,0.602803738317757,0.977272727272727,0.0346820809248555,0.557377049180328,FALSE
"HEKTS.IS",0.05,64,0.45,0.476973684210526,0.532938547486034,0.571428571428571,0.848,0.217877094972067,0.432786885245902,0.482943597827991,0.566416040100251,0.856060606060606,0.109826589595376,0.567213114754098,FALSE
"HEKTS.IS",0.05,64,0.5,0.542763157894737,0.530882681564246,0.454901960784314,0.464,0.597765363128492,0.426229508196721,0.423300928358732,0.377224199288256,0.401515151515151,0.445086705202312,0.573770491803279,FALSE
"HEKTS.IS",0.05,64,0.55,0.569078947368421,0.494100558659218,0.120805369127517,0.072,0.916201117318436,0.514754098360656,0.458245752320897,0.0632911392405063,0.0378787878787879,0.878612716763006,0.485245901639344,FALSE
"HEKTS.IS",0.05,64,0.6,0.588815789473684,0.5,NA,0,1,0.567213114754098,0.500897705377474,0.0149253731343284,0.00757575757575758,0.994219653179191,0.432786885245902,FALSE
"HEKTS.IS",0.05,64,0.65,0.588815789473684,0.5,NA,0,1,0.567213114754098,0.5,NA,0,1,0.432786885245902,TRUE
"HEKTS.IS",0.05,64,0.7,0.588815789473684,0.5,NA,0,1,0.567213114754098,0.5,NA,0,1,0.432786885245902,TRUE
"HEKTS.IS",0.1,23,0.3,0.411184210526316,0.5,0.582750582750583,1,0,0.432786885245902,0.5,0.604118993135011,1,0,0.567213114754098,TRUE
"HEKTS.IS",0.1,23,0.35,0.411184210526316,0.5,0.582750582750583,1,0,0.432786885245902,0.499102294622526,0.602298850574713,0.992424242424242,0.00578034682080925,0.567213114754098,FALSE
"HEKTS.IS",0.1,23,0.4,0.417763157894737,0.499553072625698,0.575539568345324,0.96,0.0391061452513966,0.445901639344262,0.508867577509196,0.604215456674473,0.977272727272727,0.0404624277456647,0.554098360655738,FALSE
"HEKTS.IS",0.1,23,0.45,0.476973684210526,0.531731843575419,0.569105691056911,0.84,0.223463687150838,0.439344262295082,0.483337712383955,0.555844155844156,0.810606060606061,0.15606936416185,0.560655737704918,FALSE
"HEKTS.IS",0.1,23,0.5,0.549342105263158,0.52922905027933,0.431535269709544,0.416,0.642458100558659,0.409836065573771,0.398975302154493,0.318181818181818,0.318181818181818,0.479768786127168,0.590163934426229,FALSE
"HEKTS.IS",0.1,23,0.55,0.601973684210526,0.525653631284916,0.16551724137931,0.096,0.955307262569832,0.514754098360656,0.460938868453319,0.0975609756097561,0.0606060606060606,0.861271676300578,0.485245901639344,FALSE
"HEKTS.IS",0.1,23,0.6,0.588815789473684,0.5,NA,0,1,0.567213114754098,0.500897705377474,0.0149253731343284,0.00757575757575758,0.994219653179191,0.432786885245902,FALSE
"HEKTS.IS",0.1,23,0.65,0.588815789473684,0.5,NA,0,1,0.567213114754098,0.5,NA,0,1,0.432786885245902,TRUE
"HEKTS.IS",0.1,23,0.7,0.588815789473684,0.5,NA,0,1,0.567213114754098,0.5,NA,0,1,0.432786885245902,TRUE
"HEKTS.IS",0.1,27,0.3,0.411184210526316,0.5,0.582750582750583,1,0,0.432786885245902,0.5,0.604118993135011,1,0,0.567213114754098,TRUE
"HEKTS.IS",0.1,27,0.35,0.411184210526316,0.5,0.582750582750583,1,0,0.436065573770492,0.501992468032931,0.603686635944701,0.992424242424242,0.0115606936416185,0.563934426229508,FALSE
"HEKTS.IS",0.1,27,0.4,0.414473684210526,0.499173184357542,0.578199052132701,0.976,0.0223463687150838,0.436065573770492,0.49750394114556,0.59433962264151,0.954545454545455,0.0404624277456647,0.563934426229508,FALSE
"HEKTS.IS",0.1,27,0.45,0.480263157894737,0.534525139664804,0.570652173913043,0.84,0.229050279329609,0.452459016393443,0.494898406025574,0.561679790026247,0.810606060606061,0.179190751445087,0.547540983606557,FALSE
"HEKTS.IS",0.1,27,0.5,0.549342105263158,0.524402234636872,0.412017167381974,0.384,0.664804469273743,0.426229508196721,0.415221579961464,0.334600760456274,0.333333333333333,0.497109826589595,0.573770491803279,FALSE
"HEKTS.IS",0.1,27,0.55,0.615131578947368,0.544067039106145,0.235294117647059,0.144,0.94413407821229,0.540983606557377,0.482264844981608,0.0789473684210526,0.0454545454545455,0.919075144508671,0.459016393442623,FALSE
"HEKTS.IS",0.1,27,0.6,0.588815789473684,0.5,NA,0,1,0.567213114754098,0.5,NA,0,1,0.432786885245902,TRUE
"HEKTS.IS",0.1,27,0.65,0.588815789473684,0.5,NA,0,1,0.567213114754098,0.5,NA,0,1,0.432786885245902,TRUE
"HEKTS.IS",0.1,27,0.7,0.588815789473684,0.5,NA,0,1,0.567213114754098,0.5,NA,0,1,0.432786885245902,TRUE
"HEKTS.IS",0.1,98,0.3,0.411184210526316,0.5,0.582750582750583,1,0,0.432786885245902,0.5,0.604118993135011,1,0,0.567213114754098,TRUE
"HEKTS.IS",0.1,98,0.35,0.411184210526316,0.5,0.582750582750583,1,0,0.432786885245902,0.5,0.604118993135011,1,0,0.567213114754098,TRUE
"HEKTS.IS",0.1,98,0.4,0.411184210526316,0.5,0.582750582750583,1,0,0.432786885245902,0.499102294622526,0.602298850574713,0.992424242424242,0.00578034682080925,0.567213114754098,FALSE
"HEKTS.IS",0.1,98,0.45,0.447368421052632,0.524692737430168,0.588235294117647,0.96,0.0893854748603352,0.452459016393443,0.512852513575057,0.60332541567696,0.962121212121212,0.0635838150289017,0.547540983606557,FALSE
"HEKTS.IS",0.1,98,0.5,0.552631578947368,0.541675977653631,0.46875,0.48,0.603351955307263,0.419672131147541,0.412134349273078,0.346863468634686,0.356060606060606,0.468208092485549,0.580327868852459,FALSE
"HEKTS.IS",0.1,98,0.55,0.601973684210526,0.519620111731844,0.103703703703704,0.056,0.983240223463687,0.524590163934426,0.466018567174637,0.0522875816993464,0.0303030303030303,0.901734104046243,0.475409836065574,FALSE
"HEKTS.IS",0.1,98,0.6,0.588815789473684,0.5,NA,0,1,0.567213114754098,0.5,NA,0,1,0.432786885245902,TRUE
"HEKTS.IS",0.1,98,0.65,0.588815789473684,0.5,NA,0,1,0.567213114754098,0.5,NA,0,1,0.432786885245902,TRUE
"HEKTS.IS",0.1,98,0.7,0.588815789473684,0.5,NA,0,1,0.567213114754098,0.5,NA,0,1,0.432786885245902,TRUE
"HEKTS.IS",0.1,41,0.3,0.411184210526316,0.5,0.582750582750583,1,0,0.432786885245902,0.5,0.604118993135011,1,0,0.567213114754098,TRUE
"HEKTS.IS",0.1,41,0.35,0.411184210526316,0.5,0.582750582750583,1,0,0.432786885245902,0.5,0.604118993135011,1,0,0.567213114754098,TRUE
"HEKTS.IS",0.1,41,0.4,0.411184210526316,0.498793296089385,0.580796252927401,0.992,0.00558659217877095,0.432786885245902,0.499102294622526,0.602298850574713,0.992424242424242,0.00578034682080925,0.567213114754098,FALSE
"HEKTS.IS",0.1,41,0.45,0.440789473684211,0.513072625698324,0.575,0.92,0.106145251396648,0.429508196721311,0.48723506743738,0.581730769230769,0.916666666666667,0.0578034682080925,0.570491803278689,FALSE
"HEKTS.IS",0.1,41,0.5,0.536184210526316,0.521675977653631,0.438247011952191,0.44,0.603351955307263,0.432786885245902,0.426388159047119,0.366300366300366,0.378787878787879,0.473988439306358,0.567213114754098,FALSE
"HEKTS.IS",0.1,41,0.55,0.569078947368421,0.498927374301676,0.165605095541401,0.104,0.893854748603352,0.531147540983607,0.475389735505342,0.10062893081761,0.0606060606060606,0.890173410404624,0.468852459016393,FALSE
"HEKTS.IS",0.1,41,0.6,0.588815789473684,0.5,NA,0,1,0.560655737704918,0.494219653179191,NA,0,0.988439306358382,0.439344262295082,TRUE
"HEKTS.IS",0.1,41,0.65,0.588815789473684,0.5,NA,0,1,0.567213114754098,0.5,NA,0,1,0.432786885245902,TRUE
"HEKTS.IS",0.1,41,0.7,0.588815789473684,0.5,NA,0,1,0.567213114754098,0.5,NA,0,1,0.432786885245902,TRUE
"HEKTS.IS",0.1,64,0.3,0.411184210526316,0.5,0.582750582750583,1,0,0.432786885245902,0.5,0.604118993135011,1,0,0.567213114754098,TRUE
"HEKTS.IS",0.1,64,0.35,0.411184210526316,0.5,0.582750582750583,1,0,0.442622950819672,0.508670520231214,0.608294930875576,1,0.0173410404624277,0.557377049180328,FALSE
"HEKTS.IS",0.1,64,0.4,0.411184210526316,0.5,0.582750582750583,1,0,0.442622950819672,0.506875109476266,0.604651162790698,0.984848484848485,0.0289017341040462,0.557377049180328,FALSE
"HEKTS.IS",0.1,64,0.45,0.483552631578947,0.542145251396648,0.581333333333333,0.872,0.212290502793296,0.432786885245902,0.482943597827991,0.566416040100251,0.856060606060606,0.109826589595376,0.567213114754098,FALSE
"HEKTS.IS",0.1,64,0.5,0.542763157894737,0.530882681564246,0.454901960784314,0.464,0.597765363128492,0.426229508196721,0.423300928358732,0.377224199288256,0.401515151515151,0.445086705202312,0.573770491803279,FALSE
"HEKTS.IS",0.1,64,0.55,0.569078947368421,0.494100558659218,0.120805369127517,0.072,0.916201117318436,0.514754098360656,0.457348046943423,0.0512820512820513,0.0303030303030303,0.884393063583815,0.485245901639344,FALSE
"HEKTS.IS",0.1,64,0.6,0.588815789473684,0.5,NA,0,1,0.567213114754098,0.500897705377474,0.0149253731343284,0.00757575757575758,0.994219653179191,0.432786885245902,FALSE
"HEKTS.IS",0.1,64,0.65,0.588815789473684,0.5,NA,0,1,0.567213114754098,0.5,NA,0,1,0.432786885245902,TRUE
"HEKTS.IS",0.1,64,0.7,0.588815789473684,0.5,NA,0,1,0.567213114754098,0.5,NA,0,1,0.432786885245902,TRUE
"FROTO.IS",0,23,0.3,0.514754098360656,0.5,0.67965367965368,1,0,0.495081967213115,0.5,0.662280701754386,1,0,0.504918032786885,TRUE
"FROTO.IS",0,23,0.35,0.514754098360656,0.5,0.67965367965368,1,0,0.495081967213115,0.5,0.662280701754386,1,0,0.504918032786885,TRUE
"FROTO.IS",0,23,0.4,0.518032786885246,0.503765708383543,0.678336980306346,0.987261146496815,0.0202702702702703,0.504918032786885,0.50974025974026,0.666666666666667,1,0.0194805194805195,0.495081967213115,FALSE
"FROTO.IS",0,23,0.45,0.514754098360656,0.503292305043897,0.654205607476636,0.89171974522293,0.114864864864865,0.495081967213115,0.498903414466328,0.635071090047393,0.887417218543046,0.11038961038961,0.504918032786885,FALSE
"FROTO.IS",0,23,0.5,0.508196721311475,0.506025133413669,0.548192771084337,0.579617834394904,0.432432432432432,0.527868852459016,0.529048765803733,0.576470588235294,0.649006622516556,0.409090909090909,0.472131147540984,FALSE
"FROTO.IS",0,23,0.55,0.485245901639344,0.498063349974178,0.112994350282486,0.0636942675159236,0.932432432432432,0.521311475409836,0.517459361830223,0.206521739130435,0.125827814569536,0.909090909090909,0.478688524590164,FALSE
"FROTO.IS",0,23,0.6,0.485245901639344,0.5,NA,0,1,0.508196721311475,0.503504773372323,0.0506329113924051,0.0264900662251656,0.980519480519481,0.491803278688525,FALSE
"FROTO.IS",0,23,0.65,0.485245901639344,0.5,NA,0,1,0.508196721311475,0.503375763309538,0.025974025974026,0.0132450331125828,0.993506493506494,0.491803278688525,FALSE
"FROTO.IS",0,23,0.7,0.485245901639344,0.5,NA,0,1,0.504918032786885,0.5,NA,0,1,0.495081967213115,TRUE
"FROTO.IS",0,27,0.3,0.514754098360656,0.5,0.67965367965368,1,0,0.495081967213115,0.5,0.662280701754386,1,0,0.504918032786885,TRUE
"FROTO.IS",0,27,0.35,0.514754098360656,0.5,0.67965367965368,1,0,0.495081967213115,0.5,0.662280701754386,1,0,0.504918032786885,TRUE
"FROTO.IS",0,27,0.4,0.514754098360656,0.502711310036151,0.658986175115207,0.910828025477707,0.0945945945945946,0.501639344262295,0.505461425991227,0.639810426540284,0.894039735099338,0.116883116883117,0.498360655737705,FALSE
"FROTO.IS",0,27,0.45,0.508196721311475,0.500408848338785,0.615384615384615,0.764331210191083,0.236486486486486,0.514754098360656,0.517609873570138,0.622448979591837,0.80794701986755,0.227272727272727,0.485245901639344,FALSE
"FROTO.IS",0,27,0.5,0.508196721311475,0.506025133413669,0.548192771084337,0.579617834394904,0.432432432432432,0.521311475409836,0.522168229121871,0.557575757575758,0.609271523178808,0.435064935064935,0.478688524590164,FALSE
"FROTO.IS",0,27,0.55,0.495081967213115,0.503163195042176,0.31858407079646,0.229299363057325,0.777027027027027,0.524590163934426,0.521931710673433,0.343891402714932,0.251655629139073,0.792207792207792,0.475409836065574,FALSE
"FROTO.IS",0,27,0.6,0.491803278688525,0.505207436736099,0.0935672514619883,0.0509554140127389,0.959459459459459,0.504918032786885,0.500645050313924,0.116959064327485,0.0662251655629139,0.935064935064935,0.495081967213115,FALSE
"FROTO.IS",0,27,0.65,0.485245901639344,0.5,NA,0,1,0.508196721311475,0.503633783435108,0.0740740740740741,0.0397350993377483,0.967532467532468,0.491803278688525,FALSE
"FROTO.IS",0,27,0.7,0.485245901639344,0.5,NA,0,1,0.511475409836066,0.506751526619076,0.0509554140127389,0.0264900662251656,0.987012987012987,0.488524590163934,FALSE
"FROTO.IS",0,98,0.3,0.514754098360656,0.5,0.67965367965368,1,0,0.495081967213115,0.5,0.662280701754386,1,0,0.504918032786885,TRUE
"FROTO.IS",0,98,0.35,0.514754098360656,0.5,0.67965367965368,1,0,0.495081967213115,0.5,0.662280701754386,1,0,0.504918032786885,TRUE
"FROTO.IS",0,98,0.4,0.521311475409836,0.506950421759339,0.681222707423581,0.993630573248408,0.0202702702702703,0.501639344262295,0.506429001462114,0.663716814159292,0.993377483443709,0.0194805194805195,0.498360655737705,FALSE
"FROTO.IS",0,98,0.45,0.518032786885246,0.50880099845068,0.637037037037037,0.821656050955414,0.195945945945946,0.527868852459016,0.531048421776899,0.641791044776119,0.854304635761589,0.207792207792208,0.472131147540984,FALSE
"FROTO.IS",0,98,0.5,0.504918032786885,0.503808745050783,0.529595015576324,0.54140127388535,0.466216216216216,0.521311475409836,0.521652188870732,0.535031847133758,0.556291390728477,0.487012987012987,0.478688524590164,FALSE
"FROTO.IS",0,98,0.55,0.475409836065574,0.485410569805474,0.223300970873786,0.146496815286624,0.824324324324324,0.518032786885246,0.514986668960179,0.296650717703349,0.205298013245033,0.824675324675325,0.481967213114754,FALSE
"FROTO.IS",0,98,0.6,0.495081967213115,0.509554140127389,0.0375,0.0191082802547771,1,0.508196721311475,0.503633783435108,0.0740740740740741,0.0397350993377483,0.967532467532468,0.491803278688525,FALSE
"FROTO.IS",0,98,0.65,0.485245901639344,0.5,NA,0,1,0.511475409836066,0.506751526619076,0.0509554140127389,0.0264900662251656,0.987012987012987,0.488524590163934,FALSE
"FROTO.IS",0,98,0.7,0.485245901639344,0.5,NA,0,1,0.504918032786885,0.5,NA,0,1,0.495081967213115,TRUE
"FROTO.IS",0,41,0.3,0.524590163934426,0.510135135135135,0.684095860566449,1,0.0202702702702703,0.495081967213115,0.5,0.662280701754386,1,0,0.504918032786885,TRUE
"FROTO.IS",0,41,0.35,0.511475409836066,0.498170941642279,0.666666666666667,0.949044585987261,0.0472972972972973,0.508196721311475,0.512793497892836,0.663677130044843,0.980132450331126,0.0454545454545455,0.491803278688525,FALSE
"FROTO.IS",0,41,0.4,0.514754098360656,0.502517645033569,0.660550458715596,0.917197452229299,0.0878378378378378,0.498360655737705,0.502214672744474,0.638297872340425,0.894039735099338,0.11038961038961,0.501639344262295,FALSE
"FROTO.IS",0,41,0.45,0.524590163934426,0.514202100189361,0.652278177458034,0.866242038216561,0.162162162162162,0.485245901639344,0.488582609443537,0.614250614250614,0.827814569536424,0.149350649350649,0.514754098360656,FALSE
"FROTO.IS",0,41,0.5,0.524590163934426,0.521561370287485,0.574780058651026,0.624203821656051,0.418918918918919,0.518032786885246,0.519308506063473,0.571428571428571,0.649006622516556,0.38961038961039,0.481967213114754,FALSE
"FROTO.IS",0,41,0.55,0.488524590163934,0.501054398347392,0.133333333333333,0.0764331210191083,0.925675675675676,0.527868852459016,0.523694848198159,0.172413793103448,0.0993377483443709,0.948051948051948,0.472131147540984,FALSE
"FROTO.IS",0,41,0.6,0.485245901639344,0.5,NA,0,1,0.501639344262295,0.497011266878817,0.05,0.0264900662251656,0.967532467532468,0.498360655737705,FALSE
"FROTO.IS",0,41,0.65,0.485245901639344,0.5,NA,0,1,0.504918032786885,0.500129010062785,0.0258064516129032,0.0132450331125828,0.987012987012987,0.495081967213115,FALSE
"FROTO.IS",0,41,0.7,0.485245901639344,0.5,NA,0,1,0.504918032786885,0.5,NA,0,1,0.495081967213115,TRUE
"FROTO.IS",0,64,0.3,0.514754098360656,0.5,0.67965367965368,1,0,0.495081967213115,0.5,0.662280701754386,1,0,0.504918032786885,TRUE
"FROTO.IS",0,64,0.35,0.514754098360656,0.5,0.67965367965368,1,0,0.495081967213115,0.5,0.662280701754386,1,0,0.504918032786885,TRUE
"FROTO.IS",0,64,0.4,0.518032786885246,0.503765708383543,0.678336980306346,0.987261146496815,0.0202702702702703,0.504918032786885,0.509417734583298,0.659142212189616,0.966887417218543,0.051948051948052,0.495081967213115,FALSE
"FROTO.IS",0,64,0.45,0.508196721311475,0.498859528318127,0.630541871921182,0.815286624203822,0.182432432432432,0.518032786885246,0.521308162036639,0.637037037037037,0.854304635761589,0.188311688311688,0.481967213114754,FALSE
"FROTO.IS",0,64,0.5,0.511475409836066,0.506885866758478,0.582633053221289,0.662420382165605,0.351351351351351,0.508196721311475,0.509761761417391,0.573863636363636,0.66887417218543,0.350649350649351,0.491803278688525,FALSE
"FROTO.IS",0,64,0.55,0.498360655737705,0.510027543467034,0.19047619047619,0.114649681528662,0.905405405405405,0.534426229508197,0.53109142513116,0.29,0.19205298013245,0.87012987012987,0.465573770491803,FALSE
"FROTO.IS",0,64,0.6,0.485245901639344,0.5,NA,0,1,0.508196721311475,0.503633783435108,0.0740740740740741,0.0397350993377483,0.967532467532468,0.491803278688525,FALSE
"FROTO.IS",0,64,0.65,0.485245901639344,0.5,NA,0,1,0.508196721311475,0.503375763309538,0.025974025974026,0.0132450331125828,0.993506493506494,0.491803278688525,FALSE
"FROTO.IS",0,64,0.7,0.485245901639344,0.5,NA,0,1,0.504918032786885,0.5,NA,0,1,0.495081967213115,TRUE
"FROTO.IS",0.05,23,0.3,0.514754098360656,0.5,0.67965367965368,1,0,0.495081967213115,0.5,0.662280701754386,1,0,0.504918032786885,TRUE
"FROTO.IS",0.05,23,0.35,0.514754098360656,0.5,0.67965367965368,1,0,0.495081967213115,0.5,0.662280701754386,1,0,0.504918032786885,TRUE
"FROTO.IS",0.05,23,0.4,0.518032786885246,0.503765708383543,0.678336980306346,0.987261146496815,0.0202702702702703,0.501639344262295,0.506429001462114,0.663716814159292,0.993377483443709,0.0194805194805195,0.498360655737705,FALSE
"FROTO.IS",0.05,23,0.45,0.518032786885246,0.506670683422276,0.655737704918033,0.89171974522293,0.121621621621622,0.491803278688525,0.495592156188183,0.631828978622328,0.880794701986755,0.11038961038961,0.508196721311475,FALSE
"FROTO.IS",0.05,23,0.5,0.504918032786885,0.503227750043037,0.53822629969419,0.560509554140127,0.445945945945946,0.531147540983607,0.532037498924916,0.56797583081571,0.622516556291391,0.441558441558442,0.468852459016393,FALSE
"FROTO.IS",0.05,23,0.55,0.485245901639344,0.49825701497676,0.102857142857143,0.0573248407643312,0.939189189189189,0.518032786885246,0.514083598520685,0.187845303867403,0.112582781456954,0.915584415584416,0.481967213114754,FALSE
"FROTO.IS",0.05,23,0.6,0.485245901639344,0.5,NA,0,1,0.511475409836066,0.506751526619076,0.0509554140127389,0.0264900662251656,0.987012987012987,0.488524590163934,FALSE
"FROTO.IS",0.05,23,0.65,0.485245901639344,0.5,NA,0,1,0.508196721311475,0.503375763309538,0.025974025974026,0.0132450331125828,0.993506493506494,0.491803278688525,FALSE
"FROTO.IS",0.05,23,0.7,0.485245901639344,0.5,NA,0,1,0.504918032786885,0.5,NA,0,1,0.495081967213115,TRUE
"FROTO.IS",0.05,27,0.3,0.514754098360656,0.5,0.67965367965368,1,0,0.495081967213115,0.5,0.662280701754386,1,0,0.504918032786885,TRUE
"FROTO.IS",0.05,27,0.35,0.514754098360656,0.5,0.67965367965368,1,0,0.495081967213115,0.5,0.662280701754386,1,0,0.504918032786885,TRUE
"FROTO.IS",0.05,27,0.4,0.514754098360656,0.502517645033569,0.660550458715596,0.917197452229299,0.0878378378378378,0.511475409836066,0.515395200825664,0.649411764705882,0.913907284768212,0.116883116883117,0.488524590163934,FALSE
"FROTO.IS",0.05,27,0.45,0.511475409836066,0.503399896711999,0.620865139949109,0.777070063694268,0.22972972972973,0.514754098360656,0.517674378601531,0.624365482233503,0.814569536423841,0.220779220779221,0.485245901639344,FALSE
"FROTO.IS",0.05,27,0.5,0.508196721311475,0.506025133413669,0.548192771084337,0.579617834394904,0.432432432432432,0.524590163934426,0.52554399243141,0.564564564564565,0.622516556291391,0.428571428571429,0.475409836065574,FALSE
"FROTO.IS",0.05,27,0.55,0.495081967213115,0.503937855052505,0.293577981651376,0.203821656050955,0.804054054054054,0.527868852459016,0.525049453857401,0.333333333333333,0.23841059602649,0.811688311688312,0.472131147540984,FALSE
"FROTO.IS",0.05,27,0.6,0.495081967213115,0.508973145119642,0.072289156626506,0.0382165605095541,0.97972972972973,0.508196721311475,0.503762793497893,0.0963855421686747,0.0529801324503311,0.954545454545455,0.491803278688525,FALSE
"FROTO.IS",0.05,27,0.65,0.485245901639344,0.5,NA,0,1,0.508196721311475,0.503633783435108,0.0740740740740741,0.0397350993377483,0.967532467532468,0.491803278688525,FALSE
"FROTO.IS",0.05,27,0.7,0.485245901639344,0.5,NA,0,1,0.508196721311475,0.503375763309538,0.025974025974026,0.0132450331125828,0.993506493506494,0.491803278688525,FALSE
"FROTO.IS",0.05,98,0.3,0.514754098360656,0.5,0.67965367965368,1,0,0.495081967213115,0.5,0.662280701754386,1,0,0.504918032786885,TRUE
"FROTO.IS",0.05,98,0.35,0.514754098360656,0.5,0.67965367965368,1,0,0.495081967213115,0.5,0.662280701754386,1,0,0.504918032786885,TRUE
"FROTO.IS",0.05,98,0.4,0.521311475409836,0.506950421759339,0.681222707423581,0.993630573248408,0.0202702702702703,0.504918032786885,0.509675754708867,0.665188470066519,0.993377483443709,0.025974025974026,0.495081967213115,FALSE
"FROTO.IS",0.05,98,0.45,0.521311475409836,0.512179376829058,0.638613861386139,0.821656050955414,0.202702702702703,0.534426229508197,0.537541928270405,0.645,0.854304635761589,0.220779220779221,0.465573770491803,FALSE
"FROTO.IS",0.05,98,0.5,0.514754098360656,0.514524875193665,0.525641025641026,0.522292993630573,0.506756756756757,0.524590163934426,0.5247699320547,0.530744336569579,0.543046357615894,0.506493506493506,0.475409836065574,FALSE
"FROTO.IS",0.05,98,0.55,0.468852459016393,0.479234808056464,0.198019801980198,0.127388535031847,0.831081081081081,0.527868852459016,0.524662423669046,0.294117647058823,0.198675496688742,0.850649350649351,0.472131147540984,FALSE
"FROTO.IS",0.05,98,0.6,0.491803278688525,0.506369426751592,0.0251572327044025,0.0127388535031847,1,0.501639344262295,0.497011266878817,0.05,0.0264900662251656,0.967532467532468,0.498360655737705,FALSE
"FROTO.IS",0.05,98,0.65,0.485245901639344,0.5,NA,0,1,0.511475409836066,0.506751526619076,0.0509554140127389,0.0264900662251656,0.987012987012987,0.488524590163934,FALSE
"FROTO.IS",0.05,98,0.7,0.485245901639344,0.5,NA,0,1,0.504918032786885,0.5,NA,0,1,0.495081967213115,TRUE
"FROTO.IS",0.05,41,0.3,0.524590163934426,0.510135135135135,0.684095860566449,1,0.0202702702702703,0.495081967213115,0.5,0.662280701754386,1,0,0.504918032786885,TRUE
"FROTO.IS",0.05,41,0.35,0.508196721311475,0.494792563263901,0.665178571428571,0.949044585987261,0.0405405405405405,0.504918032786885,0.509546744646082,0.662192393736018,0.980132450331126,0.038961038961039,0.495081967213115,FALSE
"FROTO.IS",0.05,41,0.4,0.511475409836066,0.49913926665519,0.659038901601831,0.917197452229299,0.0810810810810811,0.495081967213115,0.498967919497721,0.636792452830189,0.894039735099338,0.103896103896104,0.504918032786885,FALSE
"FROTO.IS",0.05,41,0.45,0.531147540983607,0.520571526940954,0.658711217183771,0.878980891719745,0.162162162162162,0.485245901639344,0.488582609443537,0.614250614250614,0.827814569536424,0.149350649350649,0.514754098360656,FALSE
"FROTO.IS",0.05,41,0.5,0.518032786885246,0.514804613530728,0.571428571428572,0.624203821656051,0.405405405405405,0.524590163934426,0.525995527651157,0.582132564841499,0.66887417218543,0.383116883116883,0.475409836065574,FALSE
"FROTO.IS",0.05,41,0.55,0.488524590163934,0.501054398347392,0.133333333333333,0.0764331210191083,0.925675675675676,0.527868852459016,0.523694848198159,0.172413793103448,0.0993377483443709,0.948051948051948,0.472131147540984,FALSE
"FROTO.IS",0.05,41,0.6,0.485245901639344,0.5,NA,0,1,0.501639344262295,0.497011266878817,0.05,0.0264900662251656,0.967532467532468,0.498360655737705,FALSE
"FROTO.IS",0.05,41,0.65,0.485245901639344,0.5,NA,0,1,0.504918032786885,0.500129010062785,0.0258064516129032,0.0132450331125828,0.987012987012987,0.495081967213115,FALSE
"FROTO.IS",0.05,41,0.7,0.485245901639344,0.5,NA,0,1,0.504918032786885,0.5,NA,0,1,0.495081967213115,TRUE
"FROTO.IS",0.05,64,0.3,0.514754098360656,0.5,0.67965367965368,1,0,0.495081967213115,0.5,0.662280701754386,1,0,0.504918032786885,TRUE
"FROTO.IS",0.05,64,0.35,0.514754098360656,0.5,0.67965367965368,1,0,0.495081967213115,0.5,0.662280701754386,1,0,0.504918032786885,TRUE
"FROTO.IS",0.05,64,0.4,0.514754098360656,0.501549320020658,0.668161434977578,0.949044585987261,0.0540540540540541,0.501639344262295,0.50578395114819,0.648148148148148,0.927152317880795,0.0844155844155844,0.498360655737705,FALSE
"FROTO.IS",0.05,64,0.45,0.511475409836066,0.503012566706834,0.624685138539043,0.789808917197452,0.216216216216216,0.498360655737705,0.50131160230498,0.612658227848101,0.801324503311258,0.201298701298701,0.501639344262295,FALSE
"FROTO.IS",0.05,64,0.5,0.518032786885246,0.513448958512653,0.588235294117647,0.668789808917197,0.358108108108108,0.501639344262295,0.502881224735529,0.555555555555556,0.629139072847682,0.376623376623377,0.498360655737705,FALSE
"FROTO.IS",0.05,64,0.55,0.491803278688525,0.499397486658633,0.329004329004329,0.24203821656051,0.756756756756757,0.531147540983607,0.528683237292509,0.370044052863436,0.278145695364238,0.779220779220779,0.468852459016393,FALSE
"FROTO.IS",0.05,64,0.6,0.495081967213115,0.50877948011706,0.0833333333333333,0.0445859872611465,0.972972972972973,0.511475409836066,0.507074051776039,0.107784431137725,0.0596026490066225,0.954545454545455,0.488524590163934,FALSE
"FROTO.IS",0.05,64,0.65,0.485245901639344,0.5,NA,0,1,0.508196721311475,0.503633783435108,0.0740740740740741,0.0397350993377483,0.967532467532468,0.491803278688525,FALSE
"FROTO.IS",0.05,64,0.7,0.485245901639344,0.5,NA,0,1,0.511475409836066,0.506751526619076,0.0509554140127389,0.0264900662251656,0.987012987012987,0.488524590163934,FALSE
"FROTO.IS",0.1,23,0.3,0.514754098360656,0.5,0.67965367965368,1,0,0.495081967213115,0.5,0.662280701754386,1,0,0.504918032786885,TRUE
"FROTO.IS",0.1,23,0.35,0.514754098360656,0.5,0.67965367965368,1,0,0.495081967213115,0.5,0.662280701754386,1,0,0.504918032786885,TRUE
"FROTO.IS",0.1,23,0.4,0.518032786885246,0.503765708383543,0.678336980306346,0.987261146496815,0.0202702702702703,0.504918032786885,0.50974025974026,0.666666666666667,1,0.0194805194805195,0.495081967213115,FALSE
"FROTO.IS",0.1,23,0.45,0.518032786885246,0.506670683422276,0.655737704918033,0.89171974522293,0.121621621621622,0.491803278688525,0.495592156188183,0.631828978622328,0.880794701986755,0.11038961038961,0.508196721311475,FALSE
"FROTO.IS",0.1,23,0.5,0.501639344262295,0.499849371664658,0.536585365853659,0.560509554140127,0.439189189189189,0.524590163934426,0.52554399243141,0.564564564564565,0.622516556291391,0.428571428571429,0.475409836065574,FALSE
"FROTO.IS",0.1,23,0.55,0.481967213114754,0.495265966603546,0.0813953488372093,0.0445859872611465,0.945945945945946,0.514754098360656,0.510772340242539,0.177777777777778,0.105960264900662,0.915584415584416,0.485245901639344,FALSE
"FROTO.IS",0.1,23,0.6,0.485245901639344,0.5,NA,0,1,0.511475409836066,0.506751526619076,0.0509554140127389,0.0264900662251656,0.987012987012987,0.488524590163934,FALSE
"FROTO.IS",0.1,23,0.65,0.485245901639344,0.5,NA,0,1,0.508196721311475,0.503375763309538,0.025974025974026,0.0132450331125828,0.993506493506494,0.491803278688525,FALSE
"FROTO.IS",0.1,23,0.7,0.485245901639344,0.5,NA,0,1,0.504918032786885,0.5,NA,0,1,0.495081967213115,TRUE
"FROTO.IS",0.1,27,0.3,0.514754098360656,0.5,0.67965367965368,1,0,0.495081967213115,0.5,0.662280701754386,1,0,0.504918032786885,TRUE
"FROTO.IS",0.1,27,0.35,0.514754098360656,0.5,0.67965367965368,1,0,0.495081967213115,0.5,0.662280701754386,1,0,0.504918032786885,TRUE
"FROTO.IS",0.1,27,0.4,0.518032786885246,0.505702358409365,0.663615560640732,0.923566878980892,0.0878378378378378,0.504918032786885,0.508837189300765,0.644705882352941,0.907284768211921,0.11038961038961,0.495081967213115,FALSE
"FROTO.IS",0.1,27,0.45,0.508196721311475,0.500215183336203,0.61734693877551,0.770700636942675,0.22972972972973,0.511475409836066,0.514363120323385,0.620865139949109,0.80794701986755,0.220779220779221,0.488524590163934,FALSE
"FROTO.IS",0.1,27,0.5,0.504918032786885,0.502840420037872,0.54380664652568,0.573248407643312,0.432432432432432,0.521311475409836,0.522168229121871,0.557575757575758,0.609271523178808,0.435064935064935,0.478688524590164,FALSE
"FROTO.IS",0.1,27,0.55,0.485245901639344,0.49380271991737,0.289592760180996,0.203821656050955,0.783783783783784,0.524590163934426,0.521802700610648,0.331797235023041,0.23841059602649,0.805194805194805,0.475409836065574,FALSE
"FROTO.IS",0.1,27,0.6,0.491803278688525,0.505207436736099,0.0935672514619883,0.0509554140127389,0.959459459459459,0.504918032786885,0.500580545282532,0.106508875739645,0.0596026490066225,0.941558441558442,0.495081967213115,FALSE
"FROTO.IS",0.1,27,0.65,0.485245901639344,0.5,NA,0,1,0.508196721311475,0.503633783435108,0.0740740740740741,0.0397350993377483,0.967532467532468,0.491803278688525,FALSE
"FROTO.IS",0.1,27,0.7,0.485245901639344,0.5,NA,0,1,0.511475409836066,0.506751526619076,0.0509554140127389,0.0264900662251656,0.987012987012987,0.488524590163934,FALSE
"FROTO.IS",0.1,98,0.3,0.514754098360656,0.5,0.67965367965368,1,0,0.495081967213115,0.5,0.662280701754386,1,0,0.504918032786885,TRUE
"FROTO.IS",0.1,98,0.35,0.514754098360656,0.5,0.67965367965368,1,0,0.495081967213115,0.5,0.662280701754386,1,0,0.504918032786885,TRUE
"FROTO.IS",0.1,98,0.4,0.518032786885246,0.504153038388707,0.675496688741722,0.974522292993631,0.0337837837837838,0.514754098360656,0.51922249935495,0.665158371040724,0.973509933774834,0.0649350649350649,0.485245901639344,FALSE
"FROTO.IS",0.1,98,0.45,0.524590163934426,0.516332415217766,0.632911392405063,0.796178343949045,0.236486486486486,0.527868852459016,0.530919411714114,0.638190954773869,0.841059602649007,0.220779220779221,0.472131147540984,FALSE
"FROTO.IS",0.1,98,0.5,0.501639344262295,0.500817696677569,0.522012578616352,0.528662420382166,0.472972972972973,0.524590163934426,0.524898942117485,0.536741214057508,0.556291390728477,0.493506493506494,0.475409836065574,FALSE
"FROTO.IS",0.1,98,0.55,0.475409836065574,0.484829574797728,0.245283018867925,0.165605095541401,0.804054054054054,0.518032786885246,0.515051173991571,0.303317535545024,0.211920529801325,0.818181818181818,0.481967213114754,FALSE
"FROTO.IS",0.1,98,0.6,0.485245901639344,0.499419004992253,0.0368098159509202,0.0191082802547771,0.97972972972973,0.504918032786885,0.500451535219747,0.0848484848484849,0.0463576158940397,0.954545454545455,0.495081967213115,FALSE
"FROTO.IS",0.1,98,0.65,0.485245901639344,0.5,NA,0,1,0.508196721311475,0.503504773372323,0.0506329113924051,0.0264900662251656,0.980519480519481,0.491803278688525,FALSE
"FROTO.IS",0.1,98,0.7,0.485245901639344,0.5,NA,0,1,0.511475409836066,0.506751526619076,0.0509554140127389,0.0264900662251656,0.987012987012987,0.488524590163934,FALSE
"FROTO.IS",0.1,41,0.3,0.518032786885246,0.503378378378378,0.681127982646421,1,0.00675675675675676,0.495081967213115,0.5,0.662280701754386,1,0,0.504918032786885,TRUE
"FROTO.IS",0.1,41,0.35,0.504918032786885,0.491414184885522,0.66369710467706,0.949044585987261,0.0337837837837838,0.508196721311475,0.512858002924228,0.665178571428572,0.986754966887417,0.038961038961039,0.491803278688525,FALSE
"FROTO.IS",0.1,41,0.4,0.511475409836066,0.49913926665519,0.659038901601831,0.917197452229299,0.0810810810810811,0.498360655737705,0.502279177775867,0.64,0.900662251655629,0.103896103896104,0.501639344262295,FALSE
"FROTO.IS",0.1,41,0.45,0.531147540983607,0.520571526940954,0.658711217183771,0.878980891719745,0.162162162162162,0.485245901639344,0.488582609443537,0.614250614250614,0.827814569536424,0.149350649350649,0.514754098360656,FALSE
"FROTO.IS",0.1,41,0.5,0.514754098360656,0.511232570149768,0.572254335260116,0.630573248407643,0.391891891891892,0.521311475409836,0.522748774404403,0.580459770114943,0.66887417218543,0.376623376623377,0.478688524590164,FALSE
"FROTO.IS",0.1,41,0.55,0.488524590163934,0.501054398347392,0.133333333333333,0.0764331210191083,0.925675675675676,0.521311475409836,0.51713683667326,0.160919540229885,0.0927152317880795,0.941558441558442,0.478688524590164,FALSE
"FROTO.IS",0.1,41,0.6,0.485245901639344,0.5,NA,0,1,0.501639344262295,0.497011266878817,0.05,0.0264900662251656,0.967532467532468,0.498360655737705,FALSE
"FROTO.IS",0.1,41,0.65,0.485245901639344,0.5,NA,0,1,0.504918032786885,0.500129010062785,0.0258064516129032,0.0132450331125828,0.987012987012987,0.495081967213115,FALSE
"FROTO.IS",0.1,41,0.7,0.485245901639344,0.5,NA,0,1,0.504918032786885,0.5,NA,0,1,0.495081967213115,TRUE
"FROTO.IS",0.1,64,0.3,0.514754098360656,0.5,0.67965367965368,1,0,0.495081967213115,0.5,0.662280701754386,1,0,0.504918032786885,TRUE
"FROTO.IS",0.1,64,0.35,0.514754098360656,0.5,0.67965367965368,1,0,0.495081967213115,0.5,0.662280701754386,1,0,0.504918032786885,TRUE
"FROTO.IS",0.1,64,0.4,0.511475409836066,0.497977276639697,0.66815144766147,0.955414012738854,0.0405405405405405,0.501639344262295,0.505912961210975,0.651376146788991,0.940397350993378,0.0714285714285714,0.498360655737705,FALSE
"FROTO.IS",0.1,64,0.45,0.508196721311475,0.499634188328456,0.623115577889447,0.789808917197452,0.209459459459459,0.498360655737705,0.50131160230498,0.612658227848101,0.801324503311258,0.201298701298701,0.501639344262295,FALSE
"FROTO.IS",0.1,64,0.5,0.514754098360656,0.510457910139439,0.581920903954802,0.656050955414013,0.364864864864865,0.504918032786885,0.506127977982283,0.557184750733138,0.629139072847682,0.383116883116883,0.495081967213115,FALSE
"FROTO.IS",0.1,64,0.55,0.478688524590164,0.486658633155448,0.299559471365639,0.21656050955414,0.756756756756757,0.527868852459016,0.525371979014363,0.36283185840708,0.271523178807947,0.779220779220779,0.472131147540984,FALSE
"FROTO.IS",0.1,64,0.6,0.491803278688525,0.505594766741264,0.0718562874251497,0.0382165605095541,0.972972972972973,0.508196721311475,0.503762793497893,0.0963855421686747,0.0529801324503311,0.954545454545455,0.491803278688525,FALSE
"FROTO.IS",0.1,64,0.65,0.485245901639344,0.5,NA,0,1,0.508196721311475,0.503633783435108,0.0740740740740741,0.0397350993377483,0.967532467532468,0.491803278688525,FALSE
"FROTO.IS",0.1,64,0.7,0.485245901639344,0.5,NA,0,1,0.511475409836066,0.506751526619076,0.0509554140127389,0.0264900662251656,0.987012987012987,0.488524590163934,FALSE
"DOAS.IS",0,23,0.3,0.444078947368421,0.5,0.61503416856492,1,0,0.485245901639344,0.5,0.653421633554084,1,0,0.514754098360656,TRUE
"DOAS.IS",0,23,0.35,0.444078947368421,0.499254876177953,0.613272311212815,0.992592592592593,0.00591715976331361,0.488524590163934,0.502991048373214,0.653333333333333,0.993243243243243,0.0127388535031847,0.511475409836066,FALSE
"DOAS.IS",0,23,0.4,0.463815789473684,0.514770984001753,0.616470588235294,0.97037037037037,0.0591715976331361,0.481967213114754,0.495653296608711,0.642533936651584,0.959459459459459,0.0318471337579618,0.518032786885246,FALSE
"DOAS.IS",0,23,0.45,0.476973684210526,0.511702827087442,0.582677165354331,0.822222222222222,0.201183431952663,0.485245901639344,0.494771044930281,0.606516290726817,0.817567567567568,0.171974522292994,0.514754098360656,FALSE
"DOAS.IS",0,23,0.5,0.503289473684211,0.508547008547009,0.498338870431894,0.555555555555556,0.461538461538462,0.531147540983607,0.530448442072646,0.511945392491468,0.506756756756757,0.554140127388535,0.468852459016393,FALSE
"DOAS.IS",0,23,0.55,0.536184210526316,0.493425378040763,0.175438596491228,0.111111111111111,0.875739644970414,0.508196721311475,0.496341883284558,0.157303370786517,0.0945945945945946,0.898089171974522,0.491803278688525,FALSE
"DOAS.IS",0,23,0.6,0.546052631578947,0.492614507999123,0.028169014084507,0.0148148148148148,0.970414201183432,0.495081967213115,0.481666379755552,0.0493827160493827,0.027027027027027,0.936305732484076,0.504918032786885,FALSE
"DOAS.IS",0,23,0.65,0.555921052631579,0.500745123822047,0.0145985401459854,0.00740740740740741,0.994082840236686,0.501639344262295,0.487842141504562,0.0379746835443038,0.0202702702702703,0.955414012738854,0.498360655737705,FALSE
"DOAS.IS",0,23,0.7,0.555921052631579,0.5,NA,0,1,0.508196721311475,0.494017903253572,0.025974025974026,0.0135135135135135,0.974522292993631,0.491803278688525,FALSE
"DOAS.IS",0,27,0.3,0.444078947368421,0.5,0.61503416856492,1,0,0.485245901639344,0.5,0.653421633554084,1,0,0.514754098360656,TRUE
"DOAS.IS",0,27,0.35,0.444078947368421,0.5,0.61503416856492,1,0,0.488524590163934,0.503184713375796,0.654867256637168,1,0.00636942675159236,0.511475409836066,FALSE
"DOAS.IS",0,27,0.4,0.444078947368421,0.5,0.61503416856492,1,0,0.488524590163934,0.50260371836805,0.650224215246637,0.97972972972973,0.0254777070063694,0.511475409836066,FALSE
"DOAS.IS",0,27,0.45,0.483552631578947,0.525071225071225,0.606516290726817,0.896296296296296,0.153846153846154,0.465573770491803,0.47798674470649,0.62004662004662,0.898648648648649,0.0573248407643312,0.534426229508197,FALSE
"DOAS.IS",0,27,0.5,0.526315789473684,0.534472934472934,0.532467532467532,0.607407407407407,0.461538461538462,0.508196721311475,0.506993458426579,0.479166666666667,0.466216216216216,0.547770700636943,0.491803278688525,FALSE
"DOAS.IS",0,27,0.55,0.539473684210526,0.491168091168091,0.102564102564103,0.0592592592592593,0.923076923076923,0.501639344262295,0.488616801514891,0.0843373493975904,0.0472972972972973,0.929936305732484,0.498360655737705,FALSE
"DOAS.IS",0,27,0.6,0.555921052631579,0.5,NA,0,1,0.508196721311475,0.494211568256154,0.0384615384615385,0.0202702702702703,0.968152866242038,0.491803278688525,FALSE
"DOAS.IS",0,27,0.65,0.555921052631579,0.5,NA,0,1,0.514754098360656,0.5,NA,0,1,0.485245901639344,TRUE
"DOAS.IS",0,27,0.7,0.555921052631579,0.5,NA,0,1,0.514754098360656,0.5,NA,0,1,0.485245901639344,TRUE
"DOAS.IS",0,98,0.3,0.444078947368421,0.5,0.61503416856492,1,0,0.485245901639344,0.5,0.653421633554084,1,0,0.514754098360656,TRUE
"DOAS.IS",0,98,0.35,0.444078947368421,0.5,0.61503416856492,1,0,0.485245901639344,0.5,0.653421633554084,1,0,0.514754098360656,TRUE
"DOAS.IS",0,98,0.4,0.444078947368421,0.5,0.61503416856492,1,0,0.485245901639344,0.5,0.653421633554084,1,0,0.514754098360656,TRUE
"DOAS.IS",0,98,0.45,0.453947368421053,0.50664036817883,0.613953488372093,0.977777777777778,0.0355029585798817,0.511475409836066,0.525284042003787,0.663656884875846,0.993243243243243,0.0573248407643312,0.488524590163934,FALSE
"DOAS.IS",0,98,0.5,0.546052631578947,0.540302432610125,0.488888888888889,0.488888888888889,0.591715976331361,0.498360655737705,0.495502668273369,0.435424354243542,0.398648648648649,0.592356687898089,0.501639344262295,FALSE
"DOAS.IS",0,98,0.55,0.555921052631579,0.502235371466141,0.0425531914893617,0.0222222222222222,0.982248520710059,0.504918032786885,0.49122051988294,0.050314465408805,0.027027027027027,0.955414012738854,0.495081967213115,FALSE
"DOAS.IS",0,98,0.6,0.555921052631579,0.5,NA,0,1,0.508196721311475,0.493630573248408,NA,0,0.987261146496815,0.491803278688525,TRUE
"DOAS.IS",0,98,0.65,0.555921052631579,0.5,NA,0,1,0.514754098360656,0.5,NA,0,1,0.485245901639344,TRUE
"DOAS.IS",0,98,0.7,0.555921052631579,0.5,NA,0,1,0.514754098360656,0.5,NA,0,1,0.485245901639344,TRUE
"DOAS.IS",0,41,0.3,0.444078947368421,0.499254876177953,0.613272311212815,0.992592592592593,0.00591715976331361,0.485245901639344,0.5,0.653421633554084,1,0,0.514754098360656,TRUE
"DOAS.IS",0,41,0.35,0.444078947368421,0.498509752355906,0.611494252873563,0.985185185185185,0.0118343195266272,0.488524590163934,0.502797383370632,0.651785714285714,0.986486486486487,0.0191082802547771,0.511475409836066,FALSE
"DOAS.IS",0,41,0.4,0.467105263157895,0.51772956388341,0.617924528301887,0.97037037037037,0.0650887573964497,0.475409836065574,0.487734549836461,0.626168224299065,0.905405405405405,0.0700636942675159,0.524590163934426,FALSE
"DOAS.IS",0,41,0.45,0.493421052631579,0.52575060267368,0.588235294117647,0.814814814814815,0.236686390532544,0.495081967213115,0.50529351007058,0.620689655172414,0.851351351351351,0.159235668789809,0.504918032786885,FALSE
"DOAS.IS",0,41,0.5,0.509868421052632,0.508503177733947,0.473498233215548,0.496296296296296,0.520710059171598,0.547540983606557,0.546372008951627,0.520833333333333,0.506756756756757,0.585987261146497,0.452459016393443,FALSE
"DOAS.IS",0,41,0.55,0.542763157894737,0.503068156914311,0.223463687150838,0.148148148148148,0.857988165680473,0.501639344262295,0.490166121535548,0.164835164835165,0.101351351351351,0.878980891719745,0.498360655737705,FALSE
"DOAS.IS",0,41,0.6,0.546052631578947,0.494104755643217,0.0547945205479452,0.0296296296296296,0.958579881656805,0.501639344262295,0.488229471509726,0.0617283950617284,0.0337837837837838,0.942675159235669,0.498360655737705,FALSE
"DOAS.IS",0,41,0.65,0.552631578947368,0.49778654394039,0.0144927536231884,0.00740740740740741,0.988165680473373,0.508196721311475,0.494598898261319,0.0625,0.0337837837837838,0.955414012738854,0.491803278688525,FALSE
"DOAS.IS",0,41,0.7,0.555921052631579,0.500745123822047,0.0145985401459854,0.00740740740740741,0.994082840236686,0.508196721311475,0.494017903253572,0.025974025974026,0.0135135135135135,0.974522292993631,0.491803278688525,FALSE
"DOAS.IS",0,64,0.3,0.444078947368421,0.499254876177953,0.613272311212815,0.992592592592593,0.00591715976331361,0.485245901639344,0.5,0.653421633554084,1,0,0.514754098360656,TRUE
"DOAS.IS",0,64,0.35,0.444078947368421,0.499254876177953,0.613272311212815,0.992592592592593,0.00591715976331361,0.488524590163934,0.502991048373214,0.653333333333333,0.993243243243243,0.0127388535031847,0.511475409836066,FALSE
"DOAS.IS",0,64,0.4,0.463815789473684,0.514025860179706,0.614657210401891,0.962962962962963,0.0650887573964497,0.488524590163934,0.502410053365467,0.648648648648649,0.972972972972973,0.0318471337579618,0.511475409836066,FALSE
"DOAS.IS",0,64,0.45,0.473684210526316,0.509489371027833,0.583333333333333,0.82962962962963,0.189349112426035,0.495081967213115,0.504518850060251,0.613065326633166,0.824324324324324,0.184713375796178,0.504918032786885,FALSE
"DOAS.IS",0,64,0.5,0.516447368421053,0.519636204251589,0.501694915254237,0.548148148148148,0.49112426035503,0.537704918032787,0.537398863831985,0.525252525252525,0.527027027027027,0.547770700636943,0.462295081967213,FALSE
"DOAS.IS",0,64,0.55,0.5625,0.522309883848345,0.248587570621469,0.162962962962963,0.881656804733728,0.495081967213115,0.482828369771045,0.114942528735632,0.0675675675675676,0.898089171974522,0.504918032786885,FALSE
"DOAS.IS",0,64,0.6,0.546052631578947,0.49335963182117,0.0416666666666667,0.0222222222222222,0.964497041420118,0.501639344262295,0.488423136512309,0.0731707317073171,0.0405405405405405,0.936305732484076,0.498360655737705,FALSE
"DOAS.IS",0,64,0.65,0.552631578947368,0.49778654394039,0.0144927536231884,0.00740740740740741,0.988165680473373,0.501639344262295,0.487842141504562,0.0379746835443038,0.0202702702702703,0.955414012738854,0.498360655737705,FALSE
"DOAS.IS",0,64,0.7,0.555921052631579,0.5,NA,0,1,0.508196721311475,0.494017903253572,0.025974025974026,0.0135135135135135,0.974522292993631,0.491803278688525,FALSE
"DOAS.IS",0.05,23,0.3,0.444078947368421,0.5,0.61503416856492,1,0,0.485245901639344,0.5,0.653421633554084,1,0,0.514754098360656,TRUE
"DOAS.IS",0.05,23,0.35,0.444078947368421,0.498509752355906,0.611494252873563,0.985185185185185,0.0118343195266272,0.488524590163934,0.502991048373214,0.653333333333333,0.993243243243243,0.0127388535031847,0.511475409836066,FALSE
"DOAS.IS",0.05,23,0.4,0.463815789473684,0.514770984001753,0.616470588235294,0.97037037037037,0.0591715976331361,0.481967213114754,0.495459631606128,0.640909090909091,0.952702702702703,0.0382165605095541,0.518032786885246,FALSE
"DOAS.IS",0.05,23,0.45,0.480263157894737,0.514661406969099,0.58421052631579,0.822222222222222,0.207100591715976,0.485245901639344,0.495158374935445,0.610421836228288,0.831081081081081,0.159235668789809,0.514754098360656,FALSE
"DOAS.IS",0.05,23,0.5,0.503289473684211,0.510037256191102,0.504918032786885,0.57037037037037,0.449704142011834,0.527868852459016,0.527844723704596,0.52,0.527027027027027,0.528662420382166,0.472131147540984,FALSE
"DOAS.IS",0.05,23,0.55,0.552631578947368,0.511198772737234,0.218390804597701,0.140740740740741,0.881656804733728,0.491803278688525,0.479643656395249,0.114285714285714,0.0675675675675676,0.89171974522293,0.508196721311475,FALSE
"DOAS.IS",0.05,23,0.6,0.546052631578947,0.49335963182117,0.0416666666666667,0.0222222222222222,0.964497041420118,0.501639344262295,0.488423136512309,0.0731707317073171,0.0405405405405405,0.936305732484076,0.498360655737705,FALSE
"DOAS.IS",0.05,23,0.65,0.555921052631579,0.500745123822047,0.0145985401459854,0.00740740740740741,0.994082840236686,0.501639344262295,0.487842141504562,0.0379746835443038,0.0202702702702703,0.955414012738854,0.498360655737705,FALSE
"DOAS.IS",0.05,23,0.7,0.555921052631579,0.5,NA,0,1,0.508196721311475,0.494017903253572,0.025974025974026,0.0135135135135135,0.974522292993631,0.491803278688525,FALSE
"DOAS.IS",0.05,27,0.3,0.444078947368421,0.5,0.61503416856492,1,0,0.485245901639344,0.5,0.653421633554084,1,0,0.514754098360656,TRUE
"DOAS.IS",0.05,27,0.35,0.444078947368421,0.5,0.61503416856492,1,0,0.485245901639344,0.5,0.653421633554084,1,0,0.514754098360656,TRUE
"DOAS.IS",0.05,27,0.4,0.444078947368421,0.5,0.61503416856492,1,0,0.488524590163934,0.50260371836805,0.650224215246637,0.97972972972973,0.0254777070063694,0.511475409836066,FALSE
"DOAS.IS",0.05,27,0.45,0.483552631578947,0.528051720359413,0.614250614250614,0.925925925925926,0.130177514792899,0.465573770491803,0.478180409709072,0.621809744779582,0.905405405405405,0.0509554140127389,0.534426229508197,FALSE
"DOAS.IS",0.05,27,0.5,0.519736842105263,0.528555774709621,0.529032258064516,0.607407407407407,0.449704142011834,0.495081967213115,0.494448269925977,0.476190476190476,0.472972972972973,0.515923566878981,0.504918032786885,FALSE
"DOAS.IS",0.05,27,0.55,0.539473684210526,0.491168091168091,0.102564102564103,0.0592592592592593,0.923076923076923,0.501639344262295,0.488616801514891,0.0843373493975904,0.0472972972972973,0.929936305732484,0.498360655737705,FALSE
"DOAS.IS",0.05,27,0.6,0.555921052631579,0.5,NA,0,1,0.508196721311475,0.494211568256154,0.0384615384615385,0.0202702702702703,0.968152866242038,0.491803278688525,FALSE
"DOAS.IS",0.05,27,0.65,0.555921052631579,0.5,NA,0,1,0.514754098360656,0.5,NA,0,1,0.485245901639344,TRUE
"DOAS.IS",0.05,27,0.7,0.555921052631579,0.5,NA,0,1,0.514754098360656,0.5,NA,0,1,0.485245901639344,TRUE
"DOAS.IS",0.05,98,0.3,0.444078947368421,0.5,0.61503416856492,1,0,0.485245901639344,0.5,0.653421633554084,1,0,0.514754098360656,TRUE
"DOAS.IS",0.05,98,0.35,0.444078947368421,0.5,0.61503416856492,1,0,0.485245901639344,0.5,0.653421633554084,1,0,0.514754098360656,TRUE
"DOAS.IS",0.05,98,0.4,0.444078947368421,0.5,0.61503416856492,1,0,0.485245901639344,0.5,0.653421633554084,1,0,0.514754098360656,TRUE
"DOAS.IS",0.05,98,0.45,0.444078947368421,0.497764628533859,0.609699769053118,0.977777777777778,0.0177514792899408,0.504918032786885,0.519108280254777,0.662192393736018,1,0.0382165605095541,0.495081967213115,FALSE
"DOAS.IS",0.05,98,0.5,0.532894736842105,0.529213236905545,0.485507246376812,0.496296296296296,0.562130177514793,0.495081967213115,0.492705284902737,0.442028985507246,0.412162162162162,0.573248407643312,0.504918032786885,FALSE
"DOAS.IS",0.05,98,0.55,0.549342105263158,0.496318211702827,0.041958041958042,0.0222222222222222,0.970414201183432,0.504918032786885,0.49122051988294,0.050314465408805,0.027027027027027,0.955414012738854,0.495081967213115,FALSE
"DOAS.IS",0.05,98,0.6,0.555921052631579,0.5,NA,0,1,0.508196721311475,0.493630573248408,NA,0,0.987261146496815,0.491803278688525,TRUE
"DOAS.IS",0.05,98,0.65,0.555921052631579,0.5,NA,0,1,0.514754098360656,0.5,NA,0,1,0.485245901639344,TRUE
"DOAS.IS",0.05,98,0.7,0.555921052631579,0.5,NA,0,1,0.514754098360656,0.5,NA,0,1,0.485245901639344,TRUE
"DOAS.IS",0.05,41,0.3,0.444078947368421,0.499254876177953,0.613272311212815,0.992592592592593,0.00591715976331361,0.485245901639344,0.5,0.653421633554084,1,0,0.514754098360656,TRUE
"DOAS.IS",0.05,41,0.35,0.444078947368421,0.498509752355906,0.611494252873563,0.985185185185185,0.0118343195266272,0.488524590163934,0.502991048373214,0.653333333333333,0.993243243243243,0.0127388535031847,0.511475409836066,FALSE
"DOAS.IS",0.05,41,0.4,0.467105263157895,0.51772956388341,0.617924528301887,0.97037037037037,0.0650887573964497,0.475409836065574,0.487734549836461,0.626168224299065,0.905405405405405,0.0700636942675159,0.524590163934426,FALSE
"DOAS.IS",0.05,41,0.45,0.476973684210526,0.509467455621302,0.576,0.8,0.218934911242604,0.495081967213115,0.50529351007058,0.620689655172414,0.851351351351351,0.159235668789809,0.504918032786885,FALSE
"DOAS.IS",0.05,41,0.5,0.509868421052632,0.508503177733947,0.473498233215548,0.496296296296296,0.520710059171598,0.547540983606557,0.547146668961956,0.533783783783784,0.533783783783784,0.560509554140127,0.452459016393443,FALSE
"DOAS.IS",0.05,41,0.55,0.549342105263158,0.508240192855578,0.217142857142857,0.140740740740741,0.875739644970414,0.501639344262295,0.490166121535548,0.164835164835165,0.101351351351351,0.878980891719745,0.498360655737705,FALSE
"DOAS.IS",0.05,41,0.6,0.546052631578947,0.494104755643217,0.0547945205479452,0.0296296296296296,0.958579881656805,0.498360655737705,0.48504475813393,0.0613496932515337,0.0337837837837838,0.936305732484076,0.501639344262295,FALSE
"DOAS.IS",0.05,41,0.65,0.552631578947368,0.49778654394039,0.0144927536231884,0.00740740740740741,0.988165680473373,0.508196721311475,0.494598898261319,0.0625,0.0337837837837838,0.955414012738854,0.491803278688525,FALSE
"DOAS.IS",0.05,41,0.7,0.555921052631579,0.500745123822047,0.0145985401459854,0.00740740740740741,0.994082840236686,0.508196721311475,0.494017903253572,0.025974025974026,0.0135135135135135,0.974522292993631,0.491803278688525,FALSE
"DOAS.IS",0.05,64,0.3,0.444078947368421,0.5,0.61503416856492,1,0,0.485245901639344,0.5,0.653421633554084,1,0,0.514754098360656,TRUE
"DOAS.IS",0.05,64,0.35,0.444078947368421,0.5,0.61503416856492,1,0,0.485245901639344,0.5,0.653421633554084,1,0,0.514754098360656,TRUE
"DOAS.IS",0.05,64,0.4,0.444078947368421,0.5,0.61503416856492,1,0,0.488524590163934,0.503184713375796,0.654867256637168,1,0.00636942675159236,0.511475409836066,FALSE
"DOAS.IS",0.05,64,0.45,0.460526315789474,0.509577032653956,0.60952380952381,0.948148148148148,0.0710059171597633,0.508196721311475,0.520356343604751,0.647887323943662,0.932432432432432,0.10828025477707,0.491803278688525,FALSE
"DOAS.IS",0.05,64,0.5,0.526315789473684,0.527021696252465,0.5,0.533333333333333,0.520710059171598,0.488524590163934,0.488853503184713,0.486842105263158,0.5,0.477707006369427,0.511475409836066,FALSE
"DOAS.IS",0.05,64,0.55,0.536184210526316,0.488954635108481,0.113207547169811,0.0666666666666667,0.911242603550296,0.504918032786885,0.491801514890687,0.0848484848484848,0.0472972972972973,0.936305732484076,0.495081967213115,FALSE
"DOAS.IS",0.05,64,0.6,0.542763157894737,0.489655928117467,0.027972027972028,0.0148148148148148,0.964497041420118,0.501639344262295,0.487842141504562,0.0379746835443038,0.0202702702702703,0.955414012738854,0.498360655737705,FALSE
"DOAS.IS",0.05,64,0.65,0.549342105263158,0.494827964058733,0.0143884892086331,0.00740740740740741,0.982248520710059,0.501639344262295,0.487261146496815,NA,0,0.974522292993631,0.498360655737705,TRUE
"DOAS.IS",0.05,64,0.7,0.555921052631579,0.5,NA,0,1,0.514754098360656,0.5,NA,0,1,0.485245901639344,TRUE
"DOAS.IS",0.1,23,0.3,0.444078947368421,0.5,0.61503416856492,1,0,0.485245901639344,0.5,0.653421633554084,1,0,0.514754098360656,TRUE
"DOAS.IS",0.1,23,0.35,0.444078947368421,0.5,0.61503416856492,1,0,0.485245901639344,0.5,0.653421633554084,1,0,0.514754098360656,TRUE
"DOAS.IS",0.1,23,0.4,0.444078947368421,0.499254876177953,0.613272311212815,0.992592592592593,0.00591715976331361,0.488524590163934,0.502991048373214,0.653333333333333,0.993243243243243,0.0127388535031847,0.511475409836066,FALSE
"DOAS.IS",0.1,23,0.45,0.453947368421053,0.502914749068595,0.604761904761905,0.940740740740741,0.0650887573964497,0.481967213114754,0.495072301600964,0.637614678899083,0.939189189189189,0.0509554140127389,0.518032786885246,FALSE
"DOAS.IS",0.1,23,0.5,0.523026315789474,0.524063116370809,0.498269896193772,0.533333333333333,0.514792899408284,0.508196721311475,0.505637803408504,0.452554744525547,0.418918918918919,0.592356687898089,0.491803278688525,FALSE
"DOAS.IS",0.1,23,0.55,0.539473684210526,0.489677843523997,0.0789473684210526,0.0444444444444444,0.93491124260355,0.508196721311475,0.495179893269065,0.0963855421686747,0.0540540540540541,0.936305732484076,0.491803278688525,FALSE
"DOAS.IS",0.1,23,0.6,0.555921052631579,0.500745123822047,0.0145985401459854,0.00740740740740741,0.994082840236686,0.501639344262295,0.48764847650198,0.0256410256410256,0.0135135135135135,0.961783439490446,0.498360655737705,FALSE
"DOAS.IS",0.1,23,0.65,0.555921052631579,0.5,NA,0,1,0.514754098360656,0.5,NA,0,1,0.485245901639344,TRUE
"DOAS.IS",0.1,23,0.7,0.555921052631579,0.5,NA,0,1,0.514754098360656,0.5,NA,0,1,0.485245901639344,TRUE
"DOAS.IS",0.1,27,0.3,0.444078947368421,0.5,0.61503416856492,1,0,0.485245901639344,0.5,0.653421633554084,1,0,0.514754098360656,TRUE
"DOAS.IS",0.1,27,0.35,0.444078947368421,0.5,0.61503416856492,1,0,0.485245901639344,0.5,0.653421633554084,1,0,0.514754098360656,TRUE
"DOAS.IS",0.1,27,0.4,0.444078947368421,0.5,0.61503416856492,1,0,0.488524590163934,0.50260371836805,0.650224215246637,0.97972972972973,0.0254777070063694,0.511475409836066,FALSE
"DOAS.IS",0.1,27,0.45,0.483552631578947,0.52879684418146,0.616136919315403,0.933333333333333,0.124260355029586,0.465573770491803,0.478180409709072,0.621809744779582,0.905405405405405,0.0509554140127389,0.534426229508197,FALSE
"DOAS.IS",0.1,27,0.5,0.519736842105263,0.528555774709621,0.529032258064516,0.607407407407407,0.449704142011834,0.495081967213115,0.494448269925977,0.476190476190476,0.472972972972973,0.515923566878981,0.504918032786885,FALSE
"DOAS.IS",0.1,27,0.55,0.539473684210526,0.491168091168091,0.102564102564103,0.0592592592592593,0.923076923076923,0.501639344262295,0.488616801514891,0.0843373493975904,0.0472972972972973,0.929936305732484,0.498360655737705,FALSE
"DOAS.IS",0.1,27,0.6,0.555921052631579,0.5,NA,0,1,0.508196721311475,0.494211568256154,0.0384615384615385,0.0202702702702703,0.968152866242038,0.491803278688525,FALSE
"DOAS.IS",0.1,27,0.65,0.555921052631579,0.5,NA,0,1,0.514754098360656,0.5,NA,0,1,0.485245901639344,TRUE
"DOAS.IS",0.1,27,0.7,0.555921052631579,0.5,NA,0,1,0.514754098360656,0.5,NA,0,1,0.485245901639344,TRUE
"DOAS.IS",0.1,98,0.3,0.444078947368421,0.5,0.61503416856492,1,0,0.485245901639344,0.5,0.653421633554084,1,0,0.514754098360656,TRUE
"DOAS.IS",0.1,98,0.35,0.444078947368421,0.5,0.61503416856492,1,0,0.485245901639344,0.5,0.653421633554084,1,0,0.514754098360656,TRUE
"DOAS.IS",0.1,98,0.4,0.444078947368421,0.5,0.61503416856492,1,0,0.485245901639344,0.5,0.653421633554084,1,0,0.514754098360656,TRUE
"DOAS.IS",0.1,98,0.45,0.444078947368421,0.497764628533859,0.609699769053118,0.977777777777778,0.0177514792899408,0.498360655737705,0.512738853503185,0.65924276169265,1,0.0254777070063694,0.501639344262295,FALSE
"DOAS.IS",0.1,98,0.5,0.529605263157895,0.528490028490028,0.49469964664311,0.518518518518518,0.538461538461538,0.501639344262295,0.499655706662076,0.457142857142857,0.432432432432432,0.56687898089172,0.498360655737705,FALSE
"DOAS.IS",0.1,98,0.55,0.555921052631579,0.502235371466141,0.0425531914893617,0.0222222222222222,0.982248520710059,0.504918032786885,0.491414184885522,0.062111801242236,0.0337837837837838,0.949044585987261,0.495081967213115,FALSE
"DOAS.IS",0.1,98,0.6,0.555921052631579,0.5,NA,0,1,0.508196721311475,0.493630573248408,NA,0,0.987261146496815,0.491803278688525,TRUE
"DOAS.IS",0.1,98,0.65,0.555921052631579,0.5,NA,0,1,0.514754098360656,0.5,NA,0,1,0.485245901639344,TRUE
"DOAS.IS",0.1,98,0.7,0.555921052631579,0.5,NA,0,1,0.514754098360656,0.5,NA,0,1,0.485245901639344,TRUE
"DOAS.IS",0.1,41,0.3,0.444078947368421,0.5,0.61503416856492,1,0,0.485245901639344,0.5,0.653421633554084,1,0,0.514754098360656,TRUE
"DOAS.IS",0.1,41,0.35,0.444078947368421,0.499254876177953,0.613272311212815,0.992592592592593,0.00591715976331361,0.485245901639344,0.5,0.653421633554084,1,0,0.514754098360656,TRUE
"DOAS.IS",0.1,41,0.4,0.444078947368421,0.495529257067719,0.604215456674473,0.955555555555556,0.0355029585798817,0.488524590163934,0.502797383370632,0.651785714285714,0.986486486486487,0.0191082802547771,0.511475409836066,FALSE
"DOAS.IS",0.1,41,0.45,0.463815789473684,0.511045364891519,0.607228915662651,0.933333333333333,0.0887573964497041,0.485245901639344,0.496320364950938,0.621686746987952,0.871621621621622,0.121019108280255,0.514754098360656,FALSE
"DOAS.IS",0.1,41,0.5,0.509868421052632,0.510738549200088,0.484429065743945,0.518518518518518,0.502958579881657,0.504918032786885,0.504002410053365,0.481099656357388,0.472972972972973,0.535031847133758,0.495081967213115,FALSE
"DOAS.IS",0.1,41,0.55,0.526315789473684,0.484549638395792,0.172413793103448,0.111111111111111,0.857988165680473,0.514754098360656,0.501549320020658,0.0975609756097561,0.0540540540540541,0.949044585987261,0.485245901639344,FALSE
"DOAS.IS",0.1,41,0.6,0.555921052631579,0.5,NA,0,1,0.514754098360656,0.500968325012911,0.0632911392405063,0.0337837837837838,0.968152866242038,0.485245901639344,FALSE
"DOAS.IS",0.1,41,0.65,0.555921052631579,0.5,NA,0,1,0.514754098360656,0.5,NA,0,1,0.485245901639344,TRUE
"DOAS.IS",0.1,41,0.7,0.555921052631579,0.5,NA,0,1,0.514754098360656,0.5,NA,0,1,0.485245901639344,TRUE
"DOAS.IS",0.1,64,0.3,0.444078947368421,0.5,0.61503416856492,1,0,0.485245901639344,0.5,0.653421633554084,1,0,0.514754098360656,TRUE
"DOAS.IS",0.1,64,0.35,0.444078947368421,0.5,0.61503416856492,1,0,0.485245901639344,0.5,0.653421633554084,1,0,0.514754098360656,TRUE
"DOAS.IS",0.1,64,0.4,0.444078947368421,0.5,0.61503416856492,1,0,0.488524590163934,0.503184713375796,0.654867256637168,1,0.00636942675159236,0.511475409836066,FALSE
"DOAS.IS",0.1,64,0.45,0.460526315789474,0.509577032653956,0.60952380952381,0.948148148148148,0.0710059171597633,0.501639344262295,0.513793251850577,0.643192488262911,0.925675675675676,0.101910828025478,0.498360655737705,FALSE
"DOAS.IS",0.1,64,0.5,0.526315789473684,0.524786324786325,0.48936170212766,0.511111111111111,0.538461538461538,0.504918032786885,0.504196075055948,0.484641638225256,0.47972972972973,0.528662420382166,0.495081967213115,FALSE
"DOAS.IS",0.1,64,0.55,0.536184210526316,0.488954635108481,0.113207547169811,0.0666666666666667,0.911242603550296,0.504918032786885,0.491801514890687,0.0848484848484848,0.0472972972972973,0.936305732484076,0.495081967213115,FALSE
"DOAS.IS",0.1,64,0.6,0.542763157894737,0.48891080429542,0.0141843971631206,0.00740740740740741,0.970414201183432,0.501639344262295,0.487842141504562,0.0379746835443038,0.0202702702702703,0.955414012738854,0.498360655737705,FALSE
"DOAS.IS",0.1,64,0.65,0.555921052631579,0.500745123822047,0.0145985401459854,0.00740740740740741,0.994082840236686,0.501639344262295,0.487261146496815,NA,0,0.974522292993631,0.498360655737705,TRUE
"DOAS.IS",0.1,64,0.7,0.555921052631579,0.5,NA,0,1,0.514754098360656,0.5,NA,0,1,0.485245901639344,TRUE
"KRDMD.IS",0,23,0.3,0.490131578947368,0.5,0.657836644591612,1,0,0.524590163934426,0.5,0.688172043010753,1,0,0.475409836065574,TRUE
"KRDMD.IS",0,23,0.35,0.490131578947368,0.5,0.657836644591612,1,0,0.524590163934426,0.5,0.688172043010753,1,0,0.475409836065574,TRUE
"KRDMD.IS",0,23,0.4,0.490131578947368,0.5,0.657836644591612,1,0,0.524590163934426,0.5,0.688172043010753,1,0,0.475409836065574,TRUE
"KRDMD.IS",0,23,0.45,0.490131578947368,0.499480407014505,0.651685393258427,0.973154362416107,0.0258064516129032,0.540983606557377,0.517887931034483,0.692982456140351,0.9875,0.0482758620689655,0.459016393442623,FALSE
"KRDMD.IS",0,23,0.5,0.526315789473684,0.527949772678069,0.558282208588957,0.610738255033557,0.445161290322581,0.468852459016393,0.466594827586207,0.503067484662577,0.5125,0.420689655172414,0.531147540983607,FALSE
"KRDMD.IS",0,23,0.55,0.509868421052632,0.5,NA,0,1,0.475409836065574,0.5,NA,0,1,0.524590163934426,TRUE
"KRDMD.IS",0,23,0.6,0.509868421052632,0.5,NA,0,1,0.475409836065574,0.5,NA,0,1,0.524590163934426,TRUE
"KRDMD.IS",0,23,0.65,0.509868421052632,0.5,NA,0,1,0.475409836065574,0.5,NA,0,1,0.524590163934426,TRUE
"KRDMD.IS",0,23,0.7,0.509868421052632,0.5,NA,0,1,0.475409836065574,0.5,NA,0,1,0.524590163934426,TRUE
"KRDMD.IS",0,27,0.3,0.490131578947368,0.5,0.657836644591612,1,0,0.524590163934426,0.5,0.688172043010753,1,0,0.475409836065574,TRUE
"KRDMD.IS",0,27,0.35,0.490131578947368,0.5,0.657836644591612,1,0,0.524590163934426,0.5,0.688172043010753,1,0,0.475409836065574,TRUE
"KRDMD.IS",0,27,0.4,0.490131578947368,0.5,0.657836644591612,1,0,0.524590163934426,0.5,0.688172043010753,1,0,0.475409836065574,TRUE
"KRDMD.IS",0,27,0.45,0.503289473684211,0.512643429313704,0.660674157303371,0.986577181208054,0.0387096774193548,0.504918032786885,0.48125,0.671023965141612,0.9625,0,0.495081967213115,TRUE
"KRDMD.IS",0,27,0.5,0.569078947368421,0.569755358302663,0.578778135048232,0.604026845637584,0.535483870967742,0.465573770491803,0.46573275862069,0.47588424437299,0.4625,0.468965517241379,0.534426229508197,FALSE
"KRDMD.IS",0,27,0.55,0.523026315789474,0.514072310023815,0.110429447852761,0.0604026845637584,0.967741935483871,0.478688524590164,0.501508620689655,0.0701754385964912,0.0375,0.96551724137931,0.521311475409836,FALSE
"KRDMD.IS",0,27,0.6,0.509868421052632,0.5,NA,0,1,0.475409836065574,0.5,NA,0,1,0.524590163934426,TRUE
"KRDMD.IS",0,27,0.65,0.509868421052632,0.5,NA,0,1,0.475409836065574,0.5,NA,0,1,0.524590163934426,TRUE
"KRDMD.IS",0,27,0.7,0.509868421052632,0.5,NA,0,1,0.475409836065574,0.5,NA,0,1,0.524590163934426,TRUE
"KRDMD.IS",0,98,0.3,0.490131578947368,0.5,0.657836644591612,1,0,0.524590163934426,0.5,0.688172043010753,1,0,0.475409836065574,TRUE
"KRDMD.IS",0,98,0.35,0.490131578947368,0.5,0.657836644591612,1,0,0.524590163934426,0.5,0.688172043010753,1,0,0.475409836065574,TRUE
"KRDMD.IS",0,98,0.4,0.490131578947368,0.5,0.657836644591612,1,0,0.524590163934426,0.5,0.688172043010753,1,0,0.475409836065574,TRUE
"KRDMD.IS",0,98,0.45,0.503289473684211,0.512253734574583,0.656036446469248,0.966442953020134,0.0580645161290323,0.514754098360656,0.492241379310345,0.672566371681416,0.95,0.0344827586206897,0.485245901639344,FALSE
"KRDMD.IS",0,98,0.5,0.529605263157895,0.531175579129682,0.56,0.610738255033557,0.451612903225806,0.468852459016393,0.466271551724138,0.50609756097561,0.51875,0.413793103448276,0.531147540983607,FALSE
"KRDMD.IS",0,98,0.55,0.496710526315789,0.488265858410911,0.105263157894737,0.0604026845637584,0.916129032258065,0.475409836065574,0.498060344827586,0.0697674418604651,0.0375,0.958620689655172,0.524590163934426,FALSE
"KRDMD.IS",0,98,0.6,0.509868421052632,0.5,NA,0,1,0.475409836065574,0.499676724137931,0.0123456790123457,0.00625,0.993103448275862,0.524590163934426,FALSE
"KRDMD.IS",0,98,0.65,0.509868421052632,0.5,NA,0,1,0.475409836065574,0.5,NA,0,1,0.524590163934426,TRUE
"KRDMD.IS",0,98,0.7,0.509868421052632,0.5,NA,0,1,0.475409836065574,0.5,NA,0,1,0.524590163934426,TRUE
"KRDMD.IS",0,41,0.3,0.490131578947368,0.5,0.657836644591612,1,0,0.524590163934426,0.5,0.688172043010753,1,0,0.475409836065574,TRUE
"KRDMD.IS",0,41,0.35,0.490131578947368,0.5,0.657836644591612,1,0,0.524590163934426,0.5,0.688172043010753,1,0,0.475409836065574,TRUE
"KRDMD.IS",0,41,0.4,0.490131578947368,0.5,0.657836644591612,1,0,0.527868852459016,0.503448275862069,0.689655172413793,1,0.00689655172413793,0.472131147540984,FALSE
"KRDMD.IS",0,41,0.45,0.473684210526316,0.482312188785451,0.631336405529954,0.919463087248322,0.0451612903225806,0.521311475409836,0.500431034482759,0.669683257918552,0.925,0.0758620689655172,0.478688524590164,FALSE
"KRDMD.IS",0,41,0.5,0.5625,0.565641913834163,0.6189111747851,0.724832214765101,0.406451612903226,0.468852459016393,0.461099137931035,0.55,0.61875,0.303448275862069,0.531147540983607,FALSE
"KRDMD.IS",0,41,0.55,0.516447368421053,0.507101104135094,0.0636942675159236,0.0335570469798658,0.980645161290323,0.468852459016393,0.492133620689655,0.0357142857142857,0.01875,0.96551724137931,0.531147540983607,FALSE
"KRDMD.IS",0,41,0.6,0.509868421052632,0.5,NA,0,1,0.475409836065574,0.5,NA,0,1,0.524590163934426,TRUE
"KRDMD.IS",0,41,0.65,0.509868421052632,0.5,NA,0,1,0.475409836065574,0.5,NA,0,1,0.524590163934426,TRUE
"KRDMD.IS",0,41,0.7,0.509868421052632,0.5,NA,0,1,0.475409836065574,0.5,NA,0,1,0.524590163934426,TRUE
"KRDMD.IS",0,64,0.3,0.490131578947368,0.5,0.657836644591612,1,0,0.524590163934426,0.5,0.688172043010753,1,0,0.475409836065574,TRUE
"KRDMD.IS",0,64,0.35,0.490131578947368,0.5,0.657836644591612,1,0,0.524590163934426,0.5,0.688172043010753,1,0,0.475409836065574,TRUE
"KRDMD.IS",0,64,0.4,0.490131578947368,0.5,0.657836644591612,1,0,0.524590163934426,0.5,0.688172043010753,1,0,0.475409836065574,TRUE
"KRDMD.IS",0,64,0.45,0.506578947368421,0.515739337518944,0.660633484162896,0.979865771812081,0.0516129032258065,0.511475409836066,0.490086206896552,0.665168539325843,0.925,0.0551724137931034,0.488524590163934,FALSE
"KRDMD.IS",0,64,0.5,0.546052631578947,0.546785018402252,0.557692307692308,0.583892617449664,0.509677419354839,0.429508196721311,0.427155172413793,0.466257668711656,0.475,0.379310344827586,0.570491803278689,FALSE
"KRDMD.IS",0,64,0.55,0.506578947368421,0.497683481273003,0.0853658536585366,0.0469798657718121,0.948387096774194,0.468852459016393,0.492456896551724,0.0240963855421687,0.0125,0.972413793103448,0.531147540983607,FALSE
"KRDMD.IS",0,64,0.6,0.509868421052632,0.5,NA,0,1,0.475409836065574,0.5,NA,0,1,0.524590163934426,TRUE
"KRDMD.IS",0,64,0.65,0.509868421052632,0.5,NA,0,1,0.475409836065574,0.5,NA,0,1,0.524590163934426,TRUE
"KRDMD.IS",0,64,0.7,0.509868421052632,0.5,NA,0,1,0.475409836065574,0.5,NA,0,1,0.524590163934426,TRUE
"KRDMD.IS",0.05,23,0.3,0.490131578947368,0.5,0.657836644591612,1,0,0.524590163934426,0.5,0.688172043010753,1,0,0.475409836065574,TRUE
"KRDMD.IS",0.05,23,0.35,0.490131578947368,0.5,0.657836644591612,1,0,0.524590163934426,0.5,0.688172043010753,1,0,0.475409836065574,TRUE
"KRDMD.IS",0.05,23,0.4,0.490131578947368,0.5,0.657836644591612,1,0,0.524590163934426,0.5,0.688172043010753,1,0,0.475409836065574,TRUE
"KRDMD.IS",0.05,23,0.45,0.490131578947368,0.499610305260879,0.65324384787472,0.979865771812081,0.0193548387096774,0.527868852459016,0.504094827586207,0.68695652173913,0.9875,0.0206896551724138,0.472131147540984,FALSE
"KRDMD.IS",0.05,23,0.5,0.523026315789474,0.526152846936566,0.584527220630373,0.684563758389262,0.367741935483871,0.442622950819672,0.435775862068965,0.519774011299435,0.575,0.296551724137931,0.557377049180328,FALSE
"KRDMD.IS",0.05,23,0.55,0.509868421052632,0.5,NA,0,1,0.475409836065574,0.5,NA,0,1,0.524590163934426,TRUE
"KRDMD.IS",0.05,23,0.6,0.509868421052632,0.5,NA,0,1,0.475409836065574,0.5,NA,0,1,0.524590163934426,TRUE
"KRDMD.IS",0.05,23,0.65,0.509868421052632,0.5,NA,0,1,0.475409836065574,0.5,NA,0,1,0.524590163934426,TRUE
"KRDMD.IS",0.05,23,0.7,0.509868421052632,0.5,NA,0,1,0.475409836065574,0.5,NA,0,1,0.524590163934426,TRUE
"KRDMD.IS",0.05,27,0.3,0.490131578947368,0.5,0.657836644591612,1,0,0.524590163934426,0.5,0.688172043010753,1,0,0.475409836065574,TRUE
"KRDMD.IS",0.05,27,0.35,0.490131578947368,0.5,0.657836644591612,1,0,0.524590163934426,0.5,0.688172043010753,1,0,0.475409836065574,TRUE
"KRDMD.IS",0.05,27,0.4,0.490131578947368,0.5,0.657836644591612,1,0,0.524590163934426,0.5,0.688172043010753,1,0,0.475409836065574,TRUE
"KRDMD.IS",0.05,27,0.45,0.503289473684211,0.512643429313704,0.660674157303371,0.986577181208054,0.0387096774193548,0.504918032786885,0.48125,0.671023965141612,0.9625,0,0.495081967213115,TRUE
"KRDMD.IS",0.05,27,0.5,0.572368421052632,0.572591470015155,0.572368421052632,0.583892617449664,0.561290322580645,0.468852459016393,0.469504310344828,0.474025974025974,0.45625,0.482758620689655,0.531147540983607,FALSE
"KRDMD.IS",0.05,27,0.55,0.519736842105263,0.510586707079454,0.0875,0.0469798657718121,0.974193548387097,0.478688524590164,0.501831896551724,0.0591715976331361,0.03125,0.972413793103448,0.521311475409836,FALSE
"KRDMD.IS",0.05,27,0.6,0.509868421052632,0.5,NA,0,1,0.475409836065574,0.5,NA,0,1,0.524590163934426,TRUE
"KRDMD.IS",0.05,27,0.65,0.509868421052632,0.5,NA,0,1,0.475409836065574,0.5,NA,0,1,0.524590163934426,TRUE
"KRDMD.IS",0.05,27,0.7,0.509868421052632,0.5,NA,0,1,0.475409836065574,0.5,NA,0,1,0.524590163934426,TRUE
"KRDMD.IS",0.05,98,0.3,0.490131578947368,0.5,0.657836644591612,1,0,0.524590163934426,0.5,0.688172043010753,1,0,0.475409836065574,TRUE
"KRDMD.IS",0.05,98,0.35,0.490131578947368,0.5,0.657836644591612,1,0,0.524590163934426,0.5,0.688172043010753,1,0,0.475409836065574,TRUE
"KRDMD.IS",0.05,98,0.4,0.490131578947368,0.5,0.657836644591612,1,0,0.524590163934426,0.5,0.688172043010753,1,0,0.475409836065574,TRUE
"KRDMD.IS",0.05,98,0.45,0.503289473684211,0.512513531067331,0.659142212189616,0.979865771812081,0.0451612903225806,0.508196721311475,0.485344827586207,0.669603524229075,0.95,0.0206896551724138,0.491803278688525,FALSE
"KRDMD.IS",0.05,98,0.5,0.529605263157895,0.531435375622429,0.565349544072948,0.624161073825503,0.438709677419355,0.472131147540984,0.469719827586207,0.507645259938838,0.51875,0.420689655172414,0.527868852459016,FALSE
"KRDMD.IS",0.05,98,0.55,0.496710526315789,0.488265858410911,0.105263157894737,0.0604026845637584,0.916129032258065,0.475409836065574,0.498060344827586,0.0697674418604651,0.0375,0.958620689655172,0.524590163934426,FALSE
"KRDMD.IS",0.05,98,0.6,0.509868421052632,0.5,NA,0,1,0.475409836065574,0.499676724137931,0.0123456790123457,0.00625,0.993103448275862,0.524590163934426,FALSE
"KRDMD.IS",0.05,98,0.65,0.509868421052632,0.5,NA,0,1,0.475409836065574,0.5,NA,0,1,0.524590163934426,TRUE
"KRDMD.IS",0.05,98,0.7,0.509868421052632,0.5,NA,0,1,0.475409836065574,0.5,NA,0,1,0.524590163934426,TRUE
"KRDMD.IS",0.05,41,0.3,0.490131578947368,0.5,0.657836644591612,1,0,0.524590163934426,0.5,0.688172043010753,1,0,0.475409836065574,TRUE
"KRDMD.IS",0.05,41,0.35,0.490131578947368,0.5,0.657836644591612,1,0,0.524590163934426,0.5,0.688172043010753,1,0,0.475409836065574,TRUE
"KRDMD.IS",0.05,41,0.4,0.490131578947368,0.5,0.657836644591612,1,0,0.527868852459016,0.503448275862069,0.689655172413793,1,0.00689655172413793,0.472131147540984,FALSE
"KRDMD.IS",0.05,41,0.45,0.476973684210526,0.485278198744317,0.629370629370629,0.906040268456376,0.0645161290322581,0.524590163934426,0.504202586206897,0.669703872437358,0.91875,0.0896551724137931,0.475409836065574,FALSE
"KRDMD.IS",0.05,41,0.5,0.5625,0.563953236631305,0.588235294117647,0.63758389261745,0.490322580645161,0.465573770491803,0.461206896551724,0.519174041297935,0.55,0.372413793103448,0.534426229508197,FALSE
"KRDMD.IS",0.05,41,0.55,0.516447368421053,0.506841307642347,0.0392156862745098,0.0201342281879195,0.993548387096774,0.468852459016393,0.492456896551724,0.0240963855421687,0.0125,0.972413793103448,0.531147540983607,FALSE
"KRDMD.IS",0.05,41,0.6,0.509868421052632,0.5,NA,0,1,0.475409836065574,0.5,NA,0,1,0.524590163934426,TRUE
"KRDMD.IS",0.05,41,0.65,0.509868421052632,0.5,NA,0,1,0.475409836065574,0.5,NA,0,1,0.524590163934426,TRUE
"KRDMD.IS",0.05,41,0.7,0.509868421052632,0.5,NA,0,1,0.475409836065574,0.5,NA,0,1,0.524590163934426,TRUE
"KRDMD.IS",0.05,64,0.3,0.490131578947368,0.5,0.657836644591612,1,0,0.524590163934426,0.5,0.688172043010753,1,0,0.475409836065574,TRUE
"KRDMD.IS",0.05,64,0.35,0.490131578947368,0.5,0.657836644591612,1,0,0.524590163934426,0.5,0.688172043010753,1,0,0.475409836065574,TRUE
"KRDMD.IS",0.05,64,0.4,0.490131578947368,0.5,0.657836644591612,1,0,0.524590163934426,0.5,0.688172043010753,1,0,0.475409836065574,TRUE
"KRDMD.IS",0.05,64,0.45,0.493421052631579,0.503095908205239,0.657777777777778,0.993288590604027,0.0129032258064516,0.511475409836066,0.488469827586207,0.672527472527473,0.95625,0.0206896551724138,0.488524590163934,FALSE
"KRDMD.IS",0.05,64,0.5,0.546052631578947,0.547044814894999,0.563291139240506,0.597315436241611,0.496774193548387,0.452459016393443,0.449030172413793,0.498498498498499,0.51875,0.379310344827586,0.547540983606557,FALSE
"KRDMD.IS",0.05,64,0.55,0.506578947368421,0.497033990041134,0.025974025974026,0.0134228187919463,0.980645161290323,0.478688524590164,0.502478448275862,0.0363636363636364,0.01875,0.986206896551724,0.521311475409836,FALSE
"KRDMD.IS",0.05,64,0.6,0.509868421052632,0.5,NA,0,1,0.475409836065574,0.5,NA,0,1,0.524590163934426,TRUE
"KRDMD.IS",0.05,64,0.65,0.509868421052632,0.5,NA,0,1,0.475409836065574,0.5,NA,0,1,0.524590163934426,TRUE
"KRDMD.IS",0.05,64,0.7,0.509868421052632,0.5,NA,0,1,0.475409836065574,0.5,NA,0,1,0.524590163934426,TRUE
"KRDMD.IS",0.1,23,0.3,0.490131578947368,0.5,0.657836644591612,1,0,0.524590163934426,0.5,0.688172043010753,1,0,0.475409836065574,TRUE
"KRDMD.IS",0.1,23,0.35,0.490131578947368,0.5,0.657836644591612,1,0,0.524590163934426,0.5,0.688172043010753,1,0,0.475409836065574,TRUE
"KRDMD.IS",0.1,23,0.4,0.490131578947368,0.5,0.657836644591612,1,0,0.524590163934426,0.5,0.688172043010753,1,0,0.475409836065574,TRUE
"KRDMD.IS",0.1,23,0.45,0.5,0.509157826369344,0.656108597285068,0.973154362416107,0.0451612903225806,0.514754098360656,0.493534482758621,0.666666666666667,0.925,0.0620689655172414,0.485245901639344,FALSE
"KRDMD.IS",0.1,23,0.5,0.519736842105263,0.52032907555748,0.529032258064516,0.550335570469799,0.490322580645161,0.439344262295082,0.440409482758621,0.439344262295082,0.41875,0.462068965517241,0.560655737704918,FALSE
"KRDMD.IS",0.1,23,0.55,0.483552631578947,0.474843039618965,0.0598802395209581,0.0335570469798658,0.916129032258065,0.468852459016393,0.492456896551724,0.0240963855421687,0.0125,0.972413793103448,0.531147540983607,FALSE
"KRDMD.IS",0.1,23,0.6,0.509868421052632,0.5,NA,0,1,0.475409836065574,0.499676724137931,0.0123456790123457,0.00625,0.993103448275862,0.524590163934426,FALSE
"KRDMD.IS",0.1,23,0.65,0.509868421052632,0.5,NA,0,1,0.475409836065574,0.5,NA,0,1,0.524590163934426,TRUE
"KRDMD.IS",0.1,23,0.7,0.509868421052632,0.5,NA,0,1,0.475409836065574,0.5,NA,0,1,0.524590163934426,TRUE
"KRDMD.IS",0.1,27,0.3,0.490131578947368,0.5,0.657836644591612,1,0,0.524590163934426,0.5,0.688172043010753,1,0,0.475409836065574,TRUE
"KRDMD.IS",0.1,27,0.35,0.490131578947368,0.5,0.657836644591612,1,0,0.524590163934426,0.5,0.688172043010753,1,0,0.475409836065574,TRUE
"KRDMD.IS",0.1,27,0.4,0.490131578947368,0.5,0.657836644591612,1,0,0.524590163934426,0.5,0.688172043010753,1,0,0.475409836065574,TRUE
"KRDMD.IS",0.1,27,0.45,0.503289473684211,0.512513531067331,0.659142212189616,0.979865771812081,0.0451612903225806,0.504918032786885,0.48125,0.671023965141612,0.9625,0,0.495081967213115,TRUE
"KRDMD.IS",0.1,27,0.5,0.565789473684211,0.565490365880061,0.554054054054054,0.550335570469799,0.580645161290323,0.462295081967213,0.463900862068966,0.456953642384106,0.43125,0.496551724137931,0.537704918032787,FALSE
"KRDMD.IS",0.1,27,0.55,0.519736842105263,0.510326910586707,0.0641025641025641,0.0335570469798658,0.987096774193548,0.478688524590164,0.501831896551724,0.0591715976331361,0.03125,0.972413793103448,0.521311475409836,FALSE
"KRDMD.IS",0.1,27,0.6,0.509868421052632,0.5,NA,0,1,0.475409836065574,0.5,NA,0,1,0.524590163934426,TRUE
"KRDMD.IS",0.1,27,0.65,0.509868421052632,0.5,NA,0,1,0.475409836065574,0.5,NA,0,1,0.524590163934426,TRUE
"KRDMD.IS",0.1,27,0.7,0.509868421052632,0.5,NA,0,1,0.475409836065574,0.5,NA,0,1,0.524590163934426,TRUE
"KRDMD.IS",0.1,98,0.3,0.490131578947368,0.5,0.657836644591612,1,0,0.524590163934426,0.5,0.688172043010753,1,0,0.475409836065574,TRUE
"KRDMD.IS",0.1,98,0.35,0.490131578947368,0.5,0.657836644591612,1,0,0.524590163934426,0.5,0.688172043010753,1,0,0.475409836065574,TRUE
"KRDMD.IS",0.1,98,0.4,0.490131578947368,0.5,0.657836644591612,1,0,0.524590163934426,0.5,0.688172043010753,1,0,0.475409836065574,TRUE
"KRDMD.IS",0.1,98,0.45,0.503289473684211,0.512383632820957,0.657596371882086,0.973154362416107,0.0516129032258065,0.514754098360656,0.491594827586207,0.675438596491228,0.9625,0.0206896551724138,0.485245901639344,FALSE
"KRDMD.IS",0.1,98,0.5,0.529605263157895,0.531305477376055,0.562691131498471,0.61744966442953,0.445161290322581,0.478688524590164,0.476616379310345,0.510769230769231,0.51875,0.43448275862069,0.521311475409836,FALSE
"KRDMD.IS",0.1,98,0.55,0.490131578947368,0.481554449014938,0.0828402366863905,0.0469798657718121,0.916129032258065,0.468852459016393,0.492133620689655,0.0357142857142857,0.01875,0.96551724137931,0.531147540983607,FALSE
"KRDMD.IS",0.1,98,0.6,0.509868421052632,0.5,NA,0,1,0.475409836065574,0.5,NA,0,1,0.524590163934426,TRUE
"KRDMD.IS",0.1,98,0.65,0.509868421052632,0.5,NA,0,1,0.475409836065574,0.5,NA,0,1,0.524590163934426,TRUE
"KRDMD.IS",0.1,98,0.7,0.509868421052632,0.5,NA,0,1,0.475409836065574,0.5,NA,0,1,0.524590163934426,TRUE
"KRDMD.IS",0.1,41,0.3,0.490131578947368,0.5,0.657836644591612,1,0,0.524590163934426,0.5,0.688172043010753,1,0,0.475409836065574,TRUE
"KRDMD.IS",0.1,41,0.35,0.490131578947368,0.5,0.657836644591612,1,0,0.524590163934426,0.5,0.688172043010753,1,0,0.475409836065574,TRUE
"KRDMD.IS",0.1,41,0.4,0.496710526315789,0.506451612903226,0.660753880266075,1,0.0129032258064516,0.521311475409836,0.497198275862069,0.683982683982684,0.9875,0.00689655172413793,0.478688524590164,FALSE
"KRDMD.IS",0.1,41,0.45,0.476973684210526,0.485278198744317,0.629370629370629,0.906040268456376,0.0645161290322581,0.524590163934426,0.504525862068966,0.668192219679634,0.9125,0.096551724137931,0.475409836065574,FALSE
"KRDMD.IS",0.1,41,0.5,0.559210526315789,0.560077938947824,0.573248407643312,0.604026845637584,0.516129032258065,0.475409836065574,0.473168103448276,0.50920245398773,0.51875,0.427586206896552,0.524590163934426,FALSE
"KRDMD.IS",0.1,41,0.55,0.516447368421053,0.506711409395973,0.0264900662251656,0.0134228187919463,1,0.475409836065574,0.499353448275862,0.024390243902439,0.0125,0.986206896551724,0.524590163934426,FALSE
"KRDMD.IS",0.1,41,0.6,0.509868421052632,0.5,NA,0,1,0.475409836065574,0.5,NA,0,1,0.524590163934426,TRUE
"KRDMD.IS",0.1,41,0.65,0.509868421052632,0.5,NA,0,1,0.475409836065574,0.5,NA,0,1,0.524590163934426,TRUE
"KRDMD.IS",0.1,41,0.7,0.509868421052632,0.5,NA,0,1,0.475409836065574,0.5,NA,0,1,0.524590163934426,TRUE
"KRDMD.IS",0.1,64,0.3,0.490131578947368,0.5,0.657836644591612,1,0,0.524590163934426,0.5,0.688172043010753,1,0,0.475409836065574,TRUE
"KRDMD.IS",0.1,64,0.35,0.490131578947368,0.5,0.657836644591612,1,0,0.524590163934426,0.5,0.688172043010753,1,0,0.475409836065574,TRUE
"KRDMD.IS",0.1,64,0.4,0.490131578947368,0.5,0.657836644591612,1,0,0.524590163934426,0.5,0.688172043010753,1,0,0.475409836065574,TRUE
"KRDMD.IS",0.1,64,0.45,0.496710526315789,0.506451612903226,0.660753880266075,1,0.0129032258064516,0.511475409836066,0.488469827586207,0.672527472527473,0.95625,0.0206896551724138,0.488524590163934,FALSE
"KRDMD.IS",0.1,64,0.5,0.546052631578947,0.547174713141373,0.566037735849057,0.604026845637584,0.490322580645161,0.452459016393443,0.448706896551724,0.501492537313433,0.525,0.372413793103448,0.547540983606557,FALSE
"KRDMD.IS",0.1,64,0.55,0.513157894736842,0.503615501190734,0.038961038961039,0.0201342281879195,0.987096774193548,0.478688524590164,0.502478448275862,0.0363636363636364,0.01875,0.986206896551724,0.521311475409836,FALSE
"KRDMD.IS",0.1,64,0.6,0.509868421052632,0.5,NA,0,1,0.475409836065574,0.5,NA,0,1,0.524590163934426,TRUE
"KRDMD.IS",0.1,64,0.65,0.509868421052632,0.5,NA,0,1,0.475409836065574,0.5,NA,0,1,0.524590163934426,TRUE
"KRDMD.IS",0.1,64,0.7,0.509868421052632,0.5,NA,0,1,0.475409836065574,0.5,NA,0,1,0.524590163934426,TRUE
"ISCTR.IS",0,23,0.3,0.529605263157895,0.5,0.69247311827957,1,0,0.491803278688525,0.5,0.659340659340659,1,0,0.508196721311475,TRUE
"ISCTR.IS",0,23,0.35,0.529605263157895,0.5,0.69247311827957,1,0,0.491803278688525,0.5,0.659340659340659,1,0,0.508196721311475,TRUE
"ISCTR.IS",0,23,0.4,0.529605263157895,0.500781826868783,0.689804772234273,0.987577639751553,0.013986013986014,0.488524590163934,0.496344086021505,0.651785714285714,0.973333333333333,0.0193548387096774,0.511475409836066,FALSE
"ISCTR.IS",0,23,0.45,0.536184210526316,0.512856708508882,0.674364896073903,0.906832298136646,0.118881118881119,0.488524590163934,0.494408602150538,0.621359223300971,0.853333333333333,0.135483870967742,0.511475409836066,FALSE
"ISCTR.IS",0,23,0.5,0.513157894736842,0.516917864743952,0.496598639455782,0.453416149068323,0.58041958041958,0.491803278688525,0.491505376344086,0.478114478114478,0.473333333333333,0.509677419354839,0.508196721311475,FALSE
"ISCTR.IS",0,23,0.55,0.457236842105263,0.478195717326152,0.195121951219512,0.124223602484472,0.832167832167832,0.488524590163934,0.482903225806452,0.212121212121212,0.14,0.825806451612903,0.511475409836066,FALSE
"ISCTR.IS",0,23,0.6,0.463815789473684,0.489488772097468,0.0994475138121547,0.0559006211180124,0.923076923076923,0.511475409836066,0.504193548387097,0.107784431137725,0.06,0.948387096774194,0.488524590163934,FALSE
"ISCTR.IS",0,23,0.65,0.470394736842105,0.499609086565608,0.0122699386503067,0.0062111801242236,0.993006993006993,0.508196721311475,0.50010752688172,0.0131578947368421,0.00666666666666667,0.993548387096774,0.491803278688525,FALSE
"ISCTR.IS",0,23,0.7,0.470394736842105,0.5,NA,0,1,0.508196721311475,0.5,NA,0,1,0.491803278688525,TRUE
"ISCTR.IS",0,27,0.3,0.529605263157895,0.5,0.69247311827957,1,0,0.491803278688525,0.5,0.659340659340659,1,0,0.508196721311475,TRUE
"ISCTR.IS",0,27,0.35,0.529605263157895,0.5,0.69247311827957,1,0,0.495081967213115,0.503225806451613,0.66079295154185,1,0.00645161290322581,0.504918032786885,FALSE
"ISCTR.IS",0,27,0.4,0.526315789473684,0.498067150241063,0.685589519650655,0.975155279503106,0.020979020979021,0.488524590163934,0.496021505376344,0.647058823529412,0.953333333333333,0.0387096774193548,0.511475409836066,FALSE
"ISCTR.IS",0,27,0.45,0.532894736842105,0.511705685618729,0.663507109004739,0.869565217391304,0.153846153846154,0.498360655737705,0.504086021505376,0.625916870415648,0.853333333333333,0.154838709677419,0.501639344262295,FALSE
"ISCTR.IS",0,27,0.5,0.509868421052632,0.511857707509881,0.508250825082508,0.478260869565217,0.545454545454545,0.524590163934426,0.523763440860215,0.494773519163763,0.473333333333333,0.574193548387097,0.475409836065574,FALSE
"ISCTR.IS",0,27,0.55,0.460526315789474,0.480910393953872,0.211538461538462,0.136645962732919,0.825174825174825,0.491803278688525,0.486236559139785,0.221105527638191,0.146666666666667,0.825806451612903,0.508196721311475,FALSE
"ISCTR.IS",0,27,0.6,0.480263157894737,0.506580376145593,0.112359550561798,0.062111801242236,0.951048951048951,0.495081967213115,0.48741935483871,0.0375,0.02,0.954838709677419,0.504918032786885,FALSE
"ISCTR.IS",0,27,0.65,0.463815789473684,0.493006993006993,NA,0,0.986013986013986,0.508196721311475,0.5,NA,0,1,0.491803278688525,TRUE
"ISCTR.IS",0,27,0.7,0.470394736842105,0.5,NA,0,1,0.508196721311475,0.5,NA,0,1,0.491803278688525,TRUE
"ISCTR.IS",0,98,0.3,0.529605263157895,0.5,0.69247311827957,1,0,0.491803278688525,0.5,0.659340659340659,1,0,0.508196721311475,TRUE
"ISCTR.IS",0,98,0.35,0.529605263157895,0.5,0.69247311827957,1,0,0.491803278688525,0.5,0.659340659340659,1,0,0.508196721311475,TRUE
"ISCTR.IS",0,98,0.4,0.532894736842105,0.504278330365287,0.691304347826087,0.987577639751553,0.020979020979021,0.488524590163934,0.496344086021505,0.651785714285714,0.973333333333333,0.0193548387096774,0.511475409836066,FALSE
"ISCTR.IS",0,98,0.45,0.536184210526316,0.512465795074491,0.675862068965517,0.91304347826087,0.111888111888112,0.495081967213115,0.501505376344086,0.635071090047393,0.893333333333333,0.109677419354839,0.504918032786885,FALSE
"ISCTR.IS",0,98,0.5,0.506578947368421,0.507188463710203,0.516129032258065,0.496894409937888,0.517482517482518,0.495081967213115,0.495376344086021,0.5,0.513333333333333,0.47741935483871,0.504918032786885,FALSE
"ISCTR.IS",0,98,0.55,0.463815789473684,0.485188724319159,0.197044334975369,0.124223602484472,0.846153846153846,0.488524590163934,0.482795698924731,0.204081632653061,0.133333333333333,0.832258064516129,0.511475409836066,FALSE
"ISCTR.IS",0,98,0.6,0.476973684210526,0.501520218911523,0.149732620320856,0.0869565217391304,0.916083916083916,0.511475409836066,0.504193548387097,0.107784431137725,0.06,0.948387096774194,0.488524590163934,FALSE
"ISCTR.IS",0,98,0.65,0.470394736842105,0.499609086565608,0.0122699386503067,0.0062111801242236,0.993006993006993,0.508196721311475,0.50010752688172,0.0131578947368421,0.00666666666666667,0.993548387096774,0.491803278688525,FALSE
"ISCTR.IS",0,98,0.7,0.470394736842105,0.5,NA,0,1,0.508196721311475,0.5,NA,0,1,0.491803278688525,TRUE
"ISCTR.IS",0,41,0.3,0.529605263157895,0.5,0.69247311827957,1,0,0.491803278688525,0.5,0.659340659340659,1,0,0.508196721311475,TRUE
"ISCTR.IS",0,41,0.35,0.529605263157895,0.5,0.69247311827957,1,0,0.495081967213115,0.503225806451613,0.66079295154185,1,0.00645161290322581,0.504918032786885,FALSE
"ISCTR.IS",0,41,0.4,0.532894736842105,0.50506015723407,0.68859649122807,0.975155279503106,0.034965034965035,0.488524590163934,0.496021505376344,0.647058823529412,0.953333333333333,0.0387096774193548,0.511475409836066,FALSE
"ISCTR.IS",0,41,0.45,0.529605263157895,0.508600095556617,0.660332541567696,0.863354037267081,0.153846153846154,0.518032786885246,0.523440860215054,0.635235732009926,0.853333333333333,0.193548387096774,0.481967213114754,FALSE
"ISCTR.IS",0,41,0.5,0.523026315789474,0.524280067758329,0.527687296416938,0.503105590062112,0.545454545454545,0.508196721311475,0.508064516129032,0.5,0.5,0.516129032258065,0.491803278688525,FALSE
"ISCTR.IS",0,41,0.55,0.457236842105263,0.47780480389176,0.202898550724638,0.130434782608696,0.825174825174825,0.488524590163934,0.482903225806452,0.212121212121212,0.14,0.825806451612903,0.511475409836066,FALSE
"ISCTR.IS",0,41,0.6,0.470394736842105,0.4953090387873,0.12972972972973,0.0745341614906832,0.916083916083916,0.511475409836066,0.504193548387097,0.107784431137725,0.06,0.948387096774194,0.488524590163934,FALSE
"ISCTR.IS",0,41,0.65,0.463815789473684,0.493006993006993,NA,0,0.986013986013986,0.508196721311475,0.5,NA,0,1,0.491803278688525,TRUE
"ISCTR.IS",0,41,0.7,0.470394736842105,0.5,NA,0,1,0.508196721311475,0.5,NA,0,1,0.491803278688525,TRUE
"ISCTR.IS",0,64,0.3,0.529605263157895,0.5,0.69247311827957,1,0,0.491803278688525,0.5,0.659340659340659,1,0,0.508196721311475,TRUE
"ISCTR.IS",0,64,0.35,0.529605263157895,0.5,0.69247311827957,1,0,0.491803278688525,0.5,0.659340659340659,1,0,0.508196721311475,TRUE
"ISCTR.IS",0,64,0.4,0.529605263157895,0.500781826868783,0.689804772234273,0.987577639751553,0.013986013986014,0.488524590163934,0.496344086021505,0.651785714285714,0.973333333333333,0.0193548387096774,0.511475409836066,FALSE
"ISCTR.IS",0,64,0.45,0.532894736842105,0.510923858749946,0.666666666666667,0.881987577639752,0.13986013986014,0.491803278688525,0.497634408602151,0.62287104622871,0.853333333333333,0.141935483870968,0.508196721311475,FALSE
"ISCTR.IS",0,64,0.5,0.506578947368421,0.509533944316553,0.496644295302013,0.459627329192547,0.559440559440559,0.488524590163934,0.486989247311828,0.430656934306569,0.393333333333333,0.580645161290323,0.511475409836066,FALSE
"ISCTR.IS",0,64,0.55,0.457236842105263,0.478195717326152,0.195121951219512,0.124223602484472,0.832167832167832,0.488524590163934,0.482903225806452,0.212121212121212,0.14,0.825806451612903,0.511475409836066,FALSE
"ISCTR.IS",0,64,0.6,0.463815789473684,0.488706945228684,0.118918918918919,0.0683229813664596,0.909090909090909,0.504918032786885,0.497956989247312,0.127167630057803,0.0733333333333333,0.92258064516129,0.495081967213115,FALSE
"ISCTR.IS",0,64,0.65,0.470394736842105,0.498436346262433,0.0473372781065089,0.0248447204968944,0.972027972027972,0.508196721311475,0.50010752688172,0.0131578947368421,0.00666666666666667,0.993548387096774,0.491803278688525,FALSE
"ISCTR.IS",0,64,0.7,0.470394736842105,0.5,NA,0,1,0.508196721311475,0.50010752688172,0.0131578947368421,0.00666666666666667,0.993548387096774,0.491803278688525,FALSE
"ISCTR.IS",0.05,23,0.3,0.529605263157895,0.5,0.69247311827957,1,0,0.491803278688525,0.5,0.659340659340659,1,0,0.508196721311475,TRUE
"ISCTR.IS",0.05,23,0.35,0.529605263157895,0.5,0.69247311827957,1,0,0.491803278688525,0.5,0.659340659340659,1,0,0.508196721311475,TRUE
"ISCTR.IS",0.05,23,0.4,0.529605263157895,0.500781826868783,0.689804772234273,0.987577639751553,0.013986013986014,0.488524590163934,0.496344086021505,0.651785714285714,0.973333333333333,0.0193548387096774,0.511475409836066,FALSE
"ISCTR.IS",0.05,23,0.45,0.529605263157895,0.507427355253442,0.665105386416862,0.881987577639752,0.132867132867133,0.488524590163934,0.494408602150538,0.621359223300971,0.853333333333333,0.135483870967742,0.511475409836066,FALSE
"ISCTR.IS",0.05,23,0.5,0.513157894736842,0.518090605047127,0.486111111111111,0.434782608695652,0.601398601398601,0.491803278688525,0.491182795698925,0.467353951890034,0.453333333333333,0.529032258064516,0.508196721311475,FALSE
"ISCTR.IS",0.05,23,0.55,0.457236842105263,0.478195717326152,0.195121951219512,0.124223602484472,0.832167832167832,0.488524590163934,0.482903225806452,0.212121212121212,0.14,0.825806451612903,0.511475409836066,FALSE
"ISCTR.IS",0.05,23,0.6,0.463815789473684,0.489488772097468,0.0994475138121547,0.0559006211180124,0.923076923076923,0.511475409836066,0.504193548387097,0.107784431137725,0.06,0.948387096774194,0.488524590163934,FALSE
"ISCTR.IS",0.05,23,0.65,0.470394736842105,0.499609086565608,0.0122699386503067,0.0062111801242236,0.993006993006993,0.508196721311475,0.50010752688172,0.0131578947368421,0.00666666666666667,0.993548387096774,0.491803278688525,FALSE
"ISCTR.IS",0.05,23,0.7,0.470394736842105,0.5,NA,0,1,0.508196721311475,0.5,NA,0,1,0.491803278688525,TRUE
"ISCTR.IS",0.05,27,0.3,0.529605263157895,0.5,0.69247311827957,1,0,0.491803278688525,0.5,0.659340659340659,1,0,0.508196721311475,TRUE
"ISCTR.IS",0.05,27,0.35,0.529605263157895,0.5,0.69247311827957,1,0,0.495081967213115,0.503225806451613,0.66079295154185,1,0.00645161290322581,0.504918032786885,FALSE
"ISCTR.IS",0.05,27,0.4,0.526315789473684,0.498067150241063,0.685589519650655,0.975155279503106,0.020979020979021,0.481967213114754,0.489569892473118,0.644144144144144,0.953333333333333,0.0258064516129032,0.518032786885246,FALSE
"ISCTR.IS",0.05,27,0.45,0.536184210526316,0.514029448812057,0.669789227166276,0.888198757763975,0.13986013986014,0.478688524590164,0.484516129032258,0.613138686131387,0.84,0.129032258064516,0.521311475409836,FALSE
"ISCTR.IS",0.05,27,0.5,0.509868421052632,0.51146679407549,0.511475409836066,0.484472049689441,0.538461538461538,0.518032786885246,0.51741935483871,0.494845360824742,0.48,0.554838709677419,0.481967213114754,FALSE
"ISCTR.IS",0.05,27,0.55,0.460526315789474,0.479346740216305,0.240740740740741,0.161490683229814,0.797202797202797,0.491803278688525,0.486236559139785,0.221105527638191,0.146666666666667,0.825806451612903,0.508196721311475,FALSE
"ISCTR.IS",0.05,27,0.6,0.480263157894737,0.50579854927681,0.131868131868132,0.0745341614906832,0.937062937062937,0.495081967213115,0.48752688172043,0.0493827160493827,0.0266666666666667,0.948387096774194,0.504918032786885,FALSE
"ISCTR.IS",0.05,27,0.65,0.470394736842105,0.5,NA,0,1,0.508196721311475,0.5,NA,0,1,0.491803278688525,TRUE
"ISCTR.IS",0.05,27,0.7,0.470394736842105,0.5,NA,0,1,0.508196721311475,0.5,NA,0,1,0.491803278688525,TRUE
"ISCTR.IS",0.05,98,0.3,0.529605263157895,0.5,0.69247311827957,1,0,0.491803278688525,0.5,0.659340659340659,1,0,0.508196721311475,TRUE
"ISCTR.IS",0.05,98,0.35,0.529605263157895,0.5,0.69247311827957,1,0,0.491803278688525,0.5,0.659340659340659,1,0,0.508196721311475,TRUE
"ISCTR.IS",0.05,98,0.4,0.529605263157895,0.500781826868783,0.689804772234273,0.987577639751553,0.013986013986014,0.488524590163934,0.496451612903226,0.653333333333333,0.98,0.0129032258064516,0.511475409836066,FALSE
"ISCTR.IS",0.05,98,0.45,0.529605263157895,0.507427355253442,0.665105386416862,0.881987577639752,0.132867132867133,0.495081967213115,0.501182795698925,0.629807692307692,0.873333333333333,0.129032258064516,0.504918032786885,FALSE
"ISCTR.IS",0.05,98,0.5,0.523026315789474,0.523889154323937,0.530744336569579,0.509316770186335,0.538461538461538,0.514754098360656,0.514623655913979,0.506666666666667,0.506666666666667,0.52258064516129,0.485245901639344,FALSE
"ISCTR.IS",0.05,98,0.55,0.470394736842105,0.492181731312166,0.199004975124378,0.124223602484472,0.86013986013986,0.488524590163934,0.482795698924731,0.204081632653061,0.133333333333333,0.832258064516129,0.511475409836066,FALSE
"ISCTR.IS",0.05,98,0.6,0.473684210526316,0.50036919602137,0.0909090909090909,0.0496894409937888,0.951048951048951,0.501639344262295,0.493978494623656,0.05,0.0266666666666667,0.961290322580645,0.498360655737705,FALSE
"ISCTR.IS",0.05,98,0.65,0.470394736842105,0.5,NA,0,1,0.508196721311475,0.5,NA,0,1,0.491803278688525,TRUE
"ISCTR.IS",0.05,98,0.7,0.470394736842105,0.5,NA,0,1,0.508196721311475,0.5,NA,0,1,0.491803278688525,TRUE
"ISCTR.IS",0.05,41,0.3,0.529605263157895,0.5,0.69247311827957,1,0,0.491803278688525,0.5,0.659340659340659,1,0,0.508196721311475,TRUE
"ISCTR.IS",0.05,41,0.35,0.529605263157895,0.5,0.69247311827957,1,0,0.495081967213115,0.503225806451613,0.66079295154185,1,0.00645161290322581,0.504918032786885,FALSE
"ISCTR.IS",0.05,41,0.4,0.539473684210526,0.511271337358294,0.694323144104804,0.987577639751553,0.034965034965035,0.488524590163934,0.496021505376344,0.647058823529412,0.953333333333333,0.0387096774193548,0.511475409836066,FALSE
"ISCTR.IS",0.05,41,0.45,0.529605263157895,0.508600095556617,0.660332541567696,0.863354037267081,0.153846153846154,0.518032786885246,0.523440860215054,0.635235732009926,0.853333333333333,0.193548387096774,0.481967213114754,FALSE
"ISCTR.IS",0.05,41,0.5,0.523026315789474,0.52467098119272,0.524590163934426,0.496894409937888,0.552447552447552,0.511475409836066,0.511075268817204,0.494915254237288,0.486666666666667,0.535483870967742,0.488524590163934,FALSE
"ISCTR.IS",0.05,41,0.55,0.457236842105263,0.47780480389176,0.202898550724638,0.130434782608696,0.825174825174825,0.488524590163934,0.482903225806452,0.212121212121212,0.14,0.825806451612903,0.511475409836066,FALSE
"ISCTR.IS",0.05,41,0.6,0.473684210526316,0.498805542283803,0.130434782608696,0.0745341614906832,0.923076923076923,0.508196721311475,0.500752688172043,0.0853658536585366,0.0466666666666667,0.954838709677419,0.491803278688525,FALSE
"ISCTR.IS",0.05,41,0.65,0.470394736842105,0.5,NA,0,1,0.508196721311475,0.5,NA,0,1,0.491803278688525,TRUE
"ISCTR.IS",0.05,41,0.7,0.470394736842105,0.5,NA,0,1,0.508196721311475,0.5,NA,0,1,0.491803278688525,TRUE
"ISCTR.IS",0.05,64,0.3,0.529605263157895,0.5,0.69247311827957,1,0,0.491803278688525,0.5,0.659340659340659,1,0,0.508196721311475,TRUE
"ISCTR.IS",0.05,64,0.35,0.529605263157895,0.5,0.69247311827957,1,0,0.491803278688525,0.5,0.659340659340659,1,0,0.508196721311475,TRUE
"ISCTR.IS",0.05,64,0.4,0.529605263157895,0.5,0.69247311827957,1,0,0.495081967213115,0.503225806451613,0.66079295154185,1,0.00645161290322581,0.504918032786885,FALSE
"ISCTR.IS",0.05,64,0.45,0.536184210526316,0.514029448812057,0.669789227166276,0.888198757763975,0.13986013986014,0.491803278688525,0.49752688172043,0.621026894865526,0.846666666666667,0.148387096774194,0.508196721311475,FALSE
"ISCTR.IS",0.05,64,0.5,0.509868421052632,0.510684967206706,0.517799352750809,0.496894409937888,0.524475524475524,0.432786885245902,0.43247311827957,0.417508417508417,0.413333333333333,0.451612903225806,0.567213114754098,FALSE
"ISCTR.IS",0.05,64,0.55,0.457236842105263,0.478195717326152,0.195121951219512,0.124223602484472,0.832167832167832,0.475409836065574,0.469569892473118,0.175257731958763,0.113333333333333,0.825806451612903,0.524590163934426,FALSE
"ISCTR.IS",0.05,64,0.6,0.447368421052632,0.473960821786909,0.0454545454545454,0.0248447204968944,0.923076923076923,0.518032786885246,0.510322580645161,0.0754716981132075,0.04,0.980645161290323,0.481967213114754,FALSE
"ISCTR.IS",0.05,64,0.65,0.470394736842105,0.499218173131217,0.0242424242424242,0.0124223602484472,0.986013986013986,0.508196721311475,0.50010752688172,0.0131578947368421,0.00666666666666667,0.993548387096774,0.491803278688525,FALSE
"ISCTR.IS",0.05,64,0.7,0.470394736842105,0.5,NA,0,1,0.508196721311475,0.5,NA,0,1,0.491803278688525,TRUE
"ISCTR.IS",0.1,23,0.3,0.529605263157895,0.5,0.69247311827957,1,0,0.491803278688525,0.5,0.659340659340659,1,0,0.508196721311475,TRUE
"ISCTR.IS",0.1,23,0.35,0.529605263157895,0.5,0.69247311827957,1,0,0.491803278688525,0.5,0.659340659340659,1,0,0.508196721311475,TRUE
"ISCTR.IS",0.1,23,0.4,0.529605263157895,0.500390913434392,0.691144708423326,0.993788819875776,0.00699300699300699,0.488524590163934,0.496344086021505,0.651785714285714,0.973333333333333,0.0193548387096774,0.511475409836066,FALSE
"ISCTR.IS",0.1,23,0.45,0.536184210526316,0.513247621943274,0.672853828306265,0.900621118012422,0.125874125874126,0.488524590163934,0.494408602150538,0.621359223300971,0.853333333333333,0.135483870967742,0.511475409836066,FALSE
"ISCTR.IS",0.1,23,0.5,0.513157894736842,0.517699691612735,0.489655172413793,0.440993788819876,0.594405594405594,0.491803278688525,0.491182795698925,0.467353951890034,0.453333333333333,0.529032258064516,0.508196721311475,FALSE
"ISCTR.IS",0.1,23,0.55,0.457236842105263,0.478195717326152,0.195121951219512,0.124223602484472,0.832167832167832,0.485245901639344,0.479569892473118,0.203045685279188,0.133333333333333,0.825806451612903,0.514754098360656,FALSE
"ISCTR.IS",0.1,23,0.6,0.463815789473684,0.489488772097468,0.0994475138121547,0.0559006211180124,0.923076923076923,0.511475409836066,0.504193548387097,0.107784431137725,0.06,0.948387096774194,0.488524590163934,FALSE
"ISCTR.IS",0.1,23,0.65,0.470394736842105,0.499609086565608,0.0122699386503067,0.0062111801242236,0.993006993006993,0.508196721311475,0.50010752688172,0.0131578947368421,0.00666666666666667,0.993548387096774,0.491803278688525,FALSE
"ISCTR.IS",0.1,23,0.7,0.470394736842105,0.5,NA,0,1,0.508196721311475,0.5,NA,0,1,0.491803278688525,TRUE
"ISCTR.IS",0.1,27,0.3,0.529605263157895,0.5,0.69247311827957,1,0,0.491803278688525,0.5,0.659340659340659,1,0,0.508196721311475,TRUE
"ISCTR.IS",0.1,27,0.35,0.529605263157895,0.5,0.69247311827957,1,0,0.491803278688525,0.5,0.659340659340659,1,0,0.508196721311475,TRUE
"ISCTR.IS",0.1,27,0.4,0.529605263157895,0.5,0.69247311827957,1,0,0.491803278688525,0.5,0.659340659340659,1,0,0.508196721311475,TRUE
"ISCTR.IS",0.1,27,0.45,0.536184210526316,0.511293054771316,0.680272108843537,0.93167701863354,0.0909090909090909,0.495081967213115,0.501505376344086,0.635071090047393,0.893333333333333,0.109677419354839,0.504918032786885,FALSE
"ISCTR.IS",0.1,27,0.5,0.506578947368421,0.512270338357295,0.471830985915493,0.416149068322981,0.608391608391608,0.518032786885246,0.515268817204301,0.414342629482072,0.346666666666667,0.683870967741935,0.481967213114754,FALSE
"ISCTR.IS",0.1,27,0.55,0.463815789473684,0.485188724319159,0.197044334975369,0.124223602484472,0.846153846153846,0.488524590163934,0.482903225806452,0.212121212121212,0.14,0.825806451612903,0.511475409836066,FALSE
"ISCTR.IS",0.1,27,0.6,0.480263157894737,0.507362203014377,0.0919540229885057,0.0496894409937888,0.965034965034965,0.501639344262295,0.493978494623656,0.05,0.0266666666666667,0.961290322580645,0.498360655737705,FALSE
"ISCTR.IS",0.1,27,0.65,0.470394736842105,0.5,NA,0,1,0.508196721311475,0.5,NA,0,1,0.491803278688525,TRUE
"ISCTR.IS",0.1,27,0.7,0.470394736842105,0.5,NA,0,1,0.508196721311475,0.5,NA,0,1,0.491803278688525,TRUE
"ISCTR.IS",0.1,98,0.3,0.529605263157895,0.5,0.69247311827957,1,0,0.491803278688525,0.5,0.659340659340659,1,0,0.508196721311475,TRUE
"ISCTR.IS",0.1,98,0.35,0.529605263157895,0.5,0.69247311827957,1,0,0.491803278688525,0.5,0.659340659340659,1,0,0.508196721311475,TRUE
"ISCTR.IS",0.1,98,0.4,0.529605263157895,0.500781826868783,0.689804772234273,0.987577639751553,0.013986013986014,0.488524590163934,0.496451612903226,0.653333333333333,0.98,0.0129032258064516,0.511475409836066,FALSE
"ISCTR.IS",0.1,98,0.45,0.529605263157895,0.50703644181905,0.666666666666667,0.888198757763975,0.125874125874126,0.495081967213115,0.501182795698925,0.629807692307692,0.873333333333333,0.129032258064516,0.504918032786885,FALSE
"ISCTR.IS",0.1,98,0.5,0.536184210526316,0.535920601137992,0.552380952380953,0.540372670807453,0.531468531468531,0.514754098360656,0.514623655913979,0.506666666666667,0.506666666666667,0.52258064516129,0.485245901639344,FALSE
"ISCTR.IS",0.1,98,0.55,0.467105263157895,0.489076141250054,0.19,0.118012422360248,0.86013986013986,0.485245901639344,0.479354838709677,0.186528497409326,0.12,0.838709677419355,0.514754098360656,FALSE
"ISCTR.IS",0.1,98,0.6,0.473684210526316,0.50036919602137,0.0909090909090909,0.0496894409937888,0.951048951048951,0.501639344262295,0.493978494623656,0.05,0.0266666666666667,0.961290322580645,0.498360655737705,FALSE
"ISCTR.IS",0.1,98,0.65,0.470394736842105,0.5,NA,0,1,0.508196721311475,0.5,NA,0,1,0.491803278688525,TRUE
"ISCTR.IS",0.1,98,0.7,0.470394736842105,0.5,NA,0,1,0.508196721311475,0.5,NA,0,1,0.491803278688525,TRUE
"ISCTR.IS",0.1,41,0.3,0.529605263157895,0.5,0.69247311827957,1,0,0.491803278688525,0.5,0.659340659340659,1,0,0.508196721311475,TRUE
"ISCTR.IS",0.1,41,0.35,0.529605263157895,0.5,0.69247311827957,1,0,0.491803278688525,0.5,0.659340659340659,1,0,0.508196721311475,TRUE
"ISCTR.IS",0.1,41,0.4,0.532894736842105,0.504278330365287,0.691304347826087,0.987577639751553,0.020979020979021,0.488524590163934,0.496236559139785,0.650224215246637,0.966666666666667,0.0258064516129032,0.511475409836066,FALSE
"ISCTR.IS",0.1,41,0.45,0.529605263157895,0.508209182122226,0.66193853427896,0.869565217391304,0.146853146853147,0.524590163934426,0.53010752688172,0.641975308641975,0.866666666666667,0.193548387096774,0.475409836065574,FALSE
"ISCTR.IS",0.1,41,0.5,0.516447368421053,0.518068887634105,0.518032786885246,0.490683229813665,0.545454545454545,0.511475409836066,0.510860215053763,0.487972508591065,0.473333333333333,0.548387096774194,0.488524590163934,FALSE
"ISCTR.IS",0.1,41,0.55,0.457236842105263,0.478195717326152,0.195121951219512,0.124223602484472,0.832167832167832,0.488524590163934,0.482903225806452,0.212121212121212,0.14,0.825806451612903,0.511475409836066,FALSE
"ISCTR.IS",0.1,41,0.6,0.480263157894737,0.506580376145593,0.112359550561798,0.062111801242236,0.951048951048951,0.501639344262295,0.493870967741936,0.0379746835443038,0.02,0.967741935483871,0.498360655737705,FALSE
"ISCTR.IS",0.1,41,0.65,0.470394736842105,0.5,NA,0,1,0.508196721311475,0.5,NA,0,1,0.491803278688525,TRUE
"ISCTR.IS",0.1,41,0.7,0.470394736842105,0.5,NA,0,1,0.508196721311475,0.5,NA,0,1,0.491803278688525,TRUE
"ISCTR.IS",0.1,64,0.3,0.529605263157895,0.5,0.69247311827957,1,0,0.491803278688525,0.5,0.659340659340659,1,0,0.508196721311475,TRUE
"ISCTR.IS",0.1,64,0.35,0.529605263157895,0.5,0.69247311827957,1,0,0.491803278688525,0.5,0.659340659340659,1,0,0.508196721311475,TRUE
"ISCTR.IS",0.1,64,0.4,0.529605263157895,0.5,0.69247311827957,1,0,0.495081967213115,0.503225806451613,0.66079295154185,1,0.00645161290322581,0.504918032786885,FALSE
"ISCTR.IS",0.1,64,0.45,0.536184210526316,0.514029448812057,0.669789227166276,0.888198757763975,0.13986013986014,0.491803278688525,0.49752688172043,0.621026894865526,0.846666666666667,0.148387096774194,0.508196721311475,FALSE
"ISCTR.IS",0.1,64,0.5,0.509868421052632,0.510684967206706,0.517799352750809,0.496894409937888,0.524475524475524,0.426229508196721,0.425806451612903,0.406779661016949,0.4,0.451612903225806,0.573770491803279,FALSE
"ISCTR.IS",0.1,64,0.55,0.457236842105263,0.478195717326152,0.195121951219512,0.124223602484472,0.832167832167832,0.478688524590164,0.472688172043011,0.167539267015707,0.106666666666667,0.838709677419355,0.521311475409836,FALSE
"ISCTR.IS",0.1,64,0.6,0.460526315789474,0.487946835772923,0.0465116279069767,0.0248447204968944,0.951048951048951,0.518032786885246,0.510322580645161,0.0754716981132075,0.04,0.980645161290323,0.481967213114754,FALSE
"ISCTR.IS",0.1,64,0.65,0.470394736842105,0.499609086565608,0.0122699386503067,0.0062111801242236,0.993006993006993,0.508196721311475,0.50010752688172,0.0131578947368421,0.00666666666666667,0.993548387096774,0.491803278688525,FALSE
"ISCTR.IS",0.1,64,0.7,0.470394736842105,0.5,NA,0,1,0.508196721311475,0.5,NA,0,1,0.491803278688525,TRUE
"YKBNK.IS",0,23,0.3,0.506578947368421,0.496904091794761,0.671052631578947,0.987096774193548,0.00671140939597315,0.504918032786885,0.491026854880358,0.666666666666667,0.961783439490446,0.0202702702702703,0.495081967213115,FALSE
"YKBNK.IS",0,23,0.35,0.506578947368421,0.497813379519376,0.660633484162896,0.941935483870968,0.0536912751677852,0.518032786885246,0.505896023411947,0.662068965517241,0.917197452229299,0.0945945945945946,0.481967213114754,FALSE
"YKBNK.IS",0,23,0.4,0.516447368421053,0.508919679584326,0.652482269503546,0.890322580645161,0.12751677852349,0.514754098360656,0.505035290067137,0.639024390243902,0.834394904458599,0.175675675675676,0.485245901639344,FALSE
"YKBNK.IS",0,23,0.45,0.526315789473684,0.521584758605759,0.621052631578947,0.761290322580645,0.281879194630872,0.537704918032787,0.531007918746772,0.627968337730871,0.75796178343949,0.304054054054054,0.462295081967213,FALSE
"YKBNK.IS",0,23,0.5,0.578947368421053,0.57761420220827,0.609756097560976,0.645161290322581,0.51006711409396,0.577049180327869,0.575615424341539,0.603076923076923,0.624203821656051,0.527027027027027,0.422950819672131,FALSE
"YKBNK.IS",0,23,0.55,0.516447368421053,0.521389911236198,0.363636363636364,0.270967741935484,0.771812080536913,0.547540983606557,0.554699604062661,0.415254237288136,0.312101910828025,0.797297297297297,0.452459016393443,FALSE
"YKBNK.IS",0,23,0.6,0.486842105263158,0.495605109331024,0.0930232558139535,0.0516129032258065,0.939597315436242,0.488524590163934,0.502410053365467,0.0602409638554217,0.0318471337579618,0.972972972972973,0.511475409836066,FALSE
"YKBNK.IS",0,23,0.65,0.493421052631579,0.503095908205239,0.0253164556962025,0.0129032258064516,0.993288590604027,0.485245901639344,0.5,NA,0,1,0.514754098360656,TRUE
"YKBNK.IS",0,23,0.7,0.493421052631579,0.503225806451613,0.0128205128205128,0.00645161290322581,1,0.485245901639344,0.5,NA,0,1,0.514754098360656,TRUE
"YKBNK.IS",0,27,0.3,0.509868421052632,0.5,0.675381263616558,1,0,0.514754098360656,0.5,0.67965367965368,1,0,0.485245901639344,TRUE
"YKBNK.IS",0,27,0.35,0.509868421052632,0.5,0.675381263616558,1,0,0.501639344262295,0.487261146496815,0.668122270742358,0.974522292993631,0,0.498360655737705,TRUE
"YKBNK.IS",0,27,0.4,0.509868421052632,0.501169084217363,0.662131519274377,0.941935483870968,0.0604026845637584,0.524590163934426,0.512071785160957,0.669703872437358,0.936305732484076,0.0878378378378378,0.475409836065574,FALSE
"YKBNK.IS",0,27,0.45,0.513157894736842,0.506343364364581,0.640776699029126,0.851612903225806,0.161073825503356,0.534426229508197,0.525886555345154,0.64321608040201,0.815286624203822,0.236486486486486,0.465573770491803,FALSE
"YKBNK.IS",0,27,0.5,0.582236842105263,0.580580212167136,0.618618618618619,0.664516129032258,0.496644295302013,0.540983606557377,0.538259597176795,0.585798816568047,0.630573248407643,0.445945945945946,0.459016393442623,FALSE
"YKBNK.IS",0,27,0.55,0.496710526315789,0.504892833946742,0.154696132596685,0.0903225806451613,0.919463087248322,0.475409836065574,0.487153554828714,0.148936170212766,0.089171974522293,0.885135135135135,0.524590163934426,FALSE
"YKBNK.IS",0,27,0.6,0.490131578947368,0.5,NA,0,1,0.485245901639344,0.499806334997418,0.0125786163522013,0.00636942675159236,0.993243243243243,0.514754098360656,FALSE
"YKBNK.IS",0,27,0.65,0.490131578947368,0.5,NA,0,1,0.485245901639344,0.5,NA,0,1,0.514754098360656,TRUE
"YKBNK.IS",0,27,0.7,0.490131578947368,0.5,NA,0,1,0.485245901639344,0.5,NA,0,1,0.514754098360656,TRUE
"YKBNK.IS",0,98,0.3,0.509868421052632,0.5,0.675381263616558,1,0,0.514754098360656,0.500193665002582,0.678260869565217,0.993630573248408,0.00675675675675676,0.485245901639344,FALSE
"YKBNK.IS",0,98,0.35,0.516447368421053,0.507490798874215,0.669662921348315,0.961290322580645,0.0536912751677852,0.501639344262295,0.488423136512309,0.659192825112108,0.936305732484076,0.0405405405405405,0.498360655737705,FALSE
"YKBNK.IS",0,98,0.4,0.523026315789474,0.51498159774843,0.663573085846868,0.92258064516129,0.10738255033557,0.521311475409836,0.510049061800654,0.657276995305164,0.89171974522293,0.128378378378378,0.478688524590164,FALSE
"YKBNK.IS",0,98,0.45,0.529605263157895,0.523381684347261,0.645161290322581,0.838709677419355,0.208053691275168,0.527868852459016,0.519710793596144,0.634517766497462,0.796178343949045,0.243243243243243,0.472131147540984,FALSE
"YKBNK.IS",0,98,0.5,0.582236842105263,0.581749296384499,0.596825396825397,0.606451612903226,0.557046979865772,0.554098360655738,0.552354105698055,0.585365853658537,0.611464968152866,0.493243243243243,0.445901639344262,FALSE
"YKBNK.IS",0,98,0.55,0.532894736842105,0.539337518943494,0.317307692307692,0.212903225806452,0.865771812080537,0.554098360655738,0.563005680840076,0.376146788990826,0.261146496815287,0.864864864864865,0.445901639344262,FALSE
"YKBNK.IS",0,98,0.6,0.480263157894737,0.489802987659667,0.0125,0.00645161290322581,0.973154362416107,0.488524590163934,0.502991048373214,0.025,0.0127388535031847,0.993243243243243,0.511475409836066,FALSE
"YKBNK.IS",0,98,0.65,0.490131578947368,0.5,NA,0,1,0.485245901639344,0.5,NA,0,1,0.514754098360656,TRUE
"YKBNK.IS",0,98,0.7,0.490131578947368,0.5,NA,0,1,0.485245901639344,0.5,NA,0,1,0.514754098360656,TRUE
"YKBNK.IS",0,41,0.3,0.509868421052632,0.5,0.675381263616558,1,0,0.514754098360656,0.5,0.67965367965368,1,0,0.485245901639344,TRUE
"YKBNK.IS",0,41,0.35,0.503289473684211,0.493678285343148,0.668131868131868,0.980645161290323,0.00671140939597315,0.514754098360656,0.501161990015493,0.671111111111111,0.961783439490446,0.0405405405405405,0.485245901639344,FALSE
"YKBNK.IS",0,41,0.4,0.509868421052632,0.50142888071011,0.659038901601831,0.929032258064516,0.0738255033557047,0.511475409836066,0.499913926665519,0.652680652680653,0.89171974522293,0.108108108108108,0.488524590163934,FALSE
"YKBNK.IS",0,41,0.45,0.519736842105263,0.513574366746049,0.63681592039801,0.825806451612903,0.201342281879195,0.514754098360656,0.506778275090377,0.622448979591837,0.777070063694268,0.236486486486486,0.485245901639344,FALSE
"YKBNK.IS",0,41,0.5,0.575657894736842,0.575297683481273,0.587859424920128,0.593548387096774,0.557046979865772,0.550819672131148,0.549944052332587,0.570532915360502,0.579617834394904,0.52027027027027,0.449180327868852,FALSE
"YKBNK.IS",0,41,0.55,0.513157894736842,0.519852781987443,0.274509803921569,0.180645161290323,0.859060402684564,0.531147540983607,0.541100017214667,0.309178743961353,0.203821656050955,0.878378378378378,0.468852459016393,FALSE
"YKBNK.IS",0,41,0.6,0.493421052631579,0.502966009958866,0.0375,0.0193548387096774,0.986577181208054,0.485245901639344,0.499612669994836,0.0248447204968944,0.0127388535031847,0.986486486486487,0.514754098360656,FALSE
"YKBNK.IS",0,41,0.65,0.490131578947368,0.5,NA,0,1,0.485245901639344,0.5,NA,0,1,0.514754098360656,TRUE
"YKBNK.IS",0,41,0.7,0.490131578947368,0.5,NA,0,1,0.485245901639344,0.5,NA,0,1,0.514754098360656,TRUE
"YKBNK.IS",0,64,0.3,0.509868421052632,0.5,0.675381263616558,1,0,0.511475409836066,0.497008951626786,0.675381263616558,0.987261146496815,0.00675675675675676,0.488524590163934,FALSE
"YKBNK.IS",0,64,0.35,0.513157894736842,0.503745399437108,0.672566371681416,0.980645161290323,0.0268456375838926,0.518032786885246,0.505508693406783,0.665148063781321,0.929936305732484,0.0810810810810811,0.481967213114754,FALSE
"YKBNK.IS",0,64,0.4,0.519736842105263,0.512015587789565,0.657276995305164,0.903225806451613,0.120805369127517,0.518032786885246,0.508026338440351,0.644067796610169,0.847133757961783,0.168918918918919,0.481967213114754,FALSE
"YKBNK.IS",0,64,0.45,0.532894736842105,0.527256982030743,0.639593908629442,0.812903225806452,0.241610738255034,0.514754098360656,0.507359270098124,0.616580310880829,0.75796178343949,0.256756756756757,0.485245901639344,FALSE
"YKBNK.IS",0,64,0.5,0.585526315789474,0.584585408096991,0.608695652173913,0.632258064516129,0.536912751677852,0.554098360655738,0.552935100705801,0.577639751552795,0.592356687898089,0.513513513513513,0.445901639344262,FALSE
"YKBNK.IS",0,64,0.55,0.523026315789474,0.528101320632171,0.366812227074236,0.270967741935484,0.785234899328859,0.557377049180328,0.564641074195214,0.425531914893617,0.318471337579618,0.810810810810811,0.442622950819672,FALSE
"YKBNK.IS",0,64,0.6,0.490131578947368,0.498830915782637,0.104046242774566,0.0580645161290323,0.939597315436242,0.504918032786885,0.517752625236702,0.146892655367232,0.0828025477707006,0.952702702702703,0.495081967213115,FALSE
"YKBNK.IS",0,64,0.65,0.486842105263158,0.496644295302013,NA,0,0.993288590604027,0.485245901639344,0.5,NA,0,1,0.514754098360656,TRUE
"YKBNK.IS",0,64,0.7,0.490131578947368,0.5,NA,0,1,0.485245901639344,0.5,NA,0,1,0.514754098360656,TRUE
"YKBNK.IS",0.05,23,0.3,0.506578947368421,0.496774193548387,0.672489082969432,0.993548387096774,0,0.504918032786885,0.490639524875194,0.669584245076586,0.974522292993631,0.00675675675675676,0.495081967213115,FALSE
"YKBNK.IS",0.05,23,0.35,0.509868421052632,0.500649491231868,0.66815144766147,0.967741935483871,0.0335570469798658,0.521311475409836,0.508693406782579,0.668181818181818,0.936305732484076,0.0810810810810811,0.478688524590164,FALSE
"YKBNK.IS",0.05,23,0.4,0.519736842105263,0.512015587789565,0.657276995305164,0.903225806451613,0.120805369127517,0.514754098360656,0.504841625064555,0.640776699029126,0.840764331210191,0.168918918918919,0.485245901639344,FALSE
"YKBNK.IS",0.05,23,0.45,0.532894736842105,0.527386880277116,0.637755102040816,0.806451612903226,0.248322147651007,0.518032786885246,0.51054398347392,0.62015503875969,0.764331210191083,0.256756756756757,0.481967213114754,FALSE
"YKBNK.IS",0.05,23,0.5,0.578947368421053,0.578003896947391,0.602484472049689,0.625806451612903,0.530201342281879,0.577049180327869,0.575809089344121,0.60061919504644,0.617834394904459,0.533783783783784,0.422950819672131,FALSE
"YKBNK.IS",0.05,23,0.55,0.513157894736842,0.51868369777008,0.333333333333333,0.238709677419355,0.798657718120805,0.537704918032787,0.545145463935273,0.394849785407725,0.292993630573248,0.797297297297297,0.462295081967213,FALSE
"YKBNK.IS",0.05,23,0.6,0.483552631578947,0.49302879411128,0.0248447204968944,0.0129032258064516,0.973154362416107,0.485245901639344,0.499612669994836,0.0248447204968944,0.0127388535031847,0.986486486486487,0.514754098360656,FALSE
"YKBNK.IS",0.05,23,0.65,0.490131578947368,0.5,NA,0,1,0.485245901639344,0.5,NA,0,1,0.514754098360656,TRUE
"YKBNK.IS",0.05,23,0.7,0.490131578947368,0.5,NA,0,1,0.485245901639344,0.5,NA,0,1,0.514754098360656,TRUE
"YKBNK.IS",0.05,27,0.3,0.506578947368421,0.496904091794761,0.671052631578947,0.987096774193548,0.00671140939597315,0.504918032786885,0.491026854880358,0.666666666666667,0.961783439490446,0.0202702702702703,0.495081967213115,FALSE
"YKBNK.IS",0.05,27,0.35,0.506578947368421,0.497553583026629,0.663677130044843,0.954838709677419,0.0402684563758389,0.531147540983607,0.518634876915132,0.674259681093394,0.942675159235669,0.0945945945945946,0.468852459016393,FALSE
"YKBNK.IS",0.05,27,0.4,0.506578947368421,0.498852565490366,0.647887323943662,0.890322580645161,0.10738255033557,0.498360655737705,0.487562403167499,0.636579572446556,0.853503184713376,0.121621621621622,0.501639344262295,FALSE
"YKBNK.IS",0.05,27,0.45,0.529605263157895,0.524940463303745,0.622691292875989,0.761290322580645,0.288590604026846,0.537704918032787,0.531201583749354,0.625994694960212,0.751592356687898,0.310810810810811,0.462295081967213,FALSE
"YKBNK.IS",0.05,27,0.5,0.578947368421053,0.578003896947391,0.602484472049689,0.625806451612903,0.530201342281879,0.563934426229508,0.562295575830608,0.593272171253823,0.617834394904459,0.506756756756757,0.436065573770492,FALSE
"YKBNK.IS",0.05,27,0.55,0.536184210526316,0.539965360467634,0.433734939759036,0.348387096774194,0.731543624161074,0.567213114754098,0.572839559304527,0.476190476190476,0.382165605095541,0.763513513513513,0.432786885245902,FALSE
"YKBNK.IS",0.05,27,0.6,0.493421052631579,0.501926823987876,0.125,0.0709677419354839,0.932885906040268,0.488524590163934,0.501635393355139,0.103448275862069,0.0573248407643312,0.945945945945946,0.511475409836066,FALSE
"YKBNK.IS",0.05,27,0.65,0.483552631578947,0.49302879411128,0.0248447204968944,0.0129032258064516,0.973154362416107,0.485245901639344,0.5,NA,0,1,0.514754098360656,TRUE
"YKBNK.IS",0.05,27,0.7,0.493421052631579,0.503225806451613,0.0128205128205128,0.00645161290322581,1,0.485245901639344,0.5,NA,0,1,0.514754098360656,TRUE
"YKBNK.IS",0.05,98,0.3,0.509868421052632,0.5,0.675381263616558,1,0,0.518032786885246,0.503378378378378,0.681127982646421,1,0.00675675675675676,0.481967213114754,FALSE
"YKBNK.IS",0.05,98,0.35,0.513157894736842,0.504135094176229,0.668161434977578,0.961290322580645,0.0469798657718121,0.504918032786885,0.491607849888105,0.662192393736018,0.942675159235669,0.0405405405405405,0.495081967213115,FALSE
"YKBNK.IS",0.05,98,0.4,0.523026315789474,0.51498159774843,0.663573085846868,0.92258064516129,0.10738255033557,0.527868852459016,0.516418488552246,0.663551401869159,0.904458598726115,0.128378378378378,0.472131147540984,FALSE
"YKBNK.IS",0.05,98,0.45,0.526315789473684,0.519896081402901,0.645320197044335,0.845161290322581,0.194630872483221,0.531147540983607,0.522701841969358,0.639798488664987,0.808917197452229,0.236486486486486,0.468852459016393,FALSE
"YKBNK.IS",0.05,98,0.5,0.575657894736842,0.575037886988526,0.593059936908517,0.606451612903226,0.543624161073825,0.554098360655738,0.552354105698055,0.585365853658537,0.611464968152866,0.493243243243243,0.445901639344262,FALSE
"YKBNK.IS",0.05,98,0.55,0.532894736842105,0.539337518943494,0.317307692307692,0.212903225806452,0.865771812080537,0.560655737704918,0.569375107591668,0.390909090909091,0.273885350318471,0.864864864864865,0.439344262295082,FALSE
"YKBNK.IS",0.05,98,0.6,0.480263157894737,0.489802987659667,0.0125,0.00645161290322581,0.973154362416107,0.488524590163934,0.502991048373214,0.025,0.0127388535031847,0.993243243243243,0.511475409836066,FALSE
"YKBNK.IS",0.05,98,0.65,0.490131578947368,0.5,NA,0,1,0.485245901639344,0.5,NA,0,1,0.514754098360656,TRUE
"YKBNK.IS",0.05,98,0.7,0.490131578947368,0.5,NA,0,1,0.485245901639344,0.5,NA,0,1,0.514754098360656,TRUE
"YKBNK.IS",0.05,41,0.3,0.509868421052632,0.5,0.675381263616558,1,0,0.514754098360656,0.5,0.67965367965368,1,0,0.485245901639344,TRUE
"YKBNK.IS",0.05,41,0.35,0.506578947368421,0.496904091794761,0.671052631578947,0.987096774193548,0.00671140939597315,0.508196721311475,0.494405233258736,0.668141592920354,0.961783439490446,0.027027027027027,0.491803278688525,FALSE
"YKBNK.IS",0.05,41,0.4,0.506578947368421,0.49794327776575,0.659090909090909,0.935483870967742,0.0604026845637584,0.518032786885246,0.506283353417111,0.658932714617169,0.904458598726115,0.108108108108108,0.481967213114754,FALSE
"YKBNK.IS",0.05,41,0.45,0.519736842105263,0.513574366746049,0.63681592039801,0.825806451612903,0.201342281879195,0.511475409836066,0.503399896711999,0.620865139949109,0.777070063694268,0.22972972972973,0.488524590163934,FALSE
"YKBNK.IS",0.05,41,0.5,0.565789473684211,0.565230569387313,0.582278481012658,0.593548387096774,0.536912751677852,0.560655737704918,0.559498192459976,0.583850931677019,0.598726114649682,0.52027027027027,0.439344262295082,FALSE
"YKBNK.IS",0.05,41,0.55,0.513157894736842,0.519852781987443,0.274509803921569,0.180645161290323,0.859060402684564,0.531147540983607,0.541100017214667,0.309178743961353,0.203821656050955,0.878378378378378,0.468852459016393,FALSE
"YKBNK.IS",0.05,41,0.6,0.490131578947368,0.499740203507253,0.0251572327044025,0.0129032258064516,0.986577181208054,0.485245901639344,0.499612669994836,0.0248447204968944,0.0127388535031847,0.986486486486487,0.514754098360656,FALSE
"YKBNK.IS",0.05,41,0.65,0.490131578947368,0.5,NA,0,1,0.485245901639344,0.5,NA,0,1,0.514754098360656,TRUE
"YKBNK.IS",0.05,41,0.7,0.490131578947368,0.5,NA,0,1,0.485245901639344,0.5,NA,0,1,0.514754098360656,TRUE
"YKBNK.IS",0.05,64,0.3,0.509868421052632,0.5,0.675381263616558,1,0,0.511475409836066,0.497008951626786,0.675381263616558,0.987261146496815,0.00675675675675676,0.488524590163934,FALSE
"YKBNK.IS",0.05,64,0.35,0.506578947368421,0.497033990041134,0.669603524229075,0.980645161290323,0.0134228187919463,0.508196721311475,0.495373558271647,0.660633484162896,0.929936305732484,0.0608108108108108,0.491803278688525,FALSE
"YKBNK.IS",0.05,64,0.4,0.519736842105263,0.511885689543191,0.658878504672897,0.909677419354839,0.114093959731544,0.521311475409836,0.511017386813565,0.649038461538461,0.859872611464968,0.162162162162162,0.478688524590164,FALSE
"YKBNK.IS",0.05,64,0.45,0.532894736842105,0.527127083784369,0.641414141414141,0.819354838709677,0.23489932885906,0.514754098360656,0.507165605095541,0.618556701030928,0.764331210191083,0.25,0.485245901639344,FALSE
"YKBNK.IS",0.05,64,0.5,0.582236842105263,0.581359601645378,0.604361370716511,0.625806451612903,0.536912751677852,0.550819672131148,0.549556722327423,0.575851393188854,0.592356687898089,0.506756756756757,0.449180327868852,FALSE
"YKBNK.IS",0.05,64,0.55,0.516447368421053,0.521519809482572,0.358078602620087,0.264516129032258,0.778523489932886,0.557377049180328,0.564641074195214,0.425531914893617,0.318471337579618,0.810810810810811,0.442622950819672,FALSE
"YKBNK.IS",0.05,64,0.6,0.490131578947368,0.499090712275384,0.0828402366863905,0.0451612903225806,0.953020134228188,0.504918032786885,0.517752625236702,0.146892655367232,0.0828025477707006,0.952702702702703,0.495081967213115,FALSE
"YKBNK.IS",0.05,64,0.65,0.486842105263158,0.496644295302013,NA,0,0.993288590604027,0.485245901639344,0.5,NA,0,1,0.514754098360656,TRUE
"YKBNK.IS",0.05,64,0.7,0.490131578947368,0.5,NA,0,1,0.485245901639344,0.5,NA,0,1,0.514754098360656,TRUE
"YKBNK.IS",0.1,23,0.3,0.506578947368421,0.496774193548387,0.672489082969432,0.993548387096774,0,0.504918032786885,0.490445859872611,0.671023965141612,0.980891719745223,0,0.495081967213115,TRUE
"YKBNK.IS",0.1,23,0.35,0.516447368421053,0.507101104135094,0.674057649667406,0.980645161290323,0.0335570469798658,0.521311475409836,0.508693406782579,0.668181818181818,0.936305732484076,0.0810810810810811,0.478688524590164,FALSE
"YKBNK.IS",0.1,23,0.4,0.516447368421053,0.508659883091578,0.655737704918033,0.903225806451613,0.114093959731544,0.511475409836066,0.501463246686177,0.639225181598063,0.840764331210191,0.162162162162162,0.488524590163934,FALSE
"YKBNK.IS",0.1,23,0.45,0.536184210526316,0.530612686728729,0.641221374045801,0.812903225806452,0.248322147651007,0.521311475409836,0.513728696849716,0.623711340206186,0.770700636942675,0.256756756756757,0.478688524590164,FALSE
"YKBNK.IS",0.1,23,0.5,0.575657894736842,0.574648192249405,0.60061919504644,0.625806451612903,0.523489932885906,0.570491803278689,0.569052332587364,0.596923076923077,0.617834394904459,0.52027027027027,0.429508196721311,FALSE
"YKBNK.IS",0.1,23,0.55,0.506578947368421,0.512102186620481,0.324324324324324,0.232258064516129,0.791946308724832,0.537704918032787,0.545145463935273,0.394849785407725,0.292993630573248,0.797297297297297,0.462295081967213,FALSE
"YKBNK.IS",0.1,23,0.6,0.483552631578947,0.49302879411128,0.0248447204968944,0.0129032258064516,0.973154362416107,0.485245901639344,0.499612669994836,0.0248447204968944,0.0127388535031847,0.986486486486487,0.514754098360656,FALSE
"YKBNK.IS",0.1,23,0.65,0.490131578947368,0.5,NA,0,1,0.485245901639344,0.5,NA,0,1,0.514754098360656,TRUE
"YKBNK.IS",0.1,23,0.7,0.490131578947368,0.5,NA,0,1,0.485245901639344,0.5,NA,0,1,0.514754098360656,TRUE
"YKBNK.IS",0.1,27,0.3,0.506578947368421,0.496774193548387,0.672489082969432,0.993548387096774,0,0.501639344262295,0.487261146496815,0.668122270742358,0.974522292993631,0,0.498360655737705,TRUE
"YKBNK.IS",0.1,27,0.35,0.509868421052632,0.500649491231868,0.66815144766147,0.967741935483871,0.0335570469798658,0.534426229508197,0.521625925288346,0.678733031674208,0.955414012738854,0.0878378378378378,0.465573770491803,FALSE
"YKBNK.IS",0.1,27,0.4,0.509868421052632,0.502078371941979,0.651053864168618,0.896774193548387,0.10738255033557,0.501639344262295,0.491134446548459,0.636363636363636,0.847133757961783,0.135135135135135,0.498360655737705,FALSE
"YKBNK.IS",0.1,27,0.45,0.542763157894737,0.537194197878329,0.646310432569975,0.819354838709677,0.25503355704698,0.511475409836066,0.504174556722327,0.612987012987013,0.751592356687898,0.256756756756757,0.488524590163934,FALSE
"YKBNK.IS",0.1,27,0.5,0.575657894736842,0.574778090495778,0.598130841121495,0.619354838709677,0.530201342281879,0.563934426229508,0.562101910828025,0.595744680851064,0.624203821656051,0.5,0.436065573770492,FALSE
"YKBNK.IS",0.1,27,0.55,0.526315789473684,0.531457025330158,0.368421052631579,0.270967741935484,0.791946308724832,0.557377049180328,0.56425374419005,0.435146443514644,0.331210191082803,0.797297297297297,0.442622950819672,FALSE
"YKBNK.IS",0.1,27,0.6,0.490131578947368,0.499350508768132,0.0606060606060606,0.032258064516129,0.966442953020134,0.488524590163934,0.502216388362885,0.0714285714285714,0.0382165605095541,0.966216216216216,0.511475409836066,FALSE
"YKBNK.IS",0.1,27,0.65,0.490131578947368,0.5,NA,0,1,0.485245901639344,0.5,NA,0,1,0.514754098360656,TRUE
"YKBNK.IS",0.1,27,0.7,0.490131578947368,0.5,NA,0,1,0.485245901639344,0.5,NA,0,1,0.514754098360656,TRUE
"YKBNK.IS",0.1,98,0.3,0.509868421052632,0.5,0.675381263616558,1,0,0.518032786885246,0.503378378378378,0.681127982646421,1,0.00675675675675676,0.481967213114754,FALSE
"YKBNK.IS",0.1,98,0.35,0.516447368421053,0.507231002381468,0.67260579064588,0.974193548387097,0.0402684563758389,0.504918032786885,0.491607849888105,0.662192393736018,0.942675159235669,0.0405405405405405,0.495081967213115,FALSE
"YKBNK.IS",0.1,98,0.4,0.523026315789474,0.51498159774843,0.663573085846868,0.92258064516129,0.10738255033557,0.527868852459016,0.516418488552246,0.663551401869159,0.904458598726115,0.128378378378378,0.472131147540984,FALSE
"YKBNK.IS",0.1,98,0.45,0.526315789473684,0.519896081402901,0.645320197044335,0.845161290322581,0.194630872483221,0.531147540983607,0.522701841969358,0.639798488664987,0.808917197452229,0.236486486486486,0.468852459016393,FALSE
"YKBNK.IS",0.1,98,0.5,0.575657894736842,0.575037886988526,0.593059936908517,0.606451612903226,0.543624161073825,0.554098360655738,0.552354105698055,0.585365853658537,0.611464968152866,0.493243243243243,0.445901639344262,FALSE
"YKBNK.IS",0.1,98,0.55,0.532894736842105,0.539337518943494,0.317307692307692,0.212903225806452,0.865771812080537,0.560655737704918,0.569375107591668,0.390909090909091,0.273885350318471,0.864864864864865,0.439344262295082,FALSE
"YKBNK.IS",0.1,98,0.6,0.480263157894737,0.489802987659667,0.0125,0.00645161290322581,0.973154362416107,0.488524590163934,0.502991048373214,0.025,0.0127388535031847,0.993243243243243,0.511475409836066,FALSE
"YKBNK.IS",0.1,98,0.65,0.490131578947368,0.5,NA,0,1,0.485245901639344,0.5,NA,0,1,0.514754098360656,TRUE
"YKBNK.IS",0.1,98,0.7,0.490131578947368,0.5,NA,0,1,0.485245901639344,0.5,NA,0,1,0.514754098360656,TRUE
"YKBNK.IS",0.1,41,0.3,0.509868421052632,0.5,0.675381263616558,1,0,0.508196721311475,0.493630573248408,0.673913043478261,0.987261146496815,0,0.491803278688525,TRUE
"YKBNK.IS",0.1,41,0.35,0.509868421052632,0.500389694739121,0.671081677704194,0.980645161290323,0.0201342281879195,0.511475409836066,0.498558271647444,0.663656884875847,0.936305732484076,0.0608108108108108,0.488524590163934,FALSE
"YKBNK.IS",0.1,41,0.4,0.513157894736842,0.504914483654471,0.658986175115207,0.92258064516129,0.087248322147651,0.504918032786885,0.494319159924255,0.639618138424821,0.853503184713376,0.135135135135135,0.495081967213115,FALSE
"YKBNK.IS",0.1,41,0.45,0.532894736842105,0.526997185537995,0.64321608040201,0.825806451612903,0.228187919463087,0.508196721311475,0.500602513341367,0.61340206185567,0.75796178343949,0.243243243243243,0.491803278688525,FALSE
"YKBNK.IS",0.1,41,0.5,0.5625,0.561225373457458,0.593272171253823,0.625806451612903,0.496644295302013,0.563934426229508,0.562295575830608,0.593272171253823,0.617834394904459,0.506756756756757,0.436065573770492,FALSE
"YKBNK.IS",0.1,41,0.55,0.529605263157895,0.535072526520892,0.358744394618834,0.258064516129032,0.812080536912752,0.540983606557377,0.54929850232398,0.375,0.267515923566879,0.831081081081081,0.459016393442623,FALSE
"YKBNK.IS",0.1,41,0.6,0.486842105263158,0.496254600562892,0.037037037037037,0.0193548387096774,0.973154362416107,0.498360655737705,0.512545188500602,0.0613496932515337,0.0318471337579618,0.993243243243243,0.501639344262295,FALSE
"YKBNK.IS",0.1,41,0.65,0.486842105263158,0.496644295302013,NA,0,0.993288590604027,0.485245901639344,0.5,NA,0,1,0.514754098360656,TRUE
"YKBNK.IS",0.1,41,0.7,0.490131578947368,0.5,NA,0,1,0.485245901639344,0.5,NA,0,1,0.514754098360656,TRUE
"YKBNK.IS",0.1,64,0.3,0.509868421052632,0.5,0.675381263616558,1,0,0.508196721311475,0.493630573248408,0.673913043478261,0.987261146496815,0,0.491803278688525,TRUE
"YKBNK.IS",0.1,64,0.35,0.506578947368421,0.497033990041134,0.669603524229075,0.980645161290323,0.0134228187919463,0.501639344262295,0.488423136512309,0.659192825112108,0.936305732484076,0.0405405405405405,0.498360655737705,FALSE
"YKBNK.IS",0.1,64,0.4,0.519736842105263,0.511755791296817,0.66046511627907,0.916129032258065,0.10738255033557,0.521311475409836,0.510823721810983,0.650717703349282,0.866242038216561,0.155405405405405,0.478688524590164,FALSE
"YKBNK.IS",0.1,64,0.45,0.536184210526316,0.530352890235982,0.644836272040302,0.825806451612903,0.23489932885906,0.508196721311475,0.500408848338785,0.615384615384615,0.764331210191083,0.236486486486486,0.491803278688525,FALSE
"YKBNK.IS",0.1,64,0.5,0.578947368421053,0.578133795193765,0.6,0.619354838709677,0.536912751677852,0.557377049180328,0.55631347908418,0.579439252336449,0.592356687898089,0.52027027027027,0.442622950819672,FALSE
"YKBNK.IS",0.1,64,0.55,0.519736842105263,0.525005412426932,0.353982300884956,0.258064516129032,0.791946308724832,0.554098360655738,0.561456360819418,0.418803418803419,0.312101910828025,0.810810810810811,0.445901639344262,FALSE
"YKBNK.IS",0.1,64,0.6,0.490131578947368,0.499090712275384,0.0828402366863905,0.0451612903225806,0.953020134228188,0.504918032786885,0.518333620244448,0.116959064327485,0.0636942675159236,0.972972972972973,0.495081967213115,FALSE
"YKBNK.IS",0.1,64,0.65,0.486842105263158,0.496644295302013,NA,0,0.993288590604027,0.485245901639344,0.5,NA,0,1,0.514754098360656,TRUE
"YKBNK.IS",0.1,64,0.7,0.490131578947368,0.5,NA,0,1,0.485245901639344,0.5,NA,0,1,0.514754098360656,TRUE
